perm_id	delta_ccd_draw	database_name	draw_type	bootstrap_id
1.0	0.08768180033663509	SEQC	permutation	
2.0	0.04295414971046263	SEQC	permutation	
3.0	-0.16205941181471584	SEQC	permutation	
4.0	0.12063202076629587	SEQC	permutation	
5.0	-0.08077180193333433	SEQC	permutation	
6.0	0.164493451404093	SEQC	permutation	
7.0	0.046940437652766676	SEQC	permutation	
8.0	-0.06208970287427329	SEQC	permutation	
9.0	0.05179906434280834	SEQC	permutation	
10.0	0.09411570351830045	SEQC	permutation	
11.0	0.12202344000716536	SEQC	permutation	
12.0	0.06148621858857384	SEQC	permutation	
13.0	0.10964897041380661	SEQC	permutation	
14.0	0.044246106261174756	SEQC	permutation	
15.0	0.047693324602391396	SEQC	permutation	
16.0	-0.12394232651294423	SEQC	permutation	
17.0	0.16408486575042547	SEQC	permutation	
18.0	-0.07161266189312654	SEQC	permutation	
19.0	0.06364207757162887	SEQC	permutation	
20.0	0.02019547944268041	SEQC	permutation	
21.0	0.04083046761839215	SEQC	permutation	
22.0	0.17405176684695078	SEQC	permutation	
23.0	-0.24985477817707524	SEQC	permutation	
24.0	-0.02331214557594441	SEQC	permutation	
25.0	-0.14499759542665958	SEQC	permutation	
26.0	-0.14738424852116827	SEQC	permutation	
27.0	-0.035883741515442935	SEQC	permutation	
28.0	-0.20193232789226068	SEQC	permutation	
29.0	-0.004671724725313631	SEQC	permutation	
30.0	-0.06630615620017988	SEQC	permutation	
31.0	0.1490494994067011	SEQC	permutation	
32.0	0.10691522557647337	SEQC	permutation	
33.0	0.06443089348172215	SEQC	permutation	
34.0	-0.021037581411115447	SEQC	permutation	
35.0	0.2798361339476827	SEQC	permutation	
36.0	0.11577020116340364	SEQC	permutation	
37.0	0.16869689987450043	SEQC	permutation	
38.0	-0.09240913340636636	SEQC	permutation	
39.0	0.042226281241422914	SEQC	permutation	
40.0	0.13777940583069492	SEQC	permutation	
41.0	-0.16434624810302267	SEQC	permutation	
42.0	0.03321606031781865	SEQC	permutation	
43.0	0.19159290587369782	SEQC	permutation	
44.0	-0.06532669112571377	SEQC	permutation	
45.0	0.0313959183303294	SEQC	permutation	
46.0	0.02016126893255077	SEQC	permutation	
47.0	0.07964682516384958	SEQC	permutation	
48.0	-0.01449435300460955	SEQC	permutation	
49.0	0.24887950694085204	SEQC	permutation	
50.0	0.10045674504346058	SEQC	permutation	
51.0	0.032548009515149356	SEQC	permutation	
52.0	-0.1448134414829032	SEQC	permutation	
53.0	0.08056230081016791	SEQC	permutation	
54.0	0.12984097923280125	SEQC	permutation	
55.0	0.027747771665040943	SEQC	permutation	
56.0	0.14457611963574957	SEQC	permutation	
57.0	-0.04363106245839843	SEQC	permutation	
58.0	0.028963061549947433	SEQC	permutation	
59.0	0.04407413441326735	SEQC	permutation	
60.0	0.07055371079588646	SEQC	permutation	
61.0	0.13968428851096926	SEQC	permutation	
62.0	0.051468869755145974	SEQC	permutation	
63.0	0.26580591391716535	SEQC	permutation	
64.0	-0.09005569781932143	SEQC	permutation	
65.0	-0.21915520299680935	SEQC	permutation	
66.0	0.040932404696574665	SEQC	permutation	
67.0	-0.20183531799684973	SEQC	permutation	
68.0	0.08864643190828403	SEQC	permutation	
69.0	-0.06148567990837117	SEQC	permutation	
70.0	-0.07932988120154194	SEQC	permutation	
71.0	0.010500481691490204	SEQC	permutation	
72.0	0.17646629846482842	SEQC	permutation	
73.0	0.024148327602763864	SEQC	permutation	
74.0	0.061516094320027026	SEQC	permutation	
75.0	-0.0889160923493475	SEQC	permutation	
76.0	-0.05416525170520359	SEQC	permutation	
77.0	-0.02852884398308797	SEQC	permutation	
78.0	0.11770884575841656	SEQC	permutation	
79.0	-0.048833149059965386	SEQC	permutation	
80.0	-0.03053981955365659	SEQC	permutation	
81.0	-0.02312296076920939	SEQC	permutation	
82.0	0.07811701582752706	SEQC	permutation	
83.0	0.06451964382073294	SEQC	permutation	
84.0	-0.19898068371757338	SEQC	permutation	
85.0	0.01927496310484944	SEQC	permutation	
86.0	-0.0336314789122949	SEQC	permutation	
87.0	-0.06894256338101412	SEQC	permutation	
88.0	-0.17621122676256196	SEQC	permutation	
89.0	-0.04086570287475011	SEQC	permutation	
90.0	0.12158713367750318	SEQC	permutation	
91.0	0.10404510653510313	SEQC	permutation	
92.0	-0.05558862530133357	SEQC	permutation	
93.0	-0.11890291240232553	SEQC	permutation	
94.0	-0.0782807827843155	SEQC	permutation	
95.0	0.23089274672192195	SEQC	permutation	
96.0	-0.24558210164514316	SEQC	permutation	
97.0	-0.10845568999408162	SEQC	permutation	
98.0	0.014719998339457696	SEQC	permutation	
99.0	-0.1275611349560246	SEQC	permutation	
100.0	-0.22854120334363737	SEQC	permutation	
101.0	0.05141248746767735	SEQC	permutation	
102.0	0.11998404153234077	SEQC	permutation	
103.0	-0.1995200539491142	SEQC	permutation	
104.0	-0.0688625911811247	SEQC	permutation	
105.0	0.08050256718159954	SEQC	permutation	
106.0	-0.08526900398505655	SEQC	permutation	
107.0	0.07743721987401431	SEQC	permutation	
108.0	-0.04458449406741272	SEQC	permutation	
109.0	0.08340032195974434	SEQC	permutation	
110.0	0.12019070011703636	SEQC	permutation	
111.0	-0.005888447608870528	SEQC	permutation	
112.0	0.05082105347564969	SEQC	permutation	
113.0	-0.003964117628093344	SEQC	permutation	
114.0	-0.21082450905544636	SEQC	permutation	
115.0	0.02424491139737306	SEQC	permutation	
116.0	0.3212030195226543	SEQC	permutation	
117.0	-0.05494011676405286	SEQC	permutation	
118.0	0.15628451093828089	SEQC	permutation	
119.0	0.2740907089395854	SEQC	permutation	
120.0	0.09902761675390659	SEQC	permutation	
121.0	0.09737480097595519	SEQC	permutation	
122.0	0.026453605870448538	SEQC	permutation	
123.0	0.03414241544316177	SEQC	permutation	
124.0	-0.01654648181542795	SEQC	permutation	
125.0	0.07358426775658833	SEQC	permutation	
126.0	-0.13687577225162784	SEQC	permutation	
127.0	0.09327484393992203	SEQC	permutation	
128.0	-0.123760888949898	SEQC	permutation	
129.0	0.08502915784931142	SEQC	permutation	
130.0	-0.12599354910169547	SEQC	permutation	
131.0	-0.21529137082904493	SEQC	permutation	
132.0	0.15522326307076417	SEQC	permutation	
133.0	0.05419057396707316	SEQC	permutation	
134.0	-0.028467694146645517	SEQC	permutation	
135.0	0.06297033417927711	SEQC	permutation	
136.0	-0.0361310348331525	SEQC	permutation	
137.0	-0.003091657283421423	SEQC	permutation	
138.0	0.08534231493197852	SEQC	permutation	
139.0	-0.0714274801452146	SEQC	permutation	
140.0	0.04128331005503849	SEQC	permutation	
141.0	-0.03797846730660703	SEQC	permutation	
142.0	0.11531416037850573	SEQC	permutation	
143.0	0.07766922853225644	SEQC	permutation	
144.0	-0.07093943122888513	SEQC	permutation	
145.0	-0.00352327898182736	SEQC	permutation	
146.0	-0.014409208836902998	SEQC	permutation	
147.0	-0.041372139766490346	SEQC	permutation	
148.0	-0.028135185039706467	SEQC	permutation	
149.0	0.007160571119640302	SEQC	permutation	
150.0	-0.17764046813335144	SEQC	permutation	
151.0	0.11918640372516975	SEQC	permutation	
152.0	-0.12064914197030419	SEQC	permutation	
153.0	0.001637312252418699	SEQC	permutation	
154.0	0.1238491504512278	SEQC	permutation	
155.0	-0.059051388854701514	SEQC	permutation	
156.0	-0.2351637749432096	SEQC	permutation	
157.0	0.16055249257116477	SEQC	permutation	
158.0	0.13534577639428003	SEQC	permutation	
159.0	-0.05106217938806212	SEQC	permutation	
160.0	-0.10365175476671462	SEQC	permutation	
161.0	-0.10810393411214525	SEQC	permutation	
162.0	-0.10319433458011895	SEQC	permutation	
163.0	-0.03742491811150872	SEQC	permutation	
164.0	0.09862285359732015	SEQC	permutation	
165.0	-0.04631839436516971	SEQC	permutation	
166.0	0.06513440572651108	SEQC	permutation	
167.0	0.06916179114898302	SEQC	permutation	
168.0	0.14072769213219294	SEQC	permutation	
169.0	0.20614965897907966	SEQC	permutation	
170.0	0.01292990007597794	SEQC	permutation	
171.0	0.02057446606884561	SEQC	permutation	
172.0	0.005574403373169279	SEQC	permutation	
173.0	0.038886216390936035	SEQC	permutation	
174.0	0.20353214971733058	SEQC	permutation	
175.0	0.07901485756939453	SEQC	permutation	
176.0	-0.0016974267242009233	SEQC	permutation	
177.0	-0.05811270894624565	SEQC	permutation	
178.0	0.018550647039284218	SEQC	permutation	
179.0	0.06601862904904499	SEQC	permutation	
180.0	-0.03491201819953149	SEQC	permutation	
181.0	0.06709011185632008	SEQC	permutation	
182.0	-0.2131876479405319	SEQC	permutation	
183.0	0.008363001801472425	SEQC	permutation	
184.0	-0.05580533823581435	SEQC	permutation	
185.0	-0.13158566525698623	SEQC	permutation	
186.0	-0.01831171342654825	SEQC	permutation	
187.0	0.04923769466591432	SEQC	permutation	
188.0	0.08345849219369539	SEQC	permutation	
189.0	0.011380004762068907	SEQC	permutation	
190.0	-0.06159227663308897	SEQC	permutation	
191.0	-0.045607785232397724	SEQC	permutation	
192.0	0.16754416808790262	SEQC	permutation	
193.0	0.17287765349559692	SEQC	permutation	
194.0	0.29272526335167104	SEQC	permutation	
195.0	-0.10459849659638643	SEQC	permutation	
196.0	0.0831870519308131	SEQC	permutation	
197.0	0.0006383922134016728	SEQC	permutation	
198.0	0.01649777496638416	SEQC	permutation	
199.0	0.15106771158004006	SEQC	permutation	
200.0	-0.1159602985179089	SEQC	permutation	
201.0	0.10410786107250347	SEQC	permutation	
202.0	-0.15436135888319757	SEQC	permutation	
203.0	-0.06306355961389132	SEQC	permutation	
204.0	0.23447262403406466	SEQC	permutation	
205.0	-0.04094310379307586	SEQC	permutation	
206.0	0.1582473057554883	SEQC	permutation	
207.0	0.07570442382923481	SEQC	permutation	
208.0	0.016116106861279178	SEQC	permutation	
209.0	0.1871452795591413	SEQC	permutation	
210.0	-0.028686266532758076	SEQC	permutation	
211.0	-0.04325906685634173	SEQC	permutation	
212.0	0.13772722832527817	SEQC	permutation	
213.0	0.002435183588431755	SEQC	permutation	
214.0	-0.02783822557397775	SEQC	permutation	
215.0	-0.023045441193913607	SEQC	permutation	
216.0	0.10675489738257449	SEQC	permutation	
217.0	0.1308150862321349	SEQC	permutation	
218.0	0.10930369882860047	SEQC	permutation	
219.0	0.04305363074705726	SEQC	permutation	
220.0	0.049032863163497975	SEQC	permutation	
221.0	-0.07769617674960516	SEQC	permutation	
222.0	-0.018770256661211793	SEQC	permutation	
223.0	-0.020803167833991054	SEQC	permutation	
224.0	-0.04156653104930674	SEQC	permutation	
225.0	-0.08946396012915203	SEQC	permutation	
226.0	0.13153924712695586	SEQC	permutation	
227.0	-0.08329954586137811	SEQC	permutation	
228.0	-0.025245914036531758	SEQC	permutation	
229.0	-0.13557066556243802	SEQC	permutation	
230.0	-0.031120787745168688	SEQC	permutation	
231.0	0.1876154958411398	SEQC	permutation	
232.0	0.2431119087250786	SEQC	permutation	
233.0	0.043389267212388116	SEQC	permutation	
234.0	-0.051043032960584434	SEQC	permutation	
235.0	-0.08012319270834878	SEQC	permutation	
236.0	0.1415060809466513	SEQC	permutation	
237.0	-0.2189036156964308	SEQC	permutation	
238.0	-0.023363691602819703	SEQC	permutation	
239.0	-0.06772247274251209	SEQC	permutation	
240.0	0.1383598325783355	SEQC	permutation	
241.0	0.12241286777186744	SEQC	permutation	
242.0	-0.029168226128691632	SEQC	permutation	
243.0	0.12187975296370324	SEQC	permutation	
244.0	-0.02315090804117359	SEQC	permutation	
245.0	0.24956451302154647	SEQC	permutation	
246.0	-0.05097263431098309	SEQC	permutation	
247.0	0.03234510605830776	SEQC	permutation	
248.0	0.2302837735639427	SEQC	permutation	
249.0	-0.07948014359179822	SEQC	permutation	
250.0	-0.0068648136592992515	SEQC	permutation	
251.0	-0.12716305734293298	SEQC	permutation	
252.0	0.03159019429830501	SEQC	permutation	
253.0	0.12749188218225083	SEQC	permutation	
254.0	0.018652346368657646	SEQC	permutation	
255.0	-0.039363614945782555	SEQC	permutation	
256.0	0.2863487715166473	SEQC	permutation	
257.0	0.06283082553998343	SEQC	permutation	
258.0	0.1839407894347329	SEQC	permutation	
259.0	-0.04898019862410807	SEQC	permutation	
260.0	0.0692989354474518	SEQC	permutation	
261.0	0.255983209823758	SEQC	permutation	
262.0	0.05151967367224719	SEQC	permutation	
263.0	0.023206877353637356	SEQC	permutation	
264.0	-0.19005834203215333	SEQC	permutation	
265.0	-0.017217195277737574	SEQC	permutation	
266.0	0.13256412020884367	SEQC	permutation	
267.0	-0.08836958580833532	SEQC	permutation	
268.0	0.07919412069770937	SEQC	permutation	
269.0	0.06402904589280389	SEQC	permutation	
270.0	0.11068808248561668	SEQC	permutation	
271.0	-0.031149991917148956	SEQC	permutation	
272.0	-0.14241512993440342	SEQC	permutation	
273.0	0.021136786940213703	SEQC	permutation	
274.0	-0.05247826333452199	SEQC	permutation	
275.0	0.03014338840523445	SEQC	permutation	
276.0	0.09043673299432253	SEQC	permutation	
277.0	0.13503364430587528	SEQC	permutation	
278.0	0.06604958591628574	SEQC	permutation	
279.0	-0.22608693495465904	SEQC	permutation	
280.0	0.10651710146092919	SEQC	permutation	
281.0	-0.09068113189488258	SEQC	permutation	
282.0	0.020544789417655807	SEQC	permutation	
283.0	-0.010908755373171264	SEQC	permutation	
284.0	0.08646624998188601	SEQC	permutation	
285.0	0.07676137207979927	SEQC	permutation	
286.0	0.11213736637048477	SEQC	permutation	
287.0	0.04136225119709591	SEQC	permutation	
288.0	0.026958513153528596	SEQC	permutation	
289.0	0.1273868852139879	SEQC	permutation	
290.0	0.045066903530831315	SEQC	permutation	
291.0	-0.12301028173733153	SEQC	permutation	
292.0	0.1436651120759853	SEQC	permutation	
293.0	0.09110669007941175	SEQC	permutation	
294.0	0.13974750024261873	SEQC	permutation	
295.0	0.13964665819047406	SEQC	permutation	
296.0	-0.040923078118745515	SEQC	permutation	
297.0	0.10771370360352694	SEQC	permutation	
298.0	0.07393668716621571	SEQC	permutation	
299.0	-0.008043851928852597	SEQC	permutation	
300.0	-0.2700265760667997	SEQC	permutation	
301.0	0.08643199500059806	SEQC	permutation	
302.0	0.10207564719285145	SEQC	permutation	
303.0	0.0556728210282067	SEQC	permutation	
304.0	0.09455894014566857	SEQC	permutation	
305.0	0.12307637332902832	SEQC	permutation	
306.0	-0.007894218463293967	SEQC	permutation	
307.0	-0.12892798142824136	SEQC	permutation	
308.0	-0.05182286450388762	SEQC	permutation	
309.0	0.07428833710200422	SEQC	permutation	
310.0	-0.03175464719993926	SEQC	permutation	
311.0	0.1839582951443508	SEQC	permutation	
312.0	-0.10920909897160769	SEQC	permutation	
313.0	0.19899532767352168	SEQC	permutation	
314.0	-0.13572771192302202	SEQC	permutation	
315.0	0.139902956997902	SEQC	permutation	
316.0	0.15406469522528887	SEQC	permutation	
317.0	0.11664231113178491	SEQC	permutation	
318.0	-0.18757602716294297	SEQC	permutation	
319.0	0.08749884219182702	SEQC	permutation	
320.0	0.19400773279105987	SEQC	permutation	
321.0	0.17968761180805037	SEQC	permutation	
322.0	0.008282860591376284	SEQC	permutation	
323.0	0.11933558664994415	SEQC	permutation	
324.0	-0.07508489964892995	SEQC	permutation	
325.0	-0.1424391994199854	SEQC	permutation	
326.0	-0.09084786539434786	SEQC	permutation	
327.0	-0.06518713077893912	SEQC	permutation	
328.0	0.1128945879616099	SEQC	permutation	
329.0	-0.00023047038542634013	SEQC	permutation	
330.0	0.09014795392629615	SEQC	permutation	
331.0	-0.04376548359676935	SEQC	permutation	
332.0	0.1078329151150923	SEQC	permutation	
333.0	0.02676760021569935	SEQC	permutation	
334.0	-0.07505008605585184	SEQC	permutation	
335.0	0.06953126671576726	SEQC	permutation	
336.0	0.0053131319101904495	SEQC	permutation	
337.0	-0.02909796122698216	SEQC	permutation	
338.0	0.055800181855385045	SEQC	permutation	
339.0	-0.0969363188987371	SEQC	permutation	
340.0	0.12366328564552287	SEQC	permutation	
341.0	0.253246199617597	SEQC	permutation	
342.0	0.13378535048439355	SEQC	permutation	
343.0	-0.10036894635421678	SEQC	permutation	
344.0	0.05679162246555114	SEQC	permutation	
345.0	0.18997790288042538	SEQC	permutation	
346.0	-0.17295975504333105	SEQC	permutation	
347.0	0.10596776492164217	SEQC	permutation	
348.0	-0.12080567444680979	SEQC	permutation	
349.0	0.0857412049279489	SEQC	permutation	
350.0	-0.07880870204320312	SEQC	permutation	
351.0	-0.012069051050530355	SEQC	permutation	
352.0	-0.04114779610890418	SEQC	permutation	
353.0	0.15547998123952755	SEQC	permutation	
354.0	0.026978519170363313	SEQC	permutation	
355.0	0.04570642540193992	SEQC	permutation	
356.0	0.010341116203579581	SEQC	permutation	
357.0	-0.10258951203844235	SEQC	permutation	
358.0	0.12619786550289813	SEQC	permutation	
359.0	0.13006334750583948	SEQC	permutation	
360.0	-0.027724027118532835	SEQC	permutation	
361.0	0.09586503798229895	SEQC	permutation	
362.0	-0.0956226083973295	SEQC	permutation	
363.0	0.09720525366470723	SEQC	permutation	
364.0	0.036296719105689323	SEQC	permutation	
365.0	0.015894051609046667	SEQC	permutation	
366.0	-0.052419196539783997	SEQC	permutation	
367.0	0.16805076129242735	SEQC	permutation	
368.0	-0.2055169462841091	SEQC	permutation	
369.0	0.19823935100264745	SEQC	permutation	
370.0	-0.012785680948303124	SEQC	permutation	
371.0	0.08524572266069352	SEQC	permutation	
372.0	0.1426500370383219	SEQC	permutation	
373.0	0.1686879683749969	SEQC	permutation	
374.0	-0.01243966765258575	SEQC	permutation	
375.0	0.1962917595660829	SEQC	permutation	
376.0	0.04843110693832253	SEQC	permutation	
377.0	-0.1409108181917027	SEQC	permutation	
378.0	0.07888762057618282	SEQC	permutation	
379.0	-0.17359182112004	SEQC	permutation	
380.0	-0.006768597054728875	SEQC	permutation	
381.0	-0.06663810073091403	SEQC	permutation	
382.0	0.1394404705824952	SEQC	permutation	
383.0	-0.12871617559616322	SEQC	permutation	
384.0	0.27636165941275737	SEQC	permutation	
385.0	-0.10295337959545225	SEQC	permutation	
386.0	-0.12933660331347197	SEQC	permutation	
387.0	0.021138404122661658	SEQC	permutation	
388.0	0.04676144077180178	SEQC	permutation	
389.0	-0.025467857707564878	SEQC	permutation	
390.0	0.09505802700486443	SEQC	permutation	
391.0	0.10209396751217703	SEQC	permutation	
392.0	0.02182909000842237	SEQC	permutation	
393.0	-0.05837090104371301	SEQC	permutation	
394.0	-0.09157409492615809	SEQC	permutation	
395.0	-0.15639664676913734	SEQC	permutation	
396.0	-0.0014793971463089584	SEQC	permutation	
397.0	0.10444235054955442	SEQC	permutation	
398.0	-0.03431933732267911	SEQC	permutation	
399.0	-0.09343936028502009	SEQC	permutation	
400.0	-0.12654671694860609	SEQC	permutation	
401.0	0.11184642175258519	SEQC	permutation	
402.0	-0.10030129278966582	SEQC	permutation	
403.0	-0.031013092713723545	SEQC	permutation	
404.0	0.005696580950399266	SEQC	permutation	
405.0	0.006826209427798879	SEQC	permutation	
406.0	-0.15327875662414492	SEQC	permutation	
407.0	-0.03229929358570116	SEQC	permutation	
408.0	0.03137249977274692	SEQC	permutation	
409.0	-0.23738354796233274	SEQC	permutation	
410.0	0.06827965981980055	SEQC	permutation	
411.0	0.1234551178997716	SEQC	permutation	
412.0	0.1860542765621327	SEQC	permutation	
413.0	-0.061274785497011486	SEQC	permutation	
414.0	0.16271528749848185	SEQC	permutation	
415.0	0.34017792022533966	SEQC	permutation	
416.0	0.046759658389623926	SEQC	permutation	
417.0	-0.021668226211160047	SEQC	permutation	
418.0	0.014553359670865351	SEQC	permutation	
419.0	0.09319072558238028	SEQC	permutation	
420.0	-0.00019825960893138372	SEQC	permutation	
421.0	-0.04511256338692293	SEQC	permutation	
422.0	0.01758701153698361	SEQC	permutation	
423.0	0.02013097878027814	SEQC	permutation	
424.0	0.09756292897050045	SEQC	permutation	
425.0	-0.05689866174805758	SEQC	permutation	
426.0	-0.09833826961564274	SEQC	permutation	
427.0	-0.2031872663081451	SEQC	permutation	
428.0	0.16954466337907625	SEQC	permutation	
429.0	0.4512904277577121	SEQC	permutation	
430.0	0.17632242720082125	SEQC	permutation	
431.0	0.05818055025962421	SEQC	permutation	
432.0	-0.046311504688560046	SEQC	permutation	
433.0	-0.10427127042500084	SEQC	permutation	
434.0	0.008925352270631848	SEQC	permutation	
435.0	0.013939955324536513	SEQC	permutation	
436.0	-0.11030298253531345	SEQC	permutation	
437.0	-0.1106578766627595	SEQC	permutation	
438.0	-0.019924256497260817	SEQC	permutation	
439.0	0.06919059476412892	SEQC	permutation	
440.0	0.014207134484717443	SEQC	permutation	
441.0	-0.01022940537735506	SEQC	permutation	
442.0	0.08367462477114218	SEQC	permutation	
443.0	-0.12607498095072645	SEQC	permutation	
444.0	-0.06528589505937576	SEQC	permutation	
445.0	-0.0842801224924794	SEQC	permutation	
446.0	-0.0032544830761076504	SEQC	permutation	
447.0	0.00747521964542841	SEQC	permutation	
448.0	0.11739181188656023	SEQC	permutation	
449.0	-0.001837242181440324	SEQC	permutation	
450.0	0.33965886653425414	SEQC	permutation	
451.0	0.036621011832054684	SEQC	permutation	
452.0	0.027420017156182475	SEQC	permutation	
453.0	-0.17943939249882046	SEQC	permutation	
454.0	0.1630698584332042	SEQC	permutation	
455.0	0.05613259251391156	SEQC	permutation	
456.0	0.12936203599894558	SEQC	permutation	
457.0	-0.026547246739346164	SEQC	permutation	
458.0	0.0791550169744184	SEQC	permutation	
459.0	-0.04024477329329956	SEQC	permutation	
460.0	0.12013036282440215	SEQC	permutation	
461.0	0.16873915385619487	SEQC	permutation	
462.0	-0.1023818745927687	SEQC	permutation	
463.0	0.005657806837435331	SEQC	permutation	
464.0	-0.12840511384491515	SEQC	permutation	
465.0	-0.05779536031698296	SEQC	permutation	
466.0	0.10760486917748757	SEQC	permutation	
467.0	0.06517032936667544	SEQC	permutation	
468.0	0.054373807129144414	SEQC	permutation	
469.0	0.15964840135589853	SEQC	permutation	
470.0	-0.19530522450288634	SEQC	permutation	
471.0	0.029005783248376105	SEQC	permutation	
472.0	0.07088914114767508	SEQC	permutation	
473.0	-0.14998613954620188	SEQC	permutation	
474.0	0.1631469092286566	SEQC	permutation	
475.0	0.010001118710526224	SEQC	permutation	
476.0	-0.23577040342254563	SEQC	permutation	
477.0	-0.12284915376845484	SEQC	permutation	
478.0	-0.008022661186284363	SEQC	permutation	
479.0	0.0671799439227958	SEQC	permutation	
480.0	0.0688541144435213	SEQC	permutation	
481.0	0.1400046832899453	SEQC	permutation	
482.0	0.07297221596959469	SEQC	permutation	
483.0	0.18963115470379854	SEQC	permutation	
484.0	-0.1318769989746449	SEQC	permutation	
485.0	-0.12803066354251147	SEQC	permutation	
486.0	0.0868433939944282	SEQC	permutation	
487.0	-0.06222916212251395	SEQC	permutation	
488.0	0.11624409231385169	SEQC	permutation	
489.0	0.1464878736297215	SEQC	permutation	
490.0	0.01830104459560955	SEQC	permutation	
491.0	0.06570808489062197	SEQC	permutation	
492.0	-0.01011727642904825	SEQC	permutation	
493.0	0.05098915778022661	SEQC	permutation	
494.0	0.09834455318191448	SEQC	permutation	
495.0	0.08284913292311469	SEQC	permutation	
496.0	0.007667400027801641	SEQC	permutation	
497.0	0.09251318786758933	SEQC	permutation	
498.0	0.0680941421771677	SEQC	permutation	
499.0	0.07434240195823572	SEQC	permutation	
500.0	0.09213720859004981	SEQC	permutation	
501.0	-0.19412359278606628	SEQC	permutation	
502.0	0.08207870981027243	SEQC	permutation	
503.0	-0.24524715576686384	SEQC	permutation	
504.0	-0.09717514762012991	SEQC	permutation	
505.0	0.22790585049744738	SEQC	permutation	
506.0	0.2310714815026369	SEQC	permutation	
507.0	-0.026139414793203475	SEQC	permutation	
508.0	-0.19928592662749578	SEQC	permutation	
509.0	-0.04132783000651896	SEQC	permutation	
510.0	-0.11229633302356179	SEQC	permutation	
511.0	-0.02203401535801408	SEQC	permutation	
512.0	-0.19087993272805504	SEQC	permutation	
513.0	-0.19052915044962893	SEQC	permutation	
514.0	0.06377400810251554	SEQC	permutation	
515.0	0.11281854045366302	SEQC	permutation	
516.0	0.08863960124763537	SEQC	permutation	
517.0	-0.024911757965178527	SEQC	permutation	
518.0	-0.15133091457313697	SEQC	permutation	
519.0	-0.09680014902346112	SEQC	permutation	
520.0	-0.0895835334824131	SEQC	permutation	
521.0	0.12649289670378971	SEQC	permutation	
522.0	-0.044181504475023115	SEQC	permutation	
523.0	-0.03959960835900844	SEQC	permutation	
524.0	0.014860164365867679	SEQC	permutation	
525.0	0.15312882809444384	SEQC	permutation	
526.0	0.13240262765480093	SEQC	permutation	
527.0	0.1169863415101613	SEQC	permutation	
528.0	0.017190782239709712	SEQC	permutation	
529.0	0.10271544031292246	SEQC	permutation	
530.0	0.019495150083250312	SEQC	permutation	
531.0	0.1814935846805934	SEQC	permutation	
532.0	-0.03132842503212396	SEQC	permutation	
533.0	0.03999905506287904	SEQC	permutation	
534.0	-0.040335602249424785	SEQC	permutation	
535.0	-0.05350394865134778	SEQC	permutation	
536.0	0.11551397370528216	SEQC	permutation	
537.0	0.2757187851481162	SEQC	permutation	
538.0	0.02993397894893235	SEQC	permutation	
539.0	-0.052179822070144155	SEQC	permutation	
540.0	0.10812838683689519	SEQC	permutation	
541.0	-0.026303798207967688	SEQC	permutation	
542.0	-0.11714484665993741	SEQC	permutation	
543.0	0.002998146604608287	SEQC	permutation	
544.0	0.1082960424460051	SEQC	permutation	
545.0	0.09294285483340925	SEQC	permutation	
546.0	-0.2072667125686145	SEQC	permutation	
547.0	-0.10640104039136666	SEQC	permutation	
548.0	0.05786356319549757	SEQC	permutation	
549.0	-0.016688002987546025	SEQC	permutation	
550.0	0.0010426306874480318	SEQC	permutation	
551.0	0.04102116154985014	SEQC	permutation	
552.0	-0.13610111764824806	SEQC	permutation	
553.0	0.0818202915262618	SEQC	permutation	
554.0	-0.039562136162776707	SEQC	permutation	
555.0	-0.1522045981030371	SEQC	permutation	
556.0	0.07098632950183692	SEQC	permutation	
557.0	0.12182711236129729	SEQC	permutation	
558.0	0.07023610365925315	SEQC	permutation	
559.0	-0.11089491914617478	SEQC	permutation	
560.0	0.07639468047552045	SEQC	permutation	
561.0	-0.1237421989110552	SEQC	permutation	
562.0	0.03430256896343842	SEQC	permutation	
563.0	-0.017884099941475107	SEQC	permutation	
564.0	-0.036611022996865916	SEQC	permutation	
565.0	0.02471236614807859	SEQC	permutation	
566.0	-0.23845193082685823	SEQC	permutation	
567.0	-0.0479840059821961	SEQC	permutation	
568.0	-0.18174993230048297	SEQC	permutation	
569.0	0.07168292796733944	SEQC	permutation	
570.0	0.08807172384883133	SEQC	permutation	
571.0	0.14544094255826323	SEQC	permutation	
572.0	0.1460535530205136	SEQC	permutation	
573.0	0.059917003069026364	SEQC	permutation	
574.0	0.046804979376358524	SEQC	permutation	
575.0	-0.04768841715497407	SEQC	permutation	
576.0	-0.12801708017373636	SEQC	permutation	
577.0	0.04121589961342709	SEQC	permutation	
578.0	0.010571455312789357	SEQC	permutation	
579.0	0.12440090030149298	SEQC	permutation	
580.0	-0.04347656489455831	SEQC	permutation	
581.0	-0.21299306317663147	SEQC	permutation	
582.0	-0.08188968613344239	SEQC	permutation	
583.0	-0.01939457961647717	SEQC	permutation	
584.0	0.08020369731468158	SEQC	permutation	
585.0	0.024585294933260116	SEQC	permutation	
586.0	-0.008660845814356222	SEQC	permutation	
587.0	0.026429246634916304	SEQC	permutation	
588.0	0.22936758853761585	SEQC	permutation	
589.0	0.0703911896581988	SEQC	permutation	
590.0	-0.04436451099465577	SEQC	permutation	
591.0	-0.10778852947197493	SEQC	permutation	
592.0	0.08752203476136922	SEQC	permutation	
593.0	0.10108972378926984	SEQC	permutation	
594.0	0.010859164099899843	SEQC	permutation	
595.0	-0.24761619619062358	SEQC	permutation	
596.0	0.05788452756966889	SEQC	permutation	
597.0	-0.08823074200484138	SEQC	permutation	
598.0	0.055869916583481505	SEQC	permutation	
599.0	0.0818654626669355	SEQC	permutation	
600.0	-0.13789048813699223	SEQC	permutation	
601.0	0.030477361787621948	SEQC	permutation	
602.0	0.02503238400343566	SEQC	permutation	
603.0	-0.010249573642147958	SEQC	permutation	
604.0	0.2297784967298262	SEQC	permutation	
605.0	0.03434692618079094	SEQC	permutation	
606.0	-0.07304885067272737	SEQC	permutation	
607.0	0.10975895975228411	SEQC	permutation	
608.0	0.06947096571900113	SEQC	permutation	
609.0	0.11375027385710101	SEQC	permutation	
610.0	-0.03936069839869427	SEQC	permutation	
611.0	-0.11140541792333769	SEQC	permutation	
612.0	0.0004991347590035389	SEQC	permutation	
613.0	0.15004092145222403	SEQC	permutation	
614.0	0.0534827826635178	SEQC	permutation	
615.0	0.10865637386077465	SEQC	permutation	
616.0	0.06574962983433918	SEQC	permutation	
617.0	0.046718196510678656	SEQC	permutation	
618.0	0.03659516020191589	SEQC	permutation	
619.0	-0.14032259136813785	SEQC	permutation	
620.0	0.14700119396641487	SEQC	permutation	
621.0	-0.1630781558914478	SEQC	permutation	
622.0	0.08353652292269187	SEQC	permutation	
623.0	0.04276903752687744	SEQC	permutation	
624.0	0.218870185224743	SEQC	permutation	
625.0	-0.012985689665232947	SEQC	permutation	
626.0	0.013388993807099236	SEQC	permutation	
627.0	0.01246587294722934	SEQC	permutation	
628.0	-0.13066569683935558	SEQC	permutation	
629.0	-0.26674783779815403	SEQC	permutation	
630.0	0.08068518124347701	SEQC	permutation	
631.0	0.12073392894260193	SEQC	permutation	
632.0	-0.06341320551869778	SEQC	permutation	
633.0	0.04730505875564317	SEQC	permutation	
634.0	0.10269079598886632	SEQC	permutation	
635.0	0.06954778770366721	SEQC	permutation	
636.0	-0.19668523412139916	SEQC	permutation	
637.0	0.0870019738148402	SEQC	permutation	
638.0	-0.07636521246998607	SEQC	permutation	
639.0	-0.023868603116639076	SEQC	permutation	
640.0	-0.08130406203433527	SEQC	permutation	
641.0	0.1269984648336444	SEQC	permutation	
642.0	-0.03926899728936961	SEQC	permutation	
643.0	0.10703417880824206	SEQC	permutation	
644.0	-0.05076883548942446	SEQC	permutation	
645.0	0.046310262561149784	SEQC	permutation	
646.0	0.10434432764388912	SEQC	permutation	
647.0	0.027127451682023018	SEQC	permutation	
648.0	0.0748718344931234	SEQC	permutation	
649.0	0.05795811460976097	SEQC	permutation	
650.0	-0.20506766114103003	SEQC	permutation	
651.0	0.07764370286710065	SEQC	permutation	
652.0	0.13328894921062462	SEQC	permutation	
653.0	0.06688352064149772	SEQC	permutation	
654.0	-0.026221729903278312	SEQC	permutation	
655.0	-0.008839371183410272	SEQC	permutation	
656.0	-0.05153905950575011	SEQC	permutation	
657.0	-0.049663828391055986	SEQC	permutation	
658.0	0.0850560777004854	SEQC	permutation	
659.0	-0.057549335368527466	SEQC	permutation	
660.0	-0.052715590380312705	SEQC	permutation	
661.0	-0.0029617434170639	SEQC	permutation	
662.0	-0.1765354033547477	SEQC	permutation	
663.0	-0.15526666229679886	SEQC	permutation	
664.0	0.0609775056496864	SEQC	permutation	
665.0	-0.04588251663620957	SEQC	permutation	
666.0	-0.0937204878636253	SEQC	permutation	
667.0	0.18866212829949047	SEQC	permutation	
668.0	-0.18477404746521175	SEQC	permutation	
669.0	-0.053650593660988566	SEQC	permutation	
670.0	0.1023895714444989	SEQC	permutation	
671.0	0.05785664457851425	SEQC	permutation	
672.0	-0.05363484422282783	SEQC	permutation	
673.0	0.007821886795133626	SEQC	permutation	
674.0	0.08737371686956319	SEQC	permutation	
675.0	0.035534990749514606	SEQC	permutation	
676.0	0.15677583350965607	SEQC	permutation	
677.0	0.030029467655010578	SEQC	permutation	
678.0	-0.010777813248334045	SEQC	permutation	
679.0	-0.08512597437132374	SEQC	permutation	
680.0	-0.01749898246600834	SEQC	permutation	
681.0	-0.01885604197920454	SEQC	permutation	
682.0	0.09205230174890922	SEQC	permutation	
683.0	-0.03281580990227928	SEQC	permutation	
684.0	-0.07947124915852433	SEQC	permutation	
685.0	-0.01758392763552763	SEQC	permutation	
686.0	0.09773973767432009	SEQC	permutation	
687.0	0.07108397318153914	SEQC	permutation	
688.0	-0.025875675148969268	SEQC	permutation	
689.0	0.004493969484950178	SEQC	permutation	
690.0	-0.09273571056456964	SEQC	permutation	
691.0	-0.03355085989600681	SEQC	permutation	
692.0	-0.08225679902104499	SEQC	permutation	
693.0	-0.03033314288262101	SEQC	permutation	
694.0	0.14651940658362106	SEQC	permutation	
695.0	0.0030428740919865582	SEQC	permutation	
696.0	-0.027590156633468865	SEQC	permutation	
697.0	-0.06557418686945082	SEQC	permutation	
698.0	0.1653351976283668	SEQC	permutation	
699.0	0.03778103625817364	SEQC	permutation	
700.0	0.10475042305404303	SEQC	permutation	
701.0	0.14648856695129275	SEQC	permutation	
702.0	-0.13238321581232126	SEQC	permutation	
703.0	-0.0987536114412193	SEQC	permutation	
704.0	0.17100261310066944	SEQC	permutation	
705.0	0.02909736327274537	SEQC	permutation	
706.0	-0.11999542742448854	SEQC	permutation	
707.0	-0.07236757746042644	SEQC	permutation	
708.0	0.0885095777676379	SEQC	permutation	
709.0	0.07940952497704457	SEQC	permutation	
710.0	-0.0547726932541579	SEQC	permutation	
711.0	-0.12496043427820869	SEQC	permutation	
712.0	-0.022962429928000017	SEQC	permutation	
713.0	-0.0674642433647934	SEQC	permutation	
714.0	0.022561915162086166	SEQC	permutation	
715.0	0.17282464886401083	SEQC	permutation	
716.0	-0.05780124139273557	SEQC	permutation	
717.0	-0.07814801784369596	SEQC	permutation	
718.0	-0.09762043013149047	SEQC	permutation	
719.0	0.13887176938946277	SEQC	permutation	
720.0	0.03519488828840389	SEQC	permutation	
721.0	0.03907209516841936	SEQC	permutation	
722.0	0.07168344887186873	SEQC	permutation	
723.0	-0.11995010247658522	SEQC	permutation	
724.0	0.05665916608143329	SEQC	permutation	
725.0	0.022360369499830224	SEQC	permutation	
726.0	-0.29286031125131906	SEQC	permutation	
727.0	0.2097794754689697	SEQC	permutation	
728.0	-0.1256060043726226	SEQC	permutation	
729.0	0.056950137295091796	SEQC	permutation	
730.0	0.13620469781726685	SEQC	permutation	
731.0	-0.05407116211099394	SEQC	permutation	
732.0	-0.0997864281061358	SEQC	permutation	
733.0	-0.16766769080533894	SEQC	permutation	
734.0	-0.02361256730937189	SEQC	permutation	
735.0	-0.0006794539480834416	SEQC	permutation	
736.0	0.0927808881577441	SEQC	permutation	
737.0	0.18284783043718367	SEQC	permutation	
738.0	0.04751325823945418	SEQC	permutation	
739.0	0.06359730572075994	SEQC	permutation	
740.0	-0.12631469859656885	SEQC	permutation	
741.0	-0.10800614285220433	SEQC	permutation	
742.0	-0.15199348687995817	SEQC	permutation	
743.0	-0.03518708766778955	SEQC	permutation	
744.0	0.2008149676105626	SEQC	permutation	
745.0	0.07056713278301663	SEQC	permutation	
746.0	-0.12903789186956693	SEQC	permutation	
747.0	-0.14732634441484338	SEQC	permutation	
748.0	0.16320965610150928	SEQC	permutation	
749.0	0.026781657712186213	SEQC	permutation	
750.0	-0.023815815289196074	SEQC	permutation	
751.0	0.11046431833833026	SEQC	permutation	
752.0	0.06228927845684806	SEQC	permutation	
753.0	0.1796750048252842	SEQC	permutation	
754.0	-0.035139736483919215	SEQC	permutation	
755.0	0.0768934801676	SEQC	permutation	
756.0	-0.15628956138075623	SEQC	permutation	
757.0	-0.018881285121005398	SEQC	permutation	
758.0	-0.1606934344993287	SEQC	permutation	
759.0	-0.02786495332270711	SEQC	permutation	
760.0	-0.17835105733490808	SEQC	permutation	
761.0	0.03722031490483735	SEQC	permutation	
762.0	0.10418566027107445	SEQC	permutation	
763.0	-0.11215586689236501	SEQC	permutation	
764.0	-0.12228466898221546	SEQC	permutation	
765.0	0.11146773075417649	SEQC	permutation	
766.0	0.094880827044042	SEQC	permutation	
767.0	-0.0658230178165713	SEQC	permutation	
768.0	-0.032521162197557185	SEQC	permutation	
769.0	0.10743611373032325	SEQC	permutation	
770.0	-0.16502187891075293	SEQC	permutation	
771.0	0.07904698794960519	SEQC	permutation	
772.0	0.13920854143734607	SEQC	permutation	
773.0	0.11571192210203973	SEQC	permutation	
774.0	0.06206772378649017	SEQC	permutation	
775.0	-0.15626427930814257	SEQC	permutation	
776.0	0.056700671577157635	SEQC	permutation	
777.0	0.09037230087257164	SEQC	permutation	
778.0	5.509729989583434e-06	SEQC	permutation	
779.0	0.07090579085154669	SEQC	permutation	
780.0	-0.0029574083303018917	SEQC	permutation	
781.0	0.1591213097632389	SEQC	permutation	
782.0	0.11342842790961338	SEQC	permutation	
783.0	-0.017772728637947655	SEQC	permutation	
784.0	0.008048829025427029	SEQC	permutation	
785.0	-0.021748837180207925	SEQC	permutation	
786.0	0.1823635714332159	SEQC	permutation	
787.0	-0.03841740227651114	SEQC	permutation	
788.0	0.055856039270046676	SEQC	permutation	
789.0	-0.05179701607006226	SEQC	permutation	
790.0	0.1261813012317492	SEQC	permutation	
791.0	0.13308275774353362	SEQC	permutation	
792.0	0.12525603463917712	SEQC	permutation	
793.0	-0.025572115935261763	SEQC	permutation	
794.0	-0.046046455465592384	SEQC	permutation	
795.0	-0.04773236111400658	SEQC	permutation	
796.0	0.17052831560992354	SEQC	permutation	
797.0	0.05805627249186962	SEQC	permutation	
798.0	-0.07538976078697779	SEQC	permutation	
799.0	0.0073406081226750075	SEQC	permutation	
800.0	-0.04414940659770705	SEQC	permutation	
801.0	0.1709841389832243	SEQC	permutation	
802.0	0.09607186159618575	SEQC	permutation	
803.0	0.13143134263412382	SEQC	permutation	
804.0	0.0793927225378308	SEQC	permutation	
805.0	-0.028753745061592006	SEQC	permutation	
806.0	0.08118198620478179	SEQC	permutation	
807.0	0.02371045186687537	SEQC	permutation	
808.0	-0.021439832703257	SEQC	permutation	
809.0	-0.035822321020551495	SEQC	permutation	
810.0	-0.03230363383366841	SEQC	permutation	
811.0	0.20614743150501846	SEQC	permutation	
812.0	-0.089425927374994	SEQC	permutation	
813.0	0.05819964253720267	SEQC	permutation	
814.0	0.0358595484777986	SEQC	permutation	
815.0	0.10609488851590498	SEQC	permutation	
816.0	0.0003211897312116463	SEQC	permutation	
817.0	-0.018919238536090788	SEQC	permutation	
818.0	0.030016223863857938	SEQC	permutation	
819.0	-0.02635370048019192	SEQC	permutation	
820.0	-0.1186614250388538	SEQC	permutation	
821.0	0.05714399116755464	SEQC	permutation	
822.0	0.03675895650919703	SEQC	permutation	
823.0	-0.016869020556865344	SEQC	permutation	
824.0	0.06871616094117083	SEQC	permutation	
825.0	-0.0265696799699513	SEQC	permutation	
826.0	-0.04656831030572128	SEQC	permutation	
827.0	-0.07140831380034118	SEQC	permutation	
828.0	-0.013685464631151056	SEQC	permutation	
829.0	0.18035778258057888	SEQC	permutation	
830.0	-0.08990316718093894	SEQC	permutation	
831.0	-0.16738295863412844	SEQC	permutation	
832.0	0.08122584488504536	SEQC	permutation	
833.0	-0.019090313537258208	SEQC	permutation	
834.0	-0.11354827694160097	SEQC	permutation	
835.0	0.03265445779926601	SEQC	permutation	
836.0	0.007681997903788762	SEQC	permutation	
837.0	0.1557208426956569	SEQC	permutation	
838.0	0.03399543140874384	SEQC	permutation	
839.0	-0.04970415905780756	SEQC	permutation	
840.0	-0.04571856575002631	SEQC	permutation	
841.0	0.0033229988790743903	SEQC	permutation	
842.0	0.043249135931764826	SEQC	permutation	
843.0	0.17534720296377593	SEQC	permutation	
844.0	0.08179833636876488	SEQC	permutation	
845.0	-0.11797589097807348	SEQC	permutation	
846.0	0.15938304918525148	SEQC	permutation	
847.0	-0.0952883460878704	SEQC	permutation	
848.0	0.04754494623893368	SEQC	permutation	
849.0	0.133671541904262	SEQC	permutation	
850.0	0.08137975258757768	SEQC	permutation	
851.0	0.014606934727024345	SEQC	permutation	
852.0	-0.14019629404909173	SEQC	permutation	
853.0	-0.1505268928738679	SEQC	permutation	
854.0	-0.18352466393812827	SEQC	permutation	
855.0	-0.0758625188309816	SEQC	permutation	
856.0	-0.048730702287458794	SEQC	permutation	
857.0	0.10379216221077625	SEQC	permutation	
858.0	0.23067517703034657	SEQC	permutation	
859.0	0.03455376778900421	SEQC	permutation	
860.0	-0.019979698548049374	SEQC	permutation	
861.0	0.0872778824766498	SEQC	permutation	
862.0	0.2204202357202858	SEQC	permutation	
863.0	0.13105694322422634	SEQC	permutation	
864.0	0.0209842140953711	SEQC	permutation	
865.0	0.03094630856252012	SEQC	permutation	
866.0	0.014006752449236437	SEQC	permutation	
867.0	-0.005853335722095121	SEQC	permutation	
868.0	0.09992216365137985	SEQC	permutation	
869.0	0.07044239751869519	SEQC	permutation	
870.0	-0.021061280961444773	SEQC	permutation	
871.0	-0.000570179077552968	SEQC	permutation	
872.0	-0.046522665822165354	SEQC	permutation	
873.0	-0.1167490958279469	SEQC	permutation	
874.0	0.12228184817929089	SEQC	permutation	
875.0	0.266595471931085	SEQC	permutation	
876.0	-0.15735188156736113	SEQC	permutation	
877.0	0.013518848866924227	SEQC	permutation	
878.0	0.03548011535032858	SEQC	permutation	
879.0	-0.06834363631530227	SEQC	permutation	
880.0	0.10111766833926739	SEQC	permutation	
881.0	0.0717897690728897	SEQC	permutation	
882.0	0.1421632260696879	SEQC	permutation	
883.0	0.04058512143076021	SEQC	permutation	
884.0	0.14857142358793185	SEQC	permutation	
885.0	-0.11538849033203036	SEQC	permutation	
886.0	-0.08546994134742558	SEQC	permutation	
887.0	0.22613487101231167	SEQC	permutation	
888.0	-0.07984935236343915	SEQC	permutation	
889.0	-0.00859282719848009	SEQC	permutation	
890.0	-0.24808237970459857	SEQC	permutation	
891.0	0.008884922924984107	SEQC	permutation	
892.0	0.14973322232466169	SEQC	permutation	
893.0	-0.15312436653164552	SEQC	permutation	
894.0	0.08150112281745114	SEQC	permutation	
895.0	-0.007853033946470411	SEQC	permutation	
896.0	-0.059506724970822766	SEQC	permutation	
897.0	-0.09617726735516197	SEQC	permutation	
898.0	-0.01210993137126204	SEQC	permutation	
899.0	0.045628254638764965	SEQC	permutation	
900.0	0.1264440832592464	SEQC	permutation	
901.0	0.12331742163063453	SEQC	permutation	
902.0	-0.11145583980667206	SEQC	permutation	
903.0	0.11704567795827181	SEQC	permutation	
904.0	-0.028624716576530318	SEQC	permutation	
905.0	0.00997525276169986	SEQC	permutation	
906.0	-0.036976652613949224	SEQC	permutation	
907.0	0.10306528788676639	SEQC	permutation	
908.0	-0.01397704933960986	SEQC	permutation	
909.0	0.19694407128748548	SEQC	permutation	
910.0	0.007588441479971397	SEQC	permutation	
911.0	-0.08104899105121444	SEQC	permutation	
912.0	0.04786244722697708	SEQC	permutation	
913.0	-0.052357770429752204	SEQC	permutation	
914.0	-0.046527598683721916	SEQC	permutation	
915.0	-0.07037060116906257	SEQC	permutation	
916.0	0.11113465317211357	SEQC	permutation	
917.0	0.03796748125252947	SEQC	permutation	
918.0	0.05227235506131134	SEQC	permutation	
919.0	0.000440212561440223	SEQC	permutation	
920.0	0.08579606788978067	SEQC	permutation	
921.0	-0.10270383821595974	SEQC	permutation	
922.0	-0.18957965999705229	SEQC	permutation	
923.0	0.09992405341614585	SEQC	permutation	
924.0	0.12173293959382114	SEQC	permutation	
925.0	-0.1492365414196848	SEQC	permutation	
926.0	-0.03869397571541233	SEQC	permutation	
927.0	-0.0075635148125394736	SEQC	permutation	
928.0	-0.006503685280311533	SEQC	permutation	
929.0	-0.1429216396884989	SEQC	permutation	
930.0	0.13255666976086777	SEQC	permutation	
931.0	0.2875987219442324	SEQC	permutation	
932.0	0.029271887925378604	SEQC	permutation	
933.0	0.051312572075099094	SEQC	permutation	
934.0	0.12612619949302406	SEQC	permutation	
935.0	-0.06009623389934893	SEQC	permutation	
936.0	0.009256800666576748	SEQC	permutation	
937.0	-0.09336434989280207	SEQC	permutation	
938.0	0.013722252176552097	SEQC	permutation	
939.0	0.03661424991973705	SEQC	permutation	
940.0	-0.02030190147372979	SEQC	permutation	
941.0	0.07423800124423874	SEQC	permutation	
942.0	0.10750104886287692	SEQC	permutation	
943.0	-0.0018482252178473324	SEQC	permutation	
944.0	-0.035915870230907476	SEQC	permutation	
945.0	0.14636942150067167	SEQC	permutation	
946.0	0.2002443400469529	SEQC	permutation	
947.0	0.009012752304512262	SEQC	permutation	
948.0	0.13657655278376923	SEQC	permutation	
949.0	-0.04249803102632432	SEQC	permutation	
950.0	-0.018842511022146624	SEQC	permutation	
951.0	0.138431922951459	SEQC	permutation	
952.0	-0.0685707805635487	SEQC	permutation	
953.0	-0.09791037467557562	SEQC	permutation	
954.0	0.07058548096908979	SEQC	permutation	
955.0	-0.048508470095310674	SEQC	permutation	
956.0	0.046914530714319724	SEQC	permutation	
957.0	0.0629572985509812	SEQC	permutation	
958.0	0.2395261195284224	SEQC	permutation	
959.0	0.08137902843229528	SEQC	permutation	
960.0	0.125155444603529	SEQC	permutation	
961.0	-0.04501688626836797	SEQC	permutation	
962.0	-0.20255457097601415	SEQC	permutation	
963.0	0.11559750487187692	SEQC	permutation	
964.0	-0.13119174914847598	SEQC	permutation	
965.0	-0.07942549469179694	SEQC	permutation	
966.0	-0.1545569992702549	SEQC	permutation	
967.0	-0.046286185370308264	SEQC	permutation	
968.0	-0.003294497044171951	SEQC	permutation	
969.0	-0.05205552592224416	SEQC	permutation	
970.0	0.0017967416054549545	SEQC	permutation	
971.0	0.07332752818134747	SEQC	permutation	
972.0	0.16892639122864628	SEQC	permutation	
973.0	0.04112922479841474	SEQC	permutation	
974.0	0.1607738277840629	SEQC	permutation	
975.0	0.2367399828288228	SEQC	permutation	
976.0	-0.09739125738527932	SEQC	permutation	
977.0	0.19425233537375775	SEQC	permutation	
978.0	-0.09317587892221324	SEQC	permutation	
979.0	-0.018845755734565373	SEQC	permutation	
980.0	-0.07204509170356799	SEQC	permutation	
981.0	0.07328136497065119	SEQC	permutation	
982.0	-0.05874322231315077	SEQC	permutation	
983.0	0.06995657658730181	SEQC	permutation	
984.0	0.05523771128540389	SEQC	permutation	
985.0	0.2544268759582131	SEQC	permutation	
986.0	-0.17287648371385966	SEQC	permutation	
987.0	-0.06574777111081787	SEQC	permutation	
988.0	0.16317898826078636	SEQC	permutation	
989.0	-0.009455017162621981	SEQC	permutation	
990.0	0.06278175604037006	SEQC	permutation	
991.0	-0.017771077326558693	SEQC	permutation	
992.0	-0.14593238746830162	SEQC	permutation	
993.0	-0.03668402153440864	SEQC	permutation	
994.0	0.03763638085099519	SEQC	permutation	
995.0	-0.19146213836770443	SEQC	permutation	
996.0	-0.08966179075587632	SEQC	permutation	
997.0	0.03839927759670081	SEQC	permutation	
998.0	0.1251340380256325	SEQC	permutation	
999.0	-0.022999222052965784	SEQC	permutation	
1000.0	0.055893648374254035	SEQC	permutation	
1001.0	0.10069993422918833	SEQC	permutation	
1002.0	0.051172099140068816	SEQC	permutation	
1003.0	0.026881221171870973	SEQC	permutation	
1004.0	-0.011934047878448428	SEQC	permutation	
1005.0	-0.09120085920979548	SEQC	permutation	
1006.0	-0.07990664184086338	SEQC	permutation	
1007.0	0.11998189277545279	SEQC	permutation	
1008.0	-0.07575164283832558	SEQC	permutation	
1009.0	0.0805085988448373	SEQC	permutation	
1010.0	-0.003260821363848976	SEQC	permutation	
1011.0	-0.12388628800761214	SEQC	permutation	
1012.0	-0.08674377296100699	SEQC	permutation	
1013.0	-0.08444925528362557	SEQC	permutation	
1014.0	0.03539294931178816	SEQC	permutation	
1015.0	0.11771271582783793	SEQC	permutation	
1016.0	0.022356875517970387	SEQC	permutation	
1017.0	0.2918797719581865	SEQC	permutation	
1018.0	-0.09388452463459762	SEQC	permutation	
1019.0	-0.10817095826255851	SEQC	permutation	
1020.0	0.2174633158333985	SEQC	permutation	
1021.0	-0.09410595275475497	SEQC	permutation	
1022.0	0.08770272284821701	SEQC	permutation	
1023.0	0.14236035812671322	SEQC	permutation	
1024.0	-0.07262931276654516	SEQC	permutation	
1025.0	0.06789607554084442	SEQC	permutation	
1026.0	-0.0759084281900102	SEQC	permutation	
1027.0	0.011041956061139224	SEQC	permutation	
1028.0	0.046362568381968394	SEQC	permutation	
1029.0	-0.039930467077089915	SEQC	permutation	
1030.0	0.1179135207661357	SEQC	permutation	
1031.0	0.04215648254228155	SEQC	permutation	
1032.0	0.08578004015621765	SEQC	permutation	
1033.0	0.13570948720255727	SEQC	permutation	
1034.0	-0.17792792505081723	SEQC	permutation	
1035.0	0.09776310895713669	SEQC	permutation	
1036.0	0.02464937053909333	SEQC	permutation	
1037.0	0.20118314299770246	SEQC	permutation	
1038.0	0.20853025466244102	SEQC	permutation	
1039.0	-0.021134599891766026	SEQC	permutation	
1040.0	0.03276134456961799	SEQC	permutation	
1041.0	0.04111996420545072	SEQC	permutation	
1042.0	0.16221973519364585	SEQC	permutation	
1043.0	0.05191136226478532	SEQC	permutation	
1044.0	0.0766740510387649	SEQC	permutation	
1045.0	-0.10342045556820967	SEQC	permutation	
1046.0	0.0245809004653057	SEQC	permutation	
1047.0	0.10679719683452982	SEQC	permutation	
1048.0	-0.08826939208298334	SEQC	permutation	
1049.0	-0.06389086332407823	SEQC	permutation	
1050.0	0.055902728616534336	SEQC	permutation	
1051.0	0.10248961640448151	SEQC	permutation	
1052.0	0.05045003256500413	SEQC	permutation	
1053.0	-0.06984636272261957	SEQC	permutation	
1054.0	0.16951745509745653	SEQC	permutation	
1055.0	0.053138656912635085	SEQC	permutation	
1056.0	-0.14165991487548135	SEQC	permutation	
1057.0	-0.06097957052133962	SEQC	permutation	
1058.0	-0.023754286688845383	SEQC	permutation	
1059.0	0.03467972720551593	SEQC	permutation	
1060.0	-0.13541042363912448	SEQC	permutation	
1061.0	-0.04747698671737721	SEQC	permutation	
1062.0	0.23210844881452708	SEQC	permutation	
1063.0	0.10908404892364576	SEQC	permutation	
1064.0	0.07317350077994744	SEQC	permutation	
1065.0	0.03200817146924706	SEQC	permutation	
1066.0	-0.03949819334042992	SEQC	permutation	
1067.0	-0.021478838300714287	SEQC	permutation	
1068.0	0.11674499926112158	SEQC	permutation	
1069.0	-0.16213193941755666	SEQC	permutation	
1070.0	0.14700967737610737	SEQC	permutation	
1071.0	-0.022498908828554764	SEQC	permutation	
1072.0	-0.008555883390702235	SEQC	permutation	
1073.0	0.010383290284844193	SEQC	permutation	
1074.0	-0.06764767975325281	SEQC	permutation	
1075.0	0.19080713521896842	SEQC	permutation	
1076.0	-0.011176116669709302	SEQC	permutation	
1077.0	-0.03465004785409631	SEQC	permutation	
1078.0	0.14805569307895494	SEQC	permutation	
1079.0	0.033181540993014735	SEQC	permutation	
1080.0	0.17789554006290453	SEQC	permutation	
1081.0	0.08024499228382354	SEQC	permutation	
1082.0	-0.04578023078083859	SEQC	permutation	
1083.0	-0.09072395388197263	SEQC	permutation	
1084.0	-0.03897013561998852	SEQC	permutation	
1085.0	0.0688130513428371	SEQC	permutation	
1086.0	0.0036347317465081908	SEQC	permutation	
1087.0	-0.1527823602130649	SEQC	permutation	
1088.0	-0.08176976476771225	SEQC	permutation	
1089.0	-0.015442855934062916	SEQC	permutation	
1090.0	-0.014215720933860254	SEQC	permutation	
1091.0	0.10725984137246414	SEQC	permutation	
1092.0	0.009177315710923395	SEQC	permutation	
1093.0	0.08326516528963746	SEQC	permutation	
1094.0	0.013345944580860358	SEQC	permutation	
1095.0	0.03805985714755922	SEQC	permutation	
1096.0	-0.1211101817236182	SEQC	permutation	
1097.0	-0.019217210127547624	SEQC	permutation	
1098.0	0.0434035557239687	SEQC	permutation	
1099.0	0.023084999009026497	SEQC	permutation	
1100.0	0.0710638406471853	SEQC	permutation	
1101.0	-0.07314655174538265	SEQC	permutation	
1102.0	0.2360736761690796	SEQC	permutation	
1103.0	0.194742688469701	SEQC	permutation	
1104.0	-0.06432933370043781	SEQC	permutation	
1105.0	-0.06836886304844647	SEQC	permutation	
1106.0	0.10384077690341886	SEQC	permutation	
1107.0	0.08440119198171114	SEQC	permutation	
1108.0	-0.05157653232024062	SEQC	permutation	
1109.0	0.1775067220633879	SEQC	permutation	
1110.0	-0.0939845359726097	SEQC	permutation	
1111.0	-0.1125563201454245	SEQC	permutation	
1112.0	-0.07387220965906804	SEQC	permutation	
1113.0	-0.16739462879796552	SEQC	permutation	
1114.0	0.036944565971254395	SEQC	permutation	
1115.0	-0.04338806319489441	SEQC	permutation	
1116.0	-0.0035759873063896386	SEQC	permutation	
1117.0	0.20791080665775796	SEQC	permutation	
1118.0	-0.009851198919298643	SEQC	permutation	
1119.0	0.0450200840383399	SEQC	permutation	
1120.0	-0.11959942554048508	SEQC	permutation	
1121.0	-0.03658294308545784	SEQC	permutation	
1122.0	-0.03158727319868637	SEQC	permutation	
1123.0	0.12131947432040535	SEQC	permutation	
1124.0	0.06033340162009182	SEQC	permutation	
1125.0	-0.09537558200449991	SEQC	permutation	
1126.0	-0.0951303791625393	SEQC	permutation	
1127.0	0.11188810020030582	SEQC	permutation	
1128.0	-0.11754510182118239	SEQC	permutation	
1129.0	0.2691871631498235	SEQC	permutation	
1130.0	-0.00728159618334745	SEQC	permutation	
1131.0	0.009622422132016695	SEQC	permutation	
1132.0	-0.009404337602665347	SEQC	permutation	
1133.0	0.12448283061457532	SEQC	permutation	
1134.0	0.026523923313650943	SEQC	permutation	
1135.0	-0.17354523333641136	SEQC	permutation	
1136.0	-0.1483709750075044	SEQC	permutation	
1137.0	-0.03930513533636448	SEQC	permutation	
1138.0	0.06203222630109684	SEQC	permutation	
1139.0	-0.02194304497543209	SEQC	permutation	
1140.0	0.12197889488787439	SEQC	permutation	
1141.0	0.037460081290834335	SEQC	permutation	
1142.0	0.032981088330453545	SEQC	permutation	
1143.0	-0.10295403112803792	SEQC	permutation	
1144.0	-0.10490662214948898	SEQC	permutation	
1145.0	-0.013904393722213637	SEQC	permutation	
1146.0	0.18562357244072203	SEQC	permutation	
1147.0	-0.07547575176592547	SEQC	permutation	
1148.0	0.1558361377019719	SEQC	permutation	
1149.0	-0.19482444061240844	SEQC	permutation	
1150.0	0.023935722275881144	SEQC	permutation	
1151.0	0.06827731171266738	SEQC	permutation	
1152.0	-0.03713778643793253	SEQC	permutation	
1153.0	0.12134697324903554	SEQC	permutation	
1154.0	-0.08713751264797409	SEQC	permutation	
1155.0	-0.09352104059691912	SEQC	permutation	
1156.0	0.0718916577122859	SEQC	permutation	
1157.0	0.2609035323774065	SEQC	permutation	
1158.0	0.06199125000926342	SEQC	permutation	
1159.0	0.0853045399059087	SEQC	permutation	
1160.0	0.1539805204682172	SEQC	permutation	
1161.0	0.06584960966813513	SEQC	permutation	
1162.0	0.05587146153788991	SEQC	permutation	
1163.0	-0.09584741029872212	SEQC	permutation	
1164.0	-0.13705565435636924	SEQC	permutation	
1165.0	-0.16571621484330867	SEQC	permutation	
1166.0	-0.11865407700139086	SEQC	permutation	
1167.0	0.14000336871757346	SEQC	permutation	
1168.0	0.05483322797840495	SEQC	permutation	
1169.0	0.04568131286234456	SEQC	permutation	
1170.0	0.2136448625456504	SEQC	permutation	
1171.0	0.08662397517916931	SEQC	permutation	
1172.0	0.130878691071048	SEQC	permutation	
1173.0	0.07081105487396488	SEQC	permutation	
1174.0	-0.1415570314139445	SEQC	permutation	
1175.0	-0.07287228302736226	SEQC	permutation	
1176.0	0.18007064540202178	SEQC	permutation	
1177.0	0.0862824986496653	SEQC	permutation	
1178.0	0.003992102904652128	SEQC	permutation	
1179.0	-0.08897942355793198	SEQC	permutation	
1180.0	-0.1147955497683033	SEQC	permutation	
1181.0	-0.03046499945248682	SEQC	permutation	
1182.0	0.018676849908423776	SEQC	permutation	
1183.0	0.04438045869632212	SEQC	permutation	
1184.0	-0.0017981769419113114	SEQC	permutation	
1185.0	-0.03220411537635659	SEQC	permutation	
1186.0	0.03586186424719573	SEQC	permutation	
1187.0	-0.179466163339272	SEQC	permutation	
1188.0	0.017104129117506695	SEQC	permutation	
1189.0	0.14193778473009244	SEQC	permutation	
1190.0	-0.12330696569690414	SEQC	permutation	
1191.0	0.20137768405074308	SEQC	permutation	
1192.0	0.039044851286213156	SEQC	permutation	
1193.0	-0.040524306425341994	SEQC	permutation	
1194.0	0.03585257053505142	SEQC	permutation	
1195.0	0.18770148099392214	SEQC	permutation	
1196.0	-0.047959456296069014	SEQC	permutation	
1197.0	0.010878954040288047	SEQC	permutation	
1198.0	-0.0077069626635144495	SEQC	permutation	
1199.0	0.11008625122110471	SEQC	permutation	
1200.0	0.025405022545080147	SEQC	permutation	
1201.0	0.1187594239068881	SEQC	permutation	
1202.0	-0.05718067880713651	SEQC	permutation	
1203.0	0.13670830580517102	SEQC	permutation	
1204.0	0.06202779485505472	SEQC	permutation	
1205.0	0.039429506113561885	SEQC	permutation	
1206.0	0.004587772597942852	SEQC	permutation	
1207.0	-0.07424328855256501	SEQC	permutation	
1208.0	-0.014403327184987269	SEQC	permutation	
1209.0	-0.12622136011087814	SEQC	permutation	
1210.0	-0.10362149587647007	SEQC	permutation	
1211.0	-0.13734197074103704	SEQC	permutation	
1212.0	-0.01922192604219708	SEQC	permutation	
1213.0	-0.022520284128612733	SEQC	permutation	
1214.0	0.16328661141629564	SEQC	permutation	
1215.0	0.03422123856531423	SEQC	permutation	
1216.0	-0.18823467639176217	SEQC	permutation	
1217.0	0.16292575838694745	SEQC	permutation	
1218.0	-0.04097321300669643	SEQC	permutation	
1219.0	0.01457395382379234	SEQC	permutation	
1220.0	-0.16279343267533086	SEQC	permutation	
1221.0	0.19532865008253486	SEQC	permutation	
1222.0	0.041631668721350046	SEQC	permutation	
1223.0	-0.09978586373598164	SEQC	permutation	
1224.0	0.0036872633771083407	SEQC	permutation	
1225.0	-0.027860787687306487	SEQC	permutation	
1226.0	0.08088187735540009	SEQC	permutation	
1227.0	0.03996563485439841	SEQC	permutation	
1228.0	-0.13539156529093965	SEQC	permutation	
1229.0	-0.15162520038285443	SEQC	permutation	
1230.0	0.1427360212006521	SEQC	permutation	
1231.0	0.053678927406823895	SEQC	permutation	
1232.0	0.0008053119447035684	SEQC	permutation	
1233.0	-0.036465237797775885	SEQC	permutation	
1234.0	0.1633493951803433	SEQC	permutation	
1235.0	-0.014973163055952643	SEQC	permutation	
1236.0	0.1885511990765738	SEQC	permutation	
1237.0	-0.0900248267301218	SEQC	permutation	
1238.0	0.10622795047964528	SEQC	permutation	
1239.0	0.016595650058615075	SEQC	permutation	
1240.0	-0.004918692741630704	SEQC	permutation	
1241.0	-0.12007594410183398	SEQC	permutation	
1242.0	0.19179928079763586	SEQC	permutation	
1243.0	0.11174546045144451	SEQC	permutation	
1244.0	-0.0159513234273998	SEQC	permutation	
1245.0	0.1763826404117106	SEQC	permutation	
1246.0	-0.008047664290710355	SEQC	permutation	
1247.0	0.12834507826850627	SEQC	permutation	
1248.0	0.00046791023127390474	SEQC	permutation	
1249.0	0.194136938995777	SEQC	permutation	
1250.0	0.02367392369093535	SEQC	permutation	
1251.0	0.06405694912306181	SEQC	permutation	
1252.0	-0.12630743078877904	SEQC	permutation	
1253.0	0.2675786415642665	SEQC	permutation	
1254.0	0.03840936257968197	SEQC	permutation	
1255.0	0.042265394394228384	SEQC	permutation	
1256.0	0.04056523649277555	SEQC	permutation	
1257.0	-0.12764468690829123	SEQC	permutation	
1258.0	-0.1914380549257202	SEQC	permutation	
1259.0	0.04920103745609561	SEQC	permutation	
1260.0	0.011092334288010708	SEQC	permutation	
1261.0	0.08152223624672983	SEQC	permutation	
1262.0	-0.13404431099506064	SEQC	permutation	
1263.0	-0.12939092627868432	SEQC	permutation	
1264.0	-0.1199969704851842	SEQC	permutation	
1265.0	-0.16334517474702448	SEQC	permutation	
1266.0	0.20454017260803337	SEQC	permutation	
1267.0	0.1347559130525351	SEQC	permutation	
1268.0	-0.0791943391847365	SEQC	permutation	
1269.0	0.169949532622776	SEQC	permutation	
1270.0	0.11170362530018085	SEQC	permutation	
1271.0	0.015486669312395396	SEQC	permutation	
1272.0	-0.009527156216437405	SEQC	permutation	
1273.0	-0.04168529633501983	SEQC	permutation	
1274.0	0.16993135122409297	SEQC	permutation	
1275.0	-0.004556024167966299	SEQC	permutation	
1276.0	0.05398989542746646	SEQC	permutation	
1277.0	-0.15167719219167708	SEQC	permutation	
1278.0	-0.05244996662737478	SEQC	permutation	
1279.0	0.04055160322124429	SEQC	permutation	
1280.0	0.24318542381953456	SEQC	permutation	
1281.0	0.1630592653295686	SEQC	permutation	
1282.0	-0.1906466107519229	SEQC	permutation	
1283.0	0.014594874231544264	SEQC	permutation	
1284.0	0.14424587642250275	SEQC	permutation	
1285.0	-0.009487455214319596	SEQC	permutation	
1286.0	0.02654993099963976	SEQC	permutation	
1287.0	0.11511063844042368	SEQC	permutation	
1288.0	0.18458362883759172	SEQC	permutation	
1289.0	0.21701622816990795	SEQC	permutation	
1290.0	0.003951028568429216	SEQC	permutation	
1291.0	0.034186687970926055	SEQC	permutation	
1292.0	-0.023844763082336407	SEQC	permutation	
1293.0	0.023640957896967407	SEQC	permutation	
1294.0	-0.0028303382363055185	SEQC	permutation	
1295.0	-0.17364467516680993	SEQC	permutation	
1296.0	-0.12194270330494295	SEQC	permutation	
1297.0	-0.1545935538613108	SEQC	permutation	
1298.0	-0.036602773403058286	SEQC	permutation	
1299.0	0.170156774736415	SEQC	permutation	
1300.0	0.2333864710358884	SEQC	permutation	
1301.0	0.07810957478635139	SEQC	permutation	
1302.0	-0.14063674467429932	SEQC	permutation	
1303.0	-0.09545980933321108	SEQC	permutation	
1304.0	-0.04919164637630313	SEQC	permutation	
1305.0	0.11231391112594924	SEQC	permutation	
1306.0	0.13013912563562835	SEQC	permutation	
1307.0	-0.08956691865059918	SEQC	permutation	
1308.0	0.10469737025734638	SEQC	permutation	
1309.0	0.11320103492124467	SEQC	permutation	
1310.0	-0.028162240370290803	SEQC	permutation	
1311.0	-0.029296347397211875	SEQC	permutation	
1312.0	0.12323321681915456	SEQC	permutation	
1313.0	0.11569625911774617	SEQC	permutation	
1314.0	0.19812252664594743	SEQC	permutation	
1315.0	0.08164873555705832	SEQC	permutation	
1316.0	0.14254937139401092	SEQC	permutation	
1317.0	-0.08102601723965153	SEQC	permutation	
1318.0	0.07906566574387242	SEQC	permutation	
1319.0	-0.04312357083046958	SEQC	permutation	
1320.0	0.016748236651848547	SEQC	permutation	
1321.0	-0.029285448623942667	SEQC	permutation	
1322.0	-0.1423627560698546	SEQC	permutation	
1323.0	0.01848991965746416	SEQC	permutation	
1324.0	0.06455273858971555	SEQC	permutation	
1325.0	0.05215041782601837	SEQC	permutation	
1326.0	-0.1183841831364072	SEQC	permutation	
1327.0	-0.121983320637995	SEQC	permutation	
1328.0	0.13585232126021607	SEQC	permutation	
1329.0	0.07412633778312427	SEQC	permutation	
1330.0	-0.10455324041787728	SEQC	permutation	
1331.0	0.003742537182451766	SEQC	permutation	
1332.0	-0.003703090643495166	SEQC	permutation	
1333.0	0.0813623961005927	SEQC	permutation	
1334.0	-0.037616530632650136	SEQC	permutation	
1335.0	-0.038107134926055775	SEQC	permutation	
1336.0	-0.04494676902213657	SEQC	permutation	
1337.0	0.17100108639701617	SEQC	permutation	
1338.0	0.14578708691917353	SEQC	permutation	
1339.0	0.06688457321147068	SEQC	permutation	
1340.0	-0.20067562369641756	SEQC	permutation	
1341.0	0.024246493805278657	SEQC	permutation	
1342.0	-0.022953468962865653	SEQC	permutation	
1343.0	0.064793484833785	SEQC	permutation	
1344.0	-0.051148069950955666	SEQC	permutation	
1345.0	-0.09081307809251848	SEQC	permutation	
1346.0	0.09642127648839827	SEQC	permutation	
1347.0	0.13748123210126506	SEQC	permutation	
1348.0	-0.21363315540155492	SEQC	permutation	
1349.0	-0.0205135762682489	SEQC	permutation	
1350.0	0.025738147355907515	SEQC	permutation	
1351.0	0.05660362252843543	SEQC	permutation	
1352.0	-0.04240112772466631	SEQC	permutation	
1353.0	0.073103479272846	SEQC	permutation	
1354.0	0.03357768829863028	SEQC	permutation	
1355.0	-0.05704936252793358	SEQC	permutation	
1356.0	-0.05652991634851645	SEQC	permutation	
1357.0	0.013949517391870003	SEQC	permutation	
1358.0	-0.020803839052925266	SEQC	permutation	
1359.0	-0.03183571186053191	SEQC	permutation	
1360.0	-0.039302334427314456	SEQC	permutation	
1361.0	0.08739041235899858	SEQC	permutation	
1362.0	-0.14322364364883589	SEQC	permutation	
1363.0	-0.06337946573488518	SEQC	permutation	
1364.0	-0.03748529191010741	SEQC	permutation	
1365.0	0.08470749103616582	SEQC	permutation	
1366.0	0.005995407053867474	SEQC	permutation	
1367.0	-0.03482059915942992	SEQC	permutation	
1368.0	-0.14736483670347544	SEQC	permutation	
1369.0	-0.012368112664893793	SEQC	permutation	
1370.0	-0.1597500063196926	SEQC	permutation	
1371.0	0.1602266161722694	SEQC	permutation	
1372.0	0.15383826112626497	SEQC	permutation	
1373.0	-0.011879674389512651	SEQC	permutation	
1374.0	-0.08447407395717699	SEQC	permutation	
1375.0	0.14806187955625072	SEQC	permutation	
1376.0	-0.06781339018079979	SEQC	permutation	
1377.0	-0.0006161962565771617	SEQC	permutation	
1378.0	-0.06229667495781932	SEQC	permutation	
1379.0	0.0032217334832496114	SEQC	permutation	
1380.0	0.06247710687467034	SEQC	permutation	
1381.0	-0.037862753324612086	SEQC	permutation	
1382.0	0.07157422627027943	SEQC	permutation	
1383.0	0.05047607457787162	SEQC	permutation	
1384.0	-0.09038379278125186	SEQC	permutation	
1385.0	0.241115333738799	SEQC	permutation	
1386.0	0.0971495853457851	SEQC	permutation	
1387.0	0.025965642839508085	SEQC	permutation	
1388.0	-0.134667527632772	SEQC	permutation	
1389.0	0.16245817639336968	SEQC	permutation	
1390.0	0.15498212540399425	SEQC	permutation	
1391.0	0.23742147814963355	SEQC	permutation	
1392.0	0.07791159071296239	SEQC	permutation	
1393.0	-0.07634678477127999	SEQC	permutation	
1394.0	0.18676750715518997	SEQC	permutation	
1395.0	0.12333910926415115	SEQC	permutation	
1396.0	-0.11808216424933171	SEQC	permutation	
1397.0	-0.04217446776589462	SEQC	permutation	
1398.0	0.06732423183247205	SEQC	permutation	
1399.0	-0.01963855481811061	SEQC	permutation	
1400.0	0.07040731947469148	SEQC	permutation	
1401.0	-0.06039027603272196	SEQC	permutation	
1402.0	0.09656018863563176	SEQC	permutation	
1403.0	0.034139838407749146	SEQC	permutation	
1404.0	-0.034139830285806916	SEQC	permutation	
1405.0	0.024896396563986567	SEQC	permutation	
1406.0	0.0642587446962608	SEQC	permutation	
1407.0	0.22630028149430848	SEQC	permutation	
1408.0	0.07450435797320054	SEQC	permutation	
1409.0	0.07893976152934323	SEQC	permutation	
1410.0	0.3002104734227613	SEQC	permutation	
1411.0	-0.024882343945433316	SEQC	permutation	
1412.0	0.015644198049451497	SEQC	permutation	
1413.0	0.15908007390012768	SEQC	permutation	
1414.0	-0.16915788807407184	SEQC	permutation	
1415.0	-0.029905161842502803	SEQC	permutation	
1416.0	-0.04013525432740961	SEQC	permutation	
1417.0	0.07127871181566636	SEQC	permutation	
1418.0	0.12246957070414011	SEQC	permutation	
1419.0	-0.10322490815486862	SEQC	permutation	
1420.0	0.01996120486325559	SEQC	permutation	
1421.0	0.0771695709382203	SEQC	permutation	
1422.0	0.039301364934297034	SEQC	permutation	
1423.0	-0.15045958372551205	SEQC	permutation	
1424.0	-0.056492341999622386	SEQC	permutation	
1425.0	-0.06009651213662881	SEQC	permutation	
1426.0	0.10237928372326488	SEQC	permutation	
1427.0	0.14489163665308302	SEQC	permutation	
1428.0	0.014977280467330267	SEQC	permutation	
1429.0	0.21705614740149404	SEQC	permutation	
1430.0	0.3576887131626556	SEQC	permutation	
1431.0	-0.018143551986643303	SEQC	permutation	
1432.0	0.0014814490448267215	SEQC	permutation	
1433.0	-0.20561543477840738	SEQC	permutation	
1434.0	0.22905281320034732	SEQC	permutation	
1435.0	-0.017096473451226224	SEQC	permutation	
1436.0	-0.024440012714505688	SEQC	permutation	
1437.0	-0.06791886268029179	SEQC	permutation	
1438.0	-0.006808272534525983	SEQC	permutation	
1439.0	-0.012895673755537906	SEQC	permutation	
1440.0	0.055125246292832664	SEQC	permutation	
1441.0	-0.00048320893442133084	SEQC	permutation	
1442.0	0.02709510757839606	SEQC	permutation	
1443.0	0.14516792059575323	SEQC	permutation	
1444.0	-0.00545530095366642	SEQC	permutation	
1445.0	0.0074795648104721835	SEQC	permutation	
1446.0	-0.10362022893430156	SEQC	permutation	
1447.0	0.09926171460663724	SEQC	permutation	
1448.0	0.0030618750469759703	SEQC	permutation	
1449.0	0.13790587566910206	SEQC	permutation	
1450.0	-0.10085919661499565	SEQC	permutation	
1451.0	-0.029014343663900544	SEQC	permutation	
1452.0	0.01522966049267982	SEQC	permutation	
1453.0	0.05824977493713979	SEQC	permutation	
1454.0	0.13676162207615183	SEQC	permutation	
1455.0	-0.08695672960255774	SEQC	permutation	
1456.0	0.09868882860896777	SEQC	permutation	
1457.0	-0.18157288040541664	SEQC	permutation	
1458.0	0.029096109951534554	SEQC	permutation	
1459.0	-0.017535743033213702	SEQC	permutation	
1460.0	-0.012788180634472734	SEQC	permutation	
1461.0	0.17120781956582665	SEQC	permutation	
1462.0	0.2202568564501819	SEQC	permutation	
1463.0	-0.015739016925746085	SEQC	permutation	
1464.0	-0.020726836982961405	SEQC	permutation	
1465.0	0.2302084671404625	SEQC	permutation	
1466.0	-0.02305239030891837	SEQC	permutation	
1467.0	-0.01956154907339247	SEQC	permutation	
1468.0	-0.09222502901809326	SEQC	permutation	
1469.0	0.08500886732084423	SEQC	permutation	
1470.0	0.01601679894086594	SEQC	permutation	
1471.0	-0.024460033370947265	SEQC	permutation	
1472.0	0.016830848141606847	SEQC	permutation	
1473.0	-0.1087253304287974	SEQC	permutation	
1474.0	-0.07369129002748975	SEQC	permutation	
1475.0	-0.04607034157128487	SEQC	permutation	
1476.0	-0.06985293882451682	SEQC	permutation	
1477.0	0.18828403621051581	SEQC	permutation	
1478.0	-0.17986860265497562	SEQC	permutation	
1479.0	0.21952414221997119	SEQC	permutation	
1480.0	-0.15497179299156238	SEQC	permutation	
1481.0	-0.12808179665866737	SEQC	permutation	
1482.0	0.0679173575499572	SEQC	permutation	
1483.0	-0.010458069700559847	SEQC	permutation	
1484.0	0.009532452604168018	SEQC	permutation	
1485.0	0.0646293323169953	SEQC	permutation	
1486.0	-0.1030454661744229	SEQC	permutation	
1487.0	-0.002934333820068691	SEQC	permutation	
1488.0	-0.09201977084986712	SEQC	permutation	
1489.0	0.06655280273395148	SEQC	permutation	
1490.0	0.11540142598716274	SEQC	permutation	
1491.0	-0.18940149582662302	SEQC	permutation	
1492.0	0.0021468870790624095	SEQC	permutation	
1493.0	0.17632266310830635	SEQC	permutation	
1494.0	-0.029915466312917527	SEQC	permutation	
1495.0	-0.07919440770287034	SEQC	permutation	
1496.0	-0.04022234636221711	SEQC	permutation	
1497.0	0.3548317026467691	SEQC	permutation	
1498.0	0.010323843447869407	SEQC	permutation	
1499.0	0.03895185104493981	SEQC	permutation	
1500.0	-0.06713610205825349	SEQC	permutation	
1501.0	-0.01407108893479947	SEQC	permutation	
1502.0	0.06270521798055517	SEQC	permutation	
1503.0	-0.006923857194073957	SEQC	permutation	
1504.0	0.2398472362269839	SEQC	permutation	
1505.0	0.045260400223088304	SEQC	permutation	
1506.0	0.04937162165941977	SEQC	permutation	
1507.0	-0.004726950411968023	SEQC	permutation	
1508.0	-0.06707048816551975	SEQC	permutation	
1509.0	-0.07292562807198166	SEQC	permutation	
1510.0	-0.25086629576004826	SEQC	permutation	
1511.0	0.18142433773443667	SEQC	permutation	
1512.0	0.16104250338336623	SEQC	permutation	
1513.0	-0.1738784858001261	SEQC	permutation	
1514.0	-0.16937641643448398	SEQC	permutation	
1515.0	0.04871855470521114	SEQC	permutation	
1516.0	-0.10728512715079752	SEQC	permutation	
1517.0	-0.026709849267986918	SEQC	permutation	
1518.0	-0.06045488065544147	SEQC	permutation	
1519.0	-0.03150796545496082	SEQC	permutation	
1520.0	0.013167433783735305	SEQC	permutation	
1521.0	-0.22189113148575146	SEQC	permutation	
1522.0	0.014870706799475997	SEQC	permutation	
1523.0	0.17358067357272988	SEQC	permutation	
1524.0	0.12273246953042571	SEQC	permutation	
1525.0	-0.11707214642968333	SEQC	permutation	
1526.0	0.09170363765538303	SEQC	permutation	
1527.0	0.21943092641580852	SEQC	permutation	
1528.0	0.11535929686271595	SEQC	permutation	
1529.0	0.17717714024777864	SEQC	permutation	
1530.0	0.07628735835407241	SEQC	permutation	
1531.0	0.02179797391867755	SEQC	permutation	
1532.0	0.22779118264637166	SEQC	permutation	
1533.0	0.13756073065534924	SEQC	permutation	
1534.0	-0.014079124722095493	SEQC	permutation	
1535.0	0.06578123366761535	SEQC	permutation	
1536.0	0.21693119921039594	SEQC	permutation	
1537.0	0.07677962742447919	SEQC	permutation	
1538.0	-0.2532480697687305	SEQC	permutation	
1539.0	-0.04438503699630214	SEQC	permutation	
1540.0	-0.12512825472113276	SEQC	permutation	
1541.0	0.13333592707944764	SEQC	permutation	
1542.0	0.04988646669714214	SEQC	permutation	
1543.0	-0.03234220482131267	SEQC	permutation	
1544.0	0.22926433062451013	SEQC	permutation	
1545.0	0.07460989169920795	SEQC	permutation	
1546.0	-0.04425037109502705	SEQC	permutation	
1547.0	0.16226427682833444	SEQC	permutation	
1548.0	0.05436679238139286	SEQC	permutation	
1549.0	0.0237441204059321	SEQC	permutation	
1550.0	-0.14827827093812918	SEQC	permutation	
1551.0	-0.08693625704759178	SEQC	permutation	
1552.0	-0.013041341564016484	SEQC	permutation	
1553.0	-0.058706451122534364	SEQC	permutation	
1554.0	0.13304916172892245	SEQC	permutation	
1555.0	0.2140718000996582	SEQC	permutation	
1556.0	-0.020880309505746375	SEQC	permutation	
1557.0	-0.002448285388559235	SEQC	permutation	
1558.0	0.19407579700585353	SEQC	permutation	
1559.0	-0.05850445458153075	SEQC	permutation	
1560.0	0.029237881220590012	SEQC	permutation	
1561.0	0.04769995814906958	SEQC	permutation	
1562.0	0.017837979479047306	SEQC	permutation	
1563.0	-0.11630351455491716	SEQC	permutation	
1564.0	-0.04892286987143679	SEQC	permutation	
1565.0	0.0965349298444309	SEQC	permutation	
1566.0	0.05292556713702412	SEQC	permutation	
1567.0	0.07153982530369873	SEQC	permutation	
1568.0	0.06631126380210084	SEQC	permutation	
1569.0	-0.09571927518297896	SEQC	permutation	
1570.0	-0.10415213033187332	SEQC	permutation	
1571.0	0.18878509971529223	SEQC	permutation	
1572.0	0.1733107910216014	SEQC	permutation	
1573.0	0.14829207432134295	SEQC	permutation	
1574.0	-0.10150604794473628	SEQC	permutation	
1575.0	0.08079562516002348	SEQC	permutation	
1576.0	0.09040232859761321	SEQC	permutation	
1577.0	-0.17111585532217122	SEQC	permutation	
1578.0	0.019443880710761974	SEQC	permutation	
1579.0	0.12891530381234473	SEQC	permutation	
1580.0	-0.010957569983853777	SEQC	permutation	
1581.0	0.17071222711845513	SEQC	permutation	
1582.0	-0.03305843216297122	SEQC	permutation	
1583.0	0.025766184242404844	SEQC	permutation	
1584.0	-0.1860337349584067	SEQC	permutation	
1585.0	-0.04125769890695086	SEQC	permutation	
1586.0	0.17879385529113456	SEQC	permutation	
1587.0	0.03524837827283678	SEQC	permutation	
1588.0	0.13931567134007983	SEQC	permutation	
1589.0	-0.1868094521726098	SEQC	permutation	
1590.0	0.046462868416705216	SEQC	permutation	
1591.0	0.033088691078642096	SEQC	permutation	
1592.0	-0.00240090806394333	SEQC	permutation	
1593.0	0.14230813576714185	SEQC	permutation	
1594.0	0.01805564329083431	SEQC	permutation	
1595.0	-0.05170174200120581	SEQC	permutation	
1596.0	0.1451646949688148	SEQC	permutation	
1597.0	-0.049822965104274086	SEQC	permutation	
1598.0	0.09047790879959106	SEQC	permutation	
1599.0	-0.004561538315355218	SEQC	permutation	
1600.0	0.16847437830114753	SEQC	permutation	
1601.0	-0.044101695092460425	SEQC	permutation	
1602.0	0.07233013726935766	SEQC	permutation	
1603.0	-0.018374032938568874	SEQC	permutation	
1604.0	-0.2081705439938295	SEQC	permutation	
1605.0	-0.0600615757935028	SEQC	permutation	
1606.0	-0.23924812749798807	SEQC	permutation	
1607.0	-0.028453515722851375	SEQC	permutation	
1608.0	0.010195322851788813	SEQC	permutation	
1609.0	0.11955253013165379	SEQC	permutation	
1610.0	0.03502154773744515	SEQC	permutation	
1611.0	0.03662320830971533	SEQC	permutation	
1612.0	-0.14599052503324206	SEQC	permutation	
1613.0	0.1631654675837857	SEQC	permutation	
1614.0	0.3540972974071397	SEQC	permutation	
1615.0	-0.19421386975760058	SEQC	permutation	
1616.0	0.12081991018652394	SEQC	permutation	
1617.0	0.05362245675667321	SEQC	permutation	
1618.0	-0.021029511117800048	SEQC	permutation	
1619.0	-0.16684703031762327	SEQC	permutation	
1620.0	-0.08532463962818815	SEQC	permutation	
1621.0	0.19596107447137	SEQC	permutation	
1622.0	0.14405393632953434	SEQC	permutation	
1623.0	-0.09370780524861866	SEQC	permutation	
1624.0	-0.024826236974090143	SEQC	permutation	
1625.0	0.003476966639995638	SEQC	permutation	
1626.0	0.056874934670057886	SEQC	permutation	
1627.0	0.11506148386210802	SEQC	permutation	
1628.0	0.03476891472695742	SEQC	permutation	
1629.0	-0.020575892956838704	SEQC	permutation	
1630.0	0.06590125682110726	SEQC	permutation	
1631.0	-0.04267717299961271	SEQC	permutation	
1632.0	-0.03715243310928207	SEQC	permutation	
1633.0	0.0336215842071832	SEQC	permutation	
1634.0	0.16328187607534295	SEQC	permutation	
1635.0	-0.03002780285755069	SEQC	permutation	
1636.0	0.16102932194807495	SEQC	permutation	
1637.0	0.05757387850089746	SEQC	permutation	
1638.0	0.003121043061212969	SEQC	permutation	
1639.0	0.24729473556796755	SEQC	permutation	
1640.0	0.07183282598898089	SEQC	permutation	
1641.0	0.18031485047630547	SEQC	permutation	
1642.0	-0.0033551037003332063	SEQC	permutation	
1643.0	0.15543579013129438	SEQC	permutation	
1644.0	0.1656487993369833	SEQC	permutation	
1645.0	-0.21180146576499626	SEQC	permutation	
1646.0	-0.011980091862780817	SEQC	permutation	
1647.0	0.027899175326378423	SEQC	permutation	
1648.0	-0.07682617009781412	SEQC	permutation	
1649.0	0.011923867939416688	SEQC	permutation	
1650.0	0.01603614206815296	SEQC	permutation	
1651.0	0.08891608578042831	SEQC	permutation	
1652.0	0.06017456845622293	SEQC	permutation	
1653.0	-0.16500166634753421	SEQC	permutation	
1654.0	0.11199258980623483	SEQC	permutation	
1655.0	-0.09073242404474158	SEQC	permutation	
1656.0	0.06476877200654618	SEQC	permutation	
1657.0	-0.06856291118218616	SEQC	permutation	
1658.0	0.19013625957331115	SEQC	permutation	
1659.0	-0.08728304022727107	SEQC	permutation	
1660.0	-0.036180223195712014	SEQC	permutation	
1661.0	0.11472941468605402	SEQC	permutation	
1662.0	-0.059894612966812755	SEQC	permutation	
1663.0	-0.02812611912301133	SEQC	permutation	
1664.0	0.022523603347446297	SEQC	permutation	
1665.0	0.08453200060087251	SEQC	permutation	
1666.0	0.1044492092762015	SEQC	permutation	
1667.0	0.03038699041420223	SEQC	permutation	
1668.0	0.07011929796031602	SEQC	permutation	
1669.0	-0.029926519017088538	SEQC	permutation	
1670.0	-0.05356164006576547	SEQC	permutation	
1671.0	-0.22968609880252489	SEQC	permutation	
1672.0	0.062387458639865834	SEQC	permutation	
1673.0	-0.18554199998864762	SEQC	permutation	
1674.0	0.08002012756140164	SEQC	permutation	
1675.0	-0.023934042620712415	SEQC	permutation	
1676.0	-0.006923394762476498	SEQC	permutation	
1677.0	0.05316796376231192	SEQC	permutation	
1678.0	0.14547720015767496	SEQC	permutation	
1679.0	0.023483234917843987	SEQC	permutation	
1680.0	0.07000154755034238	SEQC	permutation	
1681.0	-0.2496351725310424	SEQC	permutation	
1682.0	0.26924243306264906	SEQC	permutation	
1683.0	0.04581250267740078	SEQC	permutation	
1684.0	0.1793304095155217	SEQC	permutation	
1685.0	0.04474143914967588	SEQC	permutation	
1686.0	-0.08850570263391244	SEQC	permutation	
1687.0	0.03016722172348496	SEQC	permutation	
1688.0	0.11809757517007213	SEQC	permutation	
1689.0	0.0004239598534114819	SEQC	permutation	
1690.0	-0.15941142755928572	SEQC	permutation	
1691.0	0.07313659016551322	SEQC	permutation	
1692.0	0.09399461026170641	SEQC	permutation	
1693.0	-0.021143253720385502	SEQC	permutation	
1694.0	-0.0681528500408235	SEQC	permutation	
1695.0	-0.20135005339840095	SEQC	permutation	
1696.0	-0.0962487980040434	SEQC	permutation	
1697.0	-0.005498063435247502	SEQC	permutation	
1698.0	0.03908862278914782	SEQC	permutation	
1699.0	0.19685224114214295	SEQC	permutation	
1700.0	-0.13169429961053458	SEQC	permutation	
1701.0	-0.03987556518240476	SEQC	permutation	
1702.0	-0.15150567054122765	SEQC	permutation	
1703.0	-0.08642561606619248	SEQC	permutation	
1704.0	-0.0093087012719133	SEQC	permutation	
1705.0	0.12519674839830186	SEQC	permutation	
1706.0	-0.21547728378247832	SEQC	permutation	
1707.0	0.06519955099463104	SEQC	permutation	
1708.0	-0.1393809154338701	SEQC	permutation	
1709.0	0.04112279806360197	SEQC	permutation	
1710.0	0.0040407324301523495	SEQC	permutation	
1711.0	0.011066041586296205	SEQC	permutation	
1712.0	-0.17618481937852604	SEQC	permutation	
1713.0	-0.021171478745823702	SEQC	permutation	
1714.0	0.09452855014148165	SEQC	permutation	
1715.0	-0.11895551012127603	SEQC	permutation	
1716.0	0.05596000755625674	SEQC	permutation	
1717.0	0.14076064653877962	SEQC	permutation	
1718.0	0.006455764766277738	SEQC	permutation	
1719.0	-0.14046599035725293	SEQC	permutation	
1720.0	-0.017497904701943234	SEQC	permutation	
1721.0	-0.12235813011737351	SEQC	permutation	
1722.0	0.03488678867211625	SEQC	permutation	
1723.0	0.13385499899455988	SEQC	permutation	
1724.0	0.10247659054308711	SEQC	permutation	
1725.0	0.03210999315369012	SEQC	permutation	
1726.0	-0.06903028159848335	SEQC	permutation	
1727.0	0.00706559974235077	SEQC	permutation	
1728.0	-0.061167839415131375	SEQC	permutation	
1729.0	0.3584228076430942	SEQC	permutation	
1730.0	0.2938443465023104	SEQC	permutation	
1731.0	0.2782419535356331	SEQC	permutation	
1732.0	-0.021950609101904384	SEQC	permutation	
1733.0	-0.035395809337545714	SEQC	permutation	
1734.0	-0.018916778806191026	SEQC	permutation	
1735.0	0.22602208944984126	SEQC	permutation	
1736.0	0.04539066996048069	SEQC	permutation	
1737.0	0.1549117201164676	SEQC	permutation	
1738.0	0.02803729193611293	SEQC	permutation	
1739.0	-0.10006626170873201	SEQC	permutation	
1740.0	0.07780533775797416	SEQC	permutation	
1741.0	0.22466817018142216	SEQC	permutation	
1742.0	0.03834492311822624	SEQC	permutation	
1743.0	-0.12722371015384937	SEQC	permutation	
1744.0	-0.0511976461247623	SEQC	permutation	
1745.0	-0.012312391020348645	SEQC	permutation	
1746.0	0.10070811505750799	SEQC	permutation	
1747.0	-0.03870832540389024	SEQC	permutation	
1748.0	0.0014125680624008652	SEQC	permutation	
1749.0	0.08876245713821262	SEQC	permutation	
1750.0	0.23743475202891062	SEQC	permutation	
1751.0	-0.10581165893859001	SEQC	permutation	
1752.0	0.18769753926162247	SEQC	permutation	
1753.0	0.23808612890152858	SEQC	permutation	
1754.0	0.02990740480436438	SEQC	permutation	
1755.0	-0.15048417907748357	SEQC	permutation	
1756.0	0.06414781493027633	SEQC	permutation	
1757.0	0.18586527450764478	SEQC	permutation	
1758.0	-0.03424186015455133	SEQC	permutation	
1759.0	-0.06953542572173044	SEQC	permutation	
1760.0	0.033888065016129065	SEQC	permutation	
1761.0	0.3494966862582487	SEQC	permutation	
1762.0	-0.0492646226230109	SEQC	permutation	
1763.0	0.025793153615565778	SEQC	permutation	
1764.0	-0.10603257598876104	SEQC	permutation	
1765.0	0.009888103697397899	SEQC	permutation	
1766.0	0.07329227649239112	SEQC	permutation	
1767.0	-0.1031082619474466	SEQC	permutation	
1768.0	-0.014735235100659327	SEQC	permutation	
1769.0	-0.014403899760896621	SEQC	permutation	
1770.0	-0.08449439977613027	SEQC	permutation	
1771.0	0.0053269809254019584	SEQC	permutation	
1772.0	-0.09662047253222994	SEQC	permutation	
1773.0	0.02011828401200777	SEQC	permutation	
1774.0	-0.05463305383842432	SEQC	permutation	
1775.0	-0.3225888671716963	SEQC	permutation	
1776.0	-0.007933127322533817	SEQC	permutation	
1777.0	0.07733760429795522	SEQC	permutation	
1778.0	-0.17895104942189333	SEQC	permutation	
1779.0	-0.11362027997238089	SEQC	permutation	
1780.0	0.06841892166481989	SEQC	permutation	
1781.0	0.08642355949554048	SEQC	permutation	
1782.0	0.0840304001218346	SEQC	permutation	
1783.0	-0.09061159366401572	SEQC	permutation	
1784.0	0.02396196415758345	SEQC	permutation	
1785.0	-0.15396869786090006	SEQC	permutation	
1786.0	-0.1621818105289643	SEQC	permutation	
1787.0	0.11956191178214182	SEQC	permutation	
1788.0	0.16329583242460988	SEQC	permutation	
1789.0	0.21166803019721092	SEQC	permutation	
1790.0	0.01884643038363043	SEQC	permutation	
1791.0	0.24627612712433544	SEQC	permutation	
1792.0	-0.028899233792642143	SEQC	permutation	
1793.0	-0.24360017526957467	SEQC	permutation	
1794.0	0.03610853596032726	SEQC	permutation	
1795.0	0.014539089126273108	SEQC	permutation	
1796.0	0.182607561310137	SEQC	permutation	
1797.0	-0.07260820836687154	SEQC	permutation	
1798.0	-0.03617902270183082	SEQC	permutation	
1799.0	0.09193286465242201	SEQC	permutation	
1800.0	0.10009345294966154	SEQC	permutation	
1801.0	-0.15207786540534007	SEQC	permutation	
1802.0	0.05115386657670973	SEQC	permutation	
1803.0	-0.14886340208329818	SEQC	permutation	
1804.0	0.1258431137185716	SEQC	permutation	
1805.0	0.052286432146845474	SEQC	permutation	
1806.0	-1.9334934508563606e-05	SEQC	permutation	
1807.0	0.021586560916267317	SEQC	permutation	
1808.0	0.016467654385791786	SEQC	permutation	
1809.0	-0.057663481954848717	SEQC	permutation	
1810.0	0.11618042151489671	SEQC	permutation	
1811.0	0.007852011182739371	SEQC	permutation	
1812.0	0.0991706181923786	SEQC	permutation	
1813.0	-0.014993989591842727	SEQC	permutation	
1814.0	-0.013443026036129346	SEQC	permutation	
1815.0	0.09435086296710793	SEQC	permutation	
1816.0	0.04023914034332776	SEQC	permutation	
1817.0	0.13608441665055038	SEQC	permutation	
1818.0	0.0062254942182145	SEQC	permutation	
1819.0	-0.0670805258827678	SEQC	permutation	
1820.0	-0.15995269023936887	SEQC	permutation	
1821.0	-0.11484222223084739	SEQC	permutation	
1822.0	0.11711654805429506	SEQC	permutation	
1823.0	-0.08529800762407636	SEQC	permutation	
1824.0	0.15084701939124834	SEQC	permutation	
1825.0	-0.03908791199325323	SEQC	permutation	
1826.0	0.3176034131297918	SEQC	permutation	
1827.0	-0.049354367194797355	SEQC	permutation	
1828.0	0.16827851233420876	SEQC	permutation	
1829.0	0.030265204762280007	SEQC	permutation	
1830.0	-0.041138264729580154	SEQC	permutation	
1831.0	-0.12156303046659733	SEQC	permutation	
1832.0	0.03720835504631026	SEQC	permutation	
1833.0	0.16953491632312012	SEQC	permutation	
1834.0	-0.09752949336314387	SEQC	permutation	
1835.0	0.008686958544167567	SEQC	permutation	
1836.0	0.019166212146222605	SEQC	permutation	
1837.0	-0.09662810043933501	SEQC	permutation	
1838.0	0.002920444826552515	SEQC	permutation	
1839.0	-0.0882920432750014	SEQC	permutation	
1840.0	-0.08989383163090192	SEQC	permutation	
1841.0	0.17880622865067197	SEQC	permutation	
1842.0	0.04848273690406568	SEQC	permutation	
1843.0	0.21811309521726674	SEQC	permutation	
1844.0	0.0711291975378372	SEQC	permutation	
1845.0	0.23679445546357547	SEQC	permutation	
1846.0	-0.03544870978096215	SEQC	permutation	
1847.0	0.16733439728052124	SEQC	permutation	
1848.0	-0.11320811601477576	SEQC	permutation	
1849.0	-0.0933268315539677	SEQC	permutation	
1850.0	0.12980505146948484	SEQC	permutation	
1851.0	-0.05100146881133938	SEQC	permutation	
1852.0	-0.03762048659917783	SEQC	permutation	
1853.0	0.04808979620249065	SEQC	permutation	
1854.0	0.11263947473341096	SEQC	permutation	
1855.0	0.11999001809777843	SEQC	permutation	
1856.0	0.10129648853980822	SEQC	permutation	
1857.0	0.07924859395881478	SEQC	permutation	
1858.0	0.0005934746479256958	SEQC	permutation	
1859.0	0.05089434922089531	SEQC	permutation	
1860.0	0.03377998679152361	SEQC	permutation	
1861.0	-0.02802776246593952	SEQC	permutation	
1862.0	-0.00905118978142605	SEQC	permutation	
1863.0	0.09536649763504634	SEQC	permutation	
1864.0	0.05496219355384335	SEQC	permutation	
1865.0	-0.016329735910725507	SEQC	permutation	
1866.0	-0.004308481609320403	SEQC	permutation	
1867.0	0.04113289094654027	SEQC	permutation	
1868.0	0.0766188031580981	SEQC	permutation	
1869.0	0.05042243591727047	SEQC	permutation	
1870.0	-0.041032136873464076	SEQC	permutation	
1871.0	0.13814008269039801	SEQC	permutation	
1872.0	-0.0041482405181940685	SEQC	permutation	
1873.0	-0.05793982592198743	SEQC	permutation	
1874.0	-0.12185988436434236	SEQC	permutation	
1875.0	0.012619954587487214	SEQC	permutation	
1876.0	-0.12751900024705964	SEQC	permutation	
1877.0	-0.07252592652358825	SEQC	permutation	
1878.0	0.06162618523510943	SEQC	permutation	
1879.0	0.13616595062201764	SEQC	permutation	
1880.0	0.07131561849902468	SEQC	permutation	
1881.0	0.004495241018650731	SEQC	permutation	
1882.0	0.04142739016297847	SEQC	permutation	
1883.0	-0.01767459204947075	SEQC	permutation	
1884.0	-0.2246201049572929	SEQC	permutation	
1885.0	0.21401517835514516	SEQC	permutation	
1886.0	0.08770197787971945	SEQC	permutation	
1887.0	-0.005851473244710359	SEQC	permutation	
1888.0	-0.052476896476599144	SEQC	permutation	
1889.0	0.000903394810282343	SEQC	permutation	
1890.0	0.01127497569471858	SEQC	permutation	
1891.0	-0.05098845160421783	SEQC	permutation	
1892.0	0.10020190808325369	SEQC	permutation	
1893.0	-0.06010307152019623	SEQC	permutation	
1894.0	-0.05608471086297406	SEQC	permutation	
1895.0	0.025915630095886488	SEQC	permutation	
1896.0	0.131869755356135	SEQC	permutation	
1897.0	-0.14734572231584275	SEQC	permutation	
1898.0	-0.03746728682139944	SEQC	permutation	
1899.0	-0.04376724162217416	SEQC	permutation	
1900.0	-0.055348497293981946	SEQC	permutation	
1901.0	-0.01301720979215526	SEQC	permutation	
1902.0	-0.12338797262271894	SEQC	permutation	
1903.0	0.04764441528854446	SEQC	permutation	
1904.0	0.1334404119317849	SEQC	permutation	
1905.0	0.12706104830637077	SEQC	permutation	
1906.0	0.08400833872231495	SEQC	permutation	
1907.0	0.060924394451473685	SEQC	permutation	
1908.0	0.17207078515329766	SEQC	permutation	
1909.0	0.07255859172122037	SEQC	permutation	
1910.0	-0.033711611185415435	SEQC	permutation	
1911.0	-0.05962212787079979	SEQC	permutation	
1912.0	0.04697575532086873	SEQC	permutation	
1913.0	0.14356962537825524	SEQC	permutation	
1914.0	-0.038207531986364174	SEQC	permutation	
1915.0	0.10104677819229613	SEQC	permutation	
1916.0	0.25038121458557283	SEQC	permutation	
1917.0	0.14282836899735285	SEQC	permutation	
1918.0	0.13502055005765268	SEQC	permutation	
1919.0	0.06421171834750972	SEQC	permutation	
1920.0	-0.06017455219586454	SEQC	permutation	
1921.0	0.10496039625138742	SEQC	permutation	
1922.0	0.1157723516329674	SEQC	permutation	
1923.0	-0.045817856055188066	SEQC	permutation	
1924.0	0.11122110605285584	SEQC	permutation	
1925.0	-0.1335531483718868	SEQC	permutation	
1926.0	0.17555555647296162	SEQC	permutation	
1927.0	0.14485651187844528	SEQC	permutation	
1928.0	-0.21201153817186036	SEQC	permutation	
1929.0	0.1264019233693614	SEQC	permutation	
1930.0	0.020716892768172457	SEQC	permutation	
1931.0	0.042899514122066496	SEQC	permutation	
1932.0	-0.06468182705001313	SEQC	permutation	
1933.0	0.17272069190057415	SEQC	permutation	
1934.0	-0.09503175333870262	SEQC	permutation	
1935.0	-0.14068730169227717	SEQC	permutation	
1936.0	-0.07288258217764199	SEQC	permutation	
1937.0	-0.010029818907377308	SEQC	permutation	
1938.0	0.031135772325119326	SEQC	permutation	
1939.0	-0.1214491277506351	SEQC	permutation	
1940.0	0.07902523958710717	SEQC	permutation	
1941.0	0.07277242626233837	SEQC	permutation	
1942.0	-0.1191815662535638	SEQC	permutation	
1943.0	0.14048665175417296	SEQC	permutation	
1944.0	0.17777973428409988	SEQC	permutation	
1945.0	0.14257067908606658	SEQC	permutation	
1946.0	0.028150730996242324	SEQC	permutation	
1947.0	0.033164397055966965	SEQC	permutation	
1948.0	-0.08866711649489467	SEQC	permutation	
1949.0	0.02469061996074995	SEQC	permutation	
1950.0	-0.045803674131193794	SEQC	permutation	
1951.0	-0.266148774645774	SEQC	permutation	
1952.0	-0.03900032518248153	SEQC	permutation	
1953.0	-0.017301668739838405	SEQC	permutation	
1954.0	0.11877247171064331	SEQC	permutation	
1955.0	0.07403533025913989	SEQC	permutation	
1956.0	0.021274068448116967	SEQC	permutation	
1957.0	0.072261349384378	SEQC	permutation	
1958.0	0.10832686681686132	SEQC	permutation	
1959.0	-0.06539139694456253	SEQC	permutation	
1960.0	0.13618430808295523	SEQC	permutation	
1961.0	-0.06472720420255307	SEQC	permutation	
1962.0	0.019893648888483995	SEQC	permutation	
1963.0	0.047237507074724405	SEQC	permutation	
1964.0	0.06045131047054264	SEQC	permutation	
1965.0	-0.16530614785582554	SEQC	permutation	
1966.0	0.0042096810480947155	SEQC	permutation	
1967.0	0.02114299343365067	SEQC	permutation	
1968.0	0.06317369879587975	SEQC	permutation	
1969.0	0.14293428159224275	SEQC	permutation	
1970.0	0.004894777394881089	SEQC	permutation	
1971.0	-0.12419599522020341	SEQC	permutation	
1972.0	0.05101232930250621	SEQC	permutation	
1973.0	0.1299761532517647	SEQC	permutation	
1974.0	0.01986909474555132	SEQC	permutation	
1975.0	0.09261830505467916	SEQC	permutation	
1976.0	-0.05217767170810683	SEQC	permutation	
1977.0	0.058800075817716735	SEQC	permutation	
1978.0	-0.05475629714139085	SEQC	permutation	
1979.0	0.06840153437918683	SEQC	permutation	
1980.0	0.13358357429071566	SEQC	permutation	
1981.0	0.08871923199189569	SEQC	permutation	
1982.0	0.09738615848715071	SEQC	permutation	
1983.0	-0.04373925587843841	SEQC	permutation	
1984.0	0.062381066647585914	SEQC	permutation	
1985.0	0.1492281496378962	SEQC	permutation	
1986.0	0.06834772833106895	SEQC	permutation	
1987.0	-0.23613808725131902	SEQC	permutation	
1988.0	-0.055023926508253496	SEQC	permutation	
1989.0	0.059706225861278384	SEQC	permutation	
1990.0	0.04980124476216519	SEQC	permutation	
1991.0	0.0040409240578704875	SEQC	permutation	
1992.0	0.06855822841757986	SEQC	permutation	
1993.0	0.09693542795123422	SEQC	permutation	
1994.0	0.03494565536063865	SEQC	permutation	
1995.0	-0.1371040684701792	SEQC	permutation	
1996.0	-0.01992167088761354	SEQC	permutation	
1997.0	0.011758029546546922	SEQC	permutation	
1998.0	-0.035307758146514434	SEQC	permutation	
1999.0	0.24132424501501193	SEQC	permutation	
2000.0	0.06353936983611819	SEQC	permutation	
2001.0	-0.1454365772045021	SEQC	permutation	
2002.0	0.37479022780578486	SEQC	permutation	
2003.0	-0.01435179789207508	SEQC	permutation	
2004.0	-0.04591388875874225	SEQC	permutation	
2005.0	0.1327346205211195	SEQC	permutation	
2006.0	-0.10829399979635124	SEQC	permutation	
2007.0	0.06485231080361986	SEQC	permutation	
2008.0	0.08012713149966277	SEQC	permutation	
2009.0	-0.17515004766671405	SEQC	permutation	
2010.0	-0.049138047204919655	SEQC	permutation	
2011.0	0.2385531706966595	SEQC	permutation	
2012.0	0.15274810604542077	SEQC	permutation	
2013.0	-0.057772256676636324	SEQC	permutation	
2014.0	0.11064236606317035	SEQC	permutation	
2015.0	0.11135500289106748	SEQC	permutation	
2016.0	-0.003866047050741006	SEQC	permutation	
2017.0	0.06706026249831165	SEQC	permutation	
2018.0	0.16878023035269996	SEQC	permutation	
2019.0	0.13788117505958963	SEQC	permutation	
2020.0	0.12115918503518497	SEQC	permutation	
2021.0	0.02713570012969635	SEQC	permutation	
2022.0	-0.044390608858298375	SEQC	permutation	
2023.0	-0.06470705850445757	SEQC	permutation	
2024.0	-0.047682759591426205	SEQC	permutation	
2025.0	-0.13134562449779175	SEQC	permutation	
2026.0	0.05007364795163216	SEQC	permutation	
2027.0	0.10307653614285872	SEQC	permutation	
2028.0	0.12308046736878309	SEQC	permutation	
2029.0	-0.05348514190275866	SEQC	permutation	
2030.0	0.06558728586953766	SEQC	permutation	
2031.0	-0.09742167510263933	SEQC	permutation	
2032.0	0.08630220268974886	SEQC	permutation	
2033.0	0.07808900653429207	SEQC	permutation	
2034.0	0.12815036838429306	SEQC	permutation	
2035.0	-0.09088382054002864	SEQC	permutation	
2036.0	0.020875360988635627	SEQC	permutation	
2037.0	-0.1325575817180047	SEQC	permutation	
2038.0	0.22819963040448688	SEQC	permutation	
2039.0	0.031885782297007115	SEQC	permutation	
2040.0	0.040430051532955424	SEQC	permutation	
2041.0	-0.04170157416067699	SEQC	permutation	
2042.0	0.03782196643388058	SEQC	permutation	
2043.0	0.10026570237182542	SEQC	permutation	
2044.0	0.00728809768406391	SEQC	permutation	
2045.0	0.14075677771543926	SEQC	permutation	
2046.0	-0.1345285092487063	SEQC	permutation	
2047.0	0.06723125153324006	SEQC	permutation	
2048.0	0.23867615280403864	SEQC	permutation	
2049.0	-0.06320625830628268	SEQC	permutation	
2050.0	0.07014809018236168	SEQC	permutation	
2051.0	0.07741082994122417	SEQC	permutation	
2052.0	-0.016192259542009424	SEQC	permutation	
2053.0	-0.07533267914137065	SEQC	permutation	
2054.0	0.02093131215092825	SEQC	permutation	
2055.0	-0.04410642977371371	SEQC	permutation	
2056.0	0.10641831440466021	SEQC	permutation	
2057.0	-0.04039357791995268	SEQC	permutation	
2058.0	-0.08643904715252715	SEQC	permutation	
2059.0	0.07994689732709048	SEQC	permutation	
2060.0	-0.06871868580355978	SEQC	permutation	
2061.0	0.07959052913771147	SEQC	permutation	
2062.0	-0.215486733079576	SEQC	permutation	
2063.0	0.060825018776044626	SEQC	permutation	
2064.0	0.07894590010220748	SEQC	permutation	
2065.0	0.01482678407676774	SEQC	permutation	
2066.0	0.02822319638976012	SEQC	permutation	
2067.0	-0.02432030893625914	SEQC	permutation	
2068.0	0.1839146218671468	SEQC	permutation	
2069.0	0.0007522429408712838	SEQC	permutation	
2070.0	0.104872965237643	SEQC	permutation	
2071.0	0.10464105101797694	SEQC	permutation	
2072.0	0.11438228772597903	SEQC	permutation	
2073.0	0.06715575218148029	SEQC	permutation	
2074.0	0.0002740773022757992	SEQC	permutation	
2075.0	-0.025247292823991074	SEQC	permutation	
2076.0	-0.01830916668228033	SEQC	permutation	
2077.0	-0.13980978559618107	SEQC	permutation	
2078.0	-0.022391317581855308	SEQC	permutation	
2079.0	0.006129147701630089	SEQC	permutation	
2080.0	0.09371543952547912	SEQC	permutation	
2081.0	0.11305754121975786	SEQC	permutation	
2082.0	-0.025817796728987208	SEQC	permutation	
2083.0	-0.06856963588521836	SEQC	permutation	
2084.0	-0.05160252723847192	SEQC	permutation	
2085.0	0.07352651932781962	SEQC	permutation	
2086.0	-0.0029517443709221602	SEQC	permutation	
2087.0	0.07236334162390001	SEQC	permutation	
2088.0	0.1035104689106503	SEQC	permutation	
2089.0	-0.1518656048460958	SEQC	permutation	
2090.0	0.07661902695869838	SEQC	permutation	
2091.0	0.11692883669816112	SEQC	permutation	
2092.0	-0.028806002830798594	SEQC	permutation	
2093.0	0.05825925251224895	SEQC	permutation	
2094.0	-0.05398155892689305	SEQC	permutation	
2095.0	0.17591704805469455	SEQC	permutation	
2096.0	0.08187112772652894	SEQC	permutation	
2097.0	0.03446118304709378	SEQC	permutation	
2098.0	-0.022762130279006865	SEQC	permutation	
2099.0	0.0300667269256234	SEQC	permutation	
2100.0	-0.0975537665311319	SEQC	permutation	
2101.0	-0.07281165947472701	SEQC	permutation	
2102.0	0.19939355730824238	SEQC	permutation	
2103.0	0.11632526339971117	SEQC	permutation	
2104.0	0.03660622188815976	SEQC	permutation	
2105.0	-0.06473575519397423	SEQC	permutation	
2106.0	0.16784961081963345	SEQC	permutation	
2107.0	-0.019712655771725096	SEQC	permutation	
2108.0	0.0838575995981996	SEQC	permutation	
2109.0	-0.04605595112417893	SEQC	permutation	
2110.0	0.1341554391143549	SEQC	permutation	
2111.0	0.15906076510730616	SEQC	permutation	
2112.0	-0.12524634210424423	SEQC	permutation	
2113.0	-0.09718135284771323	SEQC	permutation	
2114.0	-0.04667555780671595	SEQC	permutation	
2115.0	0.1998557583183187	SEQC	permutation	
2116.0	-0.07393457015267613	SEQC	permutation	
2117.0	-0.005979943303227042	SEQC	permutation	
2118.0	-0.11013656158218765	SEQC	permutation	
2119.0	0.08670796151413018	SEQC	permutation	
2120.0	0.021671973684949997	SEQC	permutation	
2121.0	-0.04974112463466973	SEQC	permutation	
2122.0	0.047475638384834706	SEQC	permutation	
2123.0	-0.05746511096270446	SEQC	permutation	
2124.0	0.1545488912432278	SEQC	permutation	
2125.0	-0.0816803850875214	SEQC	permutation	
2126.0	0.13995054992462164	SEQC	permutation	
2127.0	0.249724391167097	SEQC	permutation	
2128.0	0.11512933806564396	SEQC	permutation	
2129.0	0.002826414326560389	SEQC	permutation	
2130.0	0.13250007761506177	SEQC	permutation	
2131.0	-0.028498972072159567	SEQC	permutation	
2132.0	-0.21238090397674414	SEQC	permutation	
2133.0	0.15816919290800957	SEQC	permutation	
2134.0	-0.07819120892497011	SEQC	permutation	
2135.0	-0.13787874115625787	SEQC	permutation	
2136.0	0.12657904958682042	SEQC	permutation	
2137.0	0.021863928311642855	SEQC	permutation	
2138.0	-0.05885061761925314	SEQC	permutation	
2139.0	-0.14352768189333132	SEQC	permutation	
2140.0	0.04304007742273663	SEQC	permutation	
2141.0	-0.11667212141885752	SEQC	permutation	
2142.0	0.16055111969789237	SEQC	permutation	
2143.0	0.08858640881868052	SEQC	permutation	
2144.0	-0.2017028882269556	SEQC	permutation	
2145.0	0.07530721300732379	SEQC	permutation	
2146.0	0.04049687886318365	SEQC	permutation	
2147.0	-0.21384488935830115	SEQC	permutation	
2148.0	0.05662953244925051	SEQC	permutation	
2149.0	-0.04933423221123112	SEQC	permutation	
2150.0	0.030230118767497594	SEQC	permutation	
2151.0	0.17184988326342898	SEQC	permutation	
2152.0	-0.14248101223973553	SEQC	permutation	
2153.0	-0.06497292392012444	SEQC	permutation	
2154.0	-0.014531746724736117	SEQC	permutation	
2155.0	-0.2056092939257046	SEQC	permutation	
2156.0	-0.15414643684903195	SEQC	permutation	
2157.0	-0.1315085674747838	SEQC	permutation	
2158.0	0.012354950919264862	SEQC	permutation	
2159.0	0.14366302632662897	SEQC	permutation	
2160.0	0.05184133285368464	SEQC	permutation	
2161.0	-0.02811793585421629	SEQC	permutation	
2162.0	-0.009215031335495283	SEQC	permutation	
2163.0	0.06459359047968194	SEQC	permutation	
2164.0	0.0940556109694306	SEQC	permutation	
2165.0	-0.007124904506010221	SEQC	permutation	
2166.0	0.1461340822620545	SEQC	permutation	
2167.0	0.0085518505083515	SEQC	permutation	
2168.0	0.02902393820527749	SEQC	permutation	
2169.0	-0.08253656862585013	SEQC	permutation	
2170.0	-0.02685363991866563	SEQC	permutation	
2171.0	0.07844814414742274	SEQC	permutation	
2172.0	0.17400192202815568	SEQC	permutation	
2173.0	-0.005738784361771998	SEQC	permutation	
2174.0	0.18906124676378466	SEQC	permutation	
2175.0	0.13810352046759045	SEQC	permutation	
2176.0	0.09755600656093444	SEQC	permutation	
2177.0	-0.08051626168796444	SEQC	permutation	
2178.0	0.17141724614423692	SEQC	permutation	
2179.0	-0.015109045242394092	SEQC	permutation	
2180.0	0.16168111925607542	SEQC	permutation	
2181.0	0.07220255458591618	SEQC	permutation	
2182.0	0.13982843017658997	SEQC	permutation	
2183.0	-0.0014243703838960897	SEQC	permutation	
2184.0	-0.14552363356794729	SEQC	permutation	
2185.0	-0.1037098773797398	SEQC	permutation	
2186.0	-0.056390185643167	SEQC	permutation	
2187.0	-0.0881144604647166	SEQC	permutation	
2188.0	-0.13214583500289478	SEQC	permutation	
2189.0	0.15421457428121865	SEQC	permutation	
2190.0	0.004083291393057742	SEQC	permutation	
2191.0	-0.11468216569877399	SEQC	permutation	
2192.0	0.02709143229941402	SEQC	permutation	
2193.0	0.09714765220077659	SEQC	permutation	
2194.0	0.08130871787997496	SEQC	permutation	
2195.0	-0.06539405505493923	SEQC	permutation	
2196.0	-0.1685757052447352	SEQC	permutation	
2197.0	0.04880747988006817	SEQC	permutation	
2198.0	0.20070403755094413	SEQC	permutation	
2199.0	0.19602380073484893	SEQC	permutation	
2200.0	0.0063830664435133855	SEQC	permutation	
2201.0	0.17757503836995392	SEQC	permutation	
2202.0	0.14852725984240855	SEQC	permutation	
2203.0	0.12508553853301096	SEQC	permutation	
2204.0	-0.08145841022338951	SEQC	permutation	
2205.0	0.3967980762327783	SEQC	permutation	
2206.0	0.205988524502156	SEQC	permutation	
2207.0	-0.0004083903663683053	SEQC	permutation	
2208.0	-0.12346814974884257	SEQC	permutation	
2209.0	0.035497230286646086	SEQC	permutation	
2210.0	-0.11936751214981767	SEQC	permutation	
2211.0	0.027512573067228097	SEQC	permutation	
2212.0	-0.12857623055157497	SEQC	permutation	
2213.0	-0.004987156828824002	SEQC	permutation	
2214.0	0.12344088853100788	SEQC	permutation	
2215.0	0.0576948284889931	SEQC	permutation	
2216.0	0.2068840966768204	SEQC	permutation	
2217.0	0.06005932635452549	SEQC	permutation	
2218.0	-0.05811837633279593	SEQC	permutation	
2219.0	-0.13377122014638454	SEQC	permutation	
2220.0	-0.04414056869697092	SEQC	permutation	
2221.0	-0.04933875380466857	SEQC	permutation	
2222.0	0.06598610989838116	SEQC	permutation	
2223.0	-0.170054041709637	SEQC	permutation	
2224.0	0.1613861733545412	SEQC	permutation	
2225.0	0.05600856299463475	SEQC	permutation	
2226.0	-0.013663265702443361	SEQC	permutation	
2227.0	-0.07147350713768263	SEQC	permutation	
2228.0	-0.09253689802872334	SEQC	permutation	
2229.0	0.26666830314099066	SEQC	permutation	
2230.0	0.04479152921918361	SEQC	permutation	
2231.0	0.13405678087911976	SEQC	permutation	
2232.0	-0.030724899116784332	SEQC	permutation	
2233.0	0.0394264368287538	SEQC	permutation	
2234.0	0.04307229278504643	SEQC	permutation	
2235.0	0.07280381622306953	SEQC	permutation	
2236.0	0.050692431630800616	SEQC	permutation	
2237.0	-0.01460309645326241	SEQC	permutation	
2238.0	0.15254588500353305	SEQC	permutation	
2239.0	-0.12269814196823248	SEQC	permutation	
2240.0	-0.10523964715433243	SEQC	permutation	
2241.0	0.04855863235966895	SEQC	permutation	
2242.0	0.14706647946596751	SEQC	permutation	
2243.0	0.05985169687704195	SEQC	permutation	
2244.0	0.1301911149535071	SEQC	permutation	
2245.0	0.054592679660038446	SEQC	permutation	
2246.0	0.03058906881136325	SEQC	permutation	
2247.0	0.02976927488370551	SEQC	permutation	
2248.0	0.07654951296304047	SEQC	permutation	
2249.0	0.26074412798831714	SEQC	permutation	
2250.0	0.15083701120818338	SEQC	permutation	
2251.0	0.17252578503254856	SEQC	permutation	
2252.0	-0.06508382773429089	SEQC	permutation	
2253.0	0.07012795368692881	SEQC	permutation	
2254.0	0.1318922514607208	SEQC	permutation	
2255.0	-0.24008631530836722	SEQC	permutation	
2256.0	-0.046300837872743195	SEQC	permutation	
2257.0	0.07870265189940495	SEQC	permutation	
2258.0	-0.08568381484728116	SEQC	permutation	
2259.0	-0.014646358592022235	SEQC	permutation	
2260.0	0.002861509504155979	SEQC	permutation	
2261.0	-0.0523321933794616	SEQC	permutation	
2262.0	-0.20750167426232258	SEQC	permutation	
2263.0	0.002180358824009243	SEQC	permutation	
2264.0	-0.11545905778752896	SEQC	permutation	
2265.0	-0.029322309515796174	SEQC	permutation	
2266.0	-0.07025152273777957	SEQC	permutation	
2267.0	0.02707112602674755	SEQC	permutation	
2268.0	0.009773334319061355	SEQC	permutation	
2269.0	-0.022231315733138857	SEQC	permutation	
2270.0	-0.10421296883109576	SEQC	permutation	
2271.0	-0.044738039176102085	SEQC	permutation	
2272.0	-0.11876408102998903	SEQC	permutation	
2273.0	0.020439779187378715	SEQC	permutation	
2274.0	0.08127106965217434	SEQC	permutation	
2275.0	-0.014703343741183428	SEQC	permutation	
2276.0	-0.01702251112129094	SEQC	permutation	
2277.0	0.03550090784953008	SEQC	permutation	
2278.0	-0.0028141269743757746	SEQC	permutation	
2279.0	0.07637688314569724	SEQC	permutation	
2280.0	0.06040683589123974	SEQC	permutation	
2281.0	0.11817190800178956	SEQC	permutation	
2282.0	-0.18046844130792206	SEQC	permutation	
2283.0	-0.0208907599782715	SEQC	permutation	
2284.0	0.093847740417071	SEQC	permutation	
2285.0	0.09405399640204637	SEQC	permutation	
2286.0	-0.03966650898614832	SEQC	permutation	
2287.0	-0.07614084462932214	SEQC	permutation	
2288.0	0.22411751373329203	SEQC	permutation	
2289.0	0.0019179400046076545	SEQC	permutation	
2290.0	0.022881704138588255	SEQC	permutation	
2291.0	0.175369856156657	SEQC	permutation	
2292.0	0.012845022768008807	SEQC	permutation	
2293.0	0.07758398079274631	SEQC	permutation	
2294.0	0.07359230912403314	SEQC	permutation	
2295.0	-0.2129284065233783	SEQC	permutation	
2296.0	0.029394280429318798	SEQC	permutation	
2297.0	-0.04252103884660263	SEQC	permutation	
2298.0	-0.031731018020117574	SEQC	permutation	
2299.0	-0.02278354724195575	SEQC	permutation	
2300.0	0.024931688060414903	SEQC	permutation	
2301.0	-0.23612459206309566	SEQC	permutation	
2302.0	0.13092600015567868	SEQC	permutation	
2303.0	0.021078153726387328	SEQC	permutation	
2304.0	0.13872896824769132	SEQC	permutation	
2305.0	0.12296867126032573	SEQC	permutation	
2306.0	-0.03678341782799466	SEQC	permutation	
2307.0	0.17778404519500324	SEQC	permutation	
2308.0	-0.06506631232141613	SEQC	permutation	
2309.0	0.06352364340054661	SEQC	permutation	
2310.0	0.03460392068201479	SEQC	permutation	
2311.0	0.005977799611152523	SEQC	permutation	
2312.0	0.08620242260928013	SEQC	permutation	
2313.0	0.044135653598779356	SEQC	permutation	
2314.0	-0.009236359209550571	SEQC	permutation	
2315.0	0.14754608204879505	SEQC	permutation	
2316.0	-0.2313404966205459	SEQC	permutation	
2317.0	-0.15440500344774666	SEQC	permutation	
2318.0	0.030347186654854585	SEQC	permutation	
2319.0	-0.07900814958364188	SEQC	permutation	
2320.0	-0.055636630995913094	SEQC	permutation	
2321.0	0.15246140365007355	SEQC	permutation	
2322.0	0.0012216548163976881	SEQC	permutation	
2323.0	-0.005427650264540063	SEQC	permutation	
2324.0	0.11512967522389195	SEQC	permutation	
2325.0	0.07335436874164669	SEQC	permutation	
2326.0	-0.09274619716925514	SEQC	permutation	
2327.0	0.09716736992094521	SEQC	permutation	
2328.0	0.020721855151769386	SEQC	permutation	
2329.0	-0.005505853370607827	SEQC	permutation	
2330.0	0.05536875434313826	SEQC	permutation	
2331.0	0.17169208182341045	SEQC	permutation	
2332.0	0.10147953540137955	SEQC	permutation	
2333.0	0.03774507041275754	SEQC	permutation	
2334.0	0.04527054717621448	SEQC	permutation	
2335.0	-0.10373068743483671	SEQC	permutation	
2336.0	-0.015492342898363098	SEQC	permutation	
2337.0	0.14635863733439836	SEQC	permutation	
2338.0	-0.12277240577311677	SEQC	permutation	
2339.0	-0.001160264491784524	SEQC	permutation	
2340.0	0.14143116487916796	SEQC	permutation	
2341.0	0.1715147760874225	SEQC	permutation	
2342.0	-0.09854161993167754	SEQC	permutation	
2343.0	0.05741957039658274	SEQC	permutation	
2344.0	-0.02465709327610588	SEQC	permutation	
2345.0	0.08211657685643514	SEQC	permutation	
2346.0	-0.07590425415351332	SEQC	permutation	
2347.0	0.029788108303292482	SEQC	permutation	
2348.0	0.0802387880670925	SEQC	permutation	
2349.0	-0.014605070374265505	SEQC	permutation	
2350.0	0.007207109704734815	SEQC	permutation	
2351.0	0.021288777216585952	SEQC	permutation	
2352.0	-0.05056535454495714	SEQC	permutation	
2353.0	0.06208765848385012	SEQC	permutation	
2354.0	0.08838297875835321	SEQC	permutation	
2355.0	0.1706690907726105	SEQC	permutation	
2356.0	0.177325532424232	SEQC	permutation	
2357.0	0.14895399443443003	SEQC	permutation	
2358.0	0.13456479322022163	SEQC	permutation	
2359.0	-0.10529751157358147	SEQC	permutation	
2360.0	0.04055264708193551	SEQC	permutation	
2361.0	-0.07083587496428523	SEQC	permutation	
2362.0	-0.024190443502746906	SEQC	permutation	
2363.0	0.1823868157942301	SEQC	permutation	
2364.0	0.01527495546448554	SEQC	permutation	
2365.0	-0.06479139568058256	SEQC	permutation	
2366.0	0.1452904914829003	SEQC	permutation	
2367.0	0.007109032511388058	SEQC	permutation	
2368.0	0.04432224633509385	SEQC	permutation	
2369.0	0.008250577024162098	SEQC	permutation	
2370.0	-0.07943790568661369	SEQC	permutation	
2371.0	0.18751797323258534	SEQC	permutation	
2372.0	0.08077059801276176	SEQC	permutation	
2373.0	-0.09265480795843928	SEQC	permutation	
2374.0	-0.0380219790279841	SEQC	permutation	
2375.0	-0.049647652663507014	SEQC	permutation	
2376.0	-0.10139097034765143	SEQC	permutation	
2377.0	-0.24784324043505102	SEQC	permutation	
2378.0	0.19795006756119538	SEQC	permutation	
2379.0	0.08304638321666857	SEQC	permutation	
2380.0	0.00831957091032276	SEQC	permutation	
2381.0	0.10284528719376285	SEQC	permutation	
2382.0	0.04059162204496003	SEQC	permutation	
2383.0	-0.046995082379697184	SEQC	permutation	
2384.0	-0.12820890195739487	SEQC	permutation	
2385.0	0.19205730970738433	SEQC	permutation	
2386.0	0.013660542001816545	SEQC	permutation	
2387.0	0.12102275286510622	SEQC	permutation	
2388.0	0.022396753624482457	SEQC	permutation	
2389.0	0.021745063917397722	SEQC	permutation	
2390.0	-0.0007240159350905273	SEQC	permutation	
2391.0	0.08571872932399272	SEQC	permutation	
2392.0	-0.1037629675377949	SEQC	permutation	
2393.0	0.11356171594875475	SEQC	permutation	
2394.0	-0.14940320082916525	SEQC	permutation	
2395.0	0.102029951904961	SEQC	permutation	
2396.0	0.040156702554331236	SEQC	permutation	
2397.0	0.13941401166591394	SEQC	permutation	
2398.0	0.06679382867481776	SEQC	permutation	
2399.0	0.27713738173482394	SEQC	permutation	
2400.0	-0.09368434374636658	SEQC	permutation	
2401.0	-0.11099016326783406	SEQC	permutation	
2402.0	-0.038599514847465155	SEQC	permutation	
2403.0	0.21327498406263867	SEQC	permutation	
2404.0	0.1194329131932057	SEQC	permutation	
2405.0	0.09359194563166717	SEQC	permutation	
2406.0	0.0028624781123069987	SEQC	permutation	
2407.0	0.06606327136786305	SEQC	permutation	
2408.0	0.19187535248216658	SEQC	permutation	
2409.0	0.06919261154472611	SEQC	permutation	
2410.0	0.08103668452862278	SEQC	permutation	
2411.0	-0.16773006798581758	SEQC	permutation	
2412.0	0.04091699864597054	SEQC	permutation	
2413.0	-0.0072807356728716854	SEQC	permutation	
2414.0	0.11520274950789355	SEQC	permutation	
2415.0	0.08043114388215544	SEQC	permutation	
2416.0	0.0323100737362676	SEQC	permutation	
2417.0	0.08308219529693961	SEQC	permutation	
2418.0	0.100392674964624	SEQC	permutation	
2419.0	0.09270394164682738	SEQC	permutation	
2420.0	0.02074058025454928	SEQC	permutation	
2421.0	0.15727588458274422	SEQC	permutation	
2422.0	0.23983433165873302	SEQC	permutation	
2423.0	0.12850160679619904	SEQC	permutation	
2424.0	0.06308685021698945	SEQC	permutation	
2425.0	0.06178917420933816	SEQC	permutation	
2426.0	0.015220286101540914	SEQC	permutation	
2427.0	-0.1444827991370885	SEQC	permutation	
2428.0	0.19943269240542394	SEQC	permutation	
2429.0	0.2245714900362028	SEQC	permutation	
2430.0	-0.14562445794995327	SEQC	permutation	
2431.0	-0.157673601544702	SEQC	permutation	
2432.0	-0.07615198860608086	SEQC	permutation	
2433.0	-0.13989497090075442	SEQC	permutation	
2434.0	0.024753010549289023	SEQC	permutation	
2435.0	0.025047271860678677	SEQC	permutation	
2436.0	-0.035611202726485214	SEQC	permutation	
2437.0	-0.0485995673568822	SEQC	permutation	
2438.0	-0.016219670002746156	SEQC	permutation	
2439.0	-0.04996094324262046	SEQC	permutation	
2440.0	-0.02507246107257366	SEQC	permutation	
2441.0	0.10859266893396491	SEQC	permutation	
2442.0	0.3411647979442125	SEQC	permutation	
2443.0	-0.09843884305119266	SEQC	permutation	
2444.0	-0.1151571946197456	SEQC	permutation	
2445.0	0.06808808410468048	SEQC	permutation	
2446.0	0.019889183350005002	SEQC	permutation	
2447.0	-0.11064525921076651	SEQC	permutation	
2448.0	-0.036458315476356695	SEQC	permutation	
2449.0	0.0825565709295315	SEQC	permutation	
2450.0	0.11216697902094719	SEQC	permutation	
2451.0	0.10118652515227655	SEQC	permutation	
2452.0	-0.15404977832416922	SEQC	permutation	
2453.0	-0.11906177396787454	SEQC	permutation	
2454.0	0.05719010411262726	SEQC	permutation	
2455.0	0.0539858455048039	SEQC	permutation	
2456.0	0.10107997050429507	SEQC	permutation	
2457.0	0.23695163038345202	SEQC	permutation	
2458.0	0.046878044299199395	SEQC	permutation	
2459.0	-0.09200382806437934	SEQC	permutation	
2460.0	-0.13668985447586213	SEQC	permutation	
2461.0	0.1410469546601809	SEQC	permutation	
2462.0	-0.027323595104131293	SEQC	permutation	
2463.0	-0.02092353955943782	SEQC	permutation	
2464.0	0.09489714692710827	SEQC	permutation	
2465.0	0.00538098033747092	SEQC	permutation	
2466.0	-0.06703909128414054	SEQC	permutation	
2467.0	-0.019076394744246272	SEQC	permutation	
2468.0	-0.18964183851500538	SEQC	permutation	
2469.0	-0.334871133331462	SEQC	permutation	
2470.0	0.19537363746405667	SEQC	permutation	
2471.0	-0.06082462630069996	SEQC	permutation	
2472.0	0.04135953522958502	SEQC	permutation	
2473.0	0.1008414744157653	SEQC	permutation	
2474.0	-0.039210178819629515	SEQC	permutation	
2475.0	0.016535252999005934	SEQC	permutation	
2476.0	0.0633270455624051	SEQC	permutation	
2477.0	0.04977297775171996	SEQC	permutation	
2478.0	0.12400450615166081	SEQC	permutation	
2479.0	0.06208846329110784	SEQC	permutation	
2480.0	-0.20725251167205672	SEQC	permutation	
2481.0	0.09354013362235403	SEQC	permutation	
2482.0	-0.057691222394988806	SEQC	permutation	
2483.0	-0.051328775411907834	SEQC	permutation	
2484.0	-0.13107311710197989	SEQC	permutation	
2485.0	0.09148877696583968	SEQC	permutation	
2486.0	-0.08371404592741616	SEQC	permutation	
2487.0	0.11584793571863461	SEQC	permutation	
2488.0	0.19061290192521918	SEQC	permutation	
2489.0	-0.06348079553155417	SEQC	permutation	
2490.0	0.18885604708962456	SEQC	permutation	
2491.0	0.13619358102987267	SEQC	permutation	
2492.0	-0.08967834565629884	SEQC	permutation	
2493.0	-0.16784346759457325	SEQC	permutation	
2494.0	0.1765443550341006	SEQC	permutation	
2495.0	-0.04187201767314752	SEQC	permutation	
2496.0	0.1588074091760947	SEQC	permutation	
2497.0	0.18254470542153145	SEQC	permutation	
2498.0	0.015517457699452564	SEQC	permutation	
2499.0	-0.022617091087965946	SEQC	permutation	
2500.0	0.08936169933448346	SEQC	permutation	
2501.0	0.09685130637746786	SEQC	permutation	
2502.0	0.07177947011752916	SEQC	permutation	
2503.0	-0.05838181893231953	SEQC	permutation	
2504.0	0.0406132330583846	SEQC	permutation	
2505.0	-0.10914690421115036	SEQC	permutation	
2506.0	0.024898008787181958	SEQC	permutation	
2507.0	0.11549700760384596	SEQC	permutation	
2508.0	-0.060844199337690696	SEQC	permutation	
2509.0	0.02617872673678523	SEQC	permutation	
2510.0	0.05916844821055944	SEQC	permutation	
2511.0	0.05203684491030858	SEQC	permutation	
2512.0	0.03572840518153697	SEQC	permutation	
2513.0	0.2394449236313414	SEQC	permutation	
2514.0	0.0567181732179054	SEQC	permutation	
2515.0	-0.009336435724689895	SEQC	permutation	
2516.0	-0.005938343871109364	SEQC	permutation	
2517.0	0.08831403451788011	SEQC	permutation	
2518.0	0.023151587101756466	SEQC	permutation	
2519.0	0.09936223115412623	SEQC	permutation	
2520.0	0.03951579395328597	SEQC	permutation	
2521.0	-0.06871243971831653	SEQC	permutation	
2522.0	0.0696958793694833	SEQC	permutation	
2523.0	-0.06381051918728087	SEQC	permutation	
2524.0	-0.039207432417221355	SEQC	permutation	
2525.0	0.1543176911303883	SEQC	permutation	
2526.0	0.18159365362549185	SEQC	permutation	
2527.0	0.13128459144523053	SEQC	permutation	
2528.0	-0.11780242558350418	SEQC	permutation	
2529.0	-0.019469139545102543	SEQC	permutation	
2530.0	0.2453070822694543	SEQC	permutation	
2531.0	0.029213851628111076	SEQC	permutation	
2532.0	-0.022169562544349652	SEQC	permutation	
2533.0	0.017038403683801384	SEQC	permutation	
2534.0	0.17657784118492792	SEQC	permutation	
2535.0	0.06560325042371185	SEQC	permutation	
2536.0	0.084182633842528	SEQC	permutation	
2537.0	0.01705583090740115	SEQC	permutation	
2538.0	0.01175189081820216	SEQC	permutation	
2539.0	-0.05969251762014771	SEQC	permutation	
2540.0	-0.05459582718558664	SEQC	permutation	
2541.0	-0.07772249315328406	SEQC	permutation	
2542.0	-0.11355060396378702	SEQC	permutation	
2543.0	-0.10100726485082623	SEQC	permutation	
2544.0	0.21997214276800747	SEQC	permutation	
2545.0	0.0546549090280104	SEQC	permutation	
2546.0	0.1777217536907445	SEQC	permutation	
2547.0	0.07274375372049668	SEQC	permutation	
2548.0	-0.05078121632163812	SEQC	permutation	
2549.0	0.19852940168164235	SEQC	permutation	
2550.0	0.044228434918447856	SEQC	permutation	
2551.0	0.0028146750595996473	SEQC	permutation	
2552.0	-0.019281216759941433	SEQC	permutation	
2553.0	0.05799301431707038	SEQC	permutation	
2554.0	-0.1755466388655007	SEQC	permutation	
2555.0	0.007716378762864462	SEQC	permutation	
2556.0	0.0604956785981412	SEQC	permutation	
2557.0	0.02135614592542856	SEQC	permutation	
2558.0	0.04505698705114414	SEQC	permutation	
2559.0	-0.031049715049124238	SEQC	permutation	
2560.0	-0.12232983427323685	SEQC	permutation	
2561.0	-0.16736324734533348	SEQC	permutation	
2562.0	0.04666995203303648	SEQC	permutation	
2563.0	0.025344830856190992	SEQC	permutation	
2564.0	-0.049875455399550184	SEQC	permutation	
2565.0	0.08228101773880825	SEQC	permutation	
2566.0	-0.024669691985748976	SEQC	permutation	
2567.0	-0.009978786596747113	SEQC	permutation	
2568.0	-0.0672141685652412	SEQC	permutation	
2569.0	-0.1284445619222221	SEQC	permutation	
2570.0	0.021615248411385846	SEQC	permutation	
2571.0	0.00415968381434606	SEQC	permutation	
2572.0	-0.17512322760788246	SEQC	permutation	
2573.0	-0.09701157112415171	SEQC	permutation	
2574.0	0.03531347846112931	SEQC	permutation	
2575.0	-0.009741381168892005	SEQC	permutation	
2576.0	0.07524578856449704	SEQC	permutation	
2577.0	-0.07163117736178881	SEQC	permutation	
2578.0	-0.03401363202074403	SEQC	permutation	
2579.0	-0.10153319975985475	SEQC	permutation	
2580.0	0.013234890045498826	SEQC	permutation	
2581.0	0.07913633771618622	SEQC	permutation	
2582.0	0.049479296054285804	SEQC	permutation	
2583.0	0.1310919544915321	SEQC	permutation	
2584.0	0.16349292981540087	SEQC	permutation	
2585.0	0.06672645517616616	SEQC	permutation	
2586.0	-0.05935651105805162	SEQC	permutation	
2587.0	0.07382147316722776	SEQC	permutation	
2588.0	0.12503946761361417	SEQC	permutation	
2589.0	0.06632056938308528	SEQC	permutation	
2590.0	0.22971299080817964	SEQC	permutation	
2591.0	0.3084232202130348	SEQC	permutation	
2592.0	-0.06427167135971068	SEQC	permutation	
2593.0	-0.03456919649032564	SEQC	permutation	
2594.0	0.05705252788260973	SEQC	permutation	
2595.0	-0.12219539933685519	SEQC	permutation	
2596.0	0.14116358603881274	SEQC	permutation	
2597.0	-0.13195684743179337	SEQC	permutation	
2598.0	-0.12278329089981899	SEQC	permutation	
2599.0	0.243365727885966	SEQC	permutation	
2600.0	0.03696153367548538	SEQC	permutation	
2601.0	0.06001304283768194	SEQC	permutation	
2602.0	0.05007210697158326	SEQC	permutation	
2603.0	0.022317554790185046	SEQC	permutation	
2604.0	0.06309719224899712	SEQC	permutation	
2605.0	-0.06118771544446577	SEQC	permutation	
2606.0	0.1358001177096746	SEQC	permutation	
2607.0	0.020271811777488047	SEQC	permutation	
2608.0	0.09442706851727989	SEQC	permutation	
2609.0	0.07346918646141454	SEQC	permutation	
2610.0	0.028896620309451393	SEQC	permutation	
2611.0	0.10481579002459807	SEQC	permutation	
2612.0	-0.06799091857742834	SEQC	permutation	
2613.0	-0.0026855339075662066	SEQC	permutation	
2614.0	0.04200909959604804	SEQC	permutation	
2615.0	-0.004575768178704642	SEQC	permutation	
2616.0	0.10355860549519047	SEQC	permutation	
2617.0	-0.09125530938510362	SEQC	permutation	
2618.0	0.24460772621557636	SEQC	permutation	
2619.0	-0.08744821049309026	SEQC	permutation	
2620.0	-0.0032007394095470154	SEQC	permutation	
2621.0	-0.14940921905842108	SEQC	permutation	
2622.0	0.01434270887379041	SEQC	permutation	
2623.0	0.07760933190082353	SEQC	permutation	
2624.0	0.05088464828153594	SEQC	permutation	
2625.0	0.04374718078243767	SEQC	permutation	
2626.0	0.008688066817938545	SEQC	permutation	
2627.0	-0.05786129742179469	SEQC	permutation	
2628.0	-0.006317928729246525	SEQC	permutation	
2629.0	-0.02956667960725179	SEQC	permutation	
2630.0	0.03315994395080901	SEQC	permutation	
2631.0	0.0668124472318099	SEQC	permutation	
2632.0	0.21933405529367	SEQC	permutation	
2633.0	0.08414293106139903	SEQC	permutation	
2634.0	0.1198504743594726	SEQC	permutation	
2635.0	-0.14179758067485526	SEQC	permutation	
2636.0	0.1167567273132395	SEQC	permutation	
2637.0	-0.1478709431740497	SEQC	permutation	
2638.0	0.1780783818359386	SEQC	permutation	
2639.0	0.04718711135709697	SEQC	permutation	
2640.0	0.029215221622789667	SEQC	permutation	
2641.0	0.08896918245137897	SEQC	permutation	
2642.0	-0.01244727591725825	SEQC	permutation	
2643.0	-0.044854344589357	SEQC	permutation	
2644.0	-0.004603599661956004	SEQC	permutation	
2645.0	0.07093800528663108	SEQC	permutation	
2646.0	-0.11022656710704748	SEQC	permutation	
2647.0	0.016753896919668332	SEQC	permutation	
2648.0	-0.04327707242679857	SEQC	permutation	
2649.0	-0.09518983713662355	SEQC	permutation	
2650.0	-0.060704756174936314	SEQC	permutation	
2651.0	0.054461070603113004	SEQC	permutation	
2652.0	0.2278690873635627	SEQC	permutation	
2653.0	-0.1649242600292995	SEQC	permutation	
2654.0	0.09298655853140403	SEQC	permutation	
2655.0	0.2213236060509698	SEQC	permutation	
2656.0	0.08602107562709094	SEQC	permutation	
2657.0	0.12546575678551175	SEQC	permutation	
2658.0	0.12985017643913332	SEQC	permutation	
2659.0	0.01553819129534384	SEQC	permutation	
2660.0	0.07381463870493876	SEQC	permutation	
2661.0	0.011943634854819862	SEQC	permutation	
2662.0	-0.007602931590958928	SEQC	permutation	
2663.0	0.0023530953936932164	SEQC	permutation	
2664.0	0.4037056263898364	SEQC	permutation	
2665.0	0.05654139439298733	SEQC	permutation	
2666.0	0.19937609398639689	SEQC	permutation	
2667.0	-0.0686228177041297	SEQC	permutation	
2668.0	0.020088478133407417	SEQC	permutation	
2669.0	0.322535951991493	SEQC	permutation	
2670.0	0.02035276995493973	SEQC	permutation	
2671.0	-0.08257260521271181	SEQC	permutation	
2672.0	-0.060258991750022695	SEQC	permutation	
2673.0	0.13888608731726482	SEQC	permutation	
2674.0	0.049016471970698916	SEQC	permutation	
2675.0	-0.1116624341443786	SEQC	permutation	
2676.0	-0.07951944517350196	SEQC	permutation	
2677.0	0.09957860888923564	SEQC	permutation	
2678.0	-0.11333842472173794	SEQC	permutation	
2679.0	-0.08848844693565638	SEQC	permutation	
2680.0	0.04762045676951043	SEQC	permutation	
2681.0	-0.08707261238918029	SEQC	permutation	
2682.0	-0.04528459325106837	SEQC	permutation	
2683.0	-0.019342585277899893	SEQC	permutation	
2684.0	-0.13124091676074645	SEQC	permutation	
2685.0	0.048962172243650404	SEQC	permutation	
2686.0	0.1748889338067361	SEQC	permutation	
2687.0	-0.06348029570249292	SEQC	permutation	
2688.0	0.06254826181831286	SEQC	permutation	
2689.0	0.017126493623978334	SEQC	permutation	
2690.0	0.13298397201909973	SEQC	permutation	
2691.0	-0.05133189094960766	SEQC	permutation	
2692.0	-0.015318358703079404	SEQC	permutation	
2693.0	0.29220453897685417	SEQC	permutation	
2694.0	-0.19854091234159243	SEQC	permutation	
2695.0	-0.16284785660075451	SEQC	permutation	
2696.0	-0.10283449196378935	SEQC	permutation	
2697.0	0.07519173837532911	SEQC	permutation	
2698.0	-0.07847499251851353	SEQC	permutation	
2699.0	0.03595669034842919	SEQC	permutation	
2700.0	0.12278030474444446	SEQC	permutation	
2701.0	0.14219230020057827	SEQC	permutation	
2702.0	-0.000705931309735508	SEQC	permutation	
2703.0	0.09025091925301387	SEQC	permutation	
2704.0	0.14891913224595	SEQC	permutation	
2705.0	0.09639171596894291	SEQC	permutation	
2706.0	0.023693846201267466	SEQC	permutation	
2707.0	-0.0030353241512224294	SEQC	permutation	
2708.0	0.01433562938192079	SEQC	permutation	
2709.0	0.0829929745107516	SEQC	permutation	
2710.0	0.12990980818022901	SEQC	permutation	
2711.0	-0.00426726168299707	SEQC	permutation	
2712.0	0.02863931250271623	SEQC	permutation	
2713.0	-0.02566410466837521	SEQC	permutation	
2714.0	-0.21822154476414335	SEQC	permutation	
2715.0	0.15312913756706115	SEQC	permutation	
2716.0	0.05696324541891462	SEQC	permutation	
2717.0	0.10482119429154091	SEQC	permutation	
2718.0	0.0769874695718018	SEQC	permutation	
2719.0	-0.06674975680401651	SEQC	permutation	
2720.0	0.02440743575798976	SEQC	permutation	
2721.0	0.11144905680167483	SEQC	permutation	
2722.0	0.09847496948412804	SEQC	permutation	
2723.0	-0.005667430269199691	SEQC	permutation	
2724.0	0.2048818260917824	SEQC	permutation	
2725.0	0.009358953380385504	SEQC	permutation	
2726.0	-0.07736525350711876	SEQC	permutation	
2727.0	0.08735526254606896	SEQC	permutation	
2728.0	0.17715435494284337	SEQC	permutation	
2729.0	0.10368597937712876	SEQC	permutation	
2730.0	0.10709635526239936	SEQC	permutation	
2731.0	0.035582797002372324	SEQC	permutation	
2732.0	0.05630232971295612	SEQC	permutation	
2733.0	-0.04932690565583364	SEQC	permutation	
2734.0	-0.10874077501390733	SEQC	permutation	
2735.0	0.031219947807312298	SEQC	permutation	
2736.0	0.18579340077539452	SEQC	permutation	
2737.0	-0.07601331325113891	SEQC	permutation	
2738.0	0.05960701531789958	SEQC	permutation	
2739.0	-0.07748808704583299	SEQC	permutation	
2740.0	-0.060900016372191335	SEQC	permutation	
2741.0	0.14277109092576	SEQC	permutation	
2742.0	-0.012344355071869373	SEQC	permutation	
2743.0	-0.154597087596835	SEQC	permutation	
2744.0	0.09400725763931739	SEQC	permutation	
2745.0	0.05308643395952606	SEQC	permutation	
2746.0	-0.059034669238064996	SEQC	permutation	
2747.0	0.20545024055292638	SEQC	permutation	
2748.0	0.03872496442998585	SEQC	permutation	
2749.0	-0.11665534408447664	SEQC	permutation	
2750.0	0.2813872170004057	SEQC	permutation	
2751.0	0.045018556796306175	SEQC	permutation	
2752.0	0.09445883913392317	SEQC	permutation	
2753.0	-0.03657512574639643	SEQC	permutation	
2754.0	0.08588505746876107	SEQC	permutation	
2755.0	0.19977221950811064	SEQC	permutation	
2756.0	-0.06810510535760628	SEQC	permutation	
2757.0	-0.15535187359561764	SEQC	permutation	
2758.0	0.007149212294659701	SEQC	permutation	
2759.0	0.060231473706600536	SEQC	permutation	
2760.0	0.09260645560889591	SEQC	permutation	
2761.0	-0.030145837661097907	SEQC	permutation	
2762.0	0.007034093012023401	SEQC	permutation	
2763.0	-0.003300834760576077	SEQC	permutation	
2764.0	0.13486454881541476	SEQC	permutation	
2765.0	0.15980732629425676	SEQC	permutation	
2766.0	0.011082061302983615	SEQC	permutation	
2767.0	-0.06399291664039275	SEQC	permutation	
2768.0	-0.08241261417022372	SEQC	permutation	
2769.0	-0.05181824282131986	SEQC	permutation	
2770.0	0.06576574481328157	SEQC	permutation	
2771.0	-0.04848124594695857	SEQC	permutation	
2772.0	0.1287386201018328	SEQC	permutation	
2773.0	0.0593477756062426	SEQC	permutation	
2774.0	0.0624162024007493	SEQC	permutation	
2775.0	0.12290028825051547	SEQC	permutation	
2776.0	-0.18710102577718812	SEQC	permutation	
2777.0	0.0468218731482839	SEQC	permutation	
2778.0	-0.06508355398043575	SEQC	permutation	
2779.0	-0.15289420799581643	SEQC	permutation	
2780.0	-0.1532862281663654	SEQC	permutation	
2781.0	0.028585987719985884	SEQC	permutation	
2782.0	0.15708719106920066	SEQC	permutation	
2783.0	-0.04616348689501182	SEQC	permutation	
2784.0	-0.021742352420441424	SEQC	permutation	
2785.0	0.020713160309678624	SEQC	permutation	
2786.0	-0.04537339637720583	SEQC	permutation	
2787.0	0.012216307337226784	SEQC	permutation	
2788.0	-0.09685174799902363	SEQC	permutation	
2789.0	-0.24070864969770867	SEQC	permutation	
2790.0	-0.19785759584099294	SEQC	permutation	
2791.0	0.05506541553429756	SEQC	permutation	
2792.0	0.026955188219457415	SEQC	permutation	
2793.0	0.05405530357318966	SEQC	permutation	
2794.0	-0.018587171137537606	SEQC	permutation	
2795.0	-0.21596554663184664	SEQC	permutation	
2796.0	0.09846661004258062	SEQC	permutation	
2797.0	0.04648233169970695	SEQC	permutation	
2798.0	0.06667960328014244	SEQC	permutation	
2799.0	-0.029931764584139042	SEQC	permutation	
2800.0	0.21037217166117328	SEQC	permutation	
2801.0	0.0425543837085578	SEQC	permutation	
2802.0	0.0880867349053589	SEQC	permutation	
2803.0	-0.31213624728058065	SEQC	permutation	
2804.0	0.07352273921419128	SEQC	permutation	
2805.0	0.21085741180761808	SEQC	permutation	
2806.0	0.025759443894252776	SEQC	permutation	
2807.0	0.20578416982774295	SEQC	permutation	
2808.0	-0.10561660172400744	SEQC	permutation	
2809.0	0.09373589743065924	SEQC	permutation	
2810.0	0.026703136443264608	SEQC	permutation	
2811.0	-0.18168844985698973	SEQC	permutation	
2812.0	-0.07599353902649675	SEQC	permutation	
2813.0	0.021625756505432303	SEQC	permutation	
2814.0	0.2708156013198688	SEQC	permutation	
2815.0	-0.032061644098276165	SEQC	permutation	
2816.0	-0.06260277731622521	SEQC	permutation	
2817.0	0.03376324201951819	SEQC	permutation	
2818.0	0.010408550854888343	SEQC	permutation	
2819.0	-0.10287773654114973	SEQC	permutation	
2820.0	0.14503157270300626	SEQC	permutation	
2821.0	0.22838949132791475	SEQC	permutation	
2822.0	-0.08271555770193517	SEQC	permutation	
2823.0	0.24505561381436802	SEQC	permutation	
2824.0	0.08892464681740542	SEQC	permutation	
2825.0	0.004708968935151159	SEQC	permutation	
2826.0	0.11539786598969215	SEQC	permutation	
2827.0	0.06615517414860994	SEQC	permutation	
2828.0	0.1586103519671469	SEQC	permutation	
2829.0	0.09471658903588542	SEQC	permutation	
2830.0	0.01906886661777385	SEQC	permutation	
2831.0	0.08628529214751701	SEQC	permutation	
2832.0	-0.15419123012829195	SEQC	permutation	
2833.0	-0.11612423245202041	SEQC	permutation	
2834.0	0.05757309107919539	SEQC	permutation	
2835.0	0.012634405639224688	SEQC	permutation	
2836.0	0.22001806511145938	SEQC	permutation	
2837.0	-0.1532170009135263	SEQC	permutation	
2838.0	0.13602869859388944	SEQC	permutation	
2839.0	-0.16365172958839524	SEQC	permutation	
2840.0	-0.056840567820407806	SEQC	permutation	
2841.0	0.22091795142981852	SEQC	permutation	
2842.0	0.055322780233242774	SEQC	permutation	
2843.0	0.08436037224667903	SEQC	permutation	
2844.0	0.03284913330208594	SEQC	permutation	
2845.0	-0.05452330193951971	SEQC	permutation	
2846.0	0.1860891620848224	SEQC	permutation	
2847.0	0.07228483630795424	SEQC	permutation	
2848.0	-0.1476669346858417	SEQC	permutation	
2849.0	0.0310617917038698	SEQC	permutation	
2850.0	0.14573814917203354	SEQC	permutation	
2851.0	0.08535815285366954	SEQC	permutation	
2852.0	-0.0465329073660401	SEQC	permutation	
2853.0	0.061102061090739124	SEQC	permutation	
2854.0	0.05805451016796015	SEQC	permutation	
2855.0	0.0441515837598887	SEQC	permutation	
2856.0	-0.03549973569398368	SEQC	permutation	
2857.0	0.13979190359061322	SEQC	permutation	
2858.0	-0.11217800901128694	SEQC	permutation	
2859.0	0.06657301127889603	SEQC	permutation	
2860.0	0.08374091601063371	SEQC	permutation	
2861.0	0.050989099433298435	SEQC	permutation	
2862.0	-0.0015860143047352615	SEQC	permutation	
2863.0	0.03344637718997445	SEQC	permutation	
2864.0	-0.06726956872816059	SEQC	permutation	
2865.0	0.016112848111960343	SEQC	permutation	
2866.0	0.03172625581457256	SEQC	permutation	
2867.0	0.09494835177763239	SEQC	permutation	
2868.0	0.23542201826030817	SEQC	permutation	
2869.0	0.0706706972070319	SEQC	permutation	
2870.0	0.0495231991242826	SEQC	permutation	
2871.0	-0.01444319940125638	SEQC	permutation	
2872.0	0.11065029961529937	SEQC	permutation	
2873.0	0.021569683798562167	SEQC	permutation	
2874.0	-7.939946421942068e-05	SEQC	permutation	
2875.0	0.16576524498738054	SEQC	permutation	
2876.0	0.07695774367124653	SEQC	permutation	
2877.0	0.05240197582592154	SEQC	permutation	
2878.0	-0.09619155716130567	SEQC	permutation	
2879.0	0.05281678525649092	SEQC	permutation	
2880.0	0.057490317685672476	SEQC	permutation	
2881.0	0.14112547187860258	SEQC	permutation	
2882.0	0.09955172141284407	SEQC	permutation	
2883.0	0.1677711804460862	SEQC	permutation	
2884.0	-0.12255069487035053	SEQC	permutation	
2885.0	0.04681074727537027	SEQC	permutation	
2886.0	-0.10868609694674758	SEQC	permutation	
2887.0	0.10909493239192569	SEQC	permutation	
2888.0	0.07829639117355125	SEQC	permutation	
2889.0	0.09096804623124877	SEQC	permutation	
2890.0	0.16410093043641716	SEQC	permutation	
2891.0	-0.000734140457372856	SEQC	permutation	
2892.0	0.01002671353846507	SEQC	permutation	
2893.0	-0.3269021792881994	SEQC	permutation	
2894.0	-0.1073245811290251	SEQC	permutation	
2895.0	0.2553098846721831	SEQC	permutation	
2896.0	0.09056786810272577	SEQC	permutation	
2897.0	-0.018374749925981426	SEQC	permutation	
2898.0	0.0918641072600388	SEQC	permutation	
2899.0	0.0467017497540394	SEQC	permutation	
2900.0	0.0006877100344842013	SEQC	permutation	
2901.0	0.0055533820682485135	SEQC	permutation	
2902.0	0.10193027468210758	SEQC	permutation	
2903.0	-0.06732286694401735	SEQC	permutation	
2904.0	0.1555696015515471	SEQC	permutation	
2905.0	0.08988220881408182	SEQC	permutation	
2906.0	0.026218644071635655	SEQC	permutation	
2907.0	0.01686686638595214	SEQC	permutation	
2908.0	-0.2628853790188801	SEQC	permutation	
2909.0	0.007253451003836009	SEQC	permutation	
2910.0	0.0025060487006705046	SEQC	permutation	
2911.0	-0.017147327027022374	SEQC	permutation	
2912.0	-0.027913447700666172	SEQC	permutation	
2913.0	0.2506510216263651	SEQC	permutation	
2914.0	0.06854777358663311	SEQC	permutation	
2915.0	0.10906190218347067	SEQC	permutation	
2916.0	-0.019599291490245196	SEQC	permutation	
2917.0	-0.0037310510901114036	SEQC	permutation	
2918.0	-0.02604524723557411	SEQC	permutation	
2919.0	0.019229937609400505	SEQC	permutation	
2920.0	0.06606445939842365	SEQC	permutation	
2921.0	-0.05336631722021279	SEQC	permutation	
2922.0	0.0012734284260340623	SEQC	permutation	
2923.0	0.08653063716411946	SEQC	permutation	
2924.0	-0.1156457365782515	SEQC	permutation	
2925.0	0.11137472623227263	SEQC	permutation	
2926.0	0.17090693624914755	SEQC	permutation	
2927.0	0.17438062469968685	SEQC	permutation	
2928.0	-0.17206328019380823	SEQC	permutation	
2929.0	0.013570354177229405	SEQC	permutation	
2930.0	0.0906754193184427	SEQC	permutation	
2931.0	0.002135968354552542	SEQC	permutation	
2932.0	-0.05802993006542723	SEQC	permutation	
2933.0	-0.038500262479244984	SEQC	permutation	
2934.0	0.2286106545173654	SEQC	permutation	
2935.0	0.08974393542373527	SEQC	permutation	
2936.0	0.13705409602024465	SEQC	permutation	
2937.0	-0.038531908056832265	SEQC	permutation	
2938.0	0.13966511642519208	SEQC	permutation	
2939.0	0.04906125807956396	SEQC	permutation	
2940.0	0.06824903311830699	SEQC	permutation	
2941.0	-0.1591272282670242	SEQC	permutation	
2942.0	0.02047166093233521	SEQC	permutation	
2943.0	-0.09922502948275058	SEQC	permutation	
2944.0	0.1820882829698891	SEQC	permutation	
2945.0	-0.04142871239656465	SEQC	permutation	
2946.0	0.0025329249738161863	SEQC	permutation	
2947.0	-0.0728540087341969	SEQC	permutation	
2948.0	-0.024115233500139333	SEQC	permutation	
2949.0	0.14960915932150964	SEQC	permutation	
2950.0	-0.31134193251883113	SEQC	permutation	
2951.0	-0.08331672926886391	SEQC	permutation	
2952.0	0.00949029848977867	SEQC	permutation	
2953.0	-0.020664633311360703	SEQC	permutation	
2954.0	-0.030787551521895384	SEQC	permutation	
2955.0	0.03611432519585511	SEQC	permutation	
2956.0	-0.050340300346692235	SEQC	permutation	
2957.0	0.03237846977226644	SEQC	permutation	
2958.0	-0.06290365847621437	SEQC	permutation	
2959.0	0.0496191800764918	SEQC	permutation	
2960.0	-0.012683452565165343	SEQC	permutation	
2961.0	-0.02560106678168328	SEQC	permutation	
2962.0	-0.07856129503314424	SEQC	permutation	
2963.0	0.19415133007215069	SEQC	permutation	
2964.0	0.22755744538835732	SEQC	permutation	
2965.0	-0.0931864562428415	SEQC	permutation	
2966.0	0.2236855596223304	SEQC	permutation	
2967.0	-0.1988271907131609	SEQC	permutation	
2968.0	0.16176592424696468	SEQC	permutation	
2969.0	0.06303508657436607	SEQC	permutation	
2970.0	-0.02275743248605888	SEQC	permutation	
2971.0	0.039117692929578673	SEQC	permutation	
2972.0	-0.1834059578331515	SEQC	permutation	
2973.0	0.04895557937401307	SEQC	permutation	
2974.0	0.0023486184302869972	SEQC	permutation	
2975.0	-0.06650782347771633	SEQC	permutation	
2976.0	-0.002803106639828634	SEQC	permutation	
2977.0	0.2182510758382432	SEQC	permutation	
2978.0	-0.03202282837445347	SEQC	permutation	
2979.0	0.06726848959410736	SEQC	permutation	
2980.0	-0.017131879402707106	SEQC	permutation	
2981.0	-0.023636654422068304	SEQC	permutation	
2982.0	0.042764912163072655	SEQC	permutation	
2983.0	0.1836912972071434	SEQC	permutation	
2984.0	0.028113337827089246	SEQC	permutation	
2985.0	-0.07402758006032517	SEQC	permutation	
2986.0	0.0006419561944008834	SEQC	permutation	
2987.0	0.10034494157808549	SEQC	permutation	
2988.0	-0.0509435884710685	SEQC	permutation	
2989.0	-0.04666799038947511	SEQC	permutation	
2990.0	0.011855016712053246	SEQC	permutation	
2991.0	0.07394052645220306	SEQC	permutation	
2992.0	0.111908942182672	SEQC	permutation	
2993.0	-0.03814845940386302	SEQC	permutation	
2994.0	0.2522348490886186	SEQC	permutation	
2995.0	-0.17892585016456186	SEQC	permutation	
2996.0	-0.2374228825562379	SEQC	permutation	
2997.0	0.014201701909779096	SEQC	permutation	
2998.0	-0.14426976034374883	SEQC	permutation	
2999.0	-0.05684770657536564	SEQC	permutation	
3000.0	-0.17624506442963472	SEQC	permutation	
3001.0	-0.007392300782458339	SEQC	permutation	
3002.0	-0.1493599440572373	SEQC	permutation	
3003.0	-0.004627598272644917	SEQC	permutation	
3004.0	0.01024499064242157	SEQC	permutation	
3005.0	0.1862685281458223	SEQC	permutation	
3006.0	0.2416602053177268	SEQC	permutation	
3007.0	-0.22460108923231603	SEQC	permutation	
3008.0	0.07315669318992413	SEQC	permutation	
3009.0	0.007678555563522149	SEQC	permutation	
3010.0	0.12931792072669168	SEQC	permutation	
3011.0	0.051883039661346775	SEQC	permutation	
3012.0	-0.0410081470244581	SEQC	permutation	
3013.0	0.07716227858971259	SEQC	permutation	
3014.0	0.19186080769446523	SEQC	permutation	
3015.0	-0.00451490537475463	SEQC	permutation	
3016.0	0.04030295010266327	SEQC	permutation	
3017.0	-0.0029682151554739633	SEQC	permutation	
3018.0	0.057319106990699975	SEQC	permutation	
3019.0	0.13393111132222968	SEQC	permutation	
3020.0	0.16538552092520487	SEQC	permutation	
3021.0	0.0759032065783054	SEQC	permutation	
3022.0	0.0490501798783205	SEQC	permutation	
3023.0	-0.1503169681541423	SEQC	permutation	
3024.0	-0.13711071335885894	SEQC	permutation	
3025.0	-0.033021580166265	SEQC	permutation	
3026.0	0.008602665835418577	SEQC	permutation	
3027.0	0.05364984215373214	SEQC	permutation	
3028.0	0.16085749828619944	SEQC	permutation	
3029.0	0.05801019369193883	SEQC	permutation	
3030.0	-0.0017553458083865436	SEQC	permutation	
3031.0	0.041920487305103116	SEQC	permutation	
3032.0	0.032058350129095636	SEQC	permutation	
3033.0	-0.060045980587494	SEQC	permutation	
3034.0	-0.048958551649332716	SEQC	permutation	
3035.0	0.24857053218577985	SEQC	permutation	
3036.0	0.10395628976552818	SEQC	permutation	
3037.0	-0.2172969245009586	SEQC	permutation	
3038.0	-0.02633133629651807	SEQC	permutation	
3039.0	0.15970808394251934	SEQC	permutation	
3040.0	0.11003409916011941	SEQC	permutation	
3041.0	0.15355200805768554	SEQC	permutation	
3042.0	0.08516195793690606	SEQC	permutation	
3043.0	-0.13610494349324576	SEQC	permutation	
3044.0	-0.022146673032430453	SEQC	permutation	
3045.0	-0.20353173881314257	SEQC	permutation	
3046.0	-0.07566122385247276	SEQC	permutation	
3047.0	-0.07418749440767902	SEQC	permutation	
3048.0	0.0513244787760323	SEQC	permutation	
3049.0	-0.1971783468846886	SEQC	permutation	
3050.0	-0.010335398551070796	SEQC	permutation	
3051.0	0.14987736818887987	SEQC	permutation	
3052.0	0.20526297727316312	SEQC	permutation	
3053.0	0.11607023239923331	SEQC	permutation	
3054.0	0.031107668955231205	SEQC	permutation	
3055.0	-0.07642078106554573	SEQC	permutation	
3056.0	0.16105202696837528	SEQC	permutation	
3057.0	0.0466645699908943	SEQC	permutation	
3058.0	0.26172023697750957	SEQC	permutation	
3059.0	-0.15283401473129254	SEQC	permutation	
3060.0	0.20350654818455682	SEQC	permutation	
3061.0	0.09420475164376052	SEQC	permutation	
3062.0	-0.08194451750500864	SEQC	permutation	
3063.0	-0.08896587581595883	SEQC	permutation	
3064.0	0.14749050074805092	SEQC	permutation	
3065.0	-0.006682420830320446	SEQC	permutation	
3066.0	-0.06873247973716445	SEQC	permutation	
3067.0	0.005826425105756261	SEQC	permutation	
3068.0	0.09480094402933492	SEQC	permutation	
3069.0	-0.12154996457508238	SEQC	permutation	
3070.0	0.12519740385499833	SEQC	permutation	
3071.0	-0.00327858562814054	SEQC	permutation	
3072.0	-0.06521194256961804	SEQC	permutation	
3073.0	-0.16726407333714022	SEQC	permutation	
3074.0	-0.08065468664954434	SEQC	permutation	
3075.0	0.07616949034618559	SEQC	permutation	
3076.0	0.07790771350142878	SEQC	permutation	
3077.0	-0.06482616466489466	SEQC	permutation	
3078.0	-0.12051493274719416	SEQC	permutation	
3079.0	-0.2920500880153929	SEQC	permutation	
3080.0	-0.0635622702490739	SEQC	permutation	
3081.0	0.02347923195133994	SEQC	permutation	
3082.0	-0.05540521776349294	SEQC	permutation	
3083.0	0.009973510738386704	SEQC	permutation	
3084.0	0.05571118215204951	SEQC	permutation	
3085.0	0.15623506222585126	SEQC	permutation	
3086.0	0.25662971789812294	SEQC	permutation	
3087.0	-0.021126157315759286	SEQC	permutation	
3088.0	-0.055827158447418146	SEQC	permutation	
3089.0	-0.0271454532985671	SEQC	permutation	
3090.0	0.07549885998966976	SEQC	permutation	
3091.0	0.06690334721206836	SEQC	permutation	
3092.0	0.024910896346558076	SEQC	permutation	
3093.0	-0.02252029120904231	SEQC	permutation	
3094.0	-0.04419598927481827	SEQC	permutation	
3095.0	-0.04295640293700709	SEQC	permutation	
3096.0	-0.0025417297242511516	SEQC	permutation	
3097.0	-0.03889437745569513	SEQC	permutation	
3098.0	0.0989036994564465	SEQC	permutation	
3099.0	0.04726166961058009	SEQC	permutation	
3100.0	0.04327200685264687	SEQC	permutation	
3101.0	0.013679302097730606	SEQC	permutation	
3102.0	-0.043824508729667144	SEQC	permutation	
3103.0	0.08654657641086638	SEQC	permutation	
3104.0	-0.03215175530654246	SEQC	permutation	
3105.0	0.028025218630874704	SEQC	permutation	
3106.0	-0.17795592837698182	SEQC	permutation	
3107.0	-0.11095200017780371	SEQC	permutation	
3108.0	-0.28039017626278717	SEQC	permutation	
3109.0	0.003172138707085548	SEQC	permutation	
3110.0	0.145083411732295	SEQC	permutation	
3111.0	0.0738750312798171	SEQC	permutation	
3112.0	0.09166500639726038	SEQC	permutation	
3113.0	0.0562642248292855	SEQC	permutation	
3114.0	0.15036059674404223	SEQC	permutation	
3115.0	0.16185252373808723	SEQC	permutation	
3116.0	0.029159252635092336	SEQC	permutation	
3117.0	0.06336596391060878	SEQC	permutation	
3118.0	0.027893432233530024	SEQC	permutation	
3119.0	0.07246694154786937	SEQC	permutation	
3120.0	0.2968920650291347	SEQC	permutation	
3121.0	0.017019288706116686	SEQC	permutation	
3122.0	0.127663071898239	SEQC	permutation	
3123.0	-0.06792084564660161	SEQC	permutation	
3124.0	0.034911245844660765	SEQC	permutation	
3125.0	-0.2448770091778405	SEQC	permutation	
3126.0	-0.05832065136560116	SEQC	permutation	
3127.0	0.1067373471254065	SEQC	permutation	
3128.0	-0.07681500209712366	SEQC	permutation	
3129.0	0.12266013881732496	SEQC	permutation	
3130.0	0.12626291652237498	SEQC	permutation	
3131.0	0.058172431455107976	SEQC	permutation	
3132.0	0.12125395719121013	SEQC	permutation	
3133.0	-0.16646416930174368	SEQC	permutation	
3134.0	0.06071807683426478	SEQC	permutation	
3135.0	-0.13596091539192345	SEQC	permutation	
3136.0	0.06095396692176758	SEQC	permutation	
3137.0	0.2184334296167556	SEQC	permutation	
3138.0	0.008290882036983582	SEQC	permutation	
3139.0	-0.06742704758358675	SEQC	permutation	
3140.0	-0.13678694662976243	SEQC	permutation	
3141.0	0.027875350972963453	SEQC	permutation	
3142.0	0.07985226286684499	SEQC	permutation	
3143.0	-0.03193761180663213	SEQC	permutation	
3144.0	-0.06011328289223705	SEQC	permutation	
3145.0	0.010907750508844405	SEQC	permutation	
3146.0	-0.028287838069462445	SEQC	permutation	
3147.0	-0.07581460502970438	SEQC	permutation	
3148.0	-0.015392654249931859	SEQC	permutation	
3149.0	0.12801761564317848	SEQC	permutation	
3150.0	0.06438446971938205	SEQC	permutation	
3151.0	-0.13051114140569675	SEQC	permutation	
3152.0	-0.13852634878157843	SEQC	permutation	
3153.0	-0.15072104539102504	SEQC	permutation	
3154.0	-0.06975729476478199	SEQC	permutation	
3155.0	0.0022635630993512734	SEQC	permutation	
3156.0	-0.08019898815870219	SEQC	permutation	
3157.0	0.15518200591377207	SEQC	permutation	
3158.0	-0.12489699833975054	SEQC	permutation	
3159.0	-0.05896396197746023	SEQC	permutation	
3160.0	-0.11188116703761875	SEQC	permutation	
3161.0	0.13186601997793845	SEQC	permutation	
3162.0	0.1999271996377825	SEQC	permutation	
3163.0	-0.2738984761664791	SEQC	permutation	
3164.0	-0.0314182593965433	SEQC	permutation	
3165.0	0.21029235800792767	SEQC	permutation	
3166.0	-0.13254711906606387	SEQC	permutation	
3167.0	-0.009428312352095514	SEQC	permutation	
3168.0	-0.0750076644060309	SEQC	permutation	
3169.0	-0.18067517237676922	SEQC	permutation	
3170.0	-0.1230569524960603	SEQC	permutation	
3171.0	-0.10373505831784824	SEQC	permutation	
3172.0	0.02970201347033896	SEQC	permutation	
3173.0	0.20527693465669028	SEQC	permutation	
3174.0	0.11172952244952183	SEQC	permutation	
3175.0	0.19819860508639398	SEQC	permutation	
3176.0	-0.007959331627446442	SEQC	permutation	
3177.0	-0.12604025458399448	SEQC	permutation	
3178.0	-0.0341659493724058	SEQC	permutation	
3179.0	-0.11046923143099496	SEQC	permutation	
3180.0	-0.13929846332387896	SEQC	permutation	
3181.0	0.15653895806245677	SEQC	permutation	
3182.0	0.06257651802736275	SEQC	permutation	
3183.0	0.03166149631054127	SEQC	permutation	
3184.0	-0.06590869992490411	SEQC	permutation	
3185.0	0.1534100312275659	SEQC	permutation	
3186.0	-0.13914188092474955	SEQC	permutation	
3187.0	-0.047957139313544506	SEQC	permutation	
3188.0	0.0013104780635453395	SEQC	permutation	
3189.0	0.043192760892856175	SEQC	permutation	
3190.0	-0.1133244828808837	SEQC	permutation	
3191.0	0.012849434373183755	SEQC	permutation	
3192.0	0.06214600091320044	SEQC	permutation	
3193.0	0.09036586972115579	SEQC	permutation	
3194.0	-0.1642487606826588	SEQC	permutation	
3195.0	-0.04403463896792603	SEQC	permutation	
3196.0	-0.1686713618904827	SEQC	permutation	
3197.0	0.07287525241586401	SEQC	permutation	
3198.0	-0.15853168339357682	SEQC	permutation	
3199.0	0.11807402839114678	SEQC	permutation	
3200.0	-0.06870253978390295	SEQC	permutation	
3201.0	-0.16546104837742082	SEQC	permutation	
3202.0	0.2815213136727803	SEQC	permutation	
3203.0	0.03347848674799758	SEQC	permutation	
3204.0	-0.006076447431376586	SEQC	permutation	
3205.0	0.06518097986701132	SEQC	permutation	
3206.0	0.32722195848823743	SEQC	permutation	
3207.0	-0.03805269936353506	SEQC	permutation	
3208.0	0.16149337289499766	SEQC	permutation	
3209.0	0.17089279638827604	SEQC	permutation	
3210.0	0.10755157050080788	SEQC	permutation	
3211.0	0.06375174827075991	SEQC	permutation	
3212.0	0.13119560555702758	SEQC	permutation	
3213.0	0.10370321749768818	SEQC	permutation	
3214.0	0.14535249017069463	SEQC	permutation	
3215.0	0.023805306058981568	SEQC	permutation	
3216.0	0.1846285809988606	SEQC	permutation	
3217.0	-0.07722006574935358	SEQC	permutation	
3218.0	0.14643867519170461	SEQC	permutation	
3219.0	-0.009624170820328182	SEQC	permutation	
3220.0	-0.009695339213867005	SEQC	permutation	
3221.0	0.009486875199635314	SEQC	permutation	
3222.0	0.1531501670671247	SEQC	permutation	
3223.0	0.09187530956081646	SEQC	permutation	
3224.0	-0.14654597388202406	SEQC	permutation	
3225.0	-0.0015372080408297961	SEQC	permutation	
3226.0	0.05355366476549195	SEQC	permutation	
3227.0	-0.002306171298626758	SEQC	permutation	
3228.0	0.09548855172378312	SEQC	permutation	
3229.0	-0.14626993854060544	SEQC	permutation	
3230.0	-0.18867385190485875	SEQC	permutation	
3231.0	0.08389367349199794	SEQC	permutation	
3232.0	0.08406664647618278	SEQC	permutation	
3233.0	3.536855700092545e-05	SEQC	permutation	
3234.0	0.058413994272656034	SEQC	permutation	
3235.0	-0.02218847997180262	SEQC	permutation	
3236.0	0.1407372265149256	SEQC	permutation	
3237.0	0.012016789145528506	SEQC	permutation	
3238.0	-0.011776553093806097	SEQC	permutation	
3239.0	-0.030374570992227845	SEQC	permutation	
3240.0	0.11383241414391465	SEQC	permutation	
3241.0	0.04245864177943215	SEQC	permutation	
3242.0	0.000895836360826685	SEQC	permutation	
3243.0	-0.08128035852398563	SEQC	permutation	
3244.0	-0.13375250256181515	SEQC	permutation	
3245.0	-0.0801421066019441	SEQC	permutation	
3246.0	0.0539991230601653	SEQC	permutation	
3247.0	0.08982957981609996	SEQC	permutation	
3248.0	0.020281684541807454	SEQC	permutation	
3249.0	0.2551356626622776	SEQC	permutation	
3250.0	-0.13119625161193094	SEQC	permutation	
3251.0	-0.12504474830414702	SEQC	permutation	
3252.0	0.2711598478170374	SEQC	permutation	
3253.0	0.06909380278088495	SEQC	permutation	
3254.0	-0.019147948402002513	SEQC	permutation	
3255.0	-0.0747333898613558	SEQC	permutation	
3256.0	0.1164178597614769	SEQC	permutation	
3257.0	0.07584997352643619	SEQC	permutation	
3258.0	-0.0786928161819751	SEQC	permutation	
3259.0	0.018434872628544152	SEQC	permutation	
3260.0	0.1057705308273249	SEQC	permutation	
3261.0	0.00640305602939506	SEQC	permutation	
3262.0	0.06924719155010184	SEQC	permutation	
3263.0	0.07029087248238852	SEQC	permutation	
3264.0	-0.11970612735042074	SEQC	permutation	
3265.0	0.13958633677850285	SEQC	permutation	
3266.0	-0.13378101315582347	SEQC	permutation	
3267.0	0.08006371867631756	SEQC	permutation	
3268.0	0.09938942824642938	SEQC	permutation	
3269.0	-0.029316316492120187	SEQC	permutation	
3270.0	0.20023085711489141	SEQC	permutation	
3271.0	0.002819513071095514	SEQC	permutation	
3272.0	0.11419015210836969	SEQC	permutation	
3273.0	0.27581746096875026	SEQC	permutation	
3274.0	0.07168581993333545	SEQC	permutation	
3275.0	-0.036698920185272765	SEQC	permutation	
3276.0	0.19241291412730943	SEQC	permutation	
3277.0	0.2172104572695006	SEQC	permutation	
3278.0	0.23566446768343718	SEQC	permutation	
3279.0	-0.0068911122623416254	SEQC	permutation	
3280.0	-0.028146721608196312	SEQC	permutation	
3281.0	-0.07251515712746759	SEQC	permutation	
3282.0	0.14101702009959904	SEQC	permutation	
3283.0	0.13108800371582996	SEQC	permutation	
3284.0	0.04091942353694522	SEQC	permutation	
3285.0	-0.05654340568613181	SEQC	permutation	
3286.0	-0.043125499611507134	SEQC	permutation	
3287.0	-0.10230032500387454	SEQC	permutation	
3288.0	0.07545240316303925	SEQC	permutation	
3289.0	0.1565781627652143	SEQC	permutation	
3290.0	-0.1271686348078691	SEQC	permutation	
3291.0	-0.15608764808727793	SEQC	permutation	
3292.0	0.03416653279372994	SEQC	permutation	
3293.0	0.0885366109204071	SEQC	permutation	
3294.0	0.1497961221651649	SEQC	permutation	
3295.0	0.21181379621384	SEQC	permutation	
3296.0	0.05874431591699647	SEQC	permutation	
3297.0	0.09443635801879813	SEQC	permutation	
3298.0	-0.09583472976378404	SEQC	permutation	
3299.0	-0.04388414550106301	SEQC	permutation	
3300.0	-0.06743870244516881	SEQC	permutation	
3301.0	-0.13393703450661798	SEQC	permutation	
3302.0	9.0864911791666e-05	SEQC	permutation	
3303.0	0.0476119118378433	SEQC	permutation	
3304.0	0.28873116268600674	SEQC	permutation	
3305.0	0.13648853709508213	SEQC	permutation	
3306.0	0.016932374215178125	SEQC	permutation	
3307.0	-0.05466302854032978	SEQC	permutation	
3308.0	-0.06458891066257655	SEQC	permutation	
3309.0	0.06018209852748946	SEQC	permutation	
3310.0	-0.048180746253374096	SEQC	permutation	
3311.0	-0.048501646825801714	SEQC	permutation	
3312.0	0.04913245842418901	SEQC	permutation	
3313.0	-0.03374104843809178	SEQC	permutation	
3314.0	-0.029133201853286383	SEQC	permutation	
3315.0	0.028585637371830508	SEQC	permutation	
3316.0	-0.01072345453429735	SEQC	permutation	
3317.0	-0.10114562592241327	SEQC	permutation	
3318.0	-0.07122078832820877	SEQC	permutation	
3319.0	0.31646443845058636	SEQC	permutation	
3320.0	-0.0037457407609595705	SEQC	permutation	
3321.0	0.18567730351108702	SEQC	permutation	
3322.0	-0.18245153801073943	SEQC	permutation	
3323.0	0.1412384060845926	SEQC	permutation	
3324.0	0.08600646131322831	SEQC	permutation	
3325.0	-0.0018134579477746549	SEQC	permutation	
3326.0	-0.11068460322804352	SEQC	permutation	
3327.0	0.09467729665025804	SEQC	permutation	
3328.0	-0.012475374861668165	SEQC	permutation	
3329.0	0.10185470841760358	SEQC	permutation	
3330.0	0.08666663201558489	SEQC	permutation	
3331.0	0.11089307315926833	SEQC	permutation	
3332.0	-0.06724830385318992	SEQC	permutation	
3333.0	-0.17547842187427065	SEQC	permutation	
3334.0	-0.032882494613514446	SEQC	permutation	
3335.0	0.2114707592747962	SEQC	permutation	
3336.0	-0.09528566484836931	SEQC	permutation	
3337.0	0.19851012394959522	SEQC	permutation	
3338.0	-0.06942589322245896	SEQC	permutation	
3339.0	0.10377603837987026	SEQC	permutation	
3340.0	-0.07152926787366853	SEQC	permutation	
3341.0	-0.0178481836591855	SEQC	permutation	
3342.0	0.24481877574995003	SEQC	permutation	
3343.0	0.18217379717988091	SEQC	permutation	
3344.0	0.07531359009117455	SEQC	permutation	
3345.0	0.26189838433415735	SEQC	permutation	
3346.0	0.02898823507435777	SEQC	permutation	
3347.0	0.058304797737635194	SEQC	permutation	
3348.0	-0.07730932177630123	SEQC	permutation	
3349.0	0.07639754007610522	SEQC	permutation	
3350.0	0.08638342872692917	SEQC	permutation	
3351.0	0.021648433048388593	SEQC	permutation	
3352.0	-0.04269035513579533	SEQC	permutation	
3353.0	-0.031687448297579746	SEQC	permutation	
3354.0	0.17629133337069502	SEQC	permutation	
3355.0	-0.2107182580306044	SEQC	permutation	
3356.0	0.0006615261371218928	SEQC	permutation	
3357.0	-0.2461122249428036	SEQC	permutation	
3358.0	0.0782715262918563	SEQC	permutation	
3359.0	0.13042985906373028	SEQC	permutation	
3360.0	0.1947509451439915	SEQC	permutation	
3361.0	0.05904517401943732	SEQC	permutation	
3362.0	-0.16123972880771653	SEQC	permutation	
3363.0	0.00782492593282269	SEQC	permutation	
3364.0	0.051903193098452594	SEQC	permutation	
3365.0	-0.04312524412626306	SEQC	permutation	
3366.0	-0.07022924036039147	SEQC	permutation	
3367.0	-0.16069619091091347	SEQC	permutation	
3368.0	-0.1351025696952859	SEQC	permutation	
3369.0	0.17317853966247565	SEQC	permutation	
3370.0	0.03415725429189509	SEQC	permutation	
3371.0	-0.12010294857972159	SEQC	permutation	
3372.0	-0.02672049999372028	SEQC	permutation	
3373.0	-0.16316023476081387	SEQC	permutation	
3374.0	0.08508244745354121	SEQC	permutation	
3375.0	-0.16894773155125486	SEQC	permutation	
3376.0	0.03444332667642902	SEQC	permutation	
3377.0	-0.1272621452261169	SEQC	permutation	
3378.0	0.024039958609139767	SEQC	permutation	
3379.0	0.19692389238020613	SEQC	permutation	
3380.0	-0.07195526953376818	SEQC	permutation	
3381.0	0.07313803972187305	SEQC	permutation	
3382.0	-0.06689880004859905	SEQC	permutation	
3383.0	0.05683717241316	SEQC	permutation	
3384.0	-0.10721233210579229	SEQC	permutation	
3385.0	-0.055070918446749495	SEQC	permutation	
3386.0	0.00901112596863296	SEQC	permutation	
3387.0	-0.04182022998033874	SEQC	permutation	
3388.0	-0.026281737353308632	SEQC	permutation	
3389.0	-0.05911292612422114	SEQC	permutation	
3390.0	-0.1503405858490554	SEQC	permutation	
3391.0	-0.09521858406505945	SEQC	permutation	
3392.0	0.006565341246173251	SEQC	permutation	
3393.0	0.24680535659868408	SEQC	permutation	
3394.0	-0.2005454876224002	SEQC	permutation	
3395.0	-0.02034731797246847	SEQC	permutation	
3396.0	0.10764332322162229	SEQC	permutation	
3397.0	0.041475450886957255	SEQC	permutation	
3398.0	-0.006271688690425048	SEQC	permutation	
3399.0	0.16862368766946512	SEQC	permutation	
3400.0	-0.023311615886173254	SEQC	permutation	
3401.0	-0.051652889815196	SEQC	permutation	
3402.0	0.04372654527723219	SEQC	permutation	
3403.0	-0.010213548246861937	SEQC	permutation	
3404.0	-0.0069355212867932	SEQC	permutation	
3405.0	-0.042157709186361636	SEQC	permutation	
3406.0	-0.10219652146269542	SEQC	permutation	
3407.0	0.013492980395060084	SEQC	permutation	
3408.0	0.038385191794665374	SEQC	permutation	
3409.0	0.045899775989414415	SEQC	permutation	
3410.0	0.06943616422538357	SEQC	permutation	
3411.0	-0.053697960567836045	SEQC	permutation	
3412.0	0.04613656672240429	SEQC	permutation	
3413.0	0.008957376471617096	SEQC	permutation	
3414.0	0.14720068378945994	SEQC	permutation	
3415.0	0.11801671939928271	SEQC	permutation	
3416.0	0.223724487603167	SEQC	permutation	
3417.0	0.18325505609169213	SEQC	permutation	
3418.0	-0.20516953767672286	SEQC	permutation	
3419.0	0.12557595815681077	SEQC	permutation	
3420.0	-0.05795738506805126	SEQC	permutation	
3421.0	-0.0718710330600314	SEQC	permutation	
3422.0	0.10919723734417364	SEQC	permutation	
3423.0	-0.16986633231770387	SEQC	permutation	
3424.0	-0.07122701182211877	SEQC	permutation	
3425.0	0.1545269448541977	SEQC	permutation	
3426.0	0.15634831995989495	SEQC	permutation	
3427.0	-0.1448852581675264	SEQC	permutation	
3428.0	-0.006740315628538607	SEQC	permutation	
3429.0	-0.11156155245290078	SEQC	permutation	
3430.0	-0.17361077776618083	SEQC	permutation	
3431.0	0.10488657453377037	SEQC	permutation	
3432.0	0.0038360260471366203	SEQC	permutation	
3433.0	0.002066811726825879	SEQC	permutation	
3434.0	-0.17578215285374776	SEQC	permutation	
3435.0	0.20202424891626736	SEQC	permutation	
3436.0	0.11076821598271103	SEQC	permutation	
3437.0	-0.05712352687018374	SEQC	permutation	
3438.0	0.033728216520873655	SEQC	permutation	
3439.0	0.13373086483986985	SEQC	permutation	
3440.0	0.04045163140112962	SEQC	permutation	
3441.0	0.05118451411473801	SEQC	permutation	
3442.0	0.07368672027997247	SEQC	permutation	
3443.0	0.030817734322397428	SEQC	permutation	
3444.0	0.12675854810181963	SEQC	permutation	
3445.0	0.0686044460129116	SEQC	permutation	
3446.0	0.22638931541630436	SEQC	permutation	
3447.0	-0.1451261380146458	SEQC	permutation	
3448.0	-0.006376369626583944	SEQC	permutation	
3449.0	0.1324780915542103	SEQC	permutation	
3450.0	0.1540206552713581	SEQC	permutation	
3451.0	0.11359888445992583	SEQC	permutation	
3452.0	0.004129368986391935	SEQC	permutation	
3453.0	-0.10414972942519585	SEQC	permutation	
3454.0	0.08083639557568167	SEQC	permutation	
3455.0	-0.26060447680667265	SEQC	permutation	
3456.0	-0.06416839110488137	SEQC	permutation	
3457.0	0.0782391975974539	SEQC	permutation	
3458.0	0.028699691942211114	SEQC	permutation	
3459.0	0.13824366353370499	SEQC	permutation	
3460.0	0.1656159891162896	SEQC	permutation	
3461.0	-0.05731892383334003	SEQC	permutation	
3462.0	0.03630325141557522	SEQC	permutation	
3463.0	-0.031343155136412726	SEQC	permutation	
3464.0	-0.04419676343448087	SEQC	permutation	
3465.0	0.14920840865284868	SEQC	permutation	
3466.0	0.1390223826374033	SEQC	permutation	
3467.0	0.11104210143727977	SEQC	permutation	
3468.0	0.0943448492135639	SEQC	permutation	
3469.0	-0.0005658396930408038	SEQC	permutation	
3470.0	0.08824468989146839	SEQC	permutation	
3471.0	-0.06521540870345532	SEQC	permutation	
3472.0	0.31566411888726	SEQC	permutation	
3473.0	0.1912394967541271	SEQC	permutation	
3474.0	0.07583457162524443	SEQC	permutation	
3475.0	0.07819909066861319	SEQC	permutation	
3476.0	0.028299139684241137	SEQC	permutation	
3477.0	0.1669253683713543	SEQC	permutation	
3478.0	-0.11459733242819237	SEQC	permutation	
3479.0	-0.0849516264361192	SEQC	permutation	
3480.0	0.005777803807309745	SEQC	permutation	
3481.0	-0.14254168920028176	SEQC	permutation	
3482.0	-0.0707483471067718	SEQC	permutation	
3483.0	0.08656081895909873	SEQC	permutation	
3484.0	0.1784673957806513	SEQC	permutation	
3485.0	-0.24359607695433727	SEQC	permutation	
3486.0	0.1784280496664179	SEQC	permutation	
3487.0	-0.20955943857757697	SEQC	permutation	
3488.0	-0.1260145143369491	SEQC	permutation	
3489.0	-0.05605669081745379	SEQC	permutation	
3490.0	0.05077166265333721	SEQC	permutation	
3491.0	0.05873193836735613	SEQC	permutation	
3492.0	0.052431626954037025	SEQC	permutation	
3493.0	-0.20437921113497115	SEQC	permutation	
3494.0	0.18327795204631725	SEQC	permutation	
3495.0	-0.047939795420417486	SEQC	permutation	
3496.0	0.41304916587952034	SEQC	permutation	
3497.0	-0.02291477057952962	SEQC	permutation	
3498.0	-0.09428051143483973	SEQC	permutation	
3499.0	0.03467582314894324	SEQC	permutation	
3500.0	0.08158087392784275	SEQC	permutation	
3501.0	0.07313800203948961	SEQC	permutation	
3502.0	0.040969966415064896	SEQC	permutation	
3503.0	0.15970969562622805	SEQC	permutation	
3504.0	0.020151782011675223	SEQC	permutation	
3505.0	0.2145421789778963	SEQC	permutation	
3506.0	0.12281640790415249	SEQC	permutation	
3507.0	0.24236060396458647	SEQC	permutation	
3508.0	-0.2954189169125119	SEQC	permutation	
3509.0	0.025380692229612034	SEQC	permutation	
3510.0	0.08352414810837638	SEQC	permutation	
3511.0	-0.07977838237997581	SEQC	permutation	
3512.0	0.004814925062692321	SEQC	permutation	
3513.0	-0.09203529647626629	SEQC	permutation	
3514.0	-0.19041875116039408	SEQC	permutation	
3515.0	-0.12709070003279344	SEQC	permutation	
3516.0	0.015319705844174969	SEQC	permutation	
3517.0	-0.036553417071758076	SEQC	permutation	
3518.0	0.05813162201609279	SEQC	permutation	
3519.0	0.1258585706198887	SEQC	permutation	
3520.0	-0.020773481409245065	SEQC	permutation	
3521.0	-0.0034329096351277677	SEQC	permutation	
3522.0	0.047826458082387724	SEQC	permutation	
3523.0	-0.11194722379133859	SEQC	permutation	
3524.0	-0.0582696851785629	SEQC	permutation	
3525.0	0.06287225477594038	SEQC	permutation	
3526.0	0.03727678620881614	SEQC	permutation	
3527.0	0.07608936432763302	SEQC	permutation	
3528.0	-0.0926712264847862	SEQC	permutation	
3529.0	-0.022556678389268114	SEQC	permutation	
3530.0	0.14307363296811282	SEQC	permutation	
3531.0	0.07632375546469605	SEQC	permutation	
3532.0	-0.02894584235933939	SEQC	permutation	
3533.0	0.1063143936541815	SEQC	permutation	
3534.0	0.07032509586474855	SEQC	permutation	
3535.0	0.11210653063181919	SEQC	permutation	
3536.0	0.04169511821230687	SEQC	permutation	
3537.0	0.2516088766079543	SEQC	permutation	
3538.0	0.16645088686419252	SEQC	permutation	
3539.0	-0.021604615318196352	SEQC	permutation	
3540.0	0.19815031048543386	SEQC	permutation	
3541.0	-0.004775610408618736	SEQC	permutation	
3542.0	-0.12521832354502527	SEQC	permutation	
3543.0	0.16923694996898186	SEQC	permutation	
3544.0	-0.12985871733605148	SEQC	permutation	
3545.0	0.07394588597777396	SEQC	permutation	
3546.0	0.13300716532788348	SEQC	permutation	
3547.0	0.03425340037211333	SEQC	permutation	
3548.0	-0.025031868036275995	SEQC	permutation	
3549.0	0.06545573501626123	SEQC	permutation	
3550.0	0.07574492570028868	SEQC	permutation	
3551.0	-0.040216846583983834	SEQC	permutation	
3552.0	-0.06388875297180086	SEQC	permutation	
3553.0	-0.025071750491499678	SEQC	permutation	
3554.0	0.004079267495920025	SEQC	permutation	
3555.0	-0.07613479891189145	SEQC	permutation	
3556.0	0.07361334446774492	SEQC	permutation	
3557.0	-0.09196793371664258	SEQC	permutation	
3558.0	0.011512070102367211	SEQC	permutation	
3559.0	-0.046783020061388125	SEQC	permutation	
3560.0	0.10338564969883413	SEQC	permutation	
3561.0	-0.16522935317586018	SEQC	permutation	
3562.0	0.06087897974219869	SEQC	permutation	
3563.0	0.16350674615586414	SEQC	permutation	
3564.0	-0.026986334873691842	SEQC	permutation	
3565.0	-0.018775844402655117	SEQC	permutation	
3566.0	-0.009359744335210252	SEQC	permutation	
3567.0	-0.03602080529639995	SEQC	permutation	
3568.0	0.18870751177656064	SEQC	permutation	
3569.0	0.0008311603610180462	SEQC	permutation	
3570.0	-0.1241395779876866	SEQC	permutation	
3571.0	-0.1611955935625078	SEQC	permutation	
3572.0	-0.06280233723986894	SEQC	permutation	
3573.0	0.002156148026638327	SEQC	permutation	
3574.0	0.12494295515983822	SEQC	permutation	
3575.0	-0.051047927629254364	SEQC	permutation	
3576.0	-0.08441650438516657	SEQC	permutation	
3577.0	0.07087062449161463	SEQC	permutation	
3578.0	-0.0041921285948909315	SEQC	permutation	
3579.0	-0.059790508166927214	SEQC	permutation	
3580.0	0.14747004993981339	SEQC	permutation	
3581.0	-0.03598984543277561	SEQC	permutation	
3582.0	0.1852082528620338	SEQC	permutation	
3583.0	0.0009208277067895843	SEQC	permutation	
3584.0	-0.10844768001729399	SEQC	permutation	
3585.0	0.07203881243945842	SEQC	permutation	
3586.0	-0.029146976767684407	SEQC	permutation	
3587.0	-0.13050275194765204	SEQC	permutation	
3588.0	0.07400059258513592	SEQC	permutation	
3589.0	0.043262862345140096	SEQC	permutation	
3590.0	0.14549826903508878	SEQC	permutation	
3591.0	-0.228664521518275	SEQC	permutation	
3592.0	-0.22188365123875053	SEQC	permutation	
3593.0	0.185801725464251	SEQC	permutation	
3594.0	-0.08071459776806211	SEQC	permutation	
3595.0	-0.040732983885992446	SEQC	permutation	
3596.0	0.021526924583842533	SEQC	permutation	
3597.0	0.15699589643007617	SEQC	permutation	
3598.0	-0.15516604202588935	SEQC	permutation	
3599.0	0.11446342362864526	SEQC	permutation	
3600.0	-0.07455250579919959	SEQC	permutation	
3601.0	0.09316992187643436	SEQC	permutation	
3602.0	0.08557678482636843	SEQC	permutation	
3603.0	-0.19458529377083345	SEQC	permutation	
3604.0	0.09133689785459964	SEQC	permutation	
3605.0	-0.007819314216353845	SEQC	permutation	
3606.0	-0.010550132914111998	SEQC	permutation	
3607.0	0.1385131050849977	SEQC	permutation	
3608.0	0.14712432365217376	SEQC	permutation	
3609.0	0.06313366675166154	SEQC	permutation	
3610.0	0.0008315261788873762	SEQC	permutation	
3611.0	-0.2175614129836787	SEQC	permutation	
3612.0	-0.022576385664418552	SEQC	permutation	
3613.0	0.09475074554677665	SEQC	permutation	
3614.0	0.1613470341729042	SEQC	permutation	
3615.0	0.008724701025945691	SEQC	permutation	
3616.0	0.05947363473010725	SEQC	permutation	
3617.0	-0.08896008854601334	SEQC	permutation	
3618.0	-0.1975768473699797	SEQC	permutation	
3619.0	-0.027149220946176555	SEQC	permutation	
3620.0	-0.061556351598732295	SEQC	permutation	
3621.0	0.13861148592634454	SEQC	permutation	
3622.0	-0.11889732544327813	SEQC	permutation	
3623.0	-0.022607845864545784	SEQC	permutation	
3624.0	-0.0009802740421620548	SEQC	permutation	
3625.0	-0.164272217238842	SEQC	permutation	
3626.0	0.027403546330766027	SEQC	permutation	
3627.0	-0.03194990420486121	SEQC	permutation	
3628.0	0.07924822006237608	SEQC	permutation	
3629.0	-0.0612608460402857	SEQC	permutation	
3630.0	0.0417019472013096	SEQC	permutation	
3631.0	0.15148812966116987	SEQC	permutation	
3632.0	-0.012002994398329747	SEQC	permutation	
3633.0	0.09378967718591413	SEQC	permutation	
3634.0	0.15696418157237524	SEQC	permutation	
3635.0	0.14505923000378473	SEQC	permutation	
3636.0	0.11409917063236596	SEQC	permutation	
3637.0	-0.123357715231458	SEQC	permutation	
3638.0	0.34439455995165913	SEQC	permutation	
3639.0	-0.016081705661647572	SEQC	permutation	
3640.0	-0.0402093662928098	SEQC	permutation	
3641.0	0.1827982050599255	SEQC	permutation	
3642.0	0.13295659831747342	SEQC	permutation	
3643.0	0.1385347160617325	SEQC	permutation	
3644.0	0.13178967194318858	SEQC	permutation	
3645.0	-0.07018848311209824	SEQC	permutation	
3646.0	0.1861579431802749	SEQC	permutation	
3647.0	0.19471674932762983	SEQC	permutation	
3648.0	-0.026245664970909743	SEQC	permutation	
3649.0	-0.08843509124120619	SEQC	permutation	
3650.0	0.21047337702916913	SEQC	permutation	
3651.0	0.21522256763170677	SEQC	permutation	
3652.0	-0.08693630527655483	SEQC	permutation	
3653.0	0.0885066581610432	SEQC	permutation	
3654.0	0.004447311598062331	SEQC	permutation	
3655.0	-0.2769521032474094	SEQC	permutation	
3656.0	-0.05208776076500854	SEQC	permutation	
3657.0	0.008318944949546214	SEQC	permutation	
3658.0	0.1365390976145302	SEQC	permutation	
3659.0	-0.014969568021737434	SEQC	permutation	
3660.0	-0.06037935365410885	SEQC	permutation	
3661.0	0.09579830574644665	SEQC	permutation	
3662.0	0.05406612572346914	SEQC	permutation	
3663.0	0.016297712204980552	SEQC	permutation	
3664.0	-0.12054487639144185	SEQC	permutation	
3665.0	-0.014141076897418614	SEQC	permutation	
3666.0	-0.06349623982597885	SEQC	permutation	
3667.0	0.11629945118050111	SEQC	permutation	
3668.0	-0.14087461590323302	SEQC	permutation	
3669.0	0.1465434471454241	SEQC	permutation	
3670.0	0.12981718788139984	SEQC	permutation	
3671.0	-0.11343069063394795	SEQC	permutation	
3672.0	-0.02987287459476251	SEQC	permutation	
3673.0	0.08989138590708734	SEQC	permutation	
3674.0	0.147307969985484	SEQC	permutation	
3675.0	0.1972551091659538	SEQC	permutation	
3676.0	0.002410316049715977	SEQC	permutation	
3677.0	-0.0006128183873439497	SEQC	permutation	
3678.0	-0.04382598068780874	SEQC	permutation	
3679.0	-0.023276743130520305	SEQC	permutation	
3680.0	0.023425979184595658	SEQC	permutation	
3681.0	0.0793546958100868	SEQC	permutation	
3682.0	0.1599986253697372	SEQC	permutation	
3683.0	0.02615354545102999	SEQC	permutation	
3684.0	0.0003920187482560067	SEQC	permutation	
3685.0	-0.17255729199116665	SEQC	permutation	
3686.0	-0.03416221422119303	SEQC	permutation	
3687.0	0.014192455954436412	SEQC	permutation	
3688.0	0.1075936947764986	SEQC	permutation	
3689.0	0.09577998676986743	SEQC	permutation	
3690.0	0.19736023462236352	SEQC	permutation	
3691.0	0.015828021306409035	SEQC	permutation	
3692.0	-0.08500051824322608	SEQC	permutation	
3693.0	0.12031395581318005	SEQC	permutation	
3694.0	0.022550845775053396	SEQC	permutation	
3695.0	-0.11965201463345032	SEQC	permutation	
3696.0	0.16517448252595157	SEQC	permutation	
3697.0	0.0629283463273107	SEQC	permutation	
3698.0	-0.09704047303545016	SEQC	permutation	
3699.0	0.1574015141159517	SEQC	permutation	
3700.0	0.01437357918573845	SEQC	permutation	
3701.0	-0.06786328786491769	SEQC	permutation	
3702.0	0.07527256310110042	SEQC	permutation	
3703.0	0.1749119212009851	SEQC	permutation	
3704.0	0.05081259851358011	SEQC	permutation	
3705.0	-0.08122284492354392	SEQC	permutation	
3706.0	0.027985924184190658	SEQC	permutation	
3707.0	0.21068274407657883	SEQC	permutation	
3708.0	-0.09070172698661194	SEQC	permutation	
3709.0	-0.08563319961404847	SEQC	permutation	
3710.0	-0.12196188156444343	SEQC	permutation	
3711.0	0.10741228345410558	SEQC	permutation	
3712.0	0.12741966898393686	SEQC	permutation	
3713.0	-0.1564990357432925	SEQC	permutation	
3714.0	0.02630249047365174	SEQC	permutation	
3715.0	0.06692539052842905	SEQC	permutation	
3716.0	-0.2596292038605523	SEQC	permutation	
3717.0	0.1357960798476916	SEQC	permutation	
3718.0	0.08412216063642974	SEQC	permutation	
3719.0	-0.020597382406471354	SEQC	permutation	
3720.0	-0.04069067019213346	SEQC	permutation	
3721.0	-0.1550247895058936	SEQC	permutation	
3722.0	-0.08954279719747982	SEQC	permutation	
3723.0	0.11028709303050244	SEQC	permutation	
3724.0	0.1991705811213138	SEQC	permutation	
3725.0	0.13338443720612148	SEQC	permutation	
3726.0	0.01670009663141858	SEQC	permutation	
3727.0	-0.07161705500145432	SEQC	permutation	
3728.0	0.09486908480720713	SEQC	permutation	
3729.0	0.13373531919065051	SEQC	permutation	
3730.0	0.26538780050351773	SEQC	permutation	
3731.0	-0.0416658644570318	SEQC	permutation	
3732.0	0.050410208991792604	SEQC	permutation	
3733.0	-0.15706650258203148	SEQC	permutation	
3734.0	0.030643347969875112	SEQC	permutation	
3735.0	0.12244180473542121	SEQC	permutation	
3736.0	-0.21671708525994093	SEQC	permutation	
3737.0	-0.15670878856424508	SEQC	permutation	
3738.0	-0.08219831789584386	SEQC	permutation	
3739.0	0.07583809546455011	SEQC	permutation	
3740.0	0.16268774865728375	SEQC	permutation	
3741.0	0.09721498841983278	SEQC	permutation	
3742.0	-0.04452272317108852	SEQC	permutation	
3743.0	0.06161255166950186	SEQC	permutation	
3744.0	0.16510521189516725	SEQC	permutation	
3745.0	0.09956521900203974	SEQC	permutation	
3746.0	0.03842981920036692	SEQC	permutation	
3747.0	0.2762287773787655	SEQC	permutation	
3748.0	0.13690965750441642	SEQC	permutation	
3749.0	0.22149447208287576	SEQC	permutation	
3750.0	0.09138485869760915	SEQC	permutation	
3751.0	-0.03727704552689515	SEQC	permutation	
3752.0	-0.0313323622130417	SEQC	permutation	
3753.0	-0.049676563046288535	SEQC	permutation	
3754.0	-0.04080424615587974	SEQC	permutation	
3755.0	0.08194437904769636	SEQC	permutation	
3756.0	0.11455546321256849	SEQC	permutation	
3757.0	0.08936553872379038	SEQC	permutation	
3758.0	-0.11170678463192862	SEQC	permutation	
3759.0	0.07720714605489842	SEQC	permutation	
3760.0	0.01777795707926355	SEQC	permutation	
3761.0	-0.011195253506161684	SEQC	permutation	
3762.0	0.025969991205354592	SEQC	permutation	
3763.0	-0.0023176930499961834	SEQC	permutation	
3764.0	0.007984008785592689	SEQC	permutation	
3765.0	0.04164825288993734	SEQC	permutation	
3766.0	0.04130460627285526	SEQC	permutation	
3767.0	0.014249760905743702	SEQC	permutation	
3768.0	-0.009096189396927024	SEQC	permutation	
3769.0	-0.06444427960115862	SEQC	permutation	
3770.0	0.035163962444779706	SEQC	permutation	
3771.0	0.020620927307606784	SEQC	permutation	
3772.0	0.12401379518273092	SEQC	permutation	
3773.0	-0.006864873598323662	SEQC	permutation	
3774.0	0.020552700631211174	SEQC	permutation	
3775.0	-0.18907529324999217	SEQC	permutation	
3776.0	0.13721567479195107	SEQC	permutation	
3777.0	-0.07332300602846464	SEQC	permutation	
3778.0	-0.09735290524857954	SEQC	permutation	
3779.0	0.030002286175660586	SEQC	permutation	
3780.0	0.1282644645632347	SEQC	permutation	
3781.0	0.1294171025308679	SEQC	permutation	
3782.0	0.0899851439052819	SEQC	permutation	
3783.0	0.05858060905290463	SEQC	permutation	
3784.0	-0.05225158651604467	SEQC	permutation	
3785.0	0.048047175284704036	SEQC	permutation	
3786.0	0.03819108833809759	SEQC	permutation	
3787.0	0.01468221721835361	SEQC	permutation	
3788.0	0.0191989405621662	SEQC	permutation	
3789.0	0.011854641114350528	SEQC	permutation	
3790.0	-0.004541747760325343	SEQC	permutation	
3791.0	0.2355134321957646	SEQC	permutation	
3792.0	-0.018534431527478024	SEQC	permutation	
3793.0	-0.01912483791190711	SEQC	permutation	
3794.0	0.04070019342380693	SEQC	permutation	
3795.0	0.04437559685126713	SEQC	permutation	
3796.0	0.07643218955455167	SEQC	permutation	
3797.0	-0.004029273165287783	SEQC	permutation	
3798.0	-0.0121088564330738	SEQC	permutation	
3799.0	0.050420895943209754	SEQC	permutation	
3800.0	0.21747654558550789	SEQC	permutation	
3801.0	-0.0006488845883234617	SEQC	permutation	
3802.0	0.030944504292315322	SEQC	permutation	
3803.0	0.01682553864648062	SEQC	permutation	
3804.0	-0.06637406774495025	SEQC	permutation	
3805.0	0.20925406286704007	SEQC	permutation	
3806.0	0.016103737732825696	SEQC	permutation	
3807.0	-0.07177414466025445	SEQC	permutation	
3808.0	0.026571170743206363	SEQC	permutation	
3809.0	-0.27305217033600515	SEQC	permutation	
3810.0	-0.03769918774517267	SEQC	permutation	
3811.0	-0.07624056466928453	SEQC	permutation	
3812.0	-0.07793080784251805	SEQC	permutation	
3813.0	0.057572271328821145	SEQC	permutation	
3814.0	0.006821585976310107	SEQC	permutation	
3815.0	0.24701223871489875	SEQC	permutation	
3816.0	-0.021126303706251903	SEQC	permutation	
3817.0	-0.1035980319733949	SEQC	permutation	
3818.0	0.00035740120755844984	SEQC	permutation	
3819.0	0.0684738474716422	SEQC	permutation	
3820.0	0.22708572123293713	SEQC	permutation	
3821.0	-0.019807146849617485	SEQC	permutation	
3822.0	0.17194364774603832	SEQC	permutation	
3823.0	-0.08313427608135449	SEQC	permutation	
3824.0	0.043035192346028595	SEQC	permutation	
3825.0	-0.10789327832465556	SEQC	permutation	
3826.0	0.2317185953300851	SEQC	permutation	
3827.0	-0.09770346057564705	SEQC	permutation	
3828.0	-0.1476495773992732	SEQC	permutation	
3829.0	-0.0013896434487534748	SEQC	permutation	
3830.0	0.2684761968022662	SEQC	permutation	
3831.0	-0.1572428987780703	SEQC	permutation	
3832.0	-0.07359842984341647	SEQC	permutation	
3833.0	0.04450432647611979	SEQC	permutation	
3834.0	-0.13083301713893647	SEQC	permutation	
3835.0	-0.07453556850820586	SEQC	permutation	
3836.0	0.13479996444144104	SEQC	permutation	
3837.0	0.09178620381130775	SEQC	permutation	
3838.0	-0.04842901390792376	SEQC	permutation	
3839.0	0.1991146292212762	SEQC	permutation	
3840.0	-0.028813309420892885	SEQC	permutation	
3841.0	-0.20350415350783324	SEQC	permutation	
3842.0	0.021295399167566398	SEQC	permutation	
3843.0	-0.057650950439966486	SEQC	permutation	
3844.0	0.06222376285445508	SEQC	permutation	
3845.0	-0.14578154841787772	SEQC	permutation	
3846.0	0.05126620891782663	SEQC	permutation	
3847.0	-0.0989606854025542	SEQC	permutation	
3848.0	0.2206512181960747	SEQC	permutation	
3849.0	0.05738186484631269	SEQC	permutation	
3850.0	-0.1860309130811233	SEQC	permutation	
3851.0	0.0053078256908345445	SEQC	permutation	
3852.0	0.02999050082817556	SEQC	permutation	
3853.0	-0.07298580379448172	SEQC	permutation	
3854.0	0.002401753396915396	SEQC	permutation	
3855.0	-0.016397973752768635	SEQC	permutation	
3856.0	-0.01256298726052929	SEQC	permutation	
3857.0	-0.059766295149096926	SEQC	permutation	
3858.0	0.10493028133942728	SEQC	permutation	
3859.0	0.05888070170500592	SEQC	permutation	
3860.0	-0.025030664287770676	SEQC	permutation	
3861.0	0.05303213440258148	SEQC	permutation	
3862.0	-0.034173921453265255	SEQC	permutation	
3863.0	0.17480461775835954	SEQC	permutation	
3864.0	0.13988564724207775	SEQC	permutation	
3865.0	-0.09352714793222328	SEQC	permutation	
3866.0	0.006917595900733264	SEQC	permutation	
3867.0	0.03246516548062939	SEQC	permutation	
3868.0	0.004643724843432118	SEQC	permutation	
3869.0	-0.2167164753191151	SEQC	permutation	
3870.0	0.07726340123239872	SEQC	permutation	
3871.0	0.06286102483913769	SEQC	permutation	
3872.0	0.12189070974813498	SEQC	permutation	
3873.0	0.012418929532463263	SEQC	permutation	
3874.0	0.17539800255482163	SEQC	permutation	
3875.0	0.05914934648843895	SEQC	permutation	
3876.0	0.18637505130875498	SEQC	permutation	
3877.0	0.05104023364945354	SEQC	permutation	
3878.0	0.14845237620794327	SEQC	permutation	
3879.0	0.03041854039075531	SEQC	permutation	
3880.0	-0.06047263235197109	SEQC	permutation	
3881.0	-0.02475222794518883	SEQC	permutation	
3882.0	-0.023700590051802806	SEQC	permutation	
3883.0	0.14424021205898674	SEQC	permutation	
3884.0	0.007436284806971116	SEQC	permutation	
3885.0	0.13222423360541002	SEQC	permutation	
3886.0	0.09867782787727197	SEQC	permutation	
3887.0	-0.15861789148069638	SEQC	permutation	
3888.0	0.19460602397843108	SEQC	permutation	
3889.0	0.1793457347305205	SEQC	permutation	
3890.0	-0.02368595073944757	SEQC	permutation	
3891.0	-0.1453017146802904	SEQC	permutation	
3892.0	0.016129676953707595	SEQC	permutation	
3893.0	-0.017815808660235355	SEQC	permutation	
3894.0	0.20693447124980624	SEQC	permutation	
3895.0	-0.0307155984285008	SEQC	permutation	
3896.0	-0.0006148835013726206	SEQC	permutation	
3897.0	0.14911279367043795	SEQC	permutation	
3898.0	-0.004681173870493716	SEQC	permutation	
3899.0	0.07276726408495282	SEQC	permutation	
3900.0	0.31144781568023205	SEQC	permutation	
3901.0	-0.08528036966453767	SEQC	permutation	
3902.0	0.03143662425019711	SEQC	permutation	
3903.0	-0.15578770890430738	SEQC	permutation	
3904.0	0.02798792502168368	SEQC	permutation	
3905.0	-0.09159136097455978	SEQC	permutation	
3906.0	0.019986444314648466	SEQC	permutation	
3907.0	-0.23814072220657323	SEQC	permutation	
3908.0	0.18853134040940223	SEQC	permutation	
3909.0	-0.07092714339423578	SEQC	permutation	
3910.0	0.1448584315077861	SEQC	permutation	
3911.0	0.07166628557277033	SEQC	permutation	
3912.0	0.023035128497437718	SEQC	permutation	
3913.0	0.006902601163068844	SEQC	permutation	
3914.0	0.032309289316780454	SEQC	permutation	
3915.0	0.04676047156611407	SEQC	permutation	
3916.0	-0.02961318015404535	SEQC	permutation	
3917.0	0.09482022634048937	SEQC	permutation	
3918.0	-0.08569542529868635	SEQC	permutation	
3919.0	0.2044313586212585	SEQC	permutation	
3920.0	-0.014175563699079241	SEQC	permutation	
3921.0	0.19513621689986893	SEQC	permutation	
3922.0	-0.13032876977778596	SEQC	permutation	
3923.0	0.04303769466604512	SEQC	permutation	
3924.0	0.005521203353112458	SEQC	permutation	
3925.0	-0.026914412334102078	SEQC	permutation	
3926.0	0.1885422007950388	SEQC	permutation	
3927.0	0.10280195880741116	SEQC	permutation	
3928.0	-0.13113345460601078	SEQC	permutation	
3929.0	0.1005565888028257	SEQC	permutation	
3930.0	0.017581456914796956	SEQC	permutation	
3931.0	-0.017956385437667866	SEQC	permutation	
3932.0	-0.062189635700578894	SEQC	permutation	
3933.0	0.07060771474931249	SEQC	permutation	
3934.0	-0.01547047365267673	SEQC	permutation	
3935.0	-0.0684945996057218	SEQC	permutation	
3936.0	-0.09063946930018885	SEQC	permutation	
3937.0	0.01856627289005175	SEQC	permutation	
3938.0	0.1769468227798523	SEQC	permutation	
3939.0	-0.14974612773284335	SEQC	permutation	
3940.0	0.14249776941230596	SEQC	permutation	
3941.0	-0.1524357986073821	SEQC	permutation	
3942.0	-0.056946245924977656	SEQC	permutation	
3943.0	0.20668311893246027	SEQC	permutation	
3944.0	0.11893451063782123	SEQC	permutation	
3945.0	0.20369003602653946	SEQC	permutation	
3946.0	0.09805064666982233	SEQC	permutation	
3947.0	0.20594942422442353	SEQC	permutation	
3948.0	0.037239075974389024	SEQC	permutation	
3949.0	-0.027681827949261884	SEQC	permutation	
3950.0	0.02604183440585306	SEQC	permutation	
3951.0	0.0025431552077455066	SEQC	permutation	
3952.0	-0.06499824627335249	SEQC	permutation	
3953.0	0.014357663985619773	SEQC	permutation	
3954.0	0.0018480168498808958	SEQC	permutation	
3955.0	-0.15968244901931739	SEQC	permutation	
3956.0	-0.08917504277628163	SEQC	permutation	
3957.0	-0.03452871646712641	SEQC	permutation	
3958.0	0.023929158129887718	SEQC	permutation	
3959.0	0.06691634723643691	SEQC	permutation	
3960.0	-0.043634150042294095	SEQC	permutation	
3961.0	0.04234678892765631	SEQC	permutation	
3962.0	0.05036438940848553	SEQC	permutation	
3963.0	0.08740675701371581	SEQC	permutation	
3964.0	-0.02762954221991354	SEQC	permutation	
3965.0	0.21672585536648237	SEQC	permutation	
3966.0	0.0023237139142828767	SEQC	permutation	
3967.0	0.05883707765516899	SEQC	permutation	
3968.0	0.02653315712657678	SEQC	permutation	
3969.0	0.0065158532458626794	SEQC	permutation	
3970.0	0.029223269277706798	SEQC	permutation	
3971.0	0.00046320839106206435	SEQC	permutation	
3972.0	0.0013106953033457103	SEQC	permutation	
3973.0	-0.12356149743281986	SEQC	permutation	
3974.0	-0.1801455939611225	SEQC	permutation	
3975.0	-0.07825867561983157	SEQC	permutation	
3976.0	0.06517633655923083	SEQC	permutation	
3977.0	0.16729330666811348	SEQC	permutation	
3978.0	0.0815875490788951	SEQC	permutation	
3979.0	0.11800241561122027	SEQC	permutation	
3980.0	-0.09058428956525955	SEQC	permutation	
3981.0	-0.11960411148963246	SEQC	permutation	
3982.0	0.021814763344282007	SEQC	permutation	
3983.0	-0.07826159465425908	SEQC	permutation	
3984.0	0.13215146662345445	SEQC	permutation	
3985.0	0.011542678604918866	SEQC	permutation	
3986.0	-0.15506801619131805	SEQC	permutation	
3987.0	0.08647020693744967	SEQC	permutation	
3988.0	-0.11679956289337357	SEQC	permutation	
3989.0	0.15739509422143438	SEQC	permutation	
3990.0	0.03608868240097429	SEQC	permutation	
3991.0	0.055794338296569546	SEQC	permutation	
3992.0	-0.045134281477698046	SEQC	permutation	
3993.0	-0.13128265747918677	SEQC	permutation	
3994.0	-0.04245436601504915	SEQC	permutation	
3995.0	-0.06325198174462532	SEQC	permutation	
3996.0	-0.03937113567969952	SEQC	permutation	
3997.0	-0.017435504703974036	SEQC	permutation	
3998.0	-0.01796160322857121	SEQC	permutation	
3999.0	-0.10484791120008508	SEQC	permutation	
4000.0	0.09038102882706767	SEQC	permutation	
4001.0	-0.14716024269877837	SEQC	permutation	
4002.0	0.20197366974910924	SEQC	permutation	
4003.0	0.07320604349500659	SEQC	permutation	
4004.0	0.0619556995274686	SEQC	permutation	
4005.0	0.1403547587925562	SEQC	permutation	
4006.0	0.158913212094014	SEQC	permutation	
4007.0	0.14653952786462643	SEQC	permutation	
4008.0	-0.14367301575628755	SEQC	permutation	
4009.0	0.06505625778300672	SEQC	permutation	
4010.0	0.09047404571632711	SEQC	permutation	
4011.0	-0.05951183605835242	SEQC	permutation	
4012.0	0.20636968730595973	SEQC	permutation	
4013.0	0.007160234091023732	SEQC	permutation	
4014.0	0.02548123244490963	SEQC	permutation	
4015.0	-0.05833555087531117	SEQC	permutation	
4016.0	0.07274464309703044	SEQC	permutation	
4017.0	-0.02066219724131857	SEQC	permutation	
4018.0	-0.03600294854931674	SEQC	permutation	
4019.0	0.18357184476159416	SEQC	permutation	
4020.0	0.12748361641027994	SEQC	permutation	
4021.0	-0.07904781347803613	SEQC	permutation	
4022.0	-0.20707415969364584	SEQC	permutation	
4023.0	-0.11878056006528714	SEQC	permutation	
4024.0	0.09945389450308628	SEQC	permutation	
4025.0	-0.07959698616645072	SEQC	permutation	
4026.0	-0.02343719626806129	SEQC	permutation	
4027.0	-0.0435975933643431	SEQC	permutation	
4028.0	0.1505773539860069	SEQC	permutation	
4029.0	0.008478098170031423	SEQC	permutation	
4030.0	0.13607619869988197	SEQC	permutation	
4031.0	-0.10542274668971219	SEQC	permutation	
4032.0	0.07495246048742255	SEQC	permutation	
4033.0	0.03817766494213837	SEQC	permutation	
4034.0	0.013419611832628853	SEQC	permutation	
4035.0	0.062314637861371924	SEQC	permutation	
4036.0	0.052179350806086156	SEQC	permutation	
4037.0	-0.05077257126696244	SEQC	permutation	
4038.0	0.1136840984351255	SEQC	permutation	
4039.0	0.20104302167401977	SEQC	permutation	
4040.0	-0.10398770142164704	SEQC	permutation	
4041.0	-0.08042303237472703	SEQC	permutation	
4042.0	0.120634320970749	SEQC	permutation	
4043.0	0.11530103410862802	SEQC	permutation	
4044.0	-0.09888130957806673	SEQC	permutation	
4045.0	-0.07064685266019399	SEQC	permutation	
4046.0	-0.061526145761670925	SEQC	permutation	
4047.0	-0.008178039974865658	SEQC	permutation	
4048.0	-0.13248661249575422	SEQC	permutation	
4049.0	-0.10730983119675042	SEQC	permutation	
4050.0	0.057380069414909585	SEQC	permutation	
4051.0	0.06452219045149343	SEQC	permutation	
4052.0	0.05192692621452766	SEQC	permutation	
4053.0	0.07326516226524582	SEQC	permutation	
4054.0	0.07614466478343163	SEQC	permutation	
4055.0	0.09155035508131393	SEQC	permutation	
4056.0	0.023424056467125087	SEQC	permutation	
4057.0	-0.11514433597714602	SEQC	permutation	
4058.0	-0.11774746715827389	SEQC	permutation	
4059.0	0.035303428488890454	SEQC	permutation	
4060.0	0.06204198529535576	SEQC	permutation	
4061.0	0.07877678674377941	SEQC	permutation	
4062.0	0.11967146711113452	SEQC	permutation	
4063.0	-0.025559201042963497	SEQC	permutation	
4064.0	-0.11507852094194915	SEQC	permutation	
4065.0	0.09648074413800245	SEQC	permutation	
4066.0	0.13858128236538558	SEQC	permutation	
4067.0	-0.024615706144725635	SEQC	permutation	
4068.0	0.04353515182296519	SEQC	permutation	
4069.0	0.1537713666506022	SEQC	permutation	
4070.0	0.010763570688220536	SEQC	permutation	
4071.0	-0.030761507690185486	SEQC	permutation	
4072.0	0.1640849448001056	SEQC	permutation	
4073.0	0.029067833031077406	SEQC	permutation	
4074.0	0.041592924416336	SEQC	permutation	
4075.0	0.16438509040474925	SEQC	permutation	
4076.0	-0.00016762884265819622	SEQC	permutation	
4077.0	0.04032233700647048	SEQC	permutation	
4078.0	-0.003463220924871724	SEQC	permutation	
4079.0	0.1402500699923932	SEQC	permutation	
4080.0	-0.17502854056454797	SEQC	permutation	
4081.0	0.08671429076482928	SEQC	permutation	
4082.0	0.16369492546608688	SEQC	permutation	
4083.0	0.0653815674065723	SEQC	permutation	
4084.0	-0.025537845658203384	SEQC	permutation	
4085.0	0.33696836277649433	SEQC	permutation	
4086.0	-0.08753776424794113	SEQC	permutation	
4087.0	-0.03771462845354279	SEQC	permutation	
4088.0	0.02243260691073612	SEQC	permutation	
4089.0	0.05305986439232724	SEQC	permutation	
4090.0	-0.05028401114854031	SEQC	permutation	
4091.0	-0.13935866177345435	SEQC	permutation	
4092.0	0.026846258374082943	SEQC	permutation	
4093.0	0.08578745012113975	SEQC	permutation	
4094.0	-0.014234724724665249	SEQC	permutation	
4095.0	-0.023421614754532083	SEQC	permutation	
4096.0	0.05188747443925479	SEQC	permutation	
4097.0	0.06558610428996303	SEQC	permutation	
4098.0	-0.07544549825297464	SEQC	permutation	
4099.0	0.021577087580612275	SEQC	permutation	
4100.0	-0.009442727430012177	SEQC	permutation	
4101.0	-0.004013155917242273	SEQC	permutation	
4102.0	0.28073366215947093	SEQC	permutation	
4103.0	0.09556751456676738	SEQC	permutation	
4104.0	0.14094696049392752	SEQC	permutation	
4105.0	0.006607409370464001	SEQC	permutation	
4106.0	-0.18149564158369547	SEQC	permutation	
4107.0	-0.12391951000261647	SEQC	permutation	
4108.0	-0.14291319132873959	SEQC	permutation	
4109.0	-0.0860326525543309	SEQC	permutation	
4110.0	-0.11613453576272192	SEQC	permutation	
4111.0	-0.024252201653276906	SEQC	permutation	
4112.0	0.046892108172713165	SEQC	permutation	
4113.0	0.03760025785822663	SEQC	permutation	
4114.0	0.1155615338456708	SEQC	permutation	
4115.0	0.08656072776390644	SEQC	permutation	
4116.0	0.06887994428354238	SEQC	permutation	
4117.0	0.0670336813146526	SEQC	permutation	
4118.0	0.18976375153155445	SEQC	permutation	
4119.0	0.005183413375028589	SEQC	permutation	
4120.0	0.16803477008960144	SEQC	permutation	
4121.0	-0.09046644385834446	SEQC	permutation	
4122.0	-0.08288756860264357	SEQC	permutation	
4123.0	-0.030170467340041363	SEQC	permutation	
4124.0	-0.0652223396507603	SEQC	permutation	
4125.0	-0.07757723300832176	SEQC	permutation	
4126.0	-0.28946139133363147	SEQC	permutation	
4127.0	0.03130944171529926	SEQC	permutation	
4128.0	0.026015894653694804	SEQC	permutation	
4129.0	-0.04916301911178067	SEQC	permutation	
4130.0	0.009168474516553893	SEQC	permutation	
4131.0	-0.012824778833745665	SEQC	permutation	
4132.0	-0.14998337295727948	SEQC	permutation	
4133.0	0.03656149125515018	SEQC	permutation	
4134.0	0.05386606184992715	SEQC	permutation	
4135.0	0.0804608653445742	SEQC	permutation	
4136.0	-0.14469434834205108	SEQC	permutation	
4137.0	0.040244709439451576	SEQC	permutation	
4138.0	0.08901783174927447	SEQC	permutation	
4139.0	-0.018828696784524368	SEQC	permutation	
4140.0	0.03177256783198512	SEQC	permutation	
4141.0	-0.016189204712489857	SEQC	permutation	
4142.0	-0.0893862385487898	SEQC	permutation	
4143.0	-0.09527859542631667	SEQC	permutation	
4144.0	-0.26221630943042973	SEQC	permutation	
4145.0	-0.05480235960277957	SEQC	permutation	
4146.0	0.07000712087050243	SEQC	permutation	
4147.0	-0.07257332014541218	SEQC	permutation	
4148.0	0.09518806472991859	SEQC	permutation	
4149.0	0.08780484577455594	SEQC	permutation	
4150.0	-0.07210610348153601	SEQC	permutation	
4151.0	-0.124923127582659	SEQC	permutation	
4152.0	-0.23064973334958871	SEQC	permutation	
4153.0	-0.003958958050606309	SEQC	permutation	
4154.0	0.10609244400353912	SEQC	permutation	
4155.0	-0.04454277488806735	SEQC	permutation	
4156.0	0.10404881144480038	SEQC	permutation	
4157.0	0.02631937435543552	SEQC	permutation	
4158.0	-0.036839667137110066	SEQC	permutation	
4159.0	-0.06160466433360279	SEQC	permutation	
4160.0	0.017128094397396598	SEQC	permutation	
4161.0	0.1373425976867888	SEQC	permutation	
4162.0	0.1899793264494134	SEQC	permutation	
4163.0	0.11009402535456836	SEQC	permutation	
4164.0	-0.1474678487958374	SEQC	permutation	
4165.0	-0.023699924227895686	SEQC	permutation	
4166.0	0.03933928112716156	SEQC	permutation	
4167.0	0.10522080387801402	SEQC	permutation	
4168.0	-0.22517694122521315	SEQC	permutation	
4169.0	-0.10561707180485991	SEQC	permutation	
4170.0	0.21711183622506436	SEQC	permutation	
4171.0	0.25587159196247855	SEQC	permutation	
4172.0	-0.2542994701324308	SEQC	permutation	
4173.0	0.0823339147522022	SEQC	permutation	
4174.0	-0.017587786708332498	SEQC	permutation	
4175.0	-0.11992147029657074	SEQC	permutation	
4176.0	-0.06032559924897907	SEQC	permutation	
4177.0	0.024117727696848945	SEQC	permutation	
4178.0	0.046528053575952466	SEQC	permutation	
4179.0	-0.06548528801597353	SEQC	permutation	
4180.0	0.03676488361723207	SEQC	permutation	
4181.0	-0.027378955675990024	SEQC	permutation	
4182.0	0.13707541051349104	SEQC	permutation	
4183.0	-0.09424581045978675	SEQC	permutation	
4184.0	-0.08369318904679801	SEQC	permutation	
4185.0	0.1952207999845288	SEQC	permutation	
4186.0	-0.04513354184630991	SEQC	permutation	
4187.0	0.06341214806549411	SEQC	permutation	
4188.0	0.1139609630279308	SEQC	permutation	
4189.0	0.07240280721361758	SEQC	permutation	
4190.0	-0.20547881991280592	SEQC	permutation	
4191.0	0.13314522408421103	SEQC	permutation	
4192.0	0.10153915072808273	SEQC	permutation	
4193.0	0.06614784197512158	SEQC	permutation	
4194.0	0.09040717806539744	SEQC	permutation	
4195.0	0.21075705242995513	SEQC	permutation	
4196.0	-0.22871601528337182	SEQC	permutation	
4197.0	-0.11019899991742532	SEQC	permutation	
4198.0	-0.06306542942190685	SEQC	permutation	
4199.0	0.058072161648257126	SEQC	permutation	
4200.0	0.07927475338534196	SEQC	permutation	
4201.0	0.25712469416582495	SEQC	permutation	
4202.0	0.03800446544265412	SEQC	permutation	
4203.0	-0.2603044282922089	SEQC	permutation	
4204.0	0.09431211649189342	SEQC	permutation	
4205.0	-0.008352610768303848	SEQC	permutation	
4206.0	-0.015847553881487286	SEQC	permutation	
4207.0	0.05747008375373186	SEQC	permutation	
4208.0	0.008655417621994399	SEQC	permutation	
4209.0	0.054828249732425505	SEQC	permutation	
4210.0	-0.23470923216329087	SEQC	permutation	
4211.0	0.007371788151901093	SEQC	permutation	
4212.0	0.09488746936755454	SEQC	permutation	
4213.0	0.06105698659675962	SEQC	permutation	
4214.0	-0.20473487215820052	SEQC	permutation	
4215.0	0.1372406025882218	SEQC	permutation	
4216.0	-0.013192320652571699	SEQC	permutation	
4217.0	0.19914751548659426	SEQC	permutation	
4218.0	0.043172427227597066	SEQC	permutation	
4219.0	-0.18403476753817882	SEQC	permutation	
4220.0	0.3643020239237864	SEQC	permutation	
4221.0	-0.08280546583192727	SEQC	permutation	
4222.0	-0.002066815280093781	SEQC	permutation	
4223.0	0.2748547938863446	SEQC	permutation	
4224.0	-0.00934673145249132	SEQC	permutation	
4225.0	0.15262428714163834	SEQC	permutation	
4226.0	0.040932143846196034	SEQC	permutation	
4227.0	0.04774869295958073	SEQC	permutation	
4228.0	0.2786579004952192	SEQC	permutation	
4229.0	0.028582298472889178	SEQC	permutation	
4230.0	-0.15399107256930522	SEQC	permutation	
4231.0	0.014024929306263978	SEQC	permutation	
4232.0	0.12193428047033938	SEQC	permutation	
4233.0	-0.031059837223485598	SEQC	permutation	
4234.0	-0.18946831588237467	SEQC	permutation	
4235.0	0.04107674615529122	SEQC	permutation	
4236.0	0.03763062438664466	SEQC	permutation	
4237.0	0.08991261819605612	SEQC	permutation	
4238.0	-0.08946562345908582	SEQC	permutation	
4239.0	-0.037382307561407035	SEQC	permutation	
4240.0	-0.06320751713077533	SEQC	permutation	
4241.0	0.10301631181849347	SEQC	permutation	
4242.0	0.2299359659492457	SEQC	permutation	
4243.0	0.21879618641699494	SEQC	permutation	
4244.0	0.09053619458225892	SEQC	permutation	
4245.0	0.02227656972490344	SEQC	permutation	
4246.0	0.11218186743907443	SEQC	permutation	
4247.0	-0.11506751365473944	SEQC	permutation	
4248.0	-0.04910183864664264	SEQC	permutation	
4249.0	0.07273946645216478	SEQC	permutation	
4250.0	0.09548908108240006	SEQC	permutation	
4251.0	-0.26641928521759395	SEQC	permutation	
4252.0	-0.14360365906629102	SEQC	permutation	
4253.0	0.1355600834548114	SEQC	permutation	
4254.0	0.13097011019011884	SEQC	permutation	
4255.0	0.14092738144607342	SEQC	permutation	
4256.0	0.05162178608311807	SEQC	permutation	
4257.0	-0.06090714427584354	SEQC	permutation	
4258.0	0.08950724276423339	SEQC	permutation	
4259.0	-0.06087340138577124	SEQC	permutation	
4260.0	0.19955024373670893	SEQC	permutation	
4261.0	-0.07083517056853639	SEQC	permutation	
4262.0	0.024673733292081224	SEQC	permutation	
4263.0	0.004140962898560918	SEQC	permutation	
4264.0	-0.0105750189152376	SEQC	permutation	
4265.0	-0.06365850108607018	SEQC	permutation	
4266.0	-0.06786153108739557	SEQC	permutation	
4267.0	0.19947028650678433	SEQC	permutation	
4268.0	0.08146215729999806	SEQC	permutation	
4269.0	-0.06183411375764569	SEQC	permutation	
4270.0	0.19539012273384992	SEQC	permutation	
4271.0	0.03556110983715621	SEQC	permutation	
4272.0	0.23162914502741927	SEQC	permutation	
4273.0	-0.10701244377933383	SEQC	permutation	
4274.0	0.11753520492743785	SEQC	permutation	
4275.0	0.1117743454271447	SEQC	permutation	
4276.0	-0.03178113652943626	SEQC	permutation	
4277.0	-0.12072930775257262	SEQC	permutation	
4278.0	-0.04613791907357179	SEQC	permutation	
4279.0	-0.038886056711533	SEQC	permutation	
4280.0	0.18816500104050027	SEQC	permutation	
4281.0	0.2444565615669223	SEQC	permutation	
4282.0	0.045722978339949094	SEQC	permutation	
4283.0	-0.1350322731605833	SEQC	permutation	
4284.0	0.30283662944289214	SEQC	permutation	
4285.0	-0.17638670212949625	SEQC	permutation	
4286.0	-0.13799920015815959	SEQC	permutation	
4287.0	-0.05395516306128556	SEQC	permutation	
4288.0	0.0481101064010927	SEQC	permutation	
4289.0	-0.03612663894964552	SEQC	permutation	
4290.0	-0.08282002111969744	SEQC	permutation	
4291.0	0.14752197768561048	SEQC	permutation	
4292.0	-0.06392285723233426	SEQC	permutation	
4293.0	0.07306741152411655	SEQC	permutation	
4294.0	-0.05475275327148399	SEQC	permutation	
4295.0	0.026287024465711184	SEQC	permutation	
4296.0	-0.07924339040008244	SEQC	permutation	
4297.0	-0.041638339382655154	SEQC	permutation	
4298.0	-0.30352410799283636	SEQC	permutation	
4299.0	0.061493239013107104	SEQC	permutation	
4300.0	0.06259897797079006	SEQC	permutation	
4301.0	0.09933263149265326	SEQC	permutation	
4302.0	0.023091896389827227	SEQC	permutation	
4303.0	0.015886836354217948	SEQC	permutation	
4304.0	0.05679399460278889	SEQC	permutation	
4305.0	-0.07836327024605483	SEQC	permutation	
4306.0	-0.06916867390250703	SEQC	permutation	
4307.0	-0.012466775253089146	SEQC	permutation	
4308.0	-0.009464353385384427	SEQC	permutation	
4309.0	0.07754903726181528	SEQC	permutation	
4310.0	-0.09361786770532543	SEQC	permutation	
4311.0	0.035313631236852494	SEQC	permutation	
4312.0	-0.10430220856209438	SEQC	permutation	
4313.0	0.11995802056036853	SEQC	permutation	
4314.0	-0.20402426808132113	SEQC	permutation	
4315.0	-0.1435488485574865	SEQC	permutation	
4316.0	0.13318186792552433	SEQC	permutation	
4317.0	-0.006274613571628951	SEQC	permutation	
4318.0	0.09909107651072668	SEQC	permutation	
4319.0	0.1372406254607812	SEQC	permutation	
4320.0	0.08151005349008233	SEQC	permutation	
4321.0	0.18742093531520165	SEQC	permutation	
4322.0	0.058944411673402364	SEQC	permutation	
4323.0	0.11738649683883207	SEQC	permutation	
4324.0	0.1385932274395234	SEQC	permutation	
4325.0	-0.000509200421044298	SEQC	permutation	
4326.0	0.049388109822907644	SEQC	permutation	
4327.0	-0.16929821098488773	SEQC	permutation	
4328.0	0.012600734225292953	SEQC	permutation	
4329.0	-0.14096562000994517	SEQC	permutation	
4330.0	-0.10389065736996361	SEQC	permutation	
4331.0	0.14773372411046992	SEQC	permutation	
4332.0	0.04633715669420457	SEQC	permutation	
4333.0	-0.05237177898514789	SEQC	permutation	
4334.0	0.004659112158616807	SEQC	permutation	
4335.0	-0.0058333461704775935	SEQC	permutation	
4336.0	-0.1782098145336768	SEQC	permutation	
4337.0	0.03136751927032577	SEQC	permutation	
4338.0	0.05043858011994118	SEQC	permutation	
4339.0	-0.027207899621313647	SEQC	permutation	
4340.0	0.004819635911462061	SEQC	permutation	
4341.0	-0.009636911821615968	SEQC	permutation	
4342.0	-0.1137520128707461	SEQC	permutation	
4343.0	0.17609827312417892	SEQC	permutation	
4344.0	0.07546427061476857	SEQC	permutation	
4345.0	0.09826207690009969	SEQC	permutation	
4346.0	0.032256119398949235	SEQC	permutation	
4347.0	0.0396182947422874	SEQC	permutation	
4348.0	0.0971253949422386	SEQC	permutation	
4349.0	0.18706297039137043	SEQC	permutation	
4350.0	-0.024126341647498606	SEQC	permutation	
4351.0	0.08074579377744717	SEQC	permutation	
4352.0	0.05371534925422816	SEQC	permutation	
4353.0	0.05783068687608983	SEQC	permutation	
4354.0	0.02668817785438371	SEQC	permutation	
4355.0	-0.05221826834499943	SEQC	permutation	
4356.0	0.00736747747200317	SEQC	permutation	
4357.0	-0.10569373432035611	SEQC	permutation	
4358.0	0.23599434505657024	SEQC	permutation	
4359.0	-0.010959877646031124	SEQC	permutation	
4360.0	-0.028682415947880013	SEQC	permutation	
4361.0	0.047925827148881606	SEQC	permutation	
4362.0	0.07391744691112034	SEQC	permutation	
4363.0	0.08953634070079763	SEQC	permutation	
4364.0	0.06688610401493644	SEQC	permutation	
4365.0	0.04998557849772345	SEQC	permutation	
4366.0	0.20481718037141716	SEQC	permutation	
4367.0	0.037048140813237485	SEQC	permutation	
4368.0	0.18410656876355658	SEQC	permutation	
4369.0	0.19808087605746927	SEQC	permutation	
4370.0	0.12322579067951978	SEQC	permutation	
4371.0	0.08439543428047536	SEQC	permutation	
4372.0	-0.11575351940624534	SEQC	permutation	
4373.0	0.0814428959725908	SEQC	permutation	
4374.0	0.14755944843984237	SEQC	permutation	
4375.0	0.10454921137739248	SEQC	permutation	
4376.0	-0.012184376968384925	SEQC	permutation	
4377.0	-0.04270247562025631	SEQC	permutation	
4378.0	0.033633751972445225	SEQC	permutation	
4379.0	0.1015130206075825	SEQC	permutation	
4380.0	-0.23911138376653485	SEQC	permutation	
4381.0	-0.0945647377115133	SEQC	permutation	
4382.0	0.05558062797305707	SEQC	permutation	
4383.0	-0.08199370826071295	SEQC	permutation	
4384.0	-0.08401713582605863	SEQC	permutation	
4385.0	0.07872115064945229	SEQC	permutation	
4386.0	-0.1922902663356605	SEQC	permutation	
4387.0	0.07600793062515754	SEQC	permutation	
4388.0	-0.01634129552860042	SEQC	permutation	
4389.0	-0.08303211656312426	SEQC	permutation	
4390.0	-0.207677208705499	SEQC	permutation	
4391.0	-0.05168332631145178	SEQC	permutation	
4392.0	-0.1238068573188218	SEQC	permutation	
4393.0	0.13688645558098722	SEQC	permutation	
4394.0	0.01626257756995564	SEQC	permutation	
4395.0	0.14025803495631406	SEQC	permutation	
4396.0	0.14155009261773666	SEQC	permutation	
4397.0	-0.0834084093300076	SEQC	permutation	
4398.0	-0.13199760535282978	SEQC	permutation	
4399.0	0.17674949884166047	SEQC	permutation	
4400.0	0.07307267351095792	SEQC	permutation	
4401.0	-0.03532924555653105	SEQC	permutation	
4402.0	0.2154409518029876	SEQC	permutation	
4403.0	-0.030239939576345076	SEQC	permutation	
4404.0	-0.07670623654521114	SEQC	permutation	
4405.0	-0.018863930612910362	SEQC	permutation	
4406.0	-0.06592884879241989	SEQC	permutation	
4407.0	0.03486091945622194	SEQC	permutation	
4408.0	0.03853222019556224	SEQC	permutation	
4409.0	0.06367651245043682	SEQC	permutation	
4410.0	0.16910512910683906	SEQC	permutation	
4411.0	0.027150712853273085	SEQC	permutation	
4412.0	0.04744631716741887	SEQC	permutation	
4413.0	-0.027924276096913392	SEQC	permutation	
4414.0	0.02424812475518312	SEQC	permutation	
4415.0	0.14501693498972035	SEQC	permutation	
4416.0	-0.1088055465850788	SEQC	permutation	
4417.0	0.03190351214823117	SEQC	permutation	
4418.0	0.07598216587021245	SEQC	permutation	
4419.0	0.04367295706598151	SEQC	permutation	
4420.0	0.09309041135336216	SEQC	permutation	
4421.0	0.08890760657353658	SEQC	permutation	
4422.0	0.14904346415909142	SEQC	permutation	
4423.0	0.02796810339850797	SEQC	permutation	
4424.0	0.21412015687561636	SEQC	permutation	
4425.0	-0.10303495482244829	SEQC	permutation	
4426.0	-0.0743618487303479	SEQC	permutation	
4427.0	-0.0013811942769801355	SEQC	permutation	
4428.0	0.22870943535379196	SEQC	permutation	
4429.0	-0.008919080556330172	SEQC	permutation	
4430.0	0.0767515699859227	SEQC	permutation	
4431.0	0.008368424765777593	SEQC	permutation	
4432.0	0.05667113808801316	SEQC	permutation	
4433.0	0.12958996737521522	SEQC	permutation	
4434.0	0.17213448033585488	SEQC	permutation	
4435.0	0.2652364011389565	SEQC	permutation	
4436.0	-0.16309562615840223	SEQC	permutation	
4437.0	0.21974222041936953	SEQC	permutation	
4438.0	0.10435774403476694	SEQC	permutation	
4439.0	0.1400196311455737	SEQC	permutation	
4440.0	-0.20998127181893622	SEQC	permutation	
4441.0	-0.08735416531219764	SEQC	permutation	
4442.0	-0.07610255611677363	SEQC	permutation	
4443.0	-0.13508570459517255	SEQC	permutation	
4444.0	0.20016587521163443	SEQC	permutation	
4445.0	0.08232572153408446	SEQC	permutation	
4446.0	-0.04838931791537604	SEQC	permutation	
4447.0	0.1395404288975084	SEQC	permutation	
4448.0	-0.10315875522017759	SEQC	permutation	
4449.0	-0.2483622866492663	SEQC	permutation	
4450.0	-0.10603576052730235	SEQC	permutation	
4451.0	0.14997466742266052	SEQC	permutation	
4452.0	-0.013993788094201154	SEQC	permutation	
4453.0	0.10589354510282512	SEQC	permutation	
4454.0	0.009029713593386557	SEQC	permutation	
4455.0	0.10502558335826606	SEQC	permutation	
4456.0	0.06131136239408841	SEQC	permutation	
4457.0	-0.16490404930947156	SEQC	permutation	
4458.0	-0.07323943063313854	SEQC	permutation	
4459.0	0.05897399228741218	SEQC	permutation	
4460.0	0.10226294009372339	SEQC	permutation	
4461.0	-0.01784830599326792	SEQC	permutation	
4462.0	-0.13593506458168747	SEQC	permutation	
4463.0	0.12938657381391572	SEQC	permutation	
4464.0	-0.26034756656900226	SEQC	permutation	
4465.0	-0.07419323639920794	SEQC	permutation	
4466.0	0.12886938662312808	SEQC	permutation	
4467.0	0.10284084494961743	SEQC	permutation	
4468.0	0.11453102782213698	SEQC	permutation	
4469.0	0.06739832557548597	SEQC	permutation	
4470.0	0.08133374788689496	SEQC	permutation	
4471.0	-0.06853211631336498	SEQC	permutation	
4472.0	0.0707129458716893	SEQC	permutation	
4473.0	0.02296145275125161	SEQC	permutation	
4474.0	-0.09812776968534864	SEQC	permutation	
4475.0	-0.043597095283811615	SEQC	permutation	
4476.0	-0.011379054119214693	SEQC	permutation	
4477.0	0.03570103145502124	SEQC	permutation	
4478.0	0.03620249685007737	SEQC	permutation	
4479.0	-0.0068176276238998135	SEQC	permutation	
4480.0	0.05468946950617548	SEQC	permutation	
4481.0	0.15715046112821307	SEQC	permutation	
4482.0	0.05433006920771133	SEQC	permutation	
4483.0	0.01416590749751201	SEQC	permutation	
4484.0	0.2208950487391057	SEQC	permutation	
4485.0	0.15789614161290944	SEQC	permutation	
4486.0	0.019288112171475635	SEQC	permutation	
4487.0	0.045594868653264786	SEQC	permutation	
4488.0	0.12317585678472387	SEQC	permutation	
4489.0	0.031959006513967214	SEQC	permutation	
4490.0	-0.06851378303704303	SEQC	permutation	
4491.0	0.08156146955893284	SEQC	permutation	
4492.0	0.18944079888361776	SEQC	permutation	
4493.0	0.01581021368972202	SEQC	permutation	
4494.0	0.21750809352409606	SEQC	permutation	
4495.0	0.12778163303556234	SEQC	permutation	
4496.0	0.1554433712862182	SEQC	permutation	
4497.0	0.2417927615578086	SEQC	permutation	
4498.0	-0.054365165881490096	SEQC	permutation	
4499.0	-0.06686718344088005	SEQC	permutation	
4500.0	0.02709942333114368	SEQC	permutation	
4501.0	-0.02718986321275496	SEQC	permutation	
4502.0	-0.03547915763163001	SEQC	permutation	
4503.0	-0.265137163772879	SEQC	permutation	
4504.0	0.09875592938210342	SEQC	permutation	
4505.0	-0.06224745872693349	SEQC	permutation	
4506.0	0.0397830450695662	SEQC	permutation	
4507.0	0.10691503140778646	SEQC	permutation	
4508.0	-0.06911966111181922	SEQC	permutation	
4509.0	0.11421145075783867	SEQC	permutation	
4510.0	0.10879220789199007	SEQC	permutation	
4511.0	-0.12129352791557046	SEQC	permutation	
4512.0	0.01978652857476204	SEQC	permutation	
4513.0	0.09013526745712985	SEQC	permutation	
4514.0	-0.158854841143798	SEQC	permutation	
4515.0	0.11066615685391268	SEQC	permutation	
4516.0	-0.054322830952537426	SEQC	permutation	
4517.0	0.04892289080476253	SEQC	permutation	
4518.0	-0.11538163156760195	SEQC	permutation	
4519.0	0.01711095265325735	SEQC	permutation	
4520.0	0.17392552933402117	SEQC	permutation	
4521.0	-0.11504635749112957	SEQC	permutation	
4522.0	-0.09328167559394807	SEQC	permutation	
4523.0	0.06959513256131222	SEQC	permutation	
4524.0	-0.10949821074367927	SEQC	permutation	
4525.0	0.1023394704181535	SEQC	permutation	
4526.0	0.0262485424996175	SEQC	permutation	
4527.0	-0.06305681126894891	SEQC	permutation	
4528.0	0.02247742461594804	SEQC	permutation	
4529.0	0.0780579677864135	SEQC	permutation	
4530.0	-0.16193310468620536	SEQC	permutation	
4531.0	0.1313706984110019	SEQC	permutation	
4532.0	0.01725650166892212	SEQC	permutation	
4533.0	0.09828705328780263	SEQC	permutation	
4534.0	0.18547701913221282	SEQC	permutation	
4535.0	0.2100256101526652	SEQC	permutation	
4536.0	0.02625150285485134	SEQC	permutation	
4537.0	-0.1863022379445436	SEQC	permutation	
4538.0	-0.11096537856089483	SEQC	permutation	
4539.0	0.25103206274678724	SEQC	permutation	
4540.0	0.06478597200507696	SEQC	permutation	
4541.0	0.07627462557335951	SEQC	permutation	
4542.0	0.10915965717004594	SEQC	permutation	
4543.0	0.1552630775216577	SEQC	permutation	
4544.0	-0.061144344108884585	SEQC	permutation	
4545.0	0.11699179031435358	SEQC	permutation	
4546.0	-0.10961735602402545	SEQC	permutation	
4547.0	0.054813893245442724	SEQC	permutation	
4548.0	0.037513052655966383	SEQC	permutation	
4549.0	-0.1008412730757442	SEQC	permutation	
4550.0	0.012689915012586539	SEQC	permutation	
4551.0	0.1179442360257319	SEQC	permutation	
4552.0	-0.16335294042863024	SEQC	permutation	
4553.0	-0.048006263348748135	SEQC	permutation	
4554.0	-0.08615183167031981	SEQC	permutation	
4555.0	0.12891870036883324	SEQC	permutation	
4556.0	0.014811591009832092	SEQC	permutation	
4557.0	0.1263565468764294	SEQC	permutation	
4558.0	0.01532685616561169	SEQC	permutation	
4559.0	-4.044678308456895e-05	SEQC	permutation	
4560.0	-0.02602105981069469	SEQC	permutation	
4561.0	0.30527940980656965	SEQC	permutation	
4562.0	-0.02852943223993698	SEQC	permutation	
4563.0	0.05843585699349463	SEQC	permutation	
4564.0	-0.14238539583523657	SEQC	permutation	
4565.0	-0.04718843620487201	SEQC	permutation	
4566.0	0.006373397270222014	SEQC	permutation	
4567.0	-0.22818717318028492	SEQC	permutation	
4568.0	0.13796098203817087	SEQC	permutation	
4569.0	0.09431614054651005	SEQC	permutation	
4570.0	-0.024139212017984413	SEQC	permutation	
4571.0	-0.006048943651745464	SEQC	permutation	
4572.0	0.0754211113644887	SEQC	permutation	
4573.0	0.08630935825808939	SEQC	permutation	
4574.0	-0.21650552481597174	SEQC	permutation	
4575.0	0.02196064632701189	SEQC	permutation	
4576.0	0.0927716821118656	SEQC	permutation	
4577.0	0.1439860345955042	SEQC	permutation	
4578.0	0.0019118175410439697	SEQC	permutation	
4579.0	0.0674283262920512	SEQC	permutation	
4580.0	-0.0721970352709067	SEQC	permutation	
4581.0	-0.09087570629153818	SEQC	permutation	
4582.0	-0.09326717436068988	SEQC	permutation	
4583.0	-0.04487389848149759	SEQC	permutation	
4584.0	-0.10686151190067017	SEQC	permutation	
4585.0	-0.11458963303709213	SEQC	permutation	
4586.0	0.1135588015267226	SEQC	permutation	
4587.0	0.00048823448351464904	SEQC	permutation	
4588.0	-0.04040954418646958	SEQC	permutation	
4589.0	0.07768107282635661	SEQC	permutation	
4590.0	0.07159728598021786	SEQC	permutation	
4591.0	-0.02603030349975821	SEQC	permutation	
4592.0	0.017315301314171805	SEQC	permutation	
4593.0	0.05050638485066328	SEQC	permutation	
4594.0	-0.07720229090225805	SEQC	permutation	
4595.0	0.07033492320525925	SEQC	permutation	
4596.0	0.1434105197685751	SEQC	permutation	
4597.0	-0.03900728336078618	SEQC	permutation	
4598.0	0.13296600508946987	SEQC	permutation	
4599.0	-0.010919626149945127	SEQC	permutation	
4600.0	0.09348755256742614	SEQC	permutation	
4601.0	0.22952690530633024	SEQC	permutation	
4602.0	-0.13114585188249261	SEQC	permutation	
4603.0	0.0800206698528112	SEQC	permutation	
4604.0	0.07440695044042922	SEQC	permutation	
4605.0	0.05846155325876179	SEQC	permutation	
4606.0	-0.09264622856156901	SEQC	permutation	
4607.0	0.06034859016491634	SEQC	permutation	
4608.0	-0.03054658315751846	SEQC	permutation	
4609.0	-0.19206354468894027	SEQC	permutation	
4610.0	0.1275624322350346	SEQC	permutation	
4611.0	-0.03622337749262572	SEQC	permutation	
4612.0	-0.11989170737660748	SEQC	permutation	
4613.0	0.17643762017362308	SEQC	permutation	
4614.0	0.11985182389943994	SEQC	permutation	
4615.0	0.04933135990544235	SEQC	permutation	
4616.0	-0.03690226482258474	SEQC	permutation	
4617.0	-0.11342493740717607	SEQC	permutation	
4618.0	0.2518339579629427	SEQC	permutation	
4619.0	0.045348065194859455	SEQC	permutation	
4620.0	0.0070774077722068895	SEQC	permutation	
4621.0	0.02336595633635241	SEQC	permutation	
4622.0	-0.010949244423937632	SEQC	permutation	
4623.0	-0.014293203424140977	SEQC	permutation	
4624.0	0.0750680524680436	SEQC	permutation	
4625.0	0.24945898040726222	SEQC	permutation	
4626.0	-0.09614540539771399	SEQC	permutation	
4627.0	-0.07011794702790031	SEQC	permutation	
4628.0	0.020082294571626136	SEQC	permutation	
4629.0	-0.027421099785138292	SEQC	permutation	
4630.0	0.0156129996119021	SEQC	permutation	
4631.0	-0.15112839762395724	SEQC	permutation	
4632.0	-0.1026842058209434	SEQC	permutation	
4633.0	0.004552312159542993	SEQC	permutation	
4634.0	0.11697329125084543	SEQC	permutation	
4635.0	-0.03991658888759231	SEQC	permutation	
4636.0	-0.08433934089380424	SEQC	permutation	
4637.0	0.180144581935346	SEQC	permutation	
4638.0	0.07289005485840949	SEQC	permutation	
4639.0	0.029897382013299723	SEQC	permutation	
4640.0	0.08031526601304417	SEQC	permutation	
4641.0	-0.15299935521595476	SEQC	permutation	
4642.0	-0.004472415007993558	SEQC	permutation	
4643.0	0.02387313397601476	SEQC	permutation	
4644.0	0.05869189344571568	SEQC	permutation	
4645.0	-0.005887314397854393	SEQC	permutation	
4646.0	-0.14730845917810242	SEQC	permutation	
4647.0	0.006571847353497251	SEQC	permutation	
4648.0	0.2135657846192891	SEQC	permutation	
4649.0	-0.08722761799447998	SEQC	permutation	
4650.0	0.07679761706556043	SEQC	permutation	
4651.0	0.0659129100179956	SEQC	permutation	
4652.0	-0.032433932364584805	SEQC	permutation	
4653.0	-0.03862664036889507	SEQC	permutation	
4654.0	0.047676500847811276	SEQC	permutation	
4655.0	0.06167396574992212	SEQC	permutation	
4656.0	-0.16615773369218267	SEQC	permutation	
4657.0	-0.014593620457200807	SEQC	permutation	
4658.0	0.08809424294520163	SEQC	permutation	
4659.0	-0.08210055340801015	SEQC	permutation	
4660.0	-0.06430199397757619	SEQC	permutation	
4661.0	0.10689695964802226	SEQC	permutation	
4662.0	0.11834996691510735	SEQC	permutation	
4663.0	-0.04237809143333626	SEQC	permutation	
4664.0	-0.1183362538009134	SEQC	permutation	
4665.0	-0.10821777248086173	SEQC	permutation	
4666.0	0.009706194052271577	SEQC	permutation	
4667.0	-2.1106624388700368e-05	SEQC	permutation	
4668.0	0.046384107086772985	SEQC	permutation	
4669.0	0.052519075781618074	SEQC	permutation	
4670.0	-0.058561527692828186	SEQC	permutation	
4671.0	0.18398081775870745	SEQC	permutation	
4672.0	-0.07272441723180867	SEQC	permutation	
4673.0	0.08769263005219541	SEQC	permutation	
4674.0	0.026952081703286	SEQC	permutation	
4675.0	0.04824575533664621	SEQC	permutation	
4676.0	-0.092576428769787	SEQC	permutation	
4677.0	-0.10814131683425154	SEQC	permutation	
4678.0	0.07185454147786308	SEQC	permutation	
4679.0	-0.031333840925074075	SEQC	permutation	
4680.0	0.12662762899631153	SEQC	permutation	
4681.0	-0.02520296513393383	SEQC	permutation	
4682.0	-0.05199895497868878	SEQC	permutation	
4683.0	-0.010514196607866566	SEQC	permutation	
4684.0	0.1386790419169195	SEQC	permutation	
4685.0	-0.20356214653113236	SEQC	permutation	
4686.0	-0.18607317531778023	SEQC	permutation	
4687.0	0.007260909553254535	SEQC	permutation	
4688.0	0.2205965152721916	SEQC	permutation	
4689.0	0.0016405503265022325	SEQC	permutation	
4690.0	0.06972265714510506	SEQC	permutation	
4691.0	0.0940290947390019	SEQC	permutation	
4692.0	-0.04649491830588781	SEQC	permutation	
4693.0	0.17037780671818714	SEQC	permutation	
4694.0	0.10555602842408485	SEQC	permutation	
4695.0	0.04071985411584489	SEQC	permutation	
4696.0	0.05648325968987633	SEQC	permutation	
4697.0	0.03182795572670738	SEQC	permutation	
4698.0	-0.10937808081586642	SEQC	permutation	
4699.0	0.10597487733788169	SEQC	permutation	
4700.0	0.08734024899122872	SEQC	permutation	
4701.0	-0.11166770988767993	SEQC	permutation	
4702.0	-0.03447505066046297	SEQC	permutation	
4703.0	-0.1734389705140571	SEQC	permutation	
4704.0	-0.21163759050668496	SEQC	permutation	
4705.0	0.053943706236904365	SEQC	permutation	
4706.0	-0.19563935259069742	SEQC	permutation	
4707.0	0.05679630477535991	SEQC	permutation	
4708.0	0.28734286992621483	SEQC	permutation	
4709.0	0.20191786731858974	SEQC	permutation	
4710.0	0.11146849759336419	SEQC	permutation	
4711.0	0.13831941130007053	SEQC	permutation	
4712.0	0.2045182708514961	SEQC	permutation	
4713.0	0.18551295614460894	SEQC	permutation	
4714.0	0.029317307703819573	SEQC	permutation	
4715.0	-0.0770656476467706	SEQC	permutation	
4716.0	0.21203683175065624	SEQC	permutation	
4717.0	0.036060504896541	SEQC	permutation	
4718.0	-0.16148852772044053	SEQC	permutation	
4719.0	0.12054882626278873	SEQC	permutation	
4720.0	-0.009285756847412507	SEQC	permutation	
4721.0	-0.029206679612892916	SEQC	permutation	
4722.0	0.030985617512267805	SEQC	permutation	
4723.0	0.1485370208192398	SEQC	permutation	
4724.0	-0.009442519152142115	SEQC	permutation	
4725.0	0.17822377949692259	SEQC	permutation	
4726.0	-0.06165812702452733	SEQC	permutation	
4727.0	-0.021293463484298503	SEQC	permutation	
4728.0	0.013898972941551513	SEQC	permutation	
4729.0	-0.026940353804418393	SEQC	permutation	
4730.0	0.03942960966973175	SEQC	permutation	
4731.0	-0.025604481284940306	SEQC	permutation	
4732.0	0.05696459291893863	SEQC	permutation	
4733.0	-0.17578308237138707	SEQC	permutation	
4734.0	0.1333874452812185	SEQC	permutation	
4735.0	-0.05695570393104532	SEQC	permutation	
4736.0	-0.04664011636398335	SEQC	permutation	
4737.0	0.03261913358039026	SEQC	permutation	
4738.0	-0.006453422202419734	SEQC	permutation	
4739.0	-0.10465641242299917	SEQC	permutation	
4740.0	0.11766683821175272	SEQC	permutation	
4741.0	0.1517995250717763	SEQC	permutation	
4742.0	0.053018461442090103	SEQC	permutation	
4743.0	-0.01892135078997903	SEQC	permutation	
4744.0	-0.17961887628482742	SEQC	permutation	
4745.0	-0.09821289623051488	SEQC	permutation	
4746.0	-0.06588720098241652	SEQC	permutation	
4747.0	0.0804655086447279	SEQC	permutation	
4748.0	-0.07083818382947138	SEQC	permutation	
4749.0	0.06720211051967162	SEQC	permutation	
4750.0	-0.06857299748550849	SEQC	permutation	
4751.0	-0.025789304914485278	SEQC	permutation	
4752.0	0.18216789470680084	SEQC	permutation	
4753.0	0.0980254869205015	SEQC	permutation	
4754.0	0.11076782178017197	SEQC	permutation	
4755.0	-0.04721444818411902	SEQC	permutation	
4756.0	0.1122885294943905	SEQC	permutation	
4757.0	0.06390820424473054	SEQC	permutation	
4758.0	-0.04442594742609707	SEQC	permutation	
4759.0	0.1346143342906263	SEQC	permutation	
4760.0	0.03861885611587201	SEQC	permutation	
4761.0	-0.07242165006462953	SEQC	permutation	
4762.0	0.15214252085958568	SEQC	permutation	
4763.0	-0.22107156237542158	SEQC	permutation	
4764.0	-0.09553677415749728	SEQC	permutation	
4765.0	0.029476466777548893	SEQC	permutation	
4766.0	0.11042528659227147	SEQC	permutation	
4767.0	0.017523206160902305	SEQC	permutation	
4768.0	0.02773236554590408	SEQC	permutation	
4769.0	-0.07669629760572327	SEQC	permutation	
4770.0	0.04860647013909514	SEQC	permutation	
4771.0	-0.08447129984993929	SEQC	permutation	
4772.0	-0.059019832138991646	SEQC	permutation	
4773.0	0.018678933555779764	SEQC	permutation	
4774.0	-0.08721563755949324	SEQC	permutation	
4775.0	-0.051020371240462215	SEQC	permutation	
4776.0	-0.12084736163984555	SEQC	permutation	
4777.0	0.026147313791655247	SEQC	permutation	
4778.0	0.0888376146633707	SEQC	permutation	
4779.0	-0.16136727648128257	SEQC	permutation	
4780.0	-0.04440264775225966	SEQC	permutation	
4781.0	-0.19059190041898777	SEQC	permutation	
4782.0	0.19191731825599012	SEQC	permutation	
4783.0	0.09649087529450995	SEQC	permutation	
4784.0	-0.034682163691686085	SEQC	permutation	
4785.0	0.1596456607054395	SEQC	permutation	
4786.0	-0.18332272649148784	SEQC	permutation	
4787.0	0.1393874785387581	SEQC	permutation	
4788.0	-0.15072419933196946	SEQC	permutation	
4789.0	-0.14535608938394962	SEQC	permutation	
4790.0	-0.09859412213980034	SEQC	permutation	
4791.0	0.06458659585551896	SEQC	permutation	
4792.0	0.10740377550897717	SEQC	permutation	
4793.0	-0.12327230621016483	SEQC	permutation	
4794.0	-0.08793804834480268	SEQC	permutation	
4795.0	0.12246030503627159	SEQC	permutation	
4796.0	-0.04362210128380628	SEQC	permutation	
4797.0	0.14173735123266207	SEQC	permutation	
4798.0	-0.11258339950595753	SEQC	permutation	
4799.0	0.19562968675226688	SEQC	permutation	
4800.0	0.03464854071012091	SEQC	permutation	
4801.0	0.1147517822033568	SEQC	permutation	
4802.0	-0.042865566118850396	SEQC	permutation	
4803.0	-0.024256510346734927	SEQC	permutation	
4804.0	-0.030669577300096673	SEQC	permutation	
4805.0	0.19486280770137787	SEQC	permutation	
4806.0	0.08031396759947418	SEQC	permutation	
4807.0	0.07711551662432958	SEQC	permutation	
4808.0	0.03213299697664862	SEQC	permutation	
4809.0	0.16134674825993267	SEQC	permutation	
4810.0	0.0726609623408736	SEQC	permutation	
4811.0	-0.07031736191956872	SEQC	permutation	
4812.0	0.2400990388339066	SEQC	permutation	
4813.0	0.0024997900335703704	SEQC	permutation	
4814.0	0.07594928833517622	SEQC	permutation	
4815.0	-0.06609441553432438	SEQC	permutation	
4816.0	-0.0813014462121604	SEQC	permutation	
4817.0	0.011351952088820116	SEQC	permutation	
4818.0	0.00542975557019254	SEQC	permutation	
4819.0	-0.020778463953741166	SEQC	permutation	
4820.0	0.10298056651576948	SEQC	permutation	
4821.0	-0.09932042361558491	SEQC	permutation	
4822.0	0.14702802765162737	SEQC	permutation	
4823.0	-0.054567064688824995	SEQC	permutation	
4824.0	-0.09459759167011361	SEQC	permutation	
4825.0	0.0519885337252628	SEQC	permutation	
4826.0	0.14983916500803707	SEQC	permutation	
4827.0	-0.017258016646896746	SEQC	permutation	
4828.0	0.09428276175602868	SEQC	permutation	
4829.0	-0.0459869860626676	SEQC	permutation	
4830.0	0.2105270758191251	SEQC	permutation	
4831.0	0.021501022443086715	SEQC	permutation	
4832.0	0.13209418501686576	SEQC	permutation	
4833.0	0.0009732554132022564	SEQC	permutation	
4834.0	-0.12368798766930844	SEQC	permutation	
4835.0	-0.17791716882992725	SEQC	permutation	
4836.0	-0.09452429368883797	SEQC	permutation	
4837.0	0.01670879394823821	SEQC	permutation	
4838.0	-0.06291830983867097	SEQC	permutation	
4839.0	0.16199963755097846	SEQC	permutation	
4840.0	0.19505340789802306	SEQC	permutation	
4841.0	-0.052039880668602656	SEQC	permutation	
4842.0	0.04990469605568881	SEQC	permutation	
4843.0	0.10294137401020231	SEQC	permutation	
4844.0	0.09307636953975917	SEQC	permutation	
4845.0	0.013062372138061384	SEQC	permutation	
4846.0	0.0960838053924502	SEQC	permutation	
4847.0	-0.07962285722107598	SEQC	permutation	
4848.0	0.07287815088768879	SEQC	permutation	
4849.0	0.03466482968164186	SEQC	permutation	
4850.0	0.07703561215969579	SEQC	permutation	
4851.0	-0.03748255360966368	SEQC	permutation	
4852.0	0.11412048216534876	SEQC	permutation	
4853.0	-0.0974293377554587	SEQC	permutation	
4854.0	0.027412846516430722	SEQC	permutation	
4855.0	0.021680056713673235	SEQC	permutation	
4856.0	0.012968161358130281	SEQC	permutation	
4857.0	0.042041231820359126	SEQC	permutation	
4858.0	0.19636632893055683	SEQC	permutation	
4859.0	-0.030009428912885383	SEQC	permutation	
4860.0	0.09691722614405807	SEQC	permutation	
4861.0	0.14858678490163024	SEQC	permutation	
4862.0	-0.13087217046479127	SEQC	permutation	
4863.0	0.03257919665510389	SEQC	permutation	
4864.0	-0.28259320503020513	SEQC	permutation	
4865.0	-0.14342301136721858	SEQC	permutation	
4866.0	-0.03520437511900143	SEQC	permutation	
4867.0	-0.05937898649331297	SEQC	permutation	
4868.0	-0.05430397836220591	SEQC	permutation	
4869.0	0.14921793712188425	SEQC	permutation	
4870.0	0.30211760708373747	SEQC	permutation	
4871.0	0.013932839932471186	SEQC	permutation	
4872.0	0.2964727413988171	SEQC	permutation	
4873.0	-0.036564958277097936	SEQC	permutation	
4874.0	-0.18933099195297265	SEQC	permutation	
4875.0	-0.048544976957298314	SEQC	permutation	
4876.0	-0.05225195538648775	SEQC	permutation	
4877.0	-0.09624532105495831	SEQC	permutation	
4878.0	0.06215367986342457	SEQC	permutation	
4879.0	0.15017819732823812	SEQC	permutation	
4880.0	0.04817904788534877	SEQC	permutation	
4881.0	-0.058054989361626674	SEQC	permutation	
4882.0	0.0399509211202127	SEQC	permutation	
4883.0	-0.19174043926494466	SEQC	permutation	
4884.0	0.21526741469188826	SEQC	permutation	
4885.0	0.11839888224590789	SEQC	permutation	
4886.0	0.04249496467031255	SEQC	permutation	
4887.0	0.23707759039270382	SEQC	permutation	
4888.0	0.0635252786477647	SEQC	permutation	
4889.0	0.2643148714434238	SEQC	permutation	
4890.0	-0.0012387884414870598	SEQC	permutation	
4891.0	0.20325097186713492	SEQC	permutation	
4892.0	-0.10150558381260444	SEQC	permutation	
4893.0	0.041579597197404006	SEQC	permutation	
4894.0	-0.11018662672940582	SEQC	permutation	
4895.0	0.1620471616443555	SEQC	permutation	
4896.0	0.08069333284611391	SEQC	permutation	
4897.0	-0.10652822223211844	SEQC	permutation	
4898.0	0.14053231965229473	SEQC	permutation	
4899.0	0.09988233909155797	SEQC	permutation	
4900.0	0.216036869574173	SEQC	permutation	
4901.0	0.2039655992188587	SEQC	permutation	
4902.0	-0.05390813868328559	SEQC	permutation	
4903.0	-0.03714786875075626	SEQC	permutation	
4904.0	-0.0766850136371926	SEQC	permutation	
4905.0	0.09065764607788473	SEQC	permutation	
4906.0	-0.0005343828358368441	SEQC	permutation	
4907.0	0.026273223088221886	SEQC	permutation	
4908.0	-0.06550649048147683	SEQC	permutation	
4909.0	0.10276975216417172	SEQC	permutation	
4910.0	0.07832953376502738	SEQC	permutation	
4911.0	-0.019288085329993265	SEQC	permutation	
4912.0	-0.03649760132386071	SEQC	permutation	
4913.0	0.04022675053312108	SEQC	permutation	
4914.0	-0.06352944754220058	SEQC	permutation	
4915.0	-0.05582083295238327	SEQC	permutation	
4916.0	-0.06101893844131023	SEQC	permutation	
4917.0	0.23270879004176592	SEQC	permutation	
4918.0	-0.07461318823495544	SEQC	permutation	
4919.0	0.1014593076827408	SEQC	permutation	
4920.0	-0.07338300369696205	SEQC	permutation	
4921.0	0.16162715870028155	SEQC	permutation	
4922.0	0.0073781610167475975	SEQC	permutation	
4923.0	-0.004560873356713735	SEQC	permutation	
4924.0	-0.0461278555090785	SEQC	permutation	
4925.0	-0.10748134959084332	SEQC	permutation	
4926.0	0.11179269654813684	SEQC	permutation	
4927.0	-0.016088195339021727	SEQC	permutation	
4928.0	-0.09570857397336718	SEQC	permutation	
4929.0	0.0440808897445466	SEQC	permutation	
4930.0	-0.1249578029545777	SEQC	permutation	
4931.0	-0.18518170765733855	SEQC	permutation	
4932.0	-0.010886642963890303	SEQC	permutation	
4933.0	0.15096150203213643	SEQC	permutation	
4934.0	-0.031097988779731356	SEQC	permutation	
4935.0	-0.10330769076544355	SEQC	permutation	
4936.0	0.05783715253366006	SEQC	permutation	
4937.0	-0.02143752503721963	SEQC	permutation	
4938.0	-0.04243714172850943	SEQC	permutation	
4939.0	0.07174582606177404	SEQC	permutation	
4940.0	0.1371603314787193	SEQC	permutation	
4941.0	-0.05500148555256423	SEQC	permutation	
4942.0	0.19176858304163868	SEQC	permutation	
4943.0	-0.017005825598428448	SEQC	permutation	
4944.0	-0.26342830223356417	SEQC	permutation	
4945.0	-0.06260594295204225	SEQC	permutation	
4946.0	-0.10358947792621898	SEQC	permutation	
4947.0	-0.06184988288073834	SEQC	permutation	
4948.0	0.1722124082808043	SEQC	permutation	
4949.0	-0.11635662978733974	SEQC	permutation	
4950.0	-0.05226967516446246	SEQC	permutation	
4951.0	0.08491335284270507	SEQC	permutation	
4952.0	-0.015931358363299175	SEQC	permutation	
4953.0	0.1404985293535881	SEQC	permutation	
4954.0	-0.1458851833805186	SEQC	permutation	
4955.0	0.16317920838138233	SEQC	permutation	
4956.0	0.03205793144292857	SEQC	permutation	
4957.0	0.2444803777839346	SEQC	permutation	
4958.0	-0.08511760938100421	SEQC	permutation	
4959.0	0.014339637923036275	SEQC	permutation	
4960.0	0.1542829124853693	SEQC	permutation	
4961.0	-0.13073873257164426	SEQC	permutation	
4962.0	0.04478803207491078	SEQC	permutation	
4963.0	0.0528381581656463	SEQC	permutation	
4964.0	-0.13887109438660517	SEQC	permutation	
4965.0	0.11647196228926315	SEQC	permutation	
4966.0	-0.06894286587852383	SEQC	permutation	
4967.0	0.22491916150958025	SEQC	permutation	
4968.0	-0.14982165595133123	SEQC	permutation	
4969.0	0.058872336324190755	SEQC	permutation	
4970.0	-0.07595477648256033	SEQC	permutation	
4971.0	-0.12557208839992517	SEQC	permutation	
4972.0	-0.04762937188915961	SEQC	permutation	
4973.0	0.15636766034028726	SEQC	permutation	
4974.0	-0.12302192585150928	SEQC	permutation	
4975.0	0.050268782516217136	SEQC	permutation	
4976.0	-0.051158659000795303	SEQC	permutation	
4977.0	0.0646375665327219	SEQC	permutation	
4978.0	0.10574973650969444	SEQC	permutation	
4979.0	-0.20259073766434632	SEQC	permutation	
4980.0	0.08315157890683711	SEQC	permutation	
4981.0	-0.0919717150002306	SEQC	permutation	
4982.0	-0.06780885107911772	SEQC	permutation	
4983.0	-0.19051605827575235	SEQC	permutation	
4984.0	0.2060101615241008	SEQC	permutation	
4985.0	0.06739532175834784	SEQC	permutation	
4986.0	-0.012105476433703188	SEQC	permutation	
4987.0	0.08972121678475675	SEQC	permutation	
4988.0	-0.09315344395749214	SEQC	permutation	
4989.0	-0.019804721970427597	SEQC	permutation	
4990.0	0.02553495927891314	SEQC	permutation	
4991.0	0.04786581958638303	SEQC	permutation	
4992.0	-0.014950204461912975	SEQC	permutation	
4993.0	-0.06122676113016867	SEQC	permutation	
4994.0	-0.02145417457851506	SEQC	permutation	
4995.0	0.0014704569663397393	SEQC	permutation	
4996.0	-0.048299985399105516	SEQC	permutation	
4997.0	0.18061455275907923	SEQC	permutation	
4998.0	-0.03436526850831578	SEQC	permutation	
4999.0	0.24115696633616324	SEQC	permutation	
5000.0	-0.08295134460192122	SEQC	permutation	
	0.29852562602611465	SEQC	bootstrap	1.0
	0.24457701054428194	SEQC	bootstrap	2.0
	0.13016807741027936	SEQC	bootstrap	3.0
	0.5326323769401533	SEQC	bootstrap	4.0
	0.06908702042543924	SEQC	bootstrap	5.0
	0.3260024178496841	SEQC	bootstrap	6.0
	0.3439552858781254	SEQC	bootstrap	7.0
	0.22274257256358654	SEQC	bootstrap	8.0
	0.14880450831161518	SEQC	bootstrap	9.0
	0.3560826365730714	SEQC	bootstrap	10.0
	0.3947664354066811	SEQC	bootstrap	11.0
	0.37711240796773726	SEQC	bootstrap	12.0
	0.14875158852377668	SEQC	bootstrap	13.0
	0.20378439456588548	SEQC	bootstrap	14.0
	0.3269108643742178	SEQC	bootstrap	15.0
	0.2770332059978502	SEQC	bootstrap	16.0
	0.26184495893982573	SEQC	bootstrap	17.0
	0.37735254823440556	SEQC	bootstrap	18.0
	0.1942351104947284	SEQC	bootstrap	19.0
	0.34974572660208736	SEQC	bootstrap	20.0
	0.3394633027959504	SEQC	bootstrap	21.0
	0.1979283503366598	SEQC	bootstrap	22.0
	0.21463968765970431	SEQC	bootstrap	23.0
	0.41540307970053725	SEQC	bootstrap	24.0
	0.32411650042150875	SEQC	bootstrap	25.0
	0.3493828048459129	SEQC	bootstrap	26.0
	-0.03643730870802253	SEQC	bootstrap	27.0
	0.3947380729022161	SEQC	bootstrap	28.0
	0.1717409931658196	SEQC	bootstrap	29.0
	0.515537327683588	SEQC	bootstrap	30.0
	0.3660636558075021	SEQC	bootstrap	31.0
	0.539352568119797	SEQC	bootstrap	32.0
	0.15371142205311727	SEQC	bootstrap	33.0
	0.1685176268404156	SEQC	bootstrap	34.0
	0.24650515805666728	SEQC	bootstrap	35.0
	0.41457216028424115	SEQC	bootstrap	36.0
	0.2936279089690763	SEQC	bootstrap	37.0
	0.4079603295890095	SEQC	bootstrap	38.0
	0.4160815765637804	SEQC	bootstrap	39.0
	0.5844917613536262	SEQC	bootstrap	40.0
	0.28307224990191715	SEQC	bootstrap	41.0
	0.2838820420109953	SEQC	bootstrap	42.0
	0.19414157064701554	SEQC	bootstrap	43.0
	0.3224372396627282	SEQC	bootstrap	44.0
	0.2917051806838966	SEQC	bootstrap	45.0
	0.3924888370835622	SEQC	bootstrap	46.0
	0.36198180618960896	SEQC	bootstrap	47.0
	0.34846880012832493	SEQC	bootstrap	48.0
	0.3794518984766695	SEQC	bootstrap	49.0
	0.20541425380808542	SEQC	bootstrap	50.0
	0.19681979319564613	SEQC	bootstrap	51.0
	0.23565213592637502	SEQC	bootstrap	52.0
	0.398670005486331	SEQC	bootstrap	53.0
	0.20241425959390957	SEQC	bootstrap	54.0
	0.45483521679709105	SEQC	bootstrap	55.0
	0.3129206094884762	SEQC	bootstrap	56.0
	0.20287277623975353	SEQC	bootstrap	57.0
	0.4302321569590539	SEQC	bootstrap	58.0
	0.16098699419970952	SEQC	bootstrap	59.0
	0.22947156357413068	SEQC	bootstrap	60.0
	0.3451765648738121	SEQC	bootstrap	61.0
	0.2303156614833215	SEQC	bootstrap	62.0
	0.37473843100962645	SEQC	bootstrap	63.0
	0.2592981269827934	SEQC	bootstrap	64.0
	0.25019164350907186	SEQC	bootstrap	65.0
	0.22537090772466772	SEQC	bootstrap	66.0
	0.25656032971899423	SEQC	bootstrap	67.0
	0.19846323495199458	SEQC	bootstrap	68.0
	0.1812087897432324	SEQC	bootstrap	69.0
	0.1665422686124609	SEQC	bootstrap	70.0
	0.23613160301496494	SEQC	bootstrap	71.0
	0.2252669274326662	SEQC	bootstrap	72.0
	0.2915168636994432	SEQC	bootstrap	73.0
	0.16741221599752354	SEQC	bootstrap	74.0
	0.1664993891059403	SEQC	bootstrap	75.0
	0.26023273289444404	SEQC	bootstrap	76.0
	0.22568730008686444	SEQC	bootstrap	77.0
	0.32364031464541343	SEQC	bootstrap	78.0
	0.1547240383674504	SEQC	bootstrap	79.0
	0.22756064625977146	SEQC	bootstrap	80.0
	0.14820983224546325	SEQC	bootstrap	81.0
	0.19467962696412178	SEQC	bootstrap	82.0
	0.2939020285623357	SEQC	bootstrap	83.0
	0.23707008777059535	SEQC	bootstrap	84.0
	0.13267197601835434	SEQC	bootstrap	85.0
	0.21889744151922175	SEQC	bootstrap	86.0
	0.3068079965104902	SEQC	bootstrap	87.0
	0.3596784241043025	SEQC	bootstrap	88.0
	0.3058591966431061	SEQC	bootstrap	89.0
	0.29066977142962047	SEQC	bootstrap	90.0
	0.23638968753063772	SEQC	bootstrap	91.0
	0.17568912117018165	SEQC	bootstrap	92.0
	0.14652129494458332	SEQC	bootstrap	93.0
	0.44302594277124596	SEQC	bootstrap	94.0
	0.4429459894217236	SEQC	bootstrap	95.0
	0.08469095239386348	SEQC	bootstrap	96.0
	0.25272417964869254	SEQC	bootstrap	97.0
	0.154802164052517	SEQC	bootstrap	98.0
	0.07770369867930516	SEQC	bootstrap	99.0
	0.39262541944923424	SEQC	bootstrap	100.0
	0.2535263926180171	SEQC	bootstrap	101.0
	0.3110601105035542	SEQC	bootstrap	102.0
	0.11673429707602434	SEQC	bootstrap	103.0
	0.29368348964394286	SEQC	bootstrap	104.0
	0.38174475439202826	SEQC	bootstrap	105.0
	0.49837457408668495	SEQC	bootstrap	106.0
	0.22691036292673505	SEQC	bootstrap	107.0
	0.15507634047774355	SEQC	bootstrap	108.0
	0.23438336425503792	SEQC	bootstrap	109.0
	0.18123223834486923	SEQC	bootstrap	110.0
	0.25059909901465716	SEQC	bootstrap	111.0
	0.2756951290913694	SEQC	bootstrap	112.0
	0.34298455651879456	SEQC	bootstrap	113.0
	0.2852673079283554	SEQC	bootstrap	114.0
	0.203498997935458	SEQC	bootstrap	115.0
	0.42834106517095405	SEQC	bootstrap	116.0
	0.40541647916462065	SEQC	bootstrap	117.0
	0.2982116738747038	SEQC	bootstrap	118.0
	0.3586556302849324	SEQC	bootstrap	119.0
	0.44294323731730323	SEQC	bootstrap	120.0
	0.26257569730628694	SEQC	bootstrap	121.0
	0.0977899654714931	SEQC	bootstrap	122.0
	0.40122184783126524	SEQC	bootstrap	123.0
	0.27786535247211974	SEQC	bootstrap	124.0
	0.24912440359785037	SEQC	bootstrap	125.0
	0.21627428069005505	SEQC	bootstrap	126.0
	0.21201336648888658	SEQC	bootstrap	127.0
	0.2916796593714053	SEQC	bootstrap	128.0
	0.2797050944639152	SEQC	bootstrap	129.0
	0.37068135161601035	SEQC	bootstrap	130.0
	0.22776811139347908	SEQC	bootstrap	131.0
	0.29099286510902544	SEQC	bootstrap	132.0
	0.17465828574746922	SEQC	bootstrap	133.0
	0.463558929500961	SEQC	bootstrap	134.0
	0.20935545719256377	SEQC	bootstrap	135.0
	0.38661392074422496	SEQC	bootstrap	136.0
	0.3537471693276264	SEQC	bootstrap	137.0
	0.08086111746906477	SEQC	bootstrap	138.0
	0.3200832489300791	SEQC	bootstrap	139.0
	0.20063104154942524	SEQC	bootstrap	140.0
	0.15753161366748802	SEQC	bootstrap	141.0
	0.4195329823171048	SEQC	bootstrap	142.0
	0.21232541065014576	SEQC	bootstrap	143.0
	0.15110517929444134	SEQC	bootstrap	144.0
	0.28383399620883676	SEQC	bootstrap	145.0
	0.2708546949599877	SEQC	bootstrap	146.0
	0.34099065454062183	SEQC	bootstrap	147.0
	0.3159330375822087	SEQC	bootstrap	148.0
	0.32653390982247554	SEQC	bootstrap	149.0
	0.16382056991791671	SEQC	bootstrap	150.0
	0.2036478060735898	SEQC	bootstrap	151.0
	0.16431497439858722	SEQC	bootstrap	152.0
	0.32692776066548035	SEQC	bootstrap	153.0
	0.3539134466751075	SEQC	bootstrap	154.0
	0.20922455799160922	SEQC	bootstrap	155.0
	0.3925617519108151	SEQC	bootstrap	156.0
	0.24237999268645716	SEQC	bootstrap	157.0
	0.07441874533614268	SEQC	bootstrap	158.0
	0.3720558281726327	SEQC	bootstrap	159.0
	0.49641978604226855	SEQC	bootstrap	160.0
	0.4583601180854693	SEQC	bootstrap	161.0
	0.47896003829864764	SEQC	bootstrap	162.0
	0.34517799807819616	SEQC	bootstrap	163.0
	0.37566453303626046	SEQC	bootstrap	164.0
	0.30324615132507304	SEQC	bootstrap	165.0
	0.21601278626235354	SEQC	bootstrap	166.0
	0.48011036052975964	SEQC	bootstrap	167.0
	0.2867480907822313	SEQC	bootstrap	168.0
	0.3097321749371513	SEQC	bootstrap	169.0
	0.4063878691020255	SEQC	bootstrap	170.0
	0.27786477257904263	SEQC	bootstrap	171.0
	0.11392436891163582	SEQC	bootstrap	172.0
	0.1392270294206437	SEQC	bootstrap	173.0
	0.3480278932813703	SEQC	bootstrap	174.0
	0.2669625732403116	SEQC	bootstrap	175.0
	0.29238935802781985	SEQC	bootstrap	176.0
	0.4776229270317969	SEQC	bootstrap	177.0
	0.1330127995615391	SEQC	bootstrap	178.0
	0.43433746558214237	SEQC	bootstrap	179.0
	0.11595576084053993	SEQC	bootstrap	180.0
	0.31522281311510225	SEQC	bootstrap	181.0
	0.23617778668378708	SEQC	bootstrap	182.0
	0.36122331001601804	SEQC	bootstrap	183.0
	0.0026745333358291212	SEQC	bootstrap	184.0
	0.23737367668018594	SEQC	bootstrap	185.0
	0.14025806178859312	SEQC	bootstrap	186.0
	0.19984199482039067	SEQC	bootstrap	187.0
	0.04431407041938451	SEQC	bootstrap	188.0
	0.2444979018219997	SEQC	bootstrap	189.0
	0.37723970251791794	SEQC	bootstrap	190.0
	0.22783254643180095	SEQC	bootstrap	191.0
	0.20746137764329164	SEQC	bootstrap	192.0
	0.27150908833232235	SEQC	bootstrap	193.0
	0.23350742715849293	SEQC	bootstrap	194.0
	0.15908976078686132	SEQC	bootstrap	195.0
	0.305563022260412	SEQC	bootstrap	196.0
	0.14001926738090287	SEQC	bootstrap	197.0
	0.1844307645931078	SEQC	bootstrap	198.0
	0.24383742362034466	SEQC	bootstrap	199.0
	0.025351132940487187	SEQC	bootstrap	200.0
	0.21915383182192416	SEQC	bootstrap	201.0
	0.1429968502407717	SEQC	bootstrap	202.0
	0.10842000279442887	SEQC	bootstrap	203.0
	0.3589556998837602	SEQC	bootstrap	204.0
	0.23521159456619767	SEQC	bootstrap	205.0
	0.21330852933642364	SEQC	bootstrap	206.0
	0.3209487201531225	SEQC	bootstrap	207.0
	0.4366209735301938	SEQC	bootstrap	208.0
	0.35507118935921156	SEQC	bootstrap	209.0
	0.3167386370266039	SEQC	bootstrap	210.0
	0.1719803947966203	SEQC	bootstrap	211.0
	0.29388236958427516	SEQC	bootstrap	212.0
	0.11077790786885267	SEQC	bootstrap	213.0
	0.3805455399019726	SEQC	bootstrap	214.0
	0.2635677360993287	SEQC	bootstrap	215.0
	0.37612118117322213	SEQC	bootstrap	216.0
	0.4674437597108616	SEQC	bootstrap	217.0
	0.39428067718237836	SEQC	bootstrap	218.0
	0.3286538266731327	SEQC	bootstrap	219.0
	0.026309167762555763	SEQC	bootstrap	220.0
	0.14314380325983578	SEQC	bootstrap	221.0
	0.29298109340700584	SEQC	bootstrap	222.0
	0.15142443136226946	SEQC	bootstrap	223.0
	0.15472306848406037	SEQC	bootstrap	224.0
	0.28524134242508303	SEQC	bootstrap	225.0
	0.3101328271337853	SEQC	bootstrap	226.0
	0.3833953334399052	SEQC	bootstrap	227.0
	0.3330086957027434	SEQC	bootstrap	228.0
	0.2195977404098235	SEQC	bootstrap	229.0
	0.20879215039876398	SEQC	bootstrap	230.0
	0.353582087297875	SEQC	bootstrap	231.0
	0.2226394609102158	SEQC	bootstrap	232.0
	0.2349524841007926	SEQC	bootstrap	233.0
	0.3723093391095982	SEQC	bootstrap	234.0
	0.3904666452617911	SEQC	bootstrap	235.0
	0.16033936465835374	SEQC	bootstrap	236.0
	0.40510427870648247	SEQC	bootstrap	237.0
	0.15477324333424747	SEQC	bootstrap	238.0
	0.11865023607001657	SEQC	bootstrap	239.0
	0.3569821382113063	SEQC	bootstrap	240.0
	0.42090744110333356	SEQC	bootstrap	241.0
	0.4081964815075567	SEQC	bootstrap	242.0
	0.29324003353736616	SEQC	bootstrap	243.0
	0.36281258235366654	SEQC	bootstrap	244.0
	0.3971153017802469	SEQC	bootstrap	245.0
	0.6184554829059463	SEQC	bootstrap	246.0
	0.2916587267463928	SEQC	bootstrap	247.0
	0.1420378005321603	SEQC	bootstrap	248.0
	0.28409510855366404	SEQC	bootstrap	249.0
	0.09641256832965794	SEQC	bootstrap	250.0
	0.1726096337970775	SEQC	bootstrap	251.0
	0.2689732990213809	SEQC	bootstrap	252.0
	0.282327965947049	SEQC	bootstrap	253.0
	0.0616378759640801	SEQC	bootstrap	254.0
	0.49467052688111046	SEQC	bootstrap	255.0
	0.3718833217485904	SEQC	bootstrap	256.0
	0.29078234816006576	SEQC	bootstrap	257.0
	0.2867102398604895	SEQC	bootstrap	258.0
	0.3671723411946437	SEQC	bootstrap	259.0
	-0.0957778888531422	SEQC	bootstrap	260.0
	0.24720903032980468	SEQC	bootstrap	261.0
	0.16659514792762753	SEQC	bootstrap	262.0
	0.1354393703520036	SEQC	bootstrap	263.0
	0.3041618688107497	SEQC	bootstrap	264.0
	0.3362322445661379	SEQC	bootstrap	265.0
	0.2372237544296043	SEQC	bootstrap	266.0
	0.2808522459780738	SEQC	bootstrap	267.0
	0.21690107871991282	SEQC	bootstrap	268.0
	0.20464434632127393	SEQC	bootstrap	269.0
	0.21384329998233964	SEQC	bootstrap	270.0
	0.2776846039887362	SEQC	bootstrap	271.0
	0.11947546528366448	SEQC	bootstrap	272.0
	0.2300213459923266	SEQC	bootstrap	273.0
	0.100928956699597	SEQC	bootstrap	274.0
	0.5157580315623518	SEQC	bootstrap	275.0
	0.12957978660843938	SEQC	bootstrap	276.0
	0.2586905937005768	SEQC	bootstrap	277.0
	0.3761138450809116	SEQC	bootstrap	278.0
	0.21911927807835374	SEQC	bootstrap	279.0
	0.16147680148078525	SEQC	bootstrap	280.0
	0.3435133359416449	SEQC	bootstrap	281.0
	0.2780741951377901	SEQC	bootstrap	282.0
	0.17238391295213384	SEQC	bootstrap	283.0
	0.5766607849445697	SEQC	bootstrap	284.0
	0.18340145806500852	SEQC	bootstrap	285.0
	0.35739259312300264	SEQC	bootstrap	286.0
	0.30448094976782913	SEQC	bootstrap	287.0
	0.319940153396991	SEQC	bootstrap	288.0
	0.30485465741800555	SEQC	bootstrap	289.0
	0.4330184523227181	SEQC	bootstrap	290.0
	0.2166842106898339	SEQC	bootstrap	291.0
	0.39017990723674867	SEQC	bootstrap	292.0
	0.19645315061433388	SEQC	bootstrap	293.0
	0.2444029502991838	SEQC	bootstrap	294.0
	0.1621497712850961	SEQC	bootstrap	295.0
	0.3923443757330043	SEQC	bootstrap	296.0
	0.28233532998146904	SEQC	bootstrap	297.0
	0.40851727544843763	SEQC	bootstrap	298.0
	0.21785589604836764	SEQC	bootstrap	299.0
	0.20746799189763454	SEQC	bootstrap	300.0
	0.31553493788052434	SEQC	bootstrap	301.0
	0.2858600582082049	SEQC	bootstrap	302.0
	0.3048541307796717	SEQC	bootstrap	303.0
	0.36247884059929003	SEQC	bootstrap	304.0
	0.23291227427391004	SEQC	bootstrap	305.0
	0.2774241023675339	SEQC	bootstrap	306.0
	0.17586188727042984	SEQC	bootstrap	307.0
	0.03756014903484717	SEQC	bootstrap	308.0
	0.45626330410210736	SEQC	bootstrap	309.0
	0.34026187397602703	SEQC	bootstrap	310.0
	0.29798276258917156	SEQC	bootstrap	311.0
	0.41301223910350204	SEQC	bootstrap	312.0
	0.4388940367023473	SEQC	bootstrap	313.0
	0.3634082887240413	SEQC	bootstrap	314.0
	0.18458992000191943	SEQC	bootstrap	315.0
	0.44047897973467753	SEQC	bootstrap	316.0
	0.12174638432351204	SEQC	bootstrap	317.0
	0.34070733723881697	SEQC	bootstrap	318.0
	0.25590023285984076	SEQC	bootstrap	319.0
	0.20852425511273687	SEQC	bootstrap	320.0
	0.3430746244400913	SEQC	bootstrap	321.0
	0.33569167533183064	SEQC	bootstrap	322.0
	0.31145644916712323	SEQC	bootstrap	323.0
	0.19561119250426318	SEQC	bootstrap	324.0
	0.18083257428269572	SEQC	bootstrap	325.0
	0.1993832704569214	SEQC	bootstrap	326.0
	0.12543260593839456	SEQC	bootstrap	327.0
	0.34684696022494377	SEQC	bootstrap	328.0
	0.27037153946459647	SEQC	bootstrap	329.0
	0.3048825675322733	SEQC	bootstrap	330.0
	0.19774293566467893	SEQC	bootstrap	331.0
	0.16072336831181833	SEQC	bootstrap	332.0
	0.3255943521063758	SEQC	bootstrap	333.0
	0.23200859703888543	SEQC	bootstrap	334.0
	0.18179067476505972	SEQC	bootstrap	335.0
	0.3099183710958493	SEQC	bootstrap	336.0
	0.3993776224975494	SEQC	bootstrap	337.0
	0.28808219970742943	SEQC	bootstrap	338.0
	0.4338692210795445	SEQC	bootstrap	339.0
	0.3774569147918565	SEQC	bootstrap	340.0
	0.2562592748842971	SEQC	bootstrap	341.0
	0.3200971385768536	SEQC	bootstrap	342.0
	0.37071040625931007	SEQC	bootstrap	343.0
	0.15077681258143816	SEQC	bootstrap	344.0
	0.48260397801190313	SEQC	bootstrap	345.0
	0.2457277446127626	SEQC	bootstrap	346.0
	0.386702632251128	SEQC	bootstrap	347.0
	0.24564116214118803	SEQC	bootstrap	348.0
	0.3705575422266807	SEQC	bootstrap	349.0
	0.31054210740200316	SEQC	bootstrap	350.0
	0.19411749449842652	SEQC	bootstrap	351.0
	0.032121094705883646	SEQC	bootstrap	352.0
	0.313856378841864	SEQC	bootstrap	353.0
	0.19860510553245803	SEQC	bootstrap	354.0
	0.4184253752919753	SEQC	bootstrap	355.0
	0.28937001746989655	SEQC	bootstrap	356.0
	0.3895554594481072	SEQC	bootstrap	357.0
	0.34222323627473683	SEQC	bootstrap	358.0
	0.34240493052097154	SEQC	bootstrap	359.0
	0.42525204729262	SEQC	bootstrap	360.0
	0.3015013735774863	SEQC	bootstrap	361.0
	0.3053045849220366	SEQC	bootstrap	362.0
	0.2503828619084607	SEQC	bootstrap	363.0
	0.15976479099406982	SEQC	bootstrap	364.0
	0.2604031491704677	SEQC	bootstrap	365.0
	0.311145446464014	SEQC	bootstrap	366.0
	0.17545735349502412	SEQC	bootstrap	367.0
	0.29512102975081866	SEQC	bootstrap	368.0
	0.2935916409715946	SEQC	bootstrap	369.0
	0.17002866072917033	SEQC	bootstrap	370.0
	0.24224356661860735	SEQC	bootstrap	371.0
	0.4010145911796217	SEQC	bootstrap	372.0
	0.29925894235717765	SEQC	bootstrap	373.0
	0.21360664433651388	SEQC	bootstrap	374.0
	0.2698721951576384	SEQC	bootstrap	375.0
	0.25176653073903354	SEQC	bootstrap	376.0
	0.29230145344569536	SEQC	bootstrap	377.0
	0.3237585159244496	SEQC	bootstrap	378.0
	0.3639190280229143	SEQC	bootstrap	379.0
	0.24840199970138954	SEQC	bootstrap	380.0
	0.4034827471632574	SEQC	bootstrap	381.0
	0.33563750914236845	SEQC	bootstrap	382.0
	0.309199699339485	SEQC	bootstrap	383.0
	0.14054247406202292	SEQC	bootstrap	384.0
	0.36225791358194526	SEQC	bootstrap	385.0
	0.37534960164106534	SEQC	bootstrap	386.0
	0.32862430352440875	SEQC	bootstrap	387.0
	0.24566198543588325	SEQC	bootstrap	388.0
	0.33720298056679576	SEQC	bootstrap	389.0
	0.1700424444938613	SEQC	bootstrap	390.0
	0.40720655183375865	SEQC	bootstrap	391.0
	0.24544328071410515	SEQC	bootstrap	392.0
	0.378611170916868	SEQC	bootstrap	393.0
	0.48631491463835985	SEQC	bootstrap	394.0
	0.14587919273451	SEQC	bootstrap	395.0
	0.07906268639169278	SEQC	bootstrap	396.0
	0.13805539229291908	SEQC	bootstrap	397.0
	0.444872238088144	SEQC	bootstrap	398.0
	0.29805917716303965	SEQC	bootstrap	399.0
	0.33440861055862925	SEQC	bootstrap	400.0
	0.18600316211926504	SEQC	bootstrap	401.0
	0.2947555861509703	SEQC	bootstrap	402.0
	0.3223751462237141	SEQC	bootstrap	403.0
	0.2440847605037848	SEQC	bootstrap	404.0
	0.14512375306079095	SEQC	bootstrap	405.0
	0.22030008892969555	SEQC	bootstrap	406.0
	0.291005017960535	SEQC	bootstrap	407.0
	0.1655031211425011	SEQC	bootstrap	408.0
	0.46271712104427065	SEQC	bootstrap	409.0
	0.1220102515205106	SEQC	bootstrap	410.0
	0.1273054864870118	SEQC	bootstrap	411.0
	0.14647690914368106	SEQC	bootstrap	412.0
	0.33309955822683923	SEQC	bootstrap	413.0
	0.2579943590054299	SEQC	bootstrap	414.0
	0.5679588266243663	SEQC	bootstrap	415.0
	-0.020341226087400077	SEQC	bootstrap	416.0
	0.2950701225854826	SEQC	bootstrap	417.0
	0.26952405012253067	SEQC	bootstrap	418.0
	0.26139999840638106	SEQC	bootstrap	419.0
	0.27112421762127825	SEQC	bootstrap	420.0
	0.46498013805096416	SEQC	bootstrap	421.0
	0.564247917972172	SEQC	bootstrap	422.0
	0.10552075610999312	SEQC	bootstrap	423.0
	0.14734102600219412	SEQC	bootstrap	424.0
	0.35420419425028804	SEQC	bootstrap	425.0
	0.19682121987225631	SEQC	bootstrap	426.0
	0.3256761318946073	SEQC	bootstrap	427.0
	0.09258064301549185	SEQC	bootstrap	428.0
	0.2784418237507196	SEQC	bootstrap	429.0
	0.1723355655204255	SEQC	bootstrap	430.0
	0.16236104113848704	SEQC	bootstrap	431.0
	0.12571892641320082	SEQC	bootstrap	432.0
	0.3313331261161827	SEQC	bootstrap	433.0
	0.36670896739091186	SEQC	bootstrap	434.0
	0.2796011547324966	SEQC	bootstrap	435.0
	0.1597092136566287	SEQC	bootstrap	436.0
	0.25800433690740876	SEQC	bootstrap	437.0
	0.3166369256828947	SEQC	bootstrap	438.0
	-0.02966125365963901	SEQC	bootstrap	439.0
	0.24086369716422285	SEQC	bootstrap	440.0
	0.33359893928708617	SEQC	bootstrap	441.0
	0.39370463953305634	SEQC	bootstrap	442.0
	0.24669100628672158	SEQC	bootstrap	443.0
	0.2961692012518893	SEQC	bootstrap	444.0
	0.3053081238137354	SEQC	bootstrap	445.0
	0.2632403425550671	SEQC	bootstrap	446.0
	0.29548030224561384	SEQC	bootstrap	447.0
	0.10349669664046868	SEQC	bootstrap	448.0
	0.35019319317896835	SEQC	bootstrap	449.0
	0.2864244269174461	SEQC	bootstrap	450.0
	0.3489980922128151	SEQC	bootstrap	451.0
	0.15380738309245556	SEQC	bootstrap	452.0
	0.2784671801172882	SEQC	bootstrap	453.0
	0.1934942437104592	SEQC	bootstrap	454.0
	0.2329217610001706	SEQC	bootstrap	455.0
	0.10592970343000463	SEQC	bootstrap	456.0
	0.4402265401509413	SEQC	bootstrap	457.0
	0.2260495268155136	SEQC	bootstrap	458.0
	0.2926014833166901	SEQC	bootstrap	459.0
	0.3560125870088733	SEQC	bootstrap	460.0
	0.3375029562615568	SEQC	bootstrap	461.0
	0.19598186919669391	SEQC	bootstrap	462.0
	0.2976333516330749	SEQC	bootstrap	463.0
	0.31837007156290476	SEQC	bootstrap	464.0
	0.34000360688936615	SEQC	bootstrap	465.0
	0.2142962910294881	SEQC	bootstrap	466.0
	0.36959282031343355	SEQC	bootstrap	467.0
	0.2091658668002303	SEQC	bootstrap	468.0
	0.3844423765395839	SEQC	bootstrap	469.0
	0.22979502918532901	SEQC	bootstrap	470.0
	0.4681382997715806	SEQC	bootstrap	471.0
	0.19320571978591827	SEQC	bootstrap	472.0
	0.09508789869377487	SEQC	bootstrap	473.0
	0.28820315113752804	SEQC	bootstrap	474.0
	0.30641405171853453	SEQC	bootstrap	475.0
	0.39671695040587185	SEQC	bootstrap	476.0
	0.2521719470130792	SEQC	bootstrap	477.0
	0.2540750260204252	SEQC	bootstrap	478.0
	0.2887701455657825	SEQC	bootstrap	479.0
	0.10602447816377936	SEQC	bootstrap	480.0
	0.13339029600919616	SEQC	bootstrap	481.0
	0.23617067635761746	SEQC	bootstrap	482.0
	0.1741192663065676	SEQC	bootstrap	483.0
	0.3031094978429678	SEQC	bootstrap	484.0
	0.12462154207972942	SEQC	bootstrap	485.0
	0.2928717459652006	SEQC	bootstrap	486.0
	0.4020796166703424	SEQC	bootstrap	487.0
	0.1458754785180556	SEQC	bootstrap	488.0
	0.27509801639653064	SEQC	bootstrap	489.0
	0.20424107619755727	SEQC	bootstrap	490.0
	0.223820272991468	SEQC	bootstrap	491.0
	0.28813477809302235	SEQC	bootstrap	492.0
	-0.027282993263292532	SEQC	bootstrap	493.0
	0.021941457706818657	SEQC	bootstrap	494.0
	0.20809243788298648	SEQC	bootstrap	495.0
	0.42413477372091446	SEQC	bootstrap	496.0
	0.2462090626436657	SEQC	bootstrap	497.0
	0.2664659815742656	SEQC	bootstrap	498.0
	0.16586647528469634	SEQC	bootstrap	499.0
	0.2667907385161752	SEQC	bootstrap	500.0
	0.4741250354231128	SEQC	bootstrap	501.0
	0.233385624846433	SEQC	bootstrap	502.0
	0.1582086740957509	SEQC	bootstrap	503.0
	0.4520866695499133	SEQC	bootstrap	504.0
	0.1709405362200651	SEQC	bootstrap	505.0
	0.2698734445201634	SEQC	bootstrap	506.0
	0.3954315407030662	SEQC	bootstrap	507.0
	0.20398159874282928	SEQC	bootstrap	508.0
	0.11955690762852234	SEQC	bootstrap	509.0
	0.34415230385557205	SEQC	bootstrap	510.0
	0.2855225561213146	SEQC	bootstrap	511.0
	0.11558804873475248	SEQC	bootstrap	512.0
	0.46975989317606803	SEQC	bootstrap	513.0
	0.20167878287931051	SEQC	bootstrap	514.0
	0.06410028430862047	SEQC	bootstrap	515.0
	0.236978805872063	SEQC	bootstrap	516.0
	0.12723659374022045	SEQC	bootstrap	517.0
	0.46496127563605505	SEQC	bootstrap	518.0
	0.2946080433157019	SEQC	bootstrap	519.0
	0.3197726882676579	SEQC	bootstrap	520.0
	0.2990524940041053	SEQC	bootstrap	521.0
	0.20213664633346662	SEQC	bootstrap	522.0
	0.37762074577712745	SEQC	bootstrap	523.0
	0.45504872606137026	SEQC	bootstrap	524.0
	0.20157126771308498	SEQC	bootstrap	525.0
	0.48538217036249387	SEQC	bootstrap	526.0
	0.3097755974035521	SEQC	bootstrap	527.0
	0.26948365810417796	SEQC	bootstrap	528.0
	0.11813618764004241	SEQC	bootstrap	529.0
	0.5736492759391241	SEQC	bootstrap	530.0
	0.2079557336054867	SEQC	bootstrap	531.0
	0.27038503776250566	SEQC	bootstrap	532.0
	0.4900686764768878	SEQC	bootstrap	533.0
	0.3683093587649471	SEQC	bootstrap	534.0
	0.2655204649955216	SEQC	bootstrap	535.0
	0.21118900971748733	SEQC	bootstrap	536.0
	0.3524305900970539	SEQC	bootstrap	537.0
	0.22770509454590515	SEQC	bootstrap	538.0
	0.5055992761873793	SEQC	bootstrap	539.0
	0.38433465421849355	SEQC	bootstrap	540.0
	0.23341343523887792	SEQC	bootstrap	541.0
	0.1425677861691339	SEQC	bootstrap	542.0
	0.3145795656732653	SEQC	bootstrap	543.0
	0.365500883919732	SEQC	bootstrap	544.0
	0.252714165268348	SEQC	bootstrap	545.0
	0.3014629896473995	SEQC	bootstrap	546.0
	0.309986440094586	SEQC	bootstrap	547.0
	0.3042524937989435	SEQC	bootstrap	548.0
	0.25220487672969005	SEQC	bootstrap	549.0
	0.26908302896130865	SEQC	bootstrap	550.0
	0.37769070627673784	SEQC	bootstrap	551.0
	0.10960902007615436	SEQC	bootstrap	552.0
	0.3771867915695317	SEQC	bootstrap	553.0
	0.2631618419010531	SEQC	bootstrap	554.0
	0.1562705074429851	SEQC	bootstrap	555.0
	0.27337472670353247	SEQC	bootstrap	556.0
	0.3593615866264672	SEQC	bootstrap	557.0
	0.19339356041234268	SEQC	bootstrap	558.0
	0.11585952155380808	SEQC	bootstrap	559.0
	0.21392638318797275	SEQC	bootstrap	560.0
	0.22701171374325035	SEQC	bootstrap	561.0
	0.198041230602509	SEQC	bootstrap	562.0
	0.23407262787061311	SEQC	bootstrap	563.0
	0.37849473421080937	SEQC	bootstrap	564.0
	0.24245746536126322	SEQC	bootstrap	565.0
	0.34024406112190153	SEQC	bootstrap	566.0
	0.41033216701010966	SEQC	bootstrap	567.0
	0.2432737505039686	SEQC	bootstrap	568.0
	0.27249762263451016	SEQC	bootstrap	569.0
	0.26289796782320707	SEQC	bootstrap	570.0
	0.0796436851102742	SEQC	bootstrap	571.0
	0.23705567062013966	SEQC	bootstrap	572.0
	0.3236882110333714	SEQC	bootstrap	573.0
	0.22588305308215384	SEQC	bootstrap	574.0
	0.4743955461176319	SEQC	bootstrap	575.0
	0.1371150294208512	SEQC	bootstrap	576.0
	0.2946643223914318	SEQC	bootstrap	577.0
	0.4911230239723561	SEQC	bootstrap	578.0
	0.26334456592968447	SEQC	bootstrap	579.0
	0.3360974043655065	SEQC	bootstrap	580.0
	0.12059427971298575	SEQC	bootstrap	581.0
	0.3872717527161531	SEQC	bootstrap	582.0
	0.27227170655552824	SEQC	bootstrap	583.0
	0.22708768437172067	SEQC	bootstrap	584.0
	0.3218141198951745	SEQC	bootstrap	585.0
	0.2680470802934445	SEQC	bootstrap	586.0
	0.33503402146402195	SEQC	bootstrap	587.0
	0.31930109756096536	SEQC	bootstrap	588.0
	0.41796358954859647	SEQC	bootstrap	589.0
	0.23520545756161537	SEQC	bootstrap	590.0
	0.15585474173222336	SEQC	bootstrap	591.0
	0.24342739413677572	SEQC	bootstrap	592.0
	0.38835750107983147	SEQC	bootstrap	593.0
	0.16558762824564077	SEQC	bootstrap	594.0
	0.2232069058943602	SEQC	bootstrap	595.0
	0.27784222825094895	SEQC	bootstrap	596.0
	0.03925728245698412	SEQC	bootstrap	597.0
	0.22822207969505337	SEQC	bootstrap	598.0
	0.2834269697271692	SEQC	bootstrap	599.0
	0.22571325532897868	SEQC	bootstrap	600.0
	0.3642699220870864	SEQC	bootstrap	601.0
	0.31059881594170813	SEQC	bootstrap	602.0
	0.1270821224851546	SEQC	bootstrap	603.0
	0.23892293319936764	SEQC	bootstrap	604.0
	0.31000905599782635	SEQC	bootstrap	605.0
	0.17546651603879093	SEQC	bootstrap	606.0
	0.3420687004877996	SEQC	bootstrap	607.0
	0.1868448938909295	SEQC	bootstrap	608.0
	0.3970713599125264	SEQC	bootstrap	609.0
	0.23412378154222724	SEQC	bootstrap	610.0
	0.13348321402835595	SEQC	bootstrap	611.0
	0.3914090806511874	SEQC	bootstrap	612.0
	0.3750540791235224	SEQC	bootstrap	613.0
	0.3195092597452778	SEQC	bootstrap	614.0
	0.24874955212951422	SEQC	bootstrap	615.0
	0.20082968165377935	SEQC	bootstrap	616.0
	0.22386034990230153	SEQC	bootstrap	617.0
	0.26796592225502236	SEQC	bootstrap	618.0
	0.25282859739492425	SEQC	bootstrap	619.0
	0.27864780949138357	SEQC	bootstrap	620.0
	0.3005898592789644	SEQC	bootstrap	621.0
	0.2594076070689493	SEQC	bootstrap	622.0
	0.29655643461708836	SEQC	bootstrap	623.0
	0.3284276372650261	SEQC	bootstrap	624.0
	0.2644369917936813	SEQC	bootstrap	625.0
	0.2064433721932626	SEQC	bootstrap	626.0
	0.20334040884929916	SEQC	bootstrap	627.0
	0.42046382151819284	SEQC	bootstrap	628.0
	0.19176730225025018	SEQC	bootstrap	629.0
	0.2368204190820724	SEQC	bootstrap	630.0
	0.09291641923788596	SEQC	bootstrap	631.0
	0.12009759086540406	SEQC	bootstrap	632.0
	0.3342991620214457	SEQC	bootstrap	633.0
	0.35229311278852116	SEQC	bootstrap	634.0
	0.2696938795752404	SEQC	bootstrap	635.0
	0.11398687313929079	SEQC	bootstrap	636.0
	0.2471188893157099	SEQC	bootstrap	637.0
	0.471214611545117	SEQC	bootstrap	638.0
	0.19160557943888623	SEQC	bootstrap	639.0
	0.1868979740591623	SEQC	bootstrap	640.0
	0.40417858868545364	SEQC	bootstrap	641.0
	0.23571021380500445	SEQC	bootstrap	642.0
	0.3769703110824385	SEQC	bootstrap	643.0
	0.286317282568076	SEQC	bootstrap	644.0
	0.31300159160948704	SEQC	bootstrap	645.0
	0.13557377647894375	SEQC	bootstrap	646.0
	0.39472576388549596	SEQC	bootstrap	647.0
	0.11928775619985066	SEQC	bootstrap	648.0
	0.1543536923670672	SEQC	bootstrap	649.0
	0.3470830366258566	SEQC	bootstrap	650.0
	0.27115045226183154	SEQC	bootstrap	651.0
	0.3221460698609331	SEQC	bootstrap	652.0
	0.2571769234396619	SEQC	bootstrap	653.0
	0.36962033192247157	SEQC	bootstrap	654.0
	0.2312805016895747	SEQC	bootstrap	655.0
	0.41613311269956244	SEQC	bootstrap	656.0
	0.28918457140930354	SEQC	bootstrap	657.0
	0.4577226083950965	SEQC	bootstrap	658.0
	0.1914364033853886	SEQC	bootstrap	659.0
	0.2658005379716495	SEQC	bootstrap	660.0
	0.26658337955763844	SEQC	bootstrap	661.0
	0.514856226362852	SEQC	bootstrap	662.0
	0.23975899508334697	SEQC	bootstrap	663.0
	0.40014219145405017	SEQC	bootstrap	664.0
	0.4183787123157967	SEQC	bootstrap	665.0
	0.10116545400697552	SEQC	bootstrap	666.0
	0.11091865517336075	SEQC	bootstrap	667.0
	0.25221626362164384	SEQC	bootstrap	668.0
	0.21731336555166614	SEQC	bootstrap	669.0
	0.11842162678932056	SEQC	bootstrap	670.0
	0.2719011462075622	SEQC	bootstrap	671.0
	0.20658863249756054	SEQC	bootstrap	672.0
	0.2611444866657213	SEQC	bootstrap	673.0
	0.24696263964020648	SEQC	bootstrap	674.0
	0.29255318164518185	SEQC	bootstrap	675.0
	0.30137114671859777	SEQC	bootstrap	676.0
	0.39778350212340596	SEQC	bootstrap	677.0
	0.29717248397428664	SEQC	bootstrap	678.0
	0.338845382055351	SEQC	bootstrap	679.0
	0.3372808799830098	SEQC	bootstrap	680.0
	0.07718765402612382	SEQC	bootstrap	681.0
	0.2021830283725703	SEQC	bootstrap	682.0
	0.3264694119335747	SEQC	bootstrap	683.0
	0.23570203039587234	SEQC	bootstrap	684.0
	0.2894313600058327	SEQC	bootstrap	685.0
	0.10774557479770186	SEQC	bootstrap	686.0
	0.31886850152968105	SEQC	bootstrap	687.0
	0.35429128391326525	SEQC	bootstrap	688.0
	0.29696647859408465	SEQC	bootstrap	689.0
	0.25759557571769776	SEQC	bootstrap	690.0
	0.3761126003579518	SEQC	bootstrap	691.0
	0.26795371045301764	SEQC	bootstrap	692.0
	0.2383226288600353	SEQC	bootstrap	693.0
	0.42343336416960575	SEQC	bootstrap	694.0
	0.3880347036165257	SEQC	bootstrap	695.0
	0.31360556367759473	SEQC	bootstrap	696.0
	0.2696167069999058	SEQC	bootstrap	697.0
	0.20845394900159597	SEQC	bootstrap	698.0
	0.2485492480181315	SEQC	bootstrap	699.0
	0.382991751594834	SEQC	bootstrap	700.0
	0.5067795563731048	SEQC	bootstrap	701.0
	0.20269787518767446	SEQC	bootstrap	702.0
	0.3708725617437727	SEQC	bootstrap	703.0
	0.292242437784608	SEQC	bootstrap	704.0
	0.22388551364136644	SEQC	bootstrap	705.0
	0.31350570737958794	SEQC	bootstrap	706.0
	0.3963607874289399	SEQC	bootstrap	707.0
	0.17548989693691075	SEQC	bootstrap	708.0
	0.4265167020798266	SEQC	bootstrap	709.0
	0.31597103050424025	SEQC	bootstrap	710.0
	0.3737931551678213	SEQC	bootstrap	711.0
	0.15500483463008718	SEQC	bootstrap	712.0
	0.051300674873202556	SEQC	bootstrap	713.0
	0.14016555893024218	SEQC	bootstrap	714.0
	0.46406686242555173	SEQC	bootstrap	715.0
	0.2733484453898569	SEQC	bootstrap	716.0
	0.17484375043774492	SEQC	bootstrap	717.0
	0.16869109054842557	SEQC	bootstrap	718.0
	0.22319223490564477	SEQC	bootstrap	719.0
	0.32224230166024936	SEQC	bootstrap	720.0
	0.35114970795956824	SEQC	bootstrap	721.0
	0.4203769195405225	SEQC	bootstrap	722.0
	0.27354904836424865	SEQC	bootstrap	723.0
	0.18486586042508302	SEQC	bootstrap	724.0
	0.24239702740380675	SEQC	bootstrap	725.0
	0.538639717646352	SEQC	bootstrap	726.0
	0.3276068695944394	SEQC	bootstrap	727.0
	0.18442771215304354	SEQC	bootstrap	728.0
	0.12548722581854932	SEQC	bootstrap	729.0
	0.2347022653912645	SEQC	bootstrap	730.0
	0.20729708983673323	SEQC	bootstrap	731.0
	0.09469103713744742	SEQC	bootstrap	732.0
	0.13175985542152446	SEQC	bootstrap	733.0
	0.4784336101805171	SEQC	bootstrap	734.0
	0.4907907377188052	SEQC	bootstrap	735.0
	0.22951583288644528	SEQC	bootstrap	736.0
	0.23046770585388643	SEQC	bootstrap	737.0
	0.3225848205435513	SEQC	bootstrap	738.0
	0.33496555890208324	SEQC	bootstrap	739.0
	0.28009846073166234	SEQC	bootstrap	740.0
	0.2402122284500363	SEQC	bootstrap	741.0
	0.07435717533219499	SEQC	bootstrap	742.0
	0.20255438307799611	SEQC	bootstrap	743.0
	0.16217356464972577	SEQC	bootstrap	744.0
	0.3473924882648278	SEQC	bootstrap	745.0
	0.2835364420098654	SEQC	bootstrap	746.0
	0.34436800860715167	SEQC	bootstrap	747.0
	0.1899484080099052	SEQC	bootstrap	748.0
	0.34121012554608754	SEQC	bootstrap	749.0
	0.26483269496026596	SEQC	bootstrap	750.0
	0.31324233240196575	SEQC	bootstrap	751.0
	0.3460066639080748	SEQC	bootstrap	752.0
	0.18989546575747163	SEQC	bootstrap	753.0
	0.13346906314867368	SEQC	bootstrap	754.0
	0.03219303215365166	SEQC	bootstrap	755.0
	0.3841354003911581	SEQC	bootstrap	756.0
	0.17540903381395	SEQC	bootstrap	757.0
	0.3232223823380367	SEQC	bootstrap	758.0
	0.16710952967280823	SEQC	bootstrap	759.0
	0.29124765011608345	SEQC	bootstrap	760.0
	0.12306328040417025	SEQC	bootstrap	761.0
	0.3406776804967908	SEQC	bootstrap	762.0
	0.34039314800685183	SEQC	bootstrap	763.0
	0.28053276941001304	SEQC	bootstrap	764.0
	0.2364448958999188	SEQC	bootstrap	765.0
	0.21771493621135418	SEQC	bootstrap	766.0
	0.3114594953812895	SEQC	bootstrap	767.0
	0.14500335518947427	SEQC	bootstrap	768.0
	0.26387763103025996	SEQC	bootstrap	769.0
	0.28306534060530675	SEQC	bootstrap	770.0
	0.2592925616807973	SEQC	bootstrap	771.0
	0.3813548020083086	SEQC	bootstrap	772.0
	0.19472847744012256	SEQC	bootstrap	773.0
	0.0867595944603079	SEQC	bootstrap	774.0
	0.15326248585825963	SEQC	bootstrap	775.0
	0.4298474865430184	SEQC	bootstrap	776.0
	0.28055544791117804	SEQC	bootstrap	777.0
	0.20588252904683202	SEQC	bootstrap	778.0
	0.05302497182596744	SEQC	bootstrap	779.0
	0.38441275670785036	SEQC	bootstrap	780.0
	0.2609294926644026	SEQC	bootstrap	781.0
	0.2702577407168403	SEQC	bootstrap	782.0
	0.4506199039117278	SEQC	bootstrap	783.0
	0.45796413388327073	SEQC	bootstrap	784.0
	0.28660282151953753	SEQC	bootstrap	785.0
	0.33432462588059053	SEQC	bootstrap	786.0
	0.2660932652622967	SEQC	bootstrap	787.0
	0.10762970722453691	SEQC	bootstrap	788.0
	0.24641809580168594	SEQC	bootstrap	789.0
	0.27332019041193645	SEQC	bootstrap	790.0
	0.306445296648199	SEQC	bootstrap	791.0
	0.29006711184955325	SEQC	bootstrap	792.0
	0.24340428865553276	SEQC	bootstrap	793.0
	0.2638530878444234	SEQC	bootstrap	794.0
	0.39198941839537493	SEQC	bootstrap	795.0
	0.1995881958846928	SEQC	bootstrap	796.0
	0.3225482299060669	SEQC	bootstrap	797.0
	0.18041256828292163	SEQC	bootstrap	798.0
	0.23161765584485927	SEQC	bootstrap	799.0
	0.5093410367534803	SEQC	bootstrap	800.0
	0.3749352219746376	SEQC	bootstrap	801.0
	0.19712694276070986	SEQC	bootstrap	802.0
	0.513723997299564	SEQC	bootstrap	803.0
	0.1409292730441538	SEQC	bootstrap	804.0
	0.20123253469989688	SEQC	bootstrap	805.0
	0.17882131868450957	SEQC	bootstrap	806.0
	0.35430021401076006	SEQC	bootstrap	807.0
	0.3832182962249253	SEQC	bootstrap	808.0
	0.3174657291961944	SEQC	bootstrap	809.0
	0.20944672660544494	SEQC	bootstrap	810.0
	0.12303262605698784	SEQC	bootstrap	811.0
	0.29854130379191135	SEQC	bootstrap	812.0
	0.19916287082313833	SEQC	bootstrap	813.0
	0.25643806568281446	SEQC	bootstrap	814.0
	0.2641815142081647	SEQC	bootstrap	815.0
	0.29191487809455063	SEQC	bootstrap	816.0
	0.29257965359086446	SEQC	bootstrap	817.0
	0.10991397890236687	SEQC	bootstrap	818.0
	0.2679571045472193	SEQC	bootstrap	819.0
	0.3655240169259275	SEQC	bootstrap	820.0
	0.14558647003900216	SEQC	bootstrap	821.0
	0.3565883474927598	SEQC	bootstrap	822.0
	0.14326090561174798	SEQC	bootstrap	823.0
	0.2772540901453606	SEQC	bootstrap	824.0
	0.21657665856231878	SEQC	bootstrap	825.0
	0.29455602161854344	SEQC	bootstrap	826.0
	0.3253649480030676	SEQC	bootstrap	827.0
	0.24272142833487464	SEQC	bootstrap	828.0
	0.16613653418745988	SEQC	bootstrap	829.0
	0.2904631493129104	SEQC	bootstrap	830.0
	0.11481254829665	SEQC	bootstrap	831.0
	0.23392812514873595	SEQC	bootstrap	832.0
	0.3347569177488756	SEQC	bootstrap	833.0
	0.3147911309315248	SEQC	bootstrap	834.0
	0.29758063728284423	SEQC	bootstrap	835.0
	0.42611101973513454	SEQC	bootstrap	836.0
	0.2621259464127941	SEQC	bootstrap	837.0
	0.0587542003686532	SEQC	bootstrap	838.0
	0.34192927413316365	SEQC	bootstrap	839.0
	0.29847141062937244	SEQC	bootstrap	840.0
	0.2471767524925501	SEQC	bootstrap	841.0
	0.31803729176012663	SEQC	bootstrap	842.0
	0.30804608295039015	SEQC	bootstrap	843.0
	0.041900424196010366	SEQC	bootstrap	844.0
	0.2950494302504105	SEQC	bootstrap	845.0
	0.34643248448348896	SEQC	bootstrap	846.0
	0.2241068562913191	SEQC	bootstrap	847.0
	0.09575189539878215	SEQC	bootstrap	848.0
	0.3444240773415621	SEQC	bootstrap	849.0
	0.1758560007771015	SEQC	bootstrap	850.0
	0.31311394133581194	SEQC	bootstrap	851.0
	0.42975478855918237	SEQC	bootstrap	852.0
	0.30813071901280464	SEQC	bootstrap	853.0
	0.19333390320812205	SEQC	bootstrap	854.0
	0.41728914818367135	SEQC	bootstrap	855.0
	0.3583349948054684	SEQC	bootstrap	856.0
	0.3586410369662314	SEQC	bootstrap	857.0
	0.14503846538138587	SEQC	bootstrap	858.0
	0.4431092300680626	SEQC	bootstrap	859.0
	0.45275014041189676	SEQC	bootstrap	860.0
	0.2829164822992003	SEQC	bootstrap	861.0
	0.24954765217420505	SEQC	bootstrap	862.0
	0.24065559560565664	SEQC	bootstrap	863.0
	0.11015747497158346	SEQC	bootstrap	864.0
	0.2501545234047171	SEQC	bootstrap	865.0
	0.05328468574131451	SEQC	bootstrap	866.0
	0.41137489735177324	SEQC	bootstrap	867.0
	0.46517905794682735	SEQC	bootstrap	868.0
	0.4452032185934205	SEQC	bootstrap	869.0
	0.21533821792986219	SEQC	bootstrap	870.0
	0.37736326262897846	SEQC	bootstrap	871.0
	0.17696807643986068	SEQC	bootstrap	872.0
	0.3092623822522951	SEQC	bootstrap	873.0
	0.371263706255756	SEQC	bootstrap	874.0
	0.2813711263773575	SEQC	bootstrap	875.0
	0.3313735836437641	SEQC	bootstrap	876.0
	0.17226049316623415	SEQC	bootstrap	877.0
	0.2206743606644186	SEQC	bootstrap	878.0
	0.158438277596487	SEQC	bootstrap	879.0
	0.3131886583425736	SEQC	bootstrap	880.0
	0.1091961186536663	SEQC	bootstrap	881.0
	0.2309069023474115	SEQC	bootstrap	882.0
	0.26842774597819696	SEQC	bootstrap	883.0
	0.40265523718665586	SEQC	bootstrap	884.0
	0.21238164448203412	SEQC	bootstrap	885.0
	0.22001201332836162	SEQC	bootstrap	886.0
	0.2794655691594703	SEQC	bootstrap	887.0
	0.27003939206292626	SEQC	bootstrap	888.0
	0.5722233225133402	SEQC	bootstrap	889.0
	0.09716016521775428	SEQC	bootstrap	890.0
	0.395965949199208	SEQC	bootstrap	891.0
	0.26361816050129194	SEQC	bootstrap	892.0
	0.29638311746588775	SEQC	bootstrap	893.0
	0.34237283629046145	SEQC	bootstrap	894.0
	0.2211592793005055	SEQC	bootstrap	895.0
	0.41326040270600073	SEQC	bootstrap	896.0
	0.33474328673343834	SEQC	bootstrap	897.0
	0.23592755094535978	SEQC	bootstrap	898.0
	0.0021530922059880275	SEQC	bootstrap	899.0
	0.1841604633413314	SEQC	bootstrap	900.0
	0.13256351817953727	SEQC	bootstrap	901.0
	0.2838037636106878	SEQC	bootstrap	902.0
	0.24183352230631572	SEQC	bootstrap	903.0
	0.3318979346446369	SEQC	bootstrap	904.0
	0.41051798185776534	SEQC	bootstrap	905.0
	0.3241846293781214	SEQC	bootstrap	906.0
	0.29054270728488385	SEQC	bootstrap	907.0
	0.37683562524460923	SEQC	bootstrap	908.0
	0.10502901874072457	SEQC	bootstrap	909.0
	0.3503513393817035	SEQC	bootstrap	910.0
	0.039174723133223566	SEQC	bootstrap	911.0
	0.2805860523915218	SEQC	bootstrap	912.0
	0.39874559460604875	SEQC	bootstrap	913.0
	0.07495195281384426	SEQC	bootstrap	914.0
	0.057254759411213385	SEQC	bootstrap	915.0
	0.2931511186616387	SEQC	bootstrap	916.0
	0.2921679011238152	SEQC	bootstrap	917.0
	0.2076623707298233	SEQC	bootstrap	918.0
	0.1479312919778586	SEQC	bootstrap	919.0
	0.4772220280500217	SEQC	bootstrap	920.0
	0.2715081412408935	SEQC	bootstrap	921.0
	0.2159772291775388	SEQC	bootstrap	922.0
	0.2423879253015353	SEQC	bootstrap	923.0
	0.2736875362351485	SEQC	bootstrap	924.0
	0.24090151280571792	SEQC	bootstrap	925.0
	0.2040245447676492	SEQC	bootstrap	926.0
	0.3279257295287987	SEQC	bootstrap	927.0
	0.3005451432321702	SEQC	bootstrap	928.0
	0.25625406294994635	SEQC	bootstrap	929.0
	0.3787187788228463	SEQC	bootstrap	930.0
	0.33432580747815654	SEQC	bootstrap	931.0
	0.2897200341801911	SEQC	bootstrap	932.0
	0.28998217323614117	SEQC	bootstrap	933.0
	0.2948843736870348	SEQC	bootstrap	934.0
	0.14630495866895332	SEQC	bootstrap	935.0
	0.33304918705005093	SEQC	bootstrap	936.0
	0.4711537364710159	SEQC	bootstrap	937.0
	0.1445608082281078	SEQC	bootstrap	938.0
	0.221976342756542	SEQC	bootstrap	939.0
	0.3438707797046443	SEQC	bootstrap	940.0
	0.2473239742832356	SEQC	bootstrap	941.0
	0.371931528247579	SEQC	bootstrap	942.0
	0.26552565486534574	SEQC	bootstrap	943.0
	0.3778374748408302	SEQC	bootstrap	944.0
	0.29538857803704266	SEQC	bootstrap	945.0
	0.3366797117292779	SEQC	bootstrap	946.0
	0.041504460450826564	SEQC	bootstrap	947.0
	0.2479884981850149	SEQC	bootstrap	948.0
	0.15366245201860362	SEQC	bootstrap	949.0
	0.06880966024819912	SEQC	bootstrap	950.0
	0.20907272914570685	SEQC	bootstrap	951.0
	0.2869490206752081	SEQC	bootstrap	952.0
	0.2910399087205646	SEQC	bootstrap	953.0
	0.14569510409611697	SEQC	bootstrap	954.0
	0.05037865178011103	SEQC	bootstrap	955.0
	0.29697458731872706	SEQC	bootstrap	956.0
	0.2684182541015252	SEQC	bootstrap	957.0
	0.23685229263963015	SEQC	bootstrap	958.0
	0.30085988670776853	SEQC	bootstrap	959.0
	0.272114131286441	SEQC	bootstrap	960.0
	0.2200859461765443	SEQC	bootstrap	961.0
	0.40872471532262944	SEQC	bootstrap	962.0
	0.00819666024386434	SEQC	bootstrap	963.0
	0.01914892424004755	SEQC	bootstrap	964.0
	0.2356393008893094	SEQC	bootstrap	965.0
	0.12366216030875599	SEQC	bootstrap	966.0
	0.05021406866812228	SEQC	bootstrap	967.0
	0.27927265005217183	SEQC	bootstrap	968.0
	0.13402062864148823	SEQC	bootstrap	969.0
	0.4634175200367472	SEQC	bootstrap	970.0
	0.13947620878932332	SEQC	bootstrap	971.0
	0.28506923940319373	SEQC	bootstrap	972.0
	0.4465497820748965	SEQC	bootstrap	973.0
	0.3688902921384556	SEQC	bootstrap	974.0
	0.38115998862142764	SEQC	bootstrap	975.0
	0.3398053018761287	SEQC	bootstrap	976.0
	0.2385864196996903	SEQC	bootstrap	977.0
	0.258175746851502	SEQC	bootstrap	978.0
	0.20626070160022625	SEQC	bootstrap	979.0
	0.21861479056435273	SEQC	bootstrap	980.0
	0.2319116291321781	SEQC	bootstrap	981.0
	0.34242922868195924	SEQC	bootstrap	982.0
	0.2553932078407013	SEQC	bootstrap	983.0
	0.3215003935474514	SEQC	bootstrap	984.0
	0.20355977493889155	SEQC	bootstrap	985.0
	0.08134921144360652	SEQC	bootstrap	986.0
	0.4215631744664732	SEQC	bootstrap	987.0
	0.2593401064017926	SEQC	bootstrap	988.0
	0.3093325998697303	SEQC	bootstrap	989.0
	0.07832312896254834	SEQC	bootstrap	990.0
	0.3259460484242154	SEQC	bootstrap	991.0
	0.36427383517220946	SEQC	bootstrap	992.0
	0.3297524616821885	SEQC	bootstrap	993.0
	0.43344401723051185	SEQC	bootstrap	994.0
	0.24377289666901714	SEQC	bootstrap	995.0
	0.265804927348376	SEQC	bootstrap	996.0
	0.2922004060715966	SEQC	bootstrap	997.0
	0.2853573611028519	SEQC	bootstrap	998.0
	0.20497408954929197	SEQC	bootstrap	999.0
	0.06092123913141112	SEQC	bootstrap	1000.0
	0.26925300470200275	SEQC	bootstrap	1001.0
	0.4025613242459283	SEQC	bootstrap	1002.0
	-0.014940489056492812	SEQC	bootstrap	1003.0
	0.2686883867139036	SEQC	bootstrap	1004.0
	0.38618420397427045	SEQC	bootstrap	1005.0
	0.1409950510744511	SEQC	bootstrap	1006.0
	0.32313913192587895	SEQC	bootstrap	1007.0
	0.29280168021695285	SEQC	bootstrap	1008.0
	0.34291910938450654	SEQC	bootstrap	1009.0
	0.5414959281648395	SEQC	bootstrap	1010.0
	0.20457237113351168	SEQC	bootstrap	1011.0
	0.15527990600919983	SEQC	bootstrap	1012.0
	0.3549584774599821	SEQC	bootstrap	1013.0
	0.18558619087947736	SEQC	bootstrap	1014.0
	0.34641950890743134	SEQC	bootstrap	1015.0
	0.4450637404451161	SEQC	bootstrap	1016.0
	0.16904651161536366	SEQC	bootstrap	1017.0
	0.3526719862001899	SEQC	bootstrap	1018.0
	0.29303299065041966	SEQC	bootstrap	1019.0
	0.3538454243901934	SEQC	bootstrap	1020.0
	0.2642672351944473	SEQC	bootstrap	1021.0
	0.3029304248059801	SEQC	bootstrap	1022.0
	0.42397423858852745	SEQC	bootstrap	1023.0
	0.19256121924632685	SEQC	bootstrap	1024.0
	0.08048748578347054	SEQC	bootstrap	1025.0
	0.23996662996835605	SEQC	bootstrap	1026.0
	0.20526816390616487	SEQC	bootstrap	1027.0
	0.2953494227862117	SEQC	bootstrap	1028.0
	0.21938446654832777	SEQC	bootstrap	1029.0
	0.14875709098705592	SEQC	bootstrap	1030.0
	0.356765370724204	SEQC	bootstrap	1031.0
	0.2991355932088564	SEQC	bootstrap	1032.0
	0.17961323431865006	SEQC	bootstrap	1033.0
	0.13202092701988422	SEQC	bootstrap	1034.0
	0.3820948363427683	SEQC	bootstrap	1035.0
	0.42785528935563644	SEQC	bootstrap	1036.0
	0.0529453904791608	SEQC	bootstrap	1037.0
	0.40821672489692507	SEQC	bootstrap	1038.0
	0.3260918150097578	SEQC	bootstrap	1039.0
	0.16801701866698027	SEQC	bootstrap	1040.0
	0.2086061762262461	SEQC	bootstrap	1041.0
	0.1959548275502767	SEQC	bootstrap	1042.0
	0.22521840509795776	SEQC	bootstrap	1043.0
	0.15691857250227903	SEQC	bootstrap	1044.0
	0.056384625012210865	SEQC	bootstrap	1045.0
	0.24015910366899984	SEQC	bootstrap	1046.0
	0.2954520021122877	SEQC	bootstrap	1047.0
	0.2567950761290936	SEQC	bootstrap	1048.0
	0.31388690965110966	SEQC	bootstrap	1049.0
	0.2688135511029648	SEQC	bootstrap	1050.0
	0.22513575728604662	SEQC	bootstrap	1051.0
	0.4200741858226378	SEQC	bootstrap	1052.0
	0.24063344471253645	SEQC	bootstrap	1053.0
	0.24179612956869745	SEQC	bootstrap	1054.0
	0.1444025319814859	SEQC	bootstrap	1055.0
	0.19227255407587496	SEQC	bootstrap	1056.0
	0.3994875743230404	SEQC	bootstrap	1057.0
	0.2440311810096092	SEQC	bootstrap	1058.0
	0.21246967156679597	SEQC	bootstrap	1059.0
	0.2633654588550858	SEQC	bootstrap	1060.0
	0.3027372425945347	SEQC	bootstrap	1061.0
	0.1944593519992166	SEQC	bootstrap	1062.0
	0.21202900002226643	SEQC	bootstrap	1063.0
	0.15549914297764023	SEQC	bootstrap	1064.0
	0.20512900501073394	SEQC	bootstrap	1065.0
	0.26971694056147966	SEQC	bootstrap	1066.0
	0.06630149752647352	SEQC	bootstrap	1067.0
	0.24218983450839104	SEQC	bootstrap	1068.0
	0.2625847880527217	SEQC	bootstrap	1069.0
	0.1943179807759421	SEQC	bootstrap	1070.0
	0.14332964304548979	SEQC	bootstrap	1071.0
	0.387296924885673	SEQC	bootstrap	1072.0
	0.3039496910603634	SEQC	bootstrap	1073.0
	0.1956480967351686	SEQC	bootstrap	1074.0
	0.278809001296926	SEQC	bootstrap	1075.0
	0.3249662946877301	SEQC	bootstrap	1076.0
	0.3052541930195245	SEQC	bootstrap	1077.0
	0.26159979242502907	SEQC	bootstrap	1078.0
	0.2209510823120424	SEQC	bootstrap	1079.0
	0.35733883353430507	SEQC	bootstrap	1080.0
	0.43554451570996733	SEQC	bootstrap	1081.0
	0.17668053707162823	SEQC	bootstrap	1082.0
	0.3843150338446324	SEQC	bootstrap	1083.0
	0.4257963832486822	SEQC	bootstrap	1084.0
	0.25295369683260116	SEQC	bootstrap	1085.0
	0.344009391143556	SEQC	bootstrap	1086.0
	0.26056264140694907	SEQC	bootstrap	1087.0
	0.17200273846918002	SEQC	bootstrap	1088.0
	0.141864309743025	SEQC	bootstrap	1089.0
	0.17470156786544422	SEQC	bootstrap	1090.0
	0.16163044051802444	SEQC	bootstrap	1091.0
	0.42829314843448785	SEQC	bootstrap	1092.0
	0.07356086872970158	SEQC	bootstrap	1093.0
	0.2401010426441652	SEQC	bootstrap	1094.0
	0.19359157145017214	SEQC	bootstrap	1095.0
	0.0732617198799197	SEQC	bootstrap	1096.0
	0.09033051641010026	SEQC	bootstrap	1097.0
	0.46453013849334024	SEQC	bootstrap	1098.0
	0.3261155592947311	SEQC	bootstrap	1099.0
	0.19606809635445943	SEQC	bootstrap	1100.0
	0.27648091677013165	SEQC	bootstrap	1101.0
	0.4015792859566143	SEQC	bootstrap	1102.0
	0.13547589954958372	SEQC	bootstrap	1103.0
	0.2964163227033705	SEQC	bootstrap	1104.0
	0.44768306367224087	SEQC	bootstrap	1105.0
	0.4516534096526037	SEQC	bootstrap	1106.0
	0.10213098211849614	SEQC	bootstrap	1107.0
	0.19244203340296773	SEQC	bootstrap	1108.0
	0.267608788723253	SEQC	bootstrap	1109.0
	0.22604620394786146	SEQC	bootstrap	1110.0
	0.36778504884501073	SEQC	bootstrap	1111.0
	0.1479103004746638	SEQC	bootstrap	1112.0
	0.34128548894521904	SEQC	bootstrap	1113.0
	0.3943671991733204	SEQC	bootstrap	1114.0
	0.23969828360379752	SEQC	bootstrap	1115.0
	0.336968432882117	SEQC	bootstrap	1116.0
	0.27708576994368395	SEQC	bootstrap	1117.0
	0.017071349327959506	SEQC	bootstrap	1118.0
	0.2579597785914882	SEQC	bootstrap	1119.0
	0.08326744931975538	SEQC	bootstrap	1120.0
	0.24962887377487997	SEQC	bootstrap	1121.0
	0.24731897407269532	SEQC	bootstrap	1122.0
	0.1860369595145892	SEQC	bootstrap	1123.0
	0.5248683364533098	SEQC	bootstrap	1124.0
	0.14211815454828303	SEQC	bootstrap	1125.0
	-0.04206317879070243	SEQC	bootstrap	1126.0
	0.251556975675598	SEQC	bootstrap	1127.0
	0.2698045833974607	SEQC	bootstrap	1128.0
	0.16992138656308153	SEQC	bootstrap	1129.0
	0.3719308901578824	SEQC	bootstrap	1130.0
	0.1500920225642357	SEQC	bootstrap	1131.0
	0.3962261312244877	SEQC	bootstrap	1132.0
	0.21686024989274566	SEQC	bootstrap	1133.0
	0.3363958206982427	SEQC	bootstrap	1134.0
	0.4385348189056981	SEQC	bootstrap	1135.0
	0.4510734915551695	SEQC	bootstrap	1136.0
	0.3476368310719016	SEQC	bootstrap	1137.0
	0.27195921486691477	SEQC	bootstrap	1138.0
	0.24258861051590763	SEQC	bootstrap	1139.0
	0.2565286588859803	SEQC	bootstrap	1140.0
	0.1977607535820547	SEQC	bootstrap	1141.0
	0.32527523482824217	SEQC	bootstrap	1142.0
	0.34383603542127794	SEQC	bootstrap	1143.0
	0.3678499144910359	SEQC	bootstrap	1144.0
	0.25163375358171747	SEQC	bootstrap	1145.0
	0.43109817685321916	SEQC	bootstrap	1146.0
	0.35070449279792415	SEQC	bootstrap	1147.0
	0.24052515403565655	SEQC	bootstrap	1148.0
	0.34635663440074804	SEQC	bootstrap	1149.0
	0.2865502706298897	SEQC	bootstrap	1150.0
	0.25736450479644946	SEQC	bootstrap	1151.0
	0.311027972120427	SEQC	bootstrap	1152.0
	0.21707076257409508	SEQC	bootstrap	1153.0
	0.26698239576438887	SEQC	bootstrap	1154.0
	0.4524633312267876	SEQC	bootstrap	1155.0
	0.1293767655769158	SEQC	bootstrap	1156.0
	0.2712857853364592	SEQC	bootstrap	1157.0
	0.44451999341784276	SEQC	bootstrap	1158.0
	0.339919051702148	SEQC	bootstrap	1159.0
	0.1058087005080619	SEQC	bootstrap	1160.0
	0.4348890503053022	SEQC	bootstrap	1161.0
	0.15904873341350845	SEQC	bootstrap	1162.0
	0.3075044056113012	SEQC	bootstrap	1163.0
	0.295101030492368	SEQC	bootstrap	1164.0
	0.43355569086853096	SEQC	bootstrap	1165.0
	0.1803259355501372	SEQC	bootstrap	1166.0
	0.3407143440245184	SEQC	bootstrap	1167.0
	0.24944643769916341	SEQC	bootstrap	1168.0
	0.28991122902028854	SEQC	bootstrap	1169.0
	0.008724404447850276	SEQC	bootstrap	1170.0
	0.23270838377924896	SEQC	bootstrap	1171.0
	0.1445336768813994	SEQC	bootstrap	1172.0
	0.3241956032511677	SEQC	bootstrap	1173.0
	0.32120677209873527	SEQC	bootstrap	1174.0
	0.1478182411528688	SEQC	bootstrap	1175.0
	0.27803925982890787	SEQC	bootstrap	1176.0
	0.21901376058754884	SEQC	bootstrap	1177.0
	0.1799056548764022	SEQC	bootstrap	1178.0
	0.2672613363434482	SEQC	bootstrap	1179.0
	0.23051127348455003	SEQC	bootstrap	1180.0
	0.24499513357237657	SEQC	bootstrap	1181.0
	0.1335023983561281	SEQC	bootstrap	1182.0
	0.42353115482519543	SEQC	bootstrap	1183.0
	0.2929032363924233	SEQC	bootstrap	1184.0
	0.1318557307329038	SEQC	bootstrap	1185.0
	0.1375154287566578	SEQC	bootstrap	1186.0
	0.3040650508777296	SEQC	bootstrap	1187.0
	0.22512539696145506	SEQC	bootstrap	1188.0
	0.37656123713474177	SEQC	bootstrap	1189.0
	0.3529773487622361	SEQC	bootstrap	1190.0
	0.26899716147274555	SEQC	bootstrap	1191.0
	0.38647598748881506	SEQC	bootstrap	1192.0
	0.25698618016103314	SEQC	bootstrap	1193.0
	0.3578473514439704	SEQC	bootstrap	1194.0
	0.4060019986602934	SEQC	bootstrap	1195.0
	0.34011624986663636	SEQC	bootstrap	1196.0
	0.11298274801673713	SEQC	bootstrap	1197.0
	0.4680781655705957	SEQC	bootstrap	1198.0
	0.30154921179706573	SEQC	bootstrap	1199.0
	0.3157123771709007	SEQC	bootstrap	1200.0
	0.2500275309625315	SEQC	bootstrap	1201.0
	0.033852044632133094	SEQC	bootstrap	1202.0
	0.19338521567233746	SEQC	bootstrap	1203.0
	0.1571582157378919	SEQC	bootstrap	1204.0
	0.2818699977078767	SEQC	bootstrap	1205.0
	0.06635122296469342	SEQC	bootstrap	1206.0
	0.04221655098662547	SEQC	bootstrap	1207.0
	0.30763589171523753	SEQC	bootstrap	1208.0
	0.29140802262153587	SEQC	bootstrap	1209.0
	0.05177710336745012	SEQC	bootstrap	1210.0
	0.3413338131830246	SEQC	bootstrap	1211.0
	0.019377820333204454	SEQC	bootstrap	1212.0
	0.07622400238011107	SEQC	bootstrap	1213.0
	0.3024145075012674	SEQC	bootstrap	1214.0
	0.22027224687622748	SEQC	bootstrap	1215.0
	0.36651272216881337	SEQC	bootstrap	1216.0
	0.37031035528548184	SEQC	bootstrap	1217.0
	0.4034108144617181	SEQC	bootstrap	1218.0
	0.19762284287902698	SEQC	bootstrap	1219.0
	0.22258012628682433	SEQC	bootstrap	1220.0
	0.19962892931651144	SEQC	bootstrap	1221.0
	0.17918515014771197	SEQC	bootstrap	1222.0
	0.45467291214999506	SEQC	bootstrap	1223.0
	0.12941625353357145	SEQC	bootstrap	1224.0
	0.15268767338228395	SEQC	bootstrap	1225.0
	0.37731566073382883	SEQC	bootstrap	1226.0
	0.2699184608574914	SEQC	bootstrap	1227.0
	0.36039566835471737	SEQC	bootstrap	1228.0
	0.15961956267083277	SEQC	bootstrap	1229.0
	0.25843578415966695	SEQC	bootstrap	1230.0
	0.1393016399029099	SEQC	bootstrap	1231.0
	0.31799786574433897	SEQC	bootstrap	1232.0
	0.3227139952942295	SEQC	bootstrap	1233.0
	0.05394433789604225	SEQC	bootstrap	1234.0
	0.3271849624715011	SEQC	bootstrap	1235.0
	0.3889196352928308	SEQC	bootstrap	1236.0
	0.3149141476203674	SEQC	bootstrap	1237.0
	0.09232177535213326	SEQC	bootstrap	1238.0
	0.27295950628557986	SEQC	bootstrap	1239.0
	0.23201291782385614	SEQC	bootstrap	1240.0
	0.2549361324327051	SEQC	bootstrap	1241.0
	0.006450872177231393	SEQC	bootstrap	1242.0
	0.1780841208102535	SEQC	bootstrap	1243.0
	0.34666066510920546	SEQC	bootstrap	1244.0
	0.46361929022486903	SEQC	bootstrap	1245.0
	0.08250257176696252	SEQC	bootstrap	1246.0
	0.28280043865383897	SEQC	bootstrap	1247.0
	0.4706728481213198	SEQC	bootstrap	1248.0
	0.25426048702730286	SEQC	bootstrap	1249.0
	0.3028948990964535	SEQC	bootstrap	1250.0
	0.29985400794791195	SEQC	bootstrap	1251.0
	0.22174422676519034	SEQC	bootstrap	1252.0
	0.35210450934225923	SEQC	bootstrap	1253.0
	0.38550179457719036	SEQC	bootstrap	1254.0
	0.14748178454412209	SEQC	bootstrap	1255.0
	0.2852612560564811	SEQC	bootstrap	1256.0
	0.24867106679066975	SEQC	bootstrap	1257.0
	0.2144532205417451	SEQC	bootstrap	1258.0
	0.3705357875130759	SEQC	bootstrap	1259.0
	0.4311968434591198	SEQC	bootstrap	1260.0
	0.26395225684067025	SEQC	bootstrap	1261.0
	0.25364003311187	SEQC	bootstrap	1262.0
	0.15990029546212048	SEQC	bootstrap	1263.0
	0.2373660360847829	SEQC	bootstrap	1264.0
	0.36716794288268506	SEQC	bootstrap	1265.0
	0.3195130061628464	SEQC	bootstrap	1266.0
	0.375289109197138	SEQC	bootstrap	1267.0
	0.3219208452450695	SEQC	bootstrap	1268.0
	0.4540127310202693	SEQC	bootstrap	1269.0
	0.29485619770120053	SEQC	bootstrap	1270.0
	0.19585782938845897	SEQC	bootstrap	1271.0
	0.23143514871506365	SEQC	bootstrap	1272.0
	0.48626069673232886	SEQC	bootstrap	1273.0
	0.275047253198748	SEQC	bootstrap	1274.0
	0.29238254234777505	SEQC	bootstrap	1275.0
	0.25500987150247134	SEQC	bootstrap	1276.0
	0.2529684142089659	SEQC	bootstrap	1277.0
	0.2806436844697435	SEQC	bootstrap	1278.0
	0.27584974198318823	SEQC	bootstrap	1279.0
	0.30548080007341616	SEQC	bootstrap	1280.0
	0.4624986340592536	SEQC	bootstrap	1281.0
	0.25294109243890217	SEQC	bootstrap	1282.0
	0.10958237695141282	SEQC	bootstrap	1283.0
	0.18243108390225826	SEQC	bootstrap	1284.0
	0.27706828434267017	SEQC	bootstrap	1285.0
	0.1008574207339743	SEQC	bootstrap	1286.0
	0.3907637400780124	SEQC	bootstrap	1287.0
	0.1961681708554961	SEQC	bootstrap	1288.0
	0.3088002307199482	SEQC	bootstrap	1289.0
	0.301752864428801	SEQC	bootstrap	1290.0
	0.2623561273810848	SEQC	bootstrap	1291.0
	0.38058264051942725	SEQC	bootstrap	1292.0
	0.3797978285818875	SEQC	bootstrap	1293.0
	0.1442458259508581	SEQC	bootstrap	1294.0
	0.27051211025742283	SEQC	bootstrap	1295.0
	0.36948894596606907	SEQC	bootstrap	1296.0
	0.2326952911897111	SEQC	bootstrap	1297.0
	0.5176885628770269	SEQC	bootstrap	1298.0
	0.1611994460439945	SEQC	bootstrap	1299.0
	0.2291285188178298	SEQC	bootstrap	1300.0
	0.4585816371661875	SEQC	bootstrap	1301.0
	0.3709699848023913	SEQC	bootstrap	1302.0
	0.3163931912836344	SEQC	bootstrap	1303.0
	0.3623207862306064	SEQC	bootstrap	1304.0
	0.17600644190999049	SEQC	bootstrap	1305.0
	0.18322857585503716	SEQC	bootstrap	1306.0
	0.28632937768070876	SEQC	bootstrap	1307.0
	0.4832160973863293	SEQC	bootstrap	1308.0
	0.31873021645155486	SEQC	bootstrap	1309.0
	0.3410120945300523	SEQC	bootstrap	1310.0
	0.3055797827511859	SEQC	bootstrap	1311.0
	0.32889092358100624	SEQC	bootstrap	1312.0
	0.23032628459911875	SEQC	bootstrap	1313.0
	0.372928108850739	SEQC	bootstrap	1314.0
	0.4047481574632208	SEQC	bootstrap	1315.0
	0.13147780684992272	SEQC	bootstrap	1316.0
	0.23601513408842445	SEQC	bootstrap	1317.0
	0.2246972869403372	SEQC	bootstrap	1318.0
	0.15116353973120056	SEQC	bootstrap	1319.0
	0.3040781960177985	SEQC	bootstrap	1320.0
	0.26471752913776436	SEQC	bootstrap	1321.0
	0.36839719089587675	SEQC	bootstrap	1322.0
	0.4821128589376755	SEQC	bootstrap	1323.0
	0.34039968793653186	SEQC	bootstrap	1324.0
	0.26035117194925483	SEQC	bootstrap	1325.0
	0.3243102143710872	SEQC	bootstrap	1326.0
	0.2806885301235673	SEQC	bootstrap	1327.0
	0.23379686738991357	SEQC	bootstrap	1328.0
	0.2971773210509694	SEQC	bootstrap	1329.0
	0.18936990187532787	SEQC	bootstrap	1330.0
	0.26722254059576844	SEQC	bootstrap	1331.0
	0.3844886231617082	SEQC	bootstrap	1332.0
	0.22022100988201343	SEQC	bootstrap	1333.0
	0.37572137053013765	SEQC	bootstrap	1334.0
	0.14454430208036628	SEQC	bootstrap	1335.0
	0.18784201881767304	SEQC	bootstrap	1336.0
	0.36952771241844085	SEQC	bootstrap	1337.0
	0.18303622158926824	SEQC	bootstrap	1338.0
	0.2325911953377644	SEQC	bootstrap	1339.0
	-0.01944887817120744	SEQC	bootstrap	1340.0
	0.2451244846941143	SEQC	bootstrap	1341.0
	0.2584960390324338	SEQC	bootstrap	1342.0
	0.1223598310432572	SEQC	bootstrap	1343.0
	0.07399575007619319	SEQC	bootstrap	1344.0
	0.36196949978692494	SEQC	bootstrap	1345.0
	0.02929401145976218	SEQC	bootstrap	1346.0
	0.039204757732029805	SEQC	bootstrap	1347.0
	0.22350892415184243	SEQC	bootstrap	1348.0
	0.30827145848385307	SEQC	bootstrap	1349.0
	0.4041671701280194	SEQC	bootstrap	1350.0
	0.2320728419426783	SEQC	bootstrap	1351.0
	0.5421521853057194	SEQC	bootstrap	1352.0
	0.2061025752090524	SEQC	bootstrap	1353.0
	0.2817436935396782	SEQC	bootstrap	1354.0
	0.27485729426874217	SEQC	bootstrap	1355.0
	0.4234933727056043	SEQC	bootstrap	1356.0
	0.32042642799309373	SEQC	bootstrap	1357.0
	0.20502388151731354	SEQC	bootstrap	1358.0
	0.4143764464243791	SEQC	bootstrap	1359.0
	0.30453615061173345	SEQC	bootstrap	1360.0
	0.2899129941115315	SEQC	bootstrap	1361.0
	0.2866642524240013	SEQC	bootstrap	1362.0
	0.26283924931855784	SEQC	bootstrap	1363.0
	0.1871425742953865	SEQC	bootstrap	1364.0
	0.03211011498864069	SEQC	bootstrap	1365.0
	0.3380699507806386	SEQC	bootstrap	1366.0
	0.30325393250145805	SEQC	bootstrap	1367.0
	0.34108835984139185	SEQC	bootstrap	1368.0
	0.2677143474804442	SEQC	bootstrap	1369.0
	0.4740529912328624	SEQC	bootstrap	1370.0
	0.11563969188977241	SEQC	bootstrap	1371.0
	0.40025862789837685	SEQC	bootstrap	1372.0
	0.36979935892520643	SEQC	bootstrap	1373.0
	0.15700877778216293	SEQC	bootstrap	1374.0
	0.3333623883532404	SEQC	bootstrap	1375.0
	0.23667657716516555	SEQC	bootstrap	1376.0
	0.4761666848551176	SEQC	bootstrap	1377.0
	0.2640691338740422	SEQC	bootstrap	1378.0
	0.5135093359221865	SEQC	bootstrap	1379.0
	0.06168851158972233	SEQC	bootstrap	1380.0
	0.4377559697374678	SEQC	bootstrap	1381.0
	0.36148881551289413	SEQC	bootstrap	1382.0
	0.2715962732253039	SEQC	bootstrap	1383.0
	0.2355277727886147	SEQC	bootstrap	1384.0
	0.11559485639410472	SEQC	bootstrap	1385.0
	0.35576059416088857	SEQC	bootstrap	1386.0
	0.26958341181800893	SEQC	bootstrap	1387.0
	0.39910741167534614	SEQC	bootstrap	1388.0
	0.1811393331441331	SEQC	bootstrap	1389.0
	0.25558311676117995	SEQC	bootstrap	1390.0
	0.37592546890046963	SEQC	bootstrap	1391.0
	0.205690103850392	SEQC	bootstrap	1392.0
	0.2382352380255952	SEQC	bootstrap	1393.0
	0.15630883367755244	SEQC	bootstrap	1394.0
	0.2778247733038768	SEQC	bootstrap	1395.0
	0.08565956263010666	SEQC	bootstrap	1396.0
	0.35016275930400065	SEQC	bootstrap	1397.0
	0.11863549271928742	SEQC	bootstrap	1398.0
	0.36601796805819653	SEQC	bootstrap	1399.0
	0.05655557786433896	SEQC	bootstrap	1400.0
	0.26051054736845103	SEQC	bootstrap	1401.0
	0.3972460618533509	SEQC	bootstrap	1402.0
	0.20792251764701408	SEQC	bootstrap	1403.0
	0.43880088008772633	SEQC	bootstrap	1404.0
	0.36474096798891686	SEQC	bootstrap	1405.0
	0.2593068309506674	SEQC	bootstrap	1406.0
	0.30881991751742044	SEQC	bootstrap	1407.0
	0.24202407518156965	SEQC	bootstrap	1408.0
	0.1914616020481743	SEQC	bootstrap	1409.0
	0.310685998961135	SEQC	bootstrap	1410.0
	0.40333950144981046	SEQC	bootstrap	1411.0
	0.19004337293977214	SEQC	bootstrap	1412.0
	0.2929020032620495	SEQC	bootstrap	1413.0
	0.23097083056132206	SEQC	bootstrap	1414.0
	0.32932797246115797	SEQC	bootstrap	1415.0
	0.17376800118622215	SEQC	bootstrap	1416.0
	0.25612868802128386	SEQC	bootstrap	1417.0
	0.2617835629022358	SEQC	bootstrap	1418.0
	0.17483411862933496	SEQC	bootstrap	1419.0
	0.2571857866602638	SEQC	bootstrap	1420.0
	0.2684312386102805	SEQC	bootstrap	1421.0
	0.32315998589229533	SEQC	bootstrap	1422.0
	0.2888411544588285	SEQC	bootstrap	1423.0
	0.1583709406305429	SEQC	bootstrap	1424.0
	0.34295699938535007	SEQC	bootstrap	1425.0
	0.3164459954889174	SEQC	bootstrap	1426.0
	0.3722731921305962	SEQC	bootstrap	1427.0
	0.35434110211115266	SEQC	bootstrap	1428.0
	0.0854192753543428	SEQC	bootstrap	1429.0
	0.27963685401978466	SEQC	bootstrap	1430.0
	0.31644423063795424	SEQC	bootstrap	1431.0
	0.2872458260775539	SEQC	bootstrap	1432.0
	0.32566317255372823	SEQC	bootstrap	1433.0
	0.2622605604484445	SEQC	bootstrap	1434.0
	0.17074757854113853	SEQC	bootstrap	1435.0
	0.29807350064440197	SEQC	bootstrap	1436.0
	0.4833129857362888	SEQC	bootstrap	1437.0
	0.21521509771469116	SEQC	bootstrap	1438.0
	0.39595518197142177	SEQC	bootstrap	1439.0
	0.4623388108863571	SEQC	bootstrap	1440.0
	0.2846540433016176	SEQC	bootstrap	1441.0
	0.23425004780470893	SEQC	bootstrap	1442.0
	0.2192356317763693	SEQC	bootstrap	1443.0
	0.4316023295039204	SEQC	bootstrap	1444.0
	0.3768283623722941	SEQC	bootstrap	1445.0
	0.20092597417842128	SEQC	bootstrap	1446.0
	0.0666008776224225	SEQC	bootstrap	1447.0
	0.34826635103069803	SEQC	bootstrap	1448.0
	0.23592378294478822	SEQC	bootstrap	1449.0
	0.43448687612369996	SEQC	bootstrap	1450.0
	0.31507608319323	SEQC	bootstrap	1451.0
	0.05184517874655947	SEQC	bootstrap	1452.0
	0.2173896932192898	SEQC	bootstrap	1453.0
	0.4808045063252826	SEQC	bootstrap	1454.0
	0.5271365578208376	SEQC	bootstrap	1455.0
	0.38148531510139794	SEQC	bootstrap	1456.0
	0.25458259359573354	SEQC	bootstrap	1457.0
	0.3741876871705667	SEQC	bootstrap	1458.0
	0.43408461478973104	SEQC	bootstrap	1459.0
	0.20592777771474768	SEQC	bootstrap	1460.0
	0.3879699117839617	SEQC	bootstrap	1461.0
	0.4691634839325993	SEQC	bootstrap	1462.0
	0.2067954397439471	SEQC	bootstrap	1463.0
	0.2984512816412921	SEQC	bootstrap	1464.0
	0.2921764328935388	SEQC	bootstrap	1465.0
	0.24100340307328016	SEQC	bootstrap	1466.0
	0.3472481071395439	SEQC	bootstrap	1467.0
	0.3007401142562909	SEQC	bootstrap	1468.0
	0.3242888661834722	SEQC	bootstrap	1469.0
	0.2674227498284214	SEQC	bootstrap	1470.0
	0.08115185279148251	SEQC	bootstrap	1471.0
	0.1840822118758929	SEQC	bootstrap	1472.0
	0.14233267877126687	SEQC	bootstrap	1473.0
	0.14035854814069992	SEQC	bootstrap	1474.0
	0.1878214493712238	SEQC	bootstrap	1475.0
	0.24126522880329881	SEQC	bootstrap	1476.0
	0.2703258238688049	SEQC	bootstrap	1477.0
	0.1252932352976246	SEQC	bootstrap	1478.0
	0.26305892052985147	SEQC	bootstrap	1479.0
	0.27547221135102795	SEQC	bootstrap	1480.0
	0.3230621961699751	SEQC	bootstrap	1481.0
	0.28662631365737967	SEQC	bootstrap	1482.0
	0.28744560136681274	SEQC	bootstrap	1483.0
	0.2971280563606751	SEQC	bootstrap	1484.0
	0.16389154804429928	SEQC	bootstrap	1485.0
	0.4330631283513302	SEQC	bootstrap	1486.0
	0.20767324767513484	SEQC	bootstrap	1487.0
	0.23460845589885038	SEQC	bootstrap	1488.0
	0.32343042245741405	SEQC	bootstrap	1489.0
	0.3025203082325709	SEQC	bootstrap	1490.0
	0.30631484660074415	SEQC	bootstrap	1491.0
	0.28369393627923056	SEQC	bootstrap	1492.0
	0.2631607645647742	SEQC	bootstrap	1493.0
	0.2862394177980825	SEQC	bootstrap	1494.0
	0.1269688714367656	SEQC	bootstrap	1495.0
	0.3105747777888319	SEQC	bootstrap	1496.0
	0.1020853671841282	SEQC	bootstrap	1497.0
	0.4332834500515026	SEQC	bootstrap	1498.0
	0.2475196640846753	SEQC	bootstrap	1499.0
	0.17357640158016352	SEQC	bootstrap	1500.0
	0.34772955184869403	SEQC	bootstrap	1501.0
	0.09573947653879156	SEQC	bootstrap	1502.0
	0.24600480164545369	SEQC	bootstrap	1503.0
	0.22730730811448252	SEQC	bootstrap	1504.0
	0.30420335129179366	SEQC	bootstrap	1505.0
	0.2988641037418214	SEQC	bootstrap	1506.0
	0.2160418949726921	SEQC	bootstrap	1507.0
	0.10755131225902925	SEQC	bootstrap	1508.0
	0.32789253136336427	SEQC	bootstrap	1509.0
	0.31871649351553133	SEQC	bootstrap	1510.0
	0.0968394782498101	SEQC	bootstrap	1511.0
	0.03187555695574007	SEQC	bootstrap	1512.0
	0.2785645611398819	SEQC	bootstrap	1513.0
	0.043526922917631605	SEQC	bootstrap	1514.0
	0.4184927746111806	SEQC	bootstrap	1515.0
	-0.1341900494023167	SEQC	bootstrap	1516.0
	0.16105166543842442	SEQC	bootstrap	1517.0
	0.19099514587229116	SEQC	bootstrap	1518.0
	0.33835081622204033	SEQC	bootstrap	1519.0
	0.2678684100392732	SEQC	bootstrap	1520.0
	0.2758428726238189	SEQC	bootstrap	1521.0
	0.2813057769734253	SEQC	bootstrap	1522.0
	0.36075403641374626	SEQC	bootstrap	1523.0
	0.4105736255454917	SEQC	bootstrap	1524.0
	0.40906862370571684	SEQC	bootstrap	1525.0
	0.25878341801149984	SEQC	bootstrap	1526.0
	0.40591095579019054	SEQC	bootstrap	1527.0
	0.20061328231875963	SEQC	bootstrap	1528.0
	0.17050210039866753	SEQC	bootstrap	1529.0
	0.3500806496815194	SEQC	bootstrap	1530.0
	0.13585230003599502	SEQC	bootstrap	1531.0
	0.2785351382265242	SEQC	bootstrap	1532.0
	0.3601331477603247	SEQC	bootstrap	1533.0
	0.33563650572709847	SEQC	bootstrap	1534.0
	0.30803474350602844	SEQC	bootstrap	1535.0
	0.21124510268759655	SEQC	bootstrap	1536.0
	0.49855519933580883	SEQC	bootstrap	1537.0
	0.278417501816842	SEQC	bootstrap	1538.0
	0.18150272250547728	SEQC	bootstrap	1539.0
	0.31105622203002925	SEQC	bootstrap	1540.0
	0.33956661249212106	SEQC	bootstrap	1541.0
	0.4525073082014428	SEQC	bootstrap	1542.0
	0.501607223827329	SEQC	bootstrap	1543.0
	0.4888771580312725	SEQC	bootstrap	1544.0
	0.34747454396554556	SEQC	bootstrap	1545.0
	0.34055939940056046	SEQC	bootstrap	1546.0
	0.3420132806154821	SEQC	bootstrap	1547.0
	0.31951431337373615	SEQC	bootstrap	1548.0
	0.4470213040757316	SEQC	bootstrap	1549.0
	0.130104663543972	SEQC	bootstrap	1550.0
	0.38151766893647654	SEQC	bootstrap	1551.0
	0.332575138356618	SEQC	bootstrap	1552.0
	0.20062229975769075	SEQC	bootstrap	1553.0
	0.2907932083333278	SEQC	bootstrap	1554.0
	0.4322118217382638	SEQC	bootstrap	1555.0
	0.12568827876945665	SEQC	bootstrap	1556.0
	0.15977807318988502	SEQC	bootstrap	1557.0
	0.3320540030626735	SEQC	bootstrap	1558.0
	0.37486059776631375	SEQC	bootstrap	1559.0
	0.35352236192098996	SEQC	bootstrap	1560.0
	0.3849232219689198	SEQC	bootstrap	1561.0
	0.09781841904098387	SEQC	bootstrap	1562.0
	0.4089623956678219	SEQC	bootstrap	1563.0
	0.31215390375336316	SEQC	bootstrap	1564.0
	0.3019184125903127	SEQC	bootstrap	1565.0
	0.2532686864538234	SEQC	bootstrap	1566.0
	0.270874515423007	SEQC	bootstrap	1567.0
	0.13414378464390664	SEQC	bootstrap	1568.0
	0.25895783238349557	SEQC	bootstrap	1569.0
	0.3244321084527937	SEQC	bootstrap	1570.0
	0.1590332723299781	SEQC	bootstrap	1571.0
	0.19308395004293422	SEQC	bootstrap	1572.0
	0.2570145329062079	SEQC	bootstrap	1573.0
	0.35031461192289726	SEQC	bootstrap	1574.0
	0.4129902861453645	SEQC	bootstrap	1575.0
	0.18428791368056352	SEQC	bootstrap	1576.0
	0.22575486841496817	SEQC	bootstrap	1577.0
	0.18019579066554137	SEQC	bootstrap	1578.0
	0.29334857235080447	SEQC	bootstrap	1579.0
	0.5288962433723907	SEQC	bootstrap	1580.0
	0.3578481838019463	SEQC	bootstrap	1581.0
	0.2978856158956109	SEQC	bootstrap	1582.0
	0.2783241286557372	SEQC	bootstrap	1583.0
	0.02167207530773485	SEQC	bootstrap	1584.0
	0.18299121217085368	SEQC	bootstrap	1585.0
	0.1544004617288639	SEQC	bootstrap	1586.0
	0.18024255551804247	SEQC	bootstrap	1587.0
	0.15649751800243372	SEQC	bootstrap	1588.0
	0.3370188457519334	SEQC	bootstrap	1589.0
	0.38933239782093354	SEQC	bootstrap	1590.0
	0.3097661665877296	SEQC	bootstrap	1591.0
	0.26741541849221084	SEQC	bootstrap	1592.0
	0.098208137141925	SEQC	bootstrap	1593.0
	0.09722680603463241	SEQC	bootstrap	1594.0
	0.3365239764879231	SEQC	bootstrap	1595.0
	0.3565701519987976	SEQC	bootstrap	1596.0
	0.041719047177581015	SEQC	bootstrap	1597.0
	0.2588542673974956	SEQC	bootstrap	1598.0
	0.049023231780002785	SEQC	bootstrap	1599.0
	0.478096210108363	SEQC	bootstrap	1600.0
	0.3797164198335019	SEQC	bootstrap	1601.0
	0.3123932755620582	SEQC	bootstrap	1602.0
	0.2585938509243908	SEQC	bootstrap	1603.0
	0.4132076304088659	SEQC	bootstrap	1604.0
	0.23402942237536006	SEQC	bootstrap	1605.0
	0.31401916525568563	SEQC	bootstrap	1606.0
	0.2795142726696289	SEQC	bootstrap	1607.0
	0.31607884636827155	SEQC	bootstrap	1608.0
	0.32104913542625013	SEQC	bootstrap	1609.0
	0.20727479525277515	SEQC	bootstrap	1610.0
	0.33168762396233653	SEQC	bootstrap	1611.0
	0.3351567292324904	SEQC	bootstrap	1612.0
	0.4642380269185922	SEQC	bootstrap	1613.0
	0.18165158537250647	SEQC	bootstrap	1614.0
	0.15892986149047372	SEQC	bootstrap	1615.0
	0.20259558416812684	SEQC	bootstrap	1616.0
	0.22689680226340592	SEQC	bootstrap	1617.0
	0.45468225856493616	SEQC	bootstrap	1618.0
	0.40303278116095287	SEQC	bootstrap	1619.0
	0.1995110565740208	SEQC	bootstrap	1620.0
	0.32137952334448716	SEQC	bootstrap	1621.0
	0.5163039706571788	SEQC	bootstrap	1622.0
	0.3175632621089268	SEQC	bootstrap	1623.0
	0.27499646942859446	SEQC	bootstrap	1624.0
	0.33208967131040756	SEQC	bootstrap	1625.0
	0.3628330586041031	SEQC	bootstrap	1626.0
	0.10185827632324385	SEQC	bootstrap	1627.0
	0.4088916303936885	SEQC	bootstrap	1628.0
	0.23238393894866816	SEQC	bootstrap	1629.0
	0.4090290717415166	SEQC	bootstrap	1630.0
	0.3203835416997278	SEQC	bootstrap	1631.0
	0.13325341590658013	SEQC	bootstrap	1632.0
	0.44235083157338106	SEQC	bootstrap	1633.0
	0.13337252258053178	SEQC	bootstrap	1634.0
	0.22834161907045036	SEQC	bootstrap	1635.0
	0.05293822548134397	SEQC	bootstrap	1636.0
	0.3864841904069003	SEQC	bootstrap	1637.0
	0.334761455172341	SEQC	bootstrap	1638.0
	0.27200064412063485	SEQC	bootstrap	1639.0
	0.05028092407806639	SEQC	bootstrap	1640.0
	0.12599371746469856	SEQC	bootstrap	1641.0
	0.4499598770988893	SEQC	bootstrap	1642.0
	0.3697721659129716	SEQC	bootstrap	1643.0
	0.16957920859218012	SEQC	bootstrap	1644.0
	0.2539630571140279	SEQC	bootstrap	1645.0
	0.3962885824614504	SEQC	bootstrap	1646.0
	0.18846659984449632	SEQC	bootstrap	1647.0
	0.45241082923723663	SEQC	bootstrap	1648.0
	0.3953308969870215	SEQC	bootstrap	1649.0
	0.21577642787740325	SEQC	bootstrap	1650.0
	0.3320006866325955	SEQC	bootstrap	1651.0
	0.14128435880187995	SEQC	bootstrap	1652.0
	0.24229986839309792	SEQC	bootstrap	1653.0
	0.4820731294757592	SEQC	bootstrap	1654.0
	0.15094052846631323	SEQC	bootstrap	1655.0
	0.13058397282328027	SEQC	bootstrap	1656.0
	0.12444798650091204	SEQC	bootstrap	1657.0
	0.18328739322226717	SEQC	bootstrap	1658.0
	0.2514237850418466	SEQC	bootstrap	1659.0
	0.07511442877149355	SEQC	bootstrap	1660.0
	0.1388445878373159	SEQC	bootstrap	1661.0
	0.1203569709761596	SEQC	bootstrap	1662.0
	0.09701297556247823	SEQC	bootstrap	1663.0
	0.2595736723449944	SEQC	bootstrap	1664.0
	0.5172443679108696	SEQC	bootstrap	1665.0
	0.36858258019227064	SEQC	bootstrap	1666.0
	0.17306738981443726	SEQC	bootstrap	1667.0
	0.14018803912939592	SEQC	bootstrap	1668.0
	0.18028403867722176	SEQC	bootstrap	1669.0
	0.41714702956819094	SEQC	bootstrap	1670.0
	0.3578911513048526	SEQC	bootstrap	1671.0
	0.13097200071886705	SEQC	bootstrap	1672.0
	0.14624450883961426	SEQC	bootstrap	1673.0
	0.37204823722048186	SEQC	bootstrap	1674.0
	0.24722632373778897	SEQC	bootstrap	1675.0
	0.3963813629674675	SEQC	bootstrap	1676.0
	0.38639853737821106	SEQC	bootstrap	1677.0
	0.3861245458673972	SEQC	bootstrap	1678.0
	0.19150574319008307	SEQC	bootstrap	1679.0
	0.33464877865738973	SEQC	bootstrap	1680.0
	0.09958533321049146	SEQC	bootstrap	1681.0
	0.24748953067800494	SEQC	bootstrap	1682.0
	0.21594973075267676	SEQC	bootstrap	1683.0
	0.34549417382902936	SEQC	bootstrap	1684.0
	0.11465977040951714	SEQC	bootstrap	1685.0
	0.2886608660016736	SEQC	bootstrap	1686.0
	0.2691155763260831	SEQC	bootstrap	1687.0
	0.3335839625302093	SEQC	bootstrap	1688.0
	0.21701294964084905	SEQC	bootstrap	1689.0
	0.1679711751771671	SEQC	bootstrap	1690.0
	0.2499477203562548	SEQC	bootstrap	1691.0
	0.09473985327416212	SEQC	bootstrap	1692.0
	0.17271102056387244	SEQC	bootstrap	1693.0
	0.37395281994154006	SEQC	bootstrap	1694.0
	0.34944165128972315	SEQC	bootstrap	1695.0
	0.2609205933928438	SEQC	bootstrap	1696.0
	-0.006278916512741262	SEQC	bootstrap	1697.0
	0.1067643257356683	SEQC	bootstrap	1698.0
	0.20965454971960273	SEQC	bootstrap	1699.0
	0.4700778325409982	SEQC	bootstrap	1700.0
	0.345040560530669	SEQC	bootstrap	1701.0
	0.14183759728955359	SEQC	bootstrap	1702.0
	0.48961205472682945	SEQC	bootstrap	1703.0
	0.226436792448641	SEQC	bootstrap	1704.0
	0.5358333459364815	SEQC	bootstrap	1705.0
	0.25658318982339035	SEQC	bootstrap	1706.0
	0.20942777576977445	SEQC	bootstrap	1707.0
	0.3269644748477334	SEQC	bootstrap	1708.0
	0.34437346814902314	SEQC	bootstrap	1709.0
	0.4714355062725253	SEQC	bootstrap	1710.0
	0.4402076952461962	SEQC	bootstrap	1711.0
	0.267170044618815	SEQC	bootstrap	1712.0
	0.33024910199924573	SEQC	bootstrap	1713.0
	0.15733302535287086	SEQC	bootstrap	1714.0
	0.2701214468985973	SEQC	bootstrap	1715.0
	0.41093397232843243	SEQC	bootstrap	1716.0
	0.3358637589800382	SEQC	bootstrap	1717.0
	0.28757549442222796	SEQC	bootstrap	1718.0
	0.2771764143788831	SEQC	bootstrap	1719.0
	0.2645741738084628	SEQC	bootstrap	1720.0
	0.2157511500516871	SEQC	bootstrap	1721.0
	0.29080014317937053	SEQC	bootstrap	1722.0
	0.3527393799302114	SEQC	bootstrap	1723.0
	0.3339633194790723	SEQC	bootstrap	1724.0
	0.38767857702489383	SEQC	bootstrap	1725.0
	0.3911295262657264	SEQC	bootstrap	1726.0
	0.17342013951900492	SEQC	bootstrap	1727.0
	0.447456405105902	SEQC	bootstrap	1728.0
	0.13304695291746604	SEQC	bootstrap	1729.0
	0.3053232502131511	SEQC	bootstrap	1730.0
	0.07859187708074566	SEQC	bootstrap	1731.0
	0.19841541332302537	SEQC	bootstrap	1732.0
	0.13259100316694594	SEQC	bootstrap	1733.0
	0.2862706696434154	SEQC	bootstrap	1734.0
	0.18063393135607653	SEQC	bootstrap	1735.0
	0.22585960761616297	SEQC	bootstrap	1736.0
	0.2827991660665554	SEQC	bootstrap	1737.0
	0.24963763853549414	SEQC	bootstrap	1738.0
	0.2458097242264965	SEQC	bootstrap	1739.0
	0.39705021834641663	SEQC	bootstrap	1740.0
	0.2708642858800805	SEQC	bootstrap	1741.0
	0.056443875600353355	SEQC	bootstrap	1742.0
	0.322413086614155	SEQC	bootstrap	1743.0
	0.28287756341780534	SEQC	bootstrap	1744.0
	0.26252346982113606	SEQC	bootstrap	1745.0
	0.2722363959144407	SEQC	bootstrap	1746.0
	0.29546460044007805	SEQC	bootstrap	1747.0
	0.053514279776208706	SEQC	bootstrap	1748.0
	0.38698844905961094	SEQC	bootstrap	1749.0
	0.34151620597725474	SEQC	bootstrap	1750.0
	0.38192897513056767	SEQC	bootstrap	1751.0
	0.11152970448426247	SEQC	bootstrap	1752.0
	0.4465150370776101	SEQC	bootstrap	1753.0
	0.4606779426059848	SEQC	bootstrap	1754.0
	0.03730139440005287	SEQC	bootstrap	1755.0
	0.3606884620927815	SEQC	bootstrap	1756.0
	0.1815413104720709	SEQC	bootstrap	1757.0
	0.3161347607241347	SEQC	bootstrap	1758.0
	0.32174227969047786	SEQC	bootstrap	1759.0
	0.19917244790936284	SEQC	bootstrap	1760.0
	0.39440200651494717	SEQC	bootstrap	1761.0
	0.23822140045179463	SEQC	bootstrap	1762.0
	0.23041314635059074	SEQC	bootstrap	1763.0
	0.30798194460632855	SEQC	bootstrap	1764.0
	0.26796365649724585	SEQC	bootstrap	1765.0
	0.3227401005662518	SEQC	bootstrap	1766.0
	0.38542242420192663	SEQC	bootstrap	1767.0
	0.058263175150415236	SEQC	bootstrap	1768.0
	0.14302717300055479	SEQC	bootstrap	1769.0
	0.15565460775057982	SEQC	bootstrap	1770.0
	0.28521112125561965	SEQC	bootstrap	1771.0
	0.3608937562919783	SEQC	bootstrap	1772.0
	0.20616916940737973	SEQC	bootstrap	1773.0
	0.2933326872596811	SEQC	bootstrap	1774.0
	0.3176111941755191	SEQC	bootstrap	1775.0
	0.22653684837420318	SEQC	bootstrap	1776.0
	0.20416690069959653	SEQC	bootstrap	1777.0
	0.19236826482030445	SEQC	bootstrap	1778.0
	0.23362108238851675	SEQC	bootstrap	1779.0
	0.22897436970092633	SEQC	bootstrap	1780.0
	0.29437761108868976	SEQC	bootstrap	1781.0
	0.21538690339732902	SEQC	bootstrap	1782.0
	0.23958202076202761	SEQC	bootstrap	1783.0
	0.42633684436302	SEQC	bootstrap	1784.0
	0.2067027167236728	SEQC	bootstrap	1785.0
	0.18913281820964212	SEQC	bootstrap	1786.0
	0.38452540280964476	SEQC	bootstrap	1787.0
	0.48783482130236244	SEQC	bootstrap	1788.0
	0.3134490479298653	SEQC	bootstrap	1789.0
	0.2560603085947677	SEQC	bootstrap	1790.0
	0.16168323113177863	SEQC	bootstrap	1791.0
	0.2137673364473902	SEQC	bootstrap	1792.0
	0.2733504432931122	SEQC	bootstrap	1793.0
	0.1920648700354599	SEQC	bootstrap	1794.0
	0.36063888941229694	SEQC	bootstrap	1795.0
	0.29600781205121196	SEQC	bootstrap	1796.0
	0.15927313377130758	SEQC	bootstrap	1797.0
	0.33354050275136427	SEQC	bootstrap	1798.0
	0.3375151847387934	SEQC	bootstrap	1799.0
	0.46544784112174975	SEQC	bootstrap	1800.0
	0.2181572816476467	SEQC	bootstrap	1801.0
	0.38743979933026207	SEQC	bootstrap	1802.0
	0.3577001500737609	SEQC	bootstrap	1803.0
	0.35884600999895033	SEQC	bootstrap	1804.0
	0.16348337369885568	SEQC	bootstrap	1805.0
	0.35245969522934173	SEQC	bootstrap	1806.0
	0.13472801922247157	SEQC	bootstrap	1807.0
	0.15915074344263358	SEQC	bootstrap	1808.0
	0.18979863910728278	SEQC	bootstrap	1809.0
	0.2975781663877983	SEQC	bootstrap	1810.0
	0.3288619652263911	SEQC	bootstrap	1811.0
	0.2855144161659875	SEQC	bootstrap	1812.0
	0.3492930844537341	SEQC	bootstrap	1813.0
	0.3479205047434246	SEQC	bootstrap	1814.0
	0.5585752647399915	SEQC	bootstrap	1815.0
	0.32293901674087966	SEQC	bootstrap	1816.0
	0.446255846341026	SEQC	bootstrap	1817.0
	0.4622308917536322	SEQC	bootstrap	1818.0
	0.19351349079978197	SEQC	bootstrap	1819.0
	0.24852125353073262	SEQC	bootstrap	1820.0
	0.17453458015432322	SEQC	bootstrap	1821.0
	0.19802866635311478	SEQC	bootstrap	1822.0
	0.2751246793799824	SEQC	bootstrap	1823.0
	0.12716504645245097	SEQC	bootstrap	1824.0
	0.12849792644172542	SEQC	bootstrap	1825.0
	0.3312468245863758	SEQC	bootstrap	1826.0
	0.1403891480813697	SEQC	bootstrap	1827.0
	0.126775799633553	SEQC	bootstrap	1828.0
	0.23330376869988623	SEQC	bootstrap	1829.0
	0.128508124661316	SEQC	bootstrap	1830.0
	0.1398479324400541	SEQC	bootstrap	1831.0
	0.3771434591871854	SEQC	bootstrap	1832.0
	0.3348035687248627	SEQC	bootstrap	1833.0
	0.4272528345271711	SEQC	bootstrap	1834.0
	0.3505542169751741	SEQC	bootstrap	1835.0
	0.17070053160397736	SEQC	bootstrap	1836.0
	0.25131442599252374	SEQC	bootstrap	1837.0
	0.3498797009223309	SEQC	bootstrap	1838.0
	0.31106339986810694	SEQC	bootstrap	1839.0
	0.1374244501819395	SEQC	bootstrap	1840.0
	0.10829681970483751	SEQC	bootstrap	1841.0
	0.15232911775223323	SEQC	bootstrap	1842.0
	0.0426510948994836	SEQC	bootstrap	1843.0
	0.3098353740136912	SEQC	bootstrap	1844.0
	0.2866128376649342	SEQC	bootstrap	1845.0
	0.5198989668338796	SEQC	bootstrap	1846.0
	0.22536280453539392	SEQC	bootstrap	1847.0
	0.3284193303105085	SEQC	bootstrap	1848.0
	0.4233800358758555	SEQC	bootstrap	1849.0
	0.3044894381342429	SEQC	bootstrap	1850.0
	0.060026199145714276	SEQC	bootstrap	1851.0
	0.1772483926399553	SEQC	bootstrap	1852.0
	0.34779173573502886	SEQC	bootstrap	1853.0
	0.3148222776250389	SEQC	bootstrap	1854.0
	0.22237003993525262	SEQC	bootstrap	1855.0
	0.18543203624771198	SEQC	bootstrap	1856.0
	0.42234685946321004	SEQC	bootstrap	1857.0
	0.27691720156591204	SEQC	bootstrap	1858.0
	0.3714638030662307	SEQC	bootstrap	1859.0
	0.19076577992513277	SEQC	bootstrap	1860.0
	0.3001961871943668	SEQC	bootstrap	1861.0
	0.23127314670596366	SEQC	bootstrap	1862.0
	0.08812475936102704	SEQC	bootstrap	1863.0
	0.22281937367006277	SEQC	bootstrap	1864.0
	0.367324962102634	SEQC	bootstrap	1865.0
	0.29383605011067493	SEQC	bootstrap	1866.0
	0.2186021155779092	SEQC	bootstrap	1867.0
	0.3397309614726729	SEQC	bootstrap	1868.0
	0.3161285966562981	SEQC	bootstrap	1869.0
	0.475220403843724	SEQC	bootstrap	1870.0
	0.20313880983731947	SEQC	bootstrap	1871.0
	0.288325515996092	SEQC	bootstrap	1872.0
	0.13602489586514732	SEQC	bootstrap	1873.0
	0.21390305076363347	SEQC	bootstrap	1874.0
	0.2818773236404173	SEQC	bootstrap	1875.0
	0.25882052599763794	SEQC	bootstrap	1876.0
	0.1680398379107566	SEQC	bootstrap	1877.0
	0.21102083029703733	SEQC	bootstrap	1878.0
	0.3457124660159008	SEQC	bootstrap	1879.0
	0.2738386256059506	SEQC	bootstrap	1880.0
	0.423218125558817	SEQC	bootstrap	1881.0
	0.2661669740773984	SEQC	bootstrap	1882.0
	0.3132996102315677	SEQC	bootstrap	1883.0
	0.19649223009039973	SEQC	bootstrap	1884.0
	0.1931896123785255	SEQC	bootstrap	1885.0
	0.5842217851888849	SEQC	bootstrap	1886.0
	0.27080276366707734	SEQC	bootstrap	1887.0
	0.20227568114584216	SEQC	bootstrap	1888.0
	0.2330287498616488	SEQC	bootstrap	1889.0
	0.2438867225287975	SEQC	bootstrap	1890.0
	0.3888292973205889	SEQC	bootstrap	1891.0
	0.26558645388563784	SEQC	bootstrap	1892.0
	0.19411336615405705	SEQC	bootstrap	1893.0
	0.26088983140300614	SEQC	bootstrap	1894.0
	0.09112112551720397	SEQC	bootstrap	1895.0
	0.35912592342388194	SEQC	bootstrap	1896.0
	0.2972105458957284	SEQC	bootstrap	1897.0
	0.24943468986749062	SEQC	bootstrap	1898.0
	0.40968697722767766	SEQC	bootstrap	1899.0
	0.3314624816571978	SEQC	bootstrap	1900.0
	0.2637501086915366	SEQC	bootstrap	1901.0
	0.07450021260927198	SEQC	bootstrap	1902.0
	0.1855267868369661	SEQC	bootstrap	1903.0
	0.4484005011550338	SEQC	bootstrap	1904.0
	0.3186725515961144	SEQC	bootstrap	1905.0
	0.34762909358453253	SEQC	bootstrap	1906.0
	0.16311072087744405	SEQC	bootstrap	1907.0
	0.30425539359145537	SEQC	bootstrap	1908.0
	0.0933394056286625	SEQC	bootstrap	1909.0
	0.09824389317723847	SEQC	bootstrap	1910.0
	0.48223751229980794	SEQC	bootstrap	1911.0
	0.4956395031577219	SEQC	bootstrap	1912.0
	0.4271105011555725	SEQC	bootstrap	1913.0
	0.3336908994304144	SEQC	bootstrap	1914.0
	0.2663300314183119	SEQC	bootstrap	1915.0
	0.14386563745414627	SEQC	bootstrap	1916.0
	0.3714789938921843	SEQC	bootstrap	1917.0
	0.1440670765951153	SEQC	bootstrap	1918.0
	0.29838317507149803	SEQC	bootstrap	1919.0
	0.3708115049287568	SEQC	bootstrap	1920.0
	0.4186192284093506	SEQC	bootstrap	1921.0
	0.3542684683734292	SEQC	bootstrap	1922.0
	0.40778042226494726	SEQC	bootstrap	1923.0
	0.2772801781403813	SEQC	bootstrap	1924.0
	0.27102857183647533	SEQC	bootstrap	1925.0
	0.29250598460944177	SEQC	bootstrap	1926.0
	0.2703026493492122	SEQC	bootstrap	1927.0
	0.03766839150429302	SEQC	bootstrap	1928.0
	0.3324476208727498	SEQC	bootstrap	1929.0
	0.27133409117927654	SEQC	bootstrap	1930.0
	0.30424165306946094	SEQC	bootstrap	1931.0
	0.2574299621871501	SEQC	bootstrap	1932.0
	0.2645885306852187	SEQC	bootstrap	1933.0
	0.21531209648372496	SEQC	bootstrap	1934.0
	0.32298915242013226	SEQC	bootstrap	1935.0
	0.3212033225743358	SEQC	bootstrap	1936.0
	0.4111964170719302	SEQC	bootstrap	1937.0
	0.3793093535982375	SEQC	bootstrap	1938.0
	0.20943645363951946	SEQC	bootstrap	1939.0
	0.19137852288550183	SEQC	bootstrap	1940.0
	0.18750689409449706	SEQC	bootstrap	1941.0
	0.342734265648613	SEQC	bootstrap	1942.0
	0.12394207365721988	SEQC	bootstrap	1943.0
	0.3691118416479142	SEQC	bootstrap	1944.0
	0.155384078233348	SEQC	bootstrap	1945.0
	0.22202499785627916	SEQC	bootstrap	1946.0
	0.29760824913586115	SEQC	bootstrap	1947.0
	0.18373635038946645	SEQC	bootstrap	1948.0
	0.32819415512141115	SEQC	bootstrap	1949.0
	0.20714392021944095	SEQC	bootstrap	1950.0
	0.27823962544605285	SEQC	bootstrap	1951.0
	0.24640144421259613	SEQC	bootstrap	1952.0
	0.4955030756957597	SEQC	bootstrap	1953.0
	0.29982083011157634	SEQC	bootstrap	1954.0
	0.3420195633447456	SEQC	bootstrap	1955.0
	0.2664880103942915	SEQC	bootstrap	1956.0
	0.032871211118342014	SEQC	bootstrap	1957.0
	0.24919870385511	SEQC	bootstrap	1958.0
	0.33190377578670915	SEQC	bootstrap	1959.0
	0.4364265528286486	SEQC	bootstrap	1960.0
	0.5134992417517181	SEQC	bootstrap	1961.0
	0.23425018480371484	SEQC	bootstrap	1962.0
	0.23886473054215251	SEQC	bootstrap	1963.0
	0.18801475684460422	SEQC	bootstrap	1964.0
	0.47558454277134476	SEQC	bootstrap	1965.0
	0.2570404717960142	SEQC	bootstrap	1966.0
	0.4087008553594016	SEQC	bootstrap	1967.0
	0.3246030727630993	SEQC	bootstrap	1968.0
	0.2774313014501817	SEQC	bootstrap	1969.0
	0.3024692627242498	SEQC	bootstrap	1970.0
	0.44646875488901516	SEQC	bootstrap	1971.0
	0.23898036577903659	SEQC	bootstrap	1972.0
	0.43788747900404923	SEQC	bootstrap	1973.0
	0.2956645829159461	SEQC	bootstrap	1974.0
	0.3174021728711822	SEQC	bootstrap	1975.0
	0.1304215001282114	SEQC	bootstrap	1976.0
	0.2917510042834328	SEQC	bootstrap	1977.0
	0.43046518721882787	SEQC	bootstrap	1978.0
	0.28082141333208543	SEQC	bootstrap	1979.0
	0.16689583196546032	SEQC	bootstrap	1980.0
	0.14266254124130517	SEQC	bootstrap	1981.0
	0.18358182058807593	SEQC	bootstrap	1982.0
	0.25893659974653405	SEQC	bootstrap	1983.0
	0.33151647646114046	SEQC	bootstrap	1984.0
	0.2609743948515666	SEQC	bootstrap	1985.0
	0.20044433107558124	SEQC	bootstrap	1986.0
	0.2743229395910909	SEQC	bootstrap	1987.0
	0.3331424308187736	SEQC	bootstrap	1988.0
	0.12691067441065496	SEQC	bootstrap	1989.0
	0.30990695408766245	SEQC	bootstrap	1990.0
	0.18603873767945345	SEQC	bootstrap	1991.0
	0.18939759692846625	SEQC	bootstrap	1992.0
	0.2722466203923952	SEQC	bootstrap	1993.0
	0.16299407557394385	SEQC	bootstrap	1994.0
	0.1833093603245084	SEQC	bootstrap	1995.0
	0.23580370605757395	SEQC	bootstrap	1996.0
	0.25163504341163145	SEQC	bootstrap	1997.0
	0.2906562957553134	SEQC	bootstrap	1998.0
	0.35685657985113384	SEQC	bootstrap	1999.0
	0.26123617972039836	SEQC	bootstrap	2000.0
1.0	-0.18954800814337514	Kocak	permutation	
2.0	-0.08288049463061231	Kocak	permutation	
3.0	-0.18545097342938277	Kocak	permutation	
4.0	-0.10326821934147379	Kocak	permutation	
5.0	-0.21142069982717082	Kocak	permutation	
6.0	0.05830962152621311	Kocak	permutation	
7.0	0.01657154763957136	Kocak	permutation	
8.0	0.3145201635569479	Kocak	permutation	
9.0	0.1458769791573955	Kocak	permutation	
10.0	-0.16496871745009134	Kocak	permutation	
11.0	0.03780876117159515	Kocak	permutation	
12.0	-0.053938203536647134	Kocak	permutation	
13.0	0.0707892124125804	Kocak	permutation	
14.0	-0.10991593152148926	Kocak	permutation	
15.0	-0.1714738288164135	Kocak	permutation	
16.0	0.22677956723351267	Kocak	permutation	
17.0	-0.0246997958397297	Kocak	permutation	
18.0	-0.143364483099361	Kocak	permutation	
19.0	0.027974070322699163	Kocak	permutation	
20.0	0.20290715373711876	Kocak	permutation	
21.0	0.1385202844630551	Kocak	permutation	
22.0	0.2684953708349527	Kocak	permutation	
23.0	0.044007319149566015	Kocak	permutation	
24.0	0.0953809091069906	Kocak	permutation	
25.0	0.24761619735941753	Kocak	permutation	
26.0	-0.07922300855351994	Kocak	permutation	
27.0	0.02320200046582066	Kocak	permutation	
28.0	0.20990612643949236	Kocak	permutation	
29.0	-0.012686485958930405	Kocak	permutation	
30.0	0.12873315478492664	Kocak	permutation	
31.0	-0.15552130621321014	Kocak	permutation	
32.0	0.13227929897391144	Kocak	permutation	
33.0	-0.013174166718791902	Kocak	permutation	
34.0	-0.09512111841501092	Kocak	permutation	
35.0	-0.06897210656517538	Kocak	permutation	
36.0	0.15022580112408868	Kocak	permutation	
37.0	0.15300938121654273	Kocak	permutation	
38.0	0.03430413357731554	Kocak	permutation	
39.0	0.043867761287569085	Kocak	permutation	
40.0	0.22992214113214748	Kocak	permutation	
41.0	-0.014267488237481363	Kocak	permutation	
42.0	0.0632925030146434	Kocak	permutation	
43.0	0.3051592122137574	Kocak	permutation	
44.0	-0.12604017239487675	Kocak	permutation	
45.0	0.13874929792694957	Kocak	permutation	
46.0	-0.04704699967915138	Kocak	permutation	
47.0	0.009531461125707352	Kocak	permutation	
48.0	0.21808224364959328	Kocak	permutation	
49.0	0.028640831137670464	Kocak	permutation	
50.0	-0.02345330106841681	Kocak	permutation	
51.0	-0.017703561433246584	Kocak	permutation	
52.0	-0.09009824027923186	Kocak	permutation	
53.0	-0.13365679314561296	Kocak	permutation	
54.0	-0.08927240537709835	Kocak	permutation	
55.0	-0.1641641703927066	Kocak	permutation	
56.0	-0.22551510846877543	Kocak	permutation	
57.0	0.18014809984522895	Kocak	permutation	
58.0	-0.06348485555802963	Kocak	permutation	
59.0	0.15989924840874492	Kocak	permutation	
60.0	-0.006624625995230726	Kocak	permutation	
61.0	0.10489093992635112	Kocak	permutation	
62.0	0.1726924559645049	Kocak	permutation	
63.0	-0.23710711468267043	Kocak	permutation	
64.0	0.005787619730564408	Kocak	permutation	
65.0	0.10870861430071033	Kocak	permutation	
66.0	0.02560591592568029	Kocak	permutation	
67.0	-0.07317610940157016	Kocak	permutation	
68.0	-0.07522246402644805	Kocak	permutation	
69.0	0.1458699501357108	Kocak	permutation	
70.0	-0.04111672566664515	Kocak	permutation	
71.0	-0.17698884508912194	Kocak	permutation	
72.0	0.12745599202331492	Kocak	permutation	
73.0	0.01312568893404098	Kocak	permutation	
74.0	0.03302008395072731	Kocak	permutation	
75.0	-0.04834576648065125	Kocak	permutation	
76.0	-0.03546390165804558	Kocak	permutation	
77.0	-0.09096578314499526	Kocak	permutation	
78.0	-0.06206132187351665	Kocak	permutation	
79.0	0.051616302159989136	Kocak	permutation	
80.0	-0.2645318752987622	Kocak	permutation	
81.0	-0.09900643251434404	Kocak	permutation	
82.0	0.01661685598213003	Kocak	permutation	
83.0	-0.1195943244588551	Kocak	permutation	
84.0	0.15033323580488744	Kocak	permutation	
85.0	0.029745371726635828	Kocak	permutation	
86.0	0.2991428396194191	Kocak	permutation	
87.0	-0.02182302988373097	Kocak	permutation	
88.0	0.10660636791835154	Kocak	permutation	
89.0	-0.00028174167206751477	Kocak	permutation	
90.0	0.1488222787631095	Kocak	permutation	
91.0	0.10380376466639829	Kocak	permutation	
92.0	0.1373445029635958	Kocak	permutation	
93.0	-0.0923821304602157	Kocak	permutation	
94.0	0.11763491369210444	Kocak	permutation	
95.0	0.13275894997979032	Kocak	permutation	
96.0	0.004972462319963622	Kocak	permutation	
97.0	0.2658345235754789	Kocak	permutation	
98.0	-0.04828654200236837	Kocak	permutation	
99.0	-0.23425383056395788	Kocak	permutation	
100.0	0.09684523663252653	Kocak	permutation	
101.0	0.028019357215208096	Kocak	permutation	
102.0	0.08718739329246272	Kocak	permutation	
103.0	0.033467778030334294	Kocak	permutation	
104.0	-0.11177722706963555	Kocak	permutation	
105.0	0.2176292506664832	Kocak	permutation	
106.0	0.12177479942156655	Kocak	permutation	
107.0	-0.03053918330969463	Kocak	permutation	
108.0	0.0931518672236411	Kocak	permutation	
109.0	0.16470069644154295	Kocak	permutation	
110.0	0.0013661529178015108	Kocak	permutation	
111.0	-0.002354933910221124	Kocak	permutation	
112.0	-0.02481776459302454	Kocak	permutation	
113.0	-0.06163253146374936	Kocak	permutation	
114.0	-0.1357425755247581	Kocak	permutation	
115.0	0.005059611528665187	Kocak	permutation	
116.0	0.09713799963966929	Kocak	permutation	
117.0	0.005419949362249543	Kocak	permutation	
118.0	0.09740719824636557	Kocak	permutation	
119.0	0.08515972529003868	Kocak	permutation	
120.0	0.11742454923933643	Kocak	permutation	
121.0	0.028646949360478846	Kocak	permutation	
122.0	0.02947712858097029	Kocak	permutation	
123.0	-0.0993591206273905	Kocak	permutation	
124.0	-0.022371380323306322	Kocak	permutation	
125.0	0.06030947746981852	Kocak	permutation	
126.0	0.0745362934338405	Kocak	permutation	
127.0	-0.12649983528809772	Kocak	permutation	
128.0	0.15709550432209074	Kocak	permutation	
129.0	0.03036655772241259	Kocak	permutation	
130.0	-0.1535160808285223	Kocak	permutation	
131.0	0.11796723769397932	Kocak	permutation	
132.0	0.16444026247442078	Kocak	permutation	
133.0	0.013426655717869274	Kocak	permutation	
134.0	0.05720917666434744	Kocak	permutation	
135.0	-0.05795370712195025	Kocak	permutation	
136.0	-0.014666091108817891	Kocak	permutation	
137.0	0.030515251609786187	Kocak	permutation	
138.0	0.2468540154494807	Kocak	permutation	
139.0	-0.17531605010142526	Kocak	permutation	
140.0	-0.15580688788305563	Kocak	permutation	
141.0	-0.08416812579598076	Kocak	permutation	
142.0	-0.16156562801859975	Kocak	permutation	
143.0	-0.08591011731932285	Kocak	permutation	
144.0	-0.00465673855438542	Kocak	permutation	
145.0	-0.10957896917485588	Kocak	permutation	
146.0	-0.18125251233281858	Kocak	permutation	
147.0	-0.019374642004571285	Kocak	permutation	
148.0	-0.1264075632410644	Kocak	permutation	
149.0	0.01741705234448565	Kocak	permutation	
150.0	0.189992309356378	Kocak	permutation	
151.0	0.05484763900261269	Kocak	permutation	
152.0	0.19215097990069463	Kocak	permutation	
153.0	-0.07421236431317446	Kocak	permutation	
154.0	-0.22951843620939494	Kocak	permutation	
155.0	0.07690642062778963	Kocak	permutation	
156.0	0.06529651837454553	Kocak	permutation	
157.0	-0.11464729013872965	Kocak	permutation	
158.0	0.17684006526216578	Kocak	permutation	
159.0	-0.23563911844636687	Kocak	permutation	
160.0	-0.004422151263076657	Kocak	permutation	
161.0	-0.07831075291884826	Kocak	permutation	
162.0	0.1364932154639873	Kocak	permutation	
163.0	-0.11959591352992716	Kocak	permutation	
164.0	-0.1486458315372059	Kocak	permutation	
165.0	0.17349391662509595	Kocak	permutation	
166.0	0.06817796281017374	Kocak	permutation	
167.0	-0.038529487787863914	Kocak	permutation	
168.0	-0.04538994146864761	Kocak	permutation	
169.0	0.006554709127855496	Kocak	permutation	
170.0	0.026014050800816424	Kocak	permutation	
171.0	0.030430720229662533	Kocak	permutation	
172.0	0.19283222974637892	Kocak	permutation	
173.0	0.186035998603022	Kocak	permutation	
174.0	-0.10375608933990099	Kocak	permutation	
175.0	-0.10189022524642644	Kocak	permutation	
176.0	-0.036180072605115576	Kocak	permutation	
177.0	-0.161873454076372	Kocak	permutation	
178.0	0.010342438803195186	Kocak	permutation	
179.0	0.12544871353189002	Kocak	permutation	
180.0	0.4003133808200916	Kocak	permutation	
181.0	-0.01882261421875553	Kocak	permutation	
182.0	0.19147900921035266	Kocak	permutation	
183.0	0.1516712174490915	Kocak	permutation	
184.0	0.20697469216141906	Kocak	permutation	
185.0	-0.020339745554548205	Kocak	permutation	
186.0	-0.020961507381589417	Kocak	permutation	
187.0	0.25674458716312776	Kocak	permutation	
188.0	-0.1439045368638041	Kocak	permutation	
189.0	-0.015124590620946066	Kocak	permutation	
190.0	-0.006102687820914721	Kocak	permutation	
191.0	0.1168988021332713	Kocak	permutation	
192.0	-0.18807243732767764	Kocak	permutation	
193.0	-0.1507160383775088	Kocak	permutation	
194.0	-0.021449272102642247	Kocak	permutation	
195.0	0.05455081678132734	Kocak	permutation	
196.0	0.1319940029690363	Kocak	permutation	
197.0	-0.27881548131572176	Kocak	permutation	
198.0	0.110000508328147	Kocak	permutation	
199.0	0.0024906751323592324	Kocak	permutation	
200.0	0.11889421506811004	Kocak	permutation	
201.0	0.05565031041372759	Kocak	permutation	
202.0	0.08493710775697894	Kocak	permutation	
203.0	0.5023342166018958	Kocak	permutation	
204.0	-0.005771705988441234	Kocak	permutation	
205.0	0.18363355044971286	Kocak	permutation	
206.0	0.2362685172876322	Kocak	permutation	
207.0	-0.014735248034226878	Kocak	permutation	
208.0	0.01927904225992183	Kocak	permutation	
209.0	0.03372609949450167	Kocak	permutation	
210.0	0.046774479169566785	Kocak	permutation	
211.0	0.03144538742148484	Kocak	permutation	
212.0	-0.06671794644568552	Kocak	permutation	
213.0	0.10010940822039949	Kocak	permutation	
214.0	-0.13486467275918113	Kocak	permutation	
215.0	0.0488381164590983	Kocak	permutation	
216.0	-0.07717654001087793	Kocak	permutation	
217.0	-0.17305441485964002	Kocak	permutation	
218.0	0.11824435247138654	Kocak	permutation	
219.0	0.02332562469939825	Kocak	permutation	
220.0	0.030638481265656825	Kocak	permutation	
221.0	-0.037216910549253246	Kocak	permutation	
222.0	-0.09779621182660048	Kocak	permutation	
223.0	0.20728355981075408	Kocak	permutation	
224.0	-0.00909167684246004	Kocak	permutation	
225.0	0.005452634299380588	Kocak	permutation	
226.0	-0.028162038030580927	Kocak	permutation	
227.0	-0.1330362532202507	Kocak	permutation	
228.0	0.1179038170927269	Kocak	permutation	
229.0	-0.17166958757778694	Kocak	permutation	
230.0	-0.2339465420283191	Kocak	permutation	
231.0	-0.12199623468737908	Kocak	permutation	
232.0	0.0032139827696657797	Kocak	permutation	
233.0	0.2725798787947564	Kocak	permutation	
234.0	0.04332625209831065	Kocak	permutation	
235.0	0.09307167316948783	Kocak	permutation	
236.0	-0.01356257772442726	Kocak	permutation	
237.0	0.15267968667760945	Kocak	permutation	
238.0	0.017571239521215976	Kocak	permutation	
239.0	-0.10590339400081605	Kocak	permutation	
240.0	-0.04000201990483143	Kocak	permutation	
241.0	0.19897876764281497	Kocak	permutation	
242.0	-0.020383870506170965	Kocak	permutation	
243.0	-0.010721472150995393	Kocak	permutation	
244.0	-0.20284853011818926	Kocak	permutation	
245.0	0.16060046142217965	Kocak	permutation	
246.0	-0.058136811762084406	Kocak	permutation	
247.0	0.04206716603174021	Kocak	permutation	
248.0	-0.1936210439786481	Kocak	permutation	
249.0	0.12178863206539425	Kocak	permutation	
250.0	-0.046333181410195934	Kocak	permutation	
251.0	0.1911161579394971	Kocak	permutation	
252.0	0.004339201468062104	Kocak	permutation	
253.0	-0.04439266257951324	Kocak	permutation	
254.0	-0.007390984933892675	Kocak	permutation	
255.0	0.026868344813987477	Kocak	permutation	
256.0	0.14526268794074682	Kocak	permutation	
257.0	-0.05789361163543605	Kocak	permutation	
258.0	-0.05474113293608873	Kocak	permutation	
259.0	-0.023634566988143035	Kocak	permutation	
260.0	-0.015200287891257602	Kocak	permutation	
261.0	0.16175168176055976	Kocak	permutation	
262.0	0.07628144372802925	Kocak	permutation	
263.0	0.17827638855404082	Kocak	permutation	
264.0	-0.20991276177920604	Kocak	permutation	
265.0	0.259362199245996	Kocak	permutation	
266.0	0.09319710169682205	Kocak	permutation	
267.0	0.10290940814765248	Kocak	permutation	
268.0	0.1789741790044279	Kocak	permutation	
269.0	0.008774584262971175	Kocak	permutation	
270.0	0.1702998084409768	Kocak	permutation	
271.0	-0.027838009902353633	Kocak	permutation	
272.0	0.059534823534495906	Kocak	permutation	
273.0	-0.037882622560579726	Kocak	permutation	
274.0	0.019333794560446815	Kocak	permutation	
275.0	0.09051525301421659	Kocak	permutation	
276.0	-0.0642451182436119	Kocak	permutation	
277.0	0.046424659414509684	Kocak	permutation	
278.0	0.15030936543242257	Kocak	permutation	
279.0	-0.03500403611220726	Kocak	permutation	
280.0	-0.23146844533103517	Kocak	permutation	
281.0	-0.012820444450642121	Kocak	permutation	
282.0	0.13457458669177003	Kocak	permutation	
283.0	-0.1872891070845717	Kocak	permutation	
284.0	0.01760038296133537	Kocak	permutation	
285.0	0.18373620080880215	Kocak	permutation	
286.0	-0.01605661882991427	Kocak	permutation	
287.0	0.14466300902385054	Kocak	permutation	
288.0	-0.04869445734424849	Kocak	permutation	
289.0	-0.14951571986378154	Kocak	permutation	
290.0	-0.013800364314048519	Kocak	permutation	
291.0	0.1628866967221736	Kocak	permutation	
292.0	0.1908558837679517	Kocak	permutation	
293.0	0.1583527211415836	Kocak	permutation	
294.0	0.10804765391086413	Kocak	permutation	
295.0	0.11071276588617396	Kocak	permutation	
296.0	-0.01876378652773525	Kocak	permutation	
297.0	-5.464052686843246e-05	Kocak	permutation	
298.0	0.0953127205515969	Kocak	permutation	
299.0	-0.1705861013558101	Kocak	permutation	
300.0	0.12498361531136792	Kocak	permutation	
301.0	0.11414967573805512	Kocak	permutation	
302.0	-0.04010467212120039	Kocak	permutation	
303.0	-0.1168251383644292	Kocak	permutation	
304.0	0.016170925465971653	Kocak	permutation	
305.0	-0.07444634953596374	Kocak	permutation	
306.0	0.07029060385161134	Kocak	permutation	
307.0	0.0016641108254615844	Kocak	permutation	
308.0	0.0540722676185208	Kocak	permutation	
309.0	-0.0046666223371039095	Kocak	permutation	
310.0	0.10880091723495688	Kocak	permutation	
311.0	0.02383409215108312	Kocak	permutation	
312.0	0.005410869467408652	Kocak	permutation	
313.0	-0.25643706936729593	Kocak	permutation	
314.0	-0.07376924333650914	Kocak	permutation	
315.0	0.2025642313391085	Kocak	permutation	
316.0	0.3248656411811539	Kocak	permutation	
317.0	0.18193875016802075	Kocak	permutation	
318.0	-0.05961301510039663	Kocak	permutation	
319.0	0.09083979448088852	Kocak	permutation	
320.0	-0.022278830811258032	Kocak	permutation	
321.0	0.13081675969497297	Kocak	permutation	
322.0	-0.031068094327804108	Kocak	permutation	
323.0	-0.04934691215682774	Kocak	permutation	
324.0	0.09191949595271032	Kocak	permutation	
325.0	-0.05447895689353066	Kocak	permutation	
326.0	-0.10865122655136483	Kocak	permutation	
327.0	-0.16496458941659675	Kocak	permutation	
328.0	-0.122413810708772	Kocak	permutation	
329.0	-0.0774636151659931	Kocak	permutation	
330.0	-0.09311027113702197	Kocak	permutation	
331.0	-0.027867091563288593	Kocak	permutation	
332.0	-0.05861293242761567	Kocak	permutation	
333.0	-0.11167725429461983	Kocak	permutation	
334.0	0.03990345529021955	Kocak	permutation	
335.0	0.13341928289789529	Kocak	permutation	
336.0	-0.08181414684423771	Kocak	permutation	
337.0	0.10343016918907022	Kocak	permutation	
338.0	-0.17034983687279937	Kocak	permutation	
339.0	0.12760416337230618	Kocak	permutation	
340.0	-0.01813688920873302	Kocak	permutation	
341.0	-0.09222344833167195	Kocak	permutation	
342.0	0.03215534538450138	Kocak	permutation	
343.0	-0.15954746718962154	Kocak	permutation	
344.0	-0.15436826765012945	Kocak	permutation	
345.0	-0.008171521111795421	Kocak	permutation	
346.0	-0.20034235037336323	Kocak	permutation	
347.0	0.00019675131717766803	Kocak	permutation	
348.0	-0.039441515123910253	Kocak	permutation	
349.0	0.08932061409655834	Kocak	permutation	
350.0	0.0820197921830026	Kocak	permutation	
351.0	-0.020899906222601405	Kocak	permutation	
352.0	0.20044488666677784	Kocak	permutation	
353.0	0.08855197221218836	Kocak	permutation	
354.0	0.05862050245588968	Kocak	permutation	
355.0	-0.0820096037545266	Kocak	permutation	
356.0	-0.004539267022500404	Kocak	permutation	
357.0	0.000893482672270629	Kocak	permutation	
358.0	0.013942700202107972	Kocak	permutation	
359.0	0.08820412249239817	Kocak	permutation	
360.0	-0.02424097245142276	Kocak	permutation	
361.0	-0.16602283666912232	Kocak	permutation	
362.0	0.1529889602666512	Kocak	permutation	
363.0	0.1101354072470091	Kocak	permutation	
364.0	0.1224566395214266	Kocak	permutation	
365.0	0.10599631336460424	Kocak	permutation	
366.0	0.06569247885202767	Kocak	permutation	
367.0	-0.08364408428774883	Kocak	permutation	
368.0	-0.012153550118817247	Kocak	permutation	
369.0	-0.07696677593526458	Kocak	permutation	
370.0	-0.005317867784420116	Kocak	permutation	
371.0	-0.0645681460089027	Kocak	permutation	
372.0	-0.1255297426983062	Kocak	permutation	
373.0	-0.018776181147545756	Kocak	permutation	
374.0	0.21145598092628948	Kocak	permutation	
375.0	0.005462268056945607	Kocak	permutation	
376.0	0.039100998864094016	Kocak	permutation	
377.0	0.022092255604770017	Kocak	permutation	
378.0	0.02263241098612534	Kocak	permutation	
379.0	-0.055657397065986824	Kocak	permutation	
380.0	-0.04658706806745894	Kocak	permutation	
381.0	0.016505551751004877	Kocak	permutation	
382.0	-0.04315380169049021	Kocak	permutation	
383.0	0.004017489912302885	Kocak	permutation	
384.0	-0.08460066871905392	Kocak	permutation	
385.0	-0.0887965495758718	Kocak	permutation	
386.0	0.07117432888482478	Kocak	permutation	
387.0	-0.042008938476869595	Kocak	permutation	
388.0	0.07583460494182903	Kocak	permutation	
389.0	0.10423553021000886	Kocak	permutation	
390.0	-0.0384465817154811	Kocak	permutation	
391.0	-0.10164426104132573	Kocak	permutation	
392.0	0.09667436314517897	Kocak	permutation	
393.0	0.015524386595685336	Kocak	permutation	
394.0	0.011303105493112753	Kocak	permutation	
395.0	0.14434046889194274	Kocak	permutation	
396.0	-0.06277498758765843	Kocak	permutation	
397.0	0.1096853582443762	Kocak	permutation	
398.0	0.12319486127100987	Kocak	permutation	
399.0	0.12786815022799436	Kocak	permutation	
400.0	0.036156193577946194	Kocak	permutation	
401.0	0.13615920164648365	Kocak	permutation	
402.0	-0.016206829054814076	Kocak	permutation	
403.0	-0.044506048953744326	Kocak	permutation	
404.0	0.19399072899866	Kocak	permutation	
405.0	-0.20804680602175685	Kocak	permutation	
406.0	-0.012277569355042761	Kocak	permutation	
407.0	0.00746378222813604	Kocak	permutation	
408.0	-0.06858960530353597	Kocak	permutation	
409.0	0.19566150343183075	Kocak	permutation	
410.0	0.16064615951578753	Kocak	permutation	
411.0	0.055718961922919696	Kocak	permutation	
412.0	0.2145567276762348	Kocak	permutation	
413.0	0.27581085493947777	Kocak	permutation	
414.0	-0.062490878238815384	Kocak	permutation	
415.0	-0.09963936560902509	Kocak	permutation	
416.0	0.26905700955701706	Kocak	permutation	
417.0	-0.07284734981632734	Kocak	permutation	
418.0	-0.18907984443424786	Kocak	permutation	
419.0	0.0765950524374519	Kocak	permutation	
420.0	-0.0029279415573935097	Kocak	permutation	
421.0	0.2485840705654696	Kocak	permutation	
422.0	0.023816930647182044	Kocak	permutation	
423.0	-0.10082764565206892	Kocak	permutation	
424.0	-0.12811523154112958	Kocak	permutation	
425.0	-0.009669548289881202	Kocak	permutation	
426.0	0.12861222117657523	Kocak	permutation	
427.0	0.0898249555239996	Kocak	permutation	
428.0	-0.11112270868382534	Kocak	permutation	
429.0	0.02266459928440634	Kocak	permutation	
430.0	0.23675460849398844	Kocak	permutation	
431.0	0.2290853887047466	Kocak	permutation	
432.0	0.17089909400943393	Kocak	permutation	
433.0	-0.08400329823459263	Kocak	permutation	
434.0	0.1019925229624481	Kocak	permutation	
435.0	0.0186381230972259	Kocak	permutation	
436.0	0.010685460018535764	Kocak	permutation	
437.0	-0.2070734069843918	Kocak	permutation	
438.0	-0.10366970191693259	Kocak	permutation	
439.0	0.06534464805614748	Kocak	permutation	
440.0	0.17768077138938176	Kocak	permutation	
441.0	0.14508317710336893	Kocak	permutation	
442.0	-0.049155087122406016	Kocak	permutation	
443.0	0.07189233867132483	Kocak	permutation	
444.0	0.03305083498408923	Kocak	permutation	
445.0	-0.22665743237429936	Kocak	permutation	
446.0	-0.09032168094439674	Kocak	permutation	
447.0	-0.08061243423589026	Kocak	permutation	
448.0	0.15380454750179906	Kocak	permutation	
449.0	0.10076750841276061	Kocak	permutation	
450.0	0.35205373787096184	Kocak	permutation	
451.0	0.07955976995815117	Kocak	permutation	
452.0	-0.011325302307137353	Kocak	permutation	
453.0	0.2556521031505481	Kocak	permutation	
454.0	0.3193542507996088	Kocak	permutation	
455.0	-0.0372580678050749	Kocak	permutation	
456.0	0.12209030884651506	Kocak	permutation	
457.0	0.06558469384412069	Kocak	permutation	
458.0	-0.1140043104587174	Kocak	permutation	
459.0	0.09353345488872433	Kocak	permutation	
460.0	-0.24626686498033523	Kocak	permutation	
461.0	0.1951745295819851	Kocak	permutation	
462.0	0.1719677926517944	Kocak	permutation	
463.0	-0.00824378910703416	Kocak	permutation	
464.0	0.07397073167360757	Kocak	permutation	
465.0	-0.03647151799768222	Kocak	permutation	
466.0	-0.015768551055963087	Kocak	permutation	
467.0	0.09025169314434578	Kocak	permutation	
468.0	0.06312440496628868	Kocak	permutation	
469.0	0.13715323503014032	Kocak	permutation	
470.0	0.025805716661917	Kocak	permutation	
471.0	-0.027607705731642618	Kocak	permutation	
472.0	0.18008105611982916	Kocak	permutation	
473.0	-0.15845417227574377	Kocak	permutation	
474.0	0.09964953750979255	Kocak	permutation	
475.0	0.03838159081179482	Kocak	permutation	
476.0	-0.10256269133682805	Kocak	permutation	
477.0	0.06897444901815675	Kocak	permutation	
478.0	0.23613611525010336	Kocak	permutation	
479.0	-0.048383961814281395	Kocak	permutation	
480.0	0.11208168279427921	Kocak	permutation	
481.0	-0.0973994613409217	Kocak	permutation	
482.0	0.13108468643105065	Kocak	permutation	
483.0	-0.13229788060538006	Kocak	permutation	
484.0	-0.20060502226279953	Kocak	permutation	
485.0	0.1364498683315052	Kocak	permutation	
486.0	0.07179960397447482	Kocak	permutation	
487.0	0.03438134091332712	Kocak	permutation	
488.0	0.19695137818260955	Kocak	permutation	
489.0	-0.07151539640701987	Kocak	permutation	
490.0	0.042954089471472834	Kocak	permutation	
491.0	0.15653085301882852	Kocak	permutation	
492.0	0.012073094230057535	Kocak	permutation	
493.0	0.23265374862738852	Kocak	permutation	
494.0	-0.11715546597068549	Kocak	permutation	
495.0	-0.04661763844419653	Kocak	permutation	
496.0	0.05724335448363771	Kocak	permutation	
497.0	-0.16453088062769305	Kocak	permutation	
498.0	-0.011198672393977649	Kocak	permutation	
499.0	-0.0925809473300383	Kocak	permutation	
500.0	0.23176459108955427	Kocak	permutation	
501.0	-0.05340069569387751	Kocak	permutation	
502.0	0.2180619949410234	Kocak	permutation	
503.0	-0.10906263140584427	Kocak	permutation	
504.0	0.09934592140765997	Kocak	permutation	
505.0	0.05781978949055855	Kocak	permutation	
506.0	0.07737382198430298	Kocak	permutation	
507.0	0.01802307496238864	Kocak	permutation	
508.0	-0.0566907588800567	Kocak	permutation	
509.0	0.07792430419577823	Kocak	permutation	
510.0	0.15814907440885495	Kocak	permutation	
511.0	0.17209853335926262	Kocak	permutation	
512.0	-0.1307824008580325	Kocak	permutation	
513.0	0.18013189049742184	Kocak	permutation	
514.0	-0.1363689171544893	Kocak	permutation	
515.0	0.16206796013831015	Kocak	permutation	
516.0	0.1699456138668749	Kocak	permutation	
517.0	0.022601409929167815	Kocak	permutation	
518.0	-0.01352780844514534	Kocak	permutation	
519.0	0.08751936799508409	Kocak	permutation	
520.0	-0.15918644256780068	Kocak	permutation	
521.0	0.0018150049030909443	Kocak	permutation	
522.0	0.13790848355791852	Kocak	permutation	
523.0	-0.12873664524735462	Kocak	permutation	
524.0	0.04007944012293008	Kocak	permutation	
525.0	0.04442687458993033	Kocak	permutation	
526.0	0.04174697876484057	Kocak	permutation	
527.0	0.1273002263753673	Kocak	permutation	
528.0	0.011746502428034766	Kocak	permutation	
529.0	-0.04514956124326286	Kocak	permutation	
530.0	0.044551032735393736	Kocak	permutation	
531.0	0.0072008127290899004	Kocak	permutation	
532.0	0.04608366975381539	Kocak	permutation	
533.0	0.025786965502829773	Kocak	permutation	
534.0	0.32699505880124846	Kocak	permutation	
535.0	0.0095160751376695	Kocak	permutation	
536.0	-0.16251459607669005	Kocak	permutation	
537.0	0.24375359585344647	Kocak	permutation	
538.0	0.07336931096364996	Kocak	permutation	
539.0	-0.07733916700115362	Kocak	permutation	
540.0	0.13544060126995205	Kocak	permutation	
541.0	0.12221465516592867	Kocak	permutation	
542.0	-0.14691318524231356	Kocak	permutation	
543.0	0.05442268293437147	Kocak	permutation	
544.0	-0.031855604527256	Kocak	permutation	
545.0	0.03934660349041952	Kocak	permutation	
546.0	-0.2816869817248975	Kocak	permutation	
547.0	0.09554182790918331	Kocak	permutation	
548.0	0.08164702663476087	Kocak	permutation	
549.0	0.23174357611377827	Kocak	permutation	
550.0	0.02878052368707884	Kocak	permutation	
551.0	0.1419857611688995	Kocak	permutation	
552.0	0.12701886400731732	Kocak	permutation	
553.0	-0.10825544403236087	Kocak	permutation	
554.0	-0.18535772826583852	Kocak	permutation	
555.0	-0.0018081893588863807	Kocak	permutation	
556.0	-0.005167755814898367	Kocak	permutation	
557.0	-0.1713825506500437	Kocak	permutation	
558.0	0.17619460662122322	Kocak	permutation	
559.0	-0.11522229452978516	Kocak	permutation	
560.0	-0.06972026184397428	Kocak	permutation	
561.0	-0.10338277675442331	Kocak	permutation	
562.0	0.015468469827719655	Kocak	permutation	
563.0	-0.019466819892684395	Kocak	permutation	
564.0	0.2236797310339811	Kocak	permutation	
565.0	-0.02365917886882185	Kocak	permutation	
566.0	0.0570090795760092	Kocak	permutation	
567.0	0.04654512432254965	Kocak	permutation	
568.0	0.11855446030644856	Kocak	permutation	
569.0	-0.054776729589840034	Kocak	permutation	
570.0	0.11280760652227562	Kocak	permutation	
571.0	0.18563663892577287	Kocak	permutation	
572.0	0.09474090226222165	Kocak	permutation	
573.0	0.15922550861474916	Kocak	permutation	
574.0	0.021828805408935725	Kocak	permutation	
575.0	0.06599458497069266	Kocak	permutation	
576.0	-0.06986789499056423	Kocak	permutation	
577.0	-0.2707311262227061	Kocak	permutation	
578.0	-0.09501168984890107	Kocak	permutation	
579.0	0.020889098858948518	Kocak	permutation	
580.0	0.11086062034470778	Kocak	permutation	
581.0	-0.026437695778013026	Kocak	permutation	
582.0	0.29319667148542505	Kocak	permutation	
583.0	0.04067875863411352	Kocak	permutation	
584.0	-0.08719361063737185	Kocak	permutation	
585.0	0.07884388419303257	Kocak	permutation	
586.0	0.09389980034378631	Kocak	permutation	
587.0	0.1438280537937171	Kocak	permutation	
588.0	0.234863235416654	Kocak	permutation	
589.0	0.04053945519727398	Kocak	permutation	
590.0	0.012487673267171484	Kocak	permutation	
591.0	-0.11780609791598229	Kocak	permutation	
592.0	-0.17001604068078402	Kocak	permutation	
593.0	-0.1729014320005824	Kocak	permutation	
594.0	0.004149062895973277	Kocak	permutation	
595.0	-0.1252437831232709	Kocak	permutation	
596.0	0.09852341895676053	Kocak	permutation	
597.0	0.12395741249947179	Kocak	permutation	
598.0	-0.25410390626062984	Kocak	permutation	
599.0	-0.11711263680674433	Kocak	permutation	
600.0	-0.09378909189476259	Kocak	permutation	
601.0	0.22134213255144042	Kocak	permutation	
602.0	0.10820450129264358	Kocak	permutation	
603.0	0.15803837409262522	Kocak	permutation	
604.0	-0.06479429348460597	Kocak	permutation	
605.0	0.0956807060119349	Kocak	permutation	
606.0	0.16374018924528233	Kocak	permutation	
607.0	-0.24072455362114953	Kocak	permutation	
608.0	-0.2557225475199485	Kocak	permutation	
609.0	0.17034522629040483	Kocak	permutation	
610.0	-0.06557337619538961	Kocak	permutation	
611.0	0.054230441969558285	Kocak	permutation	
612.0	-0.20016281595719576	Kocak	permutation	
613.0	0.14314238535264767	Kocak	permutation	
614.0	-0.13143781610686212	Kocak	permutation	
615.0	-0.001753249621652575	Kocak	permutation	
616.0	0.13551209175759427	Kocak	permutation	
617.0	-0.2548572100927107	Kocak	permutation	
618.0	-0.126307437013347	Kocak	permutation	
619.0	-0.12457367717497458	Kocak	permutation	
620.0	-0.09789957813908945	Kocak	permutation	
621.0	0.24443160885102388	Kocak	permutation	
622.0	-0.06977760695852941	Kocak	permutation	
623.0	-0.3086770217663064	Kocak	permutation	
624.0	-0.03916258311665777	Kocak	permutation	
625.0	0.061115326630903244	Kocak	permutation	
626.0	0.0856248256064065	Kocak	permutation	
627.0	-0.04119610850471078	Kocak	permutation	
628.0	0.16006204198953933	Kocak	permutation	
629.0	0.232793847343983	Kocak	permutation	
630.0	-0.005269341280024875	Kocak	permutation	
631.0	-0.19989706853765243	Kocak	permutation	
632.0	0.09245636095668885	Kocak	permutation	
633.0	0.10085167678800966	Kocak	permutation	
634.0	0.036765484054448905	Kocak	permutation	
635.0	0.11864632236991479	Kocak	permutation	
636.0	-0.00315804738154446	Kocak	permutation	
637.0	0.057908205732910556	Kocak	permutation	
638.0	-0.15228413868817592	Kocak	permutation	
639.0	0.07375631974218688	Kocak	permutation	
640.0	-0.17490446093595846	Kocak	permutation	
641.0	0.07765330380141755	Kocak	permutation	
642.0	-0.10877520626599013	Kocak	permutation	
643.0	0.005309805357752495	Kocak	permutation	
644.0	-0.05500512393656365	Kocak	permutation	
645.0	-0.02401963436049126	Kocak	permutation	
646.0	-0.05971950449552388	Kocak	permutation	
647.0	0.0767862113991078	Kocak	permutation	
648.0	-0.13251630764783373	Kocak	permutation	
649.0	-0.012852486265137575	Kocak	permutation	
650.0	-0.07588215591457503	Kocak	permutation	
651.0	0.06227030203817918	Kocak	permutation	
652.0	-0.07152727897149935	Kocak	permutation	
653.0	-0.1723985473148293	Kocak	permutation	
654.0	-0.07821454016271367	Kocak	permutation	
655.0	0.06943595745452669	Kocak	permutation	
656.0	0.03131589312131533	Kocak	permutation	
657.0	0.19624279351521023	Kocak	permutation	
658.0	0.07057319094038261	Kocak	permutation	
659.0	0.13303190667890696	Kocak	permutation	
660.0	-0.08710972351598256	Kocak	permutation	
661.0	0.004777784083659142	Kocak	permutation	
662.0	0.14189076367281528	Kocak	permutation	
663.0	-0.09307217231711506	Kocak	permutation	
664.0	0.149445563555632	Kocak	permutation	
665.0	-0.24593425052994355	Kocak	permutation	
666.0	-0.2608927458569257	Kocak	permutation	
667.0	-0.09969703962608811	Kocak	permutation	
668.0	-0.06368167025193916	Kocak	permutation	
669.0	-0.02843989666100688	Kocak	permutation	
670.0	0.12503338349871962	Kocak	permutation	
671.0	-0.0385171823186754	Kocak	permutation	
672.0	-0.12006619145915698	Kocak	permutation	
673.0	-0.12063031054277129	Kocak	permutation	
674.0	0.029277800305181234	Kocak	permutation	
675.0	0.21047776748337244	Kocak	permutation	
676.0	-0.20446086285545118	Kocak	permutation	
677.0	0.21687141068712634	Kocak	permutation	
678.0	-0.055501685744433704	Kocak	permutation	
679.0	0.029138616633094916	Kocak	permutation	
680.0	0.03836168068775603	Kocak	permutation	
681.0	0.13182140833775424	Kocak	permutation	
682.0	0.46506108045459316	Kocak	permutation	
683.0	-0.08399308056619503	Kocak	permutation	
684.0	0.03810891818448159	Kocak	permutation	
685.0	-0.0072060234159652126	Kocak	permutation	
686.0	-0.06772307888593243	Kocak	permutation	
687.0	-0.1092195267410947	Kocak	permutation	
688.0	0.0861198699912622	Kocak	permutation	
689.0	0.03879119436203693	Kocak	permutation	
690.0	0.06981667870971542	Kocak	permutation	
691.0	-0.05488948631423085	Kocak	permutation	
692.0	0.13587307894062262	Kocak	permutation	
693.0	-0.11006819866473538	Kocak	permutation	
694.0	0.1321805767588362	Kocak	permutation	
695.0	-0.14307226149699437	Kocak	permutation	
696.0	0.07967892623320205	Kocak	permutation	
697.0	-0.14842408344165792	Kocak	permutation	
698.0	0.14503192275395183	Kocak	permutation	
699.0	0.027967275517010393	Kocak	permutation	
700.0	0.2753757536868995	Kocak	permutation	
701.0	0.13053856929829744	Kocak	permutation	
702.0	0.05225032714169142	Kocak	permutation	
703.0	0.07657856697286469	Kocak	permutation	
704.0	0.19429383051673188	Kocak	permutation	
705.0	0.16128289139359708	Kocak	permutation	
706.0	-0.06928977778313472	Kocak	permutation	
707.0	-0.05306542378271972	Kocak	permutation	
708.0	-0.04395225169348027	Kocak	permutation	
709.0	-0.09542593113429376	Kocak	permutation	
710.0	-0.11354805919096478	Kocak	permutation	
711.0	-0.06364446151046366	Kocak	permutation	
712.0	0.03202086805693227	Kocak	permutation	
713.0	-0.1339295922431032	Kocak	permutation	
714.0	0.17416763239024968	Kocak	permutation	
715.0	-0.1678989490812528	Kocak	permutation	
716.0	-0.2588048861494916	Kocak	permutation	
717.0	-0.0003535984608205034	Kocak	permutation	
718.0	-0.07311982401738337	Kocak	permutation	
719.0	0.04956614840849349	Kocak	permutation	
720.0	-0.018104962476124253	Kocak	permutation	
721.0	0.16220080799365633	Kocak	permutation	
722.0	-0.05818729722799576	Kocak	permutation	
723.0	0.372203938191384	Kocak	permutation	
724.0	-0.03946403525019271	Kocak	permutation	
725.0	0.13860519326087584	Kocak	permutation	
726.0	0.06305531634718209	Kocak	permutation	
727.0	0.055883545229560294	Kocak	permutation	
728.0	-0.14126402722741993	Kocak	permutation	
729.0	0.0858856506996366	Kocak	permutation	
730.0	0.24368021404022855	Kocak	permutation	
731.0	0.023673374687868787	Kocak	permutation	
732.0	-0.15037180774666004	Kocak	permutation	
733.0	0.03794264752605203	Kocak	permutation	
734.0	0.11244931231791488	Kocak	permutation	
735.0	0.1647124814578036	Kocak	permutation	
736.0	-0.25325785188092853	Kocak	permutation	
737.0	-0.01836360584050567	Kocak	permutation	
738.0	0.03618337676697925	Kocak	permutation	
739.0	0.16804936109913626	Kocak	permutation	
740.0	0.002672066494057823	Kocak	permutation	
741.0	0.01803230840207437	Kocak	permutation	
742.0	0.2266222940852809	Kocak	permutation	
743.0	0.022648488455632165	Kocak	permutation	
744.0	-0.04373634598854137	Kocak	permutation	
745.0	0.04571865486708715	Kocak	permutation	
746.0	0.019579580688459775	Kocak	permutation	
747.0	-0.12958472809826826	Kocak	permutation	
748.0	-0.015241914402109646	Kocak	permutation	
749.0	-0.05778507239046826	Kocak	permutation	
750.0	0.18762183271132304	Kocak	permutation	
751.0	0.17075946651123441	Kocak	permutation	
752.0	-0.020013564445350518	Kocak	permutation	
753.0	-0.014233791956061115	Kocak	permutation	
754.0	0.11660393382089307	Kocak	permutation	
755.0	0.0596918013515233	Kocak	permutation	
756.0	-0.08703196286161763	Kocak	permutation	
757.0	-0.14637076129725202	Kocak	permutation	
758.0	0.1974273547659977	Kocak	permutation	
759.0	0.15954729163401105	Kocak	permutation	
760.0	0.2495787903757205	Kocak	permutation	
761.0	0.031849269526721624	Kocak	permutation	
762.0	0.042961396435056365	Kocak	permutation	
763.0	-0.05419419196767805	Kocak	permutation	
764.0	0.02586438685846959	Kocak	permutation	
765.0	0.019742606559595366	Kocak	permutation	
766.0	0.16188729431533977	Kocak	permutation	
767.0	0.025312083974953214	Kocak	permutation	
768.0	0.05176638906717379	Kocak	permutation	
769.0	-0.1468421862661291	Kocak	permutation	
770.0	0.22028907611359072	Kocak	permutation	
771.0	0.06216520221046373	Kocak	permutation	
772.0	-0.06862353125878906	Kocak	permutation	
773.0	-0.08951540981752215	Kocak	permutation	
774.0	0.03948713465587428	Kocak	permutation	
775.0	-0.03814065814147982	Kocak	permutation	
776.0	-0.015636648270086706	Kocak	permutation	
777.0	-0.05373489062333903	Kocak	permutation	
778.0	0.10670314971076644	Kocak	permutation	
779.0	-0.037587065154986554	Kocak	permutation	
780.0	0.014229181750517128	Kocak	permutation	
781.0	0.0030134646891899486	Kocak	permutation	
782.0	-0.05930447958566276	Kocak	permutation	
783.0	0.07711089197978138	Kocak	permutation	
784.0	0.06826343979198723	Kocak	permutation	
785.0	-0.08637838428635414	Kocak	permutation	
786.0	0.2180265317658554	Kocak	permutation	
787.0	0.07620768887704887	Kocak	permutation	
788.0	-0.005965567932655347	Kocak	permutation	
789.0	0.18865626674943625	Kocak	permutation	
790.0	-0.17068902950439835	Kocak	permutation	
791.0	-0.004331941281909835	Kocak	permutation	
792.0	-0.30660852725102794	Kocak	permutation	
793.0	0.04303208120254576	Kocak	permutation	
794.0	0.08242055342534416	Kocak	permutation	
795.0	-0.10441173228781908	Kocak	permutation	
796.0	-0.13112975965501716	Kocak	permutation	
797.0	0.016696855323052873	Kocak	permutation	
798.0	0.09871645411269414	Kocak	permutation	
799.0	0.1429301883337617	Kocak	permutation	
800.0	0.18260152500301663	Kocak	permutation	
801.0	-0.0003878007860467214	Kocak	permutation	
802.0	0.005358488822071461	Kocak	permutation	
803.0	0.12364854495087618	Kocak	permutation	
804.0	0.1015112995132541	Kocak	permutation	
805.0	-0.13779304914479606	Kocak	permutation	
806.0	-0.17791564102568147	Kocak	permutation	
807.0	-0.02133680574506469	Kocak	permutation	
808.0	0.20135509103479476	Kocak	permutation	
809.0	0.024422243558366752	Kocak	permutation	
810.0	-0.35708891383523866	Kocak	permutation	
811.0	0.31930701369979797	Kocak	permutation	
812.0	0.16681617699510864	Kocak	permutation	
813.0	-0.0223162361775171	Kocak	permutation	
814.0	0.2684052775909902	Kocak	permutation	
815.0	0.08203061316943794	Kocak	permutation	
816.0	0.18556488703551066	Kocak	permutation	
817.0	0.0919273767878992	Kocak	permutation	
818.0	-0.07968269048681886	Kocak	permutation	
819.0	-0.2303937592869274	Kocak	permutation	
820.0	0.3541746962143031	Kocak	permutation	
821.0	0.03605776682253925	Kocak	permutation	
822.0	-0.026667098466414352	Kocak	permutation	
823.0	-0.04179812812778927	Kocak	permutation	
824.0	0.03139903170468816	Kocak	permutation	
825.0	-0.0493954201094291	Kocak	permutation	
826.0	-0.10979657911341523	Kocak	permutation	
827.0	0.18034591600455618	Kocak	permutation	
828.0	0.0484753587385347	Kocak	permutation	
829.0	0.08388310640072438	Kocak	permutation	
830.0	0.025804749930303572	Kocak	permutation	
831.0	0.14612735687733291	Kocak	permutation	
832.0	0.27937529464273103	Kocak	permutation	
833.0	0.19242680705809345	Kocak	permutation	
834.0	0.052654630025991356	Kocak	permutation	
835.0	0.13902598831041413	Kocak	permutation	
836.0	0.23367530452014673	Kocak	permutation	
837.0	-0.002891306035676333	Kocak	permutation	
838.0	-0.04350236640681704	Kocak	permutation	
839.0	0.1912702265673354	Kocak	permutation	
840.0	-0.02063705972264085	Kocak	permutation	
841.0	0.17930365373622426	Kocak	permutation	
842.0	0.27244238128496434	Kocak	permutation	
843.0	0.0855166017350264	Kocak	permutation	
844.0	-0.018027250269218698	Kocak	permutation	
845.0	-0.4254922814999069	Kocak	permutation	
846.0	0.007789993771091908	Kocak	permutation	
847.0	-0.16985040779970317	Kocak	permutation	
848.0	0.15783587657930465	Kocak	permutation	
849.0	0.008604780958586744	Kocak	permutation	
850.0	0.05065518974669647	Kocak	permutation	
851.0	0.05340655931247529	Kocak	permutation	
852.0	0.07166065091962803	Kocak	permutation	
853.0	-0.2851617202511836	Kocak	permutation	
854.0	0.09831474142393715	Kocak	permutation	
855.0	-0.24649877952194865	Kocak	permutation	
856.0	-0.0008000629081146293	Kocak	permutation	
857.0	-0.1071147055786863	Kocak	permutation	
858.0	-0.19003813106339118	Kocak	permutation	
859.0	-0.009069673564075398	Kocak	permutation	
860.0	-0.018428503488480352	Kocak	permutation	
861.0	-0.01864147892130319	Kocak	permutation	
862.0	-0.038262834683535196	Kocak	permutation	
863.0	0.2890439212113223	Kocak	permutation	
864.0	0.19239150810341066	Kocak	permutation	
865.0	0.17571396042039567	Kocak	permutation	
866.0	-0.013436552439463068	Kocak	permutation	
867.0	0.08004251109719362	Kocak	permutation	
868.0	-0.12894405570764755	Kocak	permutation	
869.0	0.016837639695799655	Kocak	permutation	
870.0	0.14772790883319997	Kocak	permutation	
871.0	0.0038321483697716374	Kocak	permutation	
872.0	0.08171757979195293	Kocak	permutation	
873.0	0.040635259282086444	Kocak	permutation	
874.0	-4.503848907999597e-05	Kocak	permutation	
875.0	-0.11885416299668128	Kocak	permutation	
876.0	0.240844910541957	Kocak	permutation	
877.0	0.10604226561793118	Kocak	permutation	
878.0	0.11733563444236328	Kocak	permutation	
879.0	-0.23161566479111118	Kocak	permutation	
880.0	0.09925282632585075	Kocak	permutation	
881.0	0.05040899034164603	Kocak	permutation	
882.0	0.2514094038957748	Kocak	permutation	
883.0	-0.03586546179592176	Kocak	permutation	
884.0	0.17894633215900013	Kocak	permutation	
885.0	0.13965230048632815	Kocak	permutation	
886.0	-0.0010630183180371233	Kocak	permutation	
887.0	-0.012793487203603071	Kocak	permutation	
888.0	-0.24171539349505444	Kocak	permutation	
889.0	-0.17339585579235495	Kocak	permutation	
890.0	0.14381128336617754	Kocak	permutation	
891.0	0.19003334913765402	Kocak	permutation	
892.0	-0.10544101525863248	Kocak	permutation	
893.0	0.03072953783462795	Kocak	permutation	
894.0	0.14619511357855997	Kocak	permutation	
895.0	0.01752122943018808	Kocak	permutation	
896.0	0.16784240505672976	Kocak	permutation	
897.0	-0.12294997901649651	Kocak	permutation	
898.0	-0.12132452032136332	Kocak	permutation	
899.0	-0.18735663950995285	Kocak	permutation	
900.0	-0.030392325366787265	Kocak	permutation	
901.0	0.1298123865851175	Kocak	permutation	
902.0	-0.20977992628379916	Kocak	permutation	
903.0	0.010597690444877017	Kocak	permutation	
904.0	-0.06728472908265326	Kocak	permutation	
905.0	-0.08540541648540989	Kocak	permutation	
906.0	-0.1292562939535613	Kocak	permutation	
907.0	0.13943414613106908	Kocak	permutation	
908.0	-0.032860736720241146	Kocak	permutation	
909.0	-0.008067449460637643	Kocak	permutation	
910.0	-0.1370434981912947	Kocak	permutation	
911.0	0.11765874215666017	Kocak	permutation	
912.0	0.0848476426874103	Kocak	permutation	
913.0	-0.03907380752283185	Kocak	permutation	
914.0	0.05731908037091271	Kocak	permutation	
915.0	0.19927782955329842	Kocak	permutation	
916.0	-0.025615267389508478	Kocak	permutation	
917.0	-0.09006724576811909	Kocak	permutation	
918.0	0.12572516335009887	Kocak	permutation	
919.0	0.12173521675605459	Kocak	permutation	
920.0	0.05970748745808896	Kocak	permutation	
921.0	0.24537854850472973	Kocak	permutation	
922.0	0.017421888170880084	Kocak	permutation	
923.0	-0.14735042543735766	Kocak	permutation	
924.0	-0.16515135130855318	Kocak	permutation	
925.0	-0.10112074110294333	Kocak	permutation	
926.0	-0.0026881120124491176	Kocak	permutation	
927.0	0.05374392734919198	Kocak	permutation	
928.0	0.1939928048721331	Kocak	permutation	
929.0	-0.05398135767573464	Kocak	permutation	
930.0	-0.09627949197933905	Kocak	permutation	
931.0	0.06226551025287552	Kocak	permutation	
932.0	-0.15535194121991625	Kocak	permutation	
933.0	0.23196866002328598	Kocak	permutation	
934.0	0.04643949079505205	Kocak	permutation	
935.0	0.14638602886716034	Kocak	permutation	
936.0	0.08048870153993049	Kocak	permutation	
937.0	-0.08918985583265959	Kocak	permutation	
938.0	0.0431166581527882	Kocak	permutation	
939.0	-0.15670220052365602	Kocak	permutation	
940.0	-0.14143215691953293	Kocak	permutation	
941.0	0.28631229992560314	Kocak	permutation	
942.0	-0.002423927843008933	Kocak	permutation	
943.0	0.11944191790121517	Kocak	permutation	
944.0	-0.003649349142587077	Kocak	permutation	
945.0	0.20094673541495478	Kocak	permutation	
946.0	0.020754394398410092	Kocak	permutation	
947.0	-0.2115155973316556	Kocak	permutation	
948.0	0.13911103574394845	Kocak	permutation	
949.0	-0.0857128298395824	Kocak	permutation	
950.0	0.13930769249918207	Kocak	permutation	
951.0	0.09792500263690807	Kocak	permutation	
952.0	0.02577948446052858	Kocak	permutation	
953.0	0.19576538314732383	Kocak	permutation	
954.0	-0.009460415004094003	Kocak	permutation	
955.0	-0.0603827214168704	Kocak	permutation	
956.0	0.1257482152302014	Kocak	permutation	
957.0	0.07953562097673972	Kocak	permutation	
958.0	-0.17294580600449905	Kocak	permutation	
959.0	0.015667225519494288	Kocak	permutation	
960.0	-0.12899803569655255	Kocak	permutation	
961.0	0.13651312988885467	Kocak	permutation	
962.0	0.11827732063288554	Kocak	permutation	
963.0	0.05778341881951743	Kocak	permutation	
964.0	0.037252788888866295	Kocak	permutation	
965.0	0.006106226278487892	Kocak	permutation	
966.0	0.10532235991877181	Kocak	permutation	
967.0	0.14247677986363527	Kocak	permutation	
968.0	0.08184109536549977	Kocak	permutation	
969.0	0.09756019623017309	Kocak	permutation	
970.0	0.056699203760389505	Kocak	permutation	
971.0	0.015044552145329515	Kocak	permutation	
972.0	0.04951569104693565	Kocak	permutation	
973.0	0.13929054664456064	Kocak	permutation	
974.0	-0.19211000220343255	Kocak	permutation	
975.0	0.0041470053144827546	Kocak	permutation	
976.0	0.06372023890099765	Kocak	permutation	
977.0	0.059731638070506854	Kocak	permutation	
978.0	-0.10022682446780617	Kocak	permutation	
979.0	-0.16231466898367364	Kocak	permutation	
980.0	-0.11756646249757008	Kocak	permutation	
981.0	-0.048744092606265	Kocak	permutation	
982.0	0.26943389350437696	Kocak	permutation	
983.0	-0.012515773370983307	Kocak	permutation	
984.0	-0.021280408465381928	Kocak	permutation	
985.0	-0.10884451578304466	Kocak	permutation	
986.0	-0.03840671568793885	Kocak	permutation	
987.0	0.036577504125843596	Kocak	permutation	
988.0	-0.1342735198324636	Kocak	permutation	
989.0	0.04162980943326611	Kocak	permutation	
990.0	-0.18638689321755342	Kocak	permutation	
991.0	0.05827086543733628	Kocak	permutation	
992.0	0.11970179809375958	Kocak	permutation	
993.0	-0.016048511849937164	Kocak	permutation	
994.0	0.08769228206712842	Kocak	permutation	
995.0	-0.030451790860281047	Kocak	permutation	
996.0	-0.12368582600898392	Kocak	permutation	
997.0	-0.04385433168670838	Kocak	permutation	
998.0	0.24606165837319782	Kocak	permutation	
999.0	-0.0339977823835933	Kocak	permutation	
1000.0	-0.051282578080337426	Kocak	permutation	
1001.0	0.09837952762051394	Kocak	permutation	
1002.0	-0.11816757098581476	Kocak	permutation	
1003.0	0.08254354008149534	Kocak	permutation	
1004.0	-0.14188320804251076	Kocak	permutation	
1005.0	0.08683507763703258	Kocak	permutation	
1006.0	-0.00046267043000458585	Kocak	permutation	
1007.0	-0.019252308099754867	Kocak	permutation	
1008.0	0.04663351516217373	Kocak	permutation	
1009.0	0.09774871508555538	Kocak	permutation	
1010.0	0.2527853637494548	Kocak	permutation	
1011.0	0.04953305464195701	Kocak	permutation	
1012.0	-0.06036994557789965	Kocak	permutation	
1013.0	0.16971963694147796	Kocak	permutation	
1014.0	-0.07383856820438339	Kocak	permutation	
1015.0	-0.07697609953355	Kocak	permutation	
1016.0	-0.17582162181619765	Kocak	permutation	
1017.0	-0.03864100952511551	Kocak	permutation	
1018.0	0.07197151005744207	Kocak	permutation	
1019.0	0.03149750963240239	Kocak	permutation	
1020.0	-0.15723639009644907	Kocak	permutation	
1021.0	0.09988070574080865	Kocak	permutation	
1022.0	0.1471321992108079	Kocak	permutation	
1023.0	0.15919538756045615	Kocak	permutation	
1024.0	0.00715736415785706	Kocak	permutation	
1025.0	-0.08826600966827458	Kocak	permutation	
1026.0	0.01648620152136626	Kocak	permutation	
1027.0	0.03957785619380472	Kocak	permutation	
1028.0	0.07700863072260411	Kocak	permutation	
1029.0	-0.06736162787405542	Kocak	permutation	
1030.0	0.1443088249095612	Kocak	permutation	
1031.0	-0.1342383416442523	Kocak	permutation	
1032.0	0.12509856881112658	Kocak	permutation	
1033.0	0.0666415481537288	Kocak	permutation	
1034.0	0.0023210470528916005	Kocak	permutation	
1035.0	0.12463036397260563	Kocak	permutation	
1036.0	0.0691128666638896	Kocak	permutation	
1037.0	0.11949134944131501	Kocak	permutation	
1038.0	0.10097865700097675	Kocak	permutation	
1039.0	-0.1457178811558113	Kocak	permutation	
1040.0	-0.10361562995390328	Kocak	permutation	
1041.0	0.20354606562589428	Kocak	permutation	
1042.0	0.2121841315691193	Kocak	permutation	
1043.0	-0.035797152351008776	Kocak	permutation	
1044.0	0.1009532583245294	Kocak	permutation	
1045.0	-0.11358549635769544	Kocak	permutation	
1046.0	-0.053923808223215186	Kocak	permutation	
1047.0	0.2117345652025433	Kocak	permutation	
1048.0	-0.07750772176693532	Kocak	permutation	
1049.0	-0.035013820829957076	Kocak	permutation	
1050.0	-0.17257476719464382	Kocak	permutation	
1051.0	-0.018192125451603314	Kocak	permutation	
1052.0	-0.004117840833097297	Kocak	permutation	
1053.0	-0.027076747260390555	Kocak	permutation	
1054.0	0.16012360364097056	Kocak	permutation	
1055.0	-0.01172978181448947	Kocak	permutation	
1056.0	-0.2627028748868079	Kocak	permutation	
1057.0	-0.21809585916163954	Kocak	permutation	
1058.0	-0.24643923085354213	Kocak	permutation	
1059.0	0.34763945379577565	Kocak	permutation	
1060.0	0.046350355464213955	Kocak	permutation	
1061.0	-0.03964839739473991	Kocak	permutation	
1062.0	0.19943950020501333	Kocak	permutation	
1063.0	0.0736599020015336	Kocak	permutation	
1064.0	0.16991049861987273	Kocak	permutation	
1065.0	0.0109773572839722	Kocak	permutation	
1066.0	0.0018978622617895624	Kocak	permutation	
1067.0	-0.11212742920358343	Kocak	permutation	
1068.0	-0.008534883966334395	Kocak	permutation	
1069.0	0.35918344045645645	Kocak	permutation	
1070.0	-0.06868394813052792	Kocak	permutation	
1071.0	0.1692186676373293	Kocak	permutation	
1072.0	-0.005362835679627587	Kocak	permutation	
1073.0	-0.02330925334341094	Kocak	permutation	
1074.0	0.13232596863293322	Kocak	permutation	
1075.0	0.03173995238519378	Kocak	permutation	
1076.0	-0.06205727015108797	Kocak	permutation	
1077.0	0.24366919630883022	Kocak	permutation	
1078.0	-0.015699611507158817	Kocak	permutation	
1079.0	-0.09230084980775954	Kocak	permutation	
1080.0	-0.06452637661605687	Kocak	permutation	
1081.0	-0.061901671780945744	Kocak	permutation	
1082.0	0.08175646945687465	Kocak	permutation	
1083.0	-0.07444533069574089	Kocak	permutation	
1084.0	-0.14918344523560156	Kocak	permutation	
1085.0	0.19089996769990636	Kocak	permutation	
1086.0	-0.06342930580451567	Kocak	permutation	
1087.0	0.0702979006179949	Kocak	permutation	
1088.0	-0.0761720993241024	Kocak	permutation	
1089.0	-0.045140481131846766	Kocak	permutation	
1090.0	-0.16753186776083062	Kocak	permutation	
1091.0	0.006993164457639978	Kocak	permutation	
1092.0	-0.007402555636334629	Kocak	permutation	
1093.0	0.014950409961910438	Kocak	permutation	
1094.0	0.019967852377804185	Kocak	permutation	
1095.0	0.08644632725904744	Kocak	permutation	
1096.0	0.2164346877948966	Kocak	permutation	
1097.0	0.18894707072325367	Kocak	permutation	
1098.0	0.06302435973425746	Kocak	permutation	
1099.0	0.3470876991930809	Kocak	permutation	
1100.0	-0.08829907400344128	Kocak	permutation	
1101.0	0.10029032471910737	Kocak	permutation	
1102.0	0.034066988138298004	Kocak	permutation	
1103.0	-0.07009464832613022	Kocak	permutation	
1104.0	-0.04608796944866933	Kocak	permutation	
1105.0	-0.015175892230021581	Kocak	permutation	
1106.0	0.026627956384678964	Kocak	permutation	
1107.0	0.0831977007557998	Kocak	permutation	
1108.0	0.2828901064611813	Kocak	permutation	
1109.0	0.04987395424493979	Kocak	permutation	
1110.0	0.03293308340896761	Kocak	permutation	
1111.0	0.03541791980773157	Kocak	permutation	
1112.0	0.1738237899727486	Kocak	permutation	
1113.0	0.07578368659416723	Kocak	permutation	
1114.0	-0.02388580572255128	Kocak	permutation	
1115.0	-0.013580055264664992	Kocak	permutation	
1116.0	0.010727414849516226	Kocak	permutation	
1117.0	0.014298200530922678	Kocak	permutation	
1118.0	0.12077250542933404	Kocak	permutation	
1119.0	-0.05697775366843416	Kocak	permutation	
1120.0	0.25912509854239874	Kocak	permutation	
1121.0	-0.0074131080020927165	Kocak	permutation	
1122.0	0.17709806351111723	Kocak	permutation	
1123.0	-0.07576203649025004	Kocak	permutation	
1124.0	-0.027457557003254696	Kocak	permutation	
1125.0	0.10190509573217321	Kocak	permutation	
1126.0	0.07505642811576019	Kocak	permutation	
1127.0	-0.04312685107712433	Kocak	permutation	
1128.0	-0.14585878205906155	Kocak	permutation	
1129.0	-0.11682134572374281	Kocak	permutation	
1130.0	-0.14292756491899716	Kocak	permutation	
1131.0	0.01593518261157545	Kocak	permutation	
1132.0	0.015370502202024294	Kocak	permutation	
1133.0	0.11507139889583495	Kocak	permutation	
1134.0	-0.002221115258276729	Kocak	permutation	
1135.0	-0.18690594719098064	Kocak	permutation	
1136.0	0.15947044699713642	Kocak	permutation	
1137.0	-0.06811760311203408	Kocak	permutation	
1138.0	0.03542141403818633	Kocak	permutation	
1139.0	0.1923241322775997	Kocak	permutation	
1140.0	-0.04489334357183683	Kocak	permutation	
1141.0	0.09631943132155296	Kocak	permutation	
1142.0	0.18340005838618012	Kocak	permutation	
1143.0	-0.25807023204003476	Kocak	permutation	
1144.0	0.013663545626859896	Kocak	permutation	
1145.0	-0.20436983987762236	Kocak	permutation	
1146.0	0.15791806972596012	Kocak	permutation	
1147.0	0.08707613818304161	Kocak	permutation	
1148.0	-0.0012061384100117145	Kocak	permutation	
1149.0	0.2706371985900726	Kocak	permutation	
1150.0	-0.11766087698446448	Kocak	permutation	
1151.0	-0.11033334685627239	Kocak	permutation	
1152.0	0.11803017596411758	Kocak	permutation	
1153.0	-0.022567414337842706	Kocak	permutation	
1154.0	0.13595641217965548	Kocak	permutation	
1155.0	-0.037067574191225194	Kocak	permutation	
1156.0	0.19915669557700255	Kocak	permutation	
1157.0	0.06497407681763478	Kocak	permutation	
1158.0	-0.12354486899346684	Kocak	permutation	
1159.0	0.11302816650590364	Kocak	permutation	
1160.0	0.002226542978319923	Kocak	permutation	
1161.0	-0.1062669813024959	Kocak	permutation	
1162.0	-0.18584587527341023	Kocak	permutation	
1163.0	-0.20772396319112474	Kocak	permutation	
1164.0	0.0919783077688674	Kocak	permutation	
1165.0	0.06534824866426137	Kocak	permutation	
1166.0	0.0746704880719875	Kocak	permutation	
1167.0	0.07367668017916618	Kocak	permutation	
1168.0	0.005600441778157883	Kocak	permutation	
1169.0	0.054561512264321266	Kocak	permutation	
1170.0	0.15013262164551255	Kocak	permutation	
1171.0	0.01714290104598115	Kocak	permutation	
1172.0	0.07834747600902903	Kocak	permutation	
1173.0	0.013778574507910424	Kocak	permutation	
1174.0	0.11187497213032493	Kocak	permutation	
1175.0	-0.17702628860403324	Kocak	permutation	
1176.0	0.0972744211542067	Kocak	permutation	
1177.0	-0.030984706192370925	Kocak	permutation	
1178.0	0.1124416711096039	Kocak	permutation	
1179.0	-0.20877689165658753	Kocak	permutation	
1180.0	0.10089968902315238	Kocak	permutation	
1181.0	0.004680510013408856	Kocak	permutation	
1182.0	-0.07748120626879151	Kocak	permutation	
1183.0	-0.04150789747868355	Kocak	permutation	
1184.0	-0.0757626286527393	Kocak	permutation	
1185.0	-0.025485611512789053	Kocak	permutation	
1186.0	-0.03118196872259338	Kocak	permutation	
1187.0	-0.11188352796641077	Kocak	permutation	
1188.0	-0.011688770567206852	Kocak	permutation	
1189.0	0.028894486300477418	Kocak	permutation	
1190.0	-0.11284790769588593	Kocak	permutation	
1191.0	-0.08415046867520948	Kocak	permutation	
1192.0	-0.05234963396776138	Kocak	permutation	
1193.0	-0.02938983946931817	Kocak	permutation	
1194.0	-0.2446660783512864	Kocak	permutation	
1195.0	0.20146927033341777	Kocak	permutation	
1196.0	0.12943767203833767	Kocak	permutation	
1197.0	-0.11349095740225046	Kocak	permutation	
1198.0	-0.010906097061394782	Kocak	permutation	
1199.0	-0.03406284413236049	Kocak	permutation	
1200.0	0.1672343081069294	Kocak	permutation	
1201.0	-0.06857195609136424	Kocak	permutation	
1202.0	0.27233521970662933	Kocak	permutation	
1203.0	0.18335239864050656	Kocak	permutation	
1204.0	-0.07859120737106151	Kocak	permutation	
1205.0	0.13972557353909387	Kocak	permutation	
1206.0	0.029037681243379687	Kocak	permutation	
1207.0	-0.1775693312583635	Kocak	permutation	
1208.0	0.026875769811442574	Kocak	permutation	
1209.0	-0.05577831622625373	Kocak	permutation	
1210.0	0.025602420693691563	Kocak	permutation	
1211.0	-0.11706444827167495	Kocak	permutation	
1212.0	-0.07227605902248069	Kocak	permutation	
1213.0	0.08385769626298467	Kocak	permutation	
1214.0	0.08284828448940962	Kocak	permutation	
1215.0	0.18711648707396655	Kocak	permutation	
1216.0	-0.19199385284033976	Kocak	permutation	
1217.0	-0.050043966173183296	Kocak	permutation	
1218.0	0.0044072925815501485	Kocak	permutation	
1219.0	0.02339789458840036	Kocak	permutation	
1220.0	0.0313068863200221	Kocak	permutation	
1221.0	0.1400189445432387	Kocak	permutation	
1222.0	-0.10336615513139691	Kocak	permutation	
1223.0	0.1397832296468291	Kocak	permutation	
1224.0	-0.22230262218429342	Kocak	permutation	
1225.0	0.026427194208307192	Kocak	permutation	
1226.0	0.12396008111661905	Kocak	permutation	
1227.0	-0.09001989886730044	Kocak	permutation	
1228.0	0.09892608471074027	Kocak	permutation	
1229.0	-0.019715567908352938	Kocak	permutation	
1230.0	0.06444715247565025	Kocak	permutation	
1231.0	-0.027695692407679662	Kocak	permutation	
1232.0	0.19929710604325557	Kocak	permutation	
1233.0	0.20826772443614283	Kocak	permutation	
1234.0	0.22987329077537622	Kocak	permutation	
1235.0	0.10476107068928098	Kocak	permutation	
1236.0	-0.039954048674738285	Kocak	permutation	
1237.0	0.20012759681255554	Kocak	permutation	
1238.0	0.020475470774224735	Kocak	permutation	
1239.0	0.2645143900133027	Kocak	permutation	
1240.0	-0.09664716912235649	Kocak	permutation	
1241.0	-0.08075356930909239	Kocak	permutation	
1242.0	0.04146522937297625	Kocak	permutation	
1243.0	-0.0023818523326291086	Kocak	permutation	
1244.0	0.0880025414054404	Kocak	permutation	
1245.0	0.06222027456481172	Kocak	permutation	
1246.0	-0.022452321045992374	Kocak	permutation	
1247.0	0.06224005794574561	Kocak	permutation	
1248.0	0.1053231231160936	Kocak	permutation	
1249.0	-0.08567988366396628	Kocak	permutation	
1250.0	-0.020809031621686458	Kocak	permutation	
1251.0	0.27083699031937725	Kocak	permutation	
1252.0	-0.040098109965160944	Kocak	permutation	
1253.0	0.007600588957921595	Kocak	permutation	
1254.0	0.03751255853423974	Kocak	permutation	
1255.0	0.25086157701584	Kocak	permutation	
1256.0	-0.05430968955595894	Kocak	permutation	
1257.0	0.2245236392460095	Kocak	permutation	
1258.0	-0.08965419298234556	Kocak	permutation	
1259.0	0.10239513450365578	Kocak	permutation	
1260.0	-0.12431325331929877	Kocak	permutation	
1261.0	0.11618008242509115	Kocak	permutation	
1262.0	-0.009785243439402791	Kocak	permutation	
1263.0	0.061810214471124336	Kocak	permutation	
1264.0	0.03415720480556139	Kocak	permutation	
1265.0	0.01991190187924996	Kocak	permutation	
1266.0	0.058985181753693716	Kocak	permutation	
1267.0	0.24978906060347272	Kocak	permutation	
1268.0	0.17969637001791927	Kocak	permutation	
1269.0	0.014474709332207514	Kocak	permutation	
1270.0	0.014227242229542636	Kocak	permutation	
1271.0	0.007997257585352635	Kocak	permutation	
1272.0	0.1597666747380999	Kocak	permutation	
1273.0	-0.02388315560198162	Kocak	permutation	
1274.0	0.12759668162020255	Kocak	permutation	
1275.0	0.17451288040526203	Kocak	permutation	
1276.0	0.20760910304265545	Kocak	permutation	
1277.0	-0.011377147106972352	Kocak	permutation	
1278.0	0.09411526610144483	Kocak	permutation	
1279.0	0.3428065276920451	Kocak	permutation	
1280.0	0.10121974652783017	Kocak	permutation	
1281.0	0.0001408015234143356	Kocak	permutation	
1282.0	0.08297950759057438	Kocak	permutation	
1283.0	0.24192183747047746	Kocak	permutation	
1284.0	0.04521601720923485	Kocak	permutation	
1285.0	-0.20204192024318957	Kocak	permutation	
1286.0	-0.09708837650811741	Kocak	permutation	
1287.0	-0.01444116482271074	Kocak	permutation	
1288.0	0.0899417199364394	Kocak	permutation	
1289.0	0.1062039493126039	Kocak	permutation	
1290.0	0.05850524844606397	Kocak	permutation	
1291.0	0.024230064229198156	Kocak	permutation	
1292.0	-0.1909700624555022	Kocak	permutation	
1293.0	0.21588322716603114	Kocak	permutation	
1294.0	-0.020228655891995295	Kocak	permutation	
1295.0	0.2835936958783969	Kocak	permutation	
1296.0	-0.006498505358333517	Kocak	permutation	
1297.0	0.05538518117600244	Kocak	permutation	
1298.0	0.016851649786459255	Kocak	permutation	
1299.0	0.05835525105249051	Kocak	permutation	
1300.0	-0.11521000524424618	Kocak	permutation	
1301.0	-0.18092027119016363	Kocak	permutation	
1302.0	0.15011429187730796	Kocak	permutation	
1303.0	0.10938935480170331	Kocak	permutation	
1304.0	0.0673136507653056	Kocak	permutation	
1305.0	-0.19394907037630116	Kocak	permutation	
1306.0	0.17216777667448424	Kocak	permutation	
1307.0	0.15347214021845756	Kocak	permutation	
1308.0	-0.15566554828701307	Kocak	permutation	
1309.0	-0.21050408564662693	Kocak	permutation	
1310.0	0.08303496728458315	Kocak	permutation	
1311.0	-0.10236213267403471	Kocak	permutation	
1312.0	-0.21228782510315147	Kocak	permutation	
1313.0	0.03725340155140122	Kocak	permutation	
1314.0	0.0031628578100497684	Kocak	permutation	
1315.0	0.28755051812989363	Kocak	permutation	
1316.0	0.028863350979283275	Kocak	permutation	
1317.0	0.041278716903710766	Kocak	permutation	
1318.0	-0.08725986619607173	Kocak	permutation	
1319.0	-0.02448627493284139	Kocak	permutation	
1320.0	-0.04990696967251873	Kocak	permutation	
1321.0	-0.007575039559937213	Kocak	permutation	
1322.0	-0.1506549724056616	Kocak	permutation	
1323.0	-0.011434606440097639	Kocak	permutation	
1324.0	0.10214369372307841	Kocak	permutation	
1325.0	-0.02909631712400529	Kocak	permutation	
1326.0	0.09564837009286853	Kocak	permutation	
1327.0	-0.03428277896726151	Kocak	permutation	
1328.0	0.04258889157902557	Kocak	permutation	
1329.0	0.21323598775307095	Kocak	permutation	
1330.0	0.11873133577492467	Kocak	permutation	
1331.0	0.10648186602105536	Kocak	permutation	
1332.0	0.04416395507245241	Kocak	permutation	
1333.0	0.09313222772099117	Kocak	permutation	
1334.0	-0.06741860660690469	Kocak	permutation	
1335.0	0.1366225189463206	Kocak	permutation	
1336.0	0.07471678290362416	Kocak	permutation	
1337.0	-0.047995503236636594	Kocak	permutation	
1338.0	0.07376586762667836	Kocak	permutation	
1339.0	0.07685925052379616	Kocak	permutation	
1340.0	-0.0760468492042432	Kocak	permutation	
1341.0	0.16553024753823475	Kocak	permutation	
1342.0	0.01527990711644378	Kocak	permutation	
1343.0	-0.1664224269442358	Kocak	permutation	
1344.0	0.06762134762471916	Kocak	permutation	
1345.0	0.1335393061540886	Kocak	permutation	
1346.0	0.12570185314623528	Kocak	permutation	
1347.0	-0.03448341985063008	Kocak	permutation	
1348.0	0.03286085086196833	Kocak	permutation	
1349.0	0.062206470512316425	Kocak	permutation	
1350.0	0.07390897710832078	Kocak	permutation	
1351.0	-0.010288243228663063	Kocak	permutation	
1352.0	-0.1488518558401073	Kocak	permutation	
1353.0	-0.11227802701882572	Kocak	permutation	
1354.0	-0.3284664533012398	Kocak	permutation	
1355.0	0.045662538437477806	Kocak	permutation	
1356.0	0.07847766081991381	Kocak	permutation	
1357.0	-0.1417065602238905	Kocak	permutation	
1358.0	0.16359167175985334	Kocak	permutation	
1359.0	0.20559702412169578	Kocak	permutation	
1360.0	0.05146155249155804	Kocak	permutation	
1361.0	-0.1141565116152945	Kocak	permutation	
1362.0	-0.087243593219128	Kocak	permutation	
1363.0	0.053039805272537155	Kocak	permutation	
1364.0	0.2025095160404251	Kocak	permutation	
1365.0	0.09728333840985703	Kocak	permutation	
1366.0	0.0063631849697287635	Kocak	permutation	
1367.0	0.18242548400640635	Kocak	permutation	
1368.0	0.19188519143106353	Kocak	permutation	
1369.0	-0.013535272559013656	Kocak	permutation	
1370.0	-0.18946052189272544	Kocak	permutation	
1371.0	-0.20651288171657178	Kocak	permutation	
1372.0	0.2914307933197864	Kocak	permutation	
1373.0	0.028886428507019613	Kocak	permutation	
1374.0	0.2164326111443624	Kocak	permutation	
1375.0	-0.024181451349873928	Kocak	permutation	
1376.0	0.2516222871766134	Kocak	permutation	
1377.0	0.025359216215384173	Kocak	permutation	
1378.0	0.05126830149813877	Kocak	permutation	
1379.0	-0.03766801890907567	Kocak	permutation	
1380.0	0.09073929931522828	Kocak	permutation	
1381.0	0.002875744118246981	Kocak	permutation	
1382.0	-0.06387493289235646	Kocak	permutation	
1383.0	-0.031128851851877748	Kocak	permutation	
1384.0	0.014578890992633653	Kocak	permutation	
1385.0	-0.04958393676117767	Kocak	permutation	
1386.0	0.09133491886266354	Kocak	permutation	
1387.0	0.044796401588337975	Kocak	permutation	
1388.0	-0.0008925402490662648	Kocak	permutation	
1389.0	0.09454528359646153	Kocak	permutation	
1390.0	0.16898618553343603	Kocak	permutation	
1391.0	-0.15858991732240302	Kocak	permutation	
1392.0	0.2114446403796757	Kocak	permutation	
1393.0	0.1450400756376946	Kocak	permutation	
1394.0	-0.06896799347237748	Kocak	permutation	
1395.0	-0.1298431363147574	Kocak	permutation	
1396.0	0.2376044173116174	Kocak	permutation	
1397.0	0.2604911619813306	Kocak	permutation	
1398.0	0.22872072865163773	Kocak	permutation	
1399.0	0.0530717969706882	Kocak	permutation	
1400.0	0.07508779675427135	Kocak	permutation	
1401.0	-0.10156969611152977	Kocak	permutation	
1402.0	-0.11337489507898679	Kocak	permutation	
1403.0	-0.11000425875646513	Kocak	permutation	
1404.0	0.15736174031254935	Kocak	permutation	
1405.0	-0.04913418351301768	Kocak	permutation	
1406.0	0.13325729256642838	Kocak	permutation	
1407.0	-0.15319994242323842	Kocak	permutation	
1408.0	-0.1692065117996706	Kocak	permutation	
1409.0	-0.025939027970405704	Kocak	permutation	
1410.0	0.0027410113858565843	Kocak	permutation	
1411.0	-0.07544954494979317	Kocak	permutation	
1412.0	0.026808928224431483	Kocak	permutation	
1413.0	-0.0529362147676391	Kocak	permutation	
1414.0	-0.11514417903411811	Kocak	permutation	
1415.0	0.16549072123815067	Kocak	permutation	
1416.0	0.11714928400902469	Kocak	permutation	
1417.0	0.015182207450378904	Kocak	permutation	
1418.0	0.06772987246507078	Kocak	permutation	
1419.0	0.03050110586523891	Kocak	permutation	
1420.0	-0.019990118940841572	Kocak	permutation	
1421.0	-0.09117700149239205	Kocak	permutation	
1422.0	0.04202670566423938	Kocak	permutation	
1423.0	0.09817364339060042	Kocak	permutation	
1424.0	-0.011334640263398033	Kocak	permutation	
1425.0	0.01948919755786571	Kocak	permutation	
1426.0	0.01737273610687229	Kocak	permutation	
1427.0	0.0032108536295414325	Kocak	permutation	
1428.0	0.04613874396855655	Kocak	permutation	
1429.0	0.1489139609456931	Kocak	permutation	
1430.0	-0.03175144416964715	Kocak	permutation	
1431.0	-0.1174633273046668	Kocak	permutation	
1432.0	-0.010725479955622674	Kocak	permutation	
1433.0	0.10319941116223985	Kocak	permutation	
1434.0	-0.1287923558551176	Kocak	permutation	
1435.0	-0.15265384972425977	Kocak	permutation	
1436.0	0.08676881576496376	Kocak	permutation	
1437.0	0.19552287542852076	Kocak	permutation	
1438.0	-0.09919496135344907	Kocak	permutation	
1439.0	0.10699126183747376	Kocak	permutation	
1440.0	0.16489856700563266	Kocak	permutation	
1441.0	0.11027000241782892	Kocak	permutation	
1442.0	-0.08895289195155343	Kocak	permutation	
1443.0	-0.06297327302332079	Kocak	permutation	
1444.0	-0.09162544119091454	Kocak	permutation	
1445.0	0.061063298916363085	Kocak	permutation	
1446.0	-0.006870754623117037	Kocak	permutation	
1447.0	-0.019306275946838536	Kocak	permutation	
1448.0	0.031131217202574835	Kocak	permutation	
1449.0	0.09981396507772544	Kocak	permutation	
1450.0	0.07996966729681798	Kocak	permutation	
1451.0	-0.0289693293243678	Kocak	permutation	
1452.0	0.04926793892931691	Kocak	permutation	
1453.0	0.044831983333820435	Kocak	permutation	
1454.0	0.0004441407243258588	Kocak	permutation	
1455.0	0.0044488244979357106	Kocak	permutation	
1456.0	0.1615260649835255	Kocak	permutation	
1457.0	-0.020058355761467528	Kocak	permutation	
1458.0	0.07615258834458372	Kocak	permutation	
1459.0	-0.028983180630052008	Kocak	permutation	
1460.0	-0.08750143351006745	Kocak	permutation	
1461.0	0.010690631562785491	Kocak	permutation	
1462.0	-0.00845905242761491	Kocak	permutation	
1463.0	-0.05436483684857096	Kocak	permutation	
1464.0	-0.15116425688137136	Kocak	permutation	
1465.0	-0.15432466328759897	Kocak	permutation	
1466.0	-0.11811030008051437	Kocak	permutation	
1467.0	0.11190898041123454	Kocak	permutation	
1468.0	-0.07022790248351996	Kocak	permutation	
1469.0	0.10686065506036924	Kocak	permutation	
1470.0	0.04735156341357838	Kocak	permutation	
1471.0	-0.12488105949217632	Kocak	permutation	
1472.0	0.029683172714091377	Kocak	permutation	
1473.0	0.1500519348796474	Kocak	permutation	
1474.0	0.025179461638043854	Kocak	permutation	
1475.0	0.1370664996108637	Kocak	permutation	
1476.0	0.04102312077863601	Kocak	permutation	
1477.0	0.15172768987639973	Kocak	permutation	
1478.0	0.033249669690096795	Kocak	permutation	
1479.0	0.06405636696649486	Kocak	permutation	
1480.0	0.0744032073004206	Kocak	permutation	
1481.0	-0.2585762082859202	Kocak	permutation	
1482.0	-0.06959677560457989	Kocak	permutation	
1483.0	0.1486435133491648	Kocak	permutation	
1484.0	-0.016733544067554007	Kocak	permutation	
1485.0	-0.1023924866065764	Kocak	permutation	
1486.0	0.05537485809613196	Kocak	permutation	
1487.0	-0.19432256390013602	Kocak	permutation	
1488.0	-0.1135086185520997	Kocak	permutation	
1489.0	-0.029285614430343276	Kocak	permutation	
1490.0	-0.0432444622631909	Kocak	permutation	
1491.0	-0.07342632213027933	Kocak	permutation	
1492.0	0.28090179655285974	Kocak	permutation	
1493.0	-0.07022551143366318	Kocak	permutation	
1494.0	0.07342874037628233	Kocak	permutation	
1495.0	0.12242476287201898	Kocak	permutation	
1496.0	-0.04485846256801107	Kocak	permutation	
1497.0	-0.1160424827326354	Kocak	permutation	
1498.0	0.21572864487281906	Kocak	permutation	
1499.0	0.07527301659366703	Kocak	permutation	
1500.0	-0.18937869233769966	Kocak	permutation	
1501.0	-0.06281482751768674	Kocak	permutation	
1502.0	0.06377675907884495	Kocak	permutation	
1503.0	0.20716663167163363	Kocak	permutation	
1504.0	-0.027421703966364674	Kocak	permutation	
1505.0	0.011048180973840083	Kocak	permutation	
1506.0	-0.005275685161086674	Kocak	permutation	
1507.0	-0.07704789525919953	Kocak	permutation	
1508.0	-0.1502670552166765	Kocak	permutation	
1509.0	0.05550943375837569	Kocak	permutation	
1510.0	-0.1608059974295828	Kocak	permutation	
1511.0	0.053294372531999645	Kocak	permutation	
1512.0	-0.03388147627226834	Kocak	permutation	
1513.0	-0.03684855415626043	Kocak	permutation	
1514.0	-0.18683606085720728	Kocak	permutation	
1515.0	0.0794002047100828	Kocak	permutation	
1516.0	0.050564001660210245	Kocak	permutation	
1517.0	0.0757896513944405	Kocak	permutation	
1518.0	-0.0375448774509608	Kocak	permutation	
1519.0	-0.04473144808662166	Kocak	permutation	
1520.0	-0.16592729655497251	Kocak	permutation	
1521.0	0.03744227618979368	Kocak	permutation	
1522.0	-0.03867973177831452	Kocak	permutation	
1523.0	0.139584480859122	Kocak	permutation	
1524.0	-0.029837955999794108	Kocak	permutation	
1525.0	0.0008219425415152415	Kocak	permutation	
1526.0	0.14356227158153878	Kocak	permutation	
1527.0	0.1705826116023701	Kocak	permutation	
1528.0	-0.12733640930573387	Kocak	permutation	
1529.0	-0.046438329353704066	Kocak	permutation	
1530.0	0.10307253597303845	Kocak	permutation	
1531.0	0.13855702181373175	Kocak	permutation	
1532.0	0.18605370669310028	Kocak	permutation	
1533.0	0.07816628166816164	Kocak	permutation	
1534.0	0.13554711135774777	Kocak	permutation	
1535.0	0.15665719356182795	Kocak	permutation	
1536.0	0.02354241165272164	Kocak	permutation	
1537.0	0.3327392958120243	Kocak	permutation	
1538.0	0.18283377146805257	Kocak	permutation	
1539.0	0.010053975546570282	Kocak	permutation	
1540.0	0.1421427076837749	Kocak	permutation	
1541.0	-0.16378080249940652	Kocak	permutation	
1542.0	0.14556496291436938	Kocak	permutation	
1543.0	-0.008462857500951326	Kocak	permutation	
1544.0	0.12076254522596175	Kocak	permutation	
1545.0	-0.03004624818109436	Kocak	permutation	
1546.0	-0.12479174419090366	Kocak	permutation	
1547.0	-0.3432567567933602	Kocak	permutation	
1548.0	0.057803649600619345	Kocak	permutation	
1549.0	-0.016648399694738192	Kocak	permutation	
1550.0	-0.1522937228113901	Kocak	permutation	
1551.0	0.12160473458232657	Kocak	permutation	
1552.0	0.02814178201337958	Kocak	permutation	
1553.0	0.1517448672584507	Kocak	permutation	
1554.0	-0.09769811438069897	Kocak	permutation	
1555.0	-0.03542338823275859	Kocak	permutation	
1556.0	0.028403083468000467	Kocak	permutation	
1557.0	-0.06184183954047695	Kocak	permutation	
1558.0	-0.04673890194681274	Kocak	permutation	
1559.0	0.17483587922924348	Kocak	permutation	
1560.0	0.2204941019537876	Kocak	permutation	
1561.0	-0.2565067256438227	Kocak	permutation	
1562.0	-0.12402396972681462	Kocak	permutation	
1563.0	0.15953351710558428	Kocak	permutation	
1564.0	0.08825395712997164	Kocak	permutation	
1565.0	0.02772050887676114	Kocak	permutation	
1566.0	0.034035075777636425	Kocak	permutation	
1567.0	-0.04658760582959598	Kocak	permutation	
1568.0	0.026660647857532194	Kocak	permutation	
1569.0	-0.08075356859943028	Kocak	permutation	
1570.0	0.07238177511943178	Kocak	permutation	
1571.0	0.18251474276361046	Kocak	permutation	
1572.0	0.002482265509794246	Kocak	permutation	
1573.0	0.08585748533587667	Kocak	permutation	
1574.0	-0.13549949858083998	Kocak	permutation	
1575.0	0.037918904554567145	Kocak	permutation	
1576.0	0.046560110158584855	Kocak	permutation	
1577.0	-0.16282924411133237	Kocak	permutation	
1578.0	-0.06228054149253781	Kocak	permutation	
1579.0	-0.17887883812156424	Kocak	permutation	
1580.0	-0.0726814462718477	Kocak	permutation	
1581.0	-0.16016497720911937	Kocak	permutation	
1582.0	0.0429798648123656	Kocak	permutation	
1583.0	0.10092388722788348	Kocak	permutation	
1584.0	0.09423038424392294	Kocak	permutation	
1585.0	0.06781722082344377	Kocak	permutation	
1586.0	0.006121089611535346	Kocak	permutation	
1587.0	-0.02261309413945156	Kocak	permutation	
1588.0	0.02939453499665312	Kocak	permutation	
1589.0	-0.10484753795756241	Kocak	permutation	
1590.0	0.15053419601522622	Kocak	permutation	
1591.0	0.07512355645557989	Kocak	permutation	
1592.0	0.1616915776354988	Kocak	permutation	
1593.0	-0.06417483369867627	Kocak	permutation	
1594.0	0.08284418695695495	Kocak	permutation	
1595.0	-0.070579563027521	Kocak	permutation	
1596.0	0.16095663462338994	Kocak	permutation	
1597.0	0.01502889347881542	Kocak	permutation	
1598.0	0.12936235259165674	Kocak	permutation	
1599.0	0.10827501446346233	Kocak	permutation	
1600.0	0.0968474607307872	Kocak	permutation	
1601.0	0.07557349901241128	Kocak	permutation	
1602.0	0.04113449988477136	Kocak	permutation	
1603.0	0.01606318976692922	Kocak	permutation	
1604.0	0.05963739833254733	Kocak	permutation	
1605.0	0.022618609488915364	Kocak	permutation	
1606.0	0.21377458987669273	Kocak	permutation	
1607.0	0.34599588667971704	Kocak	permutation	
1608.0	0.14428413062701884	Kocak	permutation	
1609.0	-0.1335904320993606	Kocak	permutation	
1610.0	0.3556060598688253	Kocak	permutation	
1611.0	-0.15018652701404367	Kocak	permutation	
1612.0	0.126500254310975	Kocak	permutation	
1613.0	0.19591302417836376	Kocak	permutation	
1614.0	0.2863115962189311	Kocak	permutation	
1615.0	0.08298829134380759	Kocak	permutation	
1616.0	-0.2570395426915546	Kocak	permutation	
1617.0	0.07918201941622405	Kocak	permutation	
1618.0	0.3166045044131982	Kocak	permutation	
1619.0	-0.0038750486553085217	Kocak	permutation	
1620.0	0.19896846553298797	Kocak	permutation	
1621.0	-0.013454021723234622	Kocak	permutation	
1622.0	0.11110817490775915	Kocak	permutation	
1623.0	0.10308638323633756	Kocak	permutation	
1624.0	0.10006716156636575	Kocak	permutation	
1625.0	0.03526868048189913	Kocak	permutation	
1626.0	0.04782155580489844	Kocak	permutation	
1627.0	0.055590608236025574	Kocak	permutation	
1628.0	-0.08799686465907719	Kocak	permutation	
1629.0	0.31994738333335127	Kocak	permutation	
1630.0	0.14429935953564632	Kocak	permutation	
1631.0	0.019088872690295133	Kocak	permutation	
1632.0	0.1496660272384327	Kocak	permutation	
1633.0	-0.025569922424955482	Kocak	permutation	
1634.0	0.053976300122241305	Kocak	permutation	
1635.0	0.011995271253266715	Kocak	permutation	
1636.0	0.08393269034326911	Kocak	permutation	
1637.0	-0.11472770370275764	Kocak	permutation	
1638.0	0.15633631047641483	Kocak	permutation	
1639.0	-0.21074041520991393	Kocak	permutation	
1640.0	0.08996751266501946	Kocak	permutation	
1641.0	-0.17571540936836083	Kocak	permutation	
1642.0	-0.0404847276106346	Kocak	permutation	
1643.0	-0.17701845825124263	Kocak	permutation	
1644.0	-0.02065087811413413	Kocak	permutation	
1645.0	-0.03261564671191852	Kocak	permutation	
1646.0	0.23845182413919552	Kocak	permutation	
1647.0	0.028316353030295005	Kocak	permutation	
1648.0	-0.02788424855436622	Kocak	permutation	
1649.0	-0.0399613291630474	Kocak	permutation	
1650.0	0.027955150918073546	Kocak	permutation	
1651.0	0.029593236059039185	Kocak	permutation	
1652.0	0.003802304728479644	Kocak	permutation	
1653.0	0.17145471805273482	Kocak	permutation	
1654.0	-0.1058822186119297	Kocak	permutation	
1655.0	-0.11049891307340465	Kocak	permutation	
1656.0	-0.16816611167202034	Kocak	permutation	
1657.0	-0.05850512193332502	Kocak	permutation	
1658.0	-0.047885686688800444	Kocak	permutation	
1659.0	0.015313279033959404	Kocak	permutation	
1660.0	-0.0613023085919191	Kocak	permutation	
1661.0	0.058286554800810464	Kocak	permutation	
1662.0	0.02257454391088176	Kocak	permutation	
1663.0	-0.17614342379808656	Kocak	permutation	
1664.0	-0.10488037306986886	Kocak	permutation	
1665.0	-0.014587817952316229	Kocak	permutation	
1666.0	-0.22935897243180037	Kocak	permutation	
1667.0	0.049959132757806834	Kocak	permutation	
1668.0	0.1173865070056257	Kocak	permutation	
1669.0	0.15558760061990062	Kocak	permutation	
1670.0	0.1428627845902133	Kocak	permutation	
1671.0	-0.1260061176023055	Kocak	permutation	
1672.0	0.041878844334724	Kocak	permutation	
1673.0	-0.06202816305905712	Kocak	permutation	
1674.0	-0.06511157593141403	Kocak	permutation	
1675.0	-0.007146331578340881	Kocak	permutation	
1676.0	-0.09145169872116377	Kocak	permutation	
1677.0	-0.0601679724558819	Kocak	permutation	
1678.0	-0.074159662811776	Kocak	permutation	
1679.0	0.11224167278585506	Kocak	permutation	
1680.0	-0.033711991613532	Kocak	permutation	
1681.0	-0.09813431473799294	Kocak	permutation	
1682.0	0.058560723556884575	Kocak	permutation	
1683.0	0.12355892014032621	Kocak	permutation	
1684.0	-0.047997584438177476	Kocak	permutation	
1685.0	-0.10969109783485242	Kocak	permutation	
1686.0	0.05869176370333484	Kocak	permutation	
1687.0	-0.02012546269442872	Kocak	permutation	
1688.0	0.043846698583033916	Kocak	permutation	
1689.0	0.08661507973406701	Kocak	permutation	
1690.0	-0.018548941330430946	Kocak	permutation	
1691.0	-0.08165168003718781	Kocak	permutation	
1692.0	-0.04883370175834889	Kocak	permutation	
1693.0	-0.14445090072086852	Kocak	permutation	
1694.0	-0.13282389771023606	Kocak	permutation	
1695.0	-0.02942286869909516	Kocak	permutation	
1696.0	0.22203078614143523	Kocak	permutation	
1697.0	-0.008999148617886643	Kocak	permutation	
1698.0	-0.020797758107284015	Kocak	permutation	
1699.0	0.21799307418104474	Kocak	permutation	
1700.0	-0.026460905151603153	Kocak	permutation	
1701.0	0.14477827831785461	Kocak	permutation	
1702.0	-0.06350009078763597	Kocak	permutation	
1703.0	-0.11596417455538743	Kocak	permutation	
1704.0	-0.22554153737724514	Kocak	permutation	
1705.0	-0.24625297002787017	Kocak	permutation	
1706.0	-0.0185328625422434	Kocak	permutation	
1707.0	0.0288832018770675	Kocak	permutation	
1708.0	0.2766667602965569	Kocak	permutation	
1709.0	0.15658240718619165	Kocak	permutation	
1710.0	-0.0603495320140337	Kocak	permutation	
1711.0	-0.07760182363649193	Kocak	permutation	
1712.0	-0.05416753180766687	Kocak	permutation	
1713.0	0.08890415187568923	Kocak	permutation	
1714.0	-0.05168953493696771	Kocak	permutation	
1715.0	0.02404271091608523	Kocak	permutation	
1716.0	-0.1696227475455916	Kocak	permutation	
1717.0	-0.1591454098961642	Kocak	permutation	
1718.0	0.002154010534808126	Kocak	permutation	
1719.0	-0.14391326742573618	Kocak	permutation	
1720.0	0.005506578581234045	Kocak	permutation	
1721.0	-0.04063748019846969	Kocak	permutation	
1722.0	0.07813069080089896	Kocak	permutation	
1723.0	-0.1316850426297358	Kocak	permutation	
1724.0	0.038665003700343537	Kocak	permutation	
1725.0	0.027579810748902034	Kocak	permutation	
1726.0	0.011559004925720817	Kocak	permutation	
1727.0	0.15912828660681377	Kocak	permutation	
1728.0	-0.03210343100412105	Kocak	permutation	
1729.0	0.2021218198815058	Kocak	permutation	
1730.0	0.09252967888196828	Kocak	permutation	
1731.0	0.03818815978765855	Kocak	permutation	
1732.0	0.001711976754223521	Kocak	permutation	
1733.0	0.017751054654685294	Kocak	permutation	
1734.0	0.03490811231125912	Kocak	permutation	
1735.0	0.13078035155350154	Kocak	permutation	
1736.0	-0.07316527907561587	Kocak	permutation	
1737.0	-0.06235516361653204	Kocak	permutation	
1738.0	-0.006838562720004937	Kocak	permutation	
1739.0	0.07795446291612196	Kocak	permutation	
1740.0	0.2887257328836208	Kocak	permutation	
1741.0	-0.024751814601366995	Kocak	permutation	
1742.0	-0.07048728989448882	Kocak	permutation	
1743.0	0.002307654455353525	Kocak	permutation	
1744.0	-0.06051710383260289	Kocak	permutation	
1745.0	-0.013447913212150553	Kocak	permutation	
1746.0	-0.025605421541749607	Kocak	permutation	
1747.0	0.061407501103371676	Kocak	permutation	
1748.0	-0.09311100910434122	Kocak	permutation	
1749.0	-0.10979059805194202	Kocak	permutation	
1750.0	0.02546626064439028	Kocak	permutation	
1751.0	0.0946214257687128	Kocak	permutation	
1752.0	0.16226230118839657	Kocak	permutation	
1753.0	0.29551262634559583	Kocak	permutation	
1754.0	0.1676651832977969	Kocak	permutation	
1755.0	0.08524435504700723	Kocak	permutation	
1756.0	-0.10390736413157153	Kocak	permutation	
1757.0	0.02926360568152253	Kocak	permutation	
1758.0	0.039516378768222005	Kocak	permutation	
1759.0	0.1280685041288625	Kocak	permutation	
1760.0	0.01217278086307605	Kocak	permutation	
1761.0	0.12638258909402733	Kocak	permutation	
1762.0	-0.10790185250498707	Kocak	permutation	
1763.0	0.1211404610656821	Kocak	permutation	
1764.0	0.16032207981790192	Kocak	permutation	
1765.0	0.010296213324453074	Kocak	permutation	
1766.0	0.11665170486357157	Kocak	permutation	
1767.0	0.03928642576106478	Kocak	permutation	
1768.0	-0.09776812192866569	Kocak	permutation	
1769.0	-0.10450060507158776	Kocak	permutation	
1770.0	0.005062353446137369	Kocak	permutation	
1771.0	-0.15179840036318115	Kocak	permutation	
1772.0	0.07426499556336674	Kocak	permutation	
1773.0	0.019217831898965088	Kocak	permutation	
1774.0	-0.0743626139280944	Kocak	permutation	
1775.0	0.07267648245668168	Kocak	permutation	
1776.0	0.05165458304119497	Kocak	permutation	
1777.0	0.26880983720045926	Kocak	permutation	
1778.0	0.052884921654569705	Kocak	permutation	
1779.0	-0.05040088981634838	Kocak	permutation	
1780.0	0.11663079820046729	Kocak	permutation	
1781.0	0.08009869590482266	Kocak	permutation	
1782.0	0.15822829197229904	Kocak	permutation	
1783.0	0.17821168789385666	Kocak	permutation	
1784.0	0.017798127217985904	Kocak	permutation	
1785.0	0.15658320595998187	Kocak	permutation	
1786.0	-0.07677198230229587	Kocak	permutation	
1787.0	-0.06512799912150591	Kocak	permutation	
1788.0	-0.0885398262957171	Kocak	permutation	
1789.0	0.28469820769788834	Kocak	permutation	
1790.0	-0.042511290323012485	Kocak	permutation	
1791.0	0.021920636539610072	Kocak	permutation	
1792.0	-0.007732261947268171	Kocak	permutation	
1793.0	0.2283537690999924	Kocak	permutation	
1794.0	0.09584750419627452	Kocak	permutation	
1795.0	-0.12877708953814526	Kocak	permutation	
1796.0	-0.14725352862715102	Kocak	permutation	
1797.0	-0.055456234725556275	Kocak	permutation	
1798.0	0.18787984866061347	Kocak	permutation	
1799.0	0.14488530579551373	Kocak	permutation	
1800.0	0.127119483709774	Kocak	permutation	
1801.0	-0.19055676759277862	Kocak	permutation	
1802.0	-0.1961454292048268	Kocak	permutation	
1803.0	-0.09923368610634498	Kocak	permutation	
1804.0	-0.18635646004861695	Kocak	permutation	
1805.0	-0.04863684302853244	Kocak	permutation	
1806.0	-0.24525921336686318	Kocak	permutation	
1807.0	-0.1739847617857868	Kocak	permutation	
1808.0	0.059613224703482626	Kocak	permutation	
1809.0	-0.04957401501910397	Kocak	permutation	
1810.0	-0.013728634208531432	Kocak	permutation	
1811.0	-0.004518345981373795	Kocak	permutation	
1812.0	-0.038614358754761824	Kocak	permutation	
1813.0	-0.1207155488070315	Kocak	permutation	
1814.0	-0.08479413164676641	Kocak	permutation	
1815.0	0.12665614544689818	Kocak	permutation	
1816.0	-0.1574704555558628	Kocak	permutation	
1817.0	0.02658229045828664	Kocak	permutation	
1818.0	-0.14272805136673572	Kocak	permutation	
1819.0	0.13440614668208095	Kocak	permutation	
1820.0	0.10727604516097689	Kocak	permutation	
1821.0	0.00044589989691790066	Kocak	permutation	
1822.0	0.039366688494058	Kocak	permutation	
1823.0	-0.05054306067422232	Kocak	permutation	
1824.0	0.12462423198370232	Kocak	permutation	
1825.0	0.027660695308375338	Kocak	permutation	
1826.0	0.14924093302154517	Kocak	permutation	
1827.0	0.03719207899565902	Kocak	permutation	
1828.0	0.24936680833084024	Kocak	permutation	
1829.0	0.19849277330269333	Kocak	permutation	
1830.0	0.16038113599116333	Kocak	permutation	
1831.0	0.13187475828709427	Kocak	permutation	
1832.0	0.006044898082584904	Kocak	permutation	
1833.0	-0.0844812285999752	Kocak	permutation	
1834.0	-0.09277737971990518	Kocak	permutation	
1835.0	-0.07535550592067253	Kocak	permutation	
1836.0	0.05176644469361236	Kocak	permutation	
1837.0	-0.050443636461611874	Kocak	permutation	
1838.0	-0.055412336284025976	Kocak	permutation	
1839.0	-0.10286265284292107	Kocak	permutation	
1840.0	0.09407171826516958	Kocak	permutation	
1841.0	0.027785222963299994	Kocak	permutation	
1842.0	-0.033333380707632365	Kocak	permutation	
1843.0	0.034629323355983566	Kocak	permutation	
1844.0	-0.27758721138655273	Kocak	permutation	
1845.0	-0.023177671896063234	Kocak	permutation	
1846.0	-0.02172746280560567	Kocak	permutation	
1847.0	0.03852182261589121	Kocak	permutation	
1848.0	0.17340686166854224	Kocak	permutation	
1849.0	-0.05289422416028611	Kocak	permutation	
1850.0	0.21377325288728777	Kocak	permutation	
1851.0	-0.0770960361391202	Kocak	permutation	
1852.0	0.05200832784353571	Kocak	permutation	
1853.0	0.18688216214143516	Kocak	permutation	
1854.0	0.023636221325660234	Kocak	permutation	
1855.0	0.1368617429525676	Kocak	permutation	
1856.0	0.1705778128124531	Kocak	permutation	
1857.0	0.16008530516419128	Kocak	permutation	
1858.0	-0.007182612876098116	Kocak	permutation	
1859.0	-0.2252346031395298	Kocak	permutation	
1860.0	0.01101192862105238	Kocak	permutation	
1861.0	-0.03942308603510014	Kocak	permutation	
1862.0	-0.04711876490386846	Kocak	permutation	
1863.0	-0.050225638636609116	Kocak	permutation	
1864.0	0.00915902862232354	Kocak	permutation	
1865.0	0.0645875537116316	Kocak	permutation	
1866.0	-0.13069254585042467	Kocak	permutation	
1867.0	0.14424575830096042	Kocak	permutation	
1868.0	0.044804082205707196	Kocak	permutation	
1869.0	-0.07747448971322468	Kocak	permutation	
1870.0	0.0718530478662518	Kocak	permutation	
1871.0	0.008755679669532945	Kocak	permutation	
1872.0	-0.06719620579314611	Kocak	permutation	
1873.0	0.03049167788177387	Kocak	permutation	
1874.0	0.1417071675454631	Kocak	permutation	
1875.0	0.11097503010552145	Kocak	permutation	
1876.0	0.1437577445031195	Kocak	permutation	
1877.0	-0.054453983589934474	Kocak	permutation	
1878.0	0.17112237917784245	Kocak	permutation	
1879.0	-0.23549977829196145	Kocak	permutation	
1880.0	-0.049958097740613105	Kocak	permutation	
1881.0	0.08006293137652998	Kocak	permutation	
1882.0	0.1443302514844329	Kocak	permutation	
1883.0	0.14490965243623322	Kocak	permutation	
1884.0	0.13731077051498985	Kocak	permutation	
1885.0	0.0510504252588575	Kocak	permutation	
1886.0	-0.12751144644592927	Kocak	permutation	
1887.0	-0.18793042669801707	Kocak	permutation	
1888.0	0.138868994365565	Kocak	permutation	
1889.0	-0.006430993562499321	Kocak	permutation	
1890.0	0.07014684970879781	Kocak	permutation	
1891.0	-0.18982148347055894	Kocak	permutation	
1892.0	0.10554403704542592	Kocak	permutation	
1893.0	-0.011158148448529026	Kocak	permutation	
1894.0	0.04644723727936828	Kocak	permutation	
1895.0	0.0007272779970270982	Kocak	permutation	
1896.0	0.26124630464750664	Kocak	permutation	
1897.0	0.09754248587930991	Kocak	permutation	
1898.0	0.042665949122669744	Kocak	permutation	
1899.0	0.053891814795832715	Kocak	permutation	
1900.0	-0.07541235745947761	Kocak	permutation	
1901.0	-0.05225563594123228	Kocak	permutation	
1902.0	0.20107158161691618	Kocak	permutation	
1903.0	0.0016390466970546136	Kocak	permutation	
1904.0	0.1542736360434689	Kocak	permutation	
1905.0	-0.01814218332380868	Kocak	permutation	
1906.0	0.0008698448138360071	Kocak	permutation	
1907.0	0.09514313502796101	Kocak	permutation	
1908.0	-0.21278005987476023	Kocak	permutation	
1909.0	0.2925432181000436	Kocak	permutation	
1910.0	0.10879929418872125	Kocak	permutation	
1911.0	0.1332864914757912	Kocak	permutation	
1912.0	-0.0021856937302349166	Kocak	permutation	
1913.0	-0.07273222720915573	Kocak	permutation	
1914.0	-0.13343734212508584	Kocak	permutation	
1915.0	0.05160245413813325	Kocak	permutation	
1916.0	0.2170176014413232	Kocak	permutation	
1917.0	-0.13117649026957556	Kocak	permutation	
1918.0	-0.006712997077843674	Kocak	permutation	
1919.0	0.21232186868352754	Kocak	permutation	
1920.0	-0.022723857853437668	Kocak	permutation	
1921.0	0.009115146666897722	Kocak	permutation	
1922.0	-0.3946455109098559	Kocak	permutation	
1923.0	-0.11541751161102587	Kocak	permutation	
1924.0	0.11181503662859482	Kocak	permutation	
1925.0	-0.2424860989960118	Kocak	permutation	
1926.0	0.3030519376143799	Kocak	permutation	
1927.0	0.11036261676994474	Kocak	permutation	
1928.0	0.23711973969470979	Kocak	permutation	
1929.0	0.06618131660585336	Kocak	permutation	
1930.0	0.08673481176422504	Kocak	permutation	
1931.0	-0.13306120235859797	Kocak	permutation	
1932.0	0.08768133338100936	Kocak	permutation	
1933.0	0.02710143396598541	Kocak	permutation	
1934.0	0.004680055833080399	Kocak	permutation	
1935.0	0.0994705447509161	Kocak	permutation	
1936.0	-0.14571647452027303	Kocak	permutation	
1937.0	0.1108529493261079	Kocak	permutation	
1938.0	0.1288035923371389	Kocak	permutation	
1939.0	-0.1478107169055387	Kocak	permutation	
1940.0	-0.16420379870648372	Kocak	permutation	
1941.0	-0.34360404583833537	Kocak	permutation	
1942.0	0.2109474735805943	Kocak	permutation	
1943.0	0.11307991681039731	Kocak	permutation	
1944.0	0.16879324176915445	Kocak	permutation	
1945.0	-0.02451260805675881	Kocak	permutation	
1946.0	-0.11091787215090188	Kocak	permutation	
1947.0	0.19187707034368895	Kocak	permutation	
1948.0	0.13231145107950137	Kocak	permutation	
1949.0	0.39667104587483903	Kocak	permutation	
1950.0	-0.053343207792230896	Kocak	permutation	
1951.0	-0.060868702450163514	Kocak	permutation	
1952.0	-0.0636094982780051	Kocak	permutation	
1953.0	0.10779830647445454	Kocak	permutation	
1954.0	-0.024489253511184028	Kocak	permutation	
1955.0	0.06873621756470927	Kocak	permutation	
1956.0	-0.22142294752127212	Kocak	permutation	
1957.0	-0.03528797276438178	Kocak	permutation	
1958.0	0.18312759854655258	Kocak	permutation	
1959.0	0.16450688104610967	Kocak	permutation	
1960.0	0.1398646641270318	Kocak	permutation	
1961.0	0.09286824570361896	Kocak	permutation	
1962.0	0.17754838681495588	Kocak	permutation	
1963.0	0.10554944287040646	Kocak	permutation	
1964.0	-0.1948707808254806	Kocak	permutation	
1965.0	0.12003792328120211	Kocak	permutation	
1966.0	0.1012434388034058	Kocak	permutation	
1967.0	0.2225058481408011	Kocak	permutation	
1968.0	0.07860263907575238	Kocak	permutation	
1969.0	0.0804668277009899	Kocak	permutation	
1970.0	0.04222737275331001	Kocak	permutation	
1971.0	-0.14279248521578625	Kocak	permutation	
1972.0	-0.00693745767334919	Kocak	permutation	
1973.0	0.08103846749900034	Kocak	permutation	
1974.0	0.06488346232316555	Kocak	permutation	
1975.0	-0.09357455349497457	Kocak	permutation	
1976.0	0.07379479043627812	Kocak	permutation	
1977.0	-0.2120946951098115	Kocak	permutation	
1978.0	0.2118417667741852	Kocak	permutation	
1979.0	0.05018802435756475	Kocak	permutation	
1980.0	0.019121755213702407	Kocak	permutation	
1981.0	0.0533963577372889	Kocak	permutation	
1982.0	0.0978142937847255	Kocak	permutation	
1983.0	0.07192708719283392	Kocak	permutation	
1984.0	0.23785922864029496	Kocak	permutation	
1985.0	-0.2129437295552341	Kocak	permutation	
1986.0	-0.0536485024123996	Kocak	permutation	
1987.0	-0.01416412639554121	Kocak	permutation	
1988.0	-0.19385327012671016	Kocak	permutation	
1989.0	0.02253573992210889	Kocak	permutation	
1990.0	0.03955636924923667	Kocak	permutation	
1991.0	0.012608249108911007	Kocak	permutation	
1992.0	-0.0034002596413458264	Kocak	permutation	
1993.0	0.0976746696749271	Kocak	permutation	
1994.0	0.09705491998949434	Kocak	permutation	
1995.0	-0.008688081449780505	Kocak	permutation	
1996.0	0.03197135302100751	Kocak	permutation	
1997.0	0.39277128991552646	Kocak	permutation	
1998.0	-0.018731106089338923	Kocak	permutation	
1999.0	-0.02482381586329785	Kocak	permutation	
2000.0	0.13071591014838146	Kocak	permutation	
2001.0	-0.20997023863114528	Kocak	permutation	
2002.0	-0.18787857615914172	Kocak	permutation	
2003.0	-0.02872274628045357	Kocak	permutation	
2004.0	0.02332658722293024	Kocak	permutation	
2005.0	0.005019127225414977	Kocak	permutation	
2006.0	0.09560146755433907	Kocak	permutation	
2007.0	0.2497787721939515	Kocak	permutation	
2008.0	-0.20081909170107615	Kocak	permutation	
2009.0	-0.014341572737812225	Kocak	permutation	
2010.0	-0.020584250401106896	Kocak	permutation	
2011.0	0.06611817253350516	Kocak	permutation	
2012.0	0.0362544399632827	Kocak	permutation	
2013.0	-0.09481534099710753	Kocak	permutation	
2014.0	0.048827165627456814	Kocak	permutation	
2015.0	-0.05130730917975379	Kocak	permutation	
2016.0	0.15710651944249854	Kocak	permutation	
2017.0	-0.06375593818760406	Kocak	permutation	
2018.0	0.21076425495310813	Kocak	permutation	
2019.0	0.034785312279061564	Kocak	permutation	
2020.0	0.20175948627129392	Kocak	permutation	
2021.0	0.03769892696500765	Kocak	permutation	
2022.0	0.015203641593094286	Kocak	permutation	
2023.0	-0.009981677676633272	Kocak	permutation	
2024.0	-0.02848241661586881	Kocak	permutation	
2025.0	0.06913775075251838	Kocak	permutation	
2026.0	-0.050316879121528935	Kocak	permutation	
2027.0	-0.052868777698472424	Kocak	permutation	
2028.0	-0.28129863882460615	Kocak	permutation	
2029.0	0.1298752046852103	Kocak	permutation	
2030.0	0.12173936193619195	Kocak	permutation	
2031.0	0.0894645664617757	Kocak	permutation	
2032.0	0.002708017722541811	Kocak	permutation	
2033.0	-0.23958553055515752	Kocak	permutation	
2034.0	-0.14908780496985896	Kocak	permutation	
2035.0	0.14800258149604106	Kocak	permutation	
2036.0	-0.16933632563953438	Kocak	permutation	
2037.0	0.04999550110915907	Kocak	permutation	
2038.0	0.1529834073935903	Kocak	permutation	
2039.0	-0.0129379378675063	Kocak	permutation	
2040.0	-0.29334157506908687	Kocak	permutation	
2041.0	0.0035783520594203644	Kocak	permutation	
2042.0	0.0021814725940636492	Kocak	permutation	
2043.0	0.20728548940121616	Kocak	permutation	
2044.0	-0.09020081425029991	Kocak	permutation	
2045.0	0.08277828587019886	Kocak	permutation	
2046.0	0.020370891867606655	Kocak	permutation	
2047.0	0.13945382027246733	Kocak	permutation	
2048.0	0.055036873434319844	Kocak	permutation	
2049.0	0.06995694859205148	Kocak	permutation	
2050.0	-0.051783469484381506	Kocak	permutation	
2051.0	-0.030592700507517723	Kocak	permutation	
2052.0	0.0038171916140652407	Kocak	permutation	
2053.0	-0.14268709689956838	Kocak	permutation	
2054.0	-0.04834503042353511	Kocak	permutation	
2055.0	0.14391539709986745	Kocak	permutation	
2056.0	0.363709149144519	Kocak	permutation	
2057.0	0.20316619479654152	Kocak	permutation	
2058.0	0.1770334554468369	Kocak	permutation	
2059.0	0.002771687921864885	Kocak	permutation	
2060.0	0.11688889556265813	Kocak	permutation	
2061.0	-0.12820595259780987	Kocak	permutation	
2062.0	0.07113366738199778	Kocak	permutation	
2063.0	-0.003920007996367936	Kocak	permutation	
2064.0	0.09479011294159667	Kocak	permutation	
2065.0	0.21856820835569435	Kocak	permutation	
2066.0	-0.09985591984298336	Kocak	permutation	
2067.0	0.05112526405797091	Kocak	permutation	
2068.0	-0.1479140517642774	Kocak	permutation	
2069.0	0.08702293348246792	Kocak	permutation	
2070.0	-0.0504098670969193	Kocak	permutation	
2071.0	0.21530664127906096	Kocak	permutation	
2072.0	-0.02083818775860813	Kocak	permutation	
2073.0	0.012542711482067759	Kocak	permutation	
2074.0	0.36701308472240646	Kocak	permutation	
2075.0	-0.19109643765998463	Kocak	permutation	
2076.0	-0.0032167107917961957	Kocak	permutation	
2077.0	-0.03729516917945208	Kocak	permutation	
2078.0	0.0925718609136994	Kocak	permutation	
2079.0	-0.13921599817701047	Kocak	permutation	
2080.0	0.0836372898489004	Kocak	permutation	
2081.0	-0.04176607862050119	Kocak	permutation	
2082.0	0.01094776781522544	Kocak	permutation	
2083.0	-0.11627207372653903	Kocak	permutation	
2084.0	-0.14521732256149944	Kocak	permutation	
2085.0	0.04500278713699135	Kocak	permutation	
2086.0	0.1298418529283829	Kocak	permutation	
2087.0	-0.03714353125099379	Kocak	permutation	
2088.0	-0.037648529350288396	Kocak	permutation	
2089.0	0.004421786562328833	Kocak	permutation	
2090.0	0.04429866558869344	Kocak	permutation	
2091.0	0.0194878398337206	Kocak	permutation	
2092.0	0.2117353055943516	Kocak	permutation	
2093.0	0.21910855716758215	Kocak	permutation	
2094.0	-0.08730406663307244	Kocak	permutation	
2095.0	0.05154022120415824	Kocak	permutation	
2096.0	0.07088493859545775	Kocak	permutation	
2097.0	0.21137676232827474	Kocak	permutation	
2098.0	0.23770925208231697	Kocak	permutation	
2099.0	0.3221453552436917	Kocak	permutation	
2100.0	0.1579783418574805	Kocak	permutation	
2101.0	-0.0014004379512395637	Kocak	permutation	
2102.0	0.020927352737158067	Kocak	permutation	
2103.0	-0.024386269575900066	Kocak	permutation	
2104.0	-0.07255774302625229	Kocak	permutation	
2105.0	-0.08297610786912601	Kocak	permutation	
2106.0	0.07511521831806789	Kocak	permutation	
2107.0	0.07269649737645212	Kocak	permutation	
2108.0	0.17351744687011506	Kocak	permutation	
2109.0	-0.016673774053489243	Kocak	permutation	
2110.0	0.16561854650320385	Kocak	permutation	
2111.0	0.16754529584856304	Kocak	permutation	
2112.0	0.06438127501476343	Kocak	permutation	
2113.0	0.04018415435445899	Kocak	permutation	
2114.0	0.013559869836851313	Kocak	permutation	
2115.0	0.1812148108323619	Kocak	permutation	
2116.0	-0.07606702469664084	Kocak	permutation	
2117.0	0.04388058477396761	Kocak	permutation	
2118.0	0.09923936460624194	Kocak	permutation	
2119.0	-0.049777522487470804	Kocak	permutation	
2120.0	0.038101642979015526	Kocak	permutation	
2121.0	0.15828603569727084	Kocak	permutation	
2122.0	-0.08326528493297047	Kocak	permutation	
2123.0	-0.04085540991793479	Kocak	permutation	
2124.0	0.10137380304537391	Kocak	permutation	
2125.0	0.19848233901416146	Kocak	permutation	
2126.0	0.07232524878878088	Kocak	permutation	
2127.0	0.16467811468965543	Kocak	permutation	
2128.0	-0.10533863630331508	Kocak	permutation	
2129.0	-0.03723437006177566	Kocak	permutation	
2130.0	-0.1359031393772825	Kocak	permutation	
2131.0	0.017842182225880965	Kocak	permutation	
2132.0	0.19993801987171755	Kocak	permutation	
2133.0	0.08607070311245257	Kocak	permutation	
2134.0	0.17027089749544766	Kocak	permutation	
2135.0	-0.036572810498274766	Kocak	permutation	
2136.0	0.26230019410852146	Kocak	permutation	
2137.0	0.09740658372710431	Kocak	permutation	
2138.0	-0.14322815984500004	Kocak	permutation	
2139.0	0.0024175757310516133	Kocak	permutation	
2140.0	0.0648646089476852	Kocak	permutation	
2141.0	0.09665576837865286	Kocak	permutation	
2142.0	0.06979239617229194	Kocak	permutation	
2143.0	0.014146800438299856	Kocak	permutation	
2144.0	0.3174985001031385	Kocak	permutation	
2145.0	0.3334947909257475	Kocak	permutation	
2146.0	0.1540929287266497	Kocak	permutation	
2147.0	0.06556824664922445	Kocak	permutation	
2148.0	0.11684176887766773	Kocak	permutation	
2149.0	-0.083488078987767	Kocak	permutation	
2150.0	0.009105049949921451	Kocak	permutation	
2151.0	-0.09682826568356351	Kocak	permutation	
2152.0	-0.037315207360125946	Kocak	permutation	
2153.0	-0.14336686498023665	Kocak	permutation	
2154.0	0.23623927811062817	Kocak	permutation	
2155.0	0.15405338200590002	Kocak	permutation	
2156.0	-0.10702077119049092	Kocak	permutation	
2157.0	0.1142179470903888	Kocak	permutation	
2158.0	-0.12511524120883744	Kocak	permutation	
2159.0	-0.1689886414037316	Kocak	permutation	
2160.0	0.14176152567478617	Kocak	permutation	
2161.0	-0.0017817489741527304	Kocak	permutation	
2162.0	0.0011604228782493564	Kocak	permutation	
2163.0	0.05641050059293429	Kocak	permutation	
2164.0	0.20350111949289174	Kocak	permutation	
2165.0	-0.32004265085768324	Kocak	permutation	
2166.0	-0.14980974187532992	Kocak	permutation	
2167.0	-0.07584013482468999	Kocak	permutation	
2168.0	-0.319395180550198	Kocak	permutation	
2169.0	0.022119088725602865	Kocak	permutation	
2170.0	0.06192546671115284	Kocak	permutation	
2171.0	0.2650186074385741	Kocak	permutation	
2172.0	-0.14610584180953978	Kocak	permutation	
2173.0	0.009611914827313939	Kocak	permutation	
2174.0	0.11362059729917062	Kocak	permutation	
2175.0	0.11991967025232908	Kocak	permutation	
2176.0	-0.2026111497153562	Kocak	permutation	
2177.0	0.10667970189084075	Kocak	permutation	
2178.0	-0.0017367671674435314	Kocak	permutation	
2179.0	0.11327249394444516	Kocak	permutation	
2180.0	-0.10532285200561331	Kocak	permutation	
2181.0	0.005724959592422252	Kocak	permutation	
2182.0	0.06779531827447194	Kocak	permutation	
2183.0	-0.14163929655972574	Kocak	permutation	
2184.0	-0.0656144099348901	Kocak	permutation	
2185.0	-0.08178492705216378	Kocak	permutation	
2186.0	-0.018074295417076947	Kocak	permutation	
2187.0	-0.24554077966474663	Kocak	permutation	
2188.0	-0.04898754235824976	Kocak	permutation	
2189.0	0.10817048165452725	Kocak	permutation	
2190.0	-0.04208663678822466	Kocak	permutation	
2191.0	0.006574151208365908	Kocak	permutation	
2192.0	0.14183590654913836	Kocak	permutation	
2193.0	0.10714833856361272	Kocak	permutation	
2194.0	-0.1576792889348302	Kocak	permutation	
2195.0	-0.058632008362205834	Kocak	permutation	
2196.0	-0.06757959641737221	Kocak	permutation	
2197.0	-0.1934558492032732	Kocak	permutation	
2198.0	-0.2581998193920372	Kocak	permutation	
2199.0	0.1330205411641212	Kocak	permutation	
2200.0	0.08248807642676814	Kocak	permutation	
2201.0	0.12755942855959423	Kocak	permutation	
2202.0	-0.037138629004096924	Kocak	permutation	
2203.0	0.0004874809596127072	Kocak	permutation	
2204.0	0.0313342121443263	Kocak	permutation	
2205.0	-0.0791513334126539	Kocak	permutation	
2206.0	0.16461823256824504	Kocak	permutation	
2207.0	-0.03636919146503903	Kocak	permutation	
2208.0	-0.06361773116840164	Kocak	permutation	
2209.0	0.038501624253703515	Kocak	permutation	
2210.0	-0.02957706529279802	Kocak	permutation	
2211.0	0.020405769896726156	Kocak	permutation	
2212.0	-0.0411418373109913	Kocak	permutation	
2213.0	0.07866716436348353	Kocak	permutation	
2214.0	0.04706090302035504	Kocak	permutation	
2215.0	0.039698617785952184	Kocak	permutation	
2216.0	0.2798539748661457	Kocak	permutation	
2217.0	0.12115501094980008	Kocak	permutation	
2218.0	0.07917379009754866	Kocak	permutation	
2219.0	-0.03244368557107924	Kocak	permutation	
2220.0	-0.10872491323759448	Kocak	permutation	
2221.0	0.05414659547700973	Kocak	permutation	
2222.0	-0.10898070918049907	Kocak	permutation	
2223.0	0.14079457094957393	Kocak	permutation	
2224.0	-0.13114077513794786	Kocak	permutation	
2225.0	0.08001489216912194	Kocak	permutation	
2226.0	0.04929912688706217	Kocak	permutation	
2227.0	-0.11433437450642003	Kocak	permutation	
2228.0	0.03228467206428087	Kocak	permutation	
2229.0	0.2068876344539463	Kocak	permutation	
2230.0	-0.05459571883966774	Kocak	permutation	
2231.0	0.20703961319153752	Kocak	permutation	
2232.0	0.0946002241478654	Kocak	permutation	
2233.0	0.15347094244439097	Kocak	permutation	
2234.0	0.2764152859005229	Kocak	permutation	
2235.0	0.12420321785965749	Kocak	permutation	
2236.0	-0.18029210935218032	Kocak	permutation	
2237.0	0.09043813550921032	Kocak	permutation	
2238.0	0.038485560140988806	Kocak	permutation	
2239.0	0.22306580334812143	Kocak	permutation	
2240.0	-0.19385477608895663	Kocak	permutation	
2241.0	0.009087465326450328	Kocak	permutation	
2242.0	0.11175069080140343	Kocak	permutation	
2243.0	0.016378651461711247	Kocak	permutation	
2244.0	-0.013317409985020845	Kocak	permutation	
2245.0	-0.14321605133947646	Kocak	permutation	
2246.0	-0.2285148987021577	Kocak	permutation	
2247.0	0.1339769965860671	Kocak	permutation	
2248.0	0.09469288596354497	Kocak	permutation	
2249.0	0.15410641512722334	Kocak	permutation	
2250.0	-0.012387370379729923	Kocak	permutation	
2251.0	-0.07189829729802444	Kocak	permutation	
2252.0	-0.03208779013707019	Kocak	permutation	
2253.0	0.06725706958652156	Kocak	permutation	
2254.0	0.12713154298131535	Kocak	permutation	
2255.0	0.09136042038148284	Kocak	permutation	
2256.0	-0.16146566288157915	Kocak	permutation	
2257.0	0.05994666950789718	Kocak	permutation	
2258.0	-0.013196799351703259	Kocak	permutation	
2259.0	-0.12497591790400442	Kocak	permutation	
2260.0	0.0015451974784346234	Kocak	permutation	
2261.0	0.08490837325410938	Kocak	permutation	
2262.0	-0.08844016791600495	Kocak	permutation	
2263.0	-0.00035977852739410565	Kocak	permutation	
2264.0	-0.21168272050299874	Kocak	permutation	
2265.0	0.08385343058018524	Kocak	permutation	
2266.0	-0.179864522417732	Kocak	permutation	
2267.0	-0.01263087109863914	Kocak	permutation	
2268.0	-0.13184210511356254	Kocak	permutation	
2269.0	0.009710764045517184	Kocak	permutation	
2270.0	0.07837972766776691	Kocak	permutation	
2271.0	0.0537841340162184	Kocak	permutation	
2272.0	-0.044561019289009796	Kocak	permutation	
2273.0	0.22256477993266133	Kocak	permutation	
2274.0	-0.16578646726166602	Kocak	permutation	
2275.0	0.2947916215338635	Kocak	permutation	
2276.0	0.07038533807424141	Kocak	permutation	
2277.0	0.01703495017518808	Kocak	permutation	
2278.0	0.2066372939303185	Kocak	permutation	
2279.0	0.0043591583956108515	Kocak	permutation	
2280.0	-0.03285183600650754	Kocak	permutation	
2281.0	0.12424004332214844	Kocak	permutation	
2282.0	-0.0795618027912921	Kocak	permutation	
2283.0	0.05118779557829578	Kocak	permutation	
2284.0	0.12099949140973942	Kocak	permutation	
2285.0	0.14761914955959377	Kocak	permutation	
2286.0	0.12435490795726656	Kocak	permutation	
2287.0	0.17756119797580805	Kocak	permutation	
2288.0	0.06132802617767741	Kocak	permutation	
2289.0	-0.0070344147329159945	Kocak	permutation	
2290.0	-0.06179678616132067	Kocak	permutation	
2291.0	0.04656550351389255	Kocak	permutation	
2292.0	-0.33692776983904826	Kocak	permutation	
2293.0	0.15508055080885486	Kocak	permutation	
2294.0	-0.08539794336916273	Kocak	permutation	
2295.0	-0.1345831228643184	Kocak	permutation	
2296.0	-0.07562153627451851	Kocak	permutation	
2297.0	-0.004171812109798445	Kocak	permutation	
2298.0	-0.058885736479462825	Kocak	permutation	
2299.0	0.13446968484757527	Kocak	permutation	
2300.0	0.16381468756439155	Kocak	permutation	
2301.0	0.1375876732035901	Kocak	permutation	
2302.0	-0.016450453057903047	Kocak	permutation	
2303.0	0.013209625156220817	Kocak	permutation	
2304.0	-0.16672096582142704	Kocak	permutation	
2305.0	0.3013232521540825	Kocak	permutation	
2306.0	0.28175120314416446	Kocak	permutation	
2307.0	0.11603294986911017	Kocak	permutation	
2308.0	0.13998791655181408	Kocak	permutation	
2309.0	0.045997322291678966	Kocak	permutation	
2310.0	-0.10317038955916136	Kocak	permutation	
2311.0	0.00820151952723469	Kocak	permutation	
2312.0	-0.15046252273938965	Kocak	permutation	
2313.0	-0.25463888231916965	Kocak	permutation	
2314.0	0.1036384606134706	Kocak	permutation	
2315.0	-0.02519389531678007	Kocak	permutation	
2316.0	-0.12332942690025384	Kocak	permutation	
2317.0	0.07145956482251759	Kocak	permutation	
2318.0	0.18088424824594362	Kocak	permutation	
2319.0	-0.049441805329283994	Kocak	permutation	
2320.0	0.07745209050109025	Kocak	permutation	
2321.0	-0.2199029415539857	Kocak	permutation	
2322.0	-0.05064644398095508	Kocak	permutation	
2323.0	0.01421058958582977	Kocak	permutation	
2324.0	0.019681300459506	Kocak	permutation	
2325.0	-0.08705016164708113	Kocak	permutation	
2326.0	-0.1525289948455928	Kocak	permutation	
2327.0	-0.22561885849731356	Kocak	permutation	
2328.0	0.02237718159282709	Kocak	permutation	
2329.0	-0.06415042046636765	Kocak	permutation	
2330.0	0.008638139899923125	Kocak	permutation	
2331.0	0.11774080439134327	Kocak	permutation	
2332.0	0.02681110529205899	Kocak	permutation	
2333.0	0.12287488679226355	Kocak	permutation	
2334.0	0.17540864908654497	Kocak	permutation	
2335.0	-0.005090802748713763	Kocak	permutation	
2336.0	0.11843053895536837	Kocak	permutation	
2337.0	0.07049606048159696	Kocak	permutation	
2338.0	-0.16163740291654083	Kocak	permutation	
2339.0	0.07899572135019906	Kocak	permutation	
2340.0	0.11306794856742064	Kocak	permutation	
2341.0	0.11269933862483716	Kocak	permutation	
2342.0	0.11617348111373493	Kocak	permutation	
2343.0	-0.15624156183438886	Kocak	permutation	
2344.0	-0.15783909663655793	Kocak	permutation	
2345.0	0.05396729685732149	Kocak	permutation	
2346.0	0.0180837004924439	Kocak	permutation	
2347.0	0.06850980450236	Kocak	permutation	
2348.0	0.007819330572707006	Kocak	permutation	
2349.0	-0.11228408427143766	Kocak	permutation	
2350.0	0.21397710542898984	Kocak	permutation	
2351.0	-0.25587174748120667	Kocak	permutation	
2352.0	0.13760209942568746	Kocak	permutation	
2353.0	-0.02317397005659183	Kocak	permutation	
2354.0	-0.09838784188313277	Kocak	permutation	
2355.0	0.26776680249607	Kocak	permutation	
2356.0	0.08383131716996894	Kocak	permutation	
2357.0	0.15271844643698307	Kocak	permutation	
2358.0	0.321060730557722	Kocak	permutation	
2359.0	-0.09602986075237707	Kocak	permutation	
2360.0	-0.07994814060127275	Kocak	permutation	
2361.0	-0.06068749713794164	Kocak	permutation	
2362.0	-0.09946791148801726	Kocak	permutation	
2363.0	0.09988546684589794	Kocak	permutation	
2364.0	-0.16919173475246918	Kocak	permutation	
2365.0	-0.22575553038183438	Kocak	permutation	
2366.0	-0.07242152427065784	Kocak	permutation	
2367.0	-0.04554994365635556	Kocak	permutation	
2368.0	-0.09710705367510863	Kocak	permutation	
2369.0	-0.1995674925716724	Kocak	permutation	
2370.0	-0.20548744724690904	Kocak	permutation	
2371.0	0.2935917959336143	Kocak	permutation	
2372.0	-0.06255900639406597	Kocak	permutation	
2373.0	-0.08022002353324886	Kocak	permutation	
2374.0	-0.021649277985479998	Kocak	permutation	
2375.0	-0.09927051928981179	Kocak	permutation	
2376.0	0.031026605409304242	Kocak	permutation	
2377.0	0.09296546536101946	Kocak	permutation	
2378.0	0.15518912721237488	Kocak	permutation	
2379.0	0.4579152444574257	Kocak	permutation	
2380.0	-0.1726202706585256	Kocak	permutation	
2381.0	0.10351245537993181	Kocak	permutation	
2382.0	0.19766615491212347	Kocak	permutation	
2383.0	-0.07747536735940397	Kocak	permutation	
2384.0	0.09032233296935521	Kocak	permutation	
2385.0	-0.07121028458562062	Kocak	permutation	
2386.0	0.1999094086346851	Kocak	permutation	
2387.0	0.06797553424142944	Kocak	permutation	
2388.0	-0.1478475120922127	Kocak	permutation	
2389.0	0.11739824283103273	Kocak	permutation	
2390.0	0.2344276165813417	Kocak	permutation	
2391.0	-0.019100094431790282	Kocak	permutation	
2392.0	0.006051988274393683	Kocak	permutation	
2393.0	0.03649603104281374	Kocak	permutation	
2394.0	0.06020986023900177	Kocak	permutation	
2395.0	0.021962213411206744	Kocak	permutation	
2396.0	0.09189003786655725	Kocak	permutation	
2397.0	0.04491094712663468	Kocak	permutation	
2398.0	-0.04772331046313427	Kocak	permutation	
2399.0	-0.0035612783359764144	Kocak	permutation	
2400.0	0.392807813157547	Kocak	permutation	
2401.0	0.0304758471310298	Kocak	permutation	
2402.0	-0.1157338781277204	Kocak	permutation	
2403.0	0.10822181957949395	Kocak	permutation	
2404.0	0.018154782565742433	Kocak	permutation	
2405.0	0.12100061235001869	Kocak	permutation	
2406.0	0.0009897250674217872	Kocak	permutation	
2407.0	0.24386485576372463	Kocak	permutation	
2408.0	-0.12391773683568896	Kocak	permutation	
2409.0	0.15635304700664765	Kocak	permutation	
2410.0	0.08609267359636075	Kocak	permutation	
2411.0	0.2013923227938177	Kocak	permutation	
2412.0	-0.10733579047053032	Kocak	permutation	
2413.0	-0.0228092316478663	Kocak	permutation	
2414.0	0.12803373255211703	Kocak	permutation	
2415.0	0.13565223951124228	Kocak	permutation	
2416.0	0.1363996930814495	Kocak	permutation	
2417.0	0.07732103284453196	Kocak	permutation	
2418.0	-0.008761175870309668	Kocak	permutation	
2419.0	0.11878536915257998	Kocak	permutation	
2420.0	0.07238454685997775	Kocak	permutation	
2421.0	-0.07660537014222468	Kocak	permutation	
2422.0	0.10519852953751796	Kocak	permutation	
2423.0	0.2736546733059302	Kocak	permutation	
2424.0	0.09523516219141603	Kocak	permutation	
2425.0	-0.10945009739779987	Kocak	permutation	
2426.0	-0.16766565263830557	Kocak	permutation	
2427.0	0.2809823189753886	Kocak	permutation	
2428.0	-0.051063847041855404	Kocak	permutation	
2429.0	0.2145681359206022	Kocak	permutation	
2430.0	-0.1557010462275472	Kocak	permutation	
2431.0	0.0013403667784177564	Kocak	permutation	
2432.0	0.199880257125582	Kocak	permutation	
2433.0	-0.186252761673531	Kocak	permutation	
2434.0	-0.01257197227099649	Kocak	permutation	
2435.0	-0.09956013280914089	Kocak	permutation	
2436.0	0.13705323971666106	Kocak	permutation	
2437.0	0.07086209663542187	Kocak	permutation	
2438.0	-0.0885997261453122	Kocak	permutation	
2439.0	0.008822131360252339	Kocak	permutation	
2440.0	-0.033384328144972386	Kocak	permutation	
2441.0	-0.06575710607200458	Kocak	permutation	
2442.0	0.14378547047687418	Kocak	permutation	
2443.0	-0.05642622030713351	Kocak	permutation	
2444.0	0.030998670010476737	Kocak	permutation	
2445.0	0.033812584741833795	Kocak	permutation	
2446.0	0.3391195909330573	Kocak	permutation	
2447.0	0.16703587941428966	Kocak	permutation	
2448.0	0.02233784359534452	Kocak	permutation	
2449.0	0.10206647675145053	Kocak	permutation	
2450.0	0.08332060679563158	Kocak	permutation	
2451.0	0.023993535892929074	Kocak	permutation	
2452.0	-0.04982618586285836	Kocak	permutation	
2453.0	-0.14235640835275554	Kocak	permutation	
2454.0	-0.030272782428135248	Kocak	permutation	
2455.0	0.11738348346306715	Kocak	permutation	
2456.0	0.15247062350788543	Kocak	permutation	
2457.0	0.19965133662777879	Kocak	permutation	
2458.0	-0.016650338880088267	Kocak	permutation	
2459.0	0.10879407685034082	Kocak	permutation	
2460.0	0.11839198072502066	Kocak	permutation	
2461.0	0.09636294446452043	Kocak	permutation	
2462.0	0.050508758631523154	Kocak	permutation	
2463.0	0.240527477572138	Kocak	permutation	
2464.0	-0.081209263127763	Kocak	permutation	
2465.0	-0.044864773205648856	Kocak	permutation	
2466.0	0.1457258489288784	Kocak	permutation	
2467.0	-0.0353432384727399	Kocak	permutation	
2468.0	0.03693224022884367	Kocak	permutation	
2469.0	0.09900184891288788	Kocak	permutation	
2470.0	0.1435271990168876	Kocak	permutation	
2471.0	-0.15201951353270227	Kocak	permutation	
2472.0	0.21571856565785374	Kocak	permutation	
2473.0	-0.13999172324608145	Kocak	permutation	
2474.0	0.22788365612660355	Kocak	permutation	
2475.0	-0.11905065391961633	Kocak	permutation	
2476.0	0.09303559154541352	Kocak	permutation	
2477.0	0.06277561041443036	Kocak	permutation	
2478.0	0.10311586220249502	Kocak	permutation	
2479.0	-0.1602666688560488	Kocak	permutation	
2480.0	-0.1927938507800362	Kocak	permutation	
2481.0	-0.12162774039463331	Kocak	permutation	
2482.0	0.14279616690362218	Kocak	permutation	
2483.0	0.12402124623403754	Kocak	permutation	
2484.0	0.1540090883989973	Kocak	permutation	
2485.0	0.026650819491006228	Kocak	permutation	
2486.0	0.1470826177004918	Kocak	permutation	
2487.0	0.08443330426607787	Kocak	permutation	
2488.0	0.027502528058586773	Kocak	permutation	
2489.0	0.03711638216970359	Kocak	permutation	
2490.0	-0.03743701488703488	Kocak	permutation	
2491.0	0.009304837591354698	Kocak	permutation	
2492.0	-0.03517481117014665	Kocak	permutation	
2493.0	-0.00020572416603181765	Kocak	permutation	
2494.0	0.14746357811427835	Kocak	permutation	
2495.0	0.14930441259072547	Kocak	permutation	
2496.0	0.16773031183542253	Kocak	permutation	
2497.0	0.041133487535982116	Kocak	permutation	
2498.0	-0.049656726126166895	Kocak	permutation	
2499.0	0.12611080539469022	Kocak	permutation	
2500.0	0.03569397107637551	Kocak	permutation	
2501.0	-0.20814706520550752	Kocak	permutation	
2502.0	0.03630073918818644	Kocak	permutation	
2503.0	0.17317901881734699	Kocak	permutation	
2504.0	-0.042938612054791214	Kocak	permutation	
2505.0	-0.03315491730932729	Kocak	permutation	
2506.0	0.07353291456366229	Kocak	permutation	
2507.0	-0.19067482292372784	Kocak	permutation	
2508.0	-0.16780505301688775	Kocak	permutation	
2509.0	0.06133592315610725	Kocak	permutation	
2510.0	0.114091522005348	Kocak	permutation	
2511.0	0.07941534442589449	Kocak	permutation	
2512.0	-0.22385743588870133	Kocak	permutation	
2513.0	-0.08691352145014486	Kocak	permutation	
2514.0	0.11276004136313311	Kocak	permutation	
2515.0	-0.04778629425233172	Kocak	permutation	
2516.0	0.07001212227261489	Kocak	permutation	
2517.0	0.20208841816771983	Kocak	permutation	
2518.0	-0.07425729236899059	Kocak	permutation	
2519.0	-0.1667015369402125	Kocak	permutation	
2520.0	0.062310176687510044	Kocak	permutation	
2521.0	-0.05139200448809289	Kocak	permutation	
2522.0	0.038778758625943155	Kocak	permutation	
2523.0	-0.17634552613351984	Kocak	permutation	
2524.0	-0.15069734014040348	Kocak	permutation	
2525.0	0.11864353215293644	Kocak	permutation	
2526.0	0.03616655762815979	Kocak	permutation	
2527.0	-0.005415361793275064	Kocak	permutation	
2528.0	0.16021456053008798	Kocak	permutation	
2529.0	0.0801725731313856	Kocak	permutation	
2530.0	0.3184651924959181	Kocak	permutation	
2531.0	-0.019954893288297804	Kocak	permutation	
2532.0	-0.14066591544364337	Kocak	permutation	
2533.0	0.14525858052961782	Kocak	permutation	
2534.0	0.04488194302721871	Kocak	permutation	
2535.0	-0.05848010315032903	Kocak	permutation	
2536.0	0.16486798771678046	Kocak	permutation	
2537.0	0.015365233228135988	Kocak	permutation	
2538.0	0.053632780525191937	Kocak	permutation	
2539.0	0.14548268802086328	Kocak	permutation	
2540.0	0.04297915984202971	Kocak	permutation	
2541.0	-0.212799284885135	Kocak	permutation	
2542.0	0.07351155029705847	Kocak	permutation	
2543.0	-0.09089586667660088	Kocak	permutation	
2544.0	-0.2236714329155638	Kocak	permutation	
2545.0	-0.08074800945293115	Kocak	permutation	
2546.0	0.06233439298774446	Kocak	permutation	
2547.0	0.06394198940051021	Kocak	permutation	
2548.0	-0.12758736208237575	Kocak	permutation	
2549.0	-0.05713949327983281	Kocak	permutation	
2550.0	0.050944632053124383	Kocak	permutation	
2551.0	0.004303296348445063	Kocak	permutation	
2552.0	-0.09901808794525557	Kocak	permutation	
2553.0	-0.17702934304007245	Kocak	permutation	
2554.0	-0.11131424145142743	Kocak	permutation	
2555.0	0.22105237540018008	Kocak	permutation	
2556.0	-0.010144282273222949	Kocak	permutation	
2557.0	-0.19422541614329525	Kocak	permutation	
2558.0	-0.1497488021584119	Kocak	permutation	
2559.0	0.0227556344523272	Kocak	permutation	
2560.0	-0.17917909701476287	Kocak	permutation	
2561.0	-0.2305774699927654	Kocak	permutation	
2562.0	0.2005152512089703	Kocak	permutation	
2563.0	0.10044606437180326	Kocak	permutation	
2564.0	-0.006710780183203813	Kocak	permutation	
2565.0	0.1645140018922393	Kocak	permutation	
2566.0	-0.033686163352357745	Kocak	permutation	
2567.0	-0.09760353880114092	Kocak	permutation	
2568.0	-0.041913938103558035	Kocak	permutation	
2569.0	0.07354785952609166	Kocak	permutation	
2570.0	0.11663628387540381	Kocak	permutation	
2571.0	-0.22949856717818573	Kocak	permutation	
2572.0	-0.05156787798530971	Kocak	permutation	
2573.0	-0.18966517020640739	Kocak	permutation	
2574.0	-0.07639453970913346	Kocak	permutation	
2575.0	0.02444993284735464	Kocak	permutation	
2576.0	0.11125380414650321	Kocak	permutation	
2577.0	-0.02760418303440826	Kocak	permutation	
2578.0	-0.08660915706271055	Kocak	permutation	
2579.0	0.03635882420317316	Kocak	permutation	
2580.0	-0.037251186513822976	Kocak	permutation	
2581.0	0.12930887398012958	Kocak	permutation	
2582.0	-0.023173232400034216	Kocak	permutation	
2583.0	0.24367162115860674	Kocak	permutation	
2584.0	0.008707539654940089	Kocak	permutation	
2585.0	-0.06849375329231666	Kocak	permutation	
2586.0	-0.1121192578701855	Kocak	permutation	
2587.0	-0.06852578068714665	Kocak	permutation	
2588.0	-0.05684906352300567	Kocak	permutation	
2589.0	0.25617267600022675	Kocak	permutation	
2590.0	0.07134417064660736	Kocak	permutation	
2591.0	0.08447938659915133	Kocak	permutation	
2592.0	-0.24139516794831417	Kocak	permutation	
2593.0	-0.02259224888579414	Kocak	permutation	
2594.0	0.2324366644046565	Kocak	permutation	
2595.0	-0.1779070851303599	Kocak	permutation	
2596.0	-0.13234926442820294	Kocak	permutation	
2597.0	-0.07680010672254589	Kocak	permutation	
2598.0	0.10404681788912784	Kocak	permutation	
2599.0	0.08417219295757494	Kocak	permutation	
2600.0	0.08228967132444875	Kocak	permutation	
2601.0	0.22963710626365597	Kocak	permutation	
2602.0	0.2809432343876921	Kocak	permutation	
2603.0	0.026629585263388655	Kocak	permutation	
2604.0	0.15635151982140538	Kocak	permutation	
2605.0	-0.08020710432686284	Kocak	permutation	
2606.0	0.06760299109909207	Kocak	permutation	
2607.0	0.19666921690621253	Kocak	permutation	
2608.0	-0.05051652091322012	Kocak	permutation	
2609.0	0.1443379363421351	Kocak	permutation	
2610.0	-0.1563611861854941	Kocak	permutation	
2611.0	0.061937480222177044	Kocak	permutation	
2612.0	0.05993548607209309	Kocak	permutation	
2613.0	0.055837018112974146	Kocak	permutation	
2614.0	-0.07363298118166428	Kocak	permutation	
2615.0	-0.06233453238154052	Kocak	permutation	
2616.0	-0.2244696610589738	Kocak	permutation	
2617.0	0.1258812805448004	Kocak	permutation	
2618.0	-0.044705076726406556	Kocak	permutation	
2619.0	0.1657345731029034	Kocak	permutation	
2620.0	-0.20620008123481703	Kocak	permutation	
2621.0	-0.06982745054940898	Kocak	permutation	
2622.0	0.13939589569332433	Kocak	permutation	
2623.0	0.03295607139800394	Kocak	permutation	
2624.0	0.07205925281815917	Kocak	permutation	
2625.0	0.09816463964084976	Kocak	permutation	
2626.0	-0.056021897971663126	Kocak	permutation	
2627.0	0.09146640146667373	Kocak	permutation	
2628.0	0.04911824120760189	Kocak	permutation	
2629.0	0.07747454173344126	Kocak	permutation	
2630.0	-0.1435564913600511	Kocak	permutation	
2631.0	0.0692653665068721	Kocak	permutation	
2632.0	0.187774457887667	Kocak	permutation	
2633.0	-0.07508653914785235	Kocak	permutation	
2634.0	-0.003803276594394056	Kocak	permutation	
2635.0	-0.08426736447601346	Kocak	permutation	
2636.0	0.03956756088557434	Kocak	permutation	
2637.0	0.015361144083952727	Kocak	permutation	
2638.0	0.1313200943804418	Kocak	permutation	
2639.0	-0.014213500153057446	Kocak	permutation	
2640.0	0.06741546503495854	Kocak	permutation	
2641.0	-0.0032397744757375335	Kocak	permutation	
2642.0	0.07538914834851962	Kocak	permutation	
2643.0	-0.23269825281100998	Kocak	permutation	
2644.0	-0.11592885471477254	Kocak	permutation	
2645.0	0.12773374849035024	Kocak	permutation	
2646.0	-0.06851269902565882	Kocak	permutation	
2647.0	0.018066010973051938	Kocak	permutation	
2648.0	0.10051886487570849	Kocak	permutation	
2649.0	-0.028578884908072588	Kocak	permutation	
2650.0	-0.12430585658106619	Kocak	permutation	
2651.0	-0.1195553729671075	Kocak	permutation	
2652.0	0.2081257063886892	Kocak	permutation	
2653.0	0.061816718995808984	Kocak	permutation	
2654.0	-0.0825178515921503	Kocak	permutation	
2655.0	0.03866388219818084	Kocak	permutation	
2656.0	-0.0630592858300778	Kocak	permutation	
2657.0	0.23167729150906968	Kocak	permutation	
2658.0	0.021867878148154496	Kocak	permutation	
2659.0	0.1457065202233525	Kocak	permutation	
2660.0	-0.11559864907230333	Kocak	permutation	
2661.0	0.0122347826990028	Kocak	permutation	
2662.0	0.1167515804409609	Kocak	permutation	
2663.0	-0.26213052420491323	Kocak	permutation	
2664.0	-0.15551136567530977	Kocak	permutation	
2665.0	0.2046451651057155	Kocak	permutation	
2666.0	0.05724706678041258	Kocak	permutation	
2667.0	0.014116169934256462	Kocak	permutation	
2668.0	0.1659385510163518	Kocak	permutation	
2669.0	0.08146892605947897	Kocak	permutation	
2670.0	0.04663306600258865	Kocak	permutation	
2671.0	0.01415103320913369	Kocak	permutation	
2672.0	0.048290485729863164	Kocak	permutation	
2673.0	-0.03498586136876458	Kocak	permutation	
2674.0	-0.12695084279425073	Kocak	permutation	
2675.0	-0.14950129262794443	Kocak	permutation	
2676.0	0.026990790127682462	Kocak	permutation	
2677.0	-0.185555206806455	Kocak	permutation	
2678.0	0.18686087059467038	Kocak	permutation	
2679.0	-0.05126302894937629	Kocak	permutation	
2680.0	0.0007006317675148921	Kocak	permutation	
2681.0	0.15897671637957522	Kocak	permutation	
2682.0	0.14940314756672013	Kocak	permutation	
2683.0	0.1976060001331268	Kocak	permutation	
2684.0	-0.19253368868045762	Kocak	permutation	
2685.0	-0.09882012709809107	Kocak	permutation	
2686.0	0.2689693125426871	Kocak	permutation	
2687.0	0.18114384289615604	Kocak	permutation	
2688.0	0.1537840808665738	Kocak	permutation	
2689.0	0.02585721303077504	Kocak	permutation	
2690.0	0.08344291635521062	Kocak	permutation	
2691.0	0.11034641181306393	Kocak	permutation	
2692.0	-0.041540625797023445	Kocak	permutation	
2693.0	0.13652253327614972	Kocak	permutation	
2694.0	-0.09168427599615869	Kocak	permutation	
2695.0	-0.006542728205170434	Kocak	permutation	
2696.0	-0.18680870257181859	Kocak	permutation	
2697.0	-0.08003213548463961	Kocak	permutation	
2698.0	-0.05556306105724085	Kocak	permutation	
2699.0	0.0016809485767144139	Kocak	permutation	
2700.0	-0.2969515370921987	Kocak	permutation	
2701.0	0.14368641896047185	Kocak	permutation	
2702.0	0.14424593558771726	Kocak	permutation	
2703.0	-0.020284483425598854	Kocak	permutation	
2704.0	-0.028224389261580107	Kocak	permutation	
2705.0	-0.10033878310695732	Kocak	permutation	
2706.0	0.15478286770447403	Kocak	permutation	
2707.0	0.13601597718976022	Kocak	permutation	
2708.0	0.08321949325502631	Kocak	permutation	
2709.0	0.15555002822332886	Kocak	permutation	
2710.0	-0.1291810718350792	Kocak	permutation	
2711.0	-0.026098254560909417	Kocak	permutation	
2712.0	0.13187630677530837	Kocak	permutation	
2713.0	-0.2588365956037393	Kocak	permutation	
2714.0	-0.07825533818210673	Kocak	permutation	
2715.0	-0.12531298701345728	Kocak	permutation	
2716.0	-0.14589364506374247	Kocak	permutation	
2717.0	-0.22788642206606813	Kocak	permutation	
2718.0	0.21442813311575737	Kocak	permutation	
2719.0	-0.17625183105906084	Kocak	permutation	
2720.0	0.08329858782704624	Kocak	permutation	
2721.0	0.03175641566443854	Kocak	permutation	
2722.0	0.02080943903316257	Kocak	permutation	
2723.0	0.15235319484266574	Kocak	permutation	
2724.0	-0.5334147792502777	Kocak	permutation	
2725.0	-0.018114336903952477	Kocak	permutation	
2726.0	0.26096535588719316	Kocak	permutation	
2727.0	0.16312871504560134	Kocak	permutation	
2728.0	-0.031850747574061256	Kocak	permutation	
2729.0	0.23463289439933055	Kocak	permutation	
2730.0	-0.03954532139741751	Kocak	permutation	
2731.0	0.1914890289114335	Kocak	permutation	
2732.0	0.03470290494016437	Kocak	permutation	
2733.0	0.11054738154385779	Kocak	permutation	
2734.0	-0.0019659029984340215	Kocak	permutation	
2735.0	0.07288109505086604	Kocak	permutation	
2736.0	0.07320153311639466	Kocak	permutation	
2737.0	-0.06382103302561948	Kocak	permutation	
2738.0	-0.20440512577853376	Kocak	permutation	
2739.0	0.2927729972814963	Kocak	permutation	
2740.0	0.05581119951280877	Kocak	permutation	
2741.0	0.22215866095780168	Kocak	permutation	
2742.0	0.35596747460721634	Kocak	permutation	
2743.0	0.22238773685209434	Kocak	permutation	
2744.0	0.0741076401017775	Kocak	permutation	
2745.0	-0.009446236698913424	Kocak	permutation	
2746.0	0.13212517362382048	Kocak	permutation	
2747.0	0.013320154309509835	Kocak	permutation	
2748.0	0.2649866857396219	Kocak	permutation	
2749.0	-0.09391901873645114	Kocak	permutation	
2750.0	0.11001675100665498	Kocak	permutation	
2751.0	0.043976783907458294	Kocak	permutation	
2752.0	-0.012660487448886482	Kocak	permutation	
2753.0	-0.03650915692338241	Kocak	permutation	
2754.0	0.12129531148992356	Kocak	permutation	
2755.0	-0.17824406339467025	Kocak	permutation	
2756.0	0.047556267447315115	Kocak	permutation	
2757.0	-0.06435822201616404	Kocak	permutation	
2758.0	-0.1732857947139128	Kocak	permutation	
2759.0	0.0824673223532506	Kocak	permutation	
2760.0	0.11377253534049014	Kocak	permutation	
2761.0	-0.2782306755563897	Kocak	permutation	
2762.0	-0.09709336028530346	Kocak	permutation	
2763.0	-0.04340931576040141	Kocak	permutation	
2764.0	-0.008804615226816193	Kocak	permutation	
2765.0	-0.23358312692992822	Kocak	permutation	
2766.0	-0.11532600669649007	Kocak	permutation	
2767.0	0.07105448625210364	Kocak	permutation	
2768.0	-0.07606982990012101	Kocak	permutation	
2769.0	0.06667362574314728	Kocak	permutation	
2770.0	0.09394052807881037	Kocak	permutation	
2771.0	-0.06393451289774621	Kocak	permutation	
2772.0	0.03740958832900798	Kocak	permutation	
2773.0	0.27537340440142755	Kocak	permutation	
2774.0	0.015890294993277987	Kocak	permutation	
2775.0	0.12441160844204191	Kocak	permutation	
2776.0	0.035707786798930385	Kocak	permutation	
2777.0	-0.13868070462611515	Kocak	permutation	
2778.0	0.18612861515155243	Kocak	permutation	
2779.0	0.07983313556583882	Kocak	permutation	
2780.0	0.23262005268469643	Kocak	permutation	
2781.0	0.10406777361090214	Kocak	permutation	
2782.0	0.008651282557312179	Kocak	permutation	
2783.0	0.14309746513223942	Kocak	permutation	
2784.0	-0.08828849675928163	Kocak	permutation	
2785.0	-0.06603355558308754	Kocak	permutation	
2786.0	0.05220795154294189	Kocak	permutation	
2787.0	0.011143694137217608	Kocak	permutation	
2788.0	0.48312400476350037	Kocak	permutation	
2789.0	0.29869640682059906	Kocak	permutation	
2790.0	-0.01578582565776232	Kocak	permutation	
2791.0	0.022053680111307816	Kocak	permutation	
2792.0	0.037831786487485974	Kocak	permutation	
2793.0	-0.004927500226760362	Kocak	permutation	
2794.0	-0.13668821016555244	Kocak	permutation	
2795.0	-0.043251375829693295	Kocak	permutation	
2796.0	0.262820729095532	Kocak	permutation	
2797.0	-0.033401523453495674	Kocak	permutation	
2798.0	0.09829151880538722	Kocak	permutation	
2799.0	0.13142236961008802	Kocak	permutation	
2800.0	-0.028829671724304617	Kocak	permutation	
2801.0	-0.15907262645628029	Kocak	permutation	
2802.0	-0.1492625312220648	Kocak	permutation	
2803.0	0.17066194974696414	Kocak	permutation	
2804.0	0.04309324427505512	Kocak	permutation	
2805.0	-0.04727553335287338	Kocak	permutation	
2806.0	0.06927791715527265	Kocak	permutation	
2807.0	-0.20041826096368576	Kocak	permutation	
2808.0	-0.056988986473906156	Kocak	permutation	
2809.0	0.26105973093595924	Kocak	permutation	
2810.0	0.11380342328858495	Kocak	permutation	
2811.0	0.2740482830219384	Kocak	permutation	
2812.0	0.10651066260581388	Kocak	permutation	
2813.0	0.14288094705780763	Kocak	permutation	
2814.0	0.0899475074851801	Kocak	permutation	
2815.0	-0.04563736069597457	Kocak	permutation	
2816.0	-0.10619624895057145	Kocak	permutation	
2817.0	0.08732496270550882	Kocak	permutation	
2818.0	0.10217355744377121	Kocak	permutation	
2819.0	0.10223840753878699	Kocak	permutation	
2820.0	-0.006399001857091857	Kocak	permutation	
2821.0	0.16954834319398326	Kocak	permutation	
2822.0	0.14536184129860352	Kocak	permutation	
2823.0	0.06550268794488145	Kocak	permutation	
2824.0	0.026386794525402824	Kocak	permutation	
2825.0	0.22186418533312624	Kocak	permutation	
2826.0	-0.033091485789118025	Kocak	permutation	
2827.0	0.048852570000895046	Kocak	permutation	
2828.0	-0.027879647886777548	Kocak	permutation	
2829.0	-0.09422152553924779	Kocak	permutation	
2830.0	0.19428168124020573	Kocak	permutation	
2831.0	-0.18510257284401632	Kocak	permutation	
2832.0	0.016748795243386905	Kocak	permutation	
2833.0	-0.15982713599175913	Kocak	permutation	
2834.0	-0.12644588458317285	Kocak	permutation	
2835.0	0.08390697763315513	Kocak	permutation	
2836.0	0.24579874295766846	Kocak	permutation	
2837.0	0.039049933939433235	Kocak	permutation	
2838.0	-0.12013992048277933	Kocak	permutation	
2839.0	-0.13423518627567388	Kocak	permutation	
2840.0	0.1471652268560466	Kocak	permutation	
2841.0	0.027559232787310428	Kocak	permutation	
2842.0	-0.18983272519498495	Kocak	permutation	
2843.0	-0.020156486648298166	Kocak	permutation	
2844.0	0.07691543461615424	Kocak	permutation	
2845.0	0.10292129445828557	Kocak	permutation	
2846.0	0.022371137917959416	Kocak	permutation	
2847.0	-0.020999804070602757	Kocak	permutation	
2848.0	-0.07130728294397448	Kocak	permutation	
2849.0	0.07274853401281467	Kocak	permutation	
2850.0	0.027256531471312684	Kocak	permutation	
2851.0	0.08979570271658366	Kocak	permutation	
2852.0	0.026484812105054267	Kocak	permutation	
2853.0	0.17825110059722293	Kocak	permutation	
2854.0	0.11723410332268935	Kocak	permutation	
2855.0	0.03630106304936653	Kocak	permutation	
2856.0	0.04845831778892151	Kocak	permutation	
2857.0	0.22875844802405298	Kocak	permutation	
2858.0	0.10759952768687198	Kocak	permutation	
2859.0	-0.17427073818250527	Kocak	permutation	
2860.0	-0.11033145507215947	Kocak	permutation	
2861.0	0.0887453109724805	Kocak	permutation	
2862.0	0.21189982712796596	Kocak	permutation	
2863.0	0.14324528411395399	Kocak	permutation	
2864.0	0.04260549762677002	Kocak	permutation	
2865.0	-0.09031832671765416	Kocak	permutation	
2866.0	0.08984151848567556	Kocak	permutation	
2867.0	0.23660928414596194	Kocak	permutation	
2868.0	-0.09971169288303816	Kocak	permutation	
2869.0	-0.14337292765306398	Kocak	permutation	
2870.0	-0.01999300436714746	Kocak	permutation	
2871.0	0.18343127805503112	Kocak	permutation	
2872.0	-0.06535763172623321	Kocak	permutation	
2873.0	-0.04634523822996428	Kocak	permutation	
2874.0	0.16590931202033188	Kocak	permutation	
2875.0	0.044937326599242766	Kocak	permutation	
2876.0	-0.0283798750610722	Kocak	permutation	
2877.0	-0.0668042563841893	Kocak	permutation	
2878.0	-0.07438190237053766	Kocak	permutation	
2879.0	0.04471767378348401	Kocak	permutation	
2880.0	0.03700518033695044	Kocak	permutation	
2881.0	0.060495593265528225	Kocak	permutation	
2882.0	0.10336822238102794	Kocak	permutation	
2883.0	-0.10759017134154325	Kocak	permutation	
2884.0	0.0036466813262192588	Kocak	permutation	
2885.0	-0.0353545342491266	Kocak	permutation	
2886.0	-0.10043469795673365	Kocak	permutation	
2887.0	0.08520931353563466	Kocak	permutation	
2888.0	-0.06670075415742538	Kocak	permutation	
2889.0	-0.025759043865249964	Kocak	permutation	
2890.0	0.08307487416741033	Kocak	permutation	
2891.0	-0.27518614866805713	Kocak	permutation	
2892.0	-0.0027974871961609082	Kocak	permutation	
2893.0	0.13861237363659784	Kocak	permutation	
2894.0	-0.00933863568708615	Kocak	permutation	
2895.0	0.1472938614772903	Kocak	permutation	
2896.0	0.04655252522952713	Kocak	permutation	
2897.0	0.08409262445698351	Kocak	permutation	
2898.0	-0.10852537578016408	Kocak	permutation	
2899.0	-0.027868246696495458	Kocak	permutation	
2900.0	0.08307035614805658	Kocak	permutation	
2901.0	0.3623552558333736	Kocak	permutation	
2902.0	0.09335043641619567	Kocak	permutation	
2903.0	0.08937288493497864	Kocak	permutation	
2904.0	-0.018589787637850907	Kocak	permutation	
2905.0	-0.033165855809784706	Kocak	permutation	
2906.0	0.10440062781547121	Kocak	permutation	
2907.0	0.009877795046011606	Kocak	permutation	
2908.0	0.014590817275585533	Kocak	permutation	
2909.0	0.3200735127599499	Kocak	permutation	
2910.0	-0.09395970302359213	Kocak	permutation	
2911.0	-0.1854254934152766	Kocak	permutation	
2912.0	0.1030485985786429	Kocak	permutation	
2913.0	0.005515797984975368	Kocak	permutation	
2914.0	0.20577063923004602	Kocak	permutation	
2915.0	-0.0645357264984785	Kocak	permutation	
2916.0	-0.1387843940681308	Kocak	permutation	
2917.0	0.11016711005977431	Kocak	permutation	
2918.0	0.12356665963386915	Kocak	permutation	
2919.0	-0.14681715292232855	Kocak	permutation	
2920.0	-0.025735985254050853	Kocak	permutation	
2921.0	-0.005828216383386486	Kocak	permutation	
2922.0	0.04548035164383757	Kocak	permutation	
2923.0	-0.12213297429532144	Kocak	permutation	
2924.0	-0.06636071977777425	Kocak	permutation	
2925.0	0.05573774168018941	Kocak	permutation	
2926.0	0.31250357199489276	Kocak	permutation	
2927.0	-0.0899081997203699	Kocak	permutation	
2928.0	-0.08692783020874773	Kocak	permutation	
2929.0	0.026063219314210517	Kocak	permutation	
2930.0	0.0603411472244515	Kocak	permutation	
2931.0	0.10934285715980163	Kocak	permutation	
2932.0	0.020759945385318	Kocak	permutation	
2933.0	0.06173528399370154	Kocak	permutation	
2934.0	-0.009205674752736037	Kocak	permutation	
2935.0	0.17760501694167008	Kocak	permutation	
2936.0	0.09019236495183192	Kocak	permutation	
2937.0	-0.07367230278104442	Kocak	permutation	
2938.0	-0.017167207891707115	Kocak	permutation	
2939.0	-0.053315676276793234	Kocak	permutation	
2940.0	-0.04370044278082297	Kocak	permutation	
2941.0	0.13617912604073323	Kocak	permutation	
2942.0	-0.07799798814481651	Kocak	permutation	
2943.0	0.011193925834900753	Kocak	permutation	
2944.0	-0.10658853332453555	Kocak	permutation	
2945.0	0.00018415555144546403	Kocak	permutation	
2946.0	0.28284860017923963	Kocak	permutation	
2947.0	0.08302149151903393	Kocak	permutation	
2948.0	-0.15709333486113009	Kocak	permutation	
2949.0	0.1522933247897167	Kocak	permutation	
2950.0	0.08149091413910936	Kocak	permutation	
2951.0	0.03736953970582979	Kocak	permutation	
2952.0	0.04103456231045355	Kocak	permutation	
2953.0	-0.08961450282606842	Kocak	permutation	
2954.0	0.04221971544486314	Kocak	permutation	
2955.0	0.3269899058346999	Kocak	permutation	
2956.0	-0.12330435287437735	Kocak	permutation	
2957.0	0.00820647400940544	Kocak	permutation	
2958.0	-0.01223324029961903	Kocak	permutation	
2959.0	-0.058764088988155105	Kocak	permutation	
2960.0	0.042951336424546405	Kocak	permutation	
2961.0	0.08879702882434914	Kocak	permutation	
2962.0	-0.12627924484122488	Kocak	permutation	
2963.0	0.2020132342611558	Kocak	permutation	
2964.0	-0.22358053037871883	Kocak	permutation	
2965.0	0.11949933784209898	Kocak	permutation	
2966.0	0.20407311321334953	Kocak	permutation	
2967.0	0.03515409701991068	Kocak	permutation	
2968.0	-0.007182576035416055	Kocak	permutation	
2969.0	-0.05210742101936461	Kocak	permutation	
2970.0	-0.06995824708016762	Kocak	permutation	
2971.0	0.08823147091981154	Kocak	permutation	
2972.0	0.1903087443678917	Kocak	permutation	
2973.0	0.0569546175676221	Kocak	permutation	
2974.0	-0.019788920050274772	Kocak	permutation	
2975.0	0.10079969106033149	Kocak	permutation	
2976.0	0.11205214878530967	Kocak	permutation	
2977.0	0.19079212480119612	Kocak	permutation	
2978.0	-0.14869628658386524	Kocak	permutation	
2979.0	0.08588959698365795	Kocak	permutation	
2980.0	-0.033187536526964045	Kocak	permutation	
2981.0	0.13256916603124225	Kocak	permutation	
2982.0	0.07722286572367665	Kocak	permutation	
2983.0	0.17077467152565484	Kocak	permutation	
2984.0	-0.09967863628283746	Kocak	permutation	
2985.0	-0.030376877048488016	Kocak	permutation	
2986.0	0.05488455546643323	Kocak	permutation	
2987.0	0.04617372172635115	Kocak	permutation	
2988.0	0.11906264393631139	Kocak	permutation	
2989.0	0.08422463168053174	Kocak	permutation	
2990.0	0.16620930934571376	Kocak	permutation	
2991.0	0.05149848081447317	Kocak	permutation	
2992.0	-0.023214616376540764	Kocak	permutation	
2993.0	0.01699134309017225	Kocak	permutation	
2994.0	-0.15158839752808762	Kocak	permutation	
2995.0	0.08525008719327021	Kocak	permutation	
2996.0	0.347382781628061	Kocak	permutation	
2997.0	-0.1237477788331458	Kocak	permutation	
2998.0	0.1997613591561902	Kocak	permutation	
2999.0	0.10347210292685105	Kocak	permutation	
3000.0	-0.2148647048640293	Kocak	permutation	
3001.0	-0.004175195634688933	Kocak	permutation	
3002.0	0.12977505130082845	Kocak	permutation	
3003.0	9.076546278485864e-05	Kocak	permutation	
3004.0	0.03672315554071259	Kocak	permutation	
3005.0	-0.06334604225034868	Kocak	permutation	
3006.0	0.147171043040363	Kocak	permutation	
3007.0	0.03187794773116215	Kocak	permutation	
3008.0	-0.11140103455156813	Kocak	permutation	
3009.0	-0.07737912964295202	Kocak	permutation	
3010.0	0.27451850754491725	Kocak	permutation	
3011.0	0.27584491183553617	Kocak	permutation	
3012.0	-0.21431808482167147	Kocak	permutation	
3013.0	0.21752332992687728	Kocak	permutation	
3014.0	-0.12429889581669684	Kocak	permutation	
3015.0	0.2175748673819533	Kocak	permutation	
3016.0	0.1203634275233485	Kocak	permutation	
3017.0	0.22572814464204116	Kocak	permutation	
3018.0	0.25519817015250323	Kocak	permutation	
3019.0	-0.04268850654059397	Kocak	permutation	
3020.0	0.0040954838516964465	Kocak	permutation	
3021.0	0.22368753660547558	Kocak	permutation	
3022.0	0.07629562188460692	Kocak	permutation	
3023.0	0.1535817611029966	Kocak	permutation	
3024.0	-0.17376760573921501	Kocak	permutation	
3025.0	-0.19520324761700314	Kocak	permutation	
3026.0	0.07348921957518018	Kocak	permutation	
3027.0	-0.11581965521067916	Kocak	permutation	
3028.0	-0.15881681422907734	Kocak	permutation	
3029.0	0.05927399433223979	Kocak	permutation	
3030.0	0.12596478776035003	Kocak	permutation	
3031.0	0.25451710162503316	Kocak	permutation	
3032.0	0.19692881313192956	Kocak	permutation	
3033.0	-0.06418076113174953	Kocak	permutation	
3034.0	-0.030402447172660718	Kocak	permutation	
3035.0	-0.08789543159950286	Kocak	permutation	
3036.0	0.017658846237156745	Kocak	permutation	
3037.0	0.02373628510342174	Kocak	permutation	
3038.0	-0.03200578550502442	Kocak	permutation	
3039.0	-0.08003943195200947	Kocak	permutation	
3040.0	0.08445595166218611	Kocak	permutation	
3041.0	-0.009676701566895929	Kocak	permutation	
3042.0	0.07665844688461299	Kocak	permutation	
3043.0	0.0539762810225235	Kocak	permutation	
3044.0	-0.1686157893208997	Kocak	permutation	
3045.0	0.012147869021265745	Kocak	permutation	
3046.0	0.09552237964805421	Kocak	permutation	
3047.0	0.10473951647041568	Kocak	permutation	
3048.0	0.04433420747996575	Kocak	permutation	
3049.0	0.20579602984135992	Kocak	permutation	
3050.0	-0.05349458432784848	Kocak	permutation	
3051.0	-0.34661334887109474	Kocak	permutation	
3052.0	-0.04442723959275918	Kocak	permutation	
3053.0	0.054657482497908916	Kocak	permutation	
3054.0	0.04064310315617048	Kocak	permutation	
3055.0	-0.18387465651151702	Kocak	permutation	
3056.0	0.2690475087802531	Kocak	permutation	
3057.0	-0.01748377073469287	Kocak	permutation	
3058.0	0.25114472709233393	Kocak	permutation	
3059.0	0.0017436441927993762	Kocak	permutation	
3060.0	-0.029684689598315384	Kocak	permutation	
3061.0	-0.1823878158858787	Kocak	permutation	
3062.0	-0.1294130980741941	Kocak	permutation	
3063.0	0.04737193758064384	Kocak	permutation	
3064.0	-0.03469509433152007	Kocak	permutation	
3065.0	0.07028490901301865	Kocak	permutation	
3066.0	0.2955781162042763	Kocak	permutation	
3067.0	0.07835991171933632	Kocak	permutation	
3068.0	-0.05124481204699638	Kocak	permutation	
3069.0	-0.12411138373827235	Kocak	permutation	
3070.0	-0.012221039046828253	Kocak	permutation	
3071.0	-0.21420854415712576	Kocak	permutation	
3072.0	-0.13912830747217075	Kocak	permutation	
3073.0	-0.2208567176627554	Kocak	permutation	
3074.0	-0.13438148777641734	Kocak	permutation	
3075.0	0.038820365008394475	Kocak	permutation	
3076.0	-0.0023413466547634876	Kocak	permutation	
3077.0	-0.10636827670330273	Kocak	permutation	
3078.0	-0.024307116101193404	Kocak	permutation	
3079.0	-0.08419255555516214	Kocak	permutation	
3080.0	0.15303738861214145	Kocak	permutation	
3081.0	-0.007856236958395879	Kocak	permutation	
3082.0	0.13540570944205754	Kocak	permutation	
3083.0	0.1380896425740521	Kocak	permutation	
3084.0	0.20871400094155845	Kocak	permutation	
3085.0	-0.047140196762624154	Kocak	permutation	
3086.0	-0.015259672566950044	Kocak	permutation	
3087.0	0.06006240247075434	Kocak	permutation	
3088.0	0.013930221436379675	Kocak	permutation	
3089.0	-0.13265851329552047	Kocak	permutation	
3090.0	-0.25912379855862877	Kocak	permutation	
3091.0	-0.06070722543951357	Kocak	permutation	
3092.0	-0.14499933965089706	Kocak	permutation	
3093.0	-0.07738513614382514	Kocak	permutation	
3094.0	0.19600146734901314	Kocak	permutation	
3095.0	0.1925812516278116	Kocak	permutation	
3096.0	0.005786811425411376	Kocak	permutation	
3097.0	0.03766814240669669	Kocak	permutation	
3098.0	-0.10147463559457215	Kocak	permutation	
3099.0	-0.2980702980389469	Kocak	permutation	
3100.0	0.2545051426452223	Kocak	permutation	
3101.0	0.05090931818134692	Kocak	permutation	
3102.0	-0.21486943652670787	Kocak	permutation	
3103.0	-0.04999928566854406	Kocak	permutation	
3104.0	0.05226338859708468	Kocak	permutation	
3105.0	0.23309287829906644	Kocak	permutation	
3106.0	0.025470954503547638	Kocak	permutation	
3107.0	0.2784250656017586	Kocak	permutation	
3108.0	-0.09531720341416294	Kocak	permutation	
3109.0	-0.07141741324738682	Kocak	permutation	
3110.0	0.09253672031706328	Kocak	permutation	
3111.0	0.15235096398843062	Kocak	permutation	
3112.0	0.061960623599821574	Kocak	permutation	
3113.0	0.19109060488045548	Kocak	permutation	
3114.0	-0.11255076751440951	Kocak	permutation	
3115.0	0.32802788592967724	Kocak	permutation	
3116.0	-0.0359789227563021	Kocak	permutation	
3117.0	-0.20405644979829773	Kocak	permutation	
3118.0	0.09518788749217943	Kocak	permutation	
3119.0	-0.2310658607496725	Kocak	permutation	
3120.0	0.165092807697373	Kocak	permutation	
3121.0	-0.20173167418410864	Kocak	permutation	
3122.0	0.14388324629252036	Kocak	permutation	
3123.0	-0.026393001725973697	Kocak	permutation	
3124.0	-0.03830082626186293	Kocak	permutation	
3125.0	0.04054886011321246	Kocak	permutation	
3126.0	-0.10134003321403728	Kocak	permutation	
3127.0	0.028175903170885697	Kocak	permutation	
3128.0	0.07068897218658421	Kocak	permutation	
3129.0	0.014759414854482511	Kocak	permutation	
3130.0	-0.13858020287142825	Kocak	permutation	
3131.0	0.12303031167665246	Kocak	permutation	
3132.0	0.2786502418293244	Kocak	permutation	
3133.0	-0.18711766386856343	Kocak	permutation	
3134.0	-0.0594883916701745	Kocak	permutation	
3135.0	-0.01137587351718583	Kocak	permutation	
3136.0	0.1192274965901654	Kocak	permutation	
3137.0	-0.1261014547614705	Kocak	permutation	
3138.0	0.1696804947230981	Kocak	permutation	
3139.0	0.04159212852204863	Kocak	permutation	
3140.0	-0.16922801459763237	Kocak	permutation	
3141.0	0.11507511981125917	Kocak	permutation	
3142.0	0.02379460995170568	Kocak	permutation	
3143.0	0.027743762840517494	Kocak	permutation	
3144.0	-0.036353086128535494	Kocak	permutation	
3145.0	0.09952789673485318	Kocak	permutation	
3146.0	0.11891444312207211	Kocak	permutation	
3147.0	-0.03066162053920385	Kocak	permutation	
3148.0	0.21302050315078924	Kocak	permutation	
3149.0	-0.20959131556556887	Kocak	permutation	
3150.0	0.23547115002725505	Kocak	permutation	
3151.0	-0.04066907363745109	Kocak	permutation	
3152.0	-0.12647705405772713	Kocak	permutation	
3153.0	-0.08396328762946847	Kocak	permutation	
3154.0	-0.008268342426998032	Kocak	permutation	
3155.0	-0.09223514754861784	Kocak	permutation	
3156.0	0.30552292217697063	Kocak	permutation	
3157.0	-0.24132262842661545	Kocak	permutation	
3158.0	0.11203237837564872	Kocak	permutation	
3159.0	-0.21495186820465984	Kocak	permutation	
3160.0	0.11933399310153048	Kocak	permutation	
3161.0	-0.15920808204488868	Kocak	permutation	
3162.0	0.09894149282738285	Kocak	permutation	
3163.0	0.11108180468598627	Kocak	permutation	
3164.0	-0.07815606013170395	Kocak	permutation	
3165.0	-0.15455640910745672	Kocak	permutation	
3166.0	0.016116882068260896	Kocak	permutation	
3167.0	-0.043468219064825675	Kocak	permutation	
3168.0	0.2860634849819328	Kocak	permutation	
3169.0	-0.25265573992875545	Kocak	permutation	
3170.0	0.0656431056329243	Kocak	permutation	
3171.0	0.07846598851960307	Kocak	permutation	
3172.0	0.1301091340726961	Kocak	permutation	
3173.0	-0.16783840529759342	Kocak	permutation	
3174.0	-0.10079218702436554	Kocak	permutation	
3175.0	0.08061963509159575	Kocak	permutation	
3176.0	0.09909178555641018	Kocak	permutation	
3177.0	-0.034117720088467696	Kocak	permutation	
3178.0	-0.10736566854474727	Kocak	permutation	
3179.0	0.22377921432836256	Kocak	permutation	
3180.0	0.14516300396667692	Kocak	permutation	
3181.0	0.1503282702967268	Kocak	permutation	
3182.0	-0.030847482127152936	Kocak	permutation	
3183.0	0.03647346683706232	Kocak	permutation	
3184.0	0.0046729160840541795	Kocak	permutation	
3185.0	0.03801695234388758	Kocak	permutation	
3186.0	0.10035634866829035	Kocak	permutation	
3187.0	0.003923865352061462	Kocak	permutation	
3188.0	-0.027287677500990704	Kocak	permutation	
3189.0	0.3762779874366142	Kocak	permutation	
3190.0	0.017248772142479663	Kocak	permutation	
3191.0	-0.2037698247460833	Kocak	permutation	
3192.0	0.06489228595786045	Kocak	permutation	
3193.0	0.025499456109228547	Kocak	permutation	
3194.0	0.26584611072052056	Kocak	permutation	
3195.0	-0.06601887719295307	Kocak	permutation	
3196.0	0.11431298055235395	Kocak	permutation	
3197.0	0.055726207440463416	Kocak	permutation	
3198.0	-0.047978852818206796	Kocak	permutation	
3199.0	-0.022131332502648426	Kocak	permutation	
3200.0	-0.047807057907515826	Kocak	permutation	
3201.0	-0.10495604100653466	Kocak	permutation	
3202.0	0.043245430759653036	Kocak	permutation	
3203.0	-0.11903081685845018	Kocak	permutation	
3204.0	0.0622669346237692	Kocak	permutation	
3205.0	0.01484951086402253	Kocak	permutation	
3206.0	-0.014188343345840959	Kocak	permutation	
3207.0	0.32343774049683605	Kocak	permutation	
3208.0	0.2435198230821478	Kocak	permutation	
3209.0	0.001599903169165806	Kocak	permutation	
3210.0	0.08608606472570468	Kocak	permutation	
3211.0	-0.10186825980742764	Kocak	permutation	
3212.0	0.005650161326443914	Kocak	permutation	
3213.0	0.11254019963374873	Kocak	permutation	
3214.0	0.05914779965357431	Kocak	permutation	
3215.0	-0.057825806738802665	Kocak	permutation	
3216.0	-0.010569025051309744	Kocak	permutation	
3217.0	0.032016533211961296	Kocak	permutation	
3218.0	0.041254146483808984	Kocak	permutation	
3219.0	0.00025685613906389904	Kocak	permutation	
3220.0	-0.08398101604246433	Kocak	permutation	
3221.0	-0.04805436623442638	Kocak	permutation	
3222.0	-0.07410369351535184	Kocak	permutation	
3223.0	0.07496507050156653	Kocak	permutation	
3224.0	-0.04415810876315174	Kocak	permutation	
3225.0	-0.06566155912765437	Kocak	permutation	
3226.0	0.1844401527250792	Kocak	permutation	
3227.0	-0.2828267955013799	Kocak	permutation	
3228.0	0.2578572010900717	Kocak	permutation	
3229.0	-0.038928334801982434	Kocak	permutation	
3230.0	-0.02186353337707514	Kocak	permutation	
3231.0	-0.00924006412492373	Kocak	permutation	
3232.0	0.0658513740505362	Kocak	permutation	
3233.0	0.3422783725440377	Kocak	permutation	
3234.0	0.04994222283385241	Kocak	permutation	
3235.0	-0.07625745129031314	Kocak	permutation	
3236.0	0.10561969791881909	Kocak	permutation	
3237.0	-0.06820256531635227	Kocak	permutation	
3238.0	-0.008412815735662438	Kocak	permutation	
3239.0	0.1109118409756249	Kocak	permutation	
3240.0	0.02383710128698846	Kocak	permutation	
3241.0	-0.1571107915842136	Kocak	permutation	
3242.0	0.001795739207868241	Kocak	permutation	
3243.0	0.0828782527432037	Kocak	permutation	
3244.0	-0.08624444891653171	Kocak	permutation	
3245.0	0.012048101881996232	Kocak	permutation	
3246.0	0.14290141927649014	Kocak	permutation	
3247.0	0.014079818302624059	Kocak	permutation	
3248.0	0.3686121395441382	Kocak	permutation	
3249.0	-0.0660387271163283	Kocak	permutation	
3250.0	0.2746407833021416	Kocak	permutation	
3251.0	0.011023053878503664	Kocak	permutation	
3252.0	0.08359743437116096	Kocak	permutation	
3253.0	0.13421321409649822	Kocak	permutation	
3254.0	-0.13829911459926825	Kocak	permutation	
3255.0	-0.0981437296809049	Kocak	permutation	
3256.0	-0.01867078210563511	Kocak	permutation	
3257.0	-0.08490999300482338	Kocak	permutation	
3258.0	-0.05312211549917922	Kocak	permutation	
3259.0	0.006536842978519974	Kocak	permutation	
3260.0	0.2628707162338122	Kocak	permutation	
3261.0	0.16152076528339787	Kocak	permutation	
3262.0	0.07945081244348495	Kocak	permutation	
3263.0	-0.0550941763062629	Kocak	permutation	
3264.0	-0.013208079557165853	Kocak	permutation	
3265.0	-0.04289936415188356	Kocak	permutation	
3266.0	0.3174855574606714	Kocak	permutation	
3267.0	-0.1269433950374279	Kocak	permutation	
3268.0	0.047715631389688706	Kocak	permutation	
3269.0	-0.03193018145732962	Kocak	permutation	
3270.0	0.20537243584110865	Kocak	permutation	
3271.0	0.12860161518254865	Kocak	permutation	
3272.0	0.02080443337707294	Kocak	permutation	
3273.0	0.022762938603260174	Kocak	permutation	
3274.0	0.0024621729791274305	Kocak	permutation	
3275.0	0.054281415777765574	Kocak	permutation	
3276.0	-0.08678056491318165	Kocak	permutation	
3277.0	-0.13050993169955571	Kocak	permutation	
3278.0	-0.040626508189542054	Kocak	permutation	
3279.0	0.013838811726164302	Kocak	permutation	
3280.0	0.17852907031156917	Kocak	permutation	
3281.0	0.06514357470606047	Kocak	permutation	
3282.0	0.12144647910719009	Kocak	permutation	
3283.0	0.08587366284990905	Kocak	permutation	
3284.0	0.0799428420802788	Kocak	permutation	
3285.0	-0.009803904994108326	Kocak	permutation	
3286.0	0.06684760032042858	Kocak	permutation	
3287.0	-0.1627460024251164	Kocak	permutation	
3288.0	0.20807073419498767	Kocak	permutation	
3289.0	0.15533791324184865	Kocak	permutation	
3290.0	0.030542126968764016	Kocak	permutation	
3291.0	-0.1504436706923089	Kocak	permutation	
3292.0	0.11991842355788096	Kocak	permutation	
3293.0	-0.11833577808453999	Kocak	permutation	
3294.0	0.15701378830597523	Kocak	permutation	
3295.0	-0.1106135541364539	Kocak	permutation	
3296.0	0.2949912273737376	Kocak	permutation	
3297.0	-0.2187597070662033	Kocak	permutation	
3298.0	-0.22151152465751656	Kocak	permutation	
3299.0	0.10085709841292134	Kocak	permutation	
3300.0	-0.03802078298426803	Kocak	permutation	
3301.0	-0.10301577158110398	Kocak	permutation	
3302.0	0.20849657853485049	Kocak	permutation	
3303.0	0.011742669701357844	Kocak	permutation	
3304.0	-0.08471925701857286	Kocak	permutation	
3305.0	-0.08209568010641277	Kocak	permutation	
3306.0	-0.13443743890606719	Kocak	permutation	
3307.0	0.01053139061006858	Kocak	permutation	
3308.0	-0.13503272934785215	Kocak	permutation	
3309.0	-0.0315306367308783	Kocak	permutation	
3310.0	0.10896144446009393	Kocak	permutation	
3311.0	-0.008698086556529816	Kocak	permutation	
3312.0	0.23871282889943357	Kocak	permutation	
3313.0	-0.16392729110928306	Kocak	permutation	
3314.0	-0.009101945566778902	Kocak	permutation	
3315.0	-0.011876643316577784	Kocak	permutation	
3316.0	-0.1460153498039114	Kocak	permutation	
3317.0	0.0493282528491803	Kocak	permutation	
3318.0	-0.012413159336282398	Kocak	permutation	
3319.0	-0.08226658657958108	Kocak	permutation	
3320.0	-0.21162170774916111	Kocak	permutation	
3321.0	0.044208393938569124	Kocak	permutation	
3322.0	0.10086882592755497	Kocak	permutation	
3323.0	-0.11799359885443383	Kocak	permutation	
3324.0	0.06980920521272971	Kocak	permutation	
3325.0	0.2508952434317493	Kocak	permutation	
3326.0	0.25251144373683365	Kocak	permutation	
3327.0	0.0632211048139264	Kocak	permutation	
3328.0	-0.11634000071052597	Kocak	permutation	
3329.0	-0.10767927592922533	Kocak	permutation	
3330.0	0.1365336233992065	Kocak	permutation	
3331.0	-0.20410778514958716	Kocak	permutation	
3332.0	-0.10308353906207035	Kocak	permutation	
3333.0	0.05252695749473002	Kocak	permutation	
3334.0	-0.03194227772087865	Kocak	permutation	
3335.0	0.22663104052753402	Kocak	permutation	
3336.0	0.005375972783297378	Kocak	permutation	
3337.0	-0.1739584916666228	Kocak	permutation	
3338.0	0.054884985921543894	Kocak	permutation	
3339.0	0.01327313354225712	Kocak	permutation	
3340.0	0.3495277245634929	Kocak	permutation	
3341.0	0.3385170786903684	Kocak	permutation	
3342.0	-0.012352221404547503	Kocak	permutation	
3343.0	-0.1894574479640081	Kocak	permutation	
3344.0	0.1204713892893472	Kocak	permutation	
3345.0	-0.18830874773140938	Kocak	permutation	
3346.0	0.29575554618864075	Kocak	permutation	
3347.0	-0.029939574635013955	Kocak	permutation	
3348.0	0.10880794967672136	Kocak	permutation	
3349.0	-0.1870414122807924	Kocak	permutation	
3350.0	0.1611135699793671	Kocak	permutation	
3351.0	0.23370520931663874	Kocak	permutation	
3352.0	0.3095063356913488	Kocak	permutation	
3353.0	-0.07328304603425728	Kocak	permutation	
3354.0	0.03395797849506543	Kocak	permutation	
3355.0	-0.012684763166630031	Kocak	permutation	
3356.0	-0.018543862564986746	Kocak	permutation	
3357.0	-0.09188038036500412	Kocak	permutation	
3358.0	0.11074299382423947	Kocak	permutation	
3359.0	-0.05888584779663297	Kocak	permutation	
3360.0	0.15375526551543217	Kocak	permutation	
3361.0	0.08996825568108857	Kocak	permutation	
3362.0	0.17178715865278837	Kocak	permutation	
3363.0	-0.08389455611289609	Kocak	permutation	
3364.0	-0.07209607992216371	Kocak	permutation	
3365.0	-0.1271851393716017	Kocak	permutation	
3366.0	0.04378905144369627	Kocak	permutation	
3367.0	-0.04599073037657009	Kocak	permutation	
3368.0	-0.015447955935615987	Kocak	permutation	
3369.0	0.27997337733521865	Kocak	permutation	
3370.0	0.11485643199611362	Kocak	permutation	
3371.0	-0.008956648371084786	Kocak	permutation	
3372.0	-0.01774620961230422	Kocak	permutation	
3373.0	0.1562260952896577	Kocak	permutation	
3374.0	0.22579345772256065	Kocak	permutation	
3375.0	-0.03732642842644651	Kocak	permutation	
3376.0	-0.011652063684258973	Kocak	permutation	
3377.0	-0.062195454668877215	Kocak	permutation	
3378.0	-0.027869196678829145	Kocak	permutation	
3379.0	-0.10516622604082748	Kocak	permutation	
3380.0	0.018283802909285107	Kocak	permutation	
3381.0	-0.03845184017340708	Kocak	permutation	
3382.0	-0.043597969313005525	Kocak	permutation	
3383.0	0.0005938823149902461	Kocak	permutation	
3384.0	-0.04362396358253706	Kocak	permutation	
3385.0	0.01308514068218436	Kocak	permutation	
3386.0	-0.01012113086383204	Kocak	permutation	
3387.0	-0.07651647353086677	Kocak	permutation	
3388.0	0.13144782594552185	Kocak	permutation	
3389.0	0.031709086600145486	Kocak	permutation	
3390.0	0.16497391136324246	Kocak	permutation	
3391.0	0.13542063812547322	Kocak	permutation	
3392.0	0.07961970365667748	Kocak	permutation	
3393.0	0.08673004503645565	Kocak	permutation	
3394.0	-0.036550748213540096	Kocak	permutation	
3395.0	-0.032222355842850714	Kocak	permutation	
3396.0	0.07119048036996967	Kocak	permutation	
3397.0	0.07038821996574418	Kocak	permutation	
3398.0	-0.010876999427559486	Kocak	permutation	
3399.0	0.2680836083003211	Kocak	permutation	
3400.0	0.14195211703348942	Kocak	permutation	
3401.0	0.21983676923929707	Kocak	permutation	
3402.0	0.020459655549830646	Kocak	permutation	
3403.0	0.07419394394599399	Kocak	permutation	
3404.0	-0.08957615083118453	Kocak	permutation	
3405.0	0.05891336906587652	Kocak	permutation	
3406.0	-0.18807131075997452	Kocak	permutation	
3407.0	0.19568196362967294	Kocak	permutation	
3408.0	0.036171377689681705	Kocak	permutation	
3409.0	0.09855662871560567	Kocak	permutation	
3410.0	0.11009105328623159	Kocak	permutation	
3411.0	0.07844496937126078	Kocak	permutation	
3412.0	-0.22497836653688408	Kocak	permutation	
3413.0	0.24124512388202657	Kocak	permutation	
3414.0	0.21533117206018249	Kocak	permutation	
3415.0	0.09149497344464752	Kocak	permutation	
3416.0	-0.027826820796183593	Kocak	permutation	
3417.0	0.036074139690884355	Kocak	permutation	
3418.0	-0.14661529931305406	Kocak	permutation	
3419.0	0.044812350236011156	Kocak	permutation	
3420.0	-0.0484759628586966	Kocak	permutation	
3421.0	-0.16770931680019974	Kocak	permutation	
3422.0	0.24217756221741338	Kocak	permutation	
3423.0	0.07177377473262103	Kocak	permutation	
3424.0	-0.09358710784678204	Kocak	permutation	
3425.0	0.018590210620226255	Kocak	permutation	
3426.0	0.10130827210368576	Kocak	permutation	
3427.0	0.019814023075075404	Kocak	permutation	
3428.0	-0.1321340051539459	Kocak	permutation	
3429.0	-0.01863687821457427	Kocak	permutation	
3430.0	0.16470407010237764	Kocak	permutation	
3431.0	0.0869585108073303	Kocak	permutation	
3432.0	0.04331288162367075	Kocak	permutation	
3433.0	0.14962311504132186	Kocak	permutation	
3434.0	-0.038626476375501984	Kocak	permutation	
3435.0	0.043765985428469545	Kocak	permutation	
3436.0	0.18355362179623835	Kocak	permutation	
3437.0	0.03875038036784462	Kocak	permutation	
3438.0	-0.005915084254261682	Kocak	permutation	
3439.0	-0.06599547328857946	Kocak	permutation	
3440.0	-0.13507659665490568	Kocak	permutation	
3441.0	0.028466371108328836	Kocak	permutation	
3442.0	-0.09780934743916392	Kocak	permutation	
3443.0	-0.18372154439291988	Kocak	permutation	
3444.0	0.1002201107470988	Kocak	permutation	
3445.0	0.1469120612918795	Kocak	permutation	
3446.0	0.04341647164149309	Kocak	permutation	
3447.0	0.2580155270009259	Kocak	permutation	
3448.0	-0.17583941567350436	Kocak	permutation	
3449.0	0.06394003005443061	Kocak	permutation	
3450.0	-0.2414967265547019	Kocak	permutation	
3451.0	0.017932815073034902	Kocak	permutation	
3452.0	-0.006207918113401156	Kocak	permutation	
3453.0	-0.006763131642427478	Kocak	permutation	
3454.0	0.17968555977061307	Kocak	permutation	
3455.0	0.22355623660316493	Kocak	permutation	
3456.0	0.20445188042692974	Kocak	permutation	
3457.0	0.10872789942971028	Kocak	permutation	
3458.0	-0.05246797364584088	Kocak	permutation	
3459.0	0.2789594860081208	Kocak	permutation	
3460.0	0.09981911084630068	Kocak	permutation	
3461.0	0.04254390630744176	Kocak	permutation	
3462.0	0.12223394102890062	Kocak	permutation	
3463.0	0.03720330717390796	Kocak	permutation	
3464.0	-0.04417644820075006	Kocak	permutation	
3465.0	0.05760773836824473	Kocak	permutation	
3466.0	0.1654217773053337	Kocak	permutation	
3467.0	0.2111819067883527	Kocak	permutation	
3468.0	0.2875355977371843	Kocak	permutation	
3469.0	0.05465368106360691	Kocak	permutation	
3470.0	0.02141196182832772	Kocak	permutation	
3471.0	0.06261286422834811	Kocak	permutation	
3472.0	-0.05260137229489592	Kocak	permutation	
3473.0	0.1600787861492603	Kocak	permutation	
3474.0	0.23598368696061423	Kocak	permutation	
3475.0	-0.10976427559385327	Kocak	permutation	
3476.0	-0.2376103725158143	Kocak	permutation	
3477.0	0.0952247928594594	Kocak	permutation	
3478.0	0.1666590261313723	Kocak	permutation	
3479.0	0.31840526517847234	Kocak	permutation	
3480.0	0.21506323164074503	Kocak	permutation	
3481.0	-0.08227418155475208	Kocak	permutation	
3482.0	-0.06849503945063962	Kocak	permutation	
3483.0	-0.08214475665952614	Kocak	permutation	
3484.0	-0.10993199260412112	Kocak	permutation	
3485.0	-0.11108823681795643	Kocak	permutation	
3486.0	0.08074528966380878	Kocak	permutation	
3487.0	-0.14733023520136035	Kocak	permutation	
3488.0	0.30330344934763476	Kocak	permutation	
3489.0	-0.04090221230301072	Kocak	permutation	
3490.0	0.06712366500941558	Kocak	permutation	
3491.0	-0.19067300972161538	Kocak	permutation	
3492.0	-0.0928811374329448	Kocak	permutation	
3493.0	-0.04821344534753891	Kocak	permutation	
3494.0	0.035856222717775665	Kocak	permutation	
3495.0	-0.09790344718243471	Kocak	permutation	
3496.0	-0.00014139303885007948	Kocak	permutation	
3497.0	0.09265633994866773	Kocak	permutation	
3498.0	0.028273022561144945	Kocak	permutation	
3499.0	0.07424068003834838	Kocak	permutation	
3500.0	-0.03681097294404578	Kocak	permutation	
3501.0	0.22632316493349602	Kocak	permutation	
3502.0	0.1791584683653138	Kocak	permutation	
3503.0	-0.13550306988235583	Kocak	permutation	
3504.0	0.015372023335129992	Kocak	permutation	
3505.0	-0.05456590666215311	Kocak	permutation	
3506.0	0.12425033866738477	Kocak	permutation	
3507.0	-0.0908631256802157	Kocak	permutation	
3508.0	-0.027724969623632134	Kocak	permutation	
3509.0	-0.007758634567817335	Kocak	permutation	
3510.0	-0.01084806462022625	Kocak	permutation	
3511.0	-0.1596584731081503	Kocak	permutation	
3512.0	-0.12173109694269568	Kocak	permutation	
3513.0	0.24174239208748416	Kocak	permutation	
3514.0	-0.04570511305203118	Kocak	permutation	
3515.0	-0.03328537892107519	Kocak	permutation	
3516.0	0.01071650939691704	Kocak	permutation	
3517.0	0.05822597463867929	Kocak	permutation	
3518.0	0.13791171079823705	Kocak	permutation	
3519.0	0.05638787239968979	Kocak	permutation	
3520.0	0.12046627879922278	Kocak	permutation	
3521.0	0.05497280987389708	Kocak	permutation	
3522.0	0.040264513130998214	Kocak	permutation	
3523.0	-0.032424208432714874	Kocak	permutation	
3524.0	0.07543359034784203	Kocak	permutation	
3525.0	-0.050274772859622896	Kocak	permutation	
3526.0	-0.10697791542008561	Kocak	permutation	
3527.0	-0.17443263086096295	Kocak	permutation	
3528.0	0.006847044408972547	Kocak	permutation	
3529.0	-0.024057484946192087	Kocak	permutation	
3530.0	-0.09026025992519404	Kocak	permutation	
3531.0	-0.02919450582993166	Kocak	permutation	
3532.0	-0.05698899630339094	Kocak	permutation	
3533.0	0.013322602933872663	Kocak	permutation	
3534.0	0.04115852155194499	Kocak	permutation	
3535.0	-0.08685345964651692	Kocak	permutation	
3536.0	-0.2370347437583753	Kocak	permutation	
3537.0	-0.09801549280934774	Kocak	permutation	
3538.0	0.056986897198683106	Kocak	permutation	
3539.0	-0.09829065914980184	Kocak	permutation	
3540.0	-0.16024593416040744	Kocak	permutation	
3541.0	-0.21267865623081095	Kocak	permutation	
3542.0	-0.01736911500482785	Kocak	permutation	
3543.0	0.299017448563359	Kocak	permutation	
3544.0	0.029878472169058146	Kocak	permutation	
3545.0	-0.07980547875981481	Kocak	permutation	
3546.0	-0.1872408695098131	Kocak	permutation	
3547.0	0.24868699620918067	Kocak	permutation	
3548.0	0.04306508640826001	Kocak	permutation	
3549.0	0.34023886226442546	Kocak	permutation	
3550.0	0.019225920133257635	Kocak	permutation	
3551.0	0.16437990528743063	Kocak	permutation	
3552.0	0.1037997644771047	Kocak	permutation	
3553.0	0.04573614602721232	Kocak	permutation	
3554.0	0.10285609624238479	Kocak	permutation	
3555.0	-0.24937151354658038	Kocak	permutation	
3556.0	0.03670689627764245	Kocak	permutation	
3557.0	-0.3036101796875226	Kocak	permutation	
3558.0	-0.004767198569475273	Kocak	permutation	
3559.0	0.10033132010096413	Kocak	permutation	
3560.0	-0.04252090051669999	Kocak	permutation	
3561.0	-0.04306957064250838	Kocak	permutation	
3562.0	0.06733182842732699	Kocak	permutation	
3563.0	0.16533962259503898	Kocak	permutation	
3564.0	0.09954024404316586	Kocak	permutation	
3565.0	0.0894542510272629	Kocak	permutation	
3566.0	-0.16989561902749362	Kocak	permutation	
3567.0	0.11971434930154601	Kocak	permutation	
3568.0	-0.12146146423837978	Kocak	permutation	
3569.0	0.03400444564444216	Kocak	permutation	
3570.0	0.08863248195849804	Kocak	permutation	
3571.0	-0.11241644343178425	Kocak	permutation	
3572.0	0.401513507766206	Kocak	permutation	
3573.0	-0.09885987829253695	Kocak	permutation	
3574.0	-0.07417043537664236	Kocak	permutation	
3575.0	0.032328212850788685	Kocak	permutation	
3576.0	0.08638771004299617	Kocak	permutation	
3577.0	0.03910770529284191	Kocak	permutation	
3578.0	0.20864145234879627	Kocak	permutation	
3579.0	-0.00022248602073116075	Kocak	permutation	
3580.0	-0.13831568669567584	Kocak	permutation	
3581.0	0.035042158062401185	Kocak	permutation	
3582.0	-0.3265987306585063	Kocak	permutation	
3583.0	-0.05207620546609437	Kocak	permutation	
3584.0	0.1724639558578982	Kocak	permutation	
3585.0	0.11364406768767932	Kocak	permutation	
3586.0	0.2256754242345571	Kocak	permutation	
3587.0	0.2724194672623099	Kocak	permutation	
3588.0	-0.03711593287461801	Kocak	permutation	
3589.0	-0.02549686099709625	Kocak	permutation	
3590.0	-0.12258739624151671	Kocak	permutation	
3591.0	-0.017421767742324068	Kocak	permutation	
3592.0	0.09439706937305692	Kocak	permutation	
3593.0	0.03282892922713465	Kocak	permutation	
3594.0	0.1114597487689255	Kocak	permutation	
3595.0	-0.20856478754048213	Kocak	permutation	
3596.0	0.2476883130469969	Kocak	permutation	
3597.0	-0.16650569604385135	Kocak	permutation	
3598.0	0.004756127140471911	Kocak	permutation	
3599.0	0.03703948597861739	Kocak	permutation	
3600.0	0.17864169868109414	Kocak	permutation	
3601.0	-0.2603297339802655	Kocak	permutation	
3602.0	0.2025371234347153	Kocak	permutation	
3603.0	0.2814917961189236	Kocak	permutation	
3604.0	-0.10140248765133686	Kocak	permutation	
3605.0	-0.012974016081352957	Kocak	permutation	
3606.0	0.12436806557974034	Kocak	permutation	
3607.0	0.3876529713301218	Kocak	permutation	
3608.0	0.01645110801173244	Kocak	permutation	
3609.0	-0.10621602615603631	Kocak	permutation	
3610.0	-0.14197783046092693	Kocak	permutation	
3611.0	0.06081029075587541	Kocak	permutation	
3612.0	0.020120904043063437	Kocak	permutation	
3613.0	-0.11965044464394747	Kocak	permutation	
3614.0	-0.02526100293258704	Kocak	permutation	
3615.0	0.0053307504760278235	Kocak	permutation	
3616.0	0.22612433326533887	Kocak	permutation	
3617.0	0.028607430191379457	Kocak	permutation	
3618.0	0.09654629318981378	Kocak	permutation	
3619.0	0.006842449316499355	Kocak	permutation	
3620.0	0.09543016230503376	Kocak	permutation	
3621.0	-0.015217016407621298	Kocak	permutation	
3622.0	0.02859344366255412	Kocak	permutation	
3623.0	-0.042330623223921116	Kocak	permutation	
3624.0	-0.05380199731837454	Kocak	permutation	
3625.0	-0.1374579449459592	Kocak	permutation	
3626.0	-0.06658889323183281	Kocak	permutation	
3627.0	-0.044554366658407396	Kocak	permutation	
3628.0	0.1960122577970873	Kocak	permutation	
3629.0	0.015562470925950311	Kocak	permutation	
3630.0	-0.0448750896778094	Kocak	permutation	
3631.0	-0.090666962143517	Kocak	permutation	
3632.0	0.24798101319994537	Kocak	permutation	
3633.0	-0.054948185631829016	Kocak	permutation	
3634.0	0.00015501097757031346	Kocak	permutation	
3635.0	0.028665592480306312	Kocak	permutation	
3636.0	-0.002099217900411343	Kocak	permutation	
3637.0	-0.14118088666935913	Kocak	permutation	
3638.0	-0.023187818327488507	Kocak	permutation	
3639.0	0.031354168645641334	Kocak	permutation	
3640.0	0.14231993111203556	Kocak	permutation	
3641.0	-0.05628314914350652	Kocak	permutation	
3642.0	0.1333066826553484	Kocak	permutation	
3643.0	0.19414214628623494	Kocak	permutation	
3644.0	0.36751047349637345	Kocak	permutation	
3645.0	0.3324636559719325	Kocak	permutation	
3646.0	0.11507750929926797	Kocak	permutation	
3647.0	0.16357030777160464	Kocak	permutation	
3648.0	0.11976913501992392	Kocak	permutation	
3649.0	0.0670086804108303	Kocak	permutation	
3650.0	0.2748386007910333	Kocak	permutation	
3651.0	0.17410297300313005	Kocak	permutation	
3652.0	0.1431749932213613	Kocak	permutation	
3653.0	-0.14146860601050992	Kocak	permutation	
3654.0	0.06622613096638386	Kocak	permutation	
3655.0	-0.01840965365823566	Kocak	permutation	
3656.0	0.03301734297824588	Kocak	permutation	
3657.0	-0.03231577204835023	Kocak	permutation	
3658.0	0.002607024672345748	Kocak	permutation	
3659.0	0.15555739786056844	Kocak	permutation	
3660.0	-0.12335570297479714	Kocak	permutation	
3661.0	-0.02274651871853317	Kocak	permutation	
3662.0	0.0744701038232769	Kocak	permutation	
3663.0	0.06533480239872436	Kocak	permutation	
3664.0	-0.1346746461135484	Kocak	permutation	
3665.0	0.12383106437778224	Kocak	permutation	
3666.0	0.14386961359041717	Kocak	permutation	
3667.0	-0.003496865838315877	Kocak	permutation	
3668.0	0.0558074016117347	Kocak	permutation	
3669.0	0.09711340309541372	Kocak	permutation	
3670.0	0.14397906128014926	Kocak	permutation	
3671.0	-0.11898879685991348	Kocak	permutation	
3672.0	0.13908489367559262	Kocak	permutation	
3673.0	-0.10970654929008239	Kocak	permutation	
3674.0	-0.01713842063436477	Kocak	permutation	
3675.0	0.13584497148569286	Kocak	permutation	
3676.0	-0.16455756593814685	Kocak	permutation	
3677.0	-0.021801843794039932	Kocak	permutation	
3678.0	-0.006253123101815472	Kocak	permutation	
3679.0	-0.2356425165194529	Kocak	permutation	
3680.0	0.1518466818432782	Kocak	permutation	
3681.0	0.17849365238168513	Kocak	permutation	
3682.0	-0.050107073564872984	Kocak	permutation	
3683.0	0.20816064478573226	Kocak	permutation	
3684.0	0.09975333307349565	Kocak	permutation	
3685.0	-0.07913967396873911	Kocak	permutation	
3686.0	-0.07902576125454441	Kocak	permutation	
3687.0	-0.00815374805397262	Kocak	permutation	
3688.0	-0.1146326719216848	Kocak	permutation	
3689.0	0.13132838693577886	Kocak	permutation	
3690.0	-0.10576685660250007	Kocak	permutation	
3691.0	0.12543444663757297	Kocak	permutation	
3692.0	-0.12883921808073406	Kocak	permutation	
3693.0	0.00047945734524468264	Kocak	permutation	
3694.0	-0.008988893562383637	Kocak	permutation	
3695.0	0.04703014745562939	Kocak	permutation	
3696.0	-0.1300252457438691	Kocak	permutation	
3697.0	-0.10787079608242589	Kocak	permutation	
3698.0	0.06320152475253371	Kocak	permutation	
3699.0	0.010104045357581803	Kocak	permutation	
3700.0	0.13291233172136252	Kocak	permutation	
3701.0	0.06203214374655852	Kocak	permutation	
3702.0	-0.1690801713550698	Kocak	permutation	
3703.0	-0.030306724720094103	Kocak	permutation	
3704.0	0.021545737322584024	Kocak	permutation	
3705.0	0.10608503720469287	Kocak	permutation	
3706.0	-0.09362350148233212	Kocak	permutation	
3707.0	-0.026288863886711145	Kocak	permutation	
3708.0	0.04341337724835714	Kocak	permutation	
3709.0	0.01177495223675562	Kocak	permutation	
3710.0	-0.023589183774593625	Kocak	permutation	
3711.0	-0.11683440947027401	Kocak	permutation	
3712.0	-0.022988160818873116	Kocak	permutation	
3713.0	-0.14281689115274254	Kocak	permutation	
3714.0	-0.12056436427432615	Kocak	permutation	
3715.0	-0.055442798151835504	Kocak	permutation	
3716.0	0.0950045365387342	Kocak	permutation	
3717.0	-0.030026221197824388	Kocak	permutation	
3718.0	0.040903835071916195	Kocak	permutation	
3719.0	0.10849899498894677	Kocak	permutation	
3720.0	-0.04932709223083087	Kocak	permutation	
3721.0	-0.0018948373559113385	Kocak	permutation	
3722.0	0.0941222335787315	Kocak	permutation	
3723.0	-0.15588614246152854	Kocak	permutation	
3724.0	-0.2087919086770995	Kocak	permutation	
3725.0	0.14419936507966336	Kocak	permutation	
3726.0	0.08498068079975818	Kocak	permutation	
3727.0	0.14571569221176262	Kocak	permutation	
3728.0	0.05003027421552586	Kocak	permutation	
3729.0	0.15360616294192697	Kocak	permutation	
3730.0	-0.00299665660924342	Kocak	permutation	
3731.0	0.14387408192392437	Kocak	permutation	
3732.0	0.15859754639473156	Kocak	permutation	
3733.0	-0.08246167276816418	Kocak	permutation	
3734.0	-0.244919385867993	Kocak	permutation	
3735.0	-0.165884045363891	Kocak	permutation	
3736.0	-0.006628627482795579	Kocak	permutation	
3737.0	0.0862895322153383	Kocak	permutation	
3738.0	-0.1405838814464464	Kocak	permutation	
3739.0	0.22180096534217641	Kocak	permutation	
3740.0	-0.0514975340850512	Kocak	permutation	
3741.0	0.3722779909945628	Kocak	permutation	
3742.0	-0.08413250564600983	Kocak	permutation	
3743.0	0.1336662035396725	Kocak	permutation	
3744.0	-0.15122272305961237	Kocak	permutation	
3745.0	0.17245269959875964	Kocak	permutation	
3746.0	0.14761656426354142	Kocak	permutation	
3747.0	-0.20813614577415107	Kocak	permutation	
3748.0	-0.05237500830319419	Kocak	permutation	
3749.0	0.1407231260601325	Kocak	permutation	
3750.0	0.14556738247263068	Kocak	permutation	
3751.0	-0.09816780103077294	Kocak	permutation	
3752.0	0.10649712036598791	Kocak	permutation	
3753.0	-0.15003933833136074	Kocak	permutation	
3754.0	0.10150523039975967	Kocak	permutation	
3755.0	0.1538650896680327	Kocak	permutation	
3756.0	0.025911496361380237	Kocak	permutation	
3757.0	0.07040783360553782	Kocak	permutation	
3758.0	-0.11942270903663132	Kocak	permutation	
3759.0	0.03631817633843504	Kocak	permutation	
3760.0	-0.330687737938121	Kocak	permutation	
3761.0	-0.12353205745894114	Kocak	permutation	
3762.0	-0.06090733475825871	Kocak	permutation	
3763.0	0.010259302207390242	Kocak	permutation	
3764.0	0.20013210048846286	Kocak	permutation	
3765.0	0.14932085750427548	Kocak	permutation	
3766.0	0.05592012197000962	Kocak	permutation	
3767.0	-0.023975317835583265	Kocak	permutation	
3768.0	0.07919179306455426	Kocak	permutation	
3769.0	-0.15829389075163025	Kocak	permutation	
3770.0	-0.23624389825918124	Kocak	permutation	
3771.0	-0.011992064036443484	Kocak	permutation	
3772.0	-0.08580962419432536	Kocak	permutation	
3773.0	-0.03047824107250685	Kocak	permutation	
3774.0	-0.2075338524031891	Kocak	permutation	
3775.0	0.08426466498917007	Kocak	permutation	
3776.0	0.01287277864683034	Kocak	permutation	
3777.0	-0.04355516103820811	Kocak	permutation	
3778.0	-0.024879487414462442	Kocak	permutation	
3779.0	0.2224908747994636	Kocak	permutation	
3780.0	-0.29273789100441805	Kocak	permutation	
3781.0	0.36945637851605717	Kocak	permutation	
3782.0	0.10566780725447877	Kocak	permutation	
3783.0	-0.01667819362531775	Kocak	permutation	
3784.0	0.11334973691910744	Kocak	permutation	
3785.0	0.07105763132707343	Kocak	permutation	
3786.0	-0.030659165832526813	Kocak	permutation	
3787.0	-0.02443898732708627	Kocak	permutation	
3788.0	0.13873685300644567	Kocak	permutation	
3789.0	-0.0521395755447438	Kocak	permutation	
3790.0	-0.024613078062342364	Kocak	permutation	
3791.0	-0.015254469355666878	Kocak	permutation	
3792.0	-0.028928875960785305	Kocak	permutation	
3793.0	-0.0493080808892139	Kocak	permutation	
3794.0	0.10629823749888434	Kocak	permutation	
3795.0	-0.12277052398937016	Kocak	permutation	
3796.0	0.029414474444662275	Kocak	permutation	
3797.0	0.19328130981462577	Kocak	permutation	
3798.0	0.28471650607402177	Kocak	permutation	
3799.0	-0.08854932143242555	Kocak	permutation	
3800.0	0.08498752444297608	Kocak	permutation	
3801.0	-0.08760648404791871	Kocak	permutation	
3802.0	-0.2022537773797195	Kocak	permutation	
3803.0	-0.007535427681678364	Kocak	permutation	
3804.0	0.16900538358618578	Kocak	permutation	
3805.0	0.019816544602435204	Kocak	permutation	
3806.0	-0.07372273258104167	Kocak	permutation	
3807.0	0.1091910244924974	Kocak	permutation	
3808.0	0.12615453360996742	Kocak	permutation	
3809.0	-0.16376213079375912	Kocak	permutation	
3810.0	-0.059387322411418975	Kocak	permutation	
3811.0	0.06052064992388484	Kocak	permutation	
3812.0	0.04929655826869972	Kocak	permutation	
3813.0	0.13335835355425862	Kocak	permutation	
3814.0	-0.024064855370334648	Kocak	permutation	
3815.0	0.05333109124826718	Kocak	permutation	
3816.0	0.016774871580181205	Kocak	permutation	
3817.0	0.029890513115739203	Kocak	permutation	
3818.0	0.16110844156098203	Kocak	permutation	
3819.0	-0.02898951916017367	Kocak	permutation	
3820.0	0.0404902171171857	Kocak	permutation	
3821.0	-0.04480580060645911	Kocak	permutation	
3822.0	0.22721869283346985	Kocak	permutation	
3823.0	-0.038233885252154654	Kocak	permutation	
3824.0	0.18633788730539136	Kocak	permutation	
3825.0	-0.028931995875562944	Kocak	permutation	
3826.0	-0.06275068098708836	Kocak	permutation	
3827.0	0.15785443237061747	Kocak	permutation	
3828.0	-0.025726265500517265	Kocak	permutation	
3829.0	-0.03051657060564139	Kocak	permutation	
3830.0	0.15689620215633937	Kocak	permutation	
3831.0	-0.06689972962597635	Kocak	permutation	
3832.0	-0.08900832791287483	Kocak	permutation	
3833.0	-0.2764035584329636	Kocak	permutation	
3834.0	0.00347458532976308	Kocak	permutation	
3835.0	0.10219396225090804	Kocak	permutation	
3836.0	-0.18330119307972303	Kocak	permutation	
3837.0	0.06505214889544941	Kocak	permutation	
3838.0	0.008237113235315618	Kocak	permutation	
3839.0	-0.05872966670443258	Kocak	permutation	
3840.0	-0.049563005303894236	Kocak	permutation	
3841.0	0.2442243921224283	Kocak	permutation	
3842.0	-0.04041769614719115	Kocak	permutation	
3843.0	-0.05755104237205444	Kocak	permutation	
3844.0	-0.19037089126108375	Kocak	permutation	
3845.0	0.04599904755162898	Kocak	permutation	
3846.0	-0.000778332135872084	Kocak	permutation	
3847.0	-0.11442619080366079	Kocak	permutation	
3848.0	0.045929396281988666	Kocak	permutation	
3849.0	-0.20557400446523344	Kocak	permutation	
3850.0	-0.07563276052282397	Kocak	permutation	
3851.0	-0.0032422475783095983	Kocak	permutation	
3852.0	0.03455306716074924	Kocak	permutation	
3853.0	0.05808973131707118	Kocak	permutation	
3854.0	0.07136715741873356	Kocak	permutation	
3855.0	0.12752983692234476	Kocak	permutation	
3856.0	-0.01061924160151051	Kocak	permutation	
3857.0	0.05448680116430715	Kocak	permutation	
3858.0	0.03876194957596857	Kocak	permutation	
3859.0	-0.23441540206530176	Kocak	permutation	
3860.0	0.18575446474844926	Kocak	permutation	
3861.0	0.09067352027160558	Kocak	permutation	
3862.0	0.047739413188911506	Kocak	permutation	
3863.0	-0.042623833940079514	Kocak	permutation	
3864.0	0.16270045839838954	Kocak	permutation	
3865.0	-0.05625287341388674	Kocak	permutation	
3866.0	0.08969516190523041	Kocak	permutation	
3867.0	-0.06990318355870606	Kocak	permutation	
3868.0	-0.0719269931509352	Kocak	permutation	
3869.0	0.2379992994075355	Kocak	permutation	
3870.0	0.12927126417182544	Kocak	permutation	
3871.0	-0.1736101996814825	Kocak	permutation	
3872.0	-0.1566353347274152	Kocak	permutation	
3873.0	-0.027351621187965414	Kocak	permutation	
3874.0	0.0998687052920082	Kocak	permutation	
3875.0	0.2482447109103565	Kocak	permutation	
3876.0	-0.20501454180861733	Kocak	permutation	
3877.0	0.019192732493204634	Kocak	permutation	
3878.0	0.08456097708588128	Kocak	permutation	
3879.0	-0.009564534765046595	Kocak	permutation	
3880.0	0.44458300940068796	Kocak	permutation	
3881.0	-0.047588840159897394	Kocak	permutation	
3882.0	-0.10825944504798679	Kocak	permutation	
3883.0	-0.11788145421281593	Kocak	permutation	
3884.0	0.01541971468551706	Kocak	permutation	
3885.0	0.03675212459933608	Kocak	permutation	
3886.0	0.0622308933496476	Kocak	permutation	
3887.0	0.09851405108181455	Kocak	permutation	
3888.0	0.2128060814922974	Kocak	permutation	
3889.0	-5.807553811276733e-05	Kocak	permutation	
3890.0	0.06685252398785657	Kocak	permutation	
3891.0	-0.25491718731343394	Kocak	permutation	
3892.0	0.046842119670083004	Kocak	permutation	
3893.0	0.12726904137686246	Kocak	permutation	
3894.0	0.07596721687804919	Kocak	permutation	
3895.0	0.12068082440165595	Kocak	permutation	
3896.0	0.04516906801783893	Kocak	permutation	
3897.0	-0.2588496347600664	Kocak	permutation	
3898.0	-0.3061644215471544	Kocak	permutation	
3899.0	0.03912085863897952	Kocak	permutation	
3900.0	-0.010352281529324436	Kocak	permutation	
3901.0	0.22681957400454333	Kocak	permutation	
3902.0	-0.026966479129482135	Kocak	permutation	
3903.0	0.22971663424263777	Kocak	permutation	
3904.0	-0.06268278186535214	Kocak	permutation	
3905.0	-0.19254855539294535	Kocak	permutation	
3906.0	-0.008658382002753928	Kocak	permutation	
3907.0	0.0042725034090542735	Kocak	permutation	
3908.0	0.042546893475472025	Kocak	permutation	
3909.0	-0.018807150266207717	Kocak	permutation	
3910.0	0.06674310250862803	Kocak	permutation	
3911.0	-0.18587397648997195	Kocak	permutation	
3912.0	-0.12691900831015213	Kocak	permutation	
3913.0	-0.14694051470980618	Kocak	permutation	
3914.0	-0.0845932650778245	Kocak	permutation	
3915.0	-0.0602811093482174	Kocak	permutation	
3916.0	-0.1540921768779091	Kocak	permutation	
3917.0	0.03402764020965643	Kocak	permutation	
3918.0	-0.010333449964389452	Kocak	permutation	
3919.0	-0.07004173033052119	Kocak	permutation	
3920.0	0.17916939482098648	Kocak	permutation	
3921.0	-0.06268662284947935	Kocak	permutation	
3922.0	0.08510488575084674	Kocak	permutation	
3923.0	0.13637541842331746	Kocak	permutation	
3924.0	0.0014656548669353953	Kocak	permutation	
3925.0	0.02167091211163852	Kocak	permutation	
3926.0	0.06297161563638465	Kocak	permutation	
3927.0	-0.03498353025663947	Kocak	permutation	
3928.0	-0.06067832482336932	Kocak	permutation	
3929.0	0.013440949199070129	Kocak	permutation	
3930.0	-0.2913080402692443	Kocak	permutation	
3931.0	0.01051567861458036	Kocak	permutation	
3932.0	-0.04579023489219347	Kocak	permutation	
3933.0	0.07491293390906684	Kocak	permutation	
3934.0	0.10467551418817633	Kocak	permutation	
3935.0	-0.18051694309162603	Kocak	permutation	
3936.0	0.0661988743223163	Kocak	permutation	
3937.0	0.04114697391062494	Kocak	permutation	
3938.0	-0.19363555039369862	Kocak	permutation	
3939.0	0.19113170253852108	Kocak	permutation	
3940.0	0.0573739768296031	Kocak	permutation	
3941.0	0.02797679933363728	Kocak	permutation	
3942.0	-0.06606162091443046	Kocak	permutation	
3943.0	0.04950108085655103	Kocak	permutation	
3944.0	0.015621638839673935	Kocak	permutation	
3945.0	0.21513961641747859	Kocak	permutation	
3946.0	-0.06369368667296138	Kocak	permutation	
3947.0	-0.04330080788657398	Kocak	permutation	
3948.0	-0.03337850632411765	Kocak	permutation	
3949.0	0.1713942883882429	Kocak	permutation	
3950.0	0.1049874860986093	Kocak	permutation	
3951.0	-0.2376998739832814	Kocak	permutation	
3952.0	0.16645386407900986	Kocak	permutation	
3953.0	-0.044901385118286896	Kocak	permutation	
3954.0	-0.020206108630707487	Kocak	permutation	
3955.0	0.06295406061744124	Kocak	permutation	
3956.0	0.0024432044462954217	Kocak	permutation	
3957.0	0.01297413706822681	Kocak	permutation	
3958.0	0.168934905891017	Kocak	permutation	
3959.0	-0.0023466778180454284	Kocak	permutation	
3960.0	0.10203608330601277	Kocak	permutation	
3961.0	-0.1116238443912363	Kocak	permutation	
3962.0	-0.07018572824643021	Kocak	permutation	
3963.0	0.23237113367575724	Kocak	permutation	
3964.0	0.14535819705982433	Kocak	permutation	
3965.0	-0.13089537715645871	Kocak	permutation	
3966.0	0.105011222202259	Kocak	permutation	
3967.0	0.06698582092266259	Kocak	permutation	
3968.0	0.09413316047018183	Kocak	permutation	
3969.0	-0.008451270551877776	Kocak	permutation	
3970.0	-0.1467368656779735	Kocak	permutation	
3971.0	0.042540481417714826	Kocak	permutation	
3972.0	-0.18632518667124698	Kocak	permutation	
3973.0	0.012014471141910565	Kocak	permutation	
3974.0	0.046669384655776636	Kocak	permutation	
3975.0	0.1663717936487612	Kocak	permutation	
3976.0	0.029908660076352067	Kocak	permutation	
3977.0	0.44811898225180125	Kocak	permutation	
3978.0	0.005518486371301368	Kocak	permutation	
3979.0	-0.09723758124289938	Kocak	permutation	
3980.0	-0.05013918718339605	Kocak	permutation	
3981.0	-0.15280296963606865	Kocak	permutation	
3982.0	0.1652789328601023	Kocak	permutation	
3983.0	0.08341039967514563	Kocak	permutation	
3984.0	0.10671322291491725	Kocak	permutation	
3985.0	-0.06001610778346134	Kocak	permutation	
3986.0	0.07379065043502164	Kocak	permutation	
3987.0	-0.08895780179576684	Kocak	permutation	
3988.0	-0.010988655644959877	Kocak	permutation	
3989.0	0.16965690070639416	Kocak	permutation	
3990.0	0.09664915302976995	Kocak	permutation	
3991.0	-0.02408813728172987	Kocak	permutation	
3992.0	-0.07127150474734067	Kocak	permutation	
3993.0	-0.10829830296317278	Kocak	permutation	
3994.0	0.06322357226062403	Kocak	permutation	
3995.0	-0.025402665313056794	Kocak	permutation	
3996.0	-0.006460023019766226	Kocak	permutation	
3997.0	0.00470160069619574	Kocak	permutation	
3998.0	-0.03483404863646866	Kocak	permutation	
3999.0	0.10670535817359372	Kocak	permutation	
4000.0	-0.07925814249497698	Kocak	permutation	
4001.0	-0.09717250007243772	Kocak	permutation	
4002.0	-0.04043997593237636	Kocak	permutation	
4003.0	0.03331685602159018	Kocak	permutation	
4004.0	-0.05859491826326835	Kocak	permutation	
4005.0	0.0788009584483782	Kocak	permutation	
4006.0	-0.03266202390571715	Kocak	permutation	
4007.0	-0.10408802869572886	Kocak	permutation	
4008.0	0.11999829313293686	Kocak	permutation	
4009.0	-0.05576421045005109	Kocak	permutation	
4010.0	0.2556055953422498	Kocak	permutation	
4011.0	0.12064902528655219	Kocak	permutation	
4012.0	0.2320047113943544	Kocak	permutation	
4013.0	0.05907389253595774	Kocak	permutation	
4014.0	-0.13199853441557252	Kocak	permutation	
4015.0	0.13510225717426616	Kocak	permutation	
4016.0	0.15542299930676107	Kocak	permutation	
4017.0	0.1021676684351438	Kocak	permutation	
4018.0	0.0522212918834688	Kocak	permutation	
4019.0	0.08550780912284184	Kocak	permutation	
4020.0	0.07844533257990394	Kocak	permutation	
4021.0	-0.17161423642450568	Kocak	permutation	
4022.0	0.27405275209158697	Kocak	permutation	
4023.0	0.13569193129067658	Kocak	permutation	
4024.0	0.10690721197932218	Kocak	permutation	
4025.0	-0.03988727036331552	Kocak	permutation	
4026.0	0.043020835248328115	Kocak	permutation	
4027.0	-0.000433965793029234	Kocak	permutation	
4028.0	0.059664489207756244	Kocak	permutation	
4029.0	0.061007218795326335	Kocak	permutation	
4030.0	-0.0014419085142707289	Kocak	permutation	
4031.0	0.12387202956001975	Kocak	permutation	
4032.0	-0.19442757739111372	Kocak	permutation	
4033.0	-0.053320366600781544	Kocak	permutation	
4034.0	0.14367030698740857	Kocak	permutation	
4035.0	0.12644779198684208	Kocak	permutation	
4036.0	0.08759532893380939	Kocak	permutation	
4037.0	-0.03641976543983727	Kocak	permutation	
4038.0	-0.1760995843527544	Kocak	permutation	
4039.0	0.16167160622865895	Kocak	permutation	
4040.0	-0.0988589761534846	Kocak	permutation	
4041.0	0.1730280499356689	Kocak	permutation	
4042.0	0.04344393955536319	Kocak	permutation	
4043.0	0.022444442947107568	Kocak	permutation	
4044.0	-0.10250408276681133	Kocak	permutation	
4045.0	0.2328272642665925	Kocak	permutation	
4046.0	0.010800597054204442	Kocak	permutation	
4047.0	-0.11017586855956907	Kocak	permutation	
4048.0	-0.02227984273248662	Kocak	permutation	
4049.0	-0.06801075836920267	Kocak	permutation	
4050.0	0.09613383405671394	Kocak	permutation	
4051.0	0.11474636180774755	Kocak	permutation	
4052.0	-0.07796960383516538	Kocak	permutation	
4053.0	-0.026885672753926393	Kocak	permutation	
4054.0	-0.026691103748917033	Kocak	permutation	
4055.0	0.09710603629448133	Kocak	permutation	
4056.0	0.2942356380228026	Kocak	permutation	
4057.0	0.08354314307449462	Kocak	permutation	
4058.0	0.16273546563101515	Kocak	permutation	
4059.0	-0.22296884297483377	Kocak	permutation	
4060.0	0.04284297905256995	Kocak	permutation	
4061.0	0.05647114934279829	Kocak	permutation	
4062.0	0.15746398148607899	Kocak	permutation	
4063.0	-0.10666992103382489	Kocak	permutation	
4064.0	0.09862051086347368	Kocak	permutation	
4065.0	-0.10205085649018475	Kocak	permutation	
4066.0	-0.08549539282381202	Kocak	permutation	
4067.0	0.13228368499405585	Kocak	permutation	
4068.0	0.21824424326067104	Kocak	permutation	
4069.0	-0.2261011184638293	Kocak	permutation	
4070.0	0.0596879260049441	Kocak	permutation	
4071.0	0.28355776310410663	Kocak	permutation	
4072.0	0.0027769736973661807	Kocak	permutation	
4073.0	-0.0160985711214221	Kocak	permutation	
4074.0	-0.042064004468139515	Kocak	permutation	
4075.0	0.24007277221328138	Kocak	permutation	
4076.0	0.04684780148757106	Kocak	permutation	
4077.0	0.14692713502623667	Kocak	permutation	
4078.0	-0.04897301269359833	Kocak	permutation	
4079.0	-0.02368923522085753	Kocak	permutation	
4080.0	0.17559631791230945	Kocak	permutation	
4081.0	0.2639958701736682	Kocak	permutation	
4082.0	-0.1294053694419195	Kocak	permutation	
4083.0	0.051136191743165416	Kocak	permutation	
4084.0	0.038225934850417254	Kocak	permutation	
4085.0	-0.039309352594119495	Kocak	permutation	
4086.0	-0.17968032779706755	Kocak	permutation	
4087.0	0.07664926735386413	Kocak	permutation	
4088.0	0.04293027711066477	Kocak	permutation	
4089.0	-0.03226732245066577	Kocak	permutation	
4090.0	0.21459015017558647	Kocak	permutation	
4091.0	-0.0624049797898083	Kocak	permutation	
4092.0	-0.3040986114113733	Kocak	permutation	
4093.0	0.15278085023789467	Kocak	permutation	
4094.0	0.021779076323163782	Kocak	permutation	
4095.0	-0.08043598260242035	Kocak	permutation	
4096.0	0.21452285693105733	Kocak	permutation	
4097.0	0.05857154044679991	Kocak	permutation	
4098.0	-0.17131357180590046	Kocak	permutation	
4099.0	-0.019494618663701502	Kocak	permutation	
4100.0	0.031115262596617566	Kocak	permutation	
4101.0	-0.19715143837141547	Kocak	permutation	
4102.0	0.059641566520896916	Kocak	permutation	
4103.0	0.050108922120327026	Kocak	permutation	
4104.0	0.20844753991324838	Kocak	permutation	
4105.0	0.06487502048614102	Kocak	permutation	
4106.0	-0.004034437238598532	Kocak	permutation	
4107.0	0.20594112765838846	Kocak	permutation	
4108.0	-0.22444989552557226	Kocak	permutation	
4109.0	0.17304440193720616	Kocak	permutation	
4110.0	0.053002197647928906	Kocak	permutation	
4111.0	0.16546551045647107	Kocak	permutation	
4112.0	-0.14259471484021047	Kocak	permutation	
4113.0	0.031734734444146984	Kocak	permutation	
4114.0	-0.26061241398000545	Kocak	permutation	
4115.0	0.18349618749537955	Kocak	permutation	
4116.0	-0.2697219426554467	Kocak	permutation	
4117.0	-0.19652714954092065	Kocak	permutation	
4118.0	-0.056831356323747695	Kocak	permutation	
4119.0	0.04642002940404222	Kocak	permutation	
4120.0	0.04761914315787452	Kocak	permutation	
4121.0	0.11061564499658516	Kocak	permutation	
4122.0	0.23297706598709667	Kocak	permutation	
4123.0	0.2148607685623385	Kocak	permutation	
4124.0	0.036864371045475686	Kocak	permutation	
4125.0	0.15129945246215293	Kocak	permutation	
4126.0	-0.021188323927380903	Kocak	permutation	
4127.0	-0.0018249767041833564	Kocak	permutation	
4128.0	-0.0014031107605578796	Kocak	permutation	
4129.0	-0.09496324562598435	Kocak	permutation	
4130.0	0.11066942966834814	Kocak	permutation	
4131.0	0.11460659586780775	Kocak	permutation	
4132.0	0.07004649759514336	Kocak	permutation	
4133.0	0.10322383866496221	Kocak	permutation	
4134.0	-0.14647181910037688	Kocak	permutation	
4135.0	-0.11253052941266395	Kocak	permutation	
4136.0	0.06360854801060034	Kocak	permutation	
4137.0	-0.036729370224532154	Kocak	permutation	
4138.0	-0.10101548470814903	Kocak	permutation	
4139.0	-0.38427992985329285	Kocak	permutation	
4140.0	0.07761689439249286	Kocak	permutation	
4141.0	0.20803845288370093	Kocak	permutation	
4142.0	-0.08892927874052337	Kocak	permutation	
4143.0	0.08617103123197722	Kocak	permutation	
4144.0	0.11354921914383809	Kocak	permutation	
4145.0	0.014002605085059905	Kocak	permutation	
4146.0	-0.028645020674855637	Kocak	permutation	
4147.0	-0.11295096718234898	Kocak	permutation	
4148.0	-0.16162453763979379	Kocak	permutation	
4149.0	-0.11250546493223768	Kocak	permutation	
4150.0	0.0026231314010289886	Kocak	permutation	
4151.0	-0.020813439272937106	Kocak	permutation	
4152.0	0.037835441027217254	Kocak	permutation	
4153.0	0.03775216060176456	Kocak	permutation	
4154.0	0.12971949739798516	Kocak	permutation	
4155.0	0.3050629275200021	Kocak	permutation	
4156.0	-0.12088496928282	Kocak	permutation	
4157.0	-0.028452577560455605	Kocak	permutation	
4158.0	0.15493100093774403	Kocak	permutation	
4159.0	-0.25067953736303084	Kocak	permutation	
4160.0	-0.006704910741585746	Kocak	permutation	
4161.0	-0.02024353463364026	Kocak	permutation	
4162.0	-0.043181529730143	Kocak	permutation	
4163.0	-0.07451116303295668	Kocak	permutation	
4164.0	0.21077772564602926	Kocak	permutation	
4165.0	0.037987291990710936	Kocak	permutation	
4166.0	-0.19876044428101425	Kocak	permutation	
4167.0	0.056512207871768805	Kocak	permutation	
4168.0	0.08631447095962086	Kocak	permutation	
4169.0	-0.055467109682675986	Kocak	permutation	
4170.0	0.10860005098837622	Kocak	permutation	
4171.0	-0.004684336260428523	Kocak	permutation	
4172.0	-0.08716578071006076	Kocak	permutation	
4173.0	0.09977355087828643	Kocak	permutation	
4174.0	0.24427263484287298	Kocak	permutation	
4175.0	0.06663983506555349	Kocak	permutation	
4176.0	0.41691390089453817	Kocak	permutation	
4177.0	0.03477594232924952	Kocak	permutation	
4178.0	0.19738787641141453	Kocak	permutation	
4179.0	-0.011932500047393102	Kocak	permutation	
4180.0	-0.047859723821945366	Kocak	permutation	
4181.0	0.08082336176080762	Kocak	permutation	
4182.0	0.21720235201645632	Kocak	permutation	
4183.0	0.4308483302282209	Kocak	permutation	
4184.0	-0.20482385347197907	Kocak	permutation	
4185.0	0.011241587544993159	Kocak	permutation	
4186.0	0.14789512692849094	Kocak	permutation	
4187.0	-0.09042198490747078	Kocak	permutation	
4188.0	0.0875427092582921	Kocak	permutation	
4189.0	0.02782333348309196	Kocak	permutation	
4190.0	0.3285624591556471	Kocak	permutation	
4191.0	-0.042069673575097166	Kocak	permutation	
4192.0	-0.11638003549190934	Kocak	permutation	
4193.0	-0.1016916245025663	Kocak	permutation	
4194.0	0.1263461395825276	Kocak	permutation	
4195.0	-0.04846379714544291	Kocak	permutation	
4196.0	0.04444529803379238	Kocak	permutation	
4197.0	-0.07566394257927644	Kocak	permutation	
4198.0	0.000627961685361722	Kocak	permutation	
4199.0	-0.14849792296519482	Kocak	permutation	
4200.0	0.22949626056907313	Kocak	permutation	
4201.0	0.245862129708037	Kocak	permutation	
4202.0	-0.1098261396549578	Kocak	permutation	
4203.0	-0.003584545249756932	Kocak	permutation	
4204.0	-0.055167453411364864	Kocak	permutation	
4205.0	0.11380552753298767	Kocak	permutation	
4206.0	-0.19861643402070905	Kocak	permutation	
4207.0	0.05282849500669684	Kocak	permutation	
4208.0	-0.16709104899709804	Kocak	permutation	
4209.0	-0.05514889726289063	Kocak	permutation	
4210.0	0.172611501406982	Kocak	permutation	
4211.0	0.09797140716743513	Kocak	permutation	
4212.0	-0.04135510611711535	Kocak	permutation	
4213.0	0.0022456933096890452	Kocak	permutation	
4214.0	-0.09875080942754533	Kocak	permutation	
4215.0	-0.07393339390234344	Kocak	permutation	
4216.0	0.015120417026265986	Kocak	permutation	
4217.0	-0.041193161343732854	Kocak	permutation	
4218.0	0.315149023768476	Kocak	permutation	
4219.0	0.07077682714887468	Kocak	permutation	
4220.0	-0.12681405079478125	Kocak	permutation	
4221.0	0.02273806095196118	Kocak	permutation	
4222.0	0.014198250002573687	Kocak	permutation	
4223.0	-0.08097588460452831	Kocak	permutation	
4224.0	0.13741959332617615	Kocak	permutation	
4225.0	0.14589442578069667	Kocak	permutation	
4226.0	-0.06722322331149888	Kocak	permutation	
4227.0	0.06321002007956444	Kocak	permutation	
4228.0	0.00549449938154245	Kocak	permutation	
4229.0	0.03283365516989489	Kocak	permutation	
4230.0	-0.014813555995016436	Kocak	permutation	
4231.0	-0.09260533224499756	Kocak	permutation	
4232.0	-0.14897976052319706	Kocak	permutation	
4233.0	0.19412749401057638	Kocak	permutation	
4234.0	-0.09458789261398781	Kocak	permutation	
4235.0	0.10554858925471367	Kocak	permutation	
4236.0	0.2007017338857371	Kocak	permutation	
4237.0	0.0029601367189533434	Kocak	permutation	
4238.0	0.013594805658160958	Kocak	permutation	
4239.0	0.16692241318722933	Kocak	permutation	
4240.0	-0.06127065874985993	Kocak	permutation	
4241.0	0.12981737930361437	Kocak	permutation	
4242.0	0.16148630491155602	Kocak	permutation	
4243.0	0.09912736308657832	Kocak	permutation	
4244.0	-0.13333944915284146	Kocak	permutation	
4245.0	0.028789297561978344	Kocak	permutation	
4246.0	0.24761653223106217	Kocak	permutation	
4247.0	0.07740543023582003	Kocak	permutation	
4248.0	0.05751881389809066	Kocak	permutation	
4249.0	0.3180868205184475	Kocak	permutation	
4250.0	-0.05495427322439461	Kocak	permutation	
4251.0	-0.04369177770483956	Kocak	permutation	
4252.0	-0.009265686985287402	Kocak	permutation	
4253.0	0.0281816074658785	Kocak	permutation	
4254.0	-0.17985610017535958	Kocak	permutation	
4255.0	0.1175080597727467	Kocak	permutation	
4256.0	-0.1126449408704433	Kocak	permutation	
4257.0	-0.19902662618621525	Kocak	permutation	
4258.0	-0.03635258367744454	Kocak	permutation	
4259.0	0.008779574163011006	Kocak	permutation	
4260.0	0.18730430711830115	Kocak	permutation	
4261.0	-0.12367633662804511	Kocak	permutation	
4262.0	-0.1257397590122178	Kocak	permutation	
4263.0	-0.006438898871022225	Kocak	permutation	
4264.0	0.008311501949067601	Kocak	permutation	
4265.0	0.10574940334217153	Kocak	permutation	
4266.0	-0.02878764840958503	Kocak	permutation	
4267.0	0.091955762907038	Kocak	permutation	
4268.0	0.06119115676992681	Kocak	permutation	
4269.0	-0.23651302566889632	Kocak	permutation	
4270.0	0.12489117762349267	Kocak	permutation	
4271.0	0.11836803171600696	Kocak	permutation	
4272.0	0.06385422288133169	Kocak	permutation	
4273.0	-0.07323202546131213	Kocak	permutation	
4274.0	0.08970688485137979	Kocak	permutation	
4275.0	0.09591886989277043	Kocak	permutation	
4276.0	0.11122552492619642	Kocak	permutation	
4277.0	0.24676039277204564	Kocak	permutation	
4278.0	0.09907941493342154	Kocak	permutation	
4279.0	-0.22989516426841705	Kocak	permutation	
4280.0	-0.029260457715277077	Kocak	permutation	
4281.0	-0.051472171031242464	Kocak	permutation	
4282.0	-0.030324380181625532	Kocak	permutation	
4283.0	0.15183267137153988	Kocak	permutation	
4284.0	0.5219628995270722	Kocak	permutation	
4285.0	-0.03503433118761867	Kocak	permutation	
4286.0	0.049035610419121856	Kocak	permutation	
4287.0	0.17001192460927417	Kocak	permutation	
4288.0	0.11074042889995317	Kocak	permutation	
4289.0	-0.13054977445959048	Kocak	permutation	
4290.0	-0.12787955259008088	Kocak	permutation	
4291.0	0.11988278176118383	Kocak	permutation	
4292.0	-0.11237398745622018	Kocak	permutation	
4293.0	-0.026869484621717454	Kocak	permutation	
4294.0	0.05172082144287504	Kocak	permutation	
4295.0	-0.0534235207060747	Kocak	permutation	
4296.0	-0.19665763798703884	Kocak	permutation	
4297.0	-0.20512818445855618	Kocak	permutation	
4298.0	0.18395032640610331	Kocak	permutation	
4299.0	0.10796105823552216	Kocak	permutation	
4300.0	0.12458688658500616	Kocak	permutation	
4301.0	0.12626888869158925	Kocak	permutation	
4302.0	0.07083093951029662	Kocak	permutation	
4303.0	0.0766287720373735	Kocak	permutation	
4304.0	0.20918653475071203	Kocak	permutation	
4305.0	0.032717857101587366	Kocak	permutation	
4306.0	-0.044813943673369216	Kocak	permutation	
4307.0	0.011236697079374913	Kocak	permutation	
4308.0	0.06623019167893851	Kocak	permutation	
4309.0	0.004889843718635323	Kocak	permutation	
4310.0	0.3690345053631785	Kocak	permutation	
4311.0	-0.055113283945823266	Kocak	permutation	
4312.0	-0.07527170745095013	Kocak	permutation	
4313.0	0.06003140886575231	Kocak	permutation	
4314.0	0.03319757656767042	Kocak	permutation	
4315.0	-0.0890341471055125	Kocak	permutation	
4316.0	0.09208756365798898	Kocak	permutation	
4317.0	-0.10315403022394198	Kocak	permutation	
4318.0	-0.04153251247067935	Kocak	permutation	
4319.0	-0.11984417061888664	Kocak	permutation	
4320.0	-0.006728520333331378	Kocak	permutation	
4321.0	-0.16556186400589112	Kocak	permutation	
4322.0	-0.16946014214579863	Kocak	permutation	
4323.0	-0.10652694676322882	Kocak	permutation	
4324.0	-0.15725334163792004	Kocak	permutation	
4325.0	0.12472593492714923	Kocak	permutation	
4326.0	-0.05021780601091175	Kocak	permutation	
4327.0	0.13172438472273207	Kocak	permutation	
4328.0	0.3027133149802257	Kocak	permutation	
4329.0	0.003029748696691925	Kocak	permutation	
4330.0	-0.1359481270349856	Kocak	permutation	
4331.0	-0.06059539308140405	Kocak	permutation	
4332.0	0.09334150827191845	Kocak	permutation	
4333.0	0.23794030731023508	Kocak	permutation	
4334.0	-0.04871212039073969	Kocak	permutation	
4335.0	0.11271022135088282	Kocak	permutation	
4336.0	0.19295770237483456	Kocak	permutation	
4337.0	-0.04801584854732255	Kocak	permutation	
4338.0	-0.015474023920875268	Kocak	permutation	
4339.0	0.0004205171079050274	Kocak	permutation	
4340.0	0.12731604848692646	Kocak	permutation	
4341.0	0.24119627463959814	Kocak	permutation	
4342.0	0.003258041855296767	Kocak	permutation	
4343.0	-0.07705901351272093	Kocak	permutation	
4344.0	0.017177325302940805	Kocak	permutation	
4345.0	0.0745753200320598	Kocak	permutation	
4346.0	0.06936385799095346	Kocak	permutation	
4347.0	0.20642460395019224	Kocak	permutation	
4348.0	-0.2041245517878858	Kocak	permutation	
4349.0	0.04953626939947231	Kocak	permutation	
4350.0	0.06927835522142756	Kocak	permutation	
4351.0	-0.03241456384469421	Kocak	permutation	
4352.0	-0.06427178967901392	Kocak	permutation	
4353.0	-0.26210664679593654	Kocak	permutation	
4354.0	0.14425628657311984	Kocak	permutation	
4355.0	-0.09674071042475862	Kocak	permutation	
4356.0	-0.3227198036210974	Kocak	permutation	
4357.0	0.048128512589074024	Kocak	permutation	
4358.0	-0.007287441019795171	Kocak	permutation	
4359.0	-0.42849520109166317	Kocak	permutation	
4360.0	0.09479345428131802	Kocak	permutation	
4361.0	-0.15526928431601528	Kocak	permutation	
4362.0	0.17829679375013363	Kocak	permutation	
4363.0	0.1815690057597119	Kocak	permutation	
4364.0	-0.07255717380950433	Kocak	permutation	
4365.0	0.34296141763004995	Kocak	permutation	
4366.0	-0.0224324606660935	Kocak	permutation	
4367.0	0.02176287057209736	Kocak	permutation	
4368.0	0.06862471987340424	Kocak	permutation	
4369.0	-0.05274703069374276	Kocak	permutation	
4370.0	-0.02658422565600871	Kocak	permutation	
4371.0	0.004378143291007497	Kocak	permutation	
4372.0	0.21134331780533522	Kocak	permutation	
4373.0	-0.03713312186582085	Kocak	permutation	
4374.0	-0.20601754770590963	Kocak	permutation	
4375.0	0.19265219997637706	Kocak	permutation	
4376.0	-0.1741220449549461	Kocak	permutation	
4377.0	-0.06983810692918357	Kocak	permutation	
4378.0	-0.008286147413817613	Kocak	permutation	
4379.0	0.0056194449396156365	Kocak	permutation	
4380.0	-0.002227460909571821	Kocak	permutation	
4381.0	-0.06416329017623879	Kocak	permutation	
4382.0	0.1468537648245123	Kocak	permutation	
4383.0	-0.09383937324161806	Kocak	permutation	
4384.0	0.003565610117755913	Kocak	permutation	
4385.0	0.1047206210113143	Kocak	permutation	
4386.0	-0.0709148219455642	Kocak	permutation	
4387.0	0.15681543987009317	Kocak	permutation	
4388.0	-0.10880351439800418	Kocak	permutation	
4389.0	-0.07867750452965305	Kocak	permutation	
4390.0	-0.1603442580481067	Kocak	permutation	
4391.0	0.12108776306640578	Kocak	permutation	
4392.0	0.039727995545642436	Kocak	permutation	
4393.0	0.11178593792973546	Kocak	permutation	
4394.0	-0.19470703989701876	Kocak	permutation	
4395.0	-0.11558201497818699	Kocak	permutation	
4396.0	-0.1455912103498216	Kocak	permutation	
4397.0	-0.16712101586437234	Kocak	permutation	
4398.0	0.19522621701774545	Kocak	permutation	
4399.0	-0.0260409758990221	Kocak	permutation	
4400.0	-0.22428881047332716	Kocak	permutation	
4401.0	0.004715628066560562	Kocak	permutation	
4402.0	-0.12954263827101675	Kocak	permutation	
4403.0	-0.04580896329834472	Kocak	permutation	
4404.0	0.009527885789564206	Kocak	permutation	
4405.0	0.05946782641709403	Kocak	permutation	
4406.0	0.05422254285795436	Kocak	permutation	
4407.0	-0.054887821151706984	Kocak	permutation	
4408.0	0.27321163579453733	Kocak	permutation	
4409.0	0.019276330357305138	Kocak	permutation	
4410.0	0.0381103163839458	Kocak	permutation	
4411.0	0.01894156533471758	Kocak	permutation	
4412.0	-0.15319474742535366	Kocak	permutation	
4413.0	0.057383311588040886	Kocak	permutation	
4414.0	0.16401011186420345	Kocak	permutation	
4415.0	0.15798781228037306	Kocak	permutation	
4416.0	0.15914624571571112	Kocak	permutation	
4417.0	-0.04706054602183318	Kocak	permutation	
4418.0	0.029812243668611682	Kocak	permutation	
4419.0	0.11546993570682673	Kocak	permutation	
4420.0	-0.14244537486247077	Kocak	permutation	
4421.0	-0.06358197347902861	Kocak	permutation	
4422.0	-0.14147651266225791	Kocak	permutation	
4423.0	-0.08791661992020261	Kocak	permutation	
4424.0	0.1904665181966929	Kocak	permutation	
4425.0	0.16103779927845485	Kocak	permutation	
4426.0	0.05838763190880769	Kocak	permutation	
4427.0	0.17124255392963184	Kocak	permutation	
4428.0	-0.05438304485289347	Kocak	permutation	
4429.0	0.15363141074701314	Kocak	permutation	
4430.0	-0.04810029958055084	Kocak	permutation	
4431.0	0.21768077587503498	Kocak	permutation	
4432.0	0.22180690835671957	Kocak	permutation	
4433.0	-0.16019094290372093	Kocak	permutation	
4434.0	0.006183049164287802	Kocak	permutation	
4435.0	0.043350761996040266	Kocak	permutation	
4436.0	0.018541522374708297	Kocak	permutation	
4437.0	0.02455779517328649	Kocak	permutation	
4438.0	0.037865707309038044	Kocak	permutation	
4439.0	-0.15523599840629254	Kocak	permutation	
4440.0	0.12037557233849938	Kocak	permutation	
4441.0	0.09117514829416828	Kocak	permutation	
4442.0	0.22738404620747277	Kocak	permutation	
4443.0	-0.10039891123983757	Kocak	permutation	
4444.0	-0.07793706510963183	Kocak	permutation	
4445.0	-0.15309595027740075	Kocak	permutation	
4446.0	0.11449512481178381	Kocak	permutation	
4447.0	0.04522608531776351	Kocak	permutation	
4448.0	0.1634442028802674	Kocak	permutation	
4449.0	0.10050286618033821	Kocak	permutation	
4450.0	0.4113525334177024	Kocak	permutation	
4451.0	-0.10791431347206037	Kocak	permutation	
4452.0	-0.006184580733239908	Kocak	permutation	
4453.0	0.1646002536025888	Kocak	permutation	
4454.0	0.13100216112502894	Kocak	permutation	
4455.0	0.22949519856741496	Kocak	permutation	
4456.0	-0.1775211804503134	Kocak	permutation	
4457.0	0.024336059692298573	Kocak	permutation	
4458.0	0.027564313666545548	Kocak	permutation	
4459.0	-0.02135746072098499	Kocak	permutation	
4460.0	-0.06913798629802903	Kocak	permutation	
4461.0	-0.05966687842173091	Kocak	permutation	
4462.0	-0.1500549091572605	Kocak	permutation	
4463.0	-0.09225891136063291	Kocak	permutation	
4464.0	-0.0007042925972688963	Kocak	permutation	
4465.0	0.18182605205129	Kocak	permutation	
4466.0	0.37906120279786304	Kocak	permutation	
4467.0	-0.08117146252180651	Kocak	permutation	
4468.0	-0.1047150084648738	Kocak	permutation	
4469.0	0.05663426854132414	Kocak	permutation	
4470.0	0.03499530496400771	Kocak	permutation	
4471.0	-0.0447325375260097	Kocak	permutation	
4472.0	-0.03904307413700803	Kocak	permutation	
4473.0	0.15034320464586015	Kocak	permutation	
4474.0	-0.019305890684792715	Kocak	permutation	
4475.0	0.31145880147168725	Kocak	permutation	
4476.0	0.15329679249505812	Kocak	permutation	
4477.0	0.06696642527652763	Kocak	permutation	
4478.0	-0.04378214205284836	Kocak	permutation	
4479.0	0.10145275386527564	Kocak	permutation	
4480.0	-0.12591198379413493	Kocak	permutation	
4481.0	0.14583281888303157	Kocak	permutation	
4482.0	-0.14544451030198324	Kocak	permutation	
4483.0	0.1622284440435453	Kocak	permutation	
4484.0	0.150570619669129	Kocak	permutation	
4485.0	0.12031889273312801	Kocak	permutation	
4486.0	-0.019686565460311112	Kocak	permutation	
4487.0	0.23258241292424842	Kocak	permutation	
4488.0	0.07597274220132855	Kocak	permutation	
4489.0	-0.1296648390360562	Kocak	permutation	
4490.0	0.11212275191846421	Kocak	permutation	
4491.0	-0.01921276912026393	Kocak	permutation	
4492.0	0.1475690511222636	Kocak	permutation	
4493.0	-0.18139931974539314	Kocak	permutation	
4494.0	0.046207116682345895	Kocak	permutation	
4495.0	-0.04710130590088335	Kocak	permutation	
4496.0	0.06867685099274334	Kocak	permutation	
4497.0	0.058509012326537935	Kocak	permutation	
4498.0	-0.14505813327563155	Kocak	permutation	
4499.0	0.05025189179950296	Kocak	permutation	
4500.0	0.03871010143756237	Kocak	permutation	
4501.0	-0.0867435273180659	Kocak	permutation	
4502.0	-0.027049536793560147	Kocak	permutation	
4503.0	0.07980982990169494	Kocak	permutation	
4504.0	0.03131939537590478	Kocak	permutation	
4505.0	0.0994773107610678	Kocak	permutation	
4506.0	0.06133824984848024	Kocak	permutation	
4507.0	-0.22361679488339403	Kocak	permutation	
4508.0	-0.07247120709367394	Kocak	permutation	
4509.0	-0.1675556022364515	Kocak	permutation	
4510.0	-0.048773121116806095	Kocak	permutation	
4511.0	0.026535415236958126	Kocak	permutation	
4512.0	-0.03465801546347613	Kocak	permutation	
4513.0	0.23212724839731136	Kocak	permutation	
4514.0	0.018589781184509047	Kocak	permutation	
4515.0	0.005369311296295365	Kocak	permutation	
4516.0	0.18507645615853008	Kocak	permutation	
4517.0	0.2326653601813593	Kocak	permutation	
4518.0	0.10132552737788059	Kocak	permutation	
4519.0	0.11007463397287198	Kocak	permutation	
4520.0	0.04107912663581326	Kocak	permutation	
4521.0	-0.01934614386285105	Kocak	permutation	
4522.0	-0.011152772612755157	Kocak	permutation	
4523.0	0.016158771650805814	Kocak	permutation	
4524.0	-0.04124801582465443	Kocak	permutation	
4525.0	0.14516111579666235	Kocak	permutation	
4526.0	-0.048654757555143036	Kocak	permutation	
4527.0	0.17680514820585058	Kocak	permutation	
4528.0	0.14597446387166402	Kocak	permutation	
4529.0	0.004202250943432961	Kocak	permutation	
4530.0	-0.08979656778619871	Kocak	permutation	
4531.0	0.16109092086480858	Kocak	permutation	
4532.0	0.015544814732928902	Kocak	permutation	
4533.0	0.24321708722044377	Kocak	permutation	
4534.0	0.25992791877715593	Kocak	permutation	
4535.0	-0.1722091885216379	Kocak	permutation	
4536.0	0.18494216063307212	Kocak	permutation	
4537.0	0.0408435318644198	Kocak	permutation	
4538.0	0.11176237826776836	Kocak	permutation	
4539.0	0.000724491567772656	Kocak	permutation	
4540.0	0.1303856840192421	Kocak	permutation	
4541.0	-0.08998085063569627	Kocak	permutation	
4542.0	-0.1030741800383308	Kocak	permutation	
4543.0	0.02144673714145373	Kocak	permutation	
4544.0	0.13619715750589467	Kocak	permutation	
4545.0	0.22030788051053873	Kocak	permutation	
4546.0	0.287894358316676	Kocak	permutation	
4547.0	0.08822671180541919	Kocak	permutation	
4548.0	-0.024291281983651825	Kocak	permutation	
4549.0	0.06482322802044216	Kocak	permutation	
4550.0	0.017897672045700475	Kocak	permutation	
4551.0	0.022934644247049274	Kocak	permutation	
4552.0	0.0414281091052664	Kocak	permutation	
4553.0	0.06513973690388353	Kocak	permutation	
4554.0	-0.041640462267609646	Kocak	permutation	
4555.0	-0.06488540399380627	Kocak	permutation	
4556.0	-0.08831185406739772	Kocak	permutation	
4557.0	0.1372176011261712	Kocak	permutation	
4558.0	-0.18527875834009233	Kocak	permutation	
4559.0	0.011177471470360967	Kocak	permutation	
4560.0	-0.09944765620663176	Kocak	permutation	
4561.0	-0.030595496866670402	Kocak	permutation	
4562.0	-0.16217381737236236	Kocak	permutation	
4563.0	-0.08372612928494894	Kocak	permutation	
4564.0	0.0883908871122312	Kocak	permutation	
4565.0	0.00937184599902885	Kocak	permutation	
4566.0	-0.3332600724976782	Kocak	permutation	
4567.0	-0.07111703851803108	Kocak	permutation	
4568.0	0.32783640682341497	Kocak	permutation	
4569.0	0.11759022346219927	Kocak	permutation	
4570.0	0.2899237274459794	Kocak	permutation	
4571.0	0.01068544491502088	Kocak	permutation	
4572.0	-0.022153109310409924	Kocak	permutation	
4573.0	-0.03753106831348729	Kocak	permutation	
4574.0	0.023938848929049517	Kocak	permutation	
4575.0	0.19960616389293362	Kocak	permutation	
4576.0	-0.09755751721658035	Kocak	permutation	
4577.0	-0.14419932030927196	Kocak	permutation	
4578.0	0.03994246825968162	Kocak	permutation	
4579.0	-0.09191014717190038	Kocak	permutation	
4580.0	-0.05375823837099247	Kocak	permutation	
4581.0	-0.045052114274096056	Kocak	permutation	
4582.0	0.10283552660970674	Kocak	permutation	
4583.0	0.07083155430988652	Kocak	permutation	
4584.0	0.022414226610568022	Kocak	permutation	
4585.0	-0.1281876836227993	Kocak	permutation	
4586.0	0.022065443120546924	Kocak	permutation	
4587.0	0.024516287044151763	Kocak	permutation	
4588.0	0.01831940581525693	Kocak	permutation	
4589.0	0.040298370067890055	Kocak	permutation	
4590.0	-0.33054941054719045	Kocak	permutation	
4591.0	-0.165703008894575	Kocak	permutation	
4592.0	0.1449776465853203	Kocak	permutation	
4593.0	-0.0420963412557418	Kocak	permutation	
4594.0	-0.25001227151263716	Kocak	permutation	
4595.0	0.1799569444917153	Kocak	permutation	
4596.0	0.14471564696305927	Kocak	permutation	
4597.0	0.31172081367805227	Kocak	permutation	
4598.0	0.28169954242055883	Kocak	permutation	
4599.0	-0.10478943630995019	Kocak	permutation	
4600.0	-0.035923508965771234	Kocak	permutation	
4601.0	0.2037006011470739	Kocak	permutation	
4602.0	0.15168594489305232	Kocak	permutation	
4603.0	0.05198210524197355	Kocak	permutation	
4604.0	0.020717584721842375	Kocak	permutation	
4605.0	-0.2614258206450457	Kocak	permutation	
4606.0	0.07613384758447994	Kocak	permutation	
4607.0	-0.09911856092543836	Kocak	permutation	
4608.0	0.12798123833912767	Kocak	permutation	
4609.0	0.0321704147528612	Kocak	permutation	
4610.0	0.0942922578246721	Kocak	permutation	
4611.0	-0.1337362955326915	Kocak	permutation	
4612.0	0.04301050909854176	Kocak	permutation	
4613.0	-0.14547331213011905	Kocak	permutation	
4614.0	0.07723812418088327	Kocak	permutation	
4615.0	0.14137318855412317	Kocak	permutation	
4616.0	0.07064078002918839	Kocak	permutation	
4617.0	0.05926751673843711	Kocak	permutation	
4618.0	-0.13903877007276044	Kocak	permutation	
4619.0	-0.11236246433288999	Kocak	permutation	
4620.0	0.05333091348764363	Kocak	permutation	
4621.0	0.059616948656919355	Kocak	permutation	
4622.0	0.01755325888983128	Kocak	permutation	
4623.0	0.15546146030344232	Kocak	permutation	
4624.0	-0.10375534797495511	Kocak	permutation	
4625.0	0.12407908457623051	Kocak	permutation	
4626.0	0.2466585729851385	Kocak	permutation	
4627.0	-0.24345309090155975	Kocak	permutation	
4628.0	-0.1904292182110523	Kocak	permutation	
4629.0	0.06817397390943247	Kocak	permutation	
4630.0	0.2326606261137516	Kocak	permutation	
4631.0	0.2217567647321803	Kocak	permutation	
4632.0	0.26738174864344044	Kocak	permutation	
4633.0	-0.1081067865616201	Kocak	permutation	
4634.0	-0.024328676043843256	Kocak	permutation	
4635.0	0.3265141789190995	Kocak	permutation	
4636.0	0.20001025914423431	Kocak	permutation	
4637.0	-0.12631751526849655	Kocak	permutation	
4638.0	0.035315430865292985	Kocak	permutation	
4639.0	-0.10553373482783535	Kocak	permutation	
4640.0	-0.03666754182251308	Kocak	permutation	
4641.0	-0.17371823684595755	Kocak	permutation	
4642.0	-0.15104876700877545	Kocak	permutation	
4643.0	0.1671498653843302	Kocak	permutation	
4644.0	0.13269714761213125	Kocak	permutation	
4645.0	-0.03846251874961659	Kocak	permutation	
4646.0	-0.04725206091881562	Kocak	permutation	
4647.0	0.10482818794124693	Kocak	permutation	
4648.0	0.034467491104880565	Kocak	permutation	
4649.0	-0.14948524868366686	Kocak	permutation	
4650.0	0.0618582429301342	Kocak	permutation	
4651.0	-0.006895806009596495	Kocak	permutation	
4652.0	0.14764111760774767	Kocak	permutation	
4653.0	-0.03873827354759429	Kocak	permutation	
4654.0	-0.1493677235348585	Kocak	permutation	
4655.0	0.01248433192518883	Kocak	permutation	
4656.0	0.11976153253046062	Kocak	permutation	
4657.0	-0.0239475941626881	Kocak	permutation	
4658.0	0.3176632204932113	Kocak	permutation	
4659.0	-0.03608783403821825	Kocak	permutation	
4660.0	-0.15825207346317738	Kocak	permutation	
4661.0	0.1959131549665214	Kocak	permutation	
4662.0	0.041981307456557815	Kocak	permutation	
4663.0	-0.061879288073868555	Kocak	permutation	
4664.0	0.07990507994018214	Kocak	permutation	
4665.0	-0.09815096729296613	Kocak	permutation	
4666.0	0.018221362265717023	Kocak	permutation	
4667.0	-0.019818589147411192	Kocak	permutation	
4668.0	0.27938755303195606	Kocak	permutation	
4669.0	0.17038814913600797	Kocak	permutation	
4670.0	-0.02699188213335635	Kocak	permutation	
4671.0	-0.18172008885838542	Kocak	permutation	
4672.0	0.11135454855178839	Kocak	permutation	
4673.0	0.04688173712229826	Kocak	permutation	
4674.0	0.3107638067369307	Kocak	permutation	
4675.0	0.06079605758845341	Kocak	permutation	
4676.0	-0.018826306584967867	Kocak	permutation	
4677.0	0.12977144122127937	Kocak	permutation	
4678.0	-0.004130995469655119	Kocak	permutation	
4679.0	0.3781260183734356	Kocak	permutation	
4680.0	0.0736729158305156	Kocak	permutation	
4681.0	-0.11297402871595352	Kocak	permutation	
4682.0	-0.2227077127119248	Kocak	permutation	
4683.0	0.11439096045978836	Kocak	permutation	
4684.0	0.17937337693034694	Kocak	permutation	
4685.0	-0.10238793900506504	Kocak	permutation	
4686.0	-0.008816038025509787	Kocak	permutation	
4687.0	-0.15354564950193383	Kocak	permutation	
4688.0	-0.04343943919497528	Kocak	permutation	
4689.0	-0.2014581891656846	Kocak	permutation	
4690.0	-0.10485073045251925	Kocak	permutation	
4691.0	-0.0011616554304731963	Kocak	permutation	
4692.0	-0.03588141751708962	Kocak	permutation	
4693.0	0.2004146858374618	Kocak	permutation	
4694.0	0.11026720685440461	Kocak	permutation	
4695.0	-0.21104466384424914	Kocak	permutation	
4696.0	-0.10022127826229887	Kocak	permutation	
4697.0	0.14249397173553202	Kocak	permutation	
4698.0	0.1234346755641087	Kocak	permutation	
4699.0	0.016457778786720834	Kocak	permutation	
4700.0	0.004599279970986636	Kocak	permutation	
4701.0	-0.039006148261537366	Kocak	permutation	
4702.0	-0.1779335664757924	Kocak	permutation	
4703.0	-0.135475349972908	Kocak	permutation	
4704.0	0.0967556231408957	Kocak	permutation	
4705.0	-0.08901825102014538	Kocak	permutation	
4706.0	0.1441246563287324	Kocak	permutation	
4707.0	0.015191383534617131	Kocak	permutation	
4708.0	0.09588919266234086	Kocak	permutation	
4709.0	0.03357240315855492	Kocak	permutation	
4710.0	0.04525641038548356	Kocak	permutation	
4711.0	0.02382168274578156	Kocak	permutation	
4712.0	0.003882752876270601	Kocak	permutation	
4713.0	-0.052218784278510455	Kocak	permutation	
4714.0	0.05204711508479187	Kocak	permutation	
4715.0	0.11659164486430207	Kocak	permutation	
4716.0	-0.05095603146449079	Kocak	permutation	
4717.0	0.22305565648856218	Kocak	permutation	
4718.0	0.15276670627634648	Kocak	permutation	
4719.0	0.08104904264727075	Kocak	permutation	
4720.0	0.06362147263429074	Kocak	permutation	
4721.0	0.06848677846315132	Kocak	permutation	
4722.0	-0.05074195966724959	Kocak	permutation	
4723.0	-0.18793797647537724	Kocak	permutation	
4724.0	0.05652193971218589	Kocak	permutation	
4725.0	0.0793440348712382	Kocak	permutation	
4726.0	0.19008854944219777	Kocak	permutation	
4727.0	-0.009256440079974393	Kocak	permutation	
4728.0	-0.07687128872564797	Kocak	permutation	
4729.0	0.03958045239623953	Kocak	permutation	
4730.0	-0.06005800935942052	Kocak	permutation	
4731.0	0.19687643747591066	Kocak	permutation	
4732.0	0.0927882487236742	Kocak	permutation	
4733.0	-0.0877633942436411	Kocak	permutation	
4734.0	-0.044571607610550235	Kocak	permutation	
4735.0	-0.12736484165253303	Kocak	permutation	
4736.0	0.0652448670812027	Kocak	permutation	
4737.0	-0.10289345892743462	Kocak	permutation	
4738.0	0.03213871892413023	Kocak	permutation	
4739.0	0.13419237769978754	Kocak	permutation	
4740.0	0.18475658572905607	Kocak	permutation	
4741.0	-0.2621426586389659	Kocak	permutation	
4742.0	0.2517610428599917	Kocak	permutation	
4743.0	0.20227635491289409	Kocak	permutation	
4744.0	0.04018228171478366	Kocak	permutation	
4745.0	-0.1672593579987982	Kocak	permutation	
4746.0	0.013159760700130363	Kocak	permutation	
4747.0	0.19482032261811622	Kocak	permutation	
4748.0	-0.036704514779529074	Kocak	permutation	
4749.0	-0.056530726327008285	Kocak	permutation	
4750.0	0.028856222612318128	Kocak	permutation	
4751.0	-0.0928780620414118	Kocak	permutation	
4752.0	0.12015048722918786	Kocak	permutation	
4753.0	-0.19667420045980366	Kocak	permutation	
4754.0	-0.2505749920541942	Kocak	permutation	
4755.0	0.15083732983640274	Kocak	permutation	
4756.0	0.020299011995211558	Kocak	permutation	
4757.0	0.005496564819349903	Kocak	permutation	
4758.0	-0.16410156877483972	Kocak	permutation	
4759.0	-0.0796704307993017	Kocak	permutation	
4760.0	0.2582383609872645	Kocak	permutation	
4761.0	-0.05342702294398061	Kocak	permutation	
4762.0	0.07073838190532156	Kocak	permutation	
4763.0	-0.18046654358958847	Kocak	permutation	
4764.0	-0.1426204998508278	Kocak	permutation	
4765.0	0.14487837839661388	Kocak	permutation	
4766.0	-0.0430155010633122	Kocak	permutation	
4767.0	-0.10802273755388736	Kocak	permutation	
4768.0	0.16492381695757397	Kocak	permutation	
4769.0	-0.09491592086243106	Kocak	permutation	
4770.0	0.036789493528821104	Kocak	permutation	
4771.0	-0.04062212690324163	Kocak	permutation	
4772.0	0.066422076924185	Kocak	permutation	
4773.0	-0.06780635275861302	Kocak	permutation	
4774.0	0.05541933083456252	Kocak	permutation	
4775.0	0.2487567605929768	Kocak	permutation	
4776.0	0.1399121089919757	Kocak	permutation	
4777.0	0.09647582947516353	Kocak	permutation	
4778.0	-0.01924104153810058	Kocak	permutation	
4779.0	0.22511699689588127	Kocak	permutation	
4780.0	0.2513285634741309	Kocak	permutation	
4781.0	0.03114081703591598	Kocak	permutation	
4782.0	-0.1921873705641226	Kocak	permutation	
4783.0	-0.048814941020426605	Kocak	permutation	
4784.0	0.30056774913001405	Kocak	permutation	
4785.0	-0.002688008461584346	Kocak	permutation	
4786.0	0.01438541101930868	Kocak	permutation	
4787.0	-0.08518693054533166	Kocak	permutation	
4788.0	-0.09110756064922931	Kocak	permutation	
4789.0	-0.01694421026801951	Kocak	permutation	
4790.0	-0.026304569467933803	Kocak	permutation	
4791.0	-0.1572088442389843	Kocak	permutation	
4792.0	-0.07311934411325094	Kocak	permutation	
4793.0	0.0867471828956341	Kocak	permutation	
4794.0	0.06603878860287615	Kocak	permutation	
4795.0	0.17802399080918407	Kocak	permutation	
4796.0	-0.0024710021405507376	Kocak	permutation	
4797.0	0.03651700941832514	Kocak	permutation	
4798.0	0.08041361593545737	Kocak	permutation	
4799.0	0.17153144071877824	Kocak	permutation	
4800.0	-0.0029887679271163314	Kocak	permutation	
4801.0	-0.09087461387782891	Kocak	permutation	
4802.0	-0.1979414936600441	Kocak	permutation	
4803.0	0.10127712717270665	Kocak	permutation	
4804.0	-0.20941665880349003	Kocak	permutation	
4805.0	0.005464734767281598	Kocak	permutation	
4806.0	-0.09248445363699798	Kocak	permutation	
4807.0	0.06844664013028412	Kocak	permutation	
4808.0	-0.12453250474571353	Kocak	permutation	
4809.0	-0.07360979033254234	Kocak	permutation	
4810.0	-0.1678194896846561	Kocak	permutation	
4811.0	0.21788505507422418	Kocak	permutation	
4812.0	0.19596815224700226	Kocak	permutation	
4813.0	-0.03718007286475444	Kocak	permutation	
4814.0	-0.07407044048345357	Kocak	permutation	
4815.0	-0.03090953924824813	Kocak	permutation	
4816.0	0.05575531566987246	Kocak	permutation	
4817.0	0.047379516945997846	Kocak	permutation	
4818.0	-0.008728152122993382	Kocak	permutation	
4819.0	-0.3402497395482853	Kocak	permutation	
4820.0	0.08498247321728902	Kocak	permutation	
4821.0	0.059226175911556656	Kocak	permutation	
4822.0	-0.021818100049108224	Kocak	permutation	
4823.0	-0.04372641979401637	Kocak	permutation	
4824.0	0.1301840801539349	Kocak	permutation	
4825.0	0.03889107593867536	Kocak	permutation	
4826.0	-0.15789401030729655	Kocak	permutation	
4827.0	0.028650604910018362	Kocak	permutation	
4828.0	0.004535599680677738	Kocak	permutation	
4829.0	0.02314893797298101	Kocak	permutation	
4830.0	0.093412926760982	Kocak	permutation	
4831.0	0.22696208552212171	Kocak	permutation	
4832.0	-0.1643839980681583	Kocak	permutation	
4833.0	0.41245337447620445	Kocak	permutation	
4834.0	-0.20496255115385065	Kocak	permutation	
4835.0	0.24838289018879545	Kocak	permutation	
4836.0	-0.15555478093906094	Kocak	permutation	
4837.0	0.17589491958023462	Kocak	permutation	
4838.0	0.10053711228572482	Kocak	permutation	
4839.0	-0.11931135406273174	Kocak	permutation	
4840.0	0.038809855524363	Kocak	permutation	
4841.0	-0.05931955645016673	Kocak	permutation	
4842.0	0.009429418895112285	Kocak	permutation	
4843.0	-0.1642349764357336	Kocak	permutation	
4844.0	0.0044541436590863626	Kocak	permutation	
4845.0	-0.16139110379035504	Kocak	permutation	
4846.0	-0.10669276197831934	Kocak	permutation	
4847.0	0.006061061749622176	Kocak	permutation	
4848.0	-0.0982141227270299	Kocak	permutation	
4849.0	0.0767409277752007	Kocak	permutation	
4850.0	0.02129805312873545	Kocak	permutation	
4851.0	0.10041125247023874	Kocak	permutation	
4852.0	-0.12333636598899922	Kocak	permutation	
4853.0	-0.011779269681220672	Kocak	permutation	
4854.0	-0.08847159472043398	Kocak	permutation	
4855.0	0.11349779379921188	Kocak	permutation	
4856.0	0.34708264048878457	Kocak	permutation	
4857.0	-0.09207984673775726	Kocak	permutation	
4858.0	-0.05066348642446572	Kocak	permutation	
4859.0	-0.1527427692410548	Kocak	permutation	
4860.0	-0.13396669223187274	Kocak	permutation	
4861.0	0.03130987568024013	Kocak	permutation	
4862.0	0.11738203664300739	Kocak	permutation	
4863.0	0.16274443454468202	Kocak	permutation	
4864.0	-0.05201363427281125	Kocak	permutation	
4865.0	-0.22066196088269807	Kocak	permutation	
4866.0	0.006751815757964685	Kocak	permutation	
4867.0	-0.011333857597276786	Kocak	permutation	
4868.0	0.00892404925874013	Kocak	permutation	
4869.0	0.23511418058078393	Kocak	permutation	
4870.0	-0.150445678309997	Kocak	permutation	
4871.0	-0.02980886400580607	Kocak	permutation	
4872.0	0.21981194354226075	Kocak	permutation	
4873.0	0.00295033078083895	Kocak	permutation	
4874.0	0.11041784769013052	Kocak	permutation	
4875.0	0.18106103061323564	Kocak	permutation	
4876.0	-0.02978906287561589	Kocak	permutation	
4877.0	0.09710770248151279	Kocak	permutation	
4878.0	0.16810658630016206	Kocak	permutation	
4879.0	-0.09044436823271296	Kocak	permutation	
4880.0	-0.16711289174208988	Kocak	permutation	
4881.0	-0.09170706835630504	Kocak	permutation	
4882.0	0.022256202324790753	Kocak	permutation	
4883.0	0.11883829844772764	Kocak	permutation	
4884.0	0.003607138849671898	Kocak	permutation	
4885.0	-0.019464207042756865	Kocak	permutation	
4886.0	-0.13845897492927817	Kocak	permutation	
4887.0	0.09667755162017588	Kocak	permutation	
4888.0	-0.10271168148166865	Kocak	permutation	
4889.0	0.2131575989200032	Kocak	permutation	
4890.0	0.22315624992174765	Kocak	permutation	
4891.0	-0.045017299598276495	Kocak	permutation	
4892.0	0.2252558385081529	Kocak	permutation	
4893.0	0.1145256307106286	Kocak	permutation	
4894.0	-0.02260352340452121	Kocak	permutation	
4895.0	-0.0914303756163557	Kocak	permutation	
4896.0	0.08227190595500966	Kocak	permutation	
4897.0	0.03459168233239618	Kocak	permutation	
4898.0	0.2214743884300634	Kocak	permutation	
4899.0	-0.10761487233781786	Kocak	permutation	
4900.0	-0.02523773658694317	Kocak	permutation	
4901.0	-0.009009586175719342	Kocak	permutation	
4902.0	0.20048217451923778	Kocak	permutation	
4903.0	-0.09112410165460849	Kocak	permutation	
4904.0	0.10113738959496921	Kocak	permutation	
4905.0	0.27071743740966214	Kocak	permutation	
4906.0	-0.0918232454483201	Kocak	permutation	
4907.0	-0.010177059807641609	Kocak	permutation	
4908.0	-0.007387836412641402	Kocak	permutation	
4909.0	0.026641681899322034	Kocak	permutation	
4910.0	0.03113719356767941	Kocak	permutation	
4911.0	-0.1481864579241834	Kocak	permutation	
4912.0	-0.05860109507583733	Kocak	permutation	
4913.0	0.29153156757441145	Kocak	permutation	
4914.0	-0.11208980151590575	Kocak	permutation	
4915.0	-0.05636850167839258	Kocak	permutation	
4916.0	0.1152673270047373	Kocak	permutation	
4917.0	-0.02537419756408532	Kocak	permutation	
4918.0	0.06691608904575386	Kocak	permutation	
4919.0	-0.050817070943353304	Kocak	permutation	
4920.0	-0.008775492075203672	Kocak	permutation	
4921.0	-0.12373929610392764	Kocak	permutation	
4922.0	0.10621682595052828	Kocak	permutation	
4923.0	0.18863640736503795	Kocak	permutation	
4924.0	-0.16749445045282574	Kocak	permutation	
4925.0	0.11896063432284487	Kocak	permutation	
4926.0	-0.030343015574345156	Kocak	permutation	
4927.0	0.01593605171611623	Kocak	permutation	
4928.0	0.06545656314152692	Kocak	permutation	
4929.0	-0.09518593644813134	Kocak	permutation	
4930.0	0.09789056792466244	Kocak	permutation	
4931.0	0.043424495826277276	Kocak	permutation	
4932.0	0.06332749642694235	Kocak	permutation	
4933.0	0.329996072949049	Kocak	permutation	
4934.0	0.09164432590232119	Kocak	permutation	
4935.0	-0.04304900187043392	Kocak	permutation	
4936.0	0.10303517898457182	Kocak	permutation	
4937.0	-0.05108762040906001	Kocak	permutation	
4938.0	-0.1947162435687284	Kocak	permutation	
4939.0	-0.11441784465424298	Kocak	permutation	
4940.0	0.10455258492292341	Kocak	permutation	
4941.0	0.2564054757868184	Kocak	permutation	
4942.0	-0.17400717695109202	Kocak	permutation	
4943.0	0.13136484897014578	Kocak	permutation	
4944.0	-0.010169837707634244	Kocak	permutation	
4945.0	-0.04713275655626603	Kocak	permutation	
4946.0	-0.1690726567747034	Kocak	permutation	
4947.0	-0.06956760575589538	Kocak	permutation	
4948.0	-0.011506871411993469	Kocak	permutation	
4949.0	0.012227673725186516	Kocak	permutation	
4950.0	0.05356501343945608	Kocak	permutation	
4951.0	0.09207652703177782	Kocak	permutation	
4952.0	0.2306480031267597	Kocak	permutation	
4953.0	0.07511688678993567	Kocak	permutation	
4954.0	0.07873815474629708	Kocak	permutation	
4955.0	-0.03468449933200368	Kocak	permutation	
4956.0	0.08843057736586779	Kocak	permutation	
4957.0	-0.1911265740238064	Kocak	permutation	
4958.0	-0.3951132494232974	Kocak	permutation	
4959.0	0.009247980471413175	Kocak	permutation	
4960.0	-0.0766799338846762	Kocak	permutation	
4961.0	-0.029252262421001873	Kocak	permutation	
4962.0	-0.11616418113083471	Kocak	permutation	
4963.0	0.06716041696968622	Kocak	permutation	
4964.0	-0.05374549466589107	Kocak	permutation	
4965.0	-0.08149328495784491	Kocak	permutation	
4966.0	0.06295693397184587	Kocak	permutation	
4967.0	0.1181385023020054	Kocak	permutation	
4968.0	-0.002128161518724969	Kocak	permutation	
4969.0	-0.07396441921799157	Kocak	permutation	
4970.0	-0.2004960801867961	Kocak	permutation	
4971.0	0.08734990475441418	Kocak	permutation	
4972.0	0.19434284155610726	Kocak	permutation	
4973.0	0.07087476203329013	Kocak	permutation	
4974.0	-0.14188739418946783	Kocak	permutation	
4975.0	0.17986844902493626	Kocak	permutation	
4976.0	-0.16473872539890833	Kocak	permutation	
4977.0	0.104290677898212	Kocak	permutation	
4978.0	0.19670371942128728	Kocak	permutation	
4979.0	0.07406413486302821	Kocak	permutation	
4980.0	0.09461795866639644	Kocak	permutation	
4981.0	-0.1432998090194455	Kocak	permutation	
4982.0	-0.09029462116765297	Kocak	permutation	
4983.0	-0.11037276699589738	Kocak	permutation	
4984.0	-0.14428290932648746	Kocak	permutation	
4985.0	0.2493918647063551	Kocak	permutation	
4986.0	-0.002443749754409197	Kocak	permutation	
4987.0	-0.1301432184114799	Kocak	permutation	
4988.0	0.17229170292124474	Kocak	permutation	
4989.0	-0.056593496468468896	Kocak	permutation	
4990.0	-0.22282386177395752	Kocak	permutation	
4991.0	0.009181877281614348	Kocak	permutation	
4992.0	0.03549813081662112	Kocak	permutation	
4993.0	-0.019741926538792587	Kocak	permutation	
4994.0	0.1425706500138011	Kocak	permutation	
4995.0	-0.07587681775041233	Kocak	permutation	
4996.0	-0.17762755884738146	Kocak	permutation	
4997.0	0.1780539500510332	Kocak	permutation	
4998.0	0.0023474717133100675	Kocak	permutation	
4999.0	0.21601730039677491	Kocak	permutation	
5000.0	0.16357774093119382	Kocak	permutation	
	0.2601486002469664	Kocak	bootstrap	1.0
	0.36893529809227754	Kocak	bootstrap	2.0
	0.29590933054846724	Kocak	bootstrap	3.0
	0.30713271579569446	Kocak	bootstrap	4.0
	0.3700950798163345	Kocak	bootstrap	5.0
	0.22877350012450393	Kocak	bootstrap	6.0
	0.1233282952262087	Kocak	bootstrap	7.0
	0.45689732955297435	Kocak	bootstrap	8.0
	0.40242754283668125	Kocak	bootstrap	9.0
	0.1213213465725862	Kocak	bootstrap	10.0
	0.06862044658436028	Kocak	bootstrap	11.0
	0.07057949523740437	Kocak	bootstrap	12.0
	0.6295787258944734	Kocak	bootstrap	13.0
	0.30789256733293424	Kocak	bootstrap	14.0
	0.40121313266867675	Kocak	bootstrap	15.0
	0.39454293779743876	Kocak	bootstrap	16.0
	0.17878314898907055	Kocak	bootstrap	17.0
	0.3292242221365824	Kocak	bootstrap	18.0
	0.34222493466394877	Kocak	bootstrap	19.0
	0.30943867415339943	Kocak	bootstrap	20.0
	0.2843074141264048	Kocak	bootstrap	21.0
	0.45798912000441394	Kocak	bootstrap	22.0
	0.6738602498132273	Kocak	bootstrap	23.0
	0.458998691126713	Kocak	bootstrap	24.0
	0.5423402146668419	Kocak	bootstrap	25.0
	0.529853229392736	Kocak	bootstrap	26.0
	0.6796661632874499	Kocak	bootstrap	27.0
	0.13471072858568744	Kocak	bootstrap	28.0
	0.23373523665789975	Kocak	bootstrap	29.0
	0.09454080807155263	Kocak	bootstrap	30.0
	0.3476761455476276	Kocak	bootstrap	31.0
	0.5912037945664506	Kocak	bootstrap	32.0
	0.29082792523672074	Kocak	bootstrap	33.0
	0.28888908273429825	Kocak	bootstrap	34.0
	0.24439719000790783	Kocak	bootstrap	35.0
	0.26943004477099475	Kocak	bootstrap	36.0
	0.28925345288375803	Kocak	bootstrap	37.0
	0.3830737660323522	Kocak	bootstrap	38.0
	0.3346479108088469	Kocak	bootstrap	39.0
	0.3884227573102903	Kocak	bootstrap	40.0
	0.34475539559766855	Kocak	bootstrap	41.0
	0.6761888432897663	Kocak	bootstrap	42.0
	0.3502055537071942	Kocak	bootstrap	43.0
	0.42867017493758697	Kocak	bootstrap	44.0
	0.4051806300990046	Kocak	bootstrap	45.0
	0.1009734713481425	Kocak	bootstrap	46.0
	0.4817041935594526	Kocak	bootstrap	47.0
	0.3568682993911243	Kocak	bootstrap	48.0
	0.18148606670445444	Kocak	bootstrap	49.0
	0.44861950876135737	Kocak	bootstrap	50.0
	0.26370772602635517	Kocak	bootstrap	51.0
	0.3078578799562175	Kocak	bootstrap	52.0
	0.0752291112542971	Kocak	bootstrap	53.0
	0.41210843020064214	Kocak	bootstrap	54.0
	0.4191589876012167	Kocak	bootstrap	55.0
	0.4037408772459625	Kocak	bootstrap	56.0
	0.20663680370608306	Kocak	bootstrap	57.0
	0.24860705311874298	Kocak	bootstrap	58.0
	0.426135973231236	Kocak	bootstrap	59.0
	0.4219072610419783	Kocak	bootstrap	60.0
	0.14565700106480461	Kocak	bootstrap	61.0
	0.43612272351265347	Kocak	bootstrap	62.0
	0.25590111510943236	Kocak	bootstrap	63.0
	0.5029268243275475	Kocak	bootstrap	64.0
	0.530820319725755	Kocak	bootstrap	65.0
	0.25295897259650113	Kocak	bootstrap	66.0
	0.6171352174063569	Kocak	bootstrap	67.0
	0.29011153961397973	Kocak	bootstrap	68.0
	0.3252773985136881	Kocak	bootstrap	69.0
	0.4328340551939043	Kocak	bootstrap	70.0
	0.08829654858956903	Kocak	bootstrap	71.0
	0.45557522407498663	Kocak	bootstrap	72.0
	0.25724078410717377	Kocak	bootstrap	73.0
	0.510716745358458	Kocak	bootstrap	74.0
	-0.06208124353392819	Kocak	bootstrap	75.0
	0.3497118846024079	Kocak	bootstrap	76.0
	0.30635658385751485	Kocak	bootstrap	77.0
	0.384068459749324	Kocak	bootstrap	78.0
	0.3042495872745423	Kocak	bootstrap	79.0
	0.3495978172810492	Kocak	bootstrap	80.0
	0.6437996401379236	Kocak	bootstrap	81.0
	0.3405029908989512	Kocak	bootstrap	82.0
	0.4586742310690184	Kocak	bootstrap	83.0
	0.4056328528772024	Kocak	bootstrap	84.0
	0.29958329032688313	Kocak	bootstrap	85.0
	0.42548297460327644	Kocak	bootstrap	86.0
	0.22655500452781396	Kocak	bootstrap	87.0
	0.30711144129118795	Kocak	bootstrap	88.0
	0.16736012481380858	Kocak	bootstrap	89.0
	0.22752931225137418	Kocak	bootstrap	90.0
	0.2809817126645555	Kocak	bootstrap	91.0
	0.533193475360259	Kocak	bootstrap	92.0
	0.37357266964966174	Kocak	bootstrap	93.0
	0.23604900085668135	Kocak	bootstrap	94.0
	0.31123332845317675	Kocak	bootstrap	95.0
	0.5077848122197306	Kocak	bootstrap	96.0
	0.38460958506049714	Kocak	bootstrap	97.0
	0.35415456670120893	Kocak	bootstrap	98.0
	0.5710388063848759	Kocak	bootstrap	99.0
	0.20001687805944446	Kocak	bootstrap	100.0
	0.4647550064462771	Kocak	bootstrap	101.0
	0.17522732436087107	Kocak	bootstrap	102.0
	0.5962450182268193	Kocak	bootstrap	103.0
	0.19862179891488063	Kocak	bootstrap	104.0
	0.43984123243607964	Kocak	bootstrap	105.0
	0.33571345304537026	Kocak	bootstrap	106.0
	0.16780632819591634	Kocak	bootstrap	107.0
	0.23774628686036836	Kocak	bootstrap	108.0
	0.3251924387727505	Kocak	bootstrap	109.0
	0.306807637088764	Kocak	bootstrap	110.0
	0.2296206046684075	Kocak	bootstrap	111.0
	0.20639608126440878	Kocak	bootstrap	112.0
	0.32384342902782626	Kocak	bootstrap	113.0
	0.5082157979689907	Kocak	bootstrap	114.0
	0.33477192760596397	Kocak	bootstrap	115.0
	0.2743009172749158	Kocak	bootstrap	116.0
	0.3120952925717484	Kocak	bootstrap	117.0
	0.2684430315734305	Kocak	bootstrap	118.0
	0.2573471171529902	Kocak	bootstrap	119.0
	0.35072915267839244	Kocak	bootstrap	120.0
	0.27242071049688077	Kocak	bootstrap	121.0
	0.4051144887892866	Kocak	bootstrap	122.0
	0.42879605921221575	Kocak	bootstrap	123.0
	0.2831426463014197	Kocak	bootstrap	124.0
	0.25951568072557674	Kocak	bootstrap	125.0
	0.21443875168337367	Kocak	bootstrap	126.0
	0.5145695849592555	Kocak	bootstrap	127.0
	0.25469435430731124	Kocak	bootstrap	128.0
	0.3310578504300308	Kocak	bootstrap	129.0
	0.2535894085962336	Kocak	bootstrap	130.0
	0.2715775491071275	Kocak	bootstrap	131.0
	0.33770821297795495	Kocak	bootstrap	132.0
	0.2490823233517645	Kocak	bootstrap	133.0
	0.3656078390280655	Kocak	bootstrap	134.0
	0.4524057839389881	Kocak	bootstrap	135.0
	0.5094212957515327	Kocak	bootstrap	136.0
	0.39844468688109025	Kocak	bootstrap	137.0
	0.27675364168215344	Kocak	bootstrap	138.0
	0.4773467142205323	Kocak	bootstrap	139.0
	0.3782557728399558	Kocak	bootstrap	140.0
	0.5323227917451279	Kocak	bootstrap	141.0
	0.42408217896274936	Kocak	bootstrap	142.0
	0.3112915191621384	Kocak	bootstrap	143.0
	0.32298190213492894	Kocak	bootstrap	144.0
	0.3240804167443181	Kocak	bootstrap	145.0
	0.27095981833438554	Kocak	bootstrap	146.0
	0.4336294710610593	Kocak	bootstrap	147.0
	0.3554971801111706	Kocak	bootstrap	148.0
	0.21167584043156795	Kocak	bootstrap	149.0
	0.34787646805421346	Kocak	bootstrap	150.0
	0.4650994635223249	Kocak	bootstrap	151.0
	0.3435726799393679	Kocak	bootstrap	152.0
	0.23471995908393106	Kocak	bootstrap	153.0
	0.4429991043702213	Kocak	bootstrap	154.0
	0.05525676918399558	Kocak	bootstrap	155.0
	0.24303527783935186	Kocak	bootstrap	156.0
	0.14684267985405697	Kocak	bootstrap	157.0
	0.3016681734290416	Kocak	bootstrap	158.0
	0.2372063559641071	Kocak	bootstrap	159.0
	0.2747110214270694	Kocak	bootstrap	160.0
	0.1716364715853822	Kocak	bootstrap	161.0
	0.20155252683920954	Kocak	bootstrap	162.0
	0.5862257822239094	Kocak	bootstrap	163.0
	0.319375776748676	Kocak	bootstrap	164.0
	0.18273865663704036	Kocak	bootstrap	165.0
	0.34288980971422456	Kocak	bootstrap	166.0
	0.22345211033582268	Kocak	bootstrap	167.0
	0.2946467567486337	Kocak	bootstrap	168.0
	0.1410284852260668	Kocak	bootstrap	169.0
	0.29482636786986616	Kocak	bootstrap	170.0
	0.3052559155661143	Kocak	bootstrap	171.0
	0.28415160106120174	Kocak	bootstrap	172.0
	0.265987757349603	Kocak	bootstrap	173.0
	0.15937292733871544	Kocak	bootstrap	174.0
	0.2730271373263271	Kocak	bootstrap	175.0
	0.2153553976537066	Kocak	bootstrap	176.0
	0.363449230948937	Kocak	bootstrap	177.0
	0.32588993347579276	Kocak	bootstrap	178.0
	0.35001512781518684	Kocak	bootstrap	179.0
	0.3268170255663616	Kocak	bootstrap	180.0
	0.4341356352978578	Kocak	bootstrap	181.0
	0.373720022199616	Kocak	bootstrap	182.0
	0.27939901444128923	Kocak	bootstrap	183.0
	0.4535751745820473	Kocak	bootstrap	184.0
	0.3762292655671535	Kocak	bootstrap	185.0
	0.35037876841120097	Kocak	bootstrap	186.0
	0.13844950546879575	Kocak	bootstrap	187.0
	0.5260566402033446	Kocak	bootstrap	188.0
	0.3667953974399363	Kocak	bootstrap	189.0
	0.37681688065297614	Kocak	bootstrap	190.0
	0.3216795755618529	Kocak	bootstrap	191.0
	0.09049181739536438	Kocak	bootstrap	192.0
	0.27366018274980153	Kocak	bootstrap	193.0
	0.36976600342242394	Kocak	bootstrap	194.0
	0.5171670149303709	Kocak	bootstrap	195.0
	0.3452280568916799	Kocak	bootstrap	196.0
	0.15079304725175557	Kocak	bootstrap	197.0
	0.31213907482833836	Kocak	bootstrap	198.0
	0.35616838981839516	Kocak	bootstrap	199.0
	0.005433628895789688	Kocak	bootstrap	200.0
	0.21542361872367888	Kocak	bootstrap	201.0
	0.24063299966945673	Kocak	bootstrap	202.0
	0.3089795606190644	Kocak	bootstrap	203.0
	0.3929720212136467	Kocak	bootstrap	204.0
	0.5135504805216202	Kocak	bootstrap	205.0
	0.33806430207872395	Kocak	bootstrap	206.0
	0.449009631514635	Kocak	bootstrap	207.0
	0.1308736957991643	Kocak	bootstrap	208.0
	0.13496774764357156	Kocak	bootstrap	209.0
	0.4034099518300427	Kocak	bootstrap	210.0
	0.4394638964529096	Kocak	bootstrap	211.0
	0.28724735216482067	Kocak	bootstrap	212.0
	0.21628730551160347	Kocak	bootstrap	213.0
	0.1407268198513716	Kocak	bootstrap	214.0
	0.2867487165344609	Kocak	bootstrap	215.0
	0.1127108064912754	Kocak	bootstrap	216.0
	0.41267111355424246	Kocak	bootstrap	217.0
	0.4042211348388025	Kocak	bootstrap	218.0
	0.2964357959098005	Kocak	bootstrap	219.0
	0.4334035918055461	Kocak	bootstrap	220.0
	0.432372082709064	Kocak	bootstrap	221.0
	0.22237411308656974	Kocak	bootstrap	222.0
	0.540684343966396	Kocak	bootstrap	223.0
	0.39632502249851065	Kocak	bootstrap	224.0
	0.3213563653013245	Kocak	bootstrap	225.0
	0.5647035382597623	Kocak	bootstrap	226.0
	0.23433392937333952	Kocak	bootstrap	227.0
	0.4417567681886818	Kocak	bootstrap	228.0
	0.2337097014237619	Kocak	bootstrap	229.0
	0.10918415198906262	Kocak	bootstrap	230.0
	0.31301813916720045	Kocak	bootstrap	231.0
	0.46393485347478736	Kocak	bootstrap	232.0
	0.6161651791616336	Kocak	bootstrap	233.0
	0.23871300436157838	Kocak	bootstrap	234.0
	0.514620011777954	Kocak	bootstrap	235.0
	0.2298114074258133	Kocak	bootstrap	236.0
	0.2188159966253851	Kocak	bootstrap	237.0
	0.31228611464681544	Kocak	bootstrap	238.0
	0.311344039168826	Kocak	bootstrap	239.0
	0.44424128084409853	Kocak	bootstrap	240.0
	0.15523731339387625	Kocak	bootstrap	241.0
	0.3531566850917427	Kocak	bootstrap	242.0
	0.30949339312466995	Kocak	bootstrap	243.0
	0.27338901968105844	Kocak	bootstrap	244.0
	0.31482181699836964	Kocak	bootstrap	245.0
	0.21728838523653327	Kocak	bootstrap	246.0
	0.37700677597452703	Kocak	bootstrap	247.0
	0.3816240286094774	Kocak	bootstrap	248.0
	0.2090802207029019	Kocak	bootstrap	249.0
	0.3519549223109535	Kocak	bootstrap	250.0
	0.28462709659729324	Kocak	bootstrap	251.0
	0.2385023510613804	Kocak	bootstrap	252.0
	0.3413975368900761	Kocak	bootstrap	253.0
	0.07516400127657707	Kocak	bootstrap	254.0
	0.22543223988906824	Kocak	bootstrap	255.0
	0.3048799816670922	Kocak	bootstrap	256.0
	0.4910993661147711	Kocak	bootstrap	257.0
	0.33622093056653046	Kocak	bootstrap	258.0
	0.4886741569562614	Kocak	bootstrap	259.0
	0.35525621814552855	Kocak	bootstrap	260.0
	0.37322653132969563	Kocak	bootstrap	261.0
	0.26295377261468333	Kocak	bootstrap	262.0
	0.38337477063013115	Kocak	bootstrap	263.0
	0.2660481901883873	Kocak	bootstrap	264.0
	0.3391125702938673	Kocak	bootstrap	265.0
	0.27964731367308593	Kocak	bootstrap	266.0
	0.34651074541747695	Kocak	bootstrap	267.0
	0.31068811503477356	Kocak	bootstrap	268.0
	0.25290912942195387	Kocak	bootstrap	269.0
	0.14775883773150778	Kocak	bootstrap	270.0
	0.12390433332608719	Kocak	bootstrap	271.0
	0.17414670083149542	Kocak	bootstrap	272.0
	0.5914500509581258	Kocak	bootstrap	273.0
	0.24052745834083744	Kocak	bootstrap	274.0
	0.16749425964355025	Kocak	bootstrap	275.0
	0.29985802926067917	Kocak	bootstrap	276.0
	0.06927932957796434	Kocak	bootstrap	277.0
	0.19877653856174504	Kocak	bootstrap	278.0
	0.43880691186913046	Kocak	bootstrap	279.0
	0.3400553039147973	Kocak	bootstrap	280.0
	0.3029688034003257	Kocak	bootstrap	281.0
	0.14496242949308735	Kocak	bootstrap	282.0
	0.34143054675163276	Kocak	bootstrap	283.0
	0.14633744241523816	Kocak	bootstrap	284.0
	0.38964189805914984	Kocak	bootstrap	285.0
	0.19638099537585285	Kocak	bootstrap	286.0
	0.20864473041424203	Kocak	bootstrap	287.0
	0.4668593776688197	Kocak	bootstrap	288.0
	0.3086996391278456	Kocak	bootstrap	289.0
	0.3029178458550219	Kocak	bootstrap	290.0
	0.29646252959411346	Kocak	bootstrap	291.0
	0.42562701196712593	Kocak	bootstrap	292.0
	0.23186218758240473	Kocak	bootstrap	293.0
	0.23032078843053272	Kocak	bootstrap	294.0
	0.34951569154362616	Kocak	bootstrap	295.0
	0.48105560437621353	Kocak	bootstrap	296.0
	0.4812634795912061	Kocak	bootstrap	297.0
	0.34575136366257153	Kocak	bootstrap	298.0
	0.2754674557020089	Kocak	bootstrap	299.0
	0.34535356779856086	Kocak	bootstrap	300.0
	0.377720480636508	Kocak	bootstrap	301.0
	0.47655753276964097	Kocak	bootstrap	302.0
	0.23211883632673747	Kocak	bootstrap	303.0
	0.11259578933732994	Kocak	bootstrap	304.0
	0.14561906221620813	Kocak	bootstrap	305.0
	0.34276613376360343	Kocak	bootstrap	306.0
	0.4177210597405958	Kocak	bootstrap	307.0
	0.4542288564415151	Kocak	bootstrap	308.0
	0.18797196957507278	Kocak	bootstrap	309.0
	0.33845122224899704	Kocak	bootstrap	310.0
	0.30954137511405566	Kocak	bootstrap	311.0
	0.24456961464106675	Kocak	bootstrap	312.0
	0.37524556905423134	Kocak	bootstrap	313.0
	0.3989325296737345	Kocak	bootstrap	314.0
	0.21230009971926034	Kocak	bootstrap	315.0
	0.27349033394580635	Kocak	bootstrap	316.0
	0.17920739131449936	Kocak	bootstrap	317.0
	0.5274450449983843	Kocak	bootstrap	318.0
	0.4983718708481595	Kocak	bootstrap	319.0
	0.27520588387790657	Kocak	bootstrap	320.0
	0.3205953291072845	Kocak	bootstrap	321.0
	0.31207061252842516	Kocak	bootstrap	322.0
	0.43534217205904424	Kocak	bootstrap	323.0
	0.20902516117980952	Kocak	bootstrap	324.0
	0.14766511166660523	Kocak	bootstrap	325.0
	0.3003925889567829	Kocak	bootstrap	326.0
	0.26099780140947404	Kocak	bootstrap	327.0
	0.3977535168098263	Kocak	bootstrap	328.0
	0.10516664881570525	Kocak	bootstrap	329.0
	0.40281681145366255	Kocak	bootstrap	330.0
	0.40578013468440455	Kocak	bootstrap	331.0
	0.16213946349790165	Kocak	bootstrap	332.0
	0.4450319224666015	Kocak	bootstrap	333.0
	0.176862663110537	Kocak	bootstrap	334.0
	0.37113115750954684	Kocak	bootstrap	335.0
	0.44916435778409713	Kocak	bootstrap	336.0
	0.26003776167975623	Kocak	bootstrap	337.0
	0.31813625638011356	Kocak	bootstrap	338.0
	0.12929847379567594	Kocak	bootstrap	339.0
	0.24637084977572155	Kocak	bootstrap	340.0
	0.40880430616306995	Kocak	bootstrap	341.0
	0.43830748486645366	Kocak	bootstrap	342.0
	0.6237997383395291	Kocak	bootstrap	343.0
	0.5967764459349376	Kocak	bootstrap	344.0
	0.22689879965223447	Kocak	bootstrap	345.0
	0.4879509219267666	Kocak	bootstrap	346.0
	0.4122576970717726	Kocak	bootstrap	347.0
	0.35557948304986775	Kocak	bootstrap	348.0
	0.40957682487524316	Kocak	bootstrap	349.0
	0.16092964798883092	Kocak	bootstrap	350.0
	0.5546573126071643	Kocak	bootstrap	351.0
	0.07557624665139118	Kocak	bootstrap	352.0
	0.14454517437837344	Kocak	bootstrap	353.0
	0.21143945240478557	Kocak	bootstrap	354.0
	0.2958888737792176	Kocak	bootstrap	355.0
	0.18584355858974666	Kocak	bootstrap	356.0
	0.23762487640073449	Kocak	bootstrap	357.0
	0.30164255614779467	Kocak	bootstrap	358.0
	0.3716704846532983	Kocak	bootstrap	359.0
	0.5354445737584168	Kocak	bootstrap	360.0
	0.5659960980958183	Kocak	bootstrap	361.0
	0.448649010702304	Kocak	bootstrap	362.0
	0.49110024428747234	Kocak	bootstrap	363.0
	0.25571154081667435	Kocak	bootstrap	364.0
	0.4862268303771562	Kocak	bootstrap	365.0
	0.2863458493978581	Kocak	bootstrap	366.0
	0.36549783687051907	Kocak	bootstrap	367.0
	0.2768734004847313	Kocak	bootstrap	368.0
	0.15764396719067708	Kocak	bootstrap	369.0
	0.007951692667406807	Kocak	bootstrap	370.0
	0.4588069684314231	Kocak	bootstrap	371.0
	0.5150898648410513	Kocak	bootstrap	372.0
	0.48710921704945553	Kocak	bootstrap	373.0
	0.18676078405536467	Kocak	bootstrap	374.0
	0.2001956990345728	Kocak	bootstrap	375.0
	0.21951260070803658	Kocak	bootstrap	376.0
	0.3022523675045816	Kocak	bootstrap	377.0
	0.2518813304092071	Kocak	bootstrap	378.0
	0.2776235613500475	Kocak	bootstrap	379.0
	0.43559216036550064	Kocak	bootstrap	380.0
	0.004868883332685758	Kocak	bootstrap	381.0
	0.2808934526602247	Kocak	bootstrap	382.0
	0.36696610265621876	Kocak	bootstrap	383.0
	0.24539449123204804	Kocak	bootstrap	384.0
	0.38376192080613203	Kocak	bootstrap	385.0
	0.14449647620202644	Kocak	bootstrap	386.0
	0.16102313745525443	Kocak	bootstrap	387.0
	0.25454192899965644	Kocak	bootstrap	388.0
	0.29699099855225297	Kocak	bootstrap	389.0
	0.25739052913396687	Kocak	bootstrap	390.0
	0.22809111528163717	Kocak	bootstrap	391.0
	0.07556228122872577	Kocak	bootstrap	392.0
	0.3762948552324725	Kocak	bootstrap	393.0
	0.2958631407254426	Kocak	bootstrap	394.0
	0.23868940633382119	Kocak	bootstrap	395.0
	0.3761962164506252	Kocak	bootstrap	396.0
	0.274884659705124	Kocak	bootstrap	397.0
	0.388122779921777	Kocak	bootstrap	398.0
	0.6331263045193567	Kocak	bootstrap	399.0
	0.2784343504137188	Kocak	bootstrap	400.0
	0.2765651050273368	Kocak	bootstrap	401.0
	0.3903315110618335	Kocak	bootstrap	402.0
	0.1170004175460635	Kocak	bootstrap	403.0
	0.2960040731169036	Kocak	bootstrap	404.0
	0.2712709084629359	Kocak	bootstrap	405.0
	0.26426783120779396	Kocak	bootstrap	406.0
	0.44330860022254814	Kocak	bootstrap	407.0
	0.47735611294408953	Kocak	bootstrap	408.0
	0.2850627619829753	Kocak	bootstrap	409.0
	0.3660800245395386	Kocak	bootstrap	410.0
	0.43739333696128835	Kocak	bootstrap	411.0
	0.32618658264867895	Kocak	bootstrap	412.0
	0.3770021208990748	Kocak	bootstrap	413.0
	0.29191531345024657	Kocak	bootstrap	414.0
	0.23950695172763004	Kocak	bootstrap	415.0
	0.44043145326936806	Kocak	bootstrap	416.0
	0.4030388982885027	Kocak	bootstrap	417.0
	0.40715183359057594	Kocak	bootstrap	418.0
	0.3533264457622649	Kocak	bootstrap	419.0
	0.1806052367057589	Kocak	bootstrap	420.0
	0.4479777343861522	Kocak	bootstrap	421.0
	0.3294110612172467	Kocak	bootstrap	422.0
	0.21173056190389694	Kocak	bootstrap	423.0
	0.22248205547935962	Kocak	bootstrap	424.0
	0.4650310346828399	Kocak	bootstrap	425.0
	0.37252579999039614	Kocak	bootstrap	426.0
	0.34705044623926273	Kocak	bootstrap	427.0
	0.209962627914694	Kocak	bootstrap	428.0
	0.5341058895502142	Kocak	bootstrap	429.0
	0.2567898927335186	Kocak	bootstrap	430.0
	0.16222421293685585	Kocak	bootstrap	431.0
	0.21222767592618297	Kocak	bootstrap	432.0
	0.2199191371696556	Kocak	bootstrap	433.0
	0.16716519928560558	Kocak	bootstrap	434.0
	0.37226501356982045	Kocak	bootstrap	435.0
	0.42563377780981027	Kocak	bootstrap	436.0
	0.018208742613394335	Kocak	bootstrap	437.0
	0.3050316247515137	Kocak	bootstrap	438.0
	0.44471139930666537	Kocak	bootstrap	439.0
	0.27969540871047593	Kocak	bootstrap	440.0
	0.2925358495001378	Kocak	bootstrap	441.0
	0.36695094502130354	Kocak	bootstrap	442.0
	0.2917823307758285	Kocak	bootstrap	443.0
	0.29776753048167803	Kocak	bootstrap	444.0
	0.3841851960811997	Kocak	bootstrap	445.0
	0.5156872271609818	Kocak	bootstrap	446.0
	0.40398388219578063	Kocak	bootstrap	447.0
	0.35139803148083093	Kocak	bootstrap	448.0
	0.3941315948584787	Kocak	bootstrap	449.0
	0.26346569109471174	Kocak	bootstrap	450.0
	0.2803498252093286	Kocak	bootstrap	451.0
	0.4919678600387414	Kocak	bootstrap	452.0
	0.3494887695079596	Kocak	bootstrap	453.0
	0.2792699439984001	Kocak	bootstrap	454.0
	0.23117348935113702	Kocak	bootstrap	455.0
	0.4910701524522083	Kocak	bootstrap	456.0
	0.30973819714613304	Kocak	bootstrap	457.0
	0.29240142263610824	Kocak	bootstrap	458.0
	0.24789123014242076	Kocak	bootstrap	459.0
	0.12964701924377398	Kocak	bootstrap	460.0
	0.28850868251986217	Kocak	bootstrap	461.0
	0.4700750313964943	Kocak	bootstrap	462.0
	0.3379423788833229	Kocak	bootstrap	463.0
	0.3170850452245606	Kocak	bootstrap	464.0
	0.3553519863592771	Kocak	bootstrap	465.0
	0.42316840302892356	Kocak	bootstrap	466.0
	0.18557951882451107	Kocak	bootstrap	467.0
	0.35453612491690123	Kocak	bootstrap	468.0
	0.4835638652398342	Kocak	bootstrap	469.0
	0.3254544460964115	Kocak	bootstrap	470.0
	0.20214913291056114	Kocak	bootstrap	471.0
	0.4340981679987972	Kocak	bootstrap	472.0
	0.2641307226829417	Kocak	bootstrap	473.0
	0.345953296092699	Kocak	bootstrap	474.0
	0.3418509076071121	Kocak	bootstrap	475.0
	0.19454753682242387	Kocak	bootstrap	476.0
	0.4773942296209861	Kocak	bootstrap	477.0
	0.4000181290483322	Kocak	bootstrap	478.0
	0.33302532677217345	Kocak	bootstrap	479.0
	0.3380722757057244	Kocak	bootstrap	480.0
	0.3973588399463188	Kocak	bootstrap	481.0
	0.15228712532632382	Kocak	bootstrap	482.0
	0.2702223897524276	Kocak	bootstrap	483.0
	0.34688194441826115	Kocak	bootstrap	484.0
	0.2881994001398178	Kocak	bootstrap	485.0
	0.3357386377302838	Kocak	bootstrap	486.0
	0.27545172169207444	Kocak	bootstrap	487.0
	0.5385481887028893	Kocak	bootstrap	488.0
	0.2668364315684144	Kocak	bootstrap	489.0
	0.25231453697983985	Kocak	bootstrap	490.0
	0.28827619019362505	Kocak	bootstrap	491.0
	0.3765730351496135	Kocak	bootstrap	492.0
	0.4934796385851592	Kocak	bootstrap	493.0
	0.5397883792338991	Kocak	bootstrap	494.0
	0.17683608720087562	Kocak	bootstrap	495.0
	0.5558490472355637	Kocak	bootstrap	496.0
	0.3447848376941245	Kocak	bootstrap	497.0
	0.15571875630014143	Kocak	bootstrap	498.0
	0.18314394637605735	Kocak	bootstrap	499.0
	0.5098238292504109	Kocak	bootstrap	500.0
	0.27352663912492314	Kocak	bootstrap	501.0
	0.2545530686695354	Kocak	bootstrap	502.0
	0.31172428494185667	Kocak	bootstrap	503.0
	0.1023738230152813	Kocak	bootstrap	504.0
	0.4244197862100072	Kocak	bootstrap	505.0
	0.3302169236622814	Kocak	bootstrap	506.0
	0.24669156183778895	Kocak	bootstrap	507.0
	0.20562831206281107	Kocak	bootstrap	508.0
	0.21583268578368964	Kocak	bootstrap	509.0
	0.5064033998919291	Kocak	bootstrap	510.0
	0.20835646583681822	Kocak	bootstrap	511.0
	0.16317575314028465	Kocak	bootstrap	512.0
	0.3761741624050008	Kocak	bootstrap	513.0
	0.458793140441939	Kocak	bootstrap	514.0
	0.3237353982923805	Kocak	bootstrap	515.0
	0.2498397322671746	Kocak	bootstrap	516.0
	0.2710188550267856	Kocak	bootstrap	517.0
	0.3533437736635725	Kocak	bootstrap	518.0
	0.2638239366525372	Kocak	bootstrap	519.0
	0.3750671361727327	Kocak	bootstrap	520.0
	0.23429078437385442	Kocak	bootstrap	521.0
	0.17762375526583352	Kocak	bootstrap	522.0
	0.34500683732127824	Kocak	bootstrap	523.0
	0.17403953517346116	Kocak	bootstrap	524.0
	0.24681868858691525	Kocak	bootstrap	525.0
	0.25435120396558997	Kocak	bootstrap	526.0
	0.1943421532602696	Kocak	bootstrap	527.0
	0.4191332802043979	Kocak	bootstrap	528.0
	0.48838881797275313	Kocak	bootstrap	529.0
	0.4470022799914881	Kocak	bootstrap	530.0
	0.26981874477390244	Kocak	bootstrap	531.0
	0.43662027935472336	Kocak	bootstrap	532.0
	0.17181442602197095	Kocak	bootstrap	533.0
	0.38867354961178213	Kocak	bootstrap	534.0
	0.27121373961166384	Kocak	bootstrap	535.0
	0.21496543216481312	Kocak	bootstrap	536.0
	0.23208046806724836	Kocak	bootstrap	537.0
	0.3510607730393689	Kocak	bootstrap	538.0
	0.3497398849015756	Kocak	bootstrap	539.0
	0.32507594430556086	Kocak	bootstrap	540.0
	0.3229656902330986	Kocak	bootstrap	541.0
	0.46190450644992076	Kocak	bootstrap	542.0
	0.3417012321326869	Kocak	bootstrap	543.0
	0.4478830610118867	Kocak	bootstrap	544.0
	0.18697915999617587	Kocak	bootstrap	545.0
	0.20642280580298378	Kocak	bootstrap	546.0
	0.4901154672682888	Kocak	bootstrap	547.0
	-0.007364761397546271	Kocak	bootstrap	548.0
	0.25134479409558397	Kocak	bootstrap	549.0
	0.32670208453835503	Kocak	bootstrap	550.0
	0.3126612051016049	Kocak	bootstrap	551.0
	0.36203972937558593	Kocak	bootstrap	552.0
	0.2948416000940832	Kocak	bootstrap	553.0
	0.3735563138833027	Kocak	bootstrap	554.0
	0.29742560396706663	Kocak	bootstrap	555.0
	0.36945790354134367	Kocak	bootstrap	556.0
	0.42836326411261405	Kocak	bootstrap	557.0
	0.30401112493140037	Kocak	bootstrap	558.0
	0.25641847790369887	Kocak	bootstrap	559.0
	0.450754703941449	Kocak	bootstrap	560.0
	0.2713555199099553	Kocak	bootstrap	561.0
	0.4223151009468191	Kocak	bootstrap	562.0
	0.43434560816928913	Kocak	bootstrap	563.0
	0.34921613426949705	Kocak	bootstrap	564.0
	0.5382892436771152	Kocak	bootstrap	565.0
	0.11755190073568489	Kocak	bootstrap	566.0
	0.41869320761720674	Kocak	bootstrap	567.0
	0.448768396538497	Kocak	bootstrap	568.0
	0.2010944169598079	Kocak	bootstrap	569.0
	0.4028388311523714	Kocak	bootstrap	570.0
	0.3119576711124612	Kocak	bootstrap	571.0
	0.19250293333153223	Kocak	bootstrap	572.0
	0.3358324179204435	Kocak	bootstrap	573.0
	0.5644151851963337	Kocak	bootstrap	574.0
	0.23415362476743828	Kocak	bootstrap	575.0
	0.14854092641966377	Kocak	bootstrap	576.0
	0.3146815234764513	Kocak	bootstrap	577.0
	0.2921659665042169	Kocak	bootstrap	578.0
	0.2607237865619112	Kocak	bootstrap	579.0
	0.3726534045601624	Kocak	bootstrap	580.0
	0.2769500762938968	Kocak	bootstrap	581.0
	0.3485370016668785	Kocak	bootstrap	582.0
	0.19569638375034826	Kocak	bootstrap	583.0
	0.2743282184725562	Kocak	bootstrap	584.0
	0.4676043817537452	Kocak	bootstrap	585.0
	0.4303378709341845	Kocak	bootstrap	586.0
	0.2832218619489444	Kocak	bootstrap	587.0
	0.35832457086756087	Kocak	bootstrap	588.0
	0.37015409378822994	Kocak	bootstrap	589.0
	0.46369701233398253	Kocak	bootstrap	590.0
	0.19860670120321045	Kocak	bootstrap	591.0
	0.32186912385823696	Kocak	bootstrap	592.0
	0.4512774540032356	Kocak	bootstrap	593.0
	0.4547560725079012	Kocak	bootstrap	594.0
	0.431548219070903	Kocak	bootstrap	595.0
	0.337163542582255	Kocak	bootstrap	596.0
	0.13549864724975258	Kocak	bootstrap	597.0
	0.3896113635631546	Kocak	bootstrap	598.0
	0.4235062826500453	Kocak	bootstrap	599.0
	0.305480103580996	Kocak	bootstrap	600.0
	0.27607668638159133	Kocak	bootstrap	601.0
	0.21229151691064807	Kocak	bootstrap	602.0
	0.07708471593579036	Kocak	bootstrap	603.0
	0.2592831840089609	Kocak	bootstrap	604.0
	0.6027709808441819	Kocak	bootstrap	605.0
	0.4647762971842102	Kocak	bootstrap	606.0
	0.3524371508205988	Kocak	bootstrap	607.0
	0.4509314322624407	Kocak	bootstrap	608.0
	0.004229827345560988	Kocak	bootstrap	609.0
	0.21296453360476164	Kocak	bootstrap	610.0
	0.278283638330334	Kocak	bootstrap	611.0
	0.4079105634009861	Kocak	bootstrap	612.0
	0.22480958807751916	Kocak	bootstrap	613.0
	0.226804269307463	Kocak	bootstrap	614.0
	0.3090074814822863	Kocak	bootstrap	615.0
	0.43496115637469623	Kocak	bootstrap	616.0
	0.31173783045236014	Kocak	bootstrap	617.0
	0.26262756671563237	Kocak	bootstrap	618.0
	0.33197678491165483	Kocak	bootstrap	619.0
	0.47203932374626456	Kocak	bootstrap	620.0
	0.6838264452629952	Kocak	bootstrap	621.0
	0.6140548618823005	Kocak	bootstrap	622.0
	0.35079693695559877	Kocak	bootstrap	623.0
	0.33111399937974895	Kocak	bootstrap	624.0
	0.18913585307300362	Kocak	bootstrap	625.0
	0.13922346186454337	Kocak	bootstrap	626.0
	0.28050912097387437	Kocak	bootstrap	627.0
	0.20212449321253878	Kocak	bootstrap	628.0
	0.37929148228228193	Kocak	bootstrap	629.0
	0.4248076801740357	Kocak	bootstrap	630.0
	0.34837112854578756	Kocak	bootstrap	631.0
	0.23436983309824289	Kocak	bootstrap	632.0
	0.3355300339869913	Kocak	bootstrap	633.0
	0.41740044166537427	Kocak	bootstrap	634.0
	0.31357673577726297	Kocak	bootstrap	635.0
	0.2643817241003159	Kocak	bootstrap	636.0
	0.23778749562933799	Kocak	bootstrap	637.0
	0.2778790727114644	Kocak	bootstrap	638.0
	0.3365718412326486	Kocak	bootstrap	639.0
	0.4910825295856527	Kocak	bootstrap	640.0
	0.18494491746261144	Kocak	bootstrap	641.0
	0.28666760710600103	Kocak	bootstrap	642.0
	0.1663759025826601	Kocak	bootstrap	643.0
	0.19941241818653044	Kocak	bootstrap	644.0
	0.10404058953011397	Kocak	bootstrap	645.0
	0.43410225711148787	Kocak	bootstrap	646.0
	0.11496258104725499	Kocak	bootstrap	647.0
	0.2975880421450867	Kocak	bootstrap	648.0
	0.3082288876835255	Kocak	bootstrap	649.0
	0.3582583714934833	Kocak	bootstrap	650.0
	0.22489572644174105	Kocak	bootstrap	651.0
	0.5766493006391333	Kocak	bootstrap	652.0
	0.34151797026593433	Kocak	bootstrap	653.0
	0.16523815841026135	Kocak	bootstrap	654.0
	0.4253433082551923	Kocak	bootstrap	655.0
	0.36410094281964955	Kocak	bootstrap	656.0
	0.26545705895126037	Kocak	bootstrap	657.0
	0.3168019404113509	Kocak	bootstrap	658.0
	0.2471733272044787	Kocak	bootstrap	659.0
	0.39118930979628086	Kocak	bootstrap	660.0
	0.3967863453266238	Kocak	bootstrap	661.0
	0.2766535226285791	Kocak	bootstrap	662.0
	0.3110506189729283	Kocak	bootstrap	663.0
	0.32693643126857097	Kocak	bootstrap	664.0
	0.061582603039218586	Kocak	bootstrap	665.0
	0.40175415324346764	Kocak	bootstrap	666.0
	0.37011793130098525	Kocak	bootstrap	667.0
	0.40097069875517377	Kocak	bootstrap	668.0
	0.1634437461139977	Kocak	bootstrap	669.0
	0.1461203879472972	Kocak	bootstrap	670.0
	0.32726190130074473	Kocak	bootstrap	671.0
	0.15914859673903425	Kocak	bootstrap	672.0
	0.2614759877262687	Kocak	bootstrap	673.0
	0.2957012818025553	Kocak	bootstrap	674.0
	0.08944548736005808	Kocak	bootstrap	675.0
	0.2681005462523074	Kocak	bootstrap	676.0
	0.29144139413922643	Kocak	bootstrap	677.0
	0.37842056654012923	Kocak	bootstrap	678.0
	0.09209546932665624	Kocak	bootstrap	679.0
	0.34612381839073914	Kocak	bootstrap	680.0
	0.3245416273219006	Kocak	bootstrap	681.0
	0.3489409272119457	Kocak	bootstrap	682.0
	0.30935146408080527	Kocak	bootstrap	683.0
	0.3197051658830228	Kocak	bootstrap	684.0
	0.3244095821483195	Kocak	bootstrap	685.0
	0.15197028530954126	Kocak	bootstrap	686.0
	0.2606250770924512	Kocak	bootstrap	687.0
	0.4066192335872998	Kocak	bootstrap	688.0
	0.3708642499363197	Kocak	bootstrap	689.0
	0.37628446851720954	Kocak	bootstrap	690.0
	0.33951489652073397	Kocak	bootstrap	691.0
	0.3243043011742359	Kocak	bootstrap	692.0
	0.0756453376494477	Kocak	bootstrap	693.0
	0.5081130782655614	Kocak	bootstrap	694.0
	0.2865308468336214	Kocak	bootstrap	695.0
	0.2605570412533371	Kocak	bootstrap	696.0
	0.4277645932117138	Kocak	bootstrap	697.0
	0.4293565907044661	Kocak	bootstrap	698.0
	0.43919650679674094	Kocak	bootstrap	699.0
	0.4990317013949541	Kocak	bootstrap	700.0
	0.06458904426214485	Kocak	bootstrap	701.0
	0.3020314575016174	Kocak	bootstrap	702.0
	0.28767665779844087	Kocak	bootstrap	703.0
	0.29853092256704894	Kocak	bootstrap	704.0
	0.30168268373460405	Kocak	bootstrap	705.0
	0.18272729058961268	Kocak	bootstrap	706.0
	0.5504537254539148	Kocak	bootstrap	707.0
	0.43733287586895164	Kocak	bootstrap	708.0
	0.26356825068045175	Kocak	bootstrap	709.0
	0.22870120087288104	Kocak	bootstrap	710.0
	0.3399494717579086	Kocak	bootstrap	711.0
	0.18350055603908677	Kocak	bootstrap	712.0
	0.3973695597030038	Kocak	bootstrap	713.0
	0.19467021753551084	Kocak	bootstrap	714.0
	-0.005218389110028809	Kocak	bootstrap	715.0
	0.26400551494509106	Kocak	bootstrap	716.0
	0.1493495998255967	Kocak	bootstrap	717.0
	0.28220060819787607	Kocak	bootstrap	718.0
	0.3950242169783489	Kocak	bootstrap	719.0
	0.07438397901058869	Kocak	bootstrap	720.0
	0.2901188327455837	Kocak	bootstrap	721.0
	0.5832529071032284	Kocak	bootstrap	722.0
	0.22669872946282732	Kocak	bootstrap	723.0
	0.31586510670243007	Kocak	bootstrap	724.0
	0.25224463095974237	Kocak	bootstrap	725.0
	0.4675794484953819	Kocak	bootstrap	726.0
	0.4641334658214262	Kocak	bootstrap	727.0
	0.2719745251817889	Kocak	bootstrap	728.0
	0.203313182575807	Kocak	bootstrap	729.0
	0.4477058034259547	Kocak	bootstrap	730.0
	0.3639275629970249	Kocak	bootstrap	731.0
	0.27109558649621546	Kocak	bootstrap	732.0
	0.32662846874169205	Kocak	bootstrap	733.0
	0.1981392893029712	Kocak	bootstrap	734.0
	0.319265043205041	Kocak	bootstrap	735.0
	0.3342266145582662	Kocak	bootstrap	736.0
	0.26234925508686446	Kocak	bootstrap	737.0
	0.06123578039564759	Kocak	bootstrap	738.0
	0.355462099133093	Kocak	bootstrap	739.0
	0.2732790945103769	Kocak	bootstrap	740.0
	0.2776437655723698	Kocak	bootstrap	741.0
	0.1535631298809892	Kocak	bootstrap	742.0
	0.2058521925883703	Kocak	bootstrap	743.0
	0.5138246130180137	Kocak	bootstrap	744.0
	0.22552406418870996	Kocak	bootstrap	745.0
	0.0016596759711116071	Kocak	bootstrap	746.0
	0.28249125800454733	Kocak	bootstrap	747.0
	0.3271073854166122	Kocak	bootstrap	748.0
	0.31088483641493125	Kocak	bootstrap	749.0
	0.47696805460953096	Kocak	bootstrap	750.0
	0.014154033409609301	Kocak	bootstrap	751.0
	0.31600712904547246	Kocak	bootstrap	752.0
	0.27286353942605235	Kocak	bootstrap	753.0
	0.5855287629101382	Kocak	bootstrap	754.0
	0.6177002028728471	Kocak	bootstrap	755.0
	0.34193747314540657	Kocak	bootstrap	756.0
	0.22747297439383418	Kocak	bootstrap	757.0
	0.3388028406397692	Kocak	bootstrap	758.0
	0.26197751955191073	Kocak	bootstrap	759.0
	0.26976576418088083	Kocak	bootstrap	760.0
	0.2794128463626748	Kocak	bootstrap	761.0
	0.4003800812204501	Kocak	bootstrap	762.0
	0.2250665729283745	Kocak	bootstrap	763.0
	0.3788904945100886	Kocak	bootstrap	764.0
	0.155376709267268	Kocak	bootstrap	765.0
	0.41781073104066824	Kocak	bootstrap	766.0
	0.277556830285532	Kocak	bootstrap	767.0
	0.23703193646018716	Kocak	bootstrap	768.0
	0.2556416703508946	Kocak	bootstrap	769.0
	0.3991246187409856	Kocak	bootstrap	770.0
	0.5013022494054127	Kocak	bootstrap	771.0
	0.31591434002037033	Kocak	bootstrap	772.0
	0.3720271891118214	Kocak	bootstrap	773.0
	0.32452311673130874	Kocak	bootstrap	774.0
	0.22735427487824067	Kocak	bootstrap	775.0
	0.3759671588029394	Kocak	bootstrap	776.0
	0.1923280552117368	Kocak	bootstrap	777.0
	0.22277312492005974	Kocak	bootstrap	778.0
	0.2999984996365641	Kocak	bootstrap	779.0
	0.34440162694629617	Kocak	bootstrap	780.0
	0.3484285300521952	Kocak	bootstrap	781.0
	0.22929866883394112	Kocak	bootstrap	782.0
	0.4633435291325321	Kocak	bootstrap	783.0
	0.3007692081382003	Kocak	bootstrap	784.0
	0.2832952883312596	Kocak	bootstrap	785.0
	0.6201023868888638	Kocak	bootstrap	786.0
	0.3492239036520641	Kocak	bootstrap	787.0
	0.21451659960931835	Kocak	bootstrap	788.0
	0.5424689181156079	Kocak	bootstrap	789.0
	0.5728556006587162	Kocak	bootstrap	790.0
	0.25326118150385657	Kocak	bootstrap	791.0
	0.2710206272487037	Kocak	bootstrap	792.0
	0.29182741312178706	Kocak	bootstrap	793.0
	0.1933439855998791	Kocak	bootstrap	794.0
	0.3941094473418634	Kocak	bootstrap	795.0
	0.2505267349312077	Kocak	bootstrap	796.0
	0.1523189282800237	Kocak	bootstrap	797.0
	0.21622095080497417	Kocak	bootstrap	798.0
	0.0796415359554472	Kocak	bootstrap	799.0
	0.34829069628487463	Kocak	bootstrap	800.0
	0.4963545634113804	Kocak	bootstrap	801.0
	0.31998639836252885	Kocak	bootstrap	802.0
	0.4919823034914548	Kocak	bootstrap	803.0
	0.4546465654436096	Kocak	bootstrap	804.0
	0.26701069618010065	Kocak	bootstrap	805.0
	0.35306209912685516	Kocak	bootstrap	806.0
	0.24810164670729895	Kocak	bootstrap	807.0
	0.3221205723395917	Kocak	bootstrap	808.0
	0.26789822911431704	Kocak	bootstrap	809.0
	0.2016315085574396	Kocak	bootstrap	810.0
	0.40284055618691905	Kocak	bootstrap	811.0
	0.3268131037821451	Kocak	bootstrap	812.0
	0.2771375460478378	Kocak	bootstrap	813.0
	0.35552861939623437	Kocak	bootstrap	814.0
	0.25775943406142865	Kocak	bootstrap	815.0
	0.1693902785189647	Kocak	bootstrap	816.0
	0.4007688193471184	Kocak	bootstrap	817.0
	0.3073078026164793	Kocak	bootstrap	818.0
	0.2587274889552109	Kocak	bootstrap	819.0
	0.22774469587607982	Kocak	bootstrap	820.0
	0.45129743605580686	Kocak	bootstrap	821.0
	0.3667819502083942	Kocak	bootstrap	822.0
	0.32302744270368633	Kocak	bootstrap	823.0
	0.21099651550043186	Kocak	bootstrap	824.0
	0.24024481912682294	Kocak	bootstrap	825.0
	0.2712670053430011	Kocak	bootstrap	826.0
	0.43241632173365385	Kocak	bootstrap	827.0
	0.22962671901646958	Kocak	bootstrap	828.0
	0.37693279310146943	Kocak	bootstrap	829.0
	0.23935288051999626	Kocak	bootstrap	830.0
	0.4567520558033933	Kocak	bootstrap	831.0
	0.1576545598825927	Kocak	bootstrap	832.0
	0.34441830737079115	Kocak	bootstrap	833.0
	0.318534230521089	Kocak	bootstrap	834.0
	0.5972236176052386	Kocak	bootstrap	835.0
	0.22603870918558666	Kocak	bootstrap	836.0
	0.2117237564271388	Kocak	bootstrap	837.0
	0.32141688335101204	Kocak	bootstrap	838.0
	0.2769401159691882	Kocak	bootstrap	839.0
	0.3761579115624989	Kocak	bootstrap	840.0
	0.3659384941765964	Kocak	bootstrap	841.0
	0.2393816416532326	Kocak	bootstrap	842.0
	0.36745418967765	Kocak	bootstrap	843.0
	0.19125444363269262	Kocak	bootstrap	844.0
	0.25859298287883803	Kocak	bootstrap	845.0
	0.2638023829691605	Kocak	bootstrap	846.0
	0.2794594426594674	Kocak	bootstrap	847.0
	0.177683169470928	Kocak	bootstrap	848.0
	0.3208940747071236	Kocak	bootstrap	849.0
	0.35081009003984454	Kocak	bootstrap	850.0
	0.24428070235953436	Kocak	bootstrap	851.0
	0.29301422953886114	Kocak	bootstrap	852.0
	0.5475844605452846	Kocak	bootstrap	853.0
	0.14359757085887725	Kocak	bootstrap	854.0
	0.03984106921148722	Kocak	bootstrap	855.0
	0.3926856382831745	Kocak	bootstrap	856.0
	0.2922477591834971	Kocak	bootstrap	857.0
	0.39982983846396314	Kocak	bootstrap	858.0
	0.39288549653423255	Kocak	bootstrap	859.0
	0.41790130791426794	Kocak	bootstrap	860.0
	0.5610990301021044	Kocak	bootstrap	861.0
	0.4100004446311787	Kocak	bootstrap	862.0
	0.04551771773821445	Kocak	bootstrap	863.0
	0.09242693776654232	Kocak	bootstrap	864.0
	0.48674144549885767	Kocak	bootstrap	865.0
	0.25401502358983397	Kocak	bootstrap	866.0
	0.4614803734874675	Kocak	bootstrap	867.0
	0.45324927846649965	Kocak	bootstrap	868.0
	0.2026441894823927	Kocak	bootstrap	869.0
	0.31831632128225484	Kocak	bootstrap	870.0
	0.305873115831508	Kocak	bootstrap	871.0
	0.3198865196340459	Kocak	bootstrap	872.0
	0.36690088535766696	Kocak	bootstrap	873.0
	0.45809137296942426	Kocak	bootstrap	874.0
	0.5217848133999343	Kocak	bootstrap	875.0
	0.3739080370720811	Kocak	bootstrap	876.0
	0.4165151528597755	Kocak	bootstrap	877.0
	0.3109773844912005	Kocak	bootstrap	878.0
	0.20860715591547851	Kocak	bootstrap	879.0
	0.08667939428691529	Kocak	bootstrap	880.0
	0.27745708433992444	Kocak	bootstrap	881.0
	0.48644936028352603	Kocak	bootstrap	882.0
	0.2641491933379898	Kocak	bootstrap	883.0
	0.36076090802914607	Kocak	bootstrap	884.0
	0.3825961086610503	Kocak	bootstrap	885.0
	0.23926188059687048	Kocak	bootstrap	886.0
	0.3705000337163842	Kocak	bootstrap	887.0
	0.3342858847600363	Kocak	bootstrap	888.0
	0.31492474114582336	Kocak	bootstrap	889.0
	0.1092200553758409	Kocak	bootstrap	890.0
	0.14482814267004196	Kocak	bootstrap	891.0
	0.23411361762966987	Kocak	bootstrap	892.0
	0.28906141935579965	Kocak	bootstrap	893.0
	0.06913637463986522	Kocak	bootstrap	894.0
	0.5035699190057152	Kocak	bootstrap	895.0
	0.29642467091337954	Kocak	bootstrap	896.0
	0.2712238101872604	Kocak	bootstrap	897.0
	0.37951361823755336	Kocak	bootstrap	898.0
	0.1982187452861086	Kocak	bootstrap	899.0
	0.15092585354334664	Kocak	bootstrap	900.0
	0.1829592883145037	Kocak	bootstrap	901.0
	0.29958876471485096	Kocak	bootstrap	902.0
	0.44134143795740144	Kocak	bootstrap	903.0
	0.23346090947934162	Kocak	bootstrap	904.0
	0.22899149783713835	Kocak	bootstrap	905.0
	0.33356890116321614	Kocak	bootstrap	906.0
	0.4847473488375109	Kocak	bootstrap	907.0
	0.4485476259123873	Kocak	bootstrap	908.0
	0.2916091091343369	Kocak	bootstrap	909.0
	0.13270058186410383	Kocak	bootstrap	910.0
	0.27809452926090383	Kocak	bootstrap	911.0
	0.3507706232947334	Kocak	bootstrap	912.0
	0.323841935001004	Kocak	bootstrap	913.0
	0.28895132590520634	Kocak	bootstrap	914.0
	0.49838214268957826	Kocak	bootstrap	915.0
	0.3591746498151913	Kocak	bootstrap	916.0
	0.15528717012736903	Kocak	bootstrap	917.0
	0.2328426600089375	Kocak	bootstrap	918.0
	0.30453746672289084	Kocak	bootstrap	919.0
	0.33982200438172727	Kocak	bootstrap	920.0
	0.2397797356464908	Kocak	bootstrap	921.0
	0.46932606293175416	Kocak	bootstrap	922.0
	0.4905679835533512	Kocak	bootstrap	923.0
	0.2435636642537724	Kocak	bootstrap	924.0
	0.27978370284888987	Kocak	bootstrap	925.0
	0.23067930146380178	Kocak	bootstrap	926.0
	0.33075854276622785	Kocak	bootstrap	927.0
	0.22243206928840342	Kocak	bootstrap	928.0
	0.25348288018230614	Kocak	bootstrap	929.0
	0.16030440932337875	Kocak	bootstrap	930.0
	0.14491066734522562	Kocak	bootstrap	931.0
	0.2359774285259717	Kocak	bootstrap	932.0
	0.4294118670031408	Kocak	bootstrap	933.0
	0.17719838144046962	Kocak	bootstrap	934.0
	0.23383170963952926	Kocak	bootstrap	935.0
	0.3200603597738789	Kocak	bootstrap	936.0
	0.19819942322352713	Kocak	bootstrap	937.0
	0.3567208361536385	Kocak	bootstrap	938.0
	0.44088273234657205	Kocak	bootstrap	939.0
	0.4988275364690806	Kocak	bootstrap	940.0
	0.25410066134951537	Kocak	bootstrap	941.0
	0.40994462965586687	Kocak	bootstrap	942.0
	0.21061800307118528	Kocak	bootstrap	943.0
	0.588233548620309	Kocak	bootstrap	944.0
	0.26821350880409645	Kocak	bootstrap	945.0
	0.5007590450618213	Kocak	bootstrap	946.0
	0.48774237844637236	Kocak	bootstrap	947.0
	0.13555717531157185	Kocak	bootstrap	948.0
	0.4092072299007521	Kocak	bootstrap	949.0
	0.22763685608691508	Kocak	bootstrap	950.0
	0.26048458552249754	Kocak	bootstrap	951.0
	0.366341238352605	Kocak	bootstrap	952.0
	0.7394142879927088	Kocak	bootstrap	953.0
	0.2316880035355573	Kocak	bootstrap	954.0
	0.4398667912708887	Kocak	bootstrap	955.0
	0.5272886228466782	Kocak	bootstrap	956.0
	0.383777289431114	Kocak	bootstrap	957.0
	0.24687567117651277	Kocak	bootstrap	958.0
	0.2643376267119413	Kocak	bootstrap	959.0
	0.2704926986512346	Kocak	bootstrap	960.0
	0.3312448173712168	Kocak	bootstrap	961.0
	0.3491594517159058	Kocak	bootstrap	962.0
	0.5920915888093674	Kocak	bootstrap	963.0
	0.29544037265469836	Kocak	bootstrap	964.0
	0.366446888687578	Kocak	bootstrap	965.0
	0.45089402819029045	Kocak	bootstrap	966.0
	0.4433172536191061	Kocak	bootstrap	967.0
	0.3402692137485537	Kocak	bootstrap	968.0
	0.5786198211709759	Kocak	bootstrap	969.0
	0.2800187885910752	Kocak	bootstrap	970.0
	0.2630533090543894	Kocak	bootstrap	971.0
	0.25410738960431134	Kocak	bootstrap	972.0
	0.11497908226370246	Kocak	bootstrap	973.0
	0.19892230834793878	Kocak	bootstrap	974.0
	0.3476453399049251	Kocak	bootstrap	975.0
	0.36895489574154405	Kocak	bootstrap	976.0
	0.19971923565886485	Kocak	bootstrap	977.0
	0.38260449391364126	Kocak	bootstrap	978.0
	0.5214989054410668	Kocak	bootstrap	979.0
	0.4614836067600523	Kocak	bootstrap	980.0
	0.5984288676242531	Kocak	bootstrap	981.0
	0.254046958513821	Kocak	bootstrap	982.0
	0.2784183208539188	Kocak	bootstrap	983.0
	0.3065685391102093	Kocak	bootstrap	984.0
	0.4728702806013132	Kocak	bootstrap	985.0
	0.42265516572003037	Kocak	bootstrap	986.0
	0.302014002359551	Kocak	bootstrap	987.0
	0.48755950247492175	Kocak	bootstrap	988.0
	0.5014843388832837	Kocak	bootstrap	989.0
	0.418745330455518	Kocak	bootstrap	990.0
	0.20162551871885048	Kocak	bootstrap	991.0
	0.31882776950093206	Kocak	bootstrap	992.0
	0.2784249846268274	Kocak	bootstrap	993.0
	0.31633043598540134	Kocak	bootstrap	994.0
	0.2922631357813983	Kocak	bootstrap	995.0
	0.3849329559710615	Kocak	bootstrap	996.0
	0.2957419226151581	Kocak	bootstrap	997.0
	0.3753336594857908	Kocak	bootstrap	998.0
	0.3235301769713921	Kocak	bootstrap	999.0
	0.16135316171134306	Kocak	bootstrap	1000.0
	0.2759216188990097	Kocak	bootstrap	1001.0
	0.4053766485193919	Kocak	bootstrap	1002.0
	0.3757835514758572	Kocak	bootstrap	1003.0
	0.3254602666763504	Kocak	bootstrap	1004.0
	0.28633430521952574	Kocak	bootstrap	1005.0
	0.5320062835643902	Kocak	bootstrap	1006.0
	0.41718744961999166	Kocak	bootstrap	1007.0
	0.1556534230085611	Kocak	bootstrap	1008.0
	0.1636135958595819	Kocak	bootstrap	1009.0
	0.37471299576890704	Kocak	bootstrap	1010.0
	0.26931496969499813	Kocak	bootstrap	1011.0
	0.3139616535394807	Kocak	bootstrap	1012.0
	0.33328302569879753	Kocak	bootstrap	1013.0
	0.2779552323110339	Kocak	bootstrap	1014.0
	0.3945579593955162	Kocak	bootstrap	1015.0
	0.47743210346850207	Kocak	bootstrap	1016.0
	0.29961631207835815	Kocak	bootstrap	1017.0
	0.40703513998059027	Kocak	bootstrap	1018.0
	0.37959994135851804	Kocak	bootstrap	1019.0
	0.37150461479763974	Kocak	bootstrap	1020.0
	0.33153603997074566	Kocak	bootstrap	1021.0
	0.2826503710457531	Kocak	bootstrap	1022.0
	0.26290323963523754	Kocak	bootstrap	1023.0
	0.29959363115202686	Kocak	bootstrap	1024.0
	0.2099843180547576	Kocak	bootstrap	1025.0
	0.37734520181788866	Kocak	bootstrap	1026.0
	0.3259377469648741	Kocak	bootstrap	1027.0
	0.5071947395083556	Kocak	bootstrap	1028.0
	0.21731035056335557	Kocak	bootstrap	1029.0
	0.28057936175901066	Kocak	bootstrap	1030.0
	0.30566608791484073	Kocak	bootstrap	1031.0
	0.36637967177556563	Kocak	bootstrap	1032.0
	0.5759285178568594	Kocak	bootstrap	1033.0
	0.37135182002881795	Kocak	bootstrap	1034.0
	0.28366044059522677	Kocak	bootstrap	1035.0
	0.41099397066012067	Kocak	bootstrap	1036.0
	0.16422867417290865	Kocak	bootstrap	1037.0
	0.5597363463704941	Kocak	bootstrap	1038.0
	0.3884058122024263	Kocak	bootstrap	1039.0
	0.30177494219919954	Kocak	bootstrap	1040.0
	0.34335654701550444	Kocak	bootstrap	1041.0
	0.12409515805633786	Kocak	bootstrap	1042.0
	0.25525354672766953	Kocak	bootstrap	1043.0
	0.4210282827936873	Kocak	bootstrap	1044.0
	0.41252997689956583	Kocak	bootstrap	1045.0
	0.04293519685467384	Kocak	bootstrap	1046.0
	0.17417357726955185	Kocak	bootstrap	1047.0
	0.52313709712727	Kocak	bootstrap	1048.0
	0.41166288250369165	Kocak	bootstrap	1049.0
	0.0718897840712791	Kocak	bootstrap	1050.0
	0.36894982389752684	Kocak	bootstrap	1051.0
	0.310756896553289	Kocak	bootstrap	1052.0
	0.3302476417318334	Kocak	bootstrap	1053.0
	0.3268629023126084	Kocak	bootstrap	1054.0
	0.2327229733802696	Kocak	bootstrap	1055.0
	0.3555829174203877	Kocak	bootstrap	1056.0
	0.1689826825780285	Kocak	bootstrap	1057.0
	0.2286709228003958	Kocak	bootstrap	1058.0
	0.402901746843046	Kocak	bootstrap	1059.0
	0.22507342188036406	Kocak	bootstrap	1060.0
	0.3806438059175159	Kocak	bootstrap	1061.0
	0.3396738196414337	Kocak	bootstrap	1062.0
	0.3232228718323231	Kocak	bootstrap	1063.0
	0.5157004518435087	Kocak	bootstrap	1064.0
	0.5485196123431066	Kocak	bootstrap	1065.0
	0.5146739298327487	Kocak	bootstrap	1066.0
	0.42664181120556854	Kocak	bootstrap	1067.0
	0.2541785063179849	Kocak	bootstrap	1068.0
	0.2481063063101887	Kocak	bootstrap	1069.0
	0.0966621886885366	Kocak	bootstrap	1070.0
	0.39267224858873506	Kocak	bootstrap	1071.0
	0.11060672078270439	Kocak	bootstrap	1072.0
	0.4348107137739827	Kocak	bootstrap	1073.0
	0.1904437888597763	Kocak	bootstrap	1074.0
	0.3019435285502028	Kocak	bootstrap	1075.0
	0.1635889257207963	Kocak	bootstrap	1076.0
	0.2758336557863337	Kocak	bootstrap	1077.0
	0.5219199828408048	Kocak	bootstrap	1078.0
	0.3205830395430658	Kocak	bootstrap	1079.0
	0.23928685888944834	Kocak	bootstrap	1080.0
	0.6195698517551178	Kocak	bootstrap	1081.0
	0.35473364662755724	Kocak	bootstrap	1082.0
	0.12264362090043246	Kocak	bootstrap	1083.0
	0.2667321084880778	Kocak	bootstrap	1084.0
	0.46433988111066915	Kocak	bootstrap	1085.0
	0.334677828770817	Kocak	bootstrap	1086.0
	0.3445378994002595	Kocak	bootstrap	1087.0
	0.38148031013087635	Kocak	bootstrap	1088.0
	0.40885544463289136	Kocak	bootstrap	1089.0
	0.36847799218786603	Kocak	bootstrap	1090.0
	0.09408469337706693	Kocak	bootstrap	1091.0
	0.19903297268992004	Kocak	bootstrap	1092.0
	0.24575477249245337	Kocak	bootstrap	1093.0
	0.3726292581835331	Kocak	bootstrap	1094.0
	0.14841228266392603	Kocak	bootstrap	1095.0
	0.49879970742526636	Kocak	bootstrap	1096.0
	0.12013924295678624	Kocak	bootstrap	1097.0
	0.4119554744287055	Kocak	bootstrap	1098.0
	0.3777669333911886	Kocak	bootstrap	1099.0
	0.3445372813915317	Kocak	bootstrap	1100.0
	0.2408562804645542	Kocak	bootstrap	1101.0
	0.39821192246145865	Kocak	bootstrap	1102.0
	0.41016115167610856	Kocak	bootstrap	1103.0
	0.34793743294851476	Kocak	bootstrap	1104.0
	0.20322056795266707	Kocak	bootstrap	1105.0
	0.3640946773272944	Kocak	bootstrap	1106.0
	0.22730660253078794	Kocak	bootstrap	1107.0
	0.25587372637796957	Kocak	bootstrap	1108.0
	0.1585890409397419	Kocak	bootstrap	1109.0
	0.2905606729019232	Kocak	bootstrap	1110.0
	0.1465189105048288	Kocak	bootstrap	1111.0
	0.294697405345842	Kocak	bootstrap	1112.0
	0.3790295799656165	Kocak	bootstrap	1113.0
	0.5145204318066727	Kocak	bootstrap	1114.0
	0.3998923784927193	Kocak	bootstrap	1115.0
	0.2328716548466243	Kocak	bootstrap	1116.0
	0.40880786354220167	Kocak	bootstrap	1117.0
	0.2907556201156467	Kocak	bootstrap	1118.0
	0.33180734672736634	Kocak	bootstrap	1119.0
	0.17967407583791362	Kocak	bootstrap	1120.0
	0.32530321686693586	Kocak	bootstrap	1121.0
	0.2586006316739442	Kocak	bootstrap	1122.0
	0.3672701642525098	Kocak	bootstrap	1123.0
	0.1832966777323075	Kocak	bootstrap	1124.0
	0.3171888021818674	Kocak	bootstrap	1125.0
	0.5067277406062245	Kocak	bootstrap	1126.0
	0.01730336273882971	Kocak	bootstrap	1127.0
	0.012799095335471744	Kocak	bootstrap	1128.0
	0.14132911978310947	Kocak	bootstrap	1129.0
	0.275049521774009	Kocak	bootstrap	1130.0
	0.160380862799836	Kocak	bootstrap	1131.0
	0.3367267202940081	Kocak	bootstrap	1132.0
	0.35678841323529165	Kocak	bootstrap	1133.0
	0.3294764381613451	Kocak	bootstrap	1134.0
	0.40472394762032327	Kocak	bootstrap	1135.0
	0.4096949601946469	Kocak	bootstrap	1136.0
	0.4661741625001241	Kocak	bootstrap	1137.0
	0.278276121345721	Kocak	bootstrap	1138.0
	0.39527430423346077	Kocak	bootstrap	1139.0
	0.37264232209345716	Kocak	bootstrap	1140.0
	0.21613024949101112	Kocak	bootstrap	1141.0
	0.3851781936870755	Kocak	bootstrap	1142.0
	0.4451169433129154	Kocak	bootstrap	1143.0
	0.4597813798930277	Kocak	bootstrap	1144.0
	0.13660106082887058	Kocak	bootstrap	1145.0
	0.33925326267133515	Kocak	bootstrap	1146.0
	0.27651124091618584	Kocak	bootstrap	1147.0
	0.30574360264964984	Kocak	bootstrap	1148.0
	0.26697709799313385	Kocak	bootstrap	1149.0
	0.4336988626703038	Kocak	bootstrap	1150.0
	0.32133856499839775	Kocak	bootstrap	1151.0
	0.5617884701095499	Kocak	bootstrap	1152.0
	0.39087944520573537	Kocak	bootstrap	1153.0
	0.608931772972531	Kocak	bootstrap	1154.0
	0.30956788433882965	Kocak	bootstrap	1155.0
	0.455265315849692	Kocak	bootstrap	1156.0
	0.35206024206562825	Kocak	bootstrap	1157.0
	0.2499951152399067	Kocak	bootstrap	1158.0
	0.3951465358598787	Kocak	bootstrap	1159.0
	0.188396451487312	Kocak	bootstrap	1160.0
	0.16620592951142843	Kocak	bootstrap	1161.0
	0.17187774325429084	Kocak	bootstrap	1162.0
	0.3198015847620237	Kocak	bootstrap	1163.0
	0.28150712051194127	Kocak	bootstrap	1164.0
	0.1501522758170486	Kocak	bootstrap	1165.0
	0.5478541513751547	Kocak	bootstrap	1166.0
	0.1806167652818167	Kocak	bootstrap	1167.0
	0.5562836376548752	Kocak	bootstrap	1168.0
	0.4544918100137538	Kocak	bootstrap	1169.0
	0.2224254537025283	Kocak	bootstrap	1170.0
	0.37059263527930186	Kocak	bootstrap	1171.0
	0.5249526995557559	Kocak	bootstrap	1172.0
	0.5317634107071307	Kocak	bootstrap	1173.0
	0.3967761682042843	Kocak	bootstrap	1174.0
	0.4611371544544216	Kocak	bootstrap	1175.0
	0.3371134972553227	Kocak	bootstrap	1176.0
	0.2919977783461718	Kocak	bootstrap	1177.0
	0.010853234293212388	Kocak	bootstrap	1178.0
	0.2689984331932602	Kocak	bootstrap	1179.0
	0.31171877014485583	Kocak	bootstrap	1180.0
	0.35116054512109285	Kocak	bootstrap	1181.0
	0.4565367737325712	Kocak	bootstrap	1182.0
	0.3739598454247628	Kocak	bootstrap	1183.0
	0.19463389102945428	Kocak	bootstrap	1184.0
	0.4426104577059293	Kocak	bootstrap	1185.0
	0.45265523025584686	Kocak	bootstrap	1186.0
	0.0950120032276267	Kocak	bootstrap	1187.0
	0.2518700549864086	Kocak	bootstrap	1188.0
	0.10396442830912234	Kocak	bootstrap	1189.0
	0.343341986777721	Kocak	bootstrap	1190.0
	0.4798038487467404	Kocak	bootstrap	1191.0
	0.14990439368470332	Kocak	bootstrap	1192.0
	0.27099736766225746	Kocak	bootstrap	1193.0
	0.627506670210765	Kocak	bootstrap	1194.0
	0.30646771347475	Kocak	bootstrap	1195.0
	0.25900036080832445	Kocak	bootstrap	1196.0
	0.2582744667241892	Kocak	bootstrap	1197.0
	0.20548957284851666	Kocak	bootstrap	1198.0
	0.3521100675172737	Kocak	bootstrap	1199.0
	0.48943298724231976	Kocak	bootstrap	1200.0
	0.31977857959113587	Kocak	bootstrap	1201.0
	0.2850198906917263	Kocak	bootstrap	1202.0
	0.4339919109624617	Kocak	bootstrap	1203.0
	0.27207472553768186	Kocak	bootstrap	1204.0
	0.2607948949057839	Kocak	bootstrap	1205.0
	0.300482371523751	Kocak	bootstrap	1206.0
	0.45351480942957156	Kocak	bootstrap	1207.0
	0.37015587882738776	Kocak	bootstrap	1208.0
	0.17638901168861532	Kocak	bootstrap	1209.0
	0.2985752416983809	Kocak	bootstrap	1210.0
	0.24542855122098262	Kocak	bootstrap	1211.0
	0.5091573812206223	Kocak	bootstrap	1212.0
	0.2815526313876675	Kocak	bootstrap	1213.0
	0.5438977039536499	Kocak	bootstrap	1214.0
	0.21833413624378162	Kocak	bootstrap	1215.0
	0.6009954322641744	Kocak	bootstrap	1216.0
	0.4362985395767023	Kocak	bootstrap	1217.0
	0.12062804768510871	Kocak	bootstrap	1218.0
	0.44960987247826534	Kocak	bootstrap	1219.0
	0.2803653056903115	Kocak	bootstrap	1220.0
	0.21291731008057502	Kocak	bootstrap	1221.0
	0.0707317729382555	Kocak	bootstrap	1222.0
	0.5910667136583543	Kocak	bootstrap	1223.0
	0.2715741606422939	Kocak	bootstrap	1224.0
	0.4379700330434626	Kocak	bootstrap	1225.0
	0.12438519894069522	Kocak	bootstrap	1226.0
	0.4027002632924872	Kocak	bootstrap	1227.0
	0.3084149376477603	Kocak	bootstrap	1228.0
	0.3510451694532617	Kocak	bootstrap	1229.0
	0.022229246972017336	Kocak	bootstrap	1230.0
	0.43786984482163716	Kocak	bootstrap	1231.0
	0.24905876374873293	Kocak	bootstrap	1232.0
	0.5361334685973911	Kocak	bootstrap	1233.0
	0.5150981328137845	Kocak	bootstrap	1234.0
	0.4138664858062313	Kocak	bootstrap	1235.0
	0.2133150711844194	Kocak	bootstrap	1236.0
	0.24229479023811784	Kocak	bootstrap	1237.0
	0.4100436421116562	Kocak	bootstrap	1238.0
	0.2523077990683862	Kocak	bootstrap	1239.0
	0.21559359647141463	Kocak	bootstrap	1240.0
	0.5002901056265414	Kocak	bootstrap	1241.0
	0.31521376921653177	Kocak	bootstrap	1242.0
	0.29269197272421277	Kocak	bootstrap	1243.0
	0.22589632135596238	Kocak	bootstrap	1244.0
	0.28989661002190514	Kocak	bootstrap	1245.0
	0.31902669496988034	Kocak	bootstrap	1246.0
	0.3658233678821947	Kocak	bootstrap	1247.0
	0.1667742974676365	Kocak	bootstrap	1248.0
	0.17539252411285267	Kocak	bootstrap	1249.0
	0.21313436440715616	Kocak	bootstrap	1250.0
	0.4721739101691931	Kocak	bootstrap	1251.0
	0.3526421506655857	Kocak	bootstrap	1252.0
	0.3327560652059396	Kocak	bootstrap	1253.0
	0.4326484314984027	Kocak	bootstrap	1254.0
	0.27131513342143787	Kocak	bootstrap	1255.0
	0.37867537650115457	Kocak	bootstrap	1256.0
	0.21434977630261587	Kocak	bootstrap	1257.0
	0.31716094972863207	Kocak	bootstrap	1258.0
	0.20828934309022662	Kocak	bootstrap	1259.0
	0.34651657402455527	Kocak	bootstrap	1260.0
	0.38548029319866783	Kocak	bootstrap	1261.0
	0.2866399621153466	Kocak	bootstrap	1262.0
	0.35730651332717267	Kocak	bootstrap	1263.0
	0.04285796616925586	Kocak	bootstrap	1264.0
	0.5649523593177634	Kocak	bootstrap	1265.0
	0.32032555493083725	Kocak	bootstrap	1266.0
	0.0729192537033021	Kocak	bootstrap	1267.0
	0.5649148159346491	Kocak	bootstrap	1268.0
	0.4751287421445385	Kocak	bootstrap	1269.0
	0.4095702044855587	Kocak	bootstrap	1270.0
	0.22326579237678912	Kocak	bootstrap	1271.0
	0.20733342299314605	Kocak	bootstrap	1272.0
	0.33360013338144645	Kocak	bootstrap	1273.0
	0.494766229374072	Kocak	bootstrap	1274.0
	0.4863454458420504	Kocak	bootstrap	1275.0
	0.4214858574470206	Kocak	bootstrap	1276.0
	0.26107842226174904	Kocak	bootstrap	1277.0
	0.40383734082026423	Kocak	bootstrap	1278.0
	0.44532867006528987	Kocak	bootstrap	1279.0
	0.4347356974572665	Kocak	bootstrap	1280.0
	0.39427017636163164	Kocak	bootstrap	1281.0
	0.26126146958036633	Kocak	bootstrap	1282.0
	0.25270960342145754	Kocak	bootstrap	1283.0
	0.35191978312293815	Kocak	bootstrap	1284.0
	0.040368407271992535	Kocak	bootstrap	1285.0
	0.38238512469960906	Kocak	bootstrap	1286.0
	0.3069152775037849	Kocak	bootstrap	1287.0
	0.25980656963053717	Kocak	bootstrap	1288.0
	0.33854050024351734	Kocak	bootstrap	1289.0
	0.5966709473041965	Kocak	bootstrap	1290.0
	0.4998892304454259	Kocak	bootstrap	1291.0
	0.32780640736829625	Kocak	bootstrap	1292.0
	0.11376734981694003	Kocak	bootstrap	1293.0
	0.41097764694683203	Kocak	bootstrap	1294.0
	0.3791753091862331	Kocak	bootstrap	1295.0
	0.37680256213008345	Kocak	bootstrap	1296.0
	0.09458341209907539	Kocak	bootstrap	1297.0
	0.4070254043599859	Kocak	bootstrap	1298.0
	0.2849517216168409	Kocak	bootstrap	1299.0
	0.329967781669529	Kocak	bootstrap	1300.0
	0.009899877849083971	Kocak	bootstrap	1301.0
	0.42891109959103346	Kocak	bootstrap	1302.0
	0.3407461833919161	Kocak	bootstrap	1303.0
	0.2932614994866589	Kocak	bootstrap	1304.0
	0.3568816966569779	Kocak	bootstrap	1305.0
	0.14651505614509253	Kocak	bootstrap	1306.0
	0.36062966515167716	Kocak	bootstrap	1307.0
	0.4133046443338966	Kocak	bootstrap	1308.0
	0.4411765851672178	Kocak	bootstrap	1309.0
	0.42753143121736104	Kocak	bootstrap	1310.0
	0.36214726956534493	Kocak	bootstrap	1311.0
	0.1913031890397976	Kocak	bootstrap	1312.0
	0.3586409015534504	Kocak	bootstrap	1313.0
	0.35843705577382856	Kocak	bootstrap	1314.0
	0.3427685463153445	Kocak	bootstrap	1315.0
	0.4998220431007443	Kocak	bootstrap	1316.0
	0.4286151420273745	Kocak	bootstrap	1317.0
	0.4560120058917523	Kocak	bootstrap	1318.0
	0.1262669557914089	Kocak	bootstrap	1319.0
	0.3978110292098975	Kocak	bootstrap	1320.0
	0.4324102090199813	Kocak	bootstrap	1321.0
	0.26796700375786564	Kocak	bootstrap	1322.0
	0.44502317450430606	Kocak	bootstrap	1323.0
	0.4168740672988531	Kocak	bootstrap	1324.0
	0.25443600887054885	Kocak	bootstrap	1325.0
	0.19687864694449297	Kocak	bootstrap	1326.0
	-0.012177961771643098	Kocak	bootstrap	1327.0
	0.31847416240460813	Kocak	bootstrap	1328.0
	0.29406759503718005	Kocak	bootstrap	1329.0
	0.5283024131015788	Kocak	bootstrap	1330.0
	0.5775044441855779	Kocak	bootstrap	1331.0
	0.2586971164489573	Kocak	bootstrap	1332.0
	0.23268300719064738	Kocak	bootstrap	1333.0
	0.26854106005521805	Kocak	bootstrap	1334.0
	0.23229552624453031	Kocak	bootstrap	1335.0
	0.3723216857274019	Kocak	bootstrap	1336.0
	0.25986142144853863	Kocak	bootstrap	1337.0
	0.31972077915939545	Kocak	bootstrap	1338.0
	0.3212253543094019	Kocak	bootstrap	1339.0
	0.5239486103468316	Kocak	bootstrap	1340.0
	0.08068926410883437	Kocak	bootstrap	1341.0
	0.24842789225429485	Kocak	bootstrap	1342.0
	0.17252201328876504	Kocak	bootstrap	1343.0
	0.29662214168108214	Kocak	bootstrap	1344.0
	0.15573466315832762	Kocak	bootstrap	1345.0
	0.2817057533874632	Kocak	bootstrap	1346.0
	0.2796921602216593	Kocak	bootstrap	1347.0
	0.14457611291544747	Kocak	bootstrap	1348.0
	0.27130526526839915	Kocak	bootstrap	1349.0
	0.41622581980703455	Kocak	bootstrap	1350.0
	0.36209116493717985	Kocak	bootstrap	1351.0
	0.48002702734262126	Kocak	bootstrap	1352.0
	0.40706990011241606	Kocak	bootstrap	1353.0
	0.1200747884582607	Kocak	bootstrap	1354.0
	0.23082074612868642	Kocak	bootstrap	1355.0
	0.2612686015274015	Kocak	bootstrap	1356.0
	0.39931820995953426	Kocak	bootstrap	1357.0
	0.19334047151402078	Kocak	bootstrap	1358.0
	0.2743505508110693	Kocak	bootstrap	1359.0
	0.2851222178726971	Kocak	bootstrap	1360.0
	0.35153570922558197	Kocak	bootstrap	1361.0
	0.21842551055734916	Kocak	bootstrap	1362.0
	0.24163994300189406	Kocak	bootstrap	1363.0
	0.2976593451803944	Kocak	bootstrap	1364.0
	0.4628171734837063	Kocak	bootstrap	1365.0
	0.5497973483852778	Kocak	bootstrap	1366.0
	0.3006778728661894	Kocak	bootstrap	1367.0
	0.15830693008676144	Kocak	bootstrap	1368.0
	0.22123156105719044	Kocak	bootstrap	1369.0
	0.14403575202175256	Kocak	bootstrap	1370.0
	0.3070590240918438	Kocak	bootstrap	1371.0
	0.0427296990060162	Kocak	bootstrap	1372.0
	0.19412880067482963	Kocak	bootstrap	1373.0
	0.3832672650858706	Kocak	bootstrap	1374.0
	0.338067898245733	Kocak	bootstrap	1375.0
	0.5160595197904096	Kocak	bootstrap	1376.0
	0.41943164233803865	Kocak	bootstrap	1377.0
	0.48473138189232934	Kocak	bootstrap	1378.0
	0.3950543825455881	Kocak	bootstrap	1379.0
	0.2727868951636574	Kocak	bootstrap	1380.0
	0.45493279504888173	Kocak	bootstrap	1381.0
	0.130770612806006	Kocak	bootstrap	1382.0
	0.16773848035848804	Kocak	bootstrap	1383.0
	0.2657421217767353	Kocak	bootstrap	1384.0
	0.41499217178713765	Kocak	bootstrap	1385.0
	0.33223939287079807	Kocak	bootstrap	1386.0
	0.47423456161594446	Kocak	bootstrap	1387.0
	0.33181703851806876	Kocak	bootstrap	1388.0
	0.37578882868524355	Kocak	bootstrap	1389.0
	0.3225401806039607	Kocak	bootstrap	1390.0
	0.24016547782546205	Kocak	bootstrap	1391.0
	0.3465604015038992	Kocak	bootstrap	1392.0
	0.2670744880564011	Kocak	bootstrap	1393.0
	0.442485398606153	Kocak	bootstrap	1394.0
	0.39806559021676113	Kocak	bootstrap	1395.0
	0.3668632617677141	Kocak	bootstrap	1396.0
	0.33732833433186915	Kocak	bootstrap	1397.0
	0.2005922314885451	Kocak	bootstrap	1398.0
	0.4536088039236392	Kocak	bootstrap	1399.0
	0.21371395940615567	Kocak	bootstrap	1400.0
	0.3980087477770611	Kocak	bootstrap	1401.0
	0.2752812788442984	Kocak	bootstrap	1402.0
	0.15336727329262256	Kocak	bootstrap	1403.0
	0.4904410671309307	Kocak	bootstrap	1404.0
	0.31360736223629715	Kocak	bootstrap	1405.0
	0.29661497622036403	Kocak	bootstrap	1406.0
	0.4252966329415169	Kocak	bootstrap	1407.0
	0.3082317839399158	Kocak	bootstrap	1408.0
	0.20709457923058583	Kocak	bootstrap	1409.0
	-0.0020350647550384515	Kocak	bootstrap	1410.0
	0.24468667505414965	Kocak	bootstrap	1411.0
	0.40989444491768623	Kocak	bootstrap	1412.0
	0.3491298787177244	Kocak	bootstrap	1413.0
	0.35753201097818677	Kocak	bootstrap	1414.0
	0.5131658540168615	Kocak	bootstrap	1415.0
	0.21594285176348382	Kocak	bootstrap	1416.0
	0.23022875447935176	Kocak	bootstrap	1417.0
	0.4245509199215287	Kocak	bootstrap	1418.0
	0.39582739149586876	Kocak	bootstrap	1419.0
	0.23526838361833669	Kocak	bootstrap	1420.0
	0.20115344355575182	Kocak	bootstrap	1421.0
	0.20975616347201864	Kocak	bootstrap	1422.0
	0.5675064352978461	Kocak	bootstrap	1423.0
	0.4318958249303808	Kocak	bootstrap	1424.0
	0.21548169234101566	Kocak	bootstrap	1425.0
	0.16211937360498085	Kocak	bootstrap	1426.0
	0.20321905326045586	Kocak	bootstrap	1427.0
	0.6039906433775171	Kocak	bootstrap	1428.0
	0.4054127401888197	Kocak	bootstrap	1429.0
	0.19403693999801197	Kocak	bootstrap	1430.0
	0.24811515574230958	Kocak	bootstrap	1431.0
	0.4138756001656936	Kocak	bootstrap	1432.0
	0.3320084369202534	Kocak	bootstrap	1433.0
	0.22662440981253607	Kocak	bootstrap	1434.0
	0.3262187948912252	Kocak	bootstrap	1435.0
	0.4603460849048111	Kocak	bootstrap	1436.0
	-0.01630251009897643	Kocak	bootstrap	1437.0
	0.28378003641884453	Kocak	bootstrap	1438.0
	0.3338048927978363	Kocak	bootstrap	1439.0
	0.4254340086263615	Kocak	bootstrap	1440.0
	0.10652910349753508	Kocak	bootstrap	1441.0
	0.4180421534386687	Kocak	bootstrap	1442.0
	0.2480396267413365	Kocak	bootstrap	1443.0
	0.27468378871655785	Kocak	bootstrap	1444.0
	0.061358486631259535	Kocak	bootstrap	1445.0
	0.41028963226921533	Kocak	bootstrap	1446.0
	0.36791202497638986	Kocak	bootstrap	1447.0
	0.3382860475190923	Kocak	bootstrap	1448.0
	0.33812744650145765	Kocak	bootstrap	1449.0
	0.3657259554973482	Kocak	bootstrap	1450.0
	0.3638646862530477	Kocak	bootstrap	1451.0
	0.3672319239351203	Kocak	bootstrap	1452.0
	0.42078099447847794	Kocak	bootstrap	1453.0
	0.3331868181532016	Kocak	bootstrap	1454.0
	0.30745856181483155	Kocak	bootstrap	1455.0
	0.3586303610175068	Kocak	bootstrap	1456.0
	0.45902332875250407	Kocak	bootstrap	1457.0
	0.3276670192293336	Kocak	bootstrap	1458.0
	0.22032333481990785	Kocak	bootstrap	1459.0
	0.1116702993656351	Kocak	bootstrap	1460.0
	0.5546351385325483	Kocak	bootstrap	1461.0
	0.30278289631927136	Kocak	bootstrap	1462.0
	0.29456800017348383	Kocak	bootstrap	1463.0
	0.3611665609931545	Kocak	bootstrap	1464.0
	0.3552251996988707	Kocak	bootstrap	1465.0
	0.2712893364482869	Kocak	bootstrap	1466.0
	0.3825452223491652	Kocak	bootstrap	1467.0
	0.35186125420956404	Kocak	bootstrap	1468.0
	0.3236249836194922	Kocak	bootstrap	1469.0
	0.3642701802043642	Kocak	bootstrap	1470.0
	0.3903235077069067	Kocak	bootstrap	1471.0
	0.4970081468216172	Kocak	bootstrap	1472.0
	0.4712032232200407	Kocak	bootstrap	1473.0
	0.1549452769046158	Kocak	bootstrap	1474.0
	0.4287827719717163	Kocak	bootstrap	1475.0
	0.37509768567252344	Kocak	bootstrap	1476.0
	0.23573441625831437	Kocak	bootstrap	1477.0
	0.23580684779199812	Kocak	bootstrap	1478.0
	0.42651907295202784	Kocak	bootstrap	1479.0
	0.3386181458188031	Kocak	bootstrap	1480.0
	0.24497905373257112	Kocak	bootstrap	1481.0
	0.15217890366625886	Kocak	bootstrap	1482.0
	0.37697528886280995	Kocak	bootstrap	1483.0
	0.411561499129256	Kocak	bootstrap	1484.0
	0.16048285913642157	Kocak	bootstrap	1485.0
	0.3973541537896108	Kocak	bootstrap	1486.0
	0.09189198697283452	Kocak	bootstrap	1487.0
	0.25735007007101585	Kocak	bootstrap	1488.0
	0.4010687251786025	Kocak	bootstrap	1489.0
	0.5274115934308625	Kocak	bootstrap	1490.0
	0.4632019965614358	Kocak	bootstrap	1491.0
	0.2591119990413775	Kocak	bootstrap	1492.0
	0.4994484309220155	Kocak	bootstrap	1493.0
	0.17966518715471214	Kocak	bootstrap	1494.0
	0.19110148115436765	Kocak	bootstrap	1495.0
	0.1279565429402103	Kocak	bootstrap	1496.0
	0.3734097459704948	Kocak	bootstrap	1497.0
	0.2949135783041483	Kocak	bootstrap	1498.0
	0.027368861708591208	Kocak	bootstrap	1499.0
	0.2180635251470604	Kocak	bootstrap	1500.0
	0.25321508049438135	Kocak	bootstrap	1501.0
	0.13726296698424933	Kocak	bootstrap	1502.0
	0.4080907664850373	Kocak	bootstrap	1503.0
	0.3225571608237461	Kocak	bootstrap	1504.0
	0.1786952526340153	Kocak	bootstrap	1505.0
	0.4290906783348585	Kocak	bootstrap	1506.0
	0.2625358621940852	Kocak	bootstrap	1507.0
	0.3955786489708908	Kocak	bootstrap	1508.0
	0.30329618258779156	Kocak	bootstrap	1509.0
	0.08858742822757115	Kocak	bootstrap	1510.0
	0.34787875478076646	Kocak	bootstrap	1511.0
	0.17031823742312646	Kocak	bootstrap	1512.0
	0.34509305068150953	Kocak	bootstrap	1513.0
	0.19988842337855095	Kocak	bootstrap	1514.0
	0.46367870881605766	Kocak	bootstrap	1515.0
	0.5004546561087366	Kocak	bootstrap	1516.0
	0.3302115493863562	Kocak	bootstrap	1517.0
	0.5173225351732751	Kocak	bootstrap	1518.0
	0.1435333086856243	Kocak	bootstrap	1519.0
	0.18291410448023138	Kocak	bootstrap	1520.0
	0.42754117934008207	Kocak	bootstrap	1521.0
	0.26996753420212194	Kocak	bootstrap	1522.0
	0.11390515451974403	Kocak	bootstrap	1523.0
	0.37689922065468107	Kocak	bootstrap	1524.0
	0.21481518371055142	Kocak	bootstrap	1525.0
	0.3099739650211064	Kocak	bootstrap	1526.0
	0.36717641232463194	Kocak	bootstrap	1527.0
	0.18175992711994704	Kocak	bootstrap	1528.0
	0.511813248219886	Kocak	bootstrap	1529.0
	0.3776976310028495	Kocak	bootstrap	1530.0
	0.3494990742914834	Kocak	bootstrap	1531.0
	0.4697910210065386	Kocak	bootstrap	1532.0
	0.3339877201601418	Kocak	bootstrap	1533.0
	0.4295623950442873	Kocak	bootstrap	1534.0
	0.6874563704495373	Kocak	bootstrap	1535.0
	0.2285581362316269	Kocak	bootstrap	1536.0
	0.37600218338501135	Kocak	bootstrap	1537.0
	0.4272799151147635	Kocak	bootstrap	1538.0
	0.48515470023352725	Kocak	bootstrap	1539.0
	0.2503428787449482	Kocak	bootstrap	1540.0
	0.40827047359177593	Kocak	bootstrap	1541.0
	0.3533532209332111	Kocak	bootstrap	1542.0
	0.3780841329306339	Kocak	bootstrap	1543.0
	0.3102008446736306	Kocak	bootstrap	1544.0
	0.5509044140881829	Kocak	bootstrap	1545.0
	0.16032526612254117	Kocak	bootstrap	1546.0
	0.8165883597319983	Kocak	bootstrap	1547.0
	0.3470339142187733	Kocak	bootstrap	1548.0
	0.28957111958749415	Kocak	bootstrap	1549.0
	0.1639176250932617	Kocak	bootstrap	1550.0
	0.2525125964980788	Kocak	bootstrap	1551.0
	0.3742141181512193	Kocak	bootstrap	1552.0
	0.31922183795699777	Kocak	bootstrap	1553.0
	0.27102711733293594	Kocak	bootstrap	1554.0
	0.3664685957161362	Kocak	bootstrap	1555.0
	0.42334742721552443	Kocak	bootstrap	1556.0
	0.352833708549948	Kocak	bootstrap	1557.0
	0.19758353295334086	Kocak	bootstrap	1558.0
	0.47348484491437093	Kocak	bootstrap	1559.0
	0.29294304149874684	Kocak	bootstrap	1560.0
	0.4419208415207079	Kocak	bootstrap	1561.0
	0.4899083404669642	Kocak	bootstrap	1562.0
	0.5634457281401017	Kocak	bootstrap	1563.0
	0.31532518218498895	Kocak	bootstrap	1564.0
	0.10802019836982746	Kocak	bootstrap	1565.0
	0.4514298003078765	Kocak	bootstrap	1566.0
	0.5778009398663806	Kocak	bootstrap	1567.0
	0.3148236151892658	Kocak	bootstrap	1568.0
	0.21358083518581417	Kocak	bootstrap	1569.0
	0.47126663614397213	Kocak	bootstrap	1570.0
	0.2545161983725679	Kocak	bootstrap	1571.0
	0.38336928010732585	Kocak	bootstrap	1572.0
	0.24838523627937503	Kocak	bootstrap	1573.0
	0.11010950582912038	Kocak	bootstrap	1574.0
	0.1404325438493812	Kocak	bootstrap	1575.0
	0.4653141862255161	Kocak	bootstrap	1576.0
	0.2745915090795683	Kocak	bootstrap	1577.0
	0.5831659885760301	Kocak	bootstrap	1578.0
	0.17420166121154956	Kocak	bootstrap	1579.0
	0.16599386974397312	Kocak	bootstrap	1580.0
	0.26753551992556446	Kocak	bootstrap	1581.0
	0.242896079298081	Kocak	bootstrap	1582.0
	0.3603402373843676	Kocak	bootstrap	1583.0
	0.4571174316460258	Kocak	bootstrap	1584.0
	0.5334147063120231	Kocak	bootstrap	1585.0
	0.3764362978029867	Kocak	bootstrap	1586.0
	0.4216229140065648	Kocak	bootstrap	1587.0
	0.21249065600086237	Kocak	bootstrap	1588.0
	0.4558766429984358	Kocak	bootstrap	1589.0
	0.2990144225841376	Kocak	bootstrap	1590.0
	0.3716491504572832	Kocak	bootstrap	1591.0
	0.41798759723101364	Kocak	bootstrap	1592.0
	0.290348303354071	Kocak	bootstrap	1593.0
	0.3453737492493385	Kocak	bootstrap	1594.0
	0.32664942688688603	Kocak	bootstrap	1595.0
	0.2107013167062659	Kocak	bootstrap	1596.0
	0.3888538037405791	Kocak	bootstrap	1597.0
	0.20111730376089865	Kocak	bootstrap	1598.0
	0.6339490313633616	Kocak	bootstrap	1599.0
	0.34933792961706	Kocak	bootstrap	1600.0
	0.429454740700542	Kocak	bootstrap	1601.0
	0.20619399950643302	Kocak	bootstrap	1602.0
	0.26194766127939717	Kocak	bootstrap	1603.0
	0.3742771396582194	Kocak	bootstrap	1604.0
	0.4259021714442057	Kocak	bootstrap	1605.0
	0.2514307797379103	Kocak	bootstrap	1606.0
	0.43374552908361785	Kocak	bootstrap	1607.0
	0.4762424455421663	Kocak	bootstrap	1608.0
	0.17117272793187066	Kocak	bootstrap	1609.0
	0.3872123175351896	Kocak	bootstrap	1610.0
	0.2477420514391797	Kocak	bootstrap	1611.0
	0.11201219999369494	Kocak	bootstrap	1612.0
	0.4282751176890818	Kocak	bootstrap	1613.0
	0.24371902818314117	Kocak	bootstrap	1614.0
	0.45321532352333493	Kocak	bootstrap	1615.0
	0.18602143752494982	Kocak	bootstrap	1616.0
	0.23691799982067963	Kocak	bootstrap	1617.0
	0.3897905519812337	Kocak	bootstrap	1618.0
	0.29902254558986563	Kocak	bootstrap	1619.0
	0.15022226081974743	Kocak	bootstrap	1620.0
	0.44572373128577736	Kocak	bootstrap	1621.0
	0.2895745396483411	Kocak	bootstrap	1622.0
	0.4798445338524697	Kocak	bootstrap	1623.0
	0.608430916717678	Kocak	bootstrap	1624.0
	0.3213707369767014	Kocak	bootstrap	1625.0
	0.37259075016102194	Kocak	bootstrap	1626.0
	0.3072960811903558	Kocak	bootstrap	1627.0
	0.5072410657484396	Kocak	bootstrap	1628.0
	0.18386534134503085	Kocak	bootstrap	1629.0
	0.21349588659227292	Kocak	bootstrap	1630.0
	0.2099347566637637	Kocak	bootstrap	1631.0
	0.5023744465585605	Kocak	bootstrap	1632.0
	0.2657763313105761	Kocak	bootstrap	1633.0
	0.23026220305954403	Kocak	bootstrap	1634.0
	0.06327199002303852	Kocak	bootstrap	1635.0
	0.39048784491161825	Kocak	bootstrap	1636.0
	0.2784017626163502	Kocak	bootstrap	1637.0
	0.35047306371265563	Kocak	bootstrap	1638.0
	0.3738383839809001	Kocak	bootstrap	1639.0
	0.25200549948071105	Kocak	bootstrap	1640.0
	0.2198567713979629	Kocak	bootstrap	1641.0
	0.45005118107608677	Kocak	bootstrap	1642.0
	0.11696655720261573	Kocak	bootstrap	1643.0
	0.36522474719201803	Kocak	bootstrap	1644.0
	0.1996790070442116	Kocak	bootstrap	1645.0
	0.2630066582823529	Kocak	bootstrap	1646.0
	0.552148231868161	Kocak	bootstrap	1647.0
	0.3317426844648539	Kocak	bootstrap	1648.0
	0.2878744915777549	Kocak	bootstrap	1649.0
	0.2815319423059437	Kocak	bootstrap	1650.0
	0.10676111552738066	Kocak	bootstrap	1651.0
	0.24985639712960728	Kocak	bootstrap	1652.0
	0.2698735601158049	Kocak	bootstrap	1653.0
	0.2822419438064867	Kocak	bootstrap	1654.0
	0.1845344165936118	Kocak	bootstrap	1655.0
	0.1600659905804913	Kocak	bootstrap	1656.0
	0.35280484052972927	Kocak	bootstrap	1657.0
	0.4988618512603251	Kocak	bootstrap	1658.0
	0.3095525809819226	Kocak	bootstrap	1659.0
	-0.06448814025671945	Kocak	bootstrap	1660.0
	0.19523409128502722	Kocak	bootstrap	1661.0
	0.23343918776425943	Kocak	bootstrap	1662.0
	0.38394699204003757	Kocak	bootstrap	1663.0
	0.1184530186536894	Kocak	bootstrap	1664.0
	0.3839104182584778	Kocak	bootstrap	1665.0
	0.13507892489358664	Kocak	bootstrap	1666.0
	0.33817397011680406	Kocak	bootstrap	1667.0
	0.20539368064030006	Kocak	bootstrap	1668.0
	0.26522531223884904	Kocak	bootstrap	1669.0
	0.10465757514386054	Kocak	bootstrap	1670.0
	0.5946692256078374	Kocak	bootstrap	1671.0
	0.3004285270208742	Kocak	bootstrap	1672.0
	0.16988176719957204	Kocak	bootstrap	1673.0
	0.3995902493235963	Kocak	bootstrap	1674.0
	0.521456040373343	Kocak	bootstrap	1675.0
	0.3792115828702931	Kocak	bootstrap	1676.0
	0.2883674445874793	Kocak	bootstrap	1677.0
	0.2549477170760581	Kocak	bootstrap	1678.0
	0.3562832140300154	Kocak	bootstrap	1679.0
	0.3114021916615699	Kocak	bootstrap	1680.0
	0.22863078108146917	Kocak	bootstrap	1681.0
	0.5747834723525753	Kocak	bootstrap	1682.0
	0.35584417128871104	Kocak	bootstrap	1683.0
	0.1123224447648905	Kocak	bootstrap	1684.0
	0.24803656769053362	Kocak	bootstrap	1685.0
	0.25582810868464456	Kocak	bootstrap	1686.0
	0.15512944665953476	Kocak	bootstrap	1687.0
	0.3992761574085555	Kocak	bootstrap	1688.0
	0.3716586432755551	Kocak	bootstrap	1689.0
	0.6110390023315473	Kocak	bootstrap	1690.0
	0.374549049746034	Kocak	bootstrap	1691.0
	0.0997351548103591	Kocak	bootstrap	1692.0
	0.32712379484733356	Kocak	bootstrap	1693.0
	0.05605186194941458	Kocak	bootstrap	1694.0
	0.08086676749625887	Kocak	bootstrap	1695.0
	0.19345951099525394	Kocak	bootstrap	1696.0
	0.4294853245283625	Kocak	bootstrap	1697.0
	0.3441300542724335	Kocak	bootstrap	1698.0
	0.5361217103497591	Kocak	bootstrap	1699.0
	0.4182560158517239	Kocak	bootstrap	1700.0
	0.02183085452684308	Kocak	bootstrap	1701.0
	0.41153871859873314	Kocak	bootstrap	1702.0
	0.4299837025069353	Kocak	bootstrap	1703.0
	0.4089862340712296	Kocak	bootstrap	1704.0
	0.33872763168028097	Kocak	bootstrap	1705.0
	-0.013347627365961401	Kocak	bootstrap	1706.0
	0.27641516423722434	Kocak	bootstrap	1707.0
	0.18547570339770791	Kocak	bootstrap	1708.0
	0.1833440555507857	Kocak	bootstrap	1709.0
	0.39973764095226194	Kocak	bootstrap	1710.0
	0.410449871652387	Kocak	bootstrap	1711.0
	0.3271295633050575	Kocak	bootstrap	1712.0
	0.308002999188671	Kocak	bootstrap	1713.0
	0.3333874591451953	Kocak	bootstrap	1714.0
	0.5330135919830092	Kocak	bootstrap	1715.0
	0.3419391298383774	Kocak	bootstrap	1716.0
	0.09622889129358647	Kocak	bootstrap	1717.0
	0.393527713698242	Kocak	bootstrap	1718.0
	0.20074406301042513	Kocak	bootstrap	1719.0
	0.48072179446212715	Kocak	bootstrap	1720.0
	0.2005937846272703	Kocak	bootstrap	1721.0
	0.2705753626467815	Kocak	bootstrap	1722.0
	0.5656309122423502	Kocak	bootstrap	1723.0
	0.37117779073213075	Kocak	bootstrap	1724.0
	0.28567461494946444	Kocak	bootstrap	1725.0
	0.4047853080055268	Kocak	bootstrap	1726.0
	0.3300546561542035	Kocak	bootstrap	1727.0
	0.41786468097928386	Kocak	bootstrap	1728.0
	0.44247624492979476	Kocak	bootstrap	1729.0
	0.292531995183551	Kocak	bootstrap	1730.0
	0.11506578911611687	Kocak	bootstrap	1731.0
	0.028692627816182092	Kocak	bootstrap	1732.0
	0.40281365768019306	Kocak	bootstrap	1733.0
	0.35135819510755883	Kocak	bootstrap	1734.0
	0.3117973426892853	Kocak	bootstrap	1735.0
	0.43240270262409286	Kocak	bootstrap	1736.0
	0.4733650520778969	Kocak	bootstrap	1737.0
	0.35807428544583164	Kocak	bootstrap	1738.0
	0.1649081999993296	Kocak	bootstrap	1739.0
	0.37149980382104486	Kocak	bootstrap	1740.0
	0.3202900284319443	Kocak	bootstrap	1741.0
	0.346964699188256	Kocak	bootstrap	1742.0
	0.44172172466919246	Kocak	bootstrap	1743.0
	0.23586286378026644	Kocak	bootstrap	1744.0
	0.0814056350350536	Kocak	bootstrap	1745.0
	0.3804284548613386	Kocak	bootstrap	1746.0
	0.3461672073930875	Kocak	bootstrap	1747.0
	0.38565852527523736	Kocak	bootstrap	1748.0
	0.32771625290179873	Kocak	bootstrap	1749.0
	0.24420374559486513	Kocak	bootstrap	1750.0
	0.5094294508773043	Kocak	bootstrap	1751.0
	0.2799026873683288	Kocak	bootstrap	1752.0
	0.45475360693791034	Kocak	bootstrap	1753.0
	0.29891179015657254	Kocak	bootstrap	1754.0
	0.23306753773552513	Kocak	bootstrap	1755.0
	0.3193650724625585	Kocak	bootstrap	1756.0
	0.3078127464528442	Kocak	bootstrap	1757.0
	0.11183988717426585	Kocak	bootstrap	1758.0
	0.20865389206826324	Kocak	bootstrap	1759.0
	0.34255685578284156	Kocak	bootstrap	1760.0
	0.21525932704264417	Kocak	bootstrap	1761.0
	0.6343441242187007	Kocak	bootstrap	1762.0
	0.40900300809669776	Kocak	bootstrap	1763.0
	0.3961004629233784	Kocak	bootstrap	1764.0
	0.3632516026722836	Kocak	bootstrap	1765.0
	0.027946055867127395	Kocak	bootstrap	1766.0
	0.20075085235348045	Kocak	bootstrap	1767.0
	0.21290826732626478	Kocak	bootstrap	1768.0
	0.35205926669001997	Kocak	bootstrap	1769.0
	0.39857031576271806	Kocak	bootstrap	1770.0
	0.36663759230439696	Kocak	bootstrap	1771.0
	0.36452637643333663	Kocak	bootstrap	1772.0
	0.3489146852371241	Kocak	bootstrap	1773.0
	0.31093371404705916	Kocak	bootstrap	1774.0
	0.2939563848820623	Kocak	bootstrap	1775.0
	0.29045899287672716	Kocak	bootstrap	1776.0
	0.30761834503540575	Kocak	bootstrap	1777.0
	0.4264938655366617	Kocak	bootstrap	1778.0
	0.1566179780541086	Kocak	bootstrap	1779.0
	0.32600113835463507	Kocak	bootstrap	1780.0
	0.2622443444794298	Kocak	bootstrap	1781.0
	0.47737421526647594	Kocak	bootstrap	1782.0
	0.2584570849071781	Kocak	bootstrap	1783.0
	0.3247288272672244	Kocak	bootstrap	1784.0
	0.43876625790344104	Kocak	bootstrap	1785.0
	0.20026720912409113	Kocak	bootstrap	1786.0
	0.5502580812650351	Kocak	bootstrap	1787.0
	0.17863403169404668	Kocak	bootstrap	1788.0
	0.24162779598184114	Kocak	bootstrap	1789.0
	0.45888949663459844	Kocak	bootstrap	1790.0
	0.346076787769094	Kocak	bootstrap	1791.0
	0.42783198378232923	Kocak	bootstrap	1792.0
	0.3333827879809519	Kocak	bootstrap	1793.0
	0.40851781367560536	Kocak	bootstrap	1794.0
	0.5539387685436861	Kocak	bootstrap	1795.0
	0.2951348908781535	Kocak	bootstrap	1796.0
	0.33785339362602373	Kocak	bootstrap	1797.0
	0.2784809218246549	Kocak	bootstrap	1798.0
	0.44027481984613726	Kocak	bootstrap	1799.0
	0.15081035928883457	Kocak	bootstrap	1800.0
	0.3643587198112037	Kocak	bootstrap	1801.0
	0.4915854206335708	Kocak	bootstrap	1802.0
	0.36889543046812223	Kocak	bootstrap	1803.0
	0.3858400186975439	Kocak	bootstrap	1804.0
	0.5751400474818458	Kocak	bootstrap	1805.0
	0.27986032384614346	Kocak	bootstrap	1806.0
	0.3465758233302685	Kocak	bootstrap	1807.0
	0.4654903901221039	Kocak	bootstrap	1808.0
	0.25854085218566913	Kocak	bootstrap	1809.0
	0.3859427671334834	Kocak	bootstrap	1810.0
	0.17370511012918977	Kocak	bootstrap	1811.0
	0.22147892694849958	Kocak	bootstrap	1812.0
	0.2154253204829577	Kocak	bootstrap	1813.0
	0.5950458232441167	Kocak	bootstrap	1814.0
	0.3228411497201247	Kocak	bootstrap	1815.0
	0.4824643963317481	Kocak	bootstrap	1816.0
	0.2968304331782181	Kocak	bootstrap	1817.0
	0.2935889442056623	Kocak	bootstrap	1818.0
	0.3810307875150065	Kocak	bootstrap	1819.0
	0.4062319000416932	Kocak	bootstrap	1820.0
	0.1598070154148843	Kocak	bootstrap	1821.0
	0.3842204900968791	Kocak	bootstrap	1822.0
	0.5516799504094649	Kocak	bootstrap	1823.0
	0.257490662775981	Kocak	bootstrap	1824.0
	0.25835502440461733	Kocak	bootstrap	1825.0
	0.1371704131874245	Kocak	bootstrap	1826.0
	0.2511209674327479	Kocak	bootstrap	1827.0
	0.36511171236229156	Kocak	bootstrap	1828.0
	0.4593284904064845	Kocak	bootstrap	1829.0
	0.5309497546480682	Kocak	bootstrap	1830.0
	0.2243265779040846	Kocak	bootstrap	1831.0
	0.4061705051612359	Kocak	bootstrap	1832.0
	0.6042209794251527	Kocak	bootstrap	1833.0
	0.2374690832889872	Kocak	bootstrap	1834.0
	0.33860544137745086	Kocak	bootstrap	1835.0
	0.35270216355325656	Kocak	bootstrap	1836.0
	0.24514543222939134	Kocak	bootstrap	1837.0
	0.4953699776381355	Kocak	bootstrap	1838.0
	0.3028248364308843	Kocak	bootstrap	1839.0
	0.5760851473523116	Kocak	bootstrap	1840.0
	0.31629985330297794	Kocak	bootstrap	1841.0
	0.10527182974435867	Kocak	bootstrap	1842.0
	0.519498244812584	Kocak	bootstrap	1843.0
	0.2131701723701518	Kocak	bootstrap	1844.0
	0.48613657662564824	Kocak	bootstrap	1845.0
	0.5198247869300978	Kocak	bootstrap	1846.0
	0.4889018186675491	Kocak	bootstrap	1847.0
	0.24576137036533696	Kocak	bootstrap	1848.0
	0.18067341157512473	Kocak	bootstrap	1849.0
	0.3503401568834268	Kocak	bootstrap	1850.0
	0.45741043785016267	Kocak	bootstrap	1851.0
	0.39930598946511386	Kocak	bootstrap	1852.0
	0.443510034289746	Kocak	bootstrap	1853.0
	0.23572588943378658	Kocak	bootstrap	1854.0
	0.6324305609292544	Kocak	bootstrap	1855.0
	0.3321495933390448	Kocak	bootstrap	1856.0
	0.2322777832831493	Kocak	bootstrap	1857.0
	0.3785342812331378	Kocak	bootstrap	1858.0
	0.46808798559593034	Kocak	bootstrap	1859.0
	0.41444767593419574	Kocak	bootstrap	1860.0
	0.3007515937153822	Kocak	bootstrap	1861.0
	0.3046456168693248	Kocak	bootstrap	1862.0
	0.2682074102153398	Kocak	bootstrap	1863.0
	0.2743701309896891	Kocak	bootstrap	1864.0
	0.26430562071826413	Kocak	bootstrap	1865.0
	0.08684218322216175	Kocak	bootstrap	1866.0
	0.3805497464694447	Kocak	bootstrap	1867.0
	0.2384592623685151	Kocak	bootstrap	1868.0
	0.10446492068553193	Kocak	bootstrap	1869.0
	0.3597734210143093	Kocak	bootstrap	1870.0
	0.34748706951922825	Kocak	bootstrap	1871.0
	0.3784033804660174	Kocak	bootstrap	1872.0
	0.20870812429541052	Kocak	bootstrap	1873.0
	0.41718934743832436	Kocak	bootstrap	1874.0
	0.19175389225840567	Kocak	bootstrap	1875.0
	0.12377106357706236	Kocak	bootstrap	1876.0
	0.3091016812772711	Kocak	bootstrap	1877.0
	0.2171077358382254	Kocak	bootstrap	1878.0
	0.42229869493528094	Kocak	bootstrap	1879.0
	0.3503945144759948	Kocak	bootstrap	1880.0
	0.46203680904403077	Kocak	bootstrap	1881.0
	0.38753917388074566	Kocak	bootstrap	1882.0
	0.5236940996889263	Kocak	bootstrap	1883.0
	0.2284541186022837	Kocak	bootstrap	1884.0
	0.10082066079444418	Kocak	bootstrap	1885.0
	0.15901680641432359	Kocak	bootstrap	1886.0
	0.45461230809061925	Kocak	bootstrap	1887.0
	0.33913118125960207	Kocak	bootstrap	1888.0
	0.4977873826586845	Kocak	bootstrap	1889.0
	0.38586493477943096	Kocak	bootstrap	1890.0
	0.3242243006397163	Kocak	bootstrap	1891.0
	0.22742997211459404	Kocak	bootstrap	1892.0
	0.25242236993984823	Kocak	bootstrap	1893.0
	0.2950549850619497	Kocak	bootstrap	1894.0
	0.5439202822288753	Kocak	bootstrap	1895.0
	0.31440792153514074	Kocak	bootstrap	1896.0
	0.4328175476010325	Kocak	bootstrap	1897.0
	0.361162206115726	Kocak	bootstrap	1898.0
	0.26629071603507626	Kocak	bootstrap	1899.0
	0.2318082583729253	Kocak	bootstrap	1900.0
	0.22163512257691353	Kocak	bootstrap	1901.0
	0.3578212631759605	Kocak	bootstrap	1902.0
	0.47005343280376977	Kocak	bootstrap	1903.0
	0.2811787123911156	Kocak	bootstrap	1904.0
	0.22656831747174166	Kocak	bootstrap	1905.0
	0.1423370941221478	Kocak	bootstrap	1906.0
	0.35961696908044694	Kocak	bootstrap	1907.0
	0.2508601546163334	Kocak	bootstrap	1908.0
	0.29661754285373965	Kocak	bootstrap	1909.0
	0.41375767865894764	Kocak	bootstrap	1910.0
	0.658213746489483	Kocak	bootstrap	1911.0
	0.5272851361661761	Kocak	bootstrap	1912.0
	0.3180498770429363	Kocak	bootstrap	1913.0
	0.478013236590058	Kocak	bootstrap	1914.0
	0.3373948858751299	Kocak	bootstrap	1915.0
	0.22525871001029563	Kocak	bootstrap	1916.0
	0.6269001773179785	Kocak	bootstrap	1917.0
	0.45125347050748044	Kocak	bootstrap	1918.0
	0.4847828118087021	Kocak	bootstrap	1919.0
	0.4113255966462903	Kocak	bootstrap	1920.0
	0.33736257857177865	Kocak	bootstrap	1921.0
	0.2627255691356063	Kocak	bootstrap	1922.0
	0.3812701923531674	Kocak	bootstrap	1923.0
	0.24740224234829666	Kocak	bootstrap	1924.0
	0.17823263348215246	Kocak	bootstrap	1925.0
	0.3267207191658854	Kocak	bootstrap	1926.0
	0.2939484137752788	Kocak	bootstrap	1927.0
	0.509320406136498	Kocak	bootstrap	1928.0
	0.4889255982457099	Kocak	bootstrap	1929.0
	0.219388838505032	Kocak	bootstrap	1930.0
	0.5028772425454191	Kocak	bootstrap	1931.0
	0.5037253231674002	Kocak	bootstrap	1932.0
	0.3122436867196714	Kocak	bootstrap	1933.0
	0.42575074403081015	Kocak	bootstrap	1934.0
	0.6018736528517081	Kocak	bootstrap	1935.0
	0.3317593890843442	Kocak	bootstrap	1936.0
	0.3471145373017963	Kocak	bootstrap	1937.0
	0.4952236819589899	Kocak	bootstrap	1938.0
	0.300630830661341	Kocak	bootstrap	1939.0
	0.2817734980939939	Kocak	bootstrap	1940.0
	0.23804505523954678	Kocak	bootstrap	1941.0
	0.7058093965367989	Kocak	bootstrap	1942.0
	0.407488523422451	Kocak	bootstrap	1943.0
	0.47659144571369083	Kocak	bootstrap	1944.0
	0.17483802398656456	Kocak	bootstrap	1945.0
	0.2832818171611615	Kocak	bootstrap	1946.0
	0.41032240320881463	Kocak	bootstrap	1947.0
	0.44866655491812324	Kocak	bootstrap	1948.0
	0.26713579607251736	Kocak	bootstrap	1949.0
	0.4606188164090219	Kocak	bootstrap	1950.0
	0.2567085904412161	Kocak	bootstrap	1951.0
	0.3408819949986759	Kocak	bootstrap	1952.0
	0.3488858544506712	Kocak	bootstrap	1953.0
	0.32262479859287563	Kocak	bootstrap	1954.0
	0.0964915123866259	Kocak	bootstrap	1955.0
	0.3655488341960411	Kocak	bootstrap	1956.0
	0.18255232723944292	Kocak	bootstrap	1957.0
	0.4438784823409727	Kocak	bootstrap	1958.0
	0.6757309747788964	Kocak	bootstrap	1959.0
	0.5449602792728578	Kocak	bootstrap	1960.0
	0.35962891772924444	Kocak	bootstrap	1961.0
	0.33811281031831664	Kocak	bootstrap	1962.0
	0.5277246459928824	Kocak	bootstrap	1963.0
	0.08958074515955694	Kocak	bootstrap	1964.0
	0.3044192515911095	Kocak	bootstrap	1965.0
	0.2452582309486706	Kocak	bootstrap	1966.0
	0.3421676060785681	Kocak	bootstrap	1967.0
	0.451450545848906	Kocak	bootstrap	1968.0
	0.4079022629213136	Kocak	bootstrap	1969.0
	0.216031795099497	Kocak	bootstrap	1970.0
	0.19173419151061166	Kocak	bootstrap	1971.0
	0.36962052734274486	Kocak	bootstrap	1972.0
	0.36033691792510725	Kocak	bootstrap	1973.0
	0.4120664635405267	Kocak	bootstrap	1974.0
	0.4121260389271555	Kocak	bootstrap	1975.0
	0.3724440596557028	Kocak	bootstrap	1976.0
	0.28431316445176646	Kocak	bootstrap	1977.0
	0.508255542230585	Kocak	bootstrap	1978.0
	0.33056767496801864	Kocak	bootstrap	1979.0
	0.6306971472263001	Kocak	bootstrap	1980.0
	0.2638238592433866	Kocak	bootstrap	1981.0
	0.32247845976696565	Kocak	bootstrap	1982.0
	0.2671997337087739	Kocak	bootstrap	1983.0
	0.3113659900292931	Kocak	bootstrap	1984.0
	0.052653558282584	Kocak	bootstrap	1985.0
	0.36206261107663895	Kocak	bootstrap	1986.0
	0.23237867774324572	Kocak	bootstrap	1987.0
	0.23132232394599272	Kocak	bootstrap	1988.0
	0.24288251389965598	Kocak	bootstrap	1989.0
	0.46864922933359177	Kocak	bootstrap	1990.0
	0.3885098892688026	Kocak	bootstrap	1991.0
	0.2497378040648437	Kocak	bootstrap	1992.0
	0.2336186872903152	Kocak	bootstrap	1993.0
	0.41958921995563747	Kocak	bootstrap	1994.0
	0.24960291667416268	Kocak	bootstrap	1995.0
	0.544748506422061	Kocak	bootstrap	1996.0
	0.4401885149877285	Kocak	bootstrap	1997.0
	0.458049665894785	Kocak	bootstrap	1998.0
	0.2015633605220697	Kocak	bootstrap	1999.0
	0.1991704524266824	Kocak	bootstrap	2000.0
