	CCD
SEQC_st1|rand_1	3.458612191791558
SEQC_st1|rand_2	3.4527452139216104
SEQC_st1|rand_3	3.396488689734269
SEQC_st1|rand_4	3.681376755184563
SEQC_st1|rand_5	3.6185475316106164
SEQC_st1|rand_6	3.469292802534385
SEQC_st1|rand_7	3.435980118616054
SEQC_st1|rand_8	3.3543679678045333
SEQC_st1|rand_9	3.202333343945675
SEQC_st1|rand_10	3.229892896342266
SEQC_st1|rand_11	3.371818501719436
SEQC_st1|rand_12	3.3644629778132344
SEQC_st1|rand_13	3.4193398557031034
SEQC_st1|rand_14	3.234545150474947
SEQC_st1|rand_15	3.2793267322202366
SEQC_st1|rand_16	3.4981154695457612
SEQC_st1|rand_17	3.236030372138629
SEQC_st1|rand_18	3.489369168044795
SEQC_st1|rand_19	3.293951282417842
SEQC_st1|rand_20	3.2289148503954412
SEQC_st1|rand_21	3.3901142786993423
SEQC_st1|rand_22	3.62256603927989
SEQC_st1|rand_23	3.2436071343430495
SEQC_st1|rand_24	3.423611003837743
SEQC_st1|rand_25	3.444024214625143
SEQC_st1|rand_26	3.3656305986190955
SEQC_st1|rand_27	3.4644829606623104
SEQC_st1|rand_28	3.4775561257845498
SEQC_st1|rand_29	3.459953263367127
SEQC_st1|rand_30	3.183952554611843
SEQC_st1|rand_31	3.555536291929774
SEQC_st1|rand_32	3.248770986976609
SEQC_st1|rand_33	3.1090687740883625
SEQC_st1|rand_34	3.530978521170399
SEQC_st1|rand_35	3.3048720380400876
SEQC_st1|rand_36	3.297386524433202
SEQC_st1|rand_37	3.5719453834549473
SEQC_st1|rand_38	3.5052956209822295
SEQC_st1|rand_39	2.857115185539228
SEQC_st1|rand_40	3.317366497344965
SEQC_st1|rand_41	3.1586432278970915
SEQC_st1|rand_42	3.617542296171654
SEQC_st1|rand_43	3.3112093986304147
SEQC_st1|rand_44	3.353410221682285
SEQC_st1|rand_45	3.1111461595590595
SEQC_st1|rand_46	3.5742866001301223
SEQC_st1|rand_47	3.533538416354618
SEQC_st1|rand_48	3.4820729992010295
SEQC_st1|rand_49	3.316220798168577
SEQC_st1|rand_50	3.002967435154717
SEQC_st1|rand_51	3.5712935155362784
SEQC_st1|rand_52	3.692263823041251
SEQC_st1|rand_53	3.4591490306128274
SEQC_st1|rand_54	3.6052749564287048
SEQC_st1|rand_55	3.7148213113022006
SEQC_st1|rand_56	3.113042520124322
SEQC_st1|rand_57	3.4459919300914286
SEQC_st1|rand_58	3.120370256723295
SEQC_st1|rand_59	3.512714611532202
SEQC_st1|rand_60	3.242597914159427
SEQC_st1|rand_61	3.4999683808680784
SEQC_st1|rand_62	3.4901364852627212
SEQC_st1|rand_63	3.428319071052682
SEQC_st1|rand_64	3.505199040738178
SEQC_st1|rand_65	3.3820786358915482
SEQC_st1|rand_66	3.455649549836335
SEQC_st1|rand_67	3.9445828096585878
SEQC_st1|rand_68	3.2771178796876046
SEQC_st1|rand_69	3.463886634473005
SEQC_st1|rand_70	3.220521028905605
SEQC_st1|rand_71	3.308846605042321
SEQC_st1|rand_72	3.3557875167038502
SEQC_st1|rand_73	3.527637435973935
SEQC_st1|rand_74	3.4304387483559866
SEQC_st1|rand_75	3.4645196480813123
SEQC_st1|rand_76	3.2807483552810726
SEQC_st1|rand_77	3.659005304414781
SEQC_st1|rand_78	3.23990966253217
SEQC_st1|rand_79	3.564537329561006
SEQC_st1|rand_80	3.1615585897570635
SEQC_st1|rand_81	3.364528935673994
SEQC_st1|rand_82	3.4398907515898487
SEQC_st1|rand_83	3.521921670105758
SEQC_st1|rand_84	3.687540325584351
SEQC_st1|rand_85	3.33598676109862
SEQC_st1|rand_86	3.429644631428651
SEQC_st1|rand_87	2.8675042759985967
SEQC_st1|rand_88	3.668910307365881
SEQC_st1|rand_89	3.45840592699984
SEQC_st1|rand_90	3.474917178259808
SEQC_st1|rand_91	3.5742211379946482
SEQC_st1|rand_92	3.142418732956267
SEQC_st1|rand_93	3.25082484768351
SEQC_st1|rand_94	3.533406566845785
SEQC_st1|rand_95	3.2793877435073058
SEQC_st1|rand_96	3.550971513382948
SEQC_st1|rand_97	3.3419157885625563
SEQC_st1|rand_98	3.6641661789192717
SEQC_st1|rand_99	3.37559926903253
SEQC_st1|rand_100	3.446457242561257
SEQC_st1|rand_101	3.5327052185035908
SEQC_st1|rand_102	3.493949165181604
SEQC_st1|rand_103	3.4862748639427696
SEQC_st1|rand_104	3.325977689185193
SEQC_st1|rand_105	3.7502611729876913
SEQC_st1|rand_106	3.363664451940482
SEQC_st1|rand_107	3.4488586283058025
SEQC_st1|rand_108	3.403378780460408
SEQC_st1|rand_109	3.4332632663087246
SEQC_st1|rand_110	3.5174490643565224
SEQC_st1|rand_111	3.3045991250225906
SEQC_st1|rand_112	3.4214122670686167
SEQC_st1|rand_113	3.414167147260382
SEQC_st1|rand_114	3.211430718194886
SEQC_st1|rand_115	3.3374251372027324
SEQC_st1|rand_116	3.277045261083403
SEQC_st1|rand_117	3.5091812039742596
SEQC_st1|rand_118	3.208640284328641
SEQC_st1|rand_119	3.4605496131326388
SEQC_st1|rand_120	3.6250864736916353
SEQC_st1|rand_121	3.212583275840715
SEQC_st1|rand_122	3.804251610979854
SEQC_st1|rand_123	3.7819933602373204
SEQC_st1|rand_124	3.6811496732997186
SEQC_st1|rand_125	3.1171606317816325
SEQC_st1|rand_126	3.5444104452149037
SEQC_st1|rand_127	3.4579106989108084
SEQC_st1|rand_128	3.3506970128635363
SEQC_st1|rand_129	3.3254136001641568
SEQC_st1|rand_130	3.2503134459098555
SEQC_st1|rand_131	3.301939106180292
SEQC_st1|rand_132	2.8573989644132176
SEQC_st1|rand_133	3.511846225962258
SEQC_st1|rand_134	3.6949807760499587
SEQC_st1|rand_135	3.5122084703941745
SEQC_st1|rand_136	3.27854747321005
SEQC_st1|rand_137	3.2306536829193613
SEQC_st1|rand_138	3.3941771666317653
SEQC_st1|rand_139	3.524769000550292
SEQC_st1|rand_140	3.7127121723673215
SEQC_st1|rand_141	3.8708213839797505
SEQC_st1|rand_142	3.7356338643324714
SEQC_st1|rand_143	3.3559892502636295
SEQC_st1|rand_144	3.338652034955496
SEQC_st1|rand_145	3.6563134526815113
SEQC_st1|rand_146	3.7157153069824655
SEQC_st1|rand_147	3.713597584309104
SEQC_st1|rand_148	3.0534308691233685
SEQC_st1|rand_149	3.429833680663867
SEQC_st1|rand_150	3.5002606717804428
SEQC_st1|rand_151	3.238008329465084
SEQC_st1|rand_152	3.4099694933636355
SEQC_st1|rand_153	3.490997920438204
SEQC_st1|rand_154	3.319706881325878
SEQC_st1|rand_155	3.271331194984309
SEQC_st1|rand_156	3.489243534215272
SEQC_st1|rand_157	3.8405935723360476
SEQC_st1|rand_158	3.3533487477808377
SEQC_st1|rand_159	3.33038228249605
SEQC_st1|rand_160	3.5313123494572776
SEQC_st1|rand_161	3.1333000145702408
SEQC_st1|rand_162	3.2993758899186822
SEQC_st1|rand_163	3.3813923622456064
SEQC_st1|rand_164	3.4496606053543295
SEQC_st1|rand_165	3.5797286774927866
SEQC_st1|rand_166	3.584831195694182
SEQC_st1|rand_167	3.4154891435527253
SEQC_st1|rand_168	3.002535552784767
SEQC_st1|rand_169	3.487626658693675
SEQC_st1|rand_170	3.4702968025874887
SEQC_st1|rand_171	3.2259831500505123
SEQC_st1|rand_172	3.4025456227118296
SEQC_st1|rand_173	3.6425772088276953
SEQC_st1|rand_174	3.1198153771477646
SEQC_st1|rand_175	3.289783529752566
SEQC_st1|rand_176	3.1119905412310214
SEQC_st1|rand_177	3.623696709234963
SEQC_st1|rand_178	3.5216679172038483
SEQC_st1|rand_179	3.680949932002999
SEQC_st1|rand_180	3.533741458582621
SEQC_st1|rand_181	3.2092209187688443
SEQC_st1|rand_182	3.4418146038981865
SEQC_st1|rand_183	3.576705424385526
SEQC_st1|rand_184	3.723073861688112
SEQC_st1|rand_185	3.508308371909981
SEQC_st1|rand_186	3.3331806116221516
SEQC_st1|rand_187	3.260646105520505
SEQC_st1|rand_188	3.2245101532335134
SEQC_st1|rand_189	3.4286204811762357
SEQC_st1|rand_190	3.473292337953102
SEQC_st1|rand_191	3.266668803060894
SEQC_st1|rand_192	3.443104061124844
SEQC_st1|rand_193	3.222323634486986
SEQC_st1|rand_194	3.713120881867353
SEQC_st1|rand_195	3.168291912454787
SEQC_st1|rand_196	3.451512095508224
SEQC_st1|rand_197	3.3419097020665616
SEQC_st1|rand_198	3.5615326990683913
SEQC_st1|rand_199	3.505234111279918
SEQC_st1|rand_200	3.4764769902538495
SEQC_st1|rand_201	3.8647489688334504
SEQC_st1|rand_202	3.415396247838124
SEQC_st1|rand_203	3.3080494808203196
SEQC_st1|rand_204	3.6675194555945305
SEQC_st1|rand_205	3.469875787740127
SEQC_st1|rand_206	3.481265315526354
SEQC_st1|rand_207	3.513418235589028
SEQC_st1|rand_208	3.637356986332899
SEQC_st1|rand_209	3.6889773210185792
SEQC_st1|rand_210	3.4923474288074
SEQC_st1|rand_211	3.4247395268781444
SEQC_st1|rand_212	3.697026563126672
SEQC_st1|rand_213	3.607806901353518
SEQC_st1|rand_214	3.482993913031876
SEQC_st1|rand_215	3.312644811407465
SEQC_st1|rand_216	3.4190510177692395
SEQC_st1|rand_217	3.556122264244593
SEQC_st1|rand_218	3.233566730777258
SEQC_st1|rand_219	3.555491224227005
SEQC_st1|rand_220	3.6024730737772606
SEQC_st1|rand_221	3.240366174862859
SEQC_st1|rand_222	3.3938021407527126
SEQC_st1|rand_223	3.416275152862439
SEQC_st1|rand_224	3.2166589429538837
SEQC_st1|rand_225	3.057485330031731
SEQC_st1|rand_226	3.586053092812704
SEQC_st1|rand_227	3.1860046657212453
SEQC_st1|rand_228	3.4860866680794165
SEQC_st1|rand_229	3.6496229220441183
SEQC_st1|rand_230	2.946497165270143
SEQC_st1|rand_231	3.5600750769970277
SEQC_st1|rand_232	3.319024039735507
SEQC_st1|rand_233	3.0773126116556546
SEQC_st1|rand_234	3.0995918147600494
SEQC_st1|rand_235	3.3638861025042437
SEQC_st1|rand_236	3.5428744955433062
SEQC_st1|rand_237	3.4862783353641484
SEQC_st1|rand_238	3.5891237327292727
SEQC_st1|rand_239	3.499771401638237
SEQC_st1|rand_240	3.7095012823933518
SEQC_st1|rand_241	3.5532967784505924
SEQC_st1|rand_242	3.483421538621517
SEQC_st1|rand_243	3.393678039414383
SEQC_st1|rand_244	3.6994762028606893
SEQC_st1|rand_245	3.287747554706724
SEQC_st1|rand_246	3.664346783038133
SEQC_st1|rand_247	3.4395816080414847
SEQC_st1|rand_248	3.871247721097773
SEQC_st1|rand_249	3.5995874337159757
SEQC_st1|rand_250	3.2961908997504556
SEQC_st1|rand_251	3.572786604264096
SEQC_st1|rand_252	3.265272388348964
SEQC_st1|rand_253	3.3912495395416262
SEQC_st1|rand_254	3.534343721430227
SEQC_st1|rand_255	3.3760980262375586
SEQC_st1|rand_256	3.5617053852429557
SEQC_st1|rand_257	3.655839371903799
SEQC_st1|rand_258	3.246272828015799
SEQC_st1|rand_259	3.300476310759091
SEQC_st1|rand_260	3.25612984145509
SEQC_st1|rand_261	3.441122582249161
SEQC_st1|rand_262	3.4196116892492254
SEQC_st1|rand_263	3.457696760288136
SEQC_st1|rand_264	3.384146282218338
SEQC_st1|rand_265	3.6353523142250426
SEQC_st1|rand_266	3.2647723698648967
SEQC_st1|rand_267	3.473470276051106
SEQC_st1|rand_268	3.4434612238530353
SEQC_st1|rand_269	3.2425886018045023
SEQC_st1|rand_270	3.3869936444026294
SEQC_st1|rand_271	3.410178066936267
SEQC_st1|rand_272	3.4413388931289157
SEQC_st1|rand_273	3.575844159977515
SEQC_st1|rand_274	3.386442777830761
SEQC_st1|rand_275	3.424989358425325
SEQC_st1|rand_276	3.2140289644566
SEQC_st1|rand_277	3.4332104378417703
SEQC_st1|rand_278	3.580823497539441
SEQC_st1|rand_279	3.2678721459788194
SEQC_st1|rand_280	3.2083060168875606
SEQC_st1|rand_281	3.3727605384200943
SEQC_st1|rand_282	3.2842606450909546
SEQC_st1|rand_283	3.3881393872083456
SEQC_st1|rand_284	3.463945964814103
SEQC_st1|rand_285	3.6951659704626154
SEQC_st1|rand_286	3.3587182800432784
SEQC_st1|rand_287	3.2628474781675996
SEQC_st1|rand_288	3.6193251047282105
SEQC_st1|rand_289	3.524396903325106
SEQC_st1|rand_290	3.4864059466092208
SEQC_st1|rand_291	3.3329072171879757
SEQC_st1|rand_292	3.4591838287043783
SEQC_st1|rand_293	3.2705890854907893
SEQC_st1|rand_294	3.571696107655537
SEQC_st1|rand_295	3.323192700142221
SEQC_st1|rand_296	3.552885265283554
SEQC_st1|rand_297	3.7957155895738377
SEQC_st1|rand_298	3.5631759606686457
SEQC_st1|rand_299	3.4478461222005734
SEQC_st1|rand_300	3.62797894120019
SEQC_st1|rand_301	3.437661508408848
SEQC_st1|rand_302	3.37937929625521
SEQC_st1|rand_303	3.4649405915829736
SEQC_st1|rand_304	3.53366363973324
SEQC_st1|rand_305	3.4620975792473017
SEQC_st1|rand_306	3.3255869650600345
SEQC_st1|rand_307	3.4065112903367476
SEQC_st1|rand_308	3.5544054396506817
SEQC_st1|rand_309	3.2321172981820543
SEQC_st1|rand_310	3.3640301651504614
SEQC_st1|rand_311	3.6084922797424337
SEQC_st1|rand_312	3.610561122448572
SEQC_st1|rand_313	3.2815061079050327
SEQC_st1|rand_314	3.299710506161984
SEQC_st1|rand_315	3.572329244146842
SEQC_st1|rand_316	3.0870032927832356
SEQC_st1|rand_317	3.5205294096955475
SEQC_st1|rand_318	3.3413721578412
SEQC_st1|rand_319	3.2859195222091206
SEQC_st1|rand_320	3.171942615481496
SEQC_st1|rand_321	3.4748850230822597
SEQC_st1|rand_322	3.4734722990152767
SEQC_st1|rand_323	3.6711488626430726
SEQC_st1|rand_324	3.9078194158820443
SEQC_st1|rand_325	3.335925505938095
SEQC_st1|rand_326	2.948406834934812
SEQC_st1|rand_327	3.448687945356239
SEQC_st1|rand_328	3.411700699518771
SEQC_st1|rand_329	3.556131487561111
SEQC_st1|rand_330	3.038039831392926
SEQC_st1|rand_331	3.607414259972497
SEQC_st1|rand_332	3.791792951129755
SEQC_st1|rand_333	3.0375525691346645
SEQC_st1|rand_334	3.714952628529152
SEQC_st1|rand_335	3.2844974717429687
SEQC_st1|rand_336	3.5155824011907435
SEQC_st1|rand_337	3.5029146897633128
SEQC_st1|rand_338	3.3711244500199453
SEQC_st1|rand_339	3.5069133829086105
SEQC_st1|rand_340	3.6971994162773942
SEQC_st1|rand_341	3.411747936348665
SEQC_st1|rand_342	3.6221091744418312
SEQC_st1|rand_343	3.5258548759702784
SEQC_st1|rand_344	3.088282977530746
SEQC_st1|rand_345	3.6154187285848827
SEQC_st1|rand_346	3.448973826084765
SEQC_st1|rand_347	3.722004941470463
SEQC_st1|rand_348	3.4325705662116484
SEQC_st1|rand_349	3.341480923900416
SEQC_st1|rand_350	3.5903056655284584
SEQC_st1|rand_351	3.6451866767280037
SEQC_st1|rand_352	3.2560954574095873
SEQC_st1|rand_353	3.436149368849924
SEQC_st1|rand_354	3.4546527728101473
SEQC_st1|rand_355	3.9552847266934426
SEQC_st1|rand_356	3.5235234095026677
SEQC_st1|rand_357	3.1755810147284977
SEQC_st1|rand_358	3.5680308776317142
SEQC_st1|rand_359	3.2453491262712797
SEQC_st1|rand_360	3.322437393590588
SEQC_st1|rand_361	3.2074614008079996
SEQC_st1|rand_362	3.09501169549951
SEQC_st1|rand_363	2.9240485115087713
SEQC_st1|rand_364	3.3625180798092247
SEQC_st1|rand_365	3.4556134051587266
SEQC_st1|rand_366	3.0554459494420914
SEQC_st1|rand_367	3.1899103657306314
SEQC_st1|rand_368	3.5965497456508335
SEQC_st1|rand_369	3.355232618686523
SEQC_st1|rand_370	3.3950898901482733
SEQC_st1|rand_371	3.4467319830980303
SEQC_st1|rand_372	3.6144266108155523
SEQC_st1|rand_373	3.4727615285057043
SEQC_st1|rand_374	3.2762376681934056
SEQC_st1|rand_375	3.140733941513453
SEQC_st1|rand_376	3.4132750274813497
SEQC_st1|rand_377	3.502804709419355
SEQC_st1|rand_378	3.563012267991165
SEQC_st1|rand_379	3.0414294917973375
SEQC_st1|rand_380	2.5850965662988465
SEQC_st1|rand_381	3.4734824415762673
SEQC_st1|rand_382	3.455976409294765
SEQC_st1|rand_383	3.2705080811877734
SEQC_st1|rand_384	3.3029752438904105
SEQC_st1|rand_385	3.338573734646114
SEQC_st1|rand_386	3.6800279466582024
SEQC_st1|rand_387	3.469369331860322
SEQC_st1|rand_388	3.418311537616131
SEQC_st1|rand_389	3.2232731218509523
SEQC_st1|rand_390	3.7528540593255357
SEQC_st1|rand_391	3.50495877019654
SEQC_st1|rand_392	2.981990064942913
SEQC_st1|rand_393	3.311097102595048
SEQC_st1|rand_394	3.5218839445552024
SEQC_st1|rand_395	3.0973618858938505
SEQC_st1|rand_396	3.322785351485016
SEQC_st1|rand_397	3.4577351788075683
SEQC_st1|rand_398	3.898493239725877
SEQC_st1|rand_399	3.701977417536874
SEQC_st1|rand_400	3.547026869444091
SEQC_st1|rand_401	3.5535882622590953
SEQC_st1|rand_402	3.4591833350661356
SEQC_st1|rand_403	3.698823145210062
SEQC_st1|rand_404	3.334218192833912
SEQC_st1|rand_405	3.6347661937704996
SEQC_st1|rand_406	3.4610527087942007
SEQC_st1|rand_407	3.2673461752298802
SEQC_st1|rand_408	3.4077253522512456
SEQC_st1|rand_409	3.343701881271885
SEQC_st1|rand_410	3.3733142189961383
SEQC_st1|rand_411	3.244440116779036
SEQC_st1|rand_412	3.5437664795853507
SEQC_st1|rand_413	3.5209833032275943
SEQC_st1|rand_414	3.1810615563334537
SEQC_st1|rand_415	3.644654447442471
SEQC_st1|rand_416	3.4995458604174448
SEQC_st1|rand_417	3.553347149960133
SEQC_st1|rand_418	3.367149888873068
SEQC_st1|rand_419	3.4408361526298945
SEQC_st1|rand_420	3.3170158825619795
SEQC_st1|rand_421	3.700334479337994
SEQC_st1|rand_422	3.0727827771297007
SEQC_st1|rand_423	3.5684719650980132
SEQC_st1|rand_424	3.4981652751426817
SEQC_st1|rand_425	3.3126291977751063
SEQC_st1|rand_426	3.513677423012999
SEQC_st1|rand_427	3.405618417680356
SEQC_st1|rand_428	3.5226771202502114
SEQC_st1|rand_429	3.363571291647738
SEQC_st1|rand_430	3.206139410641313
SEQC_st1|rand_431	3.493819895363371
SEQC_st1|rand_432	3.5108643211998776
SEQC_st1|rand_433	3.6727251953809645
SEQC_st1|rand_434	3.2496402245287
SEQC_st1|rand_435	3.1807240858652395
SEQC_st1|rand_436	3.093024401820098
SEQC_st1|rand_437	3.405879834677224
SEQC_st1|rand_438	3.696064317831091
SEQC_st1|rand_439	3.2270728282814507
SEQC_st1|rand_440	3.398487182194086
SEQC_st1|rand_441	3.2629324520977963
SEQC_st1|rand_442	3.6219280854098335
SEQC_st1|rand_443	3.4660418182360693
SEQC_st1|rand_444	3.5061818456505733
SEQC_st1|rand_445	3.0622690010452924
SEQC_st1|rand_446	3.448900429601327
SEQC_st1|rand_447	3.334356038294536
SEQC_st1|rand_448	3.367694158411539
SEQC_st1|rand_449	3.1905820032998693
SEQC_st1|rand_450	3.337409242903249
SEQC_st1|rand_451	3.494063128482027
SEQC_st1|rand_452	3.6173531330828896
SEQC_st1|rand_453	3.2237195293428793
SEQC_st1|rand_454	3.6425183047188243
SEQC_st1|rand_455	3.2995948034290667
SEQC_st1|rand_456	3.258764301677719
SEQC_st1|rand_457	3.474526925372293
SEQC_st1|rand_458	3.5090430973266766
SEQC_st1|rand_459	2.9944997072976185
SEQC_st1|rand_460	3.5040603822460814
SEQC_st1|rand_461	3.4076697187731155
SEQC_st1|rand_462	3.502192871692251
SEQC_st1|rand_463	3.1592689582212903
SEQC_st1|rand_464	3.2748394283361377
SEQC_st1|rand_465	3.192297928741763
SEQC_st1|rand_466	3.4512611878073467
SEQC_st1|rand_467	3.501194364651814
SEQC_st1|rand_468	2.9981779159212936
SEQC_st1|rand_469	3.203476847292558
SEQC_st1|rand_470	3.6918439350113577
SEQC_st1|rand_471	3.2850014518308903
SEQC_st1|rand_472	3.30755936358582
SEQC_st1|rand_473	3.593376527466384
SEQC_st1|rand_474	3.3792280079986696
SEQC_st1|rand_475	3.573733179283723
SEQC_st1|rand_476	3.082902430931207
SEQC_st1|rand_477	3.615844951677081
SEQC_st1|rand_478	3.580047378951266
SEQC_st1|rand_479	3.6896839369209244
SEQC_st1|rand_480	3.3131910167440792
SEQC_st1|rand_481	3.624635654384657
SEQC_st1|rand_482	3.6089747670157686
SEQC_st1|rand_483	3.391707254310757
SEQC_st1|rand_484	3.5627667926707303
SEQC_st1|rand_485	3.1589799217681125
SEQC_st1|rand_486	3.572919553550166
SEQC_st1|rand_487	3.2189986801885198
SEQC_st1|rand_488	3.137258304698385
SEQC_st1|rand_489	3.390080003811939
SEQC_st1|rand_490	3.278193302276483
SEQC_st1|rand_491	3.722255298488996
SEQC_st1|rand_492	3.5774932024024833
SEQC_st1|rand_493	3.2140900391962144
SEQC_st1|rand_494	3.6446093574716567
SEQC_st1|rand_495	3.3492458082638645
SEQC_st1|rand_496	3.6319773370006625
SEQC_st1|rand_497	3.1168504698045014
SEQC_st1|rand_498	3.3276079133855196
SEQC_st1|rand_499	3.5648946287398062
SEQC_st1|rand_500	3.05071808736216
SEQC_st1|rand_501	3.0406156857867623
SEQC_st1|rand_502	3.428212485008709
SEQC_st1|rand_503	3.2245020985904085
SEQC_st1|rand_504	3.705569414553977
SEQC_st1|rand_505	3.445983018474859
SEQC_st1|rand_506	3.24873234345473
SEQC_st1|rand_507	3.233880213131087
SEQC_st1|rand_508	3.433172132729563
SEQC_st1|rand_509	3.3564026022262667
SEQC_st1|rand_510	2.966099217478501
SEQC_st1|rand_511	3.3098597481461596
SEQC_st1|rand_512	3.4231851172326717
SEQC_st1|rand_513	3.5167309634060344
SEQC_st1|rand_514	3.1303850008392353
SEQC_st1|rand_515	3.6357928460610323
SEQC_st1|rand_516	3.403255374778757
SEQC_st1|rand_517	3.303588099365372
SEQC_st1|rand_518	3.470125844667073
SEQC_st1|rand_519	3.202173758192679
SEQC_st1|rand_520	3.415103382542701
SEQC_st1|rand_521	3.779993741901349
SEQC_st1|rand_522	3.4765700687418692
SEQC_st1|rand_523	3.3422731166705444
SEQC_st1|rand_524	3.49599068969858
SEQC_st1|rand_525	3.288129613809206
SEQC_st1|rand_526	3.66645445143668
SEQC_st1|rand_527	3.578714389029063
SEQC_st1|rand_528	3.4310879232268916
SEQC_st1|rand_529	3.3829480237501603
SEQC_st1|rand_530	3.3843491302334074
SEQC_st1|rand_531	3.653230421930854
SEQC_st1|rand_532	3.534877534352759
SEQC_st1|rand_533	3.252338436645931
SEQC_st1|rand_534	3.34086936699397
SEQC_st1|rand_535	3.470482761837982
SEQC_st1|rand_536	3.4934318186768825
SEQC_st1|rand_537	3.3573444215626638
SEQC_st1|rand_538	3.331473893302956
SEQC_st1|rand_539	3.3288374243832797
SEQC_st1|rand_540	3.362735958680336
SEQC_st1|rand_541	3.460316695307635
SEQC_st1|rand_542	3.0876536982261666
SEQC_st1|rand_543	3.778919919045076
SEQC_st1|rand_544	3.328573470689315
SEQC_st1|rand_545	3.3483081919436573
SEQC_st1|rand_546	3.5984461204257405
SEQC_st1|rand_547	3.6607737808178245
SEQC_st1|rand_548	3.44931447039096
SEQC_st1|rand_549	3.4623173569859
SEQC_st1|rand_550	3.407104859698257
SEQC_st1|rand_551	3.4103935230422344
SEQC_st1|rand_552	3.466233113627916
SEQC_st1|rand_553	3.708126367043205
SEQC_st1|rand_554	3.603065393647829
SEQC_st1|rand_555	3.763368102459051
SEQC_st1|rand_556	3.0766764633963133
SEQC_st1|rand_557	3.5046604828760204
SEQC_st1|rand_558	3.4055826501881796
SEQC_st1|rand_559	3.2972363000584854
SEQC_st1|rand_560	3.62723400812799
SEQC_st1|rand_561	3.631329791716734
SEQC_st1|rand_562	3.3964641615084568
SEQC_st1|rand_563	3.3220614982375305
SEQC_st1|rand_564	3.0223688337912873
SEQC_st1|rand_565	3.352987827140892
SEQC_st1|rand_566	3.4164807896521427
SEQC_st1|rand_567	3.6258500603449217
SEQC_st1|rand_568	3.5244994007297037
SEQC_st1|rand_569	3.3946835779230247
SEQC_st1|rand_570	3.401732154507797
SEQC_st1|rand_571	3.3005883790921473
SEQC_st1|rand_572	3.8908180985110024
SEQC_st1|rand_573	3.2362120293212238
SEQC_st1|rand_574	3.596620959396527
SEQC_st1|rand_575	3.2627762252341954
SEQC_st1|rand_576	3.4705419689865806
SEQC_st1|rand_577	3.6442816774496807
SEQC_st1|rand_578	3.8164007015982153
SEQC_st1|rand_579	3.8758262234077283
SEQC_st1|rand_580	3.4609069706830162
SEQC_st1|rand_581	3.5923004927739353
SEQC_st1|rand_582	3.4224909635364895
SEQC_st1|rand_583	3.5091766408655496
SEQC_st1|rand_584	3.354568552034888
SEQC_st1|rand_585	3.4789130905630588
SEQC_st1|rand_586	3.3993646547395135
SEQC_st1|rand_587	3.2828670432208993
SEQC_st1|rand_588	3.316507201488249
SEQC_st1|rand_589	3.6006875968482084
SEQC_st1|rand_590	3.338235192423496
SEQC_st1|rand_591	3.251419707469257
SEQC_st1|rand_592	3.3867082482518454
SEQC_st1|rand_593	3.414686557426685
SEQC_st1|rand_594	3.3491882940825777
SEQC_st1|rand_595	3.367484263254593
SEQC_st1|rand_596	3.668411517891707
SEQC_st1|rand_597	3.479295083053642
SEQC_st1|rand_598	3.6791432900841268
SEQC_st1|rand_599	3.3705063590098696
SEQC_st1|rand_600	3.3055308130569223
SEQC_st1|rand_601	3.434591952154519
SEQC_st1|rand_602	3.6104512199646996
SEQC_st1|rand_603	3.5088403885199217
SEQC_st1|rand_604	3.3310211013752458
SEQC_st1|rand_605	3.2773974699176955
SEQC_st1|rand_606	3.605244069490762
SEQC_st1|rand_607	3.3763854249298295
SEQC_st1|rand_608	3.3832051848765876
SEQC_st1|rand_609	3.4246498395539304
SEQC_st1|rand_610	3.5041991026170347
SEQC_st1|rand_611	3.2287674148035164
SEQC_st1|rand_612	3.3749114631800237
SEQC_st1|rand_613	3.41258249864967
SEQC_st1|rand_614	3.4666576023889353
SEQC_st1|rand_615	3.3634716975783667
SEQC_st1|rand_616	3.5667162824317695
SEQC_st1|rand_617	3.52301969326784
SEQC_st1|rand_618	3.7018751864691737
SEQC_st1|rand_619	3.448170035002305
SEQC_st1|rand_620	3.446796313673261
SEQC_st1|rand_621	3.5910972801407706
SEQC_st1|rand_622	3.399442005704483
SEQC_st1|rand_623	3.5706185190661848
SEQC_st1|rand_624	3.9281247161866615
SEQC_st1|rand_625	3.252363353117299
SEQC_st1|rand_626	3.2555041236311797
SEQC_st1|rand_627	3.5912425462531257
SEQC_st1|rand_628	3.3947044561246758
SEQC_st1|rand_629	3.6705670520199485
SEQC_st1|rand_630	3.526325696803291
SEQC_st1|rand_631	3.4062814493147644
SEQC_st1|rand_632	3.208619482792709
SEQC_st1|rand_633	3.364719001140937
SEQC_st1|rand_634	3.239984515127342
SEQC_st1|rand_635	3.356580011905565
SEQC_st1|rand_636	3.537140488569418
SEQC_st1|rand_637	3.382950536585998
SEQC_st1|rand_638	3.3014733083950407
SEQC_st1|rand_639	3.488641100356679
SEQC_st1|rand_640	3.274910825851403
SEQC_st1|rand_641	3.414348053242434
SEQC_st1|rand_642	3.182145218503381
SEQC_st1|rand_643	3.1568764294935954
SEQC_st1|rand_644	3.6009368832443784
SEQC_st1|rand_645	3.0688105600466216
SEQC_st1|rand_646	3.605335315444009
SEQC_st1|rand_647	3.4775236238685845
SEQC_st1|rand_648	3.7991292026540155
SEQC_st1|rand_649	3.4709881861660032
SEQC_st1|rand_650	3.268207722417079
SEQC_st1|rand_651	3.236658309446101
SEQC_st1|rand_652	3.2846596948812814
SEQC_st1|rand_653	3.6788392310374367
SEQC_st1|rand_654	3.5134241538951887
SEQC_st1|rand_655	3.2112854433912115
SEQC_st1|rand_656	3.5168877037796626
SEQC_st1|rand_657	3.7361392797231723
SEQC_st1|rand_658	3.6159899236740625
SEQC_st1|rand_659	3.2590687935948863
SEQC_st1|rand_660	3.3588465489393187
SEQC_st1|rand_661	3.443827631999391
SEQC_st1|rand_662	3.272184918250274
SEQC_st1|rand_663	3.4661587184079288
SEQC_st1|rand_664	3.4749572607951382
SEQC_st1|rand_665	3.5272737327742463
SEQC_st1|rand_666	3.377181966864345
SEQC_st1|rand_667	3.2535999071614867
SEQC_st1|rand_668	3.57866781457196
SEQC_st1|rand_669	3.5434775384756527
SEQC_st1|rand_670	3.394042107548847
SEQC_st1|rand_671	3.437694299965003
SEQC_st1|rand_672	3.290674715626447
SEQC_st1|rand_673	3.5604944530798894
SEQC_st1|rand_674	3.327206291897595
SEQC_st1|rand_675	3.34451009167406
SEQC_st1|rand_676	3.5442645280218943
SEQC_st1|rand_677	3.496719214482432
SEQC_st1|rand_678	3.4865791975017375
SEQC_st1|rand_679	3.6899251457244917
SEQC_st1|rand_680	3.736859513744928
SEQC_st1|rand_681	3.1501846825069904
SEQC_st1|rand_682	3.006048867990607
SEQC_st1|rand_683	3.4136623849897583
SEQC_st1|rand_684	3.217651573936117
SEQC_st1|rand_685	3.3001796723618746
SEQC_st1|rand_686	3.555734065033598
SEQC_st1|rand_687	3.409035105607661
SEQC_st1|rand_688	3.3878218374613702
SEQC_st1|rand_689	3.6361196232501936
SEQC_st1|rand_690	3.487355912312004
SEQC_st1|rand_691	3.001831396785175
SEQC_st1|rand_692	3.086441428771258
SEQC_st1|rand_693	3.202447208261144
SEQC_st1|rand_694	3.5868856808036482
SEQC_st1|rand_695	3.4006888220335822
SEQC_st1|rand_696	3.631002978045177
SEQC_st1|rand_697	3.4543666572146754
SEQC_st1|rand_698	3.290334206166943
SEQC_st1|rand_699	3.6378933671980755
SEQC_st1|rand_700	3.726367500776932
SEQC_st1|rand_701	3.2134720002026618
SEQC_st1|rand_702	3.4475358490965005
SEQC_st1|rand_703	3.1483309632614307
SEQC_st1|rand_704	3.258738814832987
SEQC_st1|rand_705	3.4865363857773812
SEQC_st1|rand_706	3.2341878987140413
SEQC_st1|rand_707	3.4185033904088926
SEQC_st1|rand_708	3.598420856098854
SEQC_st1|rand_709	3.1692004130722036
SEQC_st1|rand_710	3.49655290350716
SEQC_st1|rand_711	3.438892809479749
SEQC_st1|rand_712	3.392111423897966
SEQC_st1|rand_713	3.450464694315498
SEQC_st1|rand_714	3.2890627158415455
SEQC_st1|rand_715	3.5286332390506936
SEQC_st1|rand_716	3.3540018574389996
SEQC_st1|rand_717	2.9752699366126802
SEQC_st1|rand_718	3.441220348736342
SEQC_st1|rand_719	3.26863058539355
SEQC_st1|rand_720	3.590446321176514
SEQC_st1|rand_721	3.310214303509699
SEQC_st1|rand_722	3.2806018280673563
SEQC_st1|rand_723	3.2133816178259247
SEQC_st1|rand_724	3.1573228239194964
SEQC_st1|rand_725	3.372523886356906
SEQC_st1|rand_726	3.500795328249807
SEQC_st1|rand_727	3.431867657571906
SEQC_st1|rand_728	3.4875883131552206
SEQC_st1|rand_729	3.285470773346454
SEQC_st1|rand_730	3.8528652435090445
SEQC_st1|rand_731	3.3929205526149357
SEQC_st1|rand_732	3.4639102430578723
SEQC_st1|rand_733	3.2949404319500535
SEQC_st1|rand_734	3.6962136850104232
SEQC_st1|rand_735	3.46286299744656
SEQC_st1|rand_736	3.4796996869408092
SEQC_st1|rand_737	3.485716580674492
SEQC_st1|rand_738	3.2319375064104774
SEQC_st1|rand_739	3.7048149467542824
SEQC_st1|rand_740	3.4291042540197227
SEQC_st1|rand_741	3.43193496976153
SEQC_st1|rand_742	3.288666051032376
SEQC_st1|rand_743	3.2678617225685294
SEQC_st1|rand_744	3.8433963914066887
SEQC_st1|rand_745	3.4816696342785622
SEQC_st1|rand_746	3.6039476182712473
SEQC_st1|rand_747	3.5565354308241584
SEQC_st1|rand_748	3.3626101266653596
SEQC_st1|rand_749	3.6178411224565776
SEQC_st1|rand_750	3.5052591047115995
SEQC_st1|rand_751	3.339033580916824
SEQC_st1|rand_752	3.109655746553719
SEQC_st1|rand_753	3.2422059278019955
SEQC_st1|rand_754	3.339084568425378
SEQC_st1|rand_755	3.2447268424155955
SEQC_st1|rand_756	3.415532301758954
SEQC_st1|rand_757	3.63375360023836
SEQC_st1|rand_758	3.5623341183310977
SEQC_st1|rand_759	3.5373698487419727
SEQC_st1|rand_760	3.319247918778428
SEQC_st1|rand_761	3.50640229204219
SEQC_st1|rand_762	3.425353006516961
SEQC_st1|rand_763	3.762088114682976
SEQC_st1|rand_764	3.1884569015846007
SEQC_st1|rand_765	3.1255248335028836
SEQC_st1|rand_766	3.165652236491437
SEQC_st1|rand_767	3.697446206829114
SEQC_st1|rand_768	3.3673830921432053
SEQC_st1|rand_769	3.590110944258849
SEQC_st1|rand_770	3.165439046009434
SEQC_st1|rand_771	3.3908777850517553
SEQC_st1|rand_772	3.4377479404439644
SEQC_st1|rand_773	3.5934184525499377
SEQC_st1|rand_774	3.6541422290914074
SEQC_st1|rand_775	3.4295142695264285
SEQC_st1|rand_776	3.267502700586082
SEQC_st1|rand_777	3.7345578102195116
SEQC_st1|rand_778	3.4386859369955776
SEQC_st1|rand_779	3.4210507472219622
SEQC_st1|rand_780	3.65193382921851
SEQC_st1|rand_781	3.567911729922411
SEQC_st1|rand_782	3.6167310679057736
SEQC_st1|rand_783	3.3421015963089555
SEQC_st1|rand_784	3.271772458550281
SEQC_st1|rand_785	3.532309375422864
SEQC_st1|rand_786	3.1256576672381393
SEQC_st1|rand_787	3.5537488451891632
SEQC_st1|rand_788	3.278165052008397
SEQC_st1|rand_789	3.7502810846754424
SEQC_st1|rand_790	3.503857635931169
SEQC_st1|rand_791	3.2491652459385936
SEQC_st1|rand_792	3.3656596763371436
SEQC_st1|rand_793	3.4151784448478293
SEQC_st1|rand_794	3.1647015336310877
SEQC_st1|rand_795	3.2444749369670536
SEQC_st1|rand_796	3.385812492020123
SEQC_st1|rand_797	3.3742450671830513
SEQC_st1|rand_798	3.616129667253218
SEQC_st1|rand_799	3.1664485218878724
SEQC_st1|rand_800	3.1516050238330178
SEQC_st1|rand_801	3.608770158611546
SEQC_st1|rand_802	3.5747219018627336
SEQC_st1|rand_803	3.583678351817265
SEQC_st1|rand_804	3.451596262833212
SEQC_st1|rand_805	3.4137807651897543
SEQC_st1|rand_806	3.627566088292626
SEQC_st1|rand_807	3.6753401715671807
SEQC_st1|rand_808	3.6164174429277525
SEQC_st1|rand_809	2.933001562562145
SEQC_st1|rand_810	3.1521778644171756
SEQC_st1|rand_811	3.546733284591915
SEQC_st1|rand_812	3.5321315222613716
SEQC_st1|rand_813	3.2634091980304185
SEQC_st1|rand_814	3.472256085952029
SEQC_st1|rand_815	3.2752954207898792
SEQC_st1|rand_816	3.644432181643722
SEQC_st1|rand_817	3.494679623255552
SEQC_st1|rand_818	3.625634544038613
SEQC_st1|rand_819	3.728925465812595
SEQC_st1|rand_820	3.641850405844017
SEQC_st1|rand_821	3.2397834637843674
SEQC_st1|rand_822	3.5739302639329447
SEQC_st1|rand_823	3.3029698964854366
SEQC_st1|rand_824	3.2882985382679406
SEQC_st1|rand_825	3.700270263426418
SEQC_st1|rand_826	3.4156967017968434
SEQC_st1|rand_827	3.609988934313528
SEQC_st1|rand_828	3.209997398697671
SEQC_st1|rand_829	3.643044597758889
SEQC_st1|rand_830	3.6556493502834377
SEQC_st1|rand_831	3.591593905172351
SEQC_st1|rand_832	3.0052329341321493
SEQC_st1|rand_833	3.5376084985640204
SEQC_st1|rand_834	3.55641569289474
SEQC_st1|rand_835	3.565404703010514
SEQC_st1|rand_836	3.4453906741384577
SEQC_st1|rand_837	3.4933737355854744
SEQC_st1|rand_838	3.4222836851579306
SEQC_st1|rand_839	3.5469618671966314
SEQC_st1|rand_840	3.618294193702691
SEQC_st1|rand_841	3.52576067467646
SEQC_st1|rand_842	3.3709125622850076
SEQC_st1|rand_843	3.2909681379464493
SEQC_st1|rand_844	3.304403134951952
SEQC_st1|rand_845	3.30978250996883
SEQC_st1|rand_846	3.5578315790867783
SEQC_st1|rand_847	3.401663076701742
SEQC_st1|rand_848	3.1850462464876865
SEQC_st1|rand_849	3.6578226404164633
SEQC_st1|rand_850	2.9181735791042684
SEQC_st1|rand_851	3.4234475600267356
SEQC_st1|rand_852	3.6494639385264698
SEQC_st1|rand_853	3.443236706001301
SEQC_st1|rand_854	3.6485291634877863
SEQC_st1|rand_855	3.3165805032002256
SEQC_st1|rand_856	3.042447612758033
SEQC_st1|rand_857	3.4966949410995745
SEQC_st1|rand_858	3.5566275255947453
SEQC_st1|rand_859	3.4454929012938655
SEQC_st1|rand_860	3.3755821929994547
SEQC_st1|rand_861	3.546470140267263
SEQC_st1|rand_862	3.2526059922894612
SEQC_st1|rand_863	3.590091292983007
SEQC_st1|rand_864	3.162169942138235
SEQC_st1|rand_865	3.49753116349493
SEQC_st1|rand_866	3.0991033057175286
SEQC_st1|rand_867	3.7341257724240373
SEQC_st1|rand_868	3.4996292873693684
SEQC_st1|rand_869	3.088603612344667
SEQC_st1|rand_870	3.296874927452179
SEQC_st1|rand_871	3.24935988770188
SEQC_st1|rand_872	3.4641919239941865
SEQC_st1|rand_873	3.525710932899641
SEQC_st1|rand_874	3.542274048738759
SEQC_st1|rand_875	3.361655948084926
SEQC_st1|rand_876	3.6631270370162405
SEQC_st1|rand_877	3.491916956218991
SEQC_st1|rand_878	3.3094995427571767
SEQC_st1|rand_879	3.3840210621591127
SEQC_st1|rand_880	3.404234479926065
SEQC_st1|rand_881	3.311274973739222
SEQC_st1|rand_882	3.3014494040345785
SEQC_st1|rand_883	3.236790813483106
SEQC_st1|rand_884	3.6271943210442146
SEQC_st1|rand_885	3.514417466904162
SEQC_st1|rand_886	3.6231728358428916
SEQC_st1|rand_887	3.110132330945659
SEQC_st1|rand_888	3.3740015133566073
SEQC_st1|rand_889	3.8900141137608335
SEQC_st1|rand_890	3.1337265681173405
SEQC_st1|rand_891	3.515073057860206
SEQC_st1|rand_892	3.386249418349481
SEQC_st1|rand_893	3.035648043734813
SEQC_st1|rand_894	3.6383614561766033
SEQC_st1|rand_895	3.2766282800194926
SEQC_st1|rand_896	3.7026838958910306
SEQC_st1|rand_897	3.6145498597367984
SEQC_st1|rand_898	3.226108040372119
SEQC_st1|rand_899	3.5970947073306476
SEQC_st1|rand_900	2.9591073140899704
SEQC_st1|rand_901	3.6057402978202284
SEQC_st1|rand_902	3.3088375225656104
SEQC_st1|rand_903	3.6839081928947985
SEQC_st1|rand_904	3.2195773103013847
SEQC_st1|rand_905	3.26619426125752
SEQC_st1|rand_906	3.5274228432105246
SEQC_st1|rand_907	3.2804045033869986
SEQC_st1|rand_908	3.3862301366196164
SEQC_st1|rand_909	3.5127581894107567
SEQC_st1|rand_910	3.364662661396689
SEQC_st1|rand_911	3.385685601523643
SEQC_st1|rand_912	3.6028097932031846
SEQC_st1|rand_913	3.429684348807408
SEQC_st1|rand_914	3.7524102624961837
SEQC_st1|rand_915	3.1815899199323114
SEQC_st1|rand_916	3.128558497524684
SEQC_st1|rand_917	3.520301800743714
SEQC_st1|rand_918	3.2874729195468646
SEQC_st1|rand_919	3.6291625241595478
SEQC_st1|rand_920	3.508175075317996
SEQC_st1|rand_921	3.686521131952312
SEQC_st1|rand_922	3.4700720927093234
SEQC_st1|rand_923	3.398181343606359
SEQC_st1|rand_924	3.347097263119924
SEQC_st1|rand_925	3.304302358197853
SEQC_st1|rand_926	2.8339850662096184
SEQC_st1|rand_927	3.297978717322573
SEQC_st1|rand_928	3.4870171524988383
SEQC_st1|rand_929	3.502532635516881
SEQC_st1|rand_930	3.3580095186002983
SEQC_st1|rand_931	3.579868324887275
SEQC_st1|rand_932	3.157700008600743
SEQC_st1|rand_933	3.237595976387914
SEQC_st1|rand_934	3.421078757766587
SEQC_st1|rand_935	3.349049752591065
SEQC_st1|rand_936	3.751340133786244
SEQC_st1|rand_937	3.2834191406593356
SEQC_st1|rand_938	3.442033799189784
SEQC_st1|rand_939	3.0544311941383375
SEQC_st1|rand_940	3.344321246629563
SEQC_st1|rand_941	3.538948278057479
SEQC_st1|rand_942	3.3162530576283835
SEQC_st1|rand_943	3.645891351399133
SEQC_st1|rand_944	3.487415530644843
SEQC_st1|rand_945	3.425124107220173
SEQC_st1|rand_946	3.398873728853372
SEQC_st1|rand_947	3.578099287176726
SEQC_st1|rand_948	3.37277663615673
SEQC_st1|rand_949	3.4793048576881174
SEQC_st1|rand_950	3.595469666949059
SEQC_st1|rand_951	3.159633273043635
SEQC_st1|rand_952	3.523580273626649
SEQC_st1|rand_953	3.3534171748174586
SEQC_st1|rand_954	3.4331462413169467
SEQC_st1|rand_955	3.5765362659178304
SEQC_st1|rand_956	3.3246980330089073
SEQC_st1|rand_957	3.6899063324986585
SEQC_st1|rand_958	3.563788798064821
SEQC_st1|rand_959	3.795239582923894
SEQC_st1|rand_960	3.1849392012350513
SEQC_st1|rand_961	3.349193556161112
SEQC_st1|rand_962	3.5485935043199186
SEQC_st1|rand_963	3.7273618182511408
SEQC_st1|rand_964	3.6015263853220927
SEQC_st1|rand_965	3.4235963709606008
SEQC_st1|rand_966	2.9882927696452306
SEQC_st1|rand_967	3.421098498899592
SEQC_st1|rand_968	3.2587528631785845
SEQC_st1|rand_969	3.2427643271808937
SEQC_st1|rand_970	3.568820566411964
SEQC_st1|rand_971	3.508101643108783
SEQC_st1|rand_972	3.8255998981584463
SEQC_st1|rand_973	3.410522758962285
SEQC_st1|rand_974	3.700719109752748
SEQC_st1|rand_975	3.4236443411006747
SEQC_st1|rand_976	3.3940254717259704
SEQC_st1|rand_977	3.3365668795937844
SEQC_st1|rand_978	3.49319879047853
SEQC_st1|rand_979	3.298767041393124
SEQC_st1|rand_980	3.572332784519674
SEQC_st1|rand_981	3.3002993546850843
SEQC_st1|rand_982	3.4442295149375246
SEQC_st1|rand_983	3.2352266516633503
SEQC_st1|rand_984	3.186881938965078
SEQC_st1|rand_985	3.697247883997641
SEQC_st1|rand_986	3.6624337488585117
SEQC_st1|rand_987	3.541615405717827
SEQC_st1|rand_988	3.345003782495057
SEQC_st1|rand_989	3.4697940138794654
SEQC_st1|rand_990	3.7036283601104794
SEQC_st1|rand_991	3.4216490230027037
SEQC_st1|rand_992	3.4288695681979178
SEQC_st1|rand_993	3.456973441624171
SEQC_st1|rand_994	3.1492331493200028
SEQC_st1|rand_995	2.876416197790944
SEQC_st1|rand_996	3.4653628344778653
SEQC_st1|rand_997	2.744229319304353
SEQC_st1|rand_998	3.637512944565097
SEQC_st1|rand_999	3.445936751925021
SEQC_st1|rand_1000	3.752601300170224
SEQC_st2|rand_1	3.6599863677105438
SEQC_st2|rand_2	3.4580650802577626
SEQC_st2|rand_3	3.838180957944413
SEQC_st2|rand_4	3.728911183468485
SEQC_st2|rand_5	3.331131186631382
SEQC_st2|rand_6	3.6788919643794595
SEQC_st2|rand_7	3.717866501845348
SEQC_st2|rand_8	3.158333703845027
SEQC_st2|rand_9	3.587749930485176
SEQC_st2|rand_10	3.480271119675671
SEQC_st2|rand_11	3.471944188876136
SEQC_st2|rand_12	3.5383866349247035
SEQC_st2|rand_13	3.566297510789376
SEQC_st2|rand_14	3.4274915694515014
SEQC_st2|rand_15	3.4358107647963094
SEQC_st2|rand_16	3.179833067574186
SEQC_st2|rand_17	3.417930137572915
SEQC_st2|rand_18	3.3150939536256283
SEQC_st2|rand_19	3.4817049153903423
SEQC_st2|rand_20	3.2001624493172924
SEQC_st2|rand_21	3.6668336731019844
SEQC_st2|rand_22	3.6324277229884463
SEQC_st2|rand_23	3.4733317434736466
SEQC_st2|rand_24	3.293141677361605
SEQC_st2|rand_25	3.5944493052345416
SEQC_st2|rand_26	3.4001311003104253
SEQC_st2|rand_27	3.690184047250932
SEQC_st2|rand_28	3.5613604621571837
SEQC_st2|rand_29	3.5540752552248116
SEQC_st2|rand_30	3.198822784399471
SEQC_st2|rand_31	3.4358579209495477
SEQC_st2|rand_32	3.3936939312302985
SEQC_st2|rand_33	3.0448225527289274
SEQC_st2|rand_34	3.577536523583687
SEQC_st2|rand_35	3.5352847601756263
SEQC_st2|rand_36	3.249169265196277
SEQC_st2|rand_37	3.476735709705835
SEQC_st2|rand_38	3.7222653594310255
SEQC_st2|rand_39	3.068682599471251
SEQC_st2|rand_40	3.5089741944158055
SEQC_st2|rand_41	3.457167618289696
SEQC_st2|rand_42	3.646437245481706
SEQC_st2|rand_43	3.1841316388793124
SEQC_st2|rand_44	3.791717751460814
SEQC_st2|rand_45	3.386342244926243
SEQC_st2|rand_46	3.1515775131827852
SEQC_st2|rand_47	3.417393407287212
SEQC_st2|rand_48	3.3746230948791327
SEQC_st2|rand_49	3.3851772675834537
SEQC_st2|rand_50	3.3116326532346307
SEQC_st2|rand_51	3.466240774305705
SEQC_st2|rand_52	3.818183257455933
SEQC_st2|rand_53	3.6428996915730907
SEQC_st2|rand_54	3.5286914425369496
SEQC_st2|rand_55	3.9301471089613274
SEQC_st2|rand_56	3.350190342758047
SEQC_st2|rand_57	3.4231065253458044
SEQC_st2|rand_58	3.191157737410589
SEQC_st2|rand_59	3.510338650880441
SEQC_st2|rand_60	3.3001539918231644
SEQC_st2|rand_61	3.5436866277476144
SEQC_st2|rand_62	3.6484840575735418
SEQC_st2|rand_63	3.6677872764612793
SEQC_st2|rand_64	3.43277296472466
SEQC_st2|rand_65	3.2210512898099832
SEQC_st2|rand_66	3.524787267825071
SEQC_st2|rand_67	3.859213947551044
SEQC_st2|rand_68	3.314415359101275
SEQC_st2|rand_69	3.5354503051143586
SEQC_st2|rand_70	3.1366529696959824
SEQC_st2|rand_71	3.518668948413573
SEQC_st2|rand_72	3.5761832125804416
SEQC_st2|rand_73	3.473883581109681
SEQC_st2|rand_74	3.4685232056551873
SEQC_st2|rand_75	3.6271933907194054
SEQC_st2|rand_76	3.4359357072391683
SEQC_st2|rand_77	3.809436345771601
SEQC_st2|rand_78	3.3396071388914486
SEQC_st2|rand_79	3.683858651976497
SEQC_st2|rand_80	3.0351076147368197
SEQC_st2|rand_81	3.3589595005760406
SEQC_st2|rand_82	3.7256133238627256
SEQC_st2|rand_83	3.392928911801415
SEQC_st2|rand_84	3.5559573037673435
SEQC_st2|rand_85	3.40362137429022
SEQC_st2|rand_86	3.316673551576693
SEQC_st2|rand_87	3.0846759362531535
SEQC_st2|rand_88	3.939817191319122
SEQC_st2|rand_89	3.505251489424926
SEQC_st2|rand_90	3.4070044343496466
SEQC_st2|rand_91	3.5660875958514993
SEQC_st2|rand_92	3.065940414553461
SEQC_st2|rand_93	3.2336496914724133
SEQC_st2|rand_94	3.349387147438732
SEQC_st2|rand_95	3.267215247164012
SEQC_st2|rand_96	3.409191895613041
SEQC_st2|rand_97	3.4551023208660063
SEQC_st2|rand_98	3.7734612332015947
SEQC_st2|rand_99	3.3763871263355076
SEQC_st2|rand_100	3.5291177702996666
SEQC_st2|rand_101	3.6950427856259394
SEQC_st2|rand_102	3.4353661700180096
SEQC_st2|rand_103	3.507634574168443
SEQC_st2|rand_104	3.3225783512066123
SEQC_st2|rand_105	3.729579363014642
SEQC_st2|rand_106	3.4525320861548168
SEQC_st2|rand_107	3.611567973760184
SEQC_st2|rand_108	3.6064154556599735
SEQC_st2|rand_109	3.3812613946662338
SEQC_st2|rand_110	3.713410567778416
SEQC_st2|rand_111	3.348774511129168
SEQC_st2|rand_112	3.4512407982841316
SEQC_st2|rand_113	3.317136340532811
SEQC_st2|rand_114	3.459338269352881
SEQC_st2|rand_115	3.2957079307676667
SEQC_st2|rand_116	3.6581930792585413
SEQC_st2|rand_117	3.484923085858226
SEQC_st2|rand_118	3.0567040032478516
SEQC_st2|rand_119	3.521817322778617
SEQC_st2|rand_120	3.4452145385355992
SEQC_st2|rand_121	3.0785831074010788
SEQC_st2|rand_122	3.7879694387309857
SEQC_st2|rand_123	3.7902814721907747
SEQC_st2|rand_124	3.7300421400620314
SEQC_st2|rand_125	3.4837749180204196
SEQC_st2|rand_126	3.824363226850469
SEQC_st2|rand_127	3.355928530620182
SEQC_st2|rand_128	3.2728527927364754
SEQC_st2|rand_129	3.389342002290156
SEQC_st2|rand_130	3.4055488374005245
SEQC_st2|rand_131	3.2890525988592585
SEQC_st2|rand_132	2.8805340097021004
SEQC_st2|rand_133	3.5642483698741216
SEQC_st2|rand_134	3.6965573723768963
SEQC_st2|rand_135	3.5265151234081564
SEQC_st2|rand_136	3.3771735381304517
SEQC_st2|rand_137	3.4379950330932427
SEQC_st2|rand_138	3.6781734960183567
SEQC_st2|rand_139	3.491254108104144
SEQC_st2|rand_140	3.632513467447798
SEQC_st2|rand_141	3.9163264513001357
SEQC_st2|rand_142	3.6934974856561653
SEQC_st2|rand_143	3.6761055826375313
SEQC_st2|rand_144	3.295637874701883
SEQC_st2|rand_145	3.555132732459433
SEQC_st2|rand_146	3.6761627485675805
SEQC_st2|rand_147	3.7760336423625755
SEQC_st2|rand_148	3.0852340895304198
SEQC_st2|rand_149	3.3126210231293443
SEQC_st2|rand_150	3.501806493381461
SEQC_st2|rand_151	3.6764998524870682
SEQC_st2|rand_152	3.3292845797405644
SEQC_st2|rand_153	3.4588953622894474
SEQC_st2|rand_154	3.3344522069730025
SEQC_st2|rand_155	3.456600653318403
SEQC_st2|rand_156	3.543742292411218
SEQC_st2|rand_157	3.774872365355201
SEQC_st2|rand_158	3.2935464279891713
SEQC_st2|rand_159	3.4884437920800044
SEQC_st2|rand_160	3.585707479420803
SEQC_st2|rand_161	3.273496847265286
SEQC_st2|rand_162	3.5650795253716048
SEQC_st2|rand_163	3.5545412253143405
SEQC_st2|rand_164	3.3904596308219275
SEQC_st2|rand_165	3.636859529614022
SEQC_st2|rand_166	3.3618277801514935
SEQC_st2|rand_167	3.5079275027065004
SEQC_st2|rand_168	3.345730271203201
SEQC_st2|rand_169	3.5022386312001723
SEQC_st2|rand_170	3.5000939875165873
SEQC_st2|rand_171	3.394662950958688
SEQC_st2|rand_172	3.7992578357094846
SEQC_st2|rand_173	3.605434632984836
SEQC_st2|rand_174	3.1532750702469894
SEQC_st2|rand_175	3.2349472822323997
SEQC_st2|rand_176	3.3883182358025694
SEQC_st2|rand_177	3.6311215350768316
SEQC_st2|rand_178	3.595356963429335
SEQC_st2|rand_179	3.3953331429579916
SEQC_st2|rand_180	3.6715183467242105
SEQC_st2|rand_181	3.1631436479381674
SEQC_st2|rand_182	3.498238370880409
SEQC_st2|rand_183	3.276018602415089
SEQC_st2|rand_184	3.4996440417565484
SEQC_st2|rand_185	3.4926403662750047
SEQC_st2|rand_186	3.2168254945480417
SEQC_st2|rand_187	3.3298698968509637
SEQC_st2|rand_188	3.308525232807495
SEQC_st2|rand_189	3.3927985636181637
SEQC_st2|rand_190	3.7484132451357612
SEQC_st2|rand_191	3.4236176189052703
SEQC_st2|rand_192	3.5054513155181324
SEQC_st2|rand_193	3.4155968198654096
SEQC_st2|rand_194	3.551667668577249
SEQC_st2|rand_195	3.1713736233791754
SEQC_st2|rand_196	3.4831044673628364
SEQC_st2|rand_197	3.5266011519349774
SEQC_st2|rand_198	3.41778239901861
SEQC_st2|rand_199	3.692446786849646
SEQC_st2|rand_200	3.245166656946528
SEQC_st2|rand_201	3.8413425758821584
SEQC_st2|rand_202	3.4789920758909103
SEQC_st2|rand_203	3.4221152538111674
SEQC_st2|rand_204	3.5060942533800263
SEQC_st2|rand_205	3.6231146792678612
SEQC_st2|rand_206	3.5725207194580775
SEQC_st2|rand_207	3.3760065295520323
SEQC_st2|rand_208	3.830496708298629
SEQC_st2|rand_209	3.9380891445263804
SEQC_st2|rand_210	3.4976327780753236
SEQC_st2|rand_211	3.484283247572899
SEQC_st2|rand_212	3.686270476163522
SEQC_st2|rand_213	3.801704251237759
SEQC_st2|rand_214	3.6100533275925653
SEQC_st2|rand_215	3.5851838648542835
SEQC_st2|rand_216	3.451172551594287
SEQC_st2|rand_217	3.5186690224883073
SEQC_st2|rand_218	3.131931382878651
SEQC_st2|rand_219	3.580524202718686
SEQC_st2|rand_220	3.7337499673905503
SEQC_st2|rand_221	3.2787921968245177
SEQC_st2|rand_222	3.826375453090579
SEQC_st2|rand_223	3.599193587007012
SEQC_st2|rand_224	3.3301326847854997
SEQC_st2|rand_225	3.019519026538388
SEQC_st2|rand_226	3.702321956955779
SEQC_st2|rand_227	3.5426036790407958
SEQC_st2|rand_228	3.714104050718245
SEQC_st2|rand_229	3.672911509226694
SEQC_st2|rand_230	3.468695881313745
SEQC_st2|rand_231	3.4810328150139678
SEQC_st2|rand_232	3.385124120357539
SEQC_st2|rand_233	3.4394680689188553
SEQC_st2|rand_234	2.9041085514059235
SEQC_st2|rand_235	3.175774159165644
SEQC_st2|rand_236	3.5508645690141587
SEQC_st2|rand_237	3.5781419963637644
SEQC_st2|rand_238	3.5976252641459436
SEQC_st2|rand_239	3.469018431047738
SEQC_st2|rand_240	3.8296619450531866
SEQC_st2|rand_241	3.603400832367445
SEQC_st2|rand_242	3.5252680544040986
SEQC_st2|rand_243	3.3731359695125094
SEQC_st2|rand_244	3.616863231620011
SEQC_st2|rand_245	3.2370478704991146
SEQC_st2|rand_246	3.664120912070806
SEQC_st2|rand_247	3.536159275962639
SEQC_st2|rand_248	3.766299303534435
SEQC_st2|rand_249	3.5450804148063333
SEQC_st2|rand_250	3.544535794408307
SEQC_st2|rand_251	3.810058501940404
SEQC_st2|rand_252	2.9204956726300315
SEQC_st2|rand_253	3.492820410400999
SEQC_st2|rand_254	3.7087197756151076
SEQC_st2|rand_255	3.549018490919489
SEQC_st2|rand_256	3.65978910823633
SEQC_st2|rand_257	3.703872712842455
SEQC_st2|rand_258	3.233106894172177
SEQC_st2|rand_259	3.3749999621570552
SEQC_st2|rand_260	3.5734839360237562
SEQC_st2|rand_261	3.4921814870712415
SEQC_st2|rand_262	3.5767821191401734
SEQC_st2|rand_263	3.122191674308339
SEQC_st2|rand_264	3.3959872509984717
SEQC_st2|rand_265	3.6705487710631233
SEQC_st2|rand_266	3.60239697814662
SEQC_st2|rand_267	3.264778826255505
SEQC_st2|rand_268	3.5978208612290565
SEQC_st2|rand_269	3.2256670270575825
SEQC_st2|rand_270	3.498367614614814
SEQC_st2|rand_271	3.481976761745434
SEQC_st2|rand_272	3.73070657460166
SEQC_st2|rand_273	3.474310567339815
SEQC_st2|rand_274	3.480210510236476
SEQC_st2|rand_275	3.6141692608255935
SEQC_st2|rand_276	3.1954278265061986
SEQC_st2|rand_277	3.23756784325903
SEQC_st2|rand_278	3.626566270493148
SEQC_st2|rand_279	3.611063161960886
SEQC_st2|rand_280	3.1316072873268186
SEQC_st2|rand_281	3.3862646699005023
SEQC_st2|rand_282	3.34963290884905
SEQC_st2|rand_283	3.562596757989713
SEQC_st2|rand_284	3.3954705383588686
SEQC_st2|rand_285	3.4545347027974866
SEQC_st2|rand_286	3.452208670391034
SEQC_st2|rand_287	3.350048659264831
SEQC_st2|rand_288	3.663137820638763
SEQC_st2|rand_289	3.4830219209484374
SEQC_st2|rand_290	3.716354698478468
SEQC_st2|rand_291	3.346249004020335
SEQC_st2|rand_292	3.8103637676935342
SEQC_st2|rand_293	3.5428355108791303
SEQC_st2|rand_294	3.3525905863938945
SEQC_st2|rand_295	3.2559145908720346
SEQC_st2|rand_296	3.5772079113912563
SEQC_st2|rand_297	3.8518395481385035
SEQC_st2|rand_298	3.515469089790636
SEQC_st2|rand_299	3.22050908176615
SEQC_st2|rand_300	3.6302987606369648
SEQC_st2|rand_301	3.758288409807848
SEQC_st2|rand_302	3.655784333066318
SEQC_st2|rand_303	3.3494007193470408
SEQC_st2|rand_304	3.595544661827119
SEQC_st2|rand_305	3.7982113793227246
SEQC_st2|rand_306	3.89138239394364
SEQC_st2|rand_307	3.429055944040049
SEQC_st2|rand_308	3.5608615662984064
SEQC_st2|rand_309	3.196176034626637
SEQC_st2|rand_310	3.325483633543827
SEQC_st2|rand_311	3.358897709271021
SEQC_st2|rand_312	3.819776646190762
SEQC_st2|rand_313	3.453206682643343
SEQC_st2|rand_314	3.3739123254101213
SEQC_st2|rand_315	3.5758822200400218
SEQC_st2|rand_316	3.3125242382417808
SEQC_st2|rand_317	3.507013722666757
SEQC_st2|rand_318	3.667633918829072
SEQC_st2|rand_319	3.2144104562216027
SEQC_st2|rand_320	3.1776367178043246
SEQC_st2|rand_321	3.5994553582996067
SEQC_st2|rand_322	3.6086679214010835
SEQC_st2|rand_323	3.45114820244458
SEQC_st2|rand_324	3.8994212857253867
SEQC_st2|rand_325	3.366839197474149
SEQC_st2|rand_326	3.3586217955007407
SEQC_st2|rand_327	3.598586119287107
SEQC_st2|rand_328	3.4339778651947355
SEQC_st2|rand_329	3.7171895381155715
SEQC_st2|rand_330	3.1647529429142747
SEQC_st2|rand_331	3.504725589180384
SEQC_st2|rand_332	3.711133779910134
SEQC_st2|rand_333	3.2121853123401
SEQC_st2|rand_334	3.6893773617073156
SEQC_st2|rand_335	3.400602962665038
SEQC_st2|rand_336	3.4936106904841093
SEQC_st2|rand_337	3.423611936232367
SEQC_st2|rand_338	3.6175671705871855
SEQC_st2|rand_339	3.683651968269969
SEQC_st2|rand_340	3.8576403439160267
SEQC_st2|rand_341	3.3164436027291515
SEQC_st2|rand_342	3.6145928499630955
SEQC_st2|rand_343	3.5690985571202742
SEQC_st2|rand_344	3.0583541778556773
SEQC_st2|rand_345	3.6425228740328457
SEQC_st2|rand_346	3.5494249613316478
SEQC_st2|rand_347	3.6636145465881493
SEQC_st2|rand_348	3.4824309425181803
SEQC_st2|rand_349	3.2903910168067774
SEQC_st2|rand_350	3.7767562585071865
SEQC_st2|rand_351	3.6053432253344337
SEQC_st2|rand_352	3.243932797774372
SEQC_st2|rand_353	3.3599807906184296
SEQC_st2|rand_354	3.2696831899154994
SEQC_st2|rand_355	3.9863088235931468
SEQC_st2|rand_356	3.600895976215431
SEQC_st2|rand_357	3.3465302871296236
SEQC_st2|rand_358	3.4333444102423774
SEQC_st2|rand_359	3.426845573805884
SEQC_st2|rand_360	3.0550932370402957
SEQC_st2|rand_361	3.2967717974044013
SEQC_st2|rand_362	3.2049028061217513
SEQC_st2|rand_363	3.1134846240919405
SEQC_st2|rand_364	3.451818298344313
SEQC_st2|rand_365	3.2514108649425233
SEQC_st2|rand_366	3.3686382818443885
SEQC_st2|rand_367	3.2974099668413173
SEQC_st2|rand_368	3.5891457524180264
SEQC_st2|rand_369	3.420070303200181
SEQC_st2|rand_370	3.5304842469675717
SEQC_st2|rand_371	3.5829518366674002
SEQC_st2|rand_372	3.763559778082609
SEQC_st2|rand_373	3.522329421642033
SEQC_st2|rand_374	3.7067569499933555
SEQC_st2|rand_375	3.419740611014992
SEQC_st2|rand_376	3.5715791677534012
SEQC_st2|rand_377	3.4704963659555648
SEQC_st2|rand_378	3.688537941502295
SEQC_st2|rand_379	3.1637462047346103
SEQC_st2|rand_380	2.8646639245295735
SEQC_st2|rand_381	3.305277345346728
SEQC_st2|rand_382	3.6317563211550463
SEQC_st2|rand_383	3.4163980069503266
SEQC_st2|rand_384	3.3673329118137483
SEQC_st2|rand_385	3.4310371083040505
SEQC_st2|rand_386	3.7585293793512227
SEQC_st2|rand_387	3.6112351955390984
SEQC_st2|rand_388	3.690581771200868
SEQC_st2|rand_389	3.1674114499381636
SEQC_st2|rand_390	3.7147592538572076
SEQC_st2|rand_391	3.4729466991148223
SEQC_st2|rand_392	3.1709781529681718
SEQC_st2|rand_393	3.5366338921123996
SEQC_st2|rand_394	3.6862362556046673
SEQC_st2|rand_395	3.1839797113402395
SEQC_st2|rand_396	3.4499926732512947
SEQC_st2|rand_397	3.3872645090493623
SEQC_st2|rand_398	3.7209247709765174
SEQC_st2|rand_399	3.541408872909653
SEQC_st2|rand_400	3.730133634152565
SEQC_st2|rand_401	3.4648679162745055
SEQC_st2|rand_402	3.481634713770578
SEQC_st2|rand_403	3.594540982918542
SEQC_st2|rand_404	3.119416594900184
SEQC_st2|rand_405	3.692976772789979
SEQC_st2|rand_406	3.4504188168221908
SEQC_st2|rand_407	3.125240752621444
SEQC_st2|rand_408	3.558068909708254
SEQC_st2|rand_409	3.523231593349444
SEQC_st2|rand_410	3.500852589099332
SEQC_st2|rand_411	3.311086578600886
SEQC_st2|rand_412	3.581365618927986
SEQC_st2|rand_413	3.5261484081788868
SEQC_st2|rand_414	3.2882244388314983
SEQC_st2|rand_415	3.8224912438860037
SEQC_st2|rand_416	3.2065627960249574
SEQC_st2|rand_417	3.4143677301302944
SEQC_st2|rand_418	3.392659777448842
SEQC_st2|rand_419	3.484877166650324
SEQC_st2|rand_420	3.3954763949886786
SEQC_st2|rand_421	3.8259497295031077
SEQC_st2|rand_422	3.287032038030324
SEQC_st2|rand_423	3.594093728892698
SEQC_st2|rand_424	3.5417134314251473
SEQC_st2|rand_425	3.5424182043847185
SEQC_st2|rand_426	3.477662919789771
SEQC_st2|rand_427	3.30719706002112
SEQC_st2|rand_428	3.6211249276721555
SEQC_st2|rand_429	3.187979523469253
SEQC_st2|rand_430	3.390703964809588
SEQC_st2|rand_431	3.585391576756636
SEQC_st2|rand_432	3.5165137798899178
SEQC_st2|rand_433	3.6558846507433684
SEQC_st2|rand_434	3.575828386285497
SEQC_st2|rand_435	3.5553059176308968
SEQC_st2|rand_436	3.35001169969592
SEQC_st2|rand_437	3.4744627953402087
SEQC_st2|rand_438	3.6513987090998157
SEQC_st2|rand_439	3.608335936570507
SEQC_st2|rand_440	3.307656226702924
SEQC_st2|rand_441	3.0893268892681567
SEQC_st2|rand_442	3.742304994142191
SEQC_st2|rand_443	3.5565631770999686
SEQC_st2|rand_444	3.651842109379876
SEQC_st2|rand_445	3.3495425851204454
SEQC_st2|rand_446	3.839067358899571
SEQC_st2|rand_447	3.311166611909613
SEQC_st2|rand_448	3.2543770407686976
SEQC_st2|rand_449	2.9422865033396906
SEQC_st2|rand_450	3.2701788241308636
SEQC_st2|rand_451	3.442861881761158
SEQC_st2|rand_452	3.663219205069989
SEQC_st2|rand_453	3.437794177868599
SEQC_st2|rand_454	3.7234913728771324
SEQC_st2|rand_455	3.4046917840911304
SEQC_st2|rand_456	3.2596391770959072
SEQC_st2|rand_457	3.491418450215047
SEQC_st2|rand_458	3.4488294893154974
SEQC_st2|rand_459	3.1730473309208036
SEQC_st2|rand_460	3.7613045957215077
SEQC_st2|rand_461	3.1288498491950443
SEQC_st2|rand_462	3.658950751925891
SEQC_st2|rand_463	3.211075297981316
SEQC_st2|rand_464	3.2700257209925603
SEQC_st2|rand_465	3.610688350784776
SEQC_st2|rand_466	3.480478797594686
SEQC_st2|rand_467	3.519405584612369
SEQC_st2|rand_468	2.9238122118610956
SEQC_st2|rand_469	3.546544073729548
SEQC_st2|rand_470	3.818732404113805
SEQC_st2|rand_471	3.4535279938165284
SEQC_st2|rand_472	3.2718759282414465
SEQC_st2|rand_473	3.7881027708585524
SEQC_st2|rand_474	3.4817581658345476
SEQC_st2|rand_475	3.4616500312631935
SEQC_st2|rand_476	3.223940818412129
SEQC_st2|rand_477	3.6723247571255233
SEQC_st2|rand_478	3.5523172329501618
SEQC_st2|rand_479	3.654636119093954
SEQC_st2|rand_480	3.5475239877764966
SEQC_st2|rand_481	3.6379874652429383
SEQC_st2|rand_482	3.513543877901944
SEQC_st2|rand_483	3.319863608226929
SEQC_st2|rand_484	3.577886138720021
SEQC_st2|rand_485	3.4253116301942854
SEQC_st2|rand_486	3.5503148863889082
SEQC_st2|rand_487	3.408238540787747
SEQC_st2|rand_488	3.228716869042702
SEQC_st2|rand_489	3.5384238006411404
SEQC_st2|rand_490	3.488309361170588
SEQC_st2|rand_491	3.7268018715788807
SEQC_st2|rand_492	3.5721114606982387
SEQC_st2|rand_493	3.563442352650596
SEQC_st2|rand_494	3.5668103274362357
SEQC_st2|rand_495	3.2586508557529466
SEQC_st2|rand_496	3.606280653422809
SEQC_st2|rand_497	3.1453544721723654
SEQC_st2|rand_498	3.403627236384242
SEQC_st2|rand_499	3.309492936196961
SEQC_st2|rand_500	3.3386136949218854
SEQC_st2|rand_501	3.1477587846085475
SEQC_st2|rand_502	3.3462340346395822
SEQC_st2|rand_503	3.3637571943626714
SEQC_st2|rand_504	3.8215270650376643
SEQC_st2|rand_505	3.487393559475752
SEQC_st2|rand_506	3.5980352085594665
SEQC_st2|rand_507	3.2765213298079687
SEQC_st2|rand_508	3.585673139907339
SEQC_st2|rand_509	3.1809559622520407
SEQC_st2|rand_510	3.2356282566485386
SEQC_st2|rand_511	3.2416695681165817
SEQC_st2|rand_512	3.2154041603472807
SEQC_st2|rand_513	3.6954374587199115
SEQC_st2|rand_514	3.196054819124959
SEQC_st2|rand_515	3.5402154418060445
SEQC_st2|rand_516	3.236463351899975
SEQC_st2|rand_517	3.458281360910333
SEQC_st2|rand_518	3.339446444138214
SEQC_st2|rand_519	3.2491478165276977
SEQC_st2|rand_520	3.584330094219074
SEQC_st2|rand_521	3.7128362544739244
SEQC_st2|rand_522	3.625445278732672
SEQC_st2|rand_523	3.392126500561414
SEQC_st2|rand_524	3.452902740706308
SEQC_st2|rand_525	3.2944073220323697
SEQC_st2|rand_526	3.9234073106349086
SEQC_st2|rand_527	3.747457128885035
SEQC_st2|rand_528	3.339075072935223
SEQC_st2|rand_529	3.6511158388511507
SEQC_st2|rand_530	3.1093123685912287
SEQC_st2|rand_531	3.872602854363965
SEQC_st2|rand_532	3.6755611259849403
SEQC_st2|rand_533	3.489915332632191
SEQC_st2|rand_534	3.46508845539549
SEQC_st2|rand_535	3.4631039977157143
SEQC_st2|rand_536	3.7819581326601357
SEQC_st2|rand_537	3.2061222504050146
SEQC_st2|rand_538	3.285660433436702
SEQC_st2|rand_539	3.5044293939725497
SEQC_st2|rand_540	3.498947223116686
SEQC_st2|rand_541	3.614367354718644
SEQC_st2|rand_542	3.0330850065816417
SEQC_st2|rand_543	3.6839750493893053
SEQC_st2|rand_544	3.322218013004447
SEQC_st2|rand_545	3.646220232842509
SEQC_st2|rand_546	3.510150276941741
SEQC_st2|rand_547	3.740158612549363
SEQC_st2|rand_548	3.568496515804194
SEQC_st2|rand_549	3.513219469457249
SEQC_st2|rand_550	3.5353543228680735
SEQC_st2|rand_551	3.5275252809087942
SEQC_st2|rand_552	3.416088787357692
SEQC_st2|rand_553	3.6308528888615057
SEQC_st2|rand_554	3.7352935640929723
SEQC_st2|rand_555	3.5662212733064624
SEQC_st2|rand_556	3.3291126621780847
SEQC_st2|rand_557	3.476856224177868
SEQC_st2|rand_558	3.528091072714117
SEQC_st2|rand_559	3.193860521670143
SEQC_st2|rand_560	3.728734842075827
SEQC_st2|rand_561	3.4537599098893104
SEQC_st2|rand_562	3.532076844861754
SEQC_st2|rand_563	3.492118257531127
SEQC_st2|rand_564	3.16225491739324
SEQC_st2|rand_565	3.428686815964016
SEQC_st2|rand_566	3.3548362293553167
SEQC_st2|rand_567	3.6837228981954797
SEQC_st2|rand_568	3.4830294321905706
SEQC_st2|rand_569	3.3197412137816684
SEQC_st2|rand_570	3.342302047447102
SEQC_st2|rand_571	3.3318785119033008
SEQC_st2|rand_572	3.7027769952495224
SEQC_st2|rand_573	3.4564282230065078
SEQC_st2|rand_574	3.542782607453999
SEQC_st2|rand_575	3.5148392084981617
SEQC_st2|rand_576	3.191227262992688
SEQC_st2|rand_577	3.7558740577049337
SEQC_st2|rand_578	3.714837908539985
SEQC_st2|rand_579	3.8671099632984554
SEQC_st2|rand_580	3.707865371272851
SEQC_st2|rand_581	3.469182124483898
SEQC_st2|rand_582	3.4366486752396925
SEQC_st2|rand_583	3.560124437203927
SEQC_st2|rand_584	3.4764080299790465
SEQC_st2|rand_585	3.6226675212712824
SEQC_st2|rand_586	3.515080949521469
SEQC_st2|rand_587	3.307994334046028
SEQC_st2|rand_588	3.331450982117871
SEQC_st2|rand_589	3.745167451041572
SEQC_st2|rand_590	3.224591141711221
SEQC_st2|rand_591	3.3509678172175206
SEQC_st2|rand_592	3.5167391914022184
SEQC_st2|rand_593	3.466894534810476
SEQC_st2|rand_594	3.6988141321630237
SEQC_st2|rand_595	3.5568973304046247
SEQC_st2|rand_596	3.689726631380716
SEQC_st2|rand_597	3.8119063959195865
SEQC_st2|rand_598	3.580422724694281
SEQC_st2|rand_599	3.405221501727138
SEQC_st2|rand_600	3.407148658781899
SEQC_st2|rand_601	3.375084075881596
SEQC_st2|rand_602	3.702318321782155
SEQC_st2|rand_603	3.5742930247638687
SEQC_st2|rand_604	3.5909985983802044
SEQC_st2|rand_605	3.2200662999136123
SEQC_st2|rand_606	3.7064326827703997
SEQC_st2|rand_607	3.5625054527214686
SEQC_st2|rand_608	3.3665491006550683
SEQC_st2|rand_609	3.656295032576888
SEQC_st2|rand_610	3.4329339928502627
SEQC_st2|rand_611	3.5394715219116417
SEQC_st2|rand_612	3.249147730021888
SEQC_st2|rand_613	3.40813280567462
SEQC_st2|rand_614	3.629968125181138
SEQC_st2|rand_615	3.3524920053761793
SEQC_st2|rand_616	3.695631950673207
SEQC_st2|rand_617	3.7336027757509194
SEQC_st2|rand_618	3.705057338874771
SEQC_st2|rand_619	3.1116769764755654
SEQC_st2|rand_620	3.4196644468780573
SEQC_st2|rand_621	3.640829992767892
SEQC_st2|rand_622	3.56765746427732
SEQC_st2|rand_623	3.6595217075420474
SEQC_st2|rand_624	3.926923686844861
SEQC_st2|rand_625	3.538881419105529
SEQC_st2|rand_626	3.6636828836888853
SEQC_st2|rand_627	3.4542500992691236
SEQC_st2|rand_628	3.4931104605033814
SEQC_st2|rand_629	3.536441937746557
SEQC_st2|rand_630	3.5132948475356462
SEQC_st2|rand_631	3.2027196185672793
SEQC_st2|rand_632	3.551722018644065
SEQC_st2|rand_633	3.571697562829139
SEQC_st2|rand_634	3.307060218153966
SEQC_st2|rand_635	3.3649003167809814
SEQC_st2|rand_636	3.533037640104632
SEQC_st2|rand_637	3.7650260558788005
SEQC_st2|rand_638	3.5364794781675695
SEQC_st2|rand_639	3.1691868403706027
SEQC_st2|rand_640	3.268195947992951
SEQC_st2|rand_641	3.363670787375622
SEQC_st2|rand_642	3.20913844906272
SEQC_st2|rand_643	3.2838226459247504
SEQC_st2|rand_644	3.8382934345669635
SEQC_st2|rand_645	3.1130542269470345
SEQC_st2|rand_646	3.6143717683941956
SEQC_st2|rand_647	3.611651571261074
SEQC_st2|rand_648	3.8975190395954344
SEQC_st2|rand_649	3.5812609619972684
SEQC_st2|rand_650	3.3190940388943715
SEQC_st2|rand_651	3.4104006191255167
SEQC_st2|rand_652	3.3781185170497197
SEQC_st2|rand_653	3.691750364900198
SEQC_st2|rand_654	3.570985077612851
SEQC_st2|rand_655	3.3557069212302166
SEQC_st2|rand_656	3.5672662438668343
SEQC_st2|rand_657	3.9333684377443245
SEQC_st2|rand_658	3.32387440976335
SEQC_st2|rand_659	3.3712328717877575
SEQC_st2|rand_660	3.417460920832075
SEQC_st2|rand_661	3.375771050420785
SEQC_st2|rand_662	3.425494738994344
SEQC_st2|rand_663	3.520675408872037
SEQC_st2|rand_664	3.3765801206620067
SEQC_st2|rand_665	3.663693433043502
SEQC_st2|rand_666	3.5307829851053105
SEQC_st2|rand_667	3.2650529171294744
SEQC_st2|rand_668	3.8625936062322714
SEQC_st2|rand_669	3.6816660297136496
SEQC_st2|rand_670	3.641503430667913
SEQC_st2|rand_671	3.602377244557804
SEQC_st2|rand_672	3.371738234848742
SEQC_st2|rand_673	3.6242797686188393
SEQC_st2|rand_674	3.2848979999404864
SEQC_st2|rand_675	3.5586412165652814
SEQC_st2|rand_676	3.505893385502088
SEQC_st2|rand_677	3.389288875587214
SEQC_st2|rand_678	3.455922549407404
SEQC_st2|rand_679	3.7887314334450344
SEQC_st2|rand_680	3.7828782594489585
SEQC_st2|rand_681	3.0664471881120576
SEQC_st2|rand_682	3.2902872780091075
SEQC_st2|rand_683	3.428431372382714
SEQC_st2|rand_684	3.1107245679456756
SEQC_st2|rand_685	3.7227343326801314
SEQC_st2|rand_686	3.6983377044479075
SEQC_st2|rand_687	3.406099890968463
SEQC_st2|rand_688	3.496383008258493
SEQC_st2|rand_689	3.5911857555256317
SEQC_st2|rand_690	3.609645866737917
SEQC_st2|rand_691	3.4620739246345336
SEQC_st2|rand_692	3.2937905299962082
SEQC_st2|rand_693	3.41249746656229
SEQC_st2|rand_694	3.670298827883182
SEQC_st2|rand_695	3.533120069169106
SEQC_st2|rand_696	3.404091007465138
SEQC_st2|rand_697	3.347078221773851
SEQC_st2|rand_698	3.371189942195683
SEQC_st2|rand_699	3.72477036639422
SEQC_st2|rand_700	3.8932293269138287
SEQC_st2|rand_701	3.231022629422494
SEQC_st2|rand_702	3.415227885053022
SEQC_st2|rand_703	3.186339333028597
SEQC_st2|rand_704	3.485685427204749
SEQC_st2|rand_705	3.74337874742937
SEQC_st2|rand_706	3.3599829619854598
SEQC_st2|rand_707	3.5642170052308306
SEQC_st2|rand_708	3.767390782917841
SEQC_st2|rand_709	3.3301861725603508
SEQC_st2|rand_710	3.5990789728276096
SEQC_st2|rand_711	3.5209730038297393
SEQC_st2|rand_712	3.4390600887132177
SEQC_st2|rand_713	3.1712286374455365
SEQC_st2|rand_714	3.151931527716432
SEQC_st2|rand_715	3.731241638540565
SEQC_st2|rand_716	3.3720186582764735
SEQC_st2|rand_717	3.138873139844634
SEQC_st2|rand_718	3.4348303520722467
SEQC_st2|rand_719	3.5202887564513037
SEQC_st2|rand_720	3.559149245576156
SEQC_st2|rand_721	3.3655831117441704
SEQC_st2|rand_722	3.3332708643727904
SEQC_st2|rand_723	3.439773719007732
SEQC_st2|rand_724	3.5419380170576296
SEQC_st2|rand_725	3.389844887316672
SEQC_st2|rand_726	3.4614242675431783
SEQC_st2|rand_727	3.2820762848972476
SEQC_st2|rand_728	3.6951759415069256
SEQC_st2|rand_729	3.1680946836575887
SEQC_st2|rand_730	3.853755786556652
SEQC_st2|rand_731	3.596641518425386
SEQC_st2|rand_732	3.4574852228784145
SEQC_st2|rand_733	3.3650064140852978
SEQC_st2|rand_734	3.6249944564579226
SEQC_st2|rand_735	3.4603749191685518
SEQC_st2|rand_736	3.782229426191019
SEQC_st2|rand_737	3.5427138308435384
SEQC_st2|rand_738	3.6475526606227793
SEQC_st2|rand_739	3.7890428877240123
SEQC_st2|rand_740	3.772361063198157
SEQC_st2|rand_741	3.5314593790724884
SEQC_st2|rand_742	3.2416311643966216
SEQC_st2|rand_743	3.3980180627187258
SEQC_st2|rand_744	3.674166448295773
SEQC_st2|rand_745	3.728928711428062
SEQC_st2|rand_746	3.737031569447652
SEQC_st2|rand_747	3.7459229846894573
SEQC_st2|rand_748	3.5274090054630753
SEQC_st2|rand_749	3.65418283478829
SEQC_st2|rand_750	3.691689688832988
SEQC_st2|rand_751	3.6070173774017067
SEQC_st2|rand_752	3.4581298774614195
SEQC_st2|rand_753	3.38092779048358
SEQC_st2|rand_754	3.362476280292888
SEQC_st2|rand_755	3.326621015690015
SEQC_st2|rand_756	3.4603669663369003
SEQC_st2|rand_757	3.6317565902000175
SEQC_st2|rand_758	3.653616655943877
SEQC_st2|rand_759	3.5082368361364726
SEQC_st2|rand_760	3.515137676591127
SEQC_st2|rand_761	3.2749861558290014
SEQC_st2|rand_762	3.3717866468344515
SEQC_st2|rand_763	3.9601595792285194
SEQC_st2|rand_764	3.7493192288951778
SEQC_st2|rand_765	2.93285244836836
SEQC_st2|rand_766	3.4307941624002023
SEQC_st2|rand_767	3.6165170019637825
SEQC_st2|rand_768	3.4180896480344996
SEQC_st2|rand_769	3.568539216798909
SEQC_st2|rand_770	3.413061559933324
SEQC_st2|rand_771	3.6747457569264
SEQC_st2|rand_772	3.537833549646833
SEQC_st2|rand_773	3.5801463328936185
SEQC_st2|rand_774	3.4191405431649455
SEQC_st2|rand_775	3.553867872227481
SEQC_st2|rand_776	3.3201950557345747
SEQC_st2|rand_777	3.7789125353442707
SEQC_st2|rand_778	3.4913657344921836
SEQC_st2|rand_779	3.572500750433769
SEQC_st2|rand_780	3.590185631172482
SEQC_st2|rand_781	3.6246275195993585
SEQC_st2|rand_782	3.4930434221415765
SEQC_st2|rand_783	3.1735606888061754
SEQC_st2|rand_784	3.395385188489679
SEQC_st2|rand_785	3.657541249980131
SEQC_st2|rand_786	3.118418213037919
SEQC_st2|rand_787	3.7189609967870374
SEQC_st2|rand_788	3.5926592281419674
SEQC_st2|rand_789	3.684612143287356
SEQC_st2|rand_790	3.433855890032027
SEQC_st2|rand_791	3.6510022162257036
SEQC_st2|rand_792	3.2439247274544893
SEQC_st2|rand_793	3.345731523249965
SEQC_st2|rand_794	3.5120006465666904
SEQC_st2|rand_795	3.2492391342219165
SEQC_st2|rand_796	3.4650250106541196
SEQC_st2|rand_797	3.526191363855798
SEQC_st2|rand_798	3.492713905780827
SEQC_st2|rand_799	3.2918136956774444
SEQC_st2|rand_800	3.1336790697134504
SEQC_st2|rand_801	3.307443420749069
SEQC_st2|rand_802	3.7745143468177664
SEQC_st2|rand_803	3.526877109725875
SEQC_st2|rand_804	3.427013168113736
SEQC_st2|rand_805	3.381766655693451
SEQC_st2|rand_806	3.5967258528962502
SEQC_st2|rand_807	3.5739733985799518
SEQC_st2|rand_808	3.7155359838470776
SEQC_st2|rand_809	3.0067601044740244
SEQC_st2|rand_810	3.210685164106349
SEQC_st2|rand_811	3.527429182869118
SEQC_st2|rand_812	3.7228995917665433
SEQC_st2|rand_813	3.544562941412694
SEQC_st2|rand_814	3.4854707684780397
SEQC_st2|rand_815	3.431446126483435
SEQC_st2|rand_816	3.985228488315305
SEQC_st2|rand_817	3.614902868338744
SEQC_st2|rand_818	3.8800574598192643
SEQC_st2|rand_819	3.585682860391094
SEQC_st2|rand_820	3.4487534723232054
SEQC_st2|rand_821	3.538591208315263
SEQC_st2|rand_822	3.2949142590761467
SEQC_st2|rand_823	3.4018795532134973
SEQC_st2|rand_824	3.7292295278341965
SEQC_st2|rand_825	3.8246607448796057
SEQC_st2|rand_826	3.200457951456658
SEQC_st2|rand_827	3.856846478313746
SEQC_st2|rand_828	3.256447790347159
SEQC_st2|rand_829	3.619051655655548
SEQC_st2|rand_830	3.750170027840177
SEQC_st2|rand_831	3.560703159227408
SEQC_st2|rand_832	3.13028419024833
SEQC_st2|rand_833	3.670699368038672
SEQC_st2|rand_834	3.3218286110382205
SEQC_st2|rand_835	3.5984476359271578
SEQC_st2|rand_836	3.3579656140025285
SEQC_st2|rand_837	3.428730041624076
SEQC_st2|rand_838	3.5760679708247456
SEQC_st2|rand_839	3.789086648728541
SEQC_st2|rand_840	3.694617316749585
SEQC_st2|rand_841	3.482907171806575
SEQC_st2|rand_842	3.5133787741368834
SEQC_st2|rand_843	3.404125152675435
SEQC_st2|rand_844	3.578945559065314
SEQC_st2|rand_845	3.5594605743788725
SEQC_st2|rand_846	3.654845705343459
SEQC_st2|rand_847	3.405662505311328
SEQC_st2|rand_848	3.027481516174881
SEQC_st2|rand_849	3.6207729643602176
SEQC_st2|rand_850	3.1421836687983005
SEQC_st2|rand_851	3.638451335470217
SEQC_st2|rand_852	3.7176959496705235
SEQC_st2|rand_853	3.0819983086825924
SEQC_st2|rand_854	3.6092283931448583
SEQC_st2|rand_855	3.4774672155080486
SEQC_st2|rand_856	3.0513602607960277
SEQC_st2|rand_857	3.3873011049518533
SEQC_st2|rand_858	3.5899228023544856
SEQC_st2|rand_859	3.641751504150597
SEQC_st2|rand_860	3.5383125625116962
SEQC_st2|rand_861	3.20740605408726
SEQC_st2|rand_862	3.575613699462279
SEQC_st2|rand_863	3.682330644470646
SEQC_st2|rand_864	3.1064078943570403
SEQC_st2|rand_865	3.241389372922862
SEQC_st2|rand_866	3.2216695628383407
SEQC_st2|rand_867	3.798239822734449
SEQC_st2|rand_868	3.5814196435524224
SEQC_st2|rand_869	3.4292979835923894
SEQC_st2|rand_870	3.3156136231179567
SEQC_st2|rand_871	3.536270344312133
SEQC_st2|rand_872	3.390713938179972
SEQC_st2|rand_873	3.4712477324006414
SEQC_st2|rand_874	3.5991491233006903
SEQC_st2|rand_875	3.3004082962660894
SEQC_st2|rand_876	3.8981854649400405
SEQC_st2|rand_877	3.520811547573124
SEQC_st2|rand_878	3.665492638508485
SEQC_st2|rand_879	3.3473916281116574
SEQC_st2|rand_880	3.439029697554212
SEQC_st2|rand_881	3.5041120421936016
SEQC_st2|rand_882	3.232677967824127
SEQC_st2|rand_883	3.0935176747321154
SEQC_st2|rand_884	3.389192255358369
SEQC_st2|rand_885	3.39601242036928
SEQC_st2|rand_886	3.5512013446144493
SEQC_st2|rand_887	3.1540146763078316
SEQC_st2|rand_888	3.5133817894032684
SEQC_st2|rand_889	3.8044400660719613
SEQC_st2|rand_890	3.128420367422193
SEQC_st2|rand_891	3.2372282581251275
SEQC_st2|rand_892	3.3529060653285714
SEQC_st2|rand_893	3.474778709968681
SEQC_st2|rand_894	3.6490375439598957
SEQC_st2|rand_895	3.0916318773755394
SEQC_st2|rand_896	3.5923500827592583
SEQC_st2|rand_897	3.8064810890227663
SEQC_st2|rand_898	3.0726172777419394
SEQC_st2|rand_899	3.569080988627088
SEQC_st2|rand_900	2.8857703088958715
SEQC_st2|rand_901	3.8288851025242403
SEQC_st2|rand_902	3.326738870784542
SEQC_st2|rand_903	3.719028899963233
SEQC_st2|rand_904	3.062709429016949
SEQC_st2|rand_905	3.2221208496759925
SEQC_st2|rand_906	3.7466043266365294
SEQC_st2|rand_907	3.3832864513373226
SEQC_st2|rand_908	3.3169663026565193
SEQC_st2|rand_909	3.633563559545332
SEQC_st2|rand_910	3.5366657741058614
SEQC_st2|rand_911	3.2898356297733744
SEQC_st2|rand_912	3.608149468584612
SEQC_st2|rand_913	3.4463716618889166
SEQC_st2|rand_914	3.869470624289988
SEQC_st2|rand_915	3.2363995487937425
SEQC_st2|rand_916	3.3097319690547486
SEQC_st2|rand_917	3.6398985881731383
SEQC_st2|rand_918	3.373337216086468
SEQC_st2|rand_919	3.6401811175321415
SEQC_st2|rand_920	3.311847239341521
SEQC_st2|rand_921	3.646634294683532
SEQC_st2|rand_922	3.3319352513425926
SEQC_st2|rand_923	3.3497683230487136
SEQC_st2|rand_924	3.545742331253181
SEQC_st2|rand_925	3.5613244089604867
SEQC_st2|rand_926	3.1667673485155357
SEQC_st2|rand_927	3.210091369009658
SEQC_st2|rand_928	3.5313195166879354
SEQC_st2|rand_929	3.453420394247027
SEQC_st2|rand_930	3.5058990528295215
SEQC_st2|rand_931	3.649749501046232
SEQC_st2|rand_932	3.209547331216618
SEQC_st2|rand_933	3.3233867033687687
SEQC_st2|rand_934	3.553184790826769
SEQC_st2|rand_935	3.2103792975421843
SEQC_st2|rand_936	3.618493990818491
SEQC_st2|rand_937	3.312411207885006
SEQC_st2|rand_938	3.637626777164261
SEQC_st2|rand_939	3.2356920851415327
SEQC_st2|rand_940	3.358009866206673
SEQC_st2|rand_941	3.4592195300855977
SEQC_st2|rand_942	3.2616267409642936
SEQC_st2|rand_943	3.7516909114627808
SEQC_st2|rand_944	3.538539079008289
SEQC_st2|rand_945	3.522870276651058
SEQC_st2|rand_946	3.368063479550869
SEQC_st2|rand_947	3.488712959133134
SEQC_st2|rand_948	3.4526963601648606
SEQC_st2|rand_949	3.5113207476047132
SEQC_st2|rand_950	3.5053809571742627
SEQC_st2|rand_951	3.333881172869986
SEQC_st2|rand_952	3.4832167285131392
SEQC_st2|rand_953	3.392598220625151
SEQC_st2|rand_954	3.3823922428665587
SEQC_st2|rand_955	3.2658846977720803
SEQC_st2|rand_956	3.398163038761307
SEQC_st2|rand_957	3.467160337129625
SEQC_st2|rand_958	3.6778746619754745
SEQC_st2|rand_959	3.6983294820525696
SEQC_st2|rand_960	3.5360669880637197
SEQC_st2|rand_961	3.2219494671430033
SEQC_st2|rand_962	3.548433200093409
SEQC_st2|rand_963	3.619920556908378
SEQC_st2|rand_964	3.3045335856163773
SEQC_st2|rand_965	3.755944498008138
SEQC_st2|rand_966	3.045434104473883
SEQC_st2|rand_967	3.386595753101111
SEQC_st2|rand_968	3.229409924908623
SEQC_st2|rand_969	3.282158906803541
SEQC_st2|rand_970	3.2399938742289693
SEQC_st2|rand_971	3.508379094261665
SEQC_st2|rand_972	3.802584096669878
SEQC_st2|rand_973	3.517883572758953
SEQC_st2|rand_974	3.5318264566515536
SEQC_st2|rand_975	3.596191442145079
SEQC_st2|rand_976	3.264534593771876
SEQC_st2|rand_977	3.3541439010886633
SEQC_st2|rand_978	3.3293719975976037
SEQC_st2|rand_979	3.640569146672431
SEQC_st2|rand_980	3.425071841843256
SEQC_st2|rand_981	3.341763331488941
SEQC_st2|rand_982	3.3087638506407537
SEQC_st2|rand_983	3.334230528411133
SEQC_st2|rand_984	3.2961766961192156
SEQC_st2|rand_985	3.516008567994
SEQC_st2|rand_986	3.7934457276358065
SEQC_st2|rand_987	3.500715972680901
SEQC_st2|rand_988	3.1398099800308605
SEQC_st2|rand_989	3.244344346955958
SEQC_st2|rand_990	3.7318210156776876
SEQC_st2|rand_991	3.49421610528796
SEQC_st2|rand_992	3.4608949975648384
SEQC_st2|rand_993	3.5734535306904154
SEQC_st2|rand_994	3.201606652511225
SEQC_st2|rand_995	3.295954428143394
SEQC_st2|rand_996	3.35782339986039
SEQC_st2|rand_997	2.6756791507019373
SEQC_st2|rand_998	3.562503859131647
SEQC_st2|rand_999	3.4881551402427813
SEQC_st2|rand_1000	3.599448640604978
SEQC_st3|rand_1	3.698399417511682
SEQC_st3|rand_2	3.5540545914828345
SEQC_st3|rand_3	3.8869600003071505
SEQC_st3|rand_4	4.0551329941552945
SEQC_st3|rand_5	3.3922401217067217
SEQC_st3|rand_6	3.612479370436854
SEQC_st3|rand_7	3.6051076524991075
SEQC_st3|rand_8	3.142411342195221
SEQC_st3|rand_9	3.8876421332444178
SEQC_st3|rand_10	3.2673901490012076
SEQC_st3|rand_11	3.7677467741283475
SEQC_st3|rand_12	3.7292294571661317
SEQC_st3|rand_13	3.652977294150722
SEQC_st3|rand_14	3.165092866861615
SEQC_st3|rand_15	3.692611682345314
SEQC_st3|rand_16	3.3926880546800557
SEQC_st3|rand_17	3.7365440338340656
SEQC_st3|rand_18	3.645759146543188
SEQC_st3|rand_19	3.7671755608094792
SEQC_st3|rand_20	3.6190244310964004
SEQC_st3|rand_21	3.658763325033071
SEQC_st3|rand_22	3.877265402791246
SEQC_st3|rand_23	4.129570096639234
SEQC_st3|rand_24	3.1972760314810986
SEQC_st3|rand_25	3.969988006628614
SEQC_st3|rand_26	3.764498167877902
SEQC_st3|rand_27	4.050816483282169
SEQC_st3|rand_28	3.5219927819511536
SEQC_st3|rand_29	3.9847336371763546
SEQC_st3|rand_30	3.492432781703233
SEQC_st3|rand_31	3.984753479869153
SEQC_st3|rand_32	3.7045299167501704
SEQC_st3|rand_33	3.3509336590715066
SEQC_st3|rand_34	3.790230342682808
SEQC_st3|rand_35	3.499809436005224
SEQC_st3|rand_36	3.522187304330961
SEQC_st3|rand_37	3.972775224307717
SEQC_st3|rand_38	3.7178546136682593
SEQC_st3|rand_39	3.022477939958023
SEQC_st3|rand_40	3.258744685724957
SEQC_st3|rand_41	3.8762216670053227
SEQC_st3|rand_42	3.7191748263870226
SEQC_st3|rand_43	3.4378560021325204
SEQC_st3|rand_44	4.048218923240919
SEQC_st3|rand_45	3.517557863195128
SEQC_st3|rand_46	3.3010515347064375
SEQC_st3|rand_47	3.2955465462041293
SEQC_st3|rand_48	3.6211297987149673
SEQC_st3|rand_49	3.325177090622089
SEQC_st3|rand_50	3.5885715071739135
SEQC_st3|rand_51	3.676991803730955
SEQC_st3|rand_52	3.740021016793764
SEQC_st3|rand_53	3.6289512838077647
SEQC_st3|rand_54	3.601627381558476
SEQC_st3|rand_55	3.9585085474110917
SEQC_st3|rand_56	3.4459769765063584
SEQC_st3|rand_57	3.489671593510272
SEQC_st3|rand_58	3.534098351880149
SEQC_st3|rand_59	3.5632302833122655
SEQC_st3|rand_60	3.691870612082616
SEQC_st3|rand_61	3.637951776922791
SEQC_st3|rand_62	3.576665932849572
SEQC_st3|rand_63	3.6690555919648897
SEQC_st3|rand_64	3.486831074584216
SEQC_st3|rand_65	3.6073103929975057
SEQC_st3|rand_66	3.6467907576959013
SEQC_st3|rand_67	3.8205462700009623
SEQC_st3|rand_68	3.3335874639223824
SEQC_st3|rand_69	3.2163938747023693
SEQC_st3|rand_70	3.4521366516313554
SEQC_st3|rand_71	3.688392947313787
SEQC_st3|rand_72	3.4826361990147165
SEQC_st3|rand_73	3.5756840281546403
SEQC_st3|rand_74	4.069690186478464
SEQC_st3|rand_75	3.652875046865226
SEQC_st3|rand_76	3.403474518230373
SEQC_st3|rand_77	3.769161170498338
SEQC_st3|rand_78	3.5514251531051095
SEQC_st3|rand_79	3.905205103902936
SEQC_st3|rand_80	3.0224910346427856
SEQC_st3|rand_81	3.378909250629789
SEQC_st3|rand_82	3.5658425812921712
SEQC_st3|rand_83	3.7933329584885884
SEQC_st3|rand_84	3.4922415166665237
SEQC_st3|rand_85	3.74201639067423
SEQC_st3|rand_86	3.6462657407958408
SEQC_st3|rand_87	3.3366471809457274
SEQC_st3|rand_88	3.685994321611225
SEQC_st3|rand_89	3.434931308092696
SEQC_st3|rand_90	3.594108009679192
SEQC_st3|rand_91	3.751610401697898
SEQC_st3|rand_92	3.153598502219324
SEQC_st3|rand_93	3.2334849975256015
SEQC_st3|rand_94	3.6444611996391267
SEQC_st3|rand_95	3.743450682511972
SEQC_st3|rand_96	3.3855560095187753
SEQC_st3|rand_97	3.586546396344323
SEQC_st3|rand_98	3.66151715751331
SEQC_st3|rand_99	3.462254190786644
SEQC_st3|rand_100	3.290261749406987
SEQC_st3|rand_101	3.991426020825218
SEQC_st3|rand_102	3.7177640462550587
SEQC_st3|rand_103	3.90697554254111
SEQC_st3|rand_104	3.6348403793739985
SEQC_st3|rand_105	3.9329928286637266
SEQC_st3|rand_106	3.409500090504179
SEQC_st3|rand_107	3.5930870434459807
SEQC_st3|rand_108	3.7161273377660997
SEQC_st3|rand_109	3.310696844323949
SEQC_st3|rand_110	4.379665180505295
SEQC_st3|rand_111	3.302514399402098
SEQC_st3|rand_112	3.5897215692060827
SEQC_st3|rand_113	3.6021445763351125
SEQC_st3|rand_114	3.88013957063488
SEQC_st3|rand_115	3.261989197699455
SEQC_st3|rand_116	3.8582413561204794
SEQC_st3|rand_117	3.6399705599583765
SEQC_st3|rand_118	3.7733503318075474
SEQC_st3|rand_119	3.511076297843312
SEQC_st3|rand_120	3.5901522850518655
SEQC_st3|rand_121	3.423447933335557
SEQC_st3|rand_122	3.7250557688440082
SEQC_st3|rand_123	3.5407419884243145
SEQC_st3|rand_124	3.5439478450093076
SEQC_st3|rand_125	3.3622934190235423
SEQC_st3|rand_126	3.7288850379334413
SEQC_st3|rand_127	3.9263875886215724
SEQC_st3|rand_128	3.1969582096075335
SEQC_st3|rand_129	3.4605214489932443
SEQC_st3|rand_130	3.688291923066787
SEQC_st3|rand_131	3.342697554475902
SEQC_st3|rand_132	3.1988832000693384
SEQC_st3|rand_133	3.6540480278074514
SEQC_st3|rand_134	3.4378715092287813
SEQC_st3|rand_135	3.4305402181046674
SEQC_st3|rand_136	3.5990092157096547
SEQC_st3|rand_137	3.5451348875267183
SEQC_st3|rand_138	3.7471522509141
SEQC_st3|rand_139	3.633443379761441
SEQC_st3|rand_140	3.7180989365631705
SEQC_st3|rand_141	4.090667394307638
SEQC_st3|rand_142	4.0414659272521245
SEQC_st3|rand_143	3.6610794710955945
SEQC_st3|rand_144	3.6890905264208578
SEQC_st3|rand_145	3.5434689632395786
SEQC_st3|rand_146	3.9251328445789184
SEQC_st3|rand_147	4.159225765757124
SEQC_st3|rand_148	3.2237520291049746
SEQC_st3|rand_149	3.6326980558723143
SEQC_st3|rand_150	3.6255233807358125
SEQC_st3|rand_151	3.384251551275727
SEQC_st3|rand_152	3.4238238637770175
SEQC_st3|rand_153	3.80958977395469
SEQC_st3|rand_154	2.9218371722819283
SEQC_st3|rand_155	3.365798042886917
SEQC_st3|rand_156	3.7358612682715897
SEQC_st3|rand_157	3.776156090834739
SEQC_st3|rand_158	3.151102877876756
SEQC_st3|rand_159	3.540641657311552
SEQC_st3|rand_160	3.861944490755242
SEQC_st3|rand_161	3.255056111547268
SEQC_st3|rand_162	3.4477544612928317
SEQC_st3|rand_163	3.855206083164841
SEQC_st3|rand_164	3.496906923387981
SEQC_st3|rand_165	3.854847991820645
SEQC_st3|rand_166	3.475328966960548
SEQC_st3|rand_167	3.686875380035913
SEQC_st3|rand_168	3.6640524758397777
SEQC_st3|rand_169	3.5980631844766053
SEQC_st3|rand_170	3.3597184403147007
SEQC_st3|rand_171	3.2696301277500956
SEQC_st3|rand_172	4.427698674385456
SEQC_st3|rand_173	3.4782240672987714
SEQC_st3|rand_174	3.065963703600787
SEQC_st3|rand_175	3.7822451514471225
SEQC_st3|rand_176	3.2009174682435457
SEQC_st3|rand_177	3.905364673410462
SEQC_st3|rand_178	3.752682539701271
SEQC_st3|rand_179	3.5182493942333855
SEQC_st3|rand_180	3.5471909831897483
SEQC_st3|rand_181	3.3972556594097747
SEQC_st3|rand_182	3.580949611813012
SEQC_st3|rand_183	3.551815647779838
SEQC_st3|rand_184	4.186672103556032
SEQC_st3|rand_185	3.5203442281448734
SEQC_st3|rand_186	3.071491587250168
SEQC_st3|rand_187	3.2627243018452337
SEQC_st3|rand_188	3.527051677685403
SEQC_st3|rand_189	3.512283073327111
SEQC_st3|rand_190	4.119252724218413
SEQC_st3|rand_191	3.4875389329731328
SEQC_st3|rand_192	3.322077916550547
SEQC_st3|rand_193	3.7147743487135796
SEQC_st3|rand_194	4.164683118537388
SEQC_st3|rand_195	3.1905993253949565
SEQC_st3|rand_196	3.757058519989638
SEQC_st3|rand_197	3.8478753039461053
SEQC_st3|rand_198	3.429839908150472
SEQC_st3|rand_199	3.9197388419987673
SEQC_st3|rand_200	3.5657277167490182
SEQC_st3|rand_201	4.060990542044517
SEQC_st3|rand_202	3.459878412272665
SEQC_st3|rand_203	3.1534240647510368
SEQC_st3|rand_204	3.4922727063620473
SEQC_st3|rand_205	3.9564596202384656
SEQC_st3|rand_206	3.5714333304792985
SEQC_st3|rand_207	3.914974833767708
SEQC_st3|rand_208	3.7252039225479225
SEQC_st3|rand_209	4.153451576373034
SEQC_st3|rand_210	3.7181653125455307
SEQC_st3|rand_211	3.7310086630640913
SEQC_st3|rand_212	3.5014962796212976
SEQC_st3|rand_213	3.675480559813331
SEQC_st3|rand_214	3.472543525444155
SEQC_st3|rand_215	3.679633626684699
SEQC_st3|rand_216	3.467604576173462
SEQC_st3|rand_217	3.6011592497078113
SEQC_st3|rand_218	3.198767893652412
SEQC_st3|rand_219	3.450170920331946
SEQC_st3|rand_220	3.5309554297836256
SEQC_st3|rand_221	3.3374300362160043
SEQC_st3|rand_222	4.230041348730534
SEQC_st3|rand_223	3.502836654428137
SEQC_st3|rand_224	3.691061619282693
SEQC_st3|rand_225	3.1339319761863123
SEQC_st3|rand_226	3.713449226424948
SEQC_st3|rand_227	3.569260307965957
SEQC_st3|rand_228	3.5547289030500107
SEQC_st3|rand_229	4.079033508086785
SEQC_st3|rand_230	3.5519628965463492
SEQC_st3|rand_231	3.4553195626487283
SEQC_st3|rand_232	3.541237648685145
SEQC_st3|rand_233	3.331390241985838
SEQC_st3|rand_234	3.117679208900356
SEQC_st3|rand_235	3.189481226347406
SEQC_st3|rand_236	3.42636856909999
SEQC_st3|rand_237	3.6777507680837185
SEQC_st3|rand_238	3.864112502454378
SEQC_st3|rand_239	3.7957526752981003
SEQC_st3|rand_240	3.5856565187987437
SEQC_st3|rand_241	3.9480691373041688
SEQC_st3|rand_242	3.5901555515157773
SEQC_st3|rand_243	3.5474222756863187
SEQC_st3|rand_244	4.12923415492019
SEQC_st3|rand_245	3.442540793527575
SEQC_st3|rand_246	3.763998164700253
SEQC_st3|rand_247	3.6436336334456905
SEQC_st3|rand_248	3.7603543074579093
SEQC_st3|rand_249	3.9529729667421347
SEQC_st3|rand_250	3.907804908242283
SEQC_st3|rand_251	3.8585577375519255
SEQC_st3|rand_252	3.4641972562315777
SEQC_st3|rand_253	3.4475019405335465
SEQC_st3|rand_254	3.831513437759999
SEQC_st3|rand_255	3.286938062858888
SEQC_st3|rand_256	3.9240604872336116
SEQC_st3|rand_257	4.14471039106411
SEQC_st3|rand_258	3.5066937376491985
SEQC_st3|rand_259	3.4143617687641195
SEQC_st3|rand_260	3.7010260752497723
SEQC_st3|rand_261	3.957990970666707
SEQC_st3|rand_262	3.447644973788888
SEQC_st3|rand_263	3.417484532608639
SEQC_st3|rand_264	3.4905360730806323
SEQC_st3|rand_265	3.6331586069702535
SEQC_st3|rand_266	3.6433414196227742
SEQC_st3|rand_267	3.4620986232001143
SEQC_st3|rand_268	3.722690900816579
SEQC_st3|rand_269	3.2013880843660556
SEQC_st3|rand_270	3.5942197496117867
SEQC_st3|rand_271	3.376182129346557
SEQC_st3|rand_272	3.5956378075064177
SEQC_st3|rand_273	3.2732615165580734
SEQC_st3|rand_274	3.3579483156112633
SEQC_st3|rand_275	3.504241636647473
SEQC_st3|rand_276	3.2454814949736215
SEQC_st3|rand_277	3.276880600062265
SEQC_st3|rand_278	4.335030152721024
SEQC_st3|rand_279	3.7357911603404856
SEQC_st3|rand_280	3.2411934187498854
SEQC_st3|rand_281	3.7923994072009566
SEQC_st3|rand_282	3.564804160453868
SEQC_st3|rand_283	3.590012987523144
SEQC_st3|rand_284	3.3984523573157066
SEQC_st3|rand_285	3.672669513418979
SEQC_st3|rand_286	3.485599188626393
SEQC_st3|rand_287	3.789777688505906
SEQC_st3|rand_288	3.729851630474708
SEQC_st3|rand_289	3.885228197536166
SEQC_st3|rand_290	3.700149498583128
SEQC_st3|rand_291	3.57854018008979
SEQC_st3|rand_292	3.749639851950987
SEQC_st3|rand_293	3.4439370103508646
SEQC_st3|rand_294	3.670381125997956
SEQC_st3|rand_295	2.866103149124111
SEQC_st3|rand_296	3.832888467715983
SEQC_st3|rand_297	3.639769187334466
SEQC_st3|rand_298	3.8000400953822475
SEQC_st3|rand_299	3.493405470043011
SEQC_st3|rand_300	3.6007998813084368
SEQC_st3|rand_301	3.832982225733983
SEQC_st3|rand_302	3.69709282883407
SEQC_st3|rand_303	3.6763436900842037
SEQC_st3|rand_304	3.729153913696469
SEQC_st3|rand_305	3.5544097944800757
SEQC_st3|rand_306	3.4087247496845197
SEQC_st3|rand_307	3.3201203643506316
SEQC_st3|rand_308	3.7936226849050922
SEQC_st3|rand_309	3.6319668919561234
SEQC_st3|rand_310	3.6546262655379578
SEQC_st3|rand_311	3.6601557202034214
SEQC_st3|rand_312	3.854135745946838
SEQC_st3|rand_313	3.658629154941527
SEQC_st3|rand_314	3.281370915574576
SEQC_st3|rand_315	3.763872916365815
SEQC_st3|rand_316	3.862484591834787
SEQC_st3|rand_317	3.7862034328940206
SEQC_st3|rand_318	3.8520784139412005
SEQC_st3|rand_319	3.37972807697927
SEQC_st3|rand_320	2.795908901640609
SEQC_st3|rand_321	3.4331626054187496
SEQC_st3|rand_322	3.8424773066403763
SEQC_st3|rand_323	3.467360178529603
SEQC_st3|rand_324	3.9659563115491543
SEQC_st3|rand_325	3.4582346243247297
SEQC_st3|rand_326	3.454281607099432
SEQC_st3|rand_327	3.8278909626880564
SEQC_st3|rand_328	3.401111039469374
SEQC_st3|rand_329	4.0135517528208355
SEQC_st3|rand_330	3.580183958177134
SEQC_st3|rand_331	3.6202149236088905
SEQC_st3|rand_332	4.103413560777347
SEQC_st3|rand_333	3.4758400159580978
SEQC_st3|rand_334	3.8247227735409504
SEQC_st3|rand_335	3.431161996779651
SEQC_st3|rand_336	3.3494976889857995
SEQC_st3|rand_337	3.706883062348694
SEQC_st3|rand_338	3.6495667644756233
SEQC_st3|rand_339	3.54395656181857
SEQC_st3|rand_340	3.992160005641753
SEQC_st3|rand_341	3.5672837151171746
SEQC_st3|rand_342	3.4372496266665213
SEQC_st3|rand_343	3.662962808574238
SEQC_st3|rand_344	3.193367878043423
SEQC_st3|rand_345	3.500031976146595
SEQC_st3|rand_346	4.11954511820727
SEQC_st3|rand_347	4.0781029728214975
SEQC_st3|rand_348	3.6972600176058816
SEQC_st3|rand_349	3.672666934159758
SEQC_st3|rand_350	3.368305236486237
SEQC_st3|rand_351	3.9477176016143325
SEQC_st3|rand_352	3.546667606794868
SEQC_st3|rand_353	3.1711977273301692
SEQC_st3|rand_354	3.3183130923392383
SEQC_st3|rand_355	3.9806071926655404
SEQC_st3|rand_356	3.8976252983234883
SEQC_st3|rand_357	3.2550727783741347
SEQC_st3|rand_358	3.601174376694197
SEQC_st3|rand_359	3.4205190272220456
SEQC_st3|rand_360	3.6423049550847373
SEQC_st3|rand_361	3.335154781949278
SEQC_st3|rand_362	3.4513776095926048
SEQC_st3|rand_363	3.103628545174089
SEQC_st3|rand_364	3.6654186729945315
SEQC_st3|rand_365	3.314191298391073
SEQC_st3|rand_366	3.4244085036350116
SEQC_st3|rand_367	3.5562676324911586
SEQC_st3|rand_368	3.5988735954807387
SEQC_st3|rand_369	3.267341170755823
SEQC_st3|rand_370	3.8356798980238387
SEQC_st3|rand_371	3.8658993284256593
SEQC_st3|rand_372	3.8851738906128084
SEQC_st3|rand_373	3.53310655088434
SEQC_st3|rand_374	4.083768384582128
SEQC_st3|rand_375	3.2253336880781798
SEQC_st3|rand_376	3.662081972982588
SEQC_st3|rand_377	3.526161472288187
SEQC_st3|rand_378	3.4121407676131676
SEQC_st3|rand_379	3.433477019831957
SEQC_st3|rand_380	2.999480921963093
SEQC_st3|rand_381	3.0191547908322316
SEQC_st3|rand_382	3.6291777974467383
SEQC_st3|rand_383	3.556079389848442
SEQC_st3|rand_384	3.3014443073865616
SEQC_st3|rand_385	3.446362786544958
SEQC_st3|rand_386	3.72426864614354
SEQC_st3|rand_387	3.8294185789184394
SEQC_st3|rand_388	3.563939533180436
SEQC_st3|rand_389	3.3412518487079965
SEQC_st3|rand_390	3.989495207193077
SEQC_st3|rand_391	3.9336034868643557
SEQC_st3|rand_392	3.6541887115253773
SEQC_st3|rand_393	3.507993186092254
SEQC_st3|rand_394	3.5483565942285336
SEQC_st3|rand_395	3.4699782411301916
SEQC_st3|rand_396	3.4792955900460267
SEQC_st3|rand_397	3.4092620237370572
SEQC_st3|rand_398	3.79506792955863
SEQC_st3|rand_399	3.604896181335352
SEQC_st3|rand_400	3.9885784928644483
SEQC_st3|rand_401	3.313976504705015
SEQC_st3|rand_402	3.8795940496580057
SEQC_st3|rand_403	3.8021566639033226
SEQC_st3|rand_404	3.517676445008958
SEQC_st3|rand_405	3.5221880460448487
SEQC_st3|rand_406	3.528220063181115
SEQC_st3|rand_407	3.459931863495481
SEQC_st3|rand_408	3.8860204954831303
SEQC_st3|rand_409	3.572444323300208
SEQC_st3|rand_410	3.554624915257228
SEQC_st3|rand_411	3.541515662046189
SEQC_st3|rand_412	3.582823847105426
SEQC_st3|rand_413	3.506616714222352
SEQC_st3|rand_414	3.4718938575074296
SEQC_st3|rand_415	3.671212881539451
SEQC_st3|rand_416	4.021763895053484
SEQC_st3|rand_417	3.4702876603546957
SEQC_st3|rand_418	3.490666239661017
SEQC_st3|rand_419	3.776027130307753
SEQC_st3|rand_420	3.5258796684397193
SEQC_st3|rand_421	3.968593867340931
SEQC_st3|rand_422	3.4662269896643774
SEQC_st3|rand_423	3.8319663105961292
SEQC_st3|rand_424	4.2243186954782574
SEQC_st3|rand_425	3.6529253590399127
SEQC_st3|rand_426	3.453604607189328
SEQC_st3|rand_427	3.7098408267605665
SEQC_st3|rand_428	4.086372734893796
SEQC_st3|rand_429	3.7928727301228737
SEQC_st3|rand_430	3.7379308769988073
SEQC_st3|rand_431	3.9299596247517754
SEQC_st3|rand_432	3.8339615981576336
SEQC_st3|rand_433	3.7468416491250127
SEQC_st3|rand_434	3.7872195410619813
SEQC_st3|rand_435	3.738169593442033
SEQC_st3|rand_436	3.3457815595223614
SEQC_st3|rand_437	3.723211890656002
SEQC_st3|rand_438	4.093528601383077
SEQC_st3|rand_439	3.4413129548338492
SEQC_st3|rand_440	3.227694671605956
SEQC_st3|rand_441	3.4999265927803864
SEQC_st3|rand_442	3.8672927080878843
SEQC_st3|rand_443	4.136704215835768
SEQC_st3|rand_444	3.3272382476012874
SEQC_st3|rand_445	3.2070153774629837
SEQC_st3|rand_446	3.8050960438803663
SEQC_st3|rand_447	3.644891253815105
SEQC_st3|rand_448	3.1517507164836625
SEQC_st3|rand_449	3.1896326233227272
SEQC_st3|rand_450	3.361413859054153
SEQC_st3|rand_451	3.7115648913388153
SEQC_st3|rand_452	3.597866949971585
SEQC_st3|rand_453	3.3044043517213733
SEQC_st3|rand_454	3.7173652155822428
SEQC_st3|rand_455	3.553447334156729
SEQC_st3|rand_456	3.678324815505357
SEQC_st3|rand_457	3.4894480697767327
SEQC_st3|rand_458	3.4835902147406452
SEQC_st3|rand_459	3.2550875701607556
SEQC_st3|rand_460	3.7989127636910776
SEQC_st3|rand_461	3.556826260426059
SEQC_st3|rand_462	3.4945883754983935
SEQC_st3|rand_463	3.77309537015438
SEQC_st3|rand_464	2.97486249719791
SEQC_st3|rand_465	3.7543955285971085
SEQC_st3|rand_466	3.489351895296792
SEQC_st3|rand_467	3.929428933978133
SEQC_st3|rand_468	3.1289444594027356
SEQC_st3|rand_469	3.8290487775152835
SEQC_st3|rand_470	3.8234744342321525
SEQC_st3|rand_471	3.110591386242791
SEQC_st3|rand_472	3.5258752517807848
SEQC_st3|rand_473	4.089739162342735
SEQC_st3|rand_474	3.683202378911966
SEQC_st3|rand_475	3.5410336240106677
SEQC_st3|rand_476	3.863742421079204
SEQC_st3|rand_477	3.6207936970925143
SEQC_st3|rand_478	3.7337777523958398
SEQC_st3|rand_479	3.608579923241334
SEQC_st3|rand_480	3.6326794717851953
SEQC_st3|rand_481	3.7916237620136384
SEQC_st3|rand_482	3.7751199363150154
SEQC_st3|rand_483	3.6728603695914477
SEQC_st3|rand_484	3.8567662576095145
SEQC_st3|rand_485	3.547301223341622
SEQC_st3|rand_486	3.5023742958235626
SEQC_st3|rand_487	3.4756648500478384
SEQC_st3|rand_488	3.5694940034215534
SEQC_st3|rand_489	4.0374206587675925
SEQC_st3|rand_490	3.647071501019092
SEQC_st3|rand_491	4.035799444818903
SEQC_st3|rand_492	4.122802889285205
SEQC_st3|rand_493	3.5623826501410147
SEQC_st3|rand_494	3.9930064320872773
SEQC_st3|rand_495	3.150357262347581
SEQC_st3|rand_496	3.7495022317287496
SEQC_st3|rand_497	3.2591140434449555
SEQC_st3|rand_498	3.726373928886668
SEQC_st3|rand_499	3.684027923583611
SEQC_st3|rand_500	3.693309234822757
SEQC_st3|rand_501	3.267238924342913
SEQC_st3|rand_502	3.8200577989468294
SEQC_st3|rand_503	3.3557996409232573
SEQC_st3|rand_504	4.054770949273147
SEQC_st3|rand_505	3.652373763106824
SEQC_st3|rand_506	3.287566470731445
SEQC_st3|rand_507	3.589096116492571
SEQC_st3|rand_508	3.487379607802601
SEQC_st3|rand_509	3.089989815405804
SEQC_st3|rand_510	3.779671840393844
SEQC_st3|rand_511	2.9970546803647253
SEQC_st3|rand_512	3.3075317932851984
SEQC_st3|rand_513	3.670960280028126
SEQC_st3|rand_514	3.4846638848035894
SEQC_st3|rand_515	3.614464698053398
SEQC_st3|rand_516	3.7132742963230423
SEQC_st3|rand_517	3.369878153662298
SEQC_st3|rand_518	3.7062351709886157
SEQC_st3|rand_519	3.5607645569906303
SEQC_st3|rand_520	3.7788999512463377
SEQC_st3|rand_521	3.82099148791927
SEQC_st3|rand_522	3.650053562565165
SEQC_st3|rand_523	3.4893588858311837
SEQC_st3|rand_524	3.8118919067416646
SEQC_st3|rand_525	2.954371988675651
SEQC_st3|rand_526	3.8770569401071646
SEQC_st3|rand_527	3.9608684687611495
SEQC_st3|rand_528	3.6751739676727166
SEQC_st3|rand_529	3.924479865619903
SEQC_st3|rand_530	3.4344013502910578
SEQC_st3|rand_531	3.5944607773237562
SEQC_st3|rand_532	3.4731531694343785
SEQC_st3|rand_533	3.421071079307181
SEQC_st3|rand_534	3.5958204147235535
SEQC_st3|rand_535	3.372157002854357
SEQC_st3|rand_536	3.6389441621721224
SEQC_st3|rand_537	3.3347952805939194
SEQC_st3|rand_538	3.4233250506251633
SEQC_st3|rand_539	3.671615002954903
SEQC_st3|rand_540	3.5445936245946426
SEQC_st3|rand_541	3.9014537247225842
SEQC_st3|rand_542	3.5662403274768226
SEQC_st3|rand_543	4.084142544351146
SEQC_st3|rand_544	3.4403746929939176
SEQC_st3|rand_545	3.5707967249498203
SEQC_st3|rand_546	3.5052263976831735
SEQC_st3|rand_547	3.8875937336917477
SEQC_st3|rand_548	3.7929416369843056
SEQC_st3|rand_549	3.692804214107844
SEQC_st3|rand_550	3.595319341578052
SEQC_st3|rand_551	3.6340135597199756
SEQC_st3|rand_552	3.5118572534759376
SEQC_st3|rand_553	3.6906596206407745
SEQC_st3|rand_554	3.8477767345358767
SEQC_st3|rand_555	3.6574877403107258
SEQC_st3|rand_556	3.4190459020584676
SEQC_st3|rand_557	3.4607169873018275
SEQC_st3|rand_558	3.5330279903274553
SEQC_st3|rand_559	3.4652847251030985
SEQC_st3|rand_560	3.521286617428088
SEQC_st3|rand_561	3.651446125045788
SEQC_st3|rand_562	3.9721409030550276
SEQC_st3|rand_563	3.459223256279368
SEQC_st3|rand_564	3.562737491553253
SEQC_st3|rand_565	4.087060031180767
SEQC_st3|rand_566	3.479834158804034
SEQC_st3|rand_567	3.8418358695466277
SEQC_st3|rand_568	4.283986089843379
SEQC_st3|rand_569	3.294838564610107
SEQC_st3|rand_570	3.588424217970814
SEQC_st3|rand_571	3.245358239793793
SEQC_st3|rand_572	3.867191775980576
SEQC_st3|rand_573	3.5739354014288316
SEQC_st3|rand_574	3.6709291604423324
SEQC_st3|rand_575	4.053601488268425
SEQC_st3|rand_576	3.254899816870501
SEQC_st3|rand_577	4.009512105590526
SEQC_st3|rand_578	3.9578555600507435
SEQC_st3|rand_579	3.8816893824033882
SEQC_st3|rand_580	3.9224276261413205
SEQC_st3|rand_581	3.816225399167999
SEQC_st3|rand_582	3.2908366954426214
SEQC_st3|rand_583	3.469510605703505
SEQC_st3|rand_584	3.6319406477452967
SEQC_st3|rand_585	3.648355024182606
SEQC_st3|rand_586	4.023474167567942
SEQC_st3|rand_587	3.263852851677258
SEQC_st3|rand_588	3.4772673061982355
SEQC_st3|rand_589	3.859336265445499
SEQC_st3|rand_590	3.710907682233901
SEQC_st3|rand_591	3.8484322947417167
SEQC_st3|rand_592	3.483681974479543
SEQC_st3|rand_593	3.9861046186901747
SEQC_st3|rand_594	3.523817017474779
SEQC_st3|rand_595	4.17448550732331
SEQC_st3|rand_596	3.6563682429766016
SEQC_st3|rand_597	4.049695117595519
SEQC_st3|rand_598	3.772336322022194
SEQC_st3|rand_599	3.378300827378936
SEQC_st3|rand_600	3.540145590072528
SEQC_st3|rand_601	3.4434504097601155
SEQC_st3|rand_602	3.9450966470648208
SEQC_st3|rand_603	3.5185656835343626
SEQC_st3|rand_604	3.793616435446379
SEQC_st3|rand_605	3.3652965607911347
SEQC_st3|rand_606	3.90123809021292
SEQC_st3|rand_607	3.56309401058879
SEQC_st3|rand_608	3.8281464231502906
SEQC_st3|rand_609	3.9070434978311765
SEQC_st3|rand_610	3.8050262077731674
SEQC_st3|rand_611	3.296484102096093
SEQC_st3|rand_612	3.330886251474488
SEQC_st3|rand_613	3.746348557961079
SEQC_st3|rand_614	3.6785563113710764
SEQC_st3|rand_615	3.9011758324613837
SEQC_st3|rand_616	4.031061251332755
SEQC_st3|rand_617	4.033851574923111
SEQC_st3|rand_618	3.873893993005722
SEQC_st3|rand_619	3.4588142856455955
SEQC_st3|rand_620	3.91007583264891
SEQC_st3|rand_621	3.2069428730206355
SEQC_st3|rand_622	3.90400174861181
SEQC_st3|rand_623	3.6738668808446437
SEQC_st3|rand_624	3.845252392860973
SEQC_st3|rand_625	3.086372057750203
SEQC_st3|rand_626	3.613063446963217
SEQC_st3|rand_627	3.7946333509685686
SEQC_st3|rand_628	4.135585608753782
SEQC_st3|rand_629	3.488422833146494
SEQC_st3|rand_630	3.293952859402789
SEQC_st3|rand_631	3.5435181852785274
SEQC_st3|rand_632	3.3098924542933967
SEQC_st3|rand_633	3.6088966968206027
SEQC_st3|rand_634	3.635810758572572
SEQC_st3|rand_635	3.6672845902050137
SEQC_st3|rand_636	3.4257628264633597
SEQC_st3|rand_637	3.7300108515977266
SEQC_st3|rand_638	3.199123390781613
SEQC_st3|rand_639	3.3017157686048457
SEQC_st3|rand_640	3.7348751037263557
SEQC_st3|rand_641	3.505359440646661
SEQC_st3|rand_642	3.7145147088433292
SEQC_st3|rand_643	3.641277266535936
SEQC_st3|rand_644	3.768677179008447
SEQC_st3|rand_645	2.73670196479017
SEQC_st3|rand_646	3.50012852993073
SEQC_st3|rand_647	3.792830949517877
SEQC_st3|rand_648	4.242344446042705
SEQC_st3|rand_649	3.7294966042395408
SEQC_st3|rand_650	3.636493446196979
SEQC_st3|rand_651	3.4048108898515355
SEQC_st3|rand_652	3.5628787653464564
SEQC_st3|rand_653	3.9742058383664665
SEQC_st3|rand_654	3.6293869290764538
SEQC_st3|rand_655	3.7602524960892563
SEQC_st3|rand_656	3.873611679619962
SEQC_st3|rand_657	4.2962299936135535
SEQC_st3|rand_658	3.504758968613401
SEQC_st3|rand_659	4.070592056960146
SEQC_st3|rand_660	3.8258538685592445
SEQC_st3|rand_661	3.75940043079146
SEQC_st3|rand_662	3.4672471611933675
SEQC_st3|rand_663	3.4327184656415803
SEQC_st3|rand_664	3.7144954946389426
SEQC_st3|rand_665	3.8091635783224076
SEQC_st3|rand_666	3.4098330368167455
SEQC_st3|rand_667	3.6853490104509135
SEQC_st3|rand_668	4.030057975287114
SEQC_st3|rand_669	3.6789484139914923
SEQC_st3|rand_670	3.4621005161185505
SEQC_st3|rand_671	3.623119156986897
SEQC_st3|rand_672	3.603334016008952
SEQC_st3|rand_673	4.080712675525614
SEQC_st3|rand_674	3.5700017767656465
SEQC_st3|rand_675	3.2141256061068963
SEQC_st3|rand_676	3.6934338070462536
SEQC_st3|rand_677	3.6617378303230717
SEQC_st3|rand_678	3.4411006813163705
SEQC_st3|rand_679	4.306967011174121
SEQC_st3|rand_680	3.832825175326509
SEQC_st3|rand_681	2.911327954139485
SEQC_st3|rand_682	3.632418802574872
SEQC_st3|rand_683	3.6514191557924014
SEQC_st3|rand_684	2.928768322278165
SEQC_st3|rand_685	4.0542090477336545
SEQC_st3|rand_686	3.4552558275106637
SEQC_st3|rand_687	3.3682839938219735
SEQC_st3|rand_688	3.5781416707514966
SEQC_st3|rand_689	3.7183670166606384
SEQC_st3|rand_690	3.789877873653342
SEQC_st3|rand_691	3.279045958549008
SEQC_st3|rand_692	3.140543439781326
SEQC_st3|rand_693	3.5724021895890314
SEQC_st3|rand_694	3.7840111651366772
SEQC_st3|rand_695	3.4243208752854746
SEQC_st3|rand_696	3.673706660638371
SEQC_st3|rand_697	3.4627339869206457
SEQC_st3|rand_698	3.6953952995333372
SEQC_st3|rand_699	4.048980791901902
SEQC_st3|rand_700	3.856164309442006
SEQC_st3|rand_701	3.497756642110729
SEQC_st3|rand_702	4.272397784953695
SEQC_st3|rand_703	3.5438236103153113
SEQC_st3|rand_704	3.872009517198207
SEQC_st3|rand_705	3.5887786567105633
SEQC_st3|rand_706	3.5235081679692764
SEQC_st3|rand_707	3.339687562652524
SEQC_st3|rand_708	3.7205959432295534
SEQC_st3|rand_709	3.57694578979233
SEQC_st3|rand_710	4.006290167129815
SEQC_st3|rand_711	3.5709215567951413
SEQC_st3|rand_712	3.2571448148900104
SEQC_st3|rand_713	2.767142330232106
SEQC_st3|rand_714	3.295797130507741
SEQC_st3|rand_715	3.718364803033947
SEQC_st3|rand_716	3.371792709797238
SEQC_st3|rand_717	3.5241404480390703
SEQC_st3|rand_718	3.4509038900405677
SEQC_st3|rand_719	3.7888940249261407
SEQC_st3|rand_720	3.716937528996192
SEQC_st3|rand_721	3.1756752219785236
SEQC_st3|rand_722	3.2616740630981256
SEQC_st3|rand_723	3.3773875239001843
SEQC_st3|rand_724	3.4765741057997746
SEQC_st3|rand_725	3.9343078612996014
SEQC_st3|rand_726	3.481121070180468
SEQC_st3|rand_727	3.5725698142777387
SEQC_st3|rand_728	3.7905810796806803
SEQC_st3|rand_729	3.709590182141604
SEQC_st3|rand_730	3.839393949626873
SEQC_st3|rand_731	3.3274136304041617
SEQC_st3|rand_732	3.4888490870904305
SEQC_st3|rand_733	3.367612222822707
SEQC_st3|rand_734	3.7040542727271433
SEQC_st3|rand_735	3.5853916103720245
SEQC_st3|rand_736	3.7027190654835813
SEQC_st3|rand_737	3.498764872258334
SEQC_st3|rand_738	3.878940510812313
SEQC_st3|rand_739	3.5386054207022704
SEQC_st3|rand_740	3.452200083216778
SEQC_st3|rand_741	3.5019598774383454
SEQC_st3|rand_742	3.132554451701081
SEQC_st3|rand_743	3.3606902897677142
SEQC_st3|rand_744	3.572526285202207
SEQC_st3|rand_745	3.6526489156816537
SEQC_st3|rand_746	3.756362429028196
SEQC_st3|rand_747	3.8161326810767924
SEQC_st3|rand_748	4.3161915461167055
SEQC_st3|rand_749	3.8973481856686054
SEQC_st3|rand_750	3.637452785754438
SEQC_st3|rand_751	3.644617093950777
SEQC_st3|rand_752	3.8775307631070874
SEQC_st3|rand_753	3.59724806128632
SEQC_st3|rand_754	3.5224155617143844
SEQC_st3|rand_755	3.2437773918842656
SEQC_st3|rand_756	3.6505757166199677
SEQC_st3|rand_757	3.6020024538246407
SEQC_st3|rand_758	3.857441907314671
SEQC_st3|rand_759	3.6824001421894845
SEQC_st3|rand_760	3.6204949603033714
SEQC_st3|rand_761	3.5744745675434118
SEQC_st3|rand_762	3.512360315781825
SEQC_st3|rand_763	3.7429786201192723
SEQC_st3|rand_764	3.62173480325069
SEQC_st3|rand_765	2.9479014172166256
SEQC_st3|rand_766	3.3028875478632767
SEQC_st3|rand_767	3.790756015963137
SEQC_st3|rand_768	3.492402453350568
SEQC_st3|rand_769	3.9513778188090996
SEQC_st3|rand_770	3.9022261720816505
SEQC_st3|rand_771	3.896228203877826
SEQC_st3|rand_772	3.743262861312375
SEQC_st3|rand_773	3.4241050638640247
SEQC_st3|rand_774	3.4444422880926813
SEQC_st3|rand_775	3.7494789956033845
SEQC_st3|rand_776	3.281800928222865
SEQC_st3|rand_777	3.7443931074924253
SEQC_st3|rand_778	3.385857443982327
SEQC_st3|rand_779	3.828514353916368
SEQC_st3|rand_780	3.7869862410201582
SEQC_st3|rand_781	3.769063199342781
SEQC_st3|rand_782	3.7668182899705744
SEQC_st3|rand_783	3.456327405381054
SEQC_st3|rand_784	3.79922560977985
SEQC_st3|rand_785	3.9857269412465737
SEQC_st3|rand_786	3.351460639545722
SEQC_st3|rand_787	3.7542430383792587
SEQC_st3|rand_788	3.5411970085472313
SEQC_st3|rand_789	3.828474808946075
SEQC_st3|rand_790	3.9096355923929713
SEQC_st3|rand_791	3.5015636653752398
SEQC_st3|rand_792	3.6658520297230095
SEQC_st3|rand_793	3.5284261819719833
SEQC_st3|rand_794	3.648862715704668
SEQC_st3|rand_795	3.4036139176895683
SEQC_st3|rand_796	3.736751887186827
SEQC_st3|rand_797	3.8634445888994113
SEQC_st3|rand_798	4.086940297791146
SEQC_st3|rand_799	3.3173658911530706
SEQC_st3|rand_800	3.458681787496118
SEQC_st3|rand_801	3.0689615917029887
SEQC_st3|rand_802	3.565166953590552
SEQC_st3|rand_803	3.6743597528388685
SEQC_st3|rand_804	3.4924487602894074
SEQC_st3|rand_805	3.4663360191690504
SEQC_st3|rand_806	3.73792471544643
SEQC_st3|rand_807	3.5908037725630497
SEQC_st3|rand_808	3.9085128326677805
SEQC_st3|rand_809	3.481055146222651
SEQC_st3|rand_810	3.2741782500665075
SEQC_st3|rand_811	3.8241034594746712
SEQC_st3|rand_812	4.108193344016304
SEQC_st3|rand_813	3.6293122935977364
SEQC_st3|rand_814	3.6444090007236296
SEQC_st3|rand_815	3.2901390955495713
SEQC_st3|rand_816	4.304013824765261
SEQC_st3|rand_817	3.7024327009236417
SEQC_st3|rand_818	3.6764879505958565
SEQC_st3|rand_819	3.550564627616435
SEQC_st3|rand_820	3.6754050579778195
SEQC_st3|rand_821	3.7449093024161906
SEQC_st3|rand_822	3.2123029563036254
SEQC_st3|rand_823	3.9061449033635096
SEQC_st3|rand_824	3.0529632750419737
SEQC_st3|rand_825	3.9801883823149544
SEQC_st3|rand_826	3.1965435759245735
SEQC_st3|rand_827	3.723421069070884
SEQC_st3|rand_828	3.417993038557391
SEQC_st3|rand_829	3.7924869622711017
SEQC_st3|rand_830	3.793680345734758
SEQC_st3|rand_831	3.4784006875127838
SEQC_st3|rand_832	3.4031236908523175
SEQC_st3|rand_833	3.4547386358826566
SEQC_st3|rand_834	3.7370631751556806
SEQC_st3|rand_835	3.8237834696034922
SEQC_st3|rand_836	3.4653414775464304
SEQC_st3|rand_837	3.6569108313764405
SEQC_st3|rand_838	3.5835015396886165
SEQC_st3|rand_839	3.749666198589921
SEQC_st3|rand_840	3.729963690371183
SEQC_st3|rand_841	3.434980886300437
SEQC_st3|rand_842	3.6460006849944486
SEQC_st3|rand_843	3.680781156710578
SEQC_st3|rand_844	3.7699643989075
SEQC_st3|rand_845	3.570313524566834
SEQC_st3|rand_846	4.228374138788561
SEQC_st3|rand_847	3.597931910824245
SEQC_st3|rand_848	3.067668586804241
SEQC_st3|rand_849	3.469805596530311
SEQC_st3|rand_850	3.048355369340077
SEQC_st3|rand_851	4.012896620861736
SEQC_st3|rand_852	3.9705803549401644
SEQC_st3|rand_853	3.3080918062641764
SEQC_st3|rand_854	3.8681244826751566
SEQC_st3|rand_855	3.5150241790490657
SEQC_st3|rand_856	2.910351257706895
SEQC_st3|rand_857	3.5310943003453974
SEQC_st3|rand_858	3.8810196868595184
SEQC_st3|rand_859	3.688626874287706
SEQC_st3|rand_860	3.398330636557564
SEQC_st3|rand_861	3.486054168132524
SEQC_st3|rand_862	4.4494438214618155
SEQC_st3|rand_863	3.753979731164177
SEQC_st3|rand_864	3.152795344806252
SEQC_st3|rand_865	3.905228769649546
SEQC_st3|rand_866	3.408915377560471
SEQC_st3|rand_867	3.8637056456422836
SEQC_st3|rand_868	3.5788160707304444
SEQC_st3|rand_869	3.6021478000500355
SEQC_st3|rand_870	3.4461469258417154
SEQC_st3|rand_871	3.5370675315690083
SEQC_st3|rand_872	3.6482343372547867
SEQC_st3|rand_873	3.5271329409151146
SEQC_st3|rand_874	3.8525650297611986
SEQC_st3|rand_875	3.3948207085626407
SEQC_st3|rand_876	3.465563600760574
SEQC_st3|rand_877	3.4927520094557365
SEQC_st3|rand_878	3.613398732128999
SEQC_st3|rand_879	3.3125565045625276
SEQC_st3|rand_880	3.524684710934674
SEQC_st3|rand_881	3.8496759675890724
SEQC_st3|rand_882	3.7906947543857834
SEQC_st3|rand_883	3.3261192171509175
SEQC_st3|rand_884	3.4828684248684203
SEQC_st3|rand_885	3.8838749538637365
SEQC_st3|rand_886	3.8679817468468825
SEQC_st3|rand_887	3.8056895851447
SEQC_st3|rand_888	3.4657091324622065
SEQC_st3|rand_889	4.050523060008675
SEQC_st3|rand_890	3.4202854588020406
SEQC_st3|rand_891	3.7088647749789088
SEQC_st3|rand_892	3.34758220681428
SEQC_st3|rand_893	3.7236007279606724
SEQC_st3|rand_894	4.0510770624530625
SEQC_st3|rand_895	3.668315567715886
SEQC_st3|rand_896	3.677308173243401
SEQC_st3|rand_897	3.3529741694168806
SEQC_st3|rand_898	3.1020904064476125
SEQC_st3|rand_899	4.0588175725946325
SEQC_st3|rand_900	3.0528746779077216
SEQC_st3|rand_901	4.345442748661502
SEQC_st3|rand_902	3.5682858682036662
SEQC_st3|rand_903	3.8529540068502426
SEQC_st3|rand_904	3.3003680425310935
SEQC_st3|rand_905	2.932437927230312
SEQC_st3|rand_906	3.6587768034821178
SEQC_st3|rand_907	3.656952993641889
SEQC_st3|rand_908	3.7056406047250867
SEQC_st3|rand_909	3.8200585522315946
SEQC_st3|rand_910	3.8088601071099166
SEQC_st3|rand_911	3.5131579361197103
SEQC_st3|rand_912	3.6827770731753513
SEQC_st3|rand_913	3.632094349580418
SEQC_st3|rand_914	3.4420391884987684
SEQC_st3|rand_915	3.4576692605668535
SEQC_st3|rand_916	3.3569707004787537
SEQC_st3|rand_917	3.6807249808471787
SEQC_st3|rand_918	3.6351507558836897
SEQC_st3|rand_919	3.762586468978314
SEQC_st3|rand_920	3.447907412948261
SEQC_st3|rand_921	3.6029308993885865
SEQC_st3|rand_922	3.2714743721764576
SEQC_st3|rand_923	3.376758575133986
SEQC_st3|rand_924	3.6238876911040885
SEQC_st3|rand_925	3.9399382444379754
SEQC_st3|rand_926	3.378549074975343
SEQC_st3|rand_927	3.318884149405591
SEQC_st3|rand_928	3.8918987496244206
SEQC_st3|rand_929	3.7986430372495996
SEQC_st3|rand_930	3.173127447812969
SEQC_st3|rand_931	3.8988504342772967
SEQC_st3|rand_932	3.656250945835712
SEQC_st3|rand_933	3.5026437791775247
SEQC_st3|rand_934	3.544610719563615
SEQC_st3|rand_935	3.6652908716784167
SEQC_st3|rand_936	3.9471869603428913
SEQC_st3|rand_937	3.396121652616451
SEQC_st3|rand_938	3.871224800274011
SEQC_st3|rand_939	3.267987874089019
SEQC_st3|rand_940	3.505165696604126
SEQC_st3|rand_941	3.865619718314314
SEQC_st3|rand_942	3.7260346237745123
SEQC_st3|rand_943	3.632712686095612
SEQC_st3|rand_944	3.517658898346908
SEQC_st3|rand_945	3.635594406663629
SEQC_st3|rand_946	3.77878083431516
SEQC_st3|rand_947	3.647090955449253
SEQC_st3|rand_948	3.4120848149780176
SEQC_st3|rand_949	3.790399705508629
SEQC_st3|rand_950	3.541798116100373
SEQC_st3|rand_951	3.8561746426044885
SEQC_st3|rand_952	3.5909640835557126
SEQC_st3|rand_953	3.6132769207256406
SEQC_st3|rand_954	3.2984126043908124
SEQC_st3|rand_955	3.7821220474840573
SEQC_st3|rand_956	3.703465455716058
SEQC_st3|rand_957	3.223826237714386
SEQC_st3|rand_958	4.4875090143184435
SEQC_st3|rand_959	3.5975605763504053
SEQC_st3|rand_960	3.955759712503875
SEQC_st3|rand_961	3.0121536613691835
SEQC_st3|rand_962	4.048592652679713
SEQC_st3|rand_963	3.9449095161102767
SEQC_st3|rand_964	3.5925964132679638
SEQC_st3|rand_965	3.6734005012593482
SEQC_st3|rand_966	3.205570184510961
SEQC_st3|rand_967	3.2516043521711033
SEQC_st3|rand_968	3.395476468759734
SEQC_st3|rand_969	3.3226631216844456
SEQC_st3|rand_970	3.433076404757892
SEQC_st3|rand_971	3.400872050590788
SEQC_st3|rand_972	3.7013556453416947
SEQC_st3|rand_973	3.6279594033426372
SEQC_st3|rand_974	3.8949815822629232
SEQC_st3|rand_975	3.527513881732338
SEQC_st3|rand_976	3.4421399809817412
SEQC_st3|rand_977	3.463915621360462
SEQC_st3|rand_978	3.4374272101848433
SEQC_st3|rand_979	3.6505156737310465
SEQC_st3|rand_980	3.6348313864540978
SEQC_st3|rand_981	3.298255783147021
SEQC_st3|rand_982	3.439360384692897
SEQC_st3|rand_983	3.4098620691941
SEQC_st3|rand_984	3.557947681380448
SEQC_st3|rand_985	3.6622019944695987
SEQC_st3|rand_986	3.843502375516107
SEQC_st3|rand_987	3.674185858716429
SEQC_st3|rand_988	2.887151777133819
SEQC_st3|rand_989	3.553243719993597
SEQC_st3|rand_990	3.8015543955728917
SEQC_st3|rand_991	3.470700550343683
SEQC_st3|rand_992	3.5663008681228274
SEQC_st3|rand_993	3.7142054859524003
SEQC_st3|rand_994	3.4586925420924874
SEQC_st3|rand_995	3.1183138143628177
SEQC_st3|rand_996	3.3642573136773826
SEQC_st3|rand_997	3.2842113563490183
SEQC_st3|rand_998	3.4109552963839485
SEQC_st3|rand_999	3.8650875085576017
SEQC_st3|rand_1000	3.780095378027121
SEQC_st4|rand_1	3.757891592817859
SEQC_st4|rand_2	4.049157522311059
SEQC_st4|rand_3	3.6918462994830343
SEQC_st4|rand_4	3.769939313539029
SEQC_st4|rand_5	3.421518142584804
SEQC_st4|rand_6	3.465060241662965
SEQC_st4|rand_7	3.4380332491069847
SEQC_st4|rand_8	3.6713484775565783
SEQC_st4|rand_9	3.515347944190531
SEQC_st4|rand_10	3.488498645836068
SEQC_st4|rand_11	3.4092927309715253
SEQC_st4|rand_12	3.182168915711274
SEQC_st4|rand_13	3.754253474948028
SEQC_st4|rand_14	3.4124820888164087
SEQC_st4|rand_15	3.6763461463488527
SEQC_st4|rand_16	3.341416974628509
SEQC_st4|rand_17	3.2898178683425154
SEQC_st4|rand_18	3.4442458303173824
SEQC_st4|rand_19	3.492384773543016
SEQC_st4|rand_20	3.347331341320973
SEQC_st4|rand_21	3.77139227236038
SEQC_st4|rand_22	3.556895038084549
SEQC_st4|rand_23	3.995250678341367
SEQC_st4|rand_24	3.53193349133959
SEQC_st4|rand_25	3.5996895513306186
SEQC_st4|rand_26	3.889403759250918
SEQC_st4|rand_27	3.617033073955714
SEQC_st4|rand_28	3.3185033986439003
SEQC_st4|rand_29	3.6325410909276705
SEQC_st4|rand_30	3.586866667804833
SEQC_st4|rand_31	3.6747292760325667
SEQC_st4|rand_32	3.74673896040824
SEQC_st4|rand_33	2.9967731054321316
SEQC_st4|rand_34	3.4387334568038788
SEQC_st4|rand_35	3.094813486785647
SEQC_st4|rand_36	3.3541297656289593
SEQC_st4|rand_37	4.200528903908176
SEQC_st4|rand_38	3.860207302985796
SEQC_st4|rand_39	3.2093777672754666
SEQC_st4|rand_40	3.395356545028037
SEQC_st4|rand_41	3.4864138825792037
SEQC_st4|rand_42	3.571409322707063
SEQC_st4|rand_43	3.3169972683188327
SEQC_st4|rand_44	3.718616765088617
SEQC_st4|rand_45	3.4122339858968114
SEQC_st4|rand_46	3.4565348926967627
SEQC_st4|rand_47	3.461624206067783
SEQC_st4|rand_48	3.364053289114308
SEQC_st4|rand_49	3.369032333567425
SEQC_st4|rand_50	3.4354718791534435
SEQC_st4|rand_51	3.4860959663434476
SEQC_st4|rand_52	3.632787017920529
SEQC_st4|rand_53	3.232250901449651
SEQC_st4|rand_54	3.3928536625280894
SEQC_st4|rand_55	4.020781770345818
SEQC_st4|rand_56	3.367090123959598
SEQC_st4|rand_57	3.537286793762802
SEQC_st4|rand_58	3.4467583970769606
SEQC_st4|rand_59	3.6024665596003698
SEQC_st4|rand_60	3.750665559651726
SEQC_st4|rand_61	3.592549456590479
SEQC_st4|rand_62	3.5096953801507764
SEQC_st4|rand_63	3.51275738016958
SEQC_st4|rand_64	3.353306698772261
SEQC_st4|rand_65	3.060597752683336
SEQC_st4|rand_66	3.4527982059234117
SEQC_st4|rand_67	3.786191573496671
SEQC_st4|rand_68	3.008238301144724
SEQC_st4|rand_69	3.9031669152184096
SEQC_st4|rand_70	3.01183977251453
SEQC_st4|rand_71	3.066875403438354
SEQC_st4|rand_72	3.2110670013464264
SEQC_st4|rand_73	3.7242177130805114
SEQC_st4|rand_74	3.859671094141722
SEQC_st4|rand_75	3.539203223945581
SEQC_st4|rand_76	3.238056923388728
SEQC_st4|rand_77	3.7061551596977527
SEQC_st4|rand_78	3.4858544056928307
SEQC_st4|rand_79	4.048217476682025
SEQC_st4|rand_80	3.5984505644471896
SEQC_st4|rand_81	3.1526798765515855
SEQC_st4|rand_82	3.330915268570652
SEQC_st4|rand_83	3.311575616825859
SEQC_st4|rand_84	3.559035705297049
SEQC_st4|rand_85	3.5122113274037146
SEQC_st4|rand_86	3.576376001645212
SEQC_st4|rand_87	3.5536703597159947
SEQC_st4|rand_88	3.616957506114042
SEQC_st4|rand_89	3.750402436394526
SEQC_st4|rand_90	3.4763212052761165
SEQC_st4|rand_91	3.6316864806838325
SEQC_st4|rand_92	3.0743071271199516
SEQC_st4|rand_93	3.009713676298264
SEQC_st4|rand_94	3.6943263712719387
SEQC_st4|rand_95	3.58874816306398
SEQC_st4|rand_96	3.3155128833871177
SEQC_st4|rand_97	3.0738418166486765
SEQC_st4|rand_98	3.3984247538461076
SEQC_st4|rand_99	3.3056308833984813
SEQC_st4|rand_100	3.539134616486728
SEQC_st4|rand_101	3.571607756883954
SEQC_st4|rand_102	3.6472387855233195
SEQC_st4|rand_103	3.7790253887577756
SEQC_st4|rand_104	3.6570347589596097
SEQC_st4|rand_105	3.9423028587207383
SEQC_st4|rand_106	3.398923076124439
SEQC_st4|rand_107	3.564886394860608
SEQC_st4|rand_108	3.5922996875163458
SEQC_st4|rand_109	3.5863374802104198
SEQC_st4|rand_110	3.6309409526324012
SEQC_st4|rand_111	3.4092702659136935
SEQC_st4|rand_112	3.447608692614066
SEQC_st4|rand_113	3.470205624859409
SEQC_st4|rand_114	3.630018809976176
SEQC_st4|rand_115	3.493494859869911
SEQC_st4|rand_116	3.662986024337066
SEQC_st4|rand_117	3.581043217071118
SEQC_st4|rand_118	3.7748599357881183
SEQC_st4|rand_119	3.547199304866938
SEQC_st4|rand_120	3.674650162816091
SEQC_st4|rand_121	2.9489752132175813
SEQC_st4|rand_122	3.5393496183211144
SEQC_st4|rand_123	3.722679447941947
SEQC_st4|rand_124	3.6145891058012976
SEQC_st4|rand_125	3.1731047781613113
SEQC_st4|rand_126	3.4685427545479506
SEQC_st4|rand_127	3.489688061061069
SEQC_st4|rand_128	2.95136284531132
SEQC_st4|rand_129	3.146583694504922
SEQC_st4|rand_130	3.329214168482474
SEQC_st4|rand_131	3.459081719112157
SEQC_st4|rand_132	3.166422593074717
SEQC_st4|rand_133	3.676102399753408
SEQC_st4|rand_134	3.4070018843932304
SEQC_st4|rand_135	3.4813945380559885
SEQC_st4|rand_136	3.4733267139092856
SEQC_st4|rand_137	3.5862134452574472
SEQC_st4|rand_138	3.4439579510922997
SEQC_st4|rand_139	3.5859808500267834
SEQC_st4|rand_140	3.597011296493307
SEQC_st4|rand_141	3.906836733588735
SEQC_st4|rand_142	4.007985678772411
SEQC_st4|rand_143	3.573982412176647
SEQC_st4|rand_144	3.4673674221224493
SEQC_st4|rand_145	3.6894859310604184
SEQC_st4|rand_146	3.7302413363334406
SEQC_st4|rand_147	3.4696925893572654
SEQC_st4|rand_148	3.2025542446819757
SEQC_st4|rand_149	3.4456698259781633
SEQC_st4|rand_150	3.585919457934803
SEQC_st4|rand_151	3.4315169861256893
SEQC_st4|rand_152	3.448354213910733
SEQC_st4|rand_153	3.7287221923140206
SEQC_st4|rand_154	3.3283869857497033
SEQC_st4|rand_155	3.126978665544082
SEQC_st4|rand_156	3.633096055695847
SEQC_st4|rand_157	3.790576499597089
SEQC_st4|rand_158	3.2468395281170173
SEQC_st4|rand_159	3.440332290215588
SEQC_st4|rand_160	3.428847660530336
SEQC_st4|rand_161	3.2864404173451844
SEQC_st4|rand_162	3.388454640584977
SEQC_st4|rand_163	3.61329671087501
SEQC_st4|rand_164	3.3432334586043257
SEQC_st4|rand_165	3.630075964644557
SEQC_st4|rand_166	3.4368490270884298
SEQC_st4|rand_167	3.605747840372984
SEQC_st4|rand_168	3.4324181478417186
SEQC_st4|rand_169	3.6855222333700928
SEQC_st4|rand_170	3.545239584124521
SEQC_st4|rand_171	3.5346670914518534
SEQC_st4|rand_172	3.8589153589473177
SEQC_st4|rand_173	3.6333566451859856
SEQC_st4|rand_174	3.333829608299639
SEQC_st4|rand_175	3.3610101183135455
SEQC_st4|rand_176	3.108724116169499
SEQC_st4|rand_177	3.8698867647387165
SEQC_st4|rand_178	3.552832077724631
SEQC_st4|rand_179	3.232799406114025
SEQC_st4|rand_180	3.6571046823970845
SEQC_st4|rand_181	3.053588309448508
SEQC_st4|rand_182	3.6253803861866194
SEQC_st4|rand_183	3.379457183756251
SEQC_st4|rand_184	3.539637160418936
SEQC_st4|rand_185	3.3787526946209296
SEQC_st4|rand_186	3.18575043573868
SEQC_st4|rand_187	3.645374718953626
SEQC_st4|rand_188	3.3563928965722942
SEQC_st4|rand_189	3.6199919477550138
SEQC_st4|rand_190	4.040829787965515
SEQC_st4|rand_191	3.35169725358574
SEQC_st4|rand_192	3.400232870381119
SEQC_st4|rand_193	3.6443439019561557
SEQC_st4|rand_194	3.689398202845054
SEQC_st4|rand_195	3.123087151244129
SEQC_st4|rand_196	3.6527732499019008
SEQC_st4|rand_197	3.3755906495689247
SEQC_st4|rand_198	3.6775692755776417
SEQC_st4|rand_199	3.3452835822492895
SEQC_st4|rand_200	3.7188053176111056
SEQC_st4|rand_201	3.739801575302015
SEQC_st4|rand_202	3.5392777320713287
SEQC_st4|rand_203	3.263655200140917
SEQC_st4|rand_204	3.540298874495075
SEQC_st4|rand_205	3.5093534607287404
SEQC_st4|rand_206	3.569982113277577
SEQC_st4|rand_207	3.6754944310187123
SEQC_st4|rand_208	3.7399320712203705
SEQC_st4|rand_209	3.8228277906993275
SEQC_st4|rand_210	3.462277472861652
SEQC_st4|rand_211	3.8025173341189897
SEQC_st4|rand_212	3.4803278257424903
SEQC_st4|rand_213	3.4664466518115002
SEQC_st4|rand_214	3.416439573250479
SEQC_st4|rand_215	3.4858794696656052
SEQC_st4|rand_216	3.666828041575035
SEQC_st4|rand_217	3.590145127057565
SEQC_st4|rand_218	3.5237110745998494
SEQC_st4|rand_219	3.9251598503702616
SEQC_st4|rand_220	3.4834250514827225
SEQC_st4|rand_221	3.3438009633383
SEQC_st4|rand_222	3.6730590244617
SEQC_st4|rand_223	3.6067084943944923
SEQC_st4|rand_224	3.4523509242536106
SEQC_st4|rand_225	3.124386347340619
SEQC_st4|rand_226	3.6353933007561245
SEQC_st4|rand_227	3.3151215047708855
SEQC_st4|rand_228	3.9270064273214045
SEQC_st4|rand_229	3.644067810642941
SEQC_st4|rand_230	3.351752071849295
SEQC_st4|rand_231	3.5110321785561225
SEQC_st4|rand_232	3.538097223464631
SEQC_st4|rand_233	3.6436781051068285
SEQC_st4|rand_234	3.6414575705888215
SEQC_st4|rand_235	3.568468725731621
SEQC_st4|rand_236	3.4937590025790906
SEQC_st4|rand_237	3.49459747070077
SEQC_st4|rand_238	3.672251897950368
SEQC_st4|rand_239	3.6735724150913693
SEQC_st4|rand_240	3.5478211790135608
SEQC_st4|rand_241	3.63297229913261
SEQC_st4|rand_242	3.69529750660208
SEQC_st4|rand_243	3.510837226750752
SEQC_st4|rand_244	3.6694761410619305
SEQC_st4|rand_245	3.5628613404768505
SEQC_st4|rand_246	3.703440438452623
SEQC_st4|rand_247	3.5108897685551046
SEQC_st4|rand_248	3.889106759872662
SEQC_st4|rand_249	4.1584975851023085
SEQC_st4|rand_250	3.4033836868663148
SEQC_st4|rand_251	3.8634311342240957
SEQC_st4|rand_252	3.382755774811487
SEQC_st4|rand_253	3.522341790305496
SEQC_st4|rand_254	3.591143846631538
SEQC_st4|rand_255	3.375968855786583
SEQC_st4|rand_256	4.0150806462794
SEQC_st4|rand_257	3.870884757056503
SEQC_st4|rand_258	3.447219588782512
SEQC_st4|rand_259	3.6414182033343487
SEQC_st4|rand_260	3.398337731052956
SEQC_st4|rand_261	3.8027702323008885
SEQC_st4|rand_262	3.294604868799822
SEQC_st4|rand_263	3.722484136979333
SEQC_st4|rand_264	3.2259690075011265
SEQC_st4|rand_265	3.6376543892187088
SEQC_st4|rand_266	3.7454116084271
SEQC_st4|rand_267	3.501382117464067
SEQC_st4|rand_268	3.397167615649414
SEQC_st4|rand_269	3.5053841104796586
SEQC_st4|rand_270	3.6226077980975218
SEQC_st4|rand_271	3.039764248727286
SEQC_st4|rand_272	3.5987197501279846
SEQC_st4|rand_273	3.2415947523609123
SEQC_st4|rand_274	3.5666210557040237
SEQC_st4|rand_275	3.7688791800202806
SEQC_st4|rand_276	3.22857948566069
SEQC_st4|rand_277	3.8895121924715235
SEQC_st4|rand_278	3.7488337703093766
SEQC_st4|rand_279	3.701953602828731
SEQC_st4|rand_280	3.6623788375911697
SEQC_st4|rand_281	3.2776932042696445
SEQC_st4|rand_282	3.418054347214974
SEQC_st4|rand_283	3.6281826707849025
SEQC_st4|rand_284	3.467919832669292
SEQC_st4|rand_285	3.8990661688161947
SEQC_st4|rand_286	3.454632668332179
SEQC_st4|rand_287	3.5359649456747047
SEQC_st4|rand_288	3.6449428827519945
SEQC_st4|rand_289	3.968663935730581
SEQC_st4|rand_290	3.4717519338222758
SEQC_st4|rand_291	3.1900996536609454
SEQC_st4|rand_292	3.7431239941321213
SEQC_st4|rand_293	3.4362851167961814
SEQC_st4|rand_294	3.8658480251665854
SEQC_st4|rand_295	3.338870878180931
SEQC_st4|rand_296	3.46059844989337
SEQC_st4|rand_297	3.8252399097184204
SEQC_st4|rand_298	3.461795264001218
SEQC_st4|rand_299	3.343304908826866
SEQC_st4|rand_300	4.088652532639924
SEQC_st4|rand_301	3.46435029370826
SEQC_st4|rand_302	3.491801394176295
SEQC_st4|rand_303	3.5757175512593498
SEQC_st4|rand_304	3.6333241486848338
SEQC_st4|rand_305	3.542972010147573
SEQC_st4|rand_306	3.711963205318201
SEQC_st4|rand_307	3.373990299972146
SEQC_st4|rand_308	3.608724171551926
SEQC_st4|rand_309	3.2101488847327087
SEQC_st4|rand_310	3.3227581909457964
SEQC_st4|rand_311	3.47961024210046
SEQC_st4|rand_312	3.6035684289158993
SEQC_st4|rand_313	3.566232331374551
SEQC_st4|rand_314	3.1502173175741146
SEQC_st4|rand_315	3.640515480304312
SEQC_st4|rand_316	3.8710480739042743
SEQC_st4|rand_317	3.618741908115464
SEQC_st4|rand_318	3.383492946567224
SEQC_st4|rand_319	3.5210529743781804
SEQC_st4|rand_320	3.0816062351620954
SEQC_st4|rand_321	3.8005096334977697
SEQC_st4|rand_322	3.799922597973145
SEQC_st4|rand_323	3.373828752398833
SEQC_st4|rand_324	3.7943683097781657
SEQC_st4|rand_325	3.501221904247996
SEQC_st4|rand_326	3.1921473491377044
SEQC_st4|rand_327	3.588469628568613
SEQC_st4|rand_328	3.464130236855896
SEQC_st4|rand_329	4.326024980773081
SEQC_st4|rand_330	3.5816368207294
SEQC_st4|rand_331	3.50401045885016
SEQC_st4|rand_332	4.188139933307353
SEQC_st4|rand_333	3.2808402464137054
SEQC_st4|rand_334	3.957724443023541
SEQC_st4|rand_335	3.5166540900999195
SEQC_st4|rand_336	3.6142920857275733
SEQC_st4|rand_337	3.742979406289459
SEQC_st4|rand_338	3.7113724742711423
SEQC_st4|rand_339	3.5967486599352667
SEQC_st4|rand_340	4.245123502869674
SEQC_st4|rand_341	3.486388229364014
SEQC_st4|rand_342	3.2990285269846003
SEQC_st4|rand_343	3.3165979467845585
SEQC_st4|rand_344	3.005814213439717
SEQC_st4|rand_345	3.8384328084961465
SEQC_st4|rand_346	3.8201396124608453
SEQC_st4|rand_347	3.628810580507718
SEQC_st4|rand_348	3.435477980143334
SEQC_st4|rand_349	3.201326816132293
SEQC_st4|rand_350	3.404701485519419
SEQC_st4|rand_351	3.9195718469947605
SEQC_st4|rand_352	3.8721671758731624
SEQC_st4|rand_353	3.366198711182422
SEQC_st4|rand_354	3.5120970380879406
SEQC_st4|rand_355	3.7580638008644858
SEQC_st4|rand_356	3.702243990411284
SEQC_st4|rand_357	3.5796753623376447
SEQC_st4|rand_358	3.7493844964698364
SEQC_st4|rand_359	3.2051125140133614
SEQC_st4|rand_360	3.527425573940758
SEQC_st4|rand_361	3.5553504289338216
SEQC_st4|rand_362	3.2945558469595397
SEQC_st4|rand_363	3.3969341536265265
SEQC_st4|rand_364	3.983708168922102
SEQC_st4|rand_365	3.901813665017141
SEQC_st4|rand_366	3.0304114760708445
SEQC_st4|rand_367	3.2905201055994024
SEQC_st4|rand_368	3.657465721906451
SEQC_st4|rand_369	2.94882491486246
SEQC_st4|rand_370	3.4244046934379737
SEQC_st4|rand_371	4.002603301379781
SEQC_st4|rand_372	4.084386471990098
SEQC_st4|rand_373	3.604205502586127
SEQC_st4|rand_374	3.7061237649006857
SEQC_st4|rand_375	3.0664965745146335
SEQC_st4|rand_376	3.580701077428271
SEQC_st4|rand_377	3.4366606012447685
SEQC_st4|rand_378	3.506609503741047
SEQC_st4|rand_379	3.1000462800262896
SEQC_st4|rand_380	3.116799034424087
SEQC_st4|rand_381	2.796306826559753
SEQC_st4|rand_382	3.783610513177664
SEQC_st4|rand_383	3.471889671281417
SEQC_st4|rand_384	3.4070092805784644
SEQC_st4|rand_385	3.385558959899826
SEQC_st4|rand_386	3.885510681768505
SEQC_st4|rand_387	3.5613440945192036
SEQC_st4|rand_388	3.4789152087921402
SEQC_st4|rand_389	3.483289082572502
SEQC_st4|rand_390	3.775981084865384
SEQC_st4|rand_391	3.8378301941251145
SEQC_st4|rand_392	3.330257111181477
SEQC_st4|rand_393	3.6825781530751236
SEQC_st4|rand_394	3.6735545399258793
SEQC_st4|rand_395	3.4368910091162466
SEQC_st4|rand_396	3.4955936452655525
SEQC_st4|rand_397	3.5742116834446254
SEQC_st4|rand_398	3.5072177304162384
SEQC_st4|rand_399	3.6596483755650593
SEQC_st4|rand_400	3.800470087180559
SEQC_st4|rand_401	3.174665349431144
SEQC_st4|rand_402	3.8268896599699715
SEQC_st4|rand_403	3.5750354030532985
SEQC_st4|rand_404	3.230842208952286
SEQC_st4|rand_405	3.9617803681610564
SEQC_st4|rand_406	3.373440350250618
SEQC_st4|rand_407	3.2712276100930495
SEQC_st4|rand_408	4.022440391498071
SEQC_st4|rand_409	3.6620802187987582
SEQC_st4|rand_410	3.123491107764945
SEQC_st4|rand_411	3.2496324330539803
SEQC_st4|rand_412	3.553983115027445
SEQC_st4|rand_413	3.783335065734275
SEQC_st4|rand_414	3.186096355755391
SEQC_st4|rand_415	3.200386164417863
SEQC_st4|rand_416	3.550023540973622
SEQC_st4|rand_417	3.58293712763239
SEQC_st4|rand_418	3.296059165575763
SEQC_st4|rand_419	3.789305677635138
SEQC_st4|rand_420	3.422595431625521
SEQC_st4|rand_421	3.8302815661870055
SEQC_st4|rand_422	3.410486316956378
SEQC_st4|rand_423	3.332307200703775
SEQC_st4|rand_424	3.529115988244964
SEQC_st4|rand_425	3.2834930957225996
SEQC_st4|rand_426	3.4806003717435656
SEQC_st4|rand_427	3.5634785181101583
SEQC_st4|rand_428	3.386775491090221
SEQC_st4|rand_429	3.938838138871519
SEQC_st4|rand_430	4.31862340435982
SEQC_st4|rand_431	3.697469386557736
SEQC_st4|rand_432	3.765832843620655
SEQC_st4|rand_433	3.869069804562473
SEQC_st4|rand_434	3.5359399824791033
SEQC_st4|rand_435	3.48390682326238
SEQC_st4|rand_436	3.4553774514361644
SEQC_st4|rand_437	3.448376519736909
SEQC_st4|rand_438	3.83782272440216
SEQC_st4|rand_439	3.0405271208422544
SEQC_st4|rand_440	3.135656100979874
SEQC_st4|rand_441	3.245424254641529
SEQC_st4|rand_442	3.7306020582125896
SEQC_st4|rand_443	3.8151013379504666
SEQC_st4|rand_444	3.4764742496602263
SEQC_st4|rand_445	3.3230418672249935
SEQC_st4|rand_446	3.4773193263339164
SEQC_st4|rand_447	3.729956727186055
SEQC_st4|rand_448	3.5739997983418594
SEQC_st4|rand_449	3.1607309952108134
SEQC_st4|rand_450	3.3757039002294964
SEQC_st4|rand_451	3.560384796567688
SEQC_st4|rand_452	3.8958615240988115
SEQC_st4|rand_453	3.006850209010847
SEQC_st4|rand_454	3.827181054466052
SEQC_st4|rand_455	3.3791931162561086
SEQC_st4|rand_456	3.76708878399309
SEQC_st4|rand_457	3.4940210693057905
SEQC_st4|rand_458	3.584024904675567
SEQC_st4|rand_459	3.3439684488011134
SEQC_st4|rand_460	3.5196646058429018
SEQC_st4|rand_461	3.4971576686856105
SEQC_st4|rand_462	3.3975410798617762
SEQC_st4|rand_463	3.558086728581837
SEQC_st4|rand_464	3.048675931273323
SEQC_st4|rand_465	3.623929764086992
SEQC_st4|rand_466	3.5245319592291042
SEQC_st4|rand_467	3.981787458538921
SEQC_st4|rand_468	2.988280498039031
SEQC_st4|rand_469	3.1961960534900706
SEQC_st4|rand_470	3.85899541727473
SEQC_st4|rand_471	3.344373407338704
SEQC_st4|rand_472	3.424719515428424
SEQC_st4|rand_473	3.9928116136982412
SEQC_st4|rand_474	3.4321463115934803
SEQC_st4|rand_475	3.4343365611292413
SEQC_st4|rand_476	3.9221836124765823
SEQC_st4|rand_477	3.2959752458305465
SEQC_st4|rand_478	3.6973248245859853
SEQC_st4|rand_479	3.594608016299309
SEQC_st4|rand_480	3.3101279824295737
SEQC_st4|rand_481	3.8762304934373097
SEQC_st4|rand_482	3.7790886010585854
SEQC_st4|rand_483	3.547464891080374
SEQC_st4|rand_484	3.4505256433031355
SEQC_st4|rand_485	3.601433798491745
SEQC_st4|rand_486	3.571619162707704
SEQC_st4|rand_487	3.8275119181882036
SEQC_st4|rand_488	3.3040169447826515
SEQC_st4|rand_489	3.6055242924353603
SEQC_st4|rand_490	3.554061911667476
SEQC_st4|rand_491	3.8838716545644374
SEQC_st4|rand_492	3.5420680510753604
SEQC_st4|rand_493	3.488997977352242
SEQC_st4|rand_494	3.851115021948946
SEQC_st4|rand_495	3.3494325358893478
SEQC_st4|rand_496	3.8012231401852796
SEQC_st4|rand_497	3.5438976791796404
SEQC_st4|rand_498	3.8036743501294925
SEQC_st4|rand_499	3.383771793453964
SEQC_st4|rand_500	3.4779354860909684
SEQC_st4|rand_501	3.300837425283109
SEQC_st4|rand_502	4.139329366983102
SEQC_st4|rand_503	3.3582329289147674
SEQC_st4|rand_504	4.05520887388518
SEQC_st4|rand_505	3.3034312212000403
SEQC_st4|rand_506	3.5722367422612225
SEQC_st4|rand_507	3.537853147696346
SEQC_st4|rand_508	3.2847656441694197
SEQC_st4|rand_509	3.424109016768346
SEQC_st4|rand_510	3.9116914263220757
SEQC_st4|rand_511	3.350637278645595
SEQC_st4|rand_512	3.3412746957659913
SEQC_st4|rand_513	3.4819563408963847
SEQC_st4|rand_514	3.1713115562977667
SEQC_st4|rand_515	3.7503420458350334
SEQC_st4|rand_516	3.8156718530893468
SEQC_st4|rand_517	3.281019831141434
SEQC_st4|rand_518	3.631797358564596
SEQC_st4|rand_519	3.8549163766075543
SEQC_st4|rand_520	3.128809700626171
SEQC_st4|rand_521	3.775861143034521
SEQC_st4|rand_522	3.4246900432150382
SEQC_st4|rand_523	3.376022601181654
SEQC_st4|rand_524	3.453215303989972
SEQC_st4|rand_525	3.568659658358995
SEQC_st4|rand_526	3.5040833348554483
SEQC_st4|rand_527	3.7300126933893933
SEQC_st4|rand_528	3.630324743291043
SEQC_st4|rand_529	3.5687139435468294
SEQC_st4|rand_530	3.567205346290782
SEQC_st4|rand_531	3.6650707098800703
SEQC_st4|rand_532	3.329927219985702
SEQC_st4|rand_533	3.4085133768172176
SEQC_st4|rand_534	3.6361454518290066
SEQC_st4|rand_535	3.6286976392753694
SEQC_st4|rand_536	3.4524304216810497
SEQC_st4|rand_537	3.4735658113889456
SEQC_st4|rand_538	3.5600192224044758
SEQC_st4|rand_539	3.589342932765567
SEQC_st4|rand_540	3.2536556839590154
SEQC_st4|rand_541	3.696808231784764
SEQC_st4|rand_542	3.3173144531300984
SEQC_st4|rand_543	3.9067826480202608
SEQC_st4|rand_544	3.1414503481085876
SEQC_st4|rand_545	3.8273455010390802
SEQC_st4|rand_546	3.610392690779875
SEQC_st4|rand_547	3.6667112013473973
SEQC_st4|rand_548	3.6098018610611646
SEQC_st4|rand_549	3.347089119358241
SEQC_st4|rand_550	3.510554277910658
SEQC_st4|rand_551	3.8712097960605827
SEQC_st4|rand_552	3.145040202723116
SEQC_st4|rand_553	3.773471870657962
SEQC_st4|rand_554	3.376246216952431
SEQC_st4|rand_555	3.597556132479098
SEQC_st4|rand_556	3.249883054118785
SEQC_st4|rand_557	2.9994498805353653
SEQC_st4|rand_558	3.5470473586031877
SEQC_st4|rand_559	3.6907841467804494
SEQC_st4|rand_560	3.6524165702647013
SEQC_st4|rand_561	3.7250227268644536
SEQC_st4|rand_562	3.5592048361067317
SEQC_st4|rand_563	3.6506958802744727
SEQC_st4|rand_564	3.6062484389022225
SEQC_st4|rand_565	3.413843388101414
SEQC_st4|rand_566	3.7385297701886246
SEQC_st4|rand_567	3.985589246312765
SEQC_st4|rand_568	3.788527302939582
SEQC_st4|rand_569	3.123437896646689
SEQC_st4|rand_570	3.7003416148401302
SEQC_st4|rand_571	3.46555796962499
SEQC_st4|rand_572	3.657669315614066
SEQC_st4|rand_573	3.4915083108490355
SEQC_st4|rand_574	3.6997502773645055
SEQC_st4|rand_575	3.478586071462144
SEQC_st4|rand_576	3.2673740046223085
SEQC_st4|rand_577	4.044756431038305
SEQC_st4|rand_578	4.139942932901879
SEQC_st4|rand_579	3.994230626830559
SEQC_st4|rand_580	3.749245162861954
SEQC_st4|rand_581	3.8338866676878753
SEQC_st4|rand_582	3.3175081414362806
SEQC_st4|rand_583	3.5953922428864957
SEQC_st4|rand_584	3.333812030325404
SEQC_st4|rand_585	3.6079283539749487
SEQC_st4|rand_586	3.840971069718587
SEQC_st4|rand_587	3.18359702120256
SEQC_st4|rand_588	3.4398324680230643
SEQC_st4|rand_589	3.9318167697062543
SEQC_st4|rand_590	3.444604329492624
SEQC_st4|rand_591	3.3209013095980406
SEQC_st4|rand_592	3.4728081350640676
SEQC_st4|rand_593	3.7864027318731472
SEQC_st4|rand_594	3.720248314357758
SEQC_st4|rand_595	3.685885267683585
SEQC_st4|rand_596	3.672460517230405
SEQC_st4|rand_597	3.5549700102349777
SEQC_st4|rand_598	3.5527232585893653
SEQC_st4|rand_599	3.303050138565117
SEQC_st4|rand_600	3.46523497008972
SEQC_st4|rand_601	3.479350921629157
SEQC_st4|rand_602	3.6346492295493076
SEQC_st4|rand_603	3.495906523690706
SEQC_st4|rand_604	3.686571347209122
SEQC_st4|rand_605	3.383159169417238
SEQC_st4|rand_606	3.762775280452994
SEQC_st4|rand_607	3.562628984230748
SEQC_st4|rand_608	3.4580128794211618
SEQC_st4|rand_609	3.958690457214288
SEQC_st4|rand_610	3.331766043505925
SEQC_st4|rand_611	3.30968004933205
SEQC_st4|rand_612	3.300192564116129
SEQC_st4|rand_613	3.4940744537648545
SEQC_st4|rand_614	3.5345675647086785
SEQC_st4|rand_615	3.7027966941331987
SEQC_st4|rand_616	4.00518761714697
SEQC_st4|rand_617	3.6973296329888754
SEQC_st4|rand_618	3.788269197216155
SEQC_st4|rand_619	3.495174702312626
SEQC_st4|rand_620	3.4832497649880354
SEQC_st4|rand_621	3.463802877379338
SEQC_st4|rand_622	3.71224918447019
SEQC_st4|rand_623	3.582676856729738
SEQC_st4|rand_624	4.098632526821726
SEQC_st4|rand_625	3.1670488277684603
SEQC_st4|rand_626	3.3996172597764795
SEQC_st4|rand_627	3.7199001475793176
SEQC_st4|rand_628	3.7054493549139753
SEQC_st4|rand_629	3.7265820509451575
SEQC_st4|rand_630	3.3641555759593924
SEQC_st4|rand_631	3.6135298995256773
SEQC_st4|rand_632	3.285762131773482
SEQC_st4|rand_633	3.39725789961877
SEQC_st4|rand_634	3.4637583941692403
SEQC_st4|rand_635	3.5926347828003142
SEQC_st4|rand_636	3.2925949598529214
SEQC_st4|rand_637	3.187524867600886
SEQC_st4|rand_638	3.415119172452897
SEQC_st4|rand_639	3.3822883652762954
SEQC_st4|rand_640	3.672553796575777
SEQC_st4|rand_641	3.48381413324982
SEQC_st4|rand_642	3.1656526671768104
SEQC_st4|rand_643	3.5241917344960445
SEQC_st4|rand_644	3.709126072595536
SEQC_st4|rand_645	3.2050297140625963
SEQC_st4|rand_646	3.3919667193545915
SEQC_st4|rand_647	3.398985453580916
SEQC_st4|rand_648	4.029681332004559
SEQC_st4|rand_649	3.6133638522228706
SEQC_st4|rand_650	3.5453339332826226
SEQC_st4|rand_651	3.2941490528614543
SEQC_st4|rand_652	3.415291962467929
SEQC_st4|rand_653	3.544198811446583
SEQC_st4|rand_654	3.6073741775570856
SEQC_st4|rand_655	3.0114374558655417
SEQC_st4|rand_656	3.4997211078399504
SEQC_st4|rand_657	4.221211526900959
SEQC_st4|rand_658	3.4897298083847303
SEQC_st4|rand_659	3.6348380237623212
SEQC_st4|rand_660	3.4885316789318424
SEQC_st4|rand_661	3.87077292484823
SEQC_st4|rand_662	3.4918620235347952
SEQC_st4|rand_663	3.4637707565883304
SEQC_st4|rand_664	3.6842984818698734
SEQC_st4|rand_665	3.690951613016581
SEQC_st4|rand_666	3.290659595127652
SEQC_st4|rand_667	3.3159529086230446
SEQC_st4|rand_668	3.791411677399311
SEQC_st4|rand_669	3.7316141559567884
SEQC_st4|rand_670	3.3074709570684786
SEQC_st4|rand_671	3.263558810712765
SEQC_st4|rand_672	3.5552468476240056
SEQC_st4|rand_673	3.5549845868348102
SEQC_st4|rand_674	3.3990566405945253
SEQC_st4|rand_675	3.42068793452657
SEQC_st4|rand_676	3.648173457914625
SEQC_st4|rand_677	3.276658196760417
SEQC_st4|rand_678	3.646916326295042
SEQC_st4|rand_679	3.980327711532658
SEQC_st4|rand_680	3.840820611674572
SEQC_st4|rand_681	3.2712001408811813
SEQC_st4|rand_682	3.632414289061929
SEQC_st4|rand_683	3.641295955308757
SEQC_st4|rand_684	3.24721118161681
SEQC_st4|rand_685	3.799163643491098
SEQC_st4|rand_686	3.6525900260772715
SEQC_st4|rand_687	3.4290689112347956
SEQC_st4|rand_688	3.690671956497343
SEQC_st4|rand_689	3.5309664169824515
SEQC_st4|rand_690	3.6282215992699625
SEQC_st4|rand_691	3.0908686628546795
SEQC_st4|rand_692	3.3365109950249536
SEQC_st4|rand_693	3.351001420453501
SEQC_st4|rand_694	3.835740676455661
SEQC_st4|rand_695	3.8605905151988127
SEQC_st4|rand_696	3.33946509908661
SEQC_st4|rand_697	2.9921106275033473
SEQC_st4|rand_698	3.5938233322986517
SEQC_st4|rand_699	3.8202466328191433
SEQC_st4|rand_700	3.5853011456794435
SEQC_st4|rand_701	3.563378459606551
SEQC_st4|rand_702	3.8922924337779645
SEQC_st4|rand_703	3.0960906644539654
SEQC_st4|rand_704	3.670421772082577
SEQC_st4|rand_705	3.5707631169397396
SEQC_st4|rand_706	3.4363407573943694
SEQC_st4|rand_707	3.3487079981469083
SEQC_st4|rand_708	3.5867404399369844
SEQC_st4|rand_709	3.472647524849203
SEQC_st4|rand_710	3.665515159225084
SEQC_st4|rand_711	3.276662209101122
SEQC_st4|rand_712	3.32034706675181
SEQC_st4|rand_713	2.8812673613443702
SEQC_st4|rand_714	2.9906706214167063
SEQC_st4|rand_715	4.009073539237862
SEQC_st4|rand_716	3.3704609222931836
SEQC_st4|rand_717	3.2998263734866073
SEQC_st4|rand_718	3.3768971876925553
SEQC_st4|rand_719	3.5349274308311007
SEQC_st4|rand_720	3.458769354128484
SEQC_st4|rand_721	3.514298486413658
SEQC_st4|rand_722	3.763997144316852
SEQC_st4|rand_723	3.4983789647898735
SEQC_st4|rand_724	3.4135753716738777
SEQC_st4|rand_725	3.5824065122974176
SEQC_st4|rand_726	3.5914346044852516
SEQC_st4|rand_727	3.56420981610686
SEQC_st4|rand_728	3.5211160496596126
SEQC_st4|rand_729	3.2269182350063073
SEQC_st4|rand_730	3.969368881550408
SEQC_st4|rand_731	3.5960684227534805
SEQC_st4|rand_732	3.846793715450895
SEQC_st4|rand_733	3.339409656918687
SEQC_st4|rand_734	3.492436548250855
SEQC_st4|rand_735	3.5565893028061093
SEQC_st4|rand_736	3.561718265020869
SEQC_st4|rand_737	3.4587973295728958
SEQC_st4|rand_738	3.4249661053781026
SEQC_st4|rand_739	3.696729300385978
SEQC_st4|rand_740	3.6300814960571786
SEQC_st4|rand_741	3.6234380374921855
SEQC_st4|rand_742	3.5647391255561063
SEQC_st4|rand_743	3.5404109599690177
SEQC_st4|rand_744	3.7475524957198996
SEQC_st4|rand_745	3.5609924660768986
SEQC_st4|rand_746	3.915590453950748
SEQC_st4|rand_747	3.8513188694288987
SEQC_st4|rand_748	3.96604389577284
SEQC_st4|rand_749	3.9483129419733003
SEQC_st4|rand_750	3.563355566163075
SEQC_st4|rand_751	3.3043838991617136
SEQC_st4|rand_752	3.2642461626633232
SEQC_st4|rand_753	3.4166848956337343
SEQC_st4|rand_754	3.6800221126678005
SEQC_st4|rand_755	3.4048821256818895
SEQC_st4|rand_756	3.496900229742206
SEQC_st4|rand_757	3.365860287263175
SEQC_st4|rand_758	3.5283632429015976
SEQC_st4|rand_759	3.8633261703664004
SEQC_st4|rand_760	3.7513302345000974
SEQC_st4|rand_761	3.6196126644815814
SEQC_st4|rand_762	3.322282421876125
SEQC_st4|rand_763	3.5516912621677927
SEQC_st4|rand_764	3.3787354759126926
SEQC_st4|rand_765	2.8030976650407484
SEQC_st4|rand_766	3.4442536655953124
SEQC_st4|rand_767	3.584409568481195
SEQC_st4|rand_768	3.476949912798293
SEQC_st4|rand_769	3.739628807696337
SEQC_st4|rand_770	3.3891100861980403
SEQC_st4|rand_771	3.5754002427230973
SEQC_st4|rand_772	3.6860389036626446
SEQC_st4|rand_773	3.772321784355313
SEQC_st4|rand_774	3.539969727110629
SEQC_st4|rand_775	3.4692496745348733
SEQC_st4|rand_776	3.198507975043214
SEQC_st4|rand_777	3.5859872519288687
SEQC_st4|rand_778	3.478279871016948
SEQC_st4|rand_779	3.6160507171712837
SEQC_st4|rand_780	3.710696406363949
SEQC_st4|rand_781	3.5944254488626273
SEQC_st4|rand_782	3.568943124983875
SEQC_st4|rand_783	3.2764241665782077
SEQC_st4|rand_784	3.7688510106956183
SEQC_st4|rand_785	3.535072525479006
SEQC_st4|rand_786	3.235775420037162
SEQC_st4|rand_787	3.6618401462496832
SEQC_st4|rand_788	3.4110551360018952
SEQC_st4|rand_789	3.740360637237879
SEQC_st4|rand_790	3.362778763406759
SEQC_st4|rand_791	3.4687064334707047
SEQC_st4|rand_792	3.445995737152821
SEQC_st4|rand_793	3.452771761670567
SEQC_st4|rand_794	3.5096120230548964
SEQC_st4|rand_795	3.463076523867595
SEQC_st4|rand_796	3.3334546114585177
SEQC_st4|rand_797	3.4840255162626534
SEQC_st4|rand_798	3.7063411641366866
SEQC_st4|rand_799	3.360858775973154
SEQC_st4|rand_800	3.3122416732346895
SEQC_st4|rand_801	3.1607709525157133
SEQC_st4|rand_802	3.583242602306936
SEQC_st4|rand_803	3.672496157980412
SEQC_st4|rand_804	3.562164345823472
SEQC_st4|rand_805	3.377197186492796
SEQC_st4|rand_806	3.4174014179496988
SEQC_st4|rand_807	3.6746121635531095
SEQC_st4|rand_808	3.3692525379948726
SEQC_st4|rand_809	3.3377349996536076
SEQC_st4|rand_810	3.1651275781186534
SEQC_st4|rand_811	3.766713909111688
SEQC_st4|rand_812	3.688186736442221
SEQC_st4|rand_813	3.4598191173728705
SEQC_st4|rand_814	3.2732828658185738
SEQC_st4|rand_815	3.7029564225463907
SEQC_st4|rand_816	3.7069831620157174
SEQC_st4|rand_817	3.6823506182284746
SEQC_st4|rand_818	3.6948826179732195
SEQC_st4|rand_819	3.8165844474045616
SEQC_st4|rand_820	3.783857714998848
SEQC_st4|rand_821	3.7754294208241403
SEQC_st4|rand_822	3.608759076000655
SEQC_st4|rand_823	3.6621531838096
SEQC_st4|rand_824	3.5138428963885375
SEQC_st4|rand_825	3.867624585772048
SEQC_st4|rand_826	3.387826817823927
SEQC_st4|rand_827	3.657197861118848
SEQC_st4|rand_828	3.643794690297136
SEQC_st4|rand_829	3.56357746441699
SEQC_st4|rand_830	3.6848620525994744
SEQC_st4|rand_831	3.4019025432883603
SEQC_st4|rand_832	3.4999687020557997
SEQC_st4|rand_833	3.7251181015986026
SEQC_st4|rand_834	3.4547804794345933
SEQC_st4|rand_835	3.9776142217616073
SEQC_st4|rand_836	3.4442453271891442
SEQC_st4|rand_837	3.356027481977879
SEQC_st4|rand_838	3.756171909755741
SEQC_st4|rand_839	3.6030111256189072
SEQC_st4|rand_840	3.6513937534417855
SEQC_st4|rand_841	3.3730196090593263
SEQC_st4|rand_842	3.5237734331349175
SEQC_st4|rand_843	3.5844126256912463
SEQC_st4|rand_844	3.389951569473415
SEQC_st4|rand_845	3.6596121663312484
SEQC_st4|rand_846	3.7667123257828354
SEQC_st4|rand_847	3.6646615206515705
SEQC_st4|rand_848	3.3084454616179584
SEQC_st4|rand_849	3.5385077886579985
SEQC_st4|rand_850	3.134802567134188
SEQC_st4|rand_851	3.697225146576436
SEQC_st4|rand_852	3.460079697630157
SEQC_st4|rand_853	3.370912794558684
SEQC_st4|rand_854	3.6180080622340545
SEQC_st4|rand_855	3.486102895559048
SEQC_st4|rand_856	3.125798272188112
SEQC_st4|rand_857	3.5127755597820287
SEQC_st4|rand_858	3.8381291295779856
SEQC_st4|rand_859	3.6359710433007835
SEQC_st4|rand_860	3.430528675445984
SEQC_st4|rand_861	3.551823617344704
SEQC_st4|rand_862	3.7090245723575914
SEQC_st4|rand_863	3.5609685347840907
SEQC_st4|rand_864	3.2160918433676176
SEQC_st4|rand_865	3.875823392705871
SEQC_st4|rand_866	3.218135564071197
SEQC_st4|rand_867	3.64604787177973
SEQC_st4|rand_868	3.4164377100053294
SEQC_st4|rand_869	3.6612609365213435
SEQC_st4|rand_870	3.0608390118819058
SEQC_st4|rand_871	3.58392724521867
SEQC_st4|rand_872	3.9596255436161947
SEQC_st4|rand_873	3.5093937511609785
SEQC_st4|rand_874	3.3693323032548967
SEQC_st4|rand_875	3.5837730301335298
SEQC_st4|rand_876	3.597675118532118
SEQC_st4|rand_877	3.30390225927785
SEQC_st4|rand_878	3.525916469583937
SEQC_st4|rand_879	3.3630239042049435
SEQC_st4|rand_880	3.3700937746373736
SEQC_st4|rand_881	3.911806380053765
SEQC_st4|rand_882	3.623953886763695
SEQC_st4|rand_883	3.386734403625558
SEQC_st4|rand_884	3.758532770072186
SEQC_st4|rand_885	3.3143233183155765
SEQC_st4|rand_886	3.7907587490082193
SEQC_st4|rand_887	3.4036764956771868
SEQC_st4|rand_888	3.426804942742839
SEQC_st4|rand_889	3.8437854853763764
SEQC_st4|rand_890	3.3559002782871064
SEQC_st4|rand_891	3.6096810554187746
SEQC_st4|rand_892	3.2635590225765596
SEQC_st4|rand_893	3.785449108164772
SEQC_st4|rand_894	3.565755894291418
SEQC_st4|rand_895	3.643622961012889
SEQC_st4|rand_896	3.4444184628938084
SEQC_st4|rand_897	3.6724287660904325
SEQC_st4|rand_898	3.288552525130262
SEQC_st4|rand_899	3.721943159441689
SEQC_st4|rand_900	2.940445975101221
SEQC_st4|rand_901	4.150232268769716
SEQC_st4|rand_902	3.376554929273029
SEQC_st4|rand_903	4.412253890595672
SEQC_st4|rand_904	3.358920477563867
SEQC_st4|rand_905	2.9630688963184912
SEQC_st4|rand_906	3.854916207366503
SEQC_st4|rand_907	3.427539514596473
SEQC_st4|rand_908	3.476539918533261
SEQC_st4|rand_909	3.621706309963961
SEQC_st4|rand_910	3.3653179635937387
SEQC_st4|rand_911	3.455319845872864
SEQC_st4|rand_912	3.732043023049391
SEQC_st4|rand_913	3.9269083314723163
SEQC_st4|rand_914	3.602008246731098
SEQC_st4|rand_915	3.2787977610400962
SEQC_st4|rand_916	3.283977059920099
SEQC_st4|rand_917	3.668133320115131
SEQC_st4|rand_918	3.614080449995473
SEQC_st4|rand_919	3.8001058603793663
SEQC_st4|rand_920	3.577678777342135
SEQC_st4|rand_921	3.589984205732233
SEQC_st4|rand_922	3.445360334489991
SEQC_st4|rand_923	3.380666315183463
SEQC_st4|rand_924	3.479401270674253
SEQC_st4|rand_925	3.9311110269917195
SEQC_st4|rand_926	3.016318642849932
SEQC_st4|rand_927	3.1467445718491773
SEQC_st4|rand_928	3.238985032167674
SEQC_st4|rand_929	3.734860152439218
SEQC_st4|rand_930	3.3234981000706125
SEQC_st4|rand_931	3.4720754837759817
SEQC_st4|rand_932	3.139433389811583
SEQC_st4|rand_933	3.2733391001884464
SEQC_st4|rand_934	3.419003366302387
SEQC_st4|rand_935	3.141535037489933
SEQC_st4|rand_936	3.8805008083806305
SEQC_st4|rand_937	3.685473587881482
SEQC_st4|rand_938	3.689865069692278
SEQC_st4|rand_939	3.4681051817959756
SEQC_st4|rand_940	3.5972343396308886
SEQC_st4|rand_941	3.291373753919706
SEQC_st4|rand_942	3.389042925745572
SEQC_st4|rand_943	3.7704447602077145
SEQC_st4|rand_944	3.4190530186121046
SEQC_st4|rand_945	3.449425349142306
SEQC_st4|rand_946	3.6666362206750494
SEQC_st4|rand_947	3.795140632965538
SEQC_st4|rand_948	3.435893630385522
SEQC_st4|rand_949	3.8378998634978707
SEQC_st4|rand_950	3.675968933586266
SEQC_st4|rand_951	3.4757151883776
SEQC_st4|rand_952	3.452534610849226
SEQC_st4|rand_953	3.5759899235795785
SEQC_st4|rand_954	3.1960358445766497
SEQC_st4|rand_955	3.6317278600960945
SEQC_st4|rand_956	3.7175553717897962
SEQC_st4|rand_957	3.6050734934655884
SEQC_st4|rand_958	4.00192557516665
SEQC_st4|rand_959	3.4847602503001793
SEQC_st4|rand_960	3.214241765678149
SEQC_st4|rand_961	3.3907943856290403
SEQC_st4|rand_962	3.5685251458171763
SEQC_st4|rand_963	3.746925717443413
SEQC_st4|rand_964	3.7033858772370944
SEQC_st4|rand_965	3.198944872010478
SEQC_st4|rand_966	3.3157026889514305
SEQC_st4|rand_967	3.488582861949047
SEQC_st4|rand_968	3.391964422963601
SEQC_st4|rand_969	3.543012912751255
SEQC_st4|rand_970	3.4018031762162706
SEQC_st4|rand_971	3.4676435441206928
SEQC_st4|rand_972	3.823797645424138
SEQC_st4|rand_973	3.4173359064959494
SEQC_st4|rand_974	3.730005244984139
SEQC_st4|rand_975	3.5905421456687634
SEQC_st4|rand_976	3.506841266388604
SEQC_st4|rand_977	3.492790570954031
SEQC_st4|rand_978	3.2818969122837327
SEQC_st4|rand_979	3.673542876422093
SEQC_st4|rand_980	3.387616164814365
SEQC_st4|rand_981	3.724630308793036
SEQC_st4|rand_982	3.185316010033076
SEQC_st4|rand_983	3.3161468639196445
SEQC_st4|rand_984	3.4415674112702255
SEQC_st4|rand_985	3.599198850742903
SEQC_st4|rand_986	3.5859862210151747
SEQC_st4|rand_987	3.7571791905630687
SEQC_st4|rand_988	3.1504050472703256
SEQC_st4|rand_989	3.707434045770718
SEQC_st4|rand_990	3.865133572209689
SEQC_st4|rand_991	3.5252432054735605
SEQC_st4|rand_992	3.303354653671179
SEQC_st4|rand_993	3.231730445374995
SEQC_st4|rand_994	3.3830807040209385
SEQC_st4|rand_995	3.2466618726195
SEQC_st4|rand_996	3.6799999012958513
SEQC_st4|rand_997	3.2290744998224037
SEQC_st4|rand_998	3.7723394784937474
SEQC_st4|rand_999	3.617246195571624
SEQC_st4|rand_1000	3.8043170550344705
SEQC_st4s|rand_1	3.8243804305376967
SEQC_st4s|rand_2	3.7564029495844955
SEQC_st4s|rand_3	3.903205993525554
SEQC_st4s|rand_4	4.111561745680453
SEQC_st4s|rand_5	3.666622073836718
SEQC_st4s|rand_6	3.689542847848124
SEQC_st4s|rand_7	3.8859528808506005
SEQC_st4s|rand_8	3.587043033909656
SEQC_st4s|rand_9	3.4018447254625896
SEQC_st4s|rand_10	3.505460219907507
SEQC_st4s|rand_11	3.617319979711564
SEQC_st4s|rand_12	3.91414403910451
SEQC_st4s|rand_13	3.6691685031170582
SEQC_st4s|rand_14	3.515827821540902
SEQC_st4s|rand_15	3.561557008069946
SEQC_st4s|rand_16	3.4252989379801644
SEQC_st4s|rand_17	3.4344947391955505
SEQC_st4s|rand_18	3.461816993405352
SEQC_st4s|rand_19	3.854342815694675
SEQC_st4s|rand_20	3.234949375840996
SEQC_st4s|rand_21	3.7002058966935807
SEQC_st4s|rand_22	3.771337281463554
SEQC_st4s|rand_23	3.1795661315600587
SEQC_st4s|rand_24	3.627272891707162
SEQC_st4s|rand_25	3.721799615416957
SEQC_st4s|rand_26	3.683850768190841
SEQC_st4s|rand_27	3.93931827255514
SEQC_st4s|rand_28	3.787160559268065
SEQC_st4s|rand_29	3.5485865578178433
SEQC_st4s|rand_30	2.9569521320195884
SEQC_st4s|rand_31	3.6174498751591018
SEQC_st4s|rand_32	3.7885390730065995
SEQC_st4s|rand_33	3.216721897285195
SEQC_st4s|rand_34	3.7267967515806593
SEQC_st4s|rand_35	3.2822217466776595
SEQC_st4s|rand_36	3.587194909683703
SEQC_st4s|rand_37	3.777162077911287
SEQC_st4s|rand_38	3.731762124935679
SEQC_st4s|rand_39	3.0235020630428178
SEQC_st4s|rand_40	3.1033086028979957
SEQC_st4s|rand_41	3.565273978914574
SEQC_st4s|rand_42	3.494318612305057
SEQC_st4s|rand_43	3.537939239218452
SEQC_st4s|rand_44	3.8044921921088597
SEQC_st4s|rand_45	3.435992085246543
SEQC_st4s|rand_46	3.6318960397582503
SEQC_st4s|rand_47	3.7644211653213278
SEQC_st4s|rand_48	3.6349674740237936
SEQC_st4s|rand_49	3.5642432838412796
SEQC_st4s|rand_50	3.444169698798709
SEQC_st4s|rand_51	3.5333034271526684
SEQC_st4s|rand_52	3.6614863330677787
SEQC_st4s|rand_53	3.283830149718213
SEQC_st4s|rand_54	3.825048817698792
SEQC_st4s|rand_55	3.5911035850538684
SEQC_st4s|rand_56	3.6071505968969975
SEQC_st4s|rand_57	3.762991107846041
SEQC_st4s|rand_58	3.3276822486283004
SEQC_st4s|rand_59	3.796146287773275
SEQC_st4s|rand_60	3.649198678832371
SEQC_st4s|rand_61	3.5839273403376195
SEQC_st4s|rand_62	3.6136949089794674
SEQC_st4s|rand_63	3.6372356398974532
SEQC_st4s|rand_64	3.7174609284291225
SEQC_st4s|rand_65	3.6031976114663555
SEQC_st4s|rand_66	3.7707243756686397
SEQC_st4s|rand_67	3.545426273086875
SEQC_st4s|rand_68	3.657547064461441
SEQC_st4s|rand_69	3.53996305183711
SEQC_st4s|rand_70	3.661108874386475
SEQC_st4s|rand_71	3.328013690510005
SEQC_st4s|rand_72	3.430156418266603
SEQC_st4s|rand_73	3.5556554873299384
SEQC_st4s|rand_74	3.897352401607359
SEQC_st4s|rand_75	3.532215022362132
SEQC_st4s|rand_76	3.3713888784372728
SEQC_st4s|rand_77	3.4555614690652314
SEQC_st4s|rand_78	3.5010585740034377
SEQC_st4s|rand_79	3.957103632041216
SEQC_st4s|rand_80	3.340305183103225
SEQC_st4s|rand_81	3.652208281323623
SEQC_st4s|rand_82	3.5212355734027825
SEQC_st4s|rand_83	3.5396801725802427
SEQC_st4s|rand_84	3.6414869789998763
SEQC_st4s|rand_85	3.635272601331217
SEQC_st4s|rand_86	3.565838260547153
SEQC_st4s|rand_87	3.3548826237667044
SEQC_st4s|rand_88	3.783217195913679
SEQC_st4s|rand_89	3.7709877163788206
SEQC_st4s|rand_90	3.578549974852608
SEQC_st4s|rand_91	3.6857910342219493
SEQC_st4s|rand_92	3.255038405349327
SEQC_st4s|rand_93	3.0902929492557676
SEQC_st4s|rand_94	3.221180537541026
SEQC_st4s|rand_95	3.549057408702697
SEQC_st4s|rand_96	3.8193184452940474
SEQC_st4s|rand_97	3.611802156680701
SEQC_st4s|rand_98	3.7082219596142316
SEQC_st4s|rand_99	3.7457104192048045
SEQC_st4s|rand_100	3.2680277175656007
SEQC_st4s|rand_101	3.5709025380864694
SEQC_st4s|rand_102	3.45040890777991
SEQC_st4s|rand_103	3.7192600805926497
SEQC_st4s|rand_104	3.342941996883656
SEQC_st4s|rand_105	4.048912666126527
SEQC_st4s|rand_106	3.3770910323457746
SEQC_st4s|rand_107	4.275601476331907
SEQC_st4s|rand_108	3.590251823981219
SEQC_st4s|rand_109	3.492619725336482
SEQC_st4s|rand_110	3.898503468999494
SEQC_st4s|rand_111	3.635767188681023
SEQC_st4s|rand_112	3.818541963217765
SEQC_st4s|rand_113	3.505497527659299
SEQC_st4s|rand_114	3.6437862383958337
SEQC_st4s|rand_115	3.786711255439116
SEQC_st4s|rand_116	3.3476732320911786
SEQC_st4s|rand_117	3.5356512782277196
SEQC_st4s|rand_118	3.1003761004278823
SEQC_st4s|rand_119	3.589133222265862
SEQC_st4s|rand_120	3.7321411770322093
SEQC_st4s|rand_121	3.390527553850159
SEQC_st4s|rand_122	3.810793924127536
SEQC_st4s|rand_123	3.526441642683206
SEQC_st4s|rand_124	3.465186960139228
SEQC_st4s|rand_125	3.6127373716986786
SEQC_st4s|rand_126	3.7239469855094938
SEQC_st4s|rand_127	3.746706594371648
SEQC_st4s|rand_128	3.6129878629096837
SEQC_st4s|rand_129	3.2689952538310134
SEQC_st4s|rand_130	3.44593010133777
SEQC_st4s|rand_131	3.5773204053129404
SEQC_st4s|rand_132	2.796386312230067
SEQC_st4s|rand_133	3.644933991313177
SEQC_st4s|rand_134	3.7242600841839177
SEQC_st4s|rand_135	3.712227561373096
SEQC_st4s|rand_136	3.548397566102062
SEQC_st4s|rand_137	3.6860569710484286
SEQC_st4s|rand_138	3.395422131649906
SEQC_st4s|rand_139	3.733809898623881
SEQC_st4s|rand_140	3.7328694853394984
SEQC_st4s|rand_141	3.8065698150127676
SEQC_st4s|rand_142	3.4016196526225717
SEQC_st4s|rand_143	3.811718853560793
SEQC_st4s|rand_144	3.085130741154807
SEQC_st4s|rand_145	3.850621603965625
SEQC_st4s|rand_146	3.922775598339205
SEQC_st4s|rand_147	3.408584485747664
SEQC_st4s|rand_148	3.5691356543196338
SEQC_st4s|rand_149	3.619623447163235
SEQC_st4s|rand_150	3.5381269756439395
SEQC_st4s|rand_151	3.4234457942869616
SEQC_st4s|rand_152	3.374004431873775
SEQC_st4s|rand_153	3.6414526812141967
SEQC_st4s|rand_154	3.3717793237373646
SEQC_st4s|rand_155	3.605718435438677
SEQC_st4s|rand_156	3.5922618081127555
SEQC_st4s|rand_157	4.044248887934962
SEQC_st4s|rand_158	3.4907154145566435
SEQC_st4s|rand_159	3.495929836807957
SEQC_st4s|rand_160	3.42141784627158
SEQC_st4s|rand_161	3.5362494164819878
SEQC_st4s|rand_162	3.4756226684454474
SEQC_st4s|rand_163	3.757123647040006
SEQC_st4s|rand_164	3.678595360466015
SEQC_st4s|rand_165	3.557980406621288
SEQC_st4s|rand_166	3.4228125077772455
SEQC_st4s|rand_167	3.4742169916010583
SEQC_st4s|rand_168	3.582017977991595
SEQC_st4s|rand_169	3.7166517475559226
SEQC_st4s|rand_170	3.664664810924
SEQC_st4s|rand_171	3.54277944171699
SEQC_st4s|rand_172	3.7153294004139754
SEQC_st4s|rand_173	3.665338438427676
SEQC_st4s|rand_174	3.5744824148352223
SEQC_st4s|rand_175	3.497029279497582
SEQC_st4s|rand_176	3.5289966338483243
SEQC_st4s|rand_177	3.8961856947244184
SEQC_st4s|rand_178	3.7472022170977644
SEQC_st4s|rand_179	3.463455266752577
SEQC_st4s|rand_180	3.7028528604918236
SEQC_st4s|rand_181	3.0688400893212817
SEQC_st4s|rand_182	3.6355997460207443
SEQC_st4s|rand_183	3.6468790183471627
SEQC_st4s|rand_184	3.5753181407788657
SEQC_st4s|rand_185	3.571777482637785
SEQC_st4s|rand_186	3.6325244517103603
SEQC_st4s|rand_187	3.464928392821132
SEQC_st4s|rand_188	3.610839794794804
SEQC_st4s|rand_189	3.617748120094738
SEQC_st4s|rand_190	4.094739265178271
SEQC_st4s|rand_191	3.4773150062284928
SEQC_st4s|rand_192	3.495330535748332
SEQC_st4s|rand_193	3.54525772616434
SEQC_st4s|rand_194	4.054039072596556
SEQC_st4s|rand_195	3.5639102711440556
SEQC_st4s|rand_196	3.6896084885376537
SEQC_st4s|rand_197	3.4776037339871126
SEQC_st4s|rand_198	3.4934581287179283
SEQC_st4s|rand_199	3.788065072739234
SEQC_st4s|rand_200	3.459869861184398
SEQC_st4s|rand_201	3.7968208813268274
SEQC_st4s|rand_202	3.5494088412828995
SEQC_st4s|rand_203	3.540145465292334
SEQC_st4s|rand_204	3.7121017909234943
SEQC_st4s|rand_205	3.5616504561609186
SEQC_st4s|rand_206	3.4659139436066404
SEQC_st4s|rand_207	3.22768830793437
SEQC_st4s|rand_208	3.903380659489517
SEQC_st4s|rand_209	3.789341656985374
SEQC_st4s|rand_210	3.566744616002769
SEQC_st4s|rand_211	3.4942143266641525
SEQC_st4s|rand_212	3.389469804136668
SEQC_st4s|rand_213	3.7033674761727773
SEQC_st4s|rand_214	3.3012183658552456
SEQC_st4s|rand_215	3.7126348935934517
SEQC_st4s|rand_216	3.623972840634736
SEQC_st4s|rand_217	3.6606750160990136
SEQC_st4s|rand_218	3.5030582294925856
SEQC_st4s|rand_219	3.695544151343511
SEQC_st4s|rand_220	3.5761443443020418
SEQC_st4s|rand_221	3.28430656026383
SEQC_st4s|rand_222	3.750132330203217
SEQC_st4s|rand_223	3.4403018350858092
SEQC_st4s|rand_224	3.615035153373971
SEQC_st4s|rand_225	3.3547278061835244
SEQC_st4s|rand_226	3.6023881672453557
SEQC_st4s|rand_227	3.36148238577763
SEQC_st4s|rand_228	3.5503637858373227
SEQC_st4s|rand_229	3.596500319629935
SEQC_st4s|rand_230	3.167640972230115
SEQC_st4s|rand_231	3.6430897079287488
SEQC_st4s|rand_232	3.611957785712224
SEQC_st4s|rand_233	3.4410176373482635
SEQC_st4s|rand_234	2.9168147810304603
SEQC_st4s|rand_235	3.6167258890526695
SEQC_st4s|rand_236	3.814032869385174
SEQC_st4s|rand_237	3.6538024578466737
SEQC_st4s|rand_238	3.603607812674505
SEQC_st4s|rand_239	3.669288096085707
SEQC_st4s|rand_240	3.6375212351168753
SEQC_st4s|rand_241	3.6631621253576485
SEQC_st4s|rand_242	3.5561698237146815
SEQC_st4s|rand_243	3.583581274801686
SEQC_st4s|rand_244	4.0369244869536764
SEQC_st4s|rand_245	3.5512590305348257
SEQC_st4s|rand_246	3.8251905103509256
SEQC_st4s|rand_247	3.851017210243545
SEQC_st4s|rand_248	3.9952584557892887
SEQC_st4s|rand_249	3.893745137747284
SEQC_st4s|rand_250	3.537202513046751
SEQC_st4s|rand_251	3.868805619964936
SEQC_st4s|rand_252	3.2923630587457873
SEQC_st4s|rand_253	3.0749007396526777
SEQC_st4s|rand_254	3.860642455341455
SEQC_st4s|rand_255	3.388785014576295
SEQC_st4s|rand_256	3.4327865294055315
SEQC_st4s|rand_257	3.6783700039710787
SEQC_st4s|rand_258	3.198561825076249
SEQC_st4s|rand_259	3.6198609755796505
SEQC_st4s|rand_260	3.5576962509110652
SEQC_st4s|rand_261	3.690780147394175
SEQC_st4s|rand_262	3.1367309226371387
SEQC_st4s|rand_263	3.558197172901439
SEQC_st4s|rand_264	3.678420497850098
SEQC_st4s|rand_265	3.8216657847729283
SEQC_st4s|rand_266	3.5987364860409405
SEQC_st4s|rand_267	3.555842918165401
SEQC_st4s|rand_268	3.6465833187074725
SEQC_st4s|rand_269	3.7095258336558246
SEQC_st4s|rand_270	3.401204069066174
SEQC_st4s|rand_271	3.6897177074361305
SEQC_st4s|rand_272	3.596410721053338
SEQC_st4s|rand_273	3.6029465399617884
SEQC_st4s|rand_274	3.6257565188305274
SEQC_st4s|rand_275	3.606046326334258
SEQC_st4s|rand_276	3.496681741376437
SEQC_st4s|rand_277	3.717659997670049
SEQC_st4s|rand_278	3.9197729242036243
SEQC_st4s|rand_279	3.8673932420573554
SEQC_st4s|rand_280	3.474151782686598
SEQC_st4s|rand_281	3.4505680375342287
SEQC_st4s|rand_282	3.555968712177497
SEQC_st4s|rand_283	3.715376926374415
SEQC_st4s|rand_284	3.717212100352285
SEQC_st4s|rand_285	3.935841017087761
SEQC_st4s|rand_286	3.2337146031427166
SEQC_st4s|rand_287	3.863770091394279
SEQC_st4s|rand_288	3.771513971642479
SEQC_st4s|rand_289	3.7810341272647623
SEQC_st4s|rand_290	3.700641642700567
SEQC_st4s|rand_291	3.6834222480881476
SEQC_st4s|rand_292	3.4777774031364754
SEQC_st4s|rand_293	3.6358679504879947
SEQC_st4s|rand_294	3.9992426508004963
SEQC_st4s|rand_295	2.9395442859638954
SEQC_st4s|rand_296	3.6287999079016475
SEQC_st4s|rand_297	3.766866297294707
SEQC_st4s|rand_298	3.8359368650173264
SEQC_st4s|rand_299	3.6875036122629905
SEQC_st4s|rand_300	3.7261034519957255
SEQC_st4s|rand_301	3.2085384757802933
SEQC_st4s|rand_302	3.5400981664177413
SEQC_st4s|rand_303	3.406054545152569
SEQC_st4s|rand_304	3.5494673131479417
SEQC_st4s|rand_305	3.510289976442392
SEQC_st4s|rand_306	3.583835350580611
SEQC_st4s|rand_307	3.4563268892232055
SEQC_st4s|rand_308	3.4356644801181746
SEQC_st4s|rand_309	3.428854950994152
SEQC_st4s|rand_310	3.609598837462332
SEQC_st4s|rand_311	3.604825432844032
SEQC_st4s|rand_312	3.6876843840334144
SEQC_st4s|rand_313	3.4213684916079368
SEQC_st4s|rand_314	3.3197224745007863
SEQC_st4s|rand_315	3.6225788738257543
SEQC_st4s|rand_316	3.304200160669716
SEQC_st4s|rand_317	3.7977268187128526
SEQC_st4s|rand_318	3.8709748189606854
SEQC_st4s|rand_319	3.699827236257603
SEQC_st4s|rand_320	3.24026220417464
SEQC_st4s|rand_321	3.268864375695558
SEQC_st4s|rand_322	3.992891175475109
SEQC_st4s|rand_323	3.8530618279749547
SEQC_st4s|rand_324	4.068328692775013
SEQC_st4s|rand_325	3.2838739830995203
SEQC_st4s|rand_326	3.486837936899731
SEQC_st4s|rand_327	3.609830580090584
SEQC_st4s|rand_328	3.835455225494316
SEQC_st4s|rand_329	4.10487831024226
SEQC_st4s|rand_330	3.3656041616757357
SEQC_st4s|rand_331	3.684562920661106
SEQC_st4s|rand_332	4.033947392485407
SEQC_st4s|rand_333	3.647809839531135
SEQC_st4s|rand_334	3.466343052636109
SEQC_st4s|rand_335	3.538009173348569
SEQC_st4s|rand_336	3.817575447372261
SEQC_st4s|rand_337	3.7185221693721475
SEQC_st4s|rand_338	3.3593844761373233
SEQC_st4s|rand_339	3.62564580947976
SEQC_st4s|rand_340	3.7429529975934375
SEQC_st4s|rand_341	3.4113517460759284
SEQC_st4s|rand_342	3.7070317166035323
SEQC_st4s|rand_343	3.826201334408331
SEQC_st4s|rand_344	3.55544418000094
SEQC_st4s|rand_345	4.078019507115113
SEQC_st4s|rand_346	4.04825233409867
SEQC_st4s|rand_347	3.6727681581799514
SEQC_st4s|rand_348	3.7034459519727934
SEQC_st4s|rand_349	3.383653025111641
SEQC_st4s|rand_350	3.584934701629912
SEQC_st4s|rand_351	3.7149795099183867
SEQC_st4s|rand_352	3.8188878927106242
SEQC_st4s|rand_353	3.5859869646538307
SEQC_st4s|rand_354	3.2284919832725136
SEQC_st4s|rand_355	4.008845424633791
SEQC_st4s|rand_356	3.540109921509357
SEQC_st4s|rand_357	3.665325797377968
SEQC_st4s|rand_358	3.853627010275199
SEQC_st4s|rand_359	3.635215085402573
SEQC_st4s|rand_360	3.4295401441670124
SEQC_st4s|rand_361	3.511948900551978
SEQC_st4s|rand_362	3.6415322941516255
SEQC_st4s|rand_363	3.225546269837176
SEQC_st4s|rand_364	3.9716326241379294
SEQC_st4s|rand_365	3.71234946380261
SEQC_st4s|rand_366	3.3389505646656215
SEQC_st4s|rand_367	3.3481318976579453
SEQC_st4s|rand_368	3.5364428626968563
SEQC_st4s|rand_369	3.754913113731906
SEQC_st4s|rand_370	3.7091209497593076
SEQC_st4s|rand_371	3.5138868269777515
SEQC_st4s|rand_372	3.8600770897921697
SEQC_st4s|rand_373	3.5469644014300807
SEQC_st4s|rand_374	3.8460143968876532
SEQC_st4s|rand_375	3.0699816714351584
SEQC_st4s|rand_376	3.7301655954798294
SEQC_st4s|rand_377	3.8217046129807
SEQC_st4s|rand_378	3.741647018767973
SEQC_st4s|rand_379	3.2602576023622403
SEQC_st4s|rand_380	3.075131988047003
SEQC_st4s|rand_381	3.090061408992371
SEQC_st4s|rand_382	3.7163599775818477
SEQC_st4s|rand_383	3.4016300331022693
SEQC_st4s|rand_384	3.3436447681929042
SEQC_st4s|rand_385	3.5513219641376828
SEQC_st4s|rand_386	3.665160266343042
SEQC_st4s|rand_387	3.4891456236247294
SEQC_st4s|rand_388	3.3395273993854553
SEQC_st4s|rand_389	3.2458269324204236
SEQC_st4s|rand_390	3.8223777511946144
SEQC_st4s|rand_391	3.5336644921996885
SEQC_st4s|rand_392	3.469795836783985
SEQC_st4s|rand_393	3.7279615679357985
SEQC_st4s|rand_394	3.4046875538010006
SEQC_st4s|rand_395	3.3654506046906913
SEQC_st4s|rand_396	3.5672437083917523
SEQC_st4s|rand_397	3.486722561089181
SEQC_st4s|rand_398	3.5557134141502855
SEQC_st4s|rand_399	3.9059006139537398
SEQC_st4s|rand_400	4.116881906707888
SEQC_st4s|rand_401	3.693662864786569
SEQC_st4s|rand_402	3.641721544979671
SEQC_st4s|rand_403	3.772658372775968
SEQC_st4s|rand_404	3.560868949130495
SEQC_st4s|rand_405	4.086199577929307
SEQC_st4s|rand_406	3.43577106542398
SEQC_st4s|rand_407	3.5009522480645368
SEQC_st4s|rand_408	3.6821620189198483
SEQC_st4s|rand_409	3.2616610001728326
SEQC_st4s|rand_410	3.5046507350429446
SEQC_st4s|rand_411	3.481374945880967
SEQC_st4s|rand_412	3.284250873337803
SEQC_st4s|rand_413	3.707065741858785
SEQC_st4s|rand_414	3.2385692926579437
SEQC_st4s|rand_415	3.946963093171664
SEQC_st4s|rand_416	3.235342941032526
SEQC_st4s|rand_417	3.717243575500878
SEQC_st4s|rand_418	3.32525860050472
SEQC_st4s|rand_419	3.6834095961666216
SEQC_st4s|rand_420	3.7492229110234527
SEQC_st4s|rand_421	3.5671922092417683
SEQC_st4s|rand_422	3.137756448538057
SEQC_st4s|rand_423	3.5858292102685594
SEQC_st4s|rand_424	3.8508398285516705
SEQC_st4s|rand_425	3.5447123547127006
SEQC_st4s|rand_426	3.4644048553766402
SEQC_st4s|rand_427	3.3188706399869456
SEQC_st4s|rand_428	3.819621456879004
SEQC_st4s|rand_429	3.3616591156580244
SEQC_st4s|rand_430	3.8726373035710786
SEQC_st4s|rand_431	3.6877544735204517
SEQC_st4s|rand_432	3.840336922012447
SEQC_st4s|rand_433	3.9768683690462967
SEQC_st4s|rand_434	3.600171611932685
SEQC_st4s|rand_435	3.4714612830632112
SEQC_st4s|rand_436	3.137517941224769
SEQC_st4s|rand_437	3.6669780755231534
SEQC_st4s|rand_438	3.8439527533337943
SEQC_st4s|rand_439	3.5657210966974113
SEQC_st4s|rand_440	3.1740679004244354
SEQC_st4s|rand_441	3.683401143735976
SEQC_st4s|rand_442	3.3806363424670116
SEQC_st4s|rand_443	3.6292441814479766
SEQC_st4s|rand_444	3.527007437368983
SEQC_st4s|rand_445	3.2377079541987834
SEQC_st4s|rand_446	3.8679188604713075
SEQC_st4s|rand_447	3.43444873278747
SEQC_st4s|rand_448	3.3874767038217453
SEQC_st4s|rand_449	3.2693532648324513
SEQC_st4s|rand_450	3.5843418494076396
SEQC_st4s|rand_451	3.5915991681350374
SEQC_st4s|rand_452	3.450894296149136
SEQC_st4s|rand_453	3.318880434626044
SEQC_st4s|rand_454	3.7468067725781196
SEQC_st4s|rand_455	3.341813071171278
SEQC_st4s|rand_456	3.234422164090497
SEQC_st4s|rand_457	3.554142763904963
SEQC_st4s|rand_458	3.411427733158379
SEQC_st4s|rand_459	3.199525949797338
SEQC_st4s|rand_460	3.7966305864631695
SEQC_st4s|rand_461	3.667759726220766
SEQC_st4s|rand_462	3.9222562996975605
SEQC_st4s|rand_463	3.516328184538239
SEQC_st4s|rand_464	3.297754791966522
SEQC_st4s|rand_465	3.477611525648578
SEQC_st4s|rand_466	3.574484901705439
SEQC_st4s|rand_467	3.8148952038775428
SEQC_st4s|rand_468	3.1874765491549386
SEQC_st4s|rand_469	3.6445061895846074
SEQC_st4s|rand_470	3.9530196925578216
SEQC_st4s|rand_471	3.330159723638344
SEQC_st4s|rand_472	3.4374195982315436
SEQC_st4s|rand_473	3.588387938966444
SEQC_st4s|rand_474	3.5744813752102638
SEQC_st4s|rand_475	3.575087354742955
SEQC_st4s|rand_476	3.3570721209090726
SEQC_st4s|rand_477	3.775419398984101
SEQC_st4s|rand_478	3.7366556886781375
SEQC_st4s|rand_479	3.45596285385114
SEQC_st4s|rand_480	3.3971408720199516
SEQC_st4s|rand_481	3.6286222510802792
SEQC_st4s|rand_482	3.6456785109216656
SEQC_st4s|rand_483	3.4698298349681083
SEQC_st4s|rand_484	3.60278619043093
SEQC_st4s|rand_485	3.4267566697418013
SEQC_st4s|rand_486	3.735599920008326
SEQC_st4s|rand_487	3.4501931317475245
SEQC_st4s|rand_488	3.4094174484214324
SEQC_st4s|rand_489	3.8248681534012334
SEQC_st4s|rand_490	3.1146208057191367
SEQC_st4s|rand_491	4.092527374863468
SEQC_st4s|rand_492	3.7246786212009786
SEQC_st4s|rand_493	3.4259643141196374
SEQC_st4s|rand_494	3.866205270848931
SEQC_st4s|rand_495	3.564186622415989
SEQC_st4s|rand_496	3.980139517421197
SEQC_st4s|rand_497	3.1032840691539376
SEQC_st4s|rand_498	3.7695396134141457
SEQC_st4s|rand_499	3.2791350577287015
SEQC_st4s|rand_500	3.4241111015615093
SEQC_st4s|rand_501	3.543596722500986
SEQC_st4s|rand_502	3.3043471515333565
SEQC_st4s|rand_503	3.4720900340294336
SEQC_st4s|rand_504	3.9138829915951074
SEQC_st4s|rand_505	3.671187245401416
SEQC_st4s|rand_506	3.588199520521737
SEQC_st4s|rand_507	3.557754059387747
SEQC_st4s|rand_508	3.7551229865968634
SEQC_st4s|rand_509	3.1168679791462552
SEQC_st4s|rand_510	3.8165374950079984
SEQC_st4s|rand_511	3.435602056757188
SEQC_st4s|rand_512	3.3519729371536027
SEQC_st4s|rand_513	3.337531978062762
SEQC_st4s|rand_514	3.324897102362722
SEQC_st4s|rand_515	3.715438755718821
SEQC_st4s|rand_516	3.3893771010364584
SEQC_st4s|rand_517	4.158462768957913
SEQC_st4s|rand_518	3.544204100998034
SEQC_st4s|rand_519	3.476060845617599
SEQC_st4s|rand_520	3.5717248335606975
SEQC_st4s|rand_521	4.120462995145888
SEQC_st4s|rand_522	3.612770626543107
SEQC_st4s|rand_523	3.407751970728353
SEQC_st4s|rand_524	3.6189712982790745
SEQC_st4s|rand_525	3.648635068911492
SEQC_st4s|rand_526	3.7330543783706056
SEQC_st4s|rand_527	3.963116692414515
SEQC_st4s|rand_528	3.7287083036520774
SEQC_st4s|rand_529	3.6781173051942413
SEQC_st4s|rand_530	3.612281697996414
SEQC_st4s|rand_531	3.961024220681153
SEQC_st4s|rand_532	3.4130897799907314
SEQC_st4s|rand_533	3.688392997447744
SEQC_st4s|rand_534	3.5375350339851663
SEQC_st4s|rand_535	3.690518288315878
SEQC_st4s|rand_536	3.9452478069294092
SEQC_st4s|rand_537	3.524411210645679
SEQC_st4s|rand_538	3.4031547714956525
SEQC_st4s|rand_539	3.7184449511294653
SEQC_st4s|rand_540	3.3330794405286897
SEQC_st4s|rand_541	3.728173966692509
SEQC_st4s|rand_542	3.295912518523189
SEQC_st4s|rand_543	3.871767327256554
SEQC_st4s|rand_544	3.466247550729601
SEQC_st4s|rand_545	3.723325852389108
SEQC_st4s|rand_546	3.8144424442483875
SEQC_st4s|rand_547	3.6008476987849245
SEQC_st4s|rand_548	3.362477007885604
SEQC_st4s|rand_549	3.490320107422195
SEQC_st4s|rand_550	3.903286156380712
SEQC_st4s|rand_551	3.9351914103717864
SEQC_st4s|rand_552	3.5422566756805796
SEQC_st4s|rand_553	3.9126628713414147
SEQC_st4s|rand_554	3.5540950958018787
SEQC_st4s|rand_555	3.5158350878632736
SEQC_st4s|rand_556	3.83284381167429
SEQC_st4s|rand_557	3.5422324093037645
SEQC_st4s|rand_558	3.3335492997677947
SEQC_st4s|rand_559	3.3872061332879198
SEQC_st4s|rand_560	3.8450566786043416
SEQC_st4s|rand_561	3.6102791496936266
SEQC_st4s|rand_562	3.6207680245349425
SEQC_st4s|rand_563	3.4041338944520807
SEQC_st4s|rand_564	3.394118943059543
SEQC_st4s|rand_565	3.841320459183642
SEQC_st4s|rand_566	3.660826811978458
SEQC_st4s|rand_567	3.7721760767967485
SEQC_st4s|rand_568	3.4461523679716515
SEQC_st4s|rand_569	3.088152930694669
SEQC_st4s|rand_570	3.4018639247497746
SEQC_st4s|rand_571	3.491024853808969
SEQC_st4s|rand_572	3.705133831111091
SEQC_st4s|rand_573	3.0562633474397236
SEQC_st4s|rand_574	3.6033638195423223
SEQC_st4s|rand_575	3.770230607477185
SEQC_st4s|rand_576	3.886856643871566
SEQC_st4s|rand_577	3.7706890781647715
SEQC_st4s|rand_578	3.5418872133668318
SEQC_st4s|rand_579	3.7622311046633046
SEQC_st4s|rand_580	3.706734715385491
SEQC_st4s|rand_581	3.905583725154227
SEQC_st4s|rand_582	3.6906962494897333
SEQC_st4s|rand_583	3.6498150302752315
SEQC_st4s|rand_584	3.588203929618184
SEQC_st4s|rand_585	3.6770812688655137
SEQC_st4s|rand_586	3.7075921853347107
SEQC_st4s|rand_587	3.2688680516104776
SEQC_st4s|rand_588	3.5135359902574677
SEQC_st4s|rand_589	3.5661593587968237
SEQC_st4s|rand_590	3.2960978830602006
SEQC_st4s|rand_591	3.556479448749079
SEQC_st4s|rand_592	3.358489996665091
SEQC_st4s|rand_593	3.655795731707786
SEQC_st4s|rand_594	3.4919461348771517
SEQC_st4s|rand_595	3.989753796499683
SEQC_st4s|rand_596	3.9012932872220096
SEQC_st4s|rand_597	3.9862120984890566
SEQC_st4s|rand_598	3.909257793517831
SEQC_st4s|rand_599	3.5353979266485123
SEQC_st4s|rand_600	3.722539045343513
SEQC_st4s|rand_601	3.6619470359585824
SEQC_st4s|rand_602	3.6182628181012424
SEQC_st4s|rand_603	3.6592531747718904
SEQC_st4s|rand_604	3.645718078613127
SEQC_st4s|rand_605	3.0775208662520335
SEQC_st4s|rand_606	3.872623417543252
SEQC_st4s|rand_607	3.7902472951313504
SEQC_st4s|rand_608	3.614788785653959
SEQC_st4s|rand_609	3.867742799388224
SEQC_st4s|rand_610	3.59053920236999
SEQC_st4s|rand_611	3.4769287266421887
SEQC_st4s|rand_612	3.4510659276256512
SEQC_st4s|rand_613	3.6570977082612597
SEQC_st4s|rand_614	3.486939746342898
SEQC_st4s|rand_615	3.178547825906183
SEQC_st4s|rand_616	3.6375573017087413
SEQC_st4s|rand_617	3.8224534418354787
SEQC_st4s|rand_618	4.061970220657114
SEQC_st4s|rand_619	3.5474456546594233
SEQC_st4s|rand_620	3.6889203000742645
SEQC_st4s|rand_621	3.336821637943692
SEQC_st4s|rand_622	3.6484989396038117
SEQC_st4s|rand_623	3.734187068714244
SEQC_st4s|rand_624	3.961049597502658
SEQC_st4s|rand_625	3.5938058260761196
SEQC_st4s|rand_626	3.118021279344537
SEQC_st4s|rand_627	3.6015571585924
SEQC_st4s|rand_628	3.7454557817857808
SEQC_st4s|rand_629	3.7122572535199456
SEQC_st4s|rand_630	3.5629821651896516
SEQC_st4s|rand_631	3.536489881253017
SEQC_st4s|rand_632	3.58890268060182
SEQC_st4s|rand_633	3.862628281331823
SEQC_st4s|rand_634	3.863286825936492
SEQC_st4s|rand_635	3.394281079013737
SEQC_st4s|rand_636	3.5994835160037773
SEQC_st4s|rand_637	4.013571058462082
SEQC_st4s|rand_638	3.33785205532102
SEQC_st4s|rand_639	3.5605094069788628
SEQC_st4s|rand_640	3.423215161270983
SEQC_st4s|rand_641	3.620823586271284
SEQC_st4s|rand_642	3.2130454085538562
SEQC_st4s|rand_643	3.5148706093689728
SEQC_st4s|rand_644	3.7376243654809027
SEQC_st4s|rand_645	3.6308776554522946
SEQC_st4s|rand_646	3.5003520156793724
SEQC_st4s|rand_647	3.647491950562827
SEQC_st4s|rand_648	3.9733301297230765
SEQC_st4s|rand_649	3.9216099789094234
SEQC_st4s|rand_650	3.4599995850337772
SEQC_st4s|rand_651	3.3691464037625467
SEQC_st4s|rand_652	3.8394998380702026
SEQC_st4s|rand_653	3.7778132382277096
SEQC_st4s|rand_654	3.409283678216711
SEQC_st4s|rand_655	3.504391970617994
SEQC_st4s|rand_656	3.9859883820662003
SEQC_st4s|rand_657	4.171887783459886
SEQC_st4s|rand_658	3.9602351236933178
SEQC_st4s|rand_659	3.48736133032093
SEQC_st4s|rand_660	3.7323846833908143
SEQC_st4s|rand_661	3.6758896192785118
SEQC_st4s|rand_662	3.5437287125706822
SEQC_st4s|rand_663	3.580205503062422
SEQC_st4s|rand_664	3.6437047625033294
SEQC_st4s|rand_665	3.9090775674195
SEQC_st4s|rand_666	3.2515164229497877
SEQC_st4s|rand_667	3.3561703122990725
SEQC_st4s|rand_668	3.8934770814062314
SEQC_st4s|rand_669	3.6174078759737327
SEQC_st4s|rand_670	3.461331841802342
SEQC_st4s|rand_671	3.491490095505
SEQC_st4s|rand_672	3.543038322585966
SEQC_st4s|rand_673	3.655109396420374
SEQC_st4s|rand_674	3.2616227515183764
SEQC_st4s|rand_675	3.4461577171183255
SEQC_st4s|rand_676	3.490261910854756
SEQC_st4s|rand_677	3.7122783256485645
SEQC_st4s|rand_678	3.532474372216024
SEQC_st4s|rand_679	3.976181892159589
SEQC_st4s|rand_680	3.9867829092249427
SEQC_st4s|rand_681	3.2821977001071807
SEQC_st4s|rand_682	3.4316029076366807
SEQC_st4s|rand_683	3.5161757798607844
SEQC_st4s|rand_684	3.383555896435976
SEQC_st4s|rand_685	3.359334482387003
SEQC_st4s|rand_686	3.829560479600148
SEQC_st4s|rand_687	3.7712316232846805
SEQC_st4s|rand_688	3.6728623653661474
SEQC_st4s|rand_689	3.86441388684236
SEQC_st4s|rand_690	3.5245203550275273
SEQC_st4s|rand_691	3.6074172054434483
SEQC_st4s|rand_692	3.318077899400159
SEQC_st4s|rand_693	3.565202962243206
SEQC_st4s|rand_694	3.44287140409859
SEQC_st4s|rand_695	3.4134905325903895
SEQC_st4s|rand_696	3.4031385170623127
SEQC_st4s|rand_697	3.308209581723619
SEQC_st4s|rand_698	3.441985737876634
SEQC_st4s|rand_699	3.90164879558543
SEQC_st4s|rand_700	3.5820673495354187
SEQC_st4s|rand_701	3.1943377861875284
SEQC_st4s|rand_702	3.853242767270738
SEQC_st4s|rand_703	3.5095671682749323
SEQC_st4s|rand_704	3.5027229912966305
SEQC_st4s|rand_705	3.7215504997549047
SEQC_st4s|rand_706	3.2218748684016694
SEQC_st4s|rand_707	3.6274752400518437
SEQC_st4s|rand_708	3.7807933708905206
SEQC_st4s|rand_709	3.5895328790245546
SEQC_st4s|rand_710	3.8860005952103562
SEQC_st4s|rand_711	3.6457582242308253
SEQC_st4s|rand_712	3.1382135140275014
SEQC_st4s|rand_713	3.400274995474356
SEQC_st4s|rand_714	3.3433210132646414
SEQC_st4s|rand_715	4.115425175581037
SEQC_st4s|rand_716	3.530510875952823
SEQC_st4s|rand_717	3.4854248423139422
SEQC_st4s|rand_718	3.422060586045168
SEQC_st4s|rand_719	3.396947475441073
SEQC_st4s|rand_720	3.894559323121664
SEQC_st4s|rand_721	3.472387089373077
SEQC_st4s|rand_722	3.8096101396243216
SEQC_st4s|rand_723	3.4372847091267724
SEQC_st4s|rand_724	3.3646196300066853
SEQC_st4s|rand_725	3.8557980698457133
SEQC_st4s|rand_726	3.6208124645614026
SEQC_st4s|rand_727	3.498246752909632
SEQC_st4s|rand_728	3.8710043809388552
SEQC_st4s|rand_729	3.221277970553198
SEQC_st4s|rand_730	4.058160953196559
SEQC_st4s|rand_731	3.629159035413418
SEQC_st4s|rand_732	3.5390022568242387
SEQC_st4s|rand_733	3.525618600952545
SEQC_st4s|rand_734	3.624136510005124
SEQC_st4s|rand_735	3.577271378528773
SEQC_st4s|rand_736	3.528638266918117
SEQC_st4s|rand_737	3.5516960431714844
SEQC_st4s|rand_738	3.5689978310025343
SEQC_st4s|rand_739	3.7435667552280787
SEQC_st4s|rand_740	3.7123756107415518
SEQC_st4s|rand_741	3.7986298945672696
SEQC_st4s|rand_742	3.7108923610760867
SEQC_st4s|rand_743	3.460570327522401
SEQC_st4s|rand_744	4.024077454972126
SEQC_st4s|rand_745	3.831639216132367
SEQC_st4s|rand_746	3.9373875030120464
SEQC_st4s|rand_747	3.9873179891800414
SEQC_st4s|rand_748	3.6469291676848417
SEQC_st4s|rand_749	3.9404036184451265
SEQC_st4s|rand_750	3.6244762786693414
SEQC_st4s|rand_751	3.3424776072985307
SEQC_st4s|rand_752	3.3093376346564543
SEQC_st4s|rand_753	3.5377690380352522
SEQC_st4s|rand_754	3.208889244420755
SEQC_st4s|rand_755	3.522269684128987
SEQC_st4s|rand_756	3.4051069592811456
SEQC_st4s|rand_757	3.8420725442225567
SEQC_st4s|rand_758	3.807961113641369
SEQC_st4s|rand_759	4.021911086048536
SEQC_st4s|rand_760	3.6210987446537692
SEQC_st4s|rand_761	3.4736556004799644
SEQC_st4s|rand_762	3.5170471931910012
SEQC_st4s|rand_763	3.899256179793097
SEQC_st4s|rand_764	3.3600752064991464
SEQC_st4s|rand_765	2.498210677307278
SEQC_st4s|rand_766	3.445952908834037
SEQC_st4s|rand_767	3.6403194715703173
SEQC_st4s|rand_768	4.053673129550676
SEQC_st4s|rand_769	3.534316343472631
SEQC_st4s|rand_770	3.8075231968277494
SEQC_st4s|rand_771	3.5573215859055742
SEQC_st4s|rand_772	2.977125232235801
SEQC_st4s|rand_773	3.9261524359084854
SEQC_st4s|rand_774	3.7279825628408045
SEQC_st4s|rand_775	3.7785305534352425
SEQC_st4s|rand_776	3.081239395929547
SEQC_st4s|rand_777	3.842365563114541
SEQC_st4s|rand_778	3.4488432402597673
SEQC_st4s|rand_779	3.340854603675779
SEQC_st4s|rand_780	3.8097769228667255
SEQC_st4s|rand_781	3.719422996933955
SEQC_st4s|rand_782	3.5448408010452783
SEQC_st4s|rand_783	2.9548336629354117
SEQC_st4s|rand_784	3.4933354812868287
SEQC_st4s|rand_785	3.595265096753711
SEQC_st4s|rand_786	3.3331090350625785
SEQC_st4s|rand_787	3.5711444865826705
SEQC_st4s|rand_788	3.1001012433806103
SEQC_st4s|rand_789	3.910223296647718
SEQC_st4s|rand_790	3.573333141194151
SEQC_st4s|rand_791	3.1282504462464047
SEQC_st4s|rand_792	3.613246616971721
SEQC_st4s|rand_793	3.759696788553176
SEQC_st4s|rand_794	3.6408748266442292
SEQC_st4s|rand_795	3.333890232244406
SEQC_st4s|rand_796	3.462940148579248
SEQC_st4s|rand_797	3.5032611197250136
SEQC_st4s|rand_798	3.818479632600165
SEQC_st4s|rand_799	3.5189503191563745
SEQC_st4s|rand_800	2.9695436063389202
SEQC_st4s|rand_801	3.6031640906113287
SEQC_st4s|rand_802	3.7295598357413127
SEQC_st4s|rand_803	3.6024916983512805
SEQC_st4s|rand_804	3.929256292304065
SEQC_st4s|rand_805	3.6276245448788345
SEQC_st4s|rand_806	3.9280875637373667
SEQC_st4s|rand_807	3.747042539467291
SEQC_st4s|rand_808	3.8174954628728783
SEQC_st4s|rand_809	3.5131562307349586
SEQC_st4s|rand_810	2.909379259263654
SEQC_st4s|rand_811	3.715638628325132
SEQC_st4s|rand_812	3.8633792670358402
SEQC_st4s|rand_813	3.4407244136137436
SEQC_st4s|rand_814	3.7027529599437905
SEQC_st4s|rand_815	3.57643517065606
SEQC_st4s|rand_816	3.8390167737113936
SEQC_st4s|rand_817	3.7211266819989697
SEQC_st4s|rand_818	3.9250543609736854
SEQC_st4s|rand_819	3.5106262713701257
SEQC_st4s|rand_820	3.6911129823664552
SEQC_st4s|rand_821	3.879148535477912
SEQC_st4s|rand_822	3.357076911566747
SEQC_st4s|rand_823	3.3808347965539167
SEQC_st4s|rand_824	3.615977061496409
SEQC_st4s|rand_825	4.143772275373917
SEQC_st4s|rand_826	3.234415452439657
SEQC_st4s|rand_827	3.4015120291521064
SEQC_st4s|rand_828	3.2785784676491057
SEQC_st4s|rand_829	3.662837130562409
SEQC_st4s|rand_830	3.9157228614640487
SEQC_st4s|rand_831	3.3097814087771966
SEQC_st4s|rand_832	3.48253666104668
SEQC_st4s|rand_833	3.6903806285112637
SEQC_st4s|rand_834	3.75677877797996
SEQC_st4s|rand_835	3.6826486256176794
SEQC_st4s|rand_836	3.1953004213088536
SEQC_st4s|rand_837	3.648275270895521
SEQC_st4s|rand_838	3.7826332601688955
SEQC_st4s|rand_839	4.02694939274401
SEQC_st4s|rand_840	3.4926984785547472
SEQC_st4s|rand_841	3.638589541231326
SEQC_st4s|rand_842	3.241739769618999
SEQC_st4s|rand_843	3.5685722801752067
SEQC_st4s|rand_844	3.526578899405254
SEQC_st4s|rand_845	3.7880215997338462
SEQC_st4s|rand_846	3.88387884696434
SEQC_st4s|rand_847	3.4500647514011966
SEQC_st4s|rand_848	3.5963171354901475
SEQC_st4s|rand_849	3.8116033466329453
SEQC_st4s|rand_850	3.2918170700480753
SEQC_st4s|rand_851	3.669060711169772
SEQC_st4s|rand_852	3.7831142941106513
SEQC_st4s|rand_853	3.524482423193621
SEQC_st4s|rand_854	3.836805239764718
SEQC_st4s|rand_855	3.7347497386573636
SEQC_st4s|rand_856	3.284650849389268
SEQC_st4s|rand_857	3.485382968672575
SEQC_st4s|rand_858	3.5366188270352574
SEQC_st4s|rand_859	3.705762435949342
SEQC_st4s|rand_860	3.511478908366685
SEQC_st4s|rand_861	3.697501130919759
SEQC_st4s|rand_862	3.514717269871103
SEQC_st4s|rand_863	3.5440534590916646
SEQC_st4s|rand_864	3.5681320427552587
SEQC_st4s|rand_865	3.4402230927095654
SEQC_st4s|rand_866	3.5057068068088646
SEQC_st4s|rand_867	3.836842618335924
SEQC_st4s|rand_868	3.723033003564776
SEQC_st4s|rand_869	3.845060713524024
SEQC_st4s|rand_870	3.515721412283633
SEQC_st4s|rand_871	3.458610048117821
SEQC_st4s|rand_872	3.583433282550649
SEQC_st4s|rand_873	4.057204587571877
SEQC_st4s|rand_874	3.7024237326690637
SEQC_st4s|rand_875	3.5492336513688976
SEQC_st4s|rand_876	3.682028696820092
SEQC_st4s|rand_877	3.4998482518817924
SEQC_st4s|rand_878	3.3547953886186366
SEQC_st4s|rand_879	3.4184036803214695
SEQC_st4s|rand_880	3.505300177521819
SEQC_st4s|rand_881	3.6492226243470594
SEQC_st4s|rand_882	3.538554047684329
SEQC_st4s|rand_883	3.2858783517888903
SEQC_st4s|rand_884	3.5921516092621575
SEQC_st4s|rand_885	3.553305923063064
SEQC_st4s|rand_886	3.5638162605140793
SEQC_st4s|rand_887	3.2669221707307243
SEQC_st4s|rand_888	3.517978160797958
SEQC_st4s|rand_889	3.9567864128972476
SEQC_st4s|rand_890	3.313315843195017
SEQC_st4s|rand_891	3.7397775953905987
SEQC_st4s|rand_892	3.3366937268873245
SEQC_st4s|rand_893	3.552740020745266
SEQC_st4s|rand_894	3.5875624555492878
SEQC_st4s|rand_895	3.16638090610012
SEQC_st4s|rand_896	3.4719040936112338
SEQC_st4s|rand_897	3.692838348470696
SEQC_st4s|rand_898	3.4237401936254566
SEQC_st4s|rand_899	3.992697057533944
SEQC_st4s|rand_900	3.1625794659747615
SEQC_st4s|rand_901	4.029015591863078
SEQC_st4s|rand_902	3.7064938752997945
SEQC_st4s|rand_903	3.7983670489504244
SEQC_st4s|rand_904	3.2365868558972664
SEQC_st4s|rand_905	3.3426961110474647
SEQC_st4s|rand_906	3.742182333817699
SEQC_st4s|rand_907	3.500355278283115
SEQC_st4s|rand_908	3.0353680413434576
SEQC_st4s|rand_909	3.6442698870880568
SEQC_st4s|rand_910	3.6323748189462632
SEQC_st4s|rand_911	3.6668590012671713
SEQC_st4s|rand_912	3.725635578586013
SEQC_st4s|rand_913	3.436402035545035
SEQC_st4s|rand_914	4.074734714630463
SEQC_st4s|rand_915	2.948520637536418
SEQC_st4s|rand_916	3.454256038468211
SEQC_st4s|rand_917	3.3484430122199726
SEQC_st4s|rand_918	3.5558023486670622
SEQC_st4s|rand_919	3.965909809689806
SEQC_st4s|rand_920	3.7435998957069576
SEQC_st4s|rand_921	3.487475966341712
SEQC_st4s|rand_922	3.4958645992406945
SEQC_st4s|rand_923	3.3662824796275355
SEQC_st4s|rand_924	3.3794010094931073
SEQC_st4s|rand_925	3.6439209925165015
SEQC_st4s|rand_926	3.4331124185947117
SEQC_st4s|rand_927	3.4293389371090575
SEQC_st4s|rand_928	3.529877131195416
SEQC_st4s|rand_929	3.5962253666374435
SEQC_st4s|rand_930	3.419762555290864
SEQC_st4s|rand_931	3.7847418017785732
SEQC_st4s|rand_932	3.342355285409778
SEQC_st4s|rand_933	3.619253429210112
SEQC_st4s|rand_934	3.689352680059937
SEQC_st4s|rand_935	3.610741241415219
SEQC_st4s|rand_936	4.006441497504033
SEQC_st4s|rand_937	3.6511564857285848
SEQC_st4s|rand_938	3.780859575957327
SEQC_st4s|rand_939	3.5607106697825315
SEQC_st4s|rand_940	3.355969074814922
SEQC_st4s|rand_941	3.7507801195484896
SEQC_st4s|rand_942	3.6492335191948757
SEQC_st4s|rand_943	3.727820621937134
SEQC_st4s|rand_944	3.8588875451144466
SEQC_st4s|rand_945	3.427746070996137
SEQC_st4s|rand_946	3.614055715729664
SEQC_st4s|rand_947	3.854397347600455
SEQC_st4s|rand_948	3.4289138887143196
SEQC_st4s|rand_949	3.5093456288751597
SEQC_st4s|rand_950	3.8060757069223587
SEQC_st4s|rand_951	3.6518322253270195
SEQC_st4s|rand_952	3.5773161155133386
SEQC_st4s|rand_953	3.6353892537763817
SEQC_st4s|rand_954	3.6899149108199714
SEQC_st4s|rand_955	3.579440441930137
SEQC_st4s|rand_956	3.5938736249833303
SEQC_st4s|rand_957	3.360137233745709
SEQC_st4s|rand_958	3.7318328140270727
SEQC_st4s|rand_959	3.8447069756614733
SEQC_st4s|rand_960	3.2301566273145452
SEQC_st4s|rand_961	3.3633549900802344
SEQC_st4s|rand_962	3.698817326722796
SEQC_st4s|rand_963	3.6078445208344894
SEQC_st4s|rand_964	3.718092425081172
SEQC_st4s|rand_965	3.72310580343477
SEQC_st4s|rand_966	3.2207955099204724
SEQC_st4s|rand_967	3.8341215078553845
SEQC_st4s|rand_968	3.1843750627759584
SEQC_st4s|rand_969	3.233317094094644
SEQC_st4s|rand_970	3.8099694619394655
SEQC_st4s|rand_971	3.983345000870913
SEQC_st4s|rand_972	3.8885257241471956
SEQC_st4s|rand_973	3.4975165856125816
SEQC_st4s|rand_974	3.240999613677685
SEQC_st4s|rand_975	3.7085780750588064
SEQC_st4s|rand_976	3.494994647569724
SEQC_st4s|rand_977	3.5417483176300433
SEQC_st4s|rand_978	3.402839178227501
SEQC_st4s|rand_979	3.6167199531214247
SEQC_st4s|rand_980	3.8361177834236426
SEQC_st4s|rand_981	3.4608421589882603
SEQC_st4s|rand_982	3.780363971149338
SEQC_st4s|rand_983	3.144773997570615
SEQC_st4s|rand_984	3.853094825837242
SEQC_st4s|rand_985	3.4947624813491633
SEQC_st4s|rand_986	3.6995174238345307
SEQC_st4s|rand_987	3.651036682882789
SEQC_st4s|rand_988	3.166744411142832
SEQC_st4s|rand_989	3.756080785350456
SEQC_st4s|rand_990	3.816037777853663
SEQC_st4s|rand_991	3.4412459191956386
SEQC_st4s|rand_992	3.4442620039902296
SEQC_st4s|rand_993	3.5799276686626422
SEQC_st4s|rand_994	3.344436576317484
SEQC_st4s|rand_995	3.764766902762592
SEQC_st4s|rand_996	3.395324220634558
SEQC_st4s|rand_997	3.1636879501492343
SEQC_st4s|rand_998	3.606400626766918
SEQC_st4s|rand_999	3.6488746178701215
SEQC_st4s|rand_1000	3.942884939194337
Kocak_st1|rand_1	3.3012233724624576
Kocak_st1|rand_2	3.714451238560407
Kocak_st1|rand_3	3.183991811027239
Kocak_st1|rand_4	3.566463223990584
Kocak_st1|rand_5	3.6630745768022783
Kocak_st1|rand_6	3.4298737793231755
Kocak_st1|rand_7	3.4692945511158846
Kocak_st1|rand_8	3.331806191895777
Kocak_st1|rand_9	3.3519086749633935
Kocak_st1|rand_10	3.407588067789085
Kocak_st1|rand_11	3.330845149248594
Kocak_st1|rand_12	3.736778406354324
Kocak_st1|rand_13	3.3806703765468424
Kocak_st1|rand_14	3.1733415083392513
Kocak_st1|rand_15	3.1115538022486335
Kocak_st1|rand_16	3.1348638402955307
Kocak_st1|rand_17	3.2764250639055863
Kocak_st1|rand_18	3.357860689097403
Kocak_st1|rand_19	3.283295981601255
Kocak_st1|rand_20	3.4035836955030963
Kocak_st1|rand_21	3.5209822461283533
Kocak_st1|rand_22	3.6128621185770124
Kocak_st1|rand_23	3.7565822401553266
Kocak_st1|rand_24	3.1833745083944645
Kocak_st1|rand_25	3.3487495771706994
Kocak_st1|rand_26	3.4231216087753804
Kocak_st1|rand_27	3.574273393021164
Kocak_st1|rand_28	3.302145866316458
Kocak_st1|rand_29	3.497569281511713
Kocak_st1|rand_30	3.270724280538449
Kocak_st1|rand_31	3.5060211857093027
Kocak_st1|rand_32	3.53777713378597
Kocak_st1|rand_33	3.615706150006701
Kocak_st1|rand_34	3.3437207937781532
Kocak_st1|rand_35	3.379111685649047
Kocak_st1|rand_36	3.540664752499937
Kocak_st1|rand_37	3.468133356001916
Kocak_st1|rand_38	3.4939684837390836
Kocak_st1|rand_39	3.241395400845385
Kocak_st1|rand_40	3.0226788548029115
Kocak_st1|rand_41	3.282254355892347
Kocak_st1|rand_42	3.559334688436615
Kocak_st1|rand_43	3.248270125697345
Kocak_st1|rand_44	3.2964010344914434
Kocak_st1|rand_45	3.2691064933676186
Kocak_st1|rand_46	3.46529608648624
Kocak_st1|rand_47	3.3570850348399652
Kocak_st1|rand_48	3.1494787274187592
Kocak_st1|rand_49	3.6551320372892784
Kocak_st1|rand_50	3.348131011749096
Kocak_st1|rand_51	3.4667920495517914
Kocak_st1|rand_52	3.646809206573994
Kocak_st1|rand_53	3.7467780464592813
Kocak_st1|rand_54	3.4630868939214263
Kocak_st1|rand_55	3.7808293272836764
Kocak_st1|rand_56	3.051355465625806
Kocak_st1|rand_57	3.4582608406503885
Kocak_st1|rand_58	3.0626100590581236
Kocak_st1|rand_59	3.412770955429017
Kocak_st1|rand_60	3.2175537792338784
Kocak_st1|rand_61	3.507555784564806
Kocak_st1|rand_62	3.504965946425995
Kocak_st1|rand_63	3.431456256675736
Kocak_st1|rand_64	3.3687076757376753
Kocak_st1|rand_65	3.650955084427941
Kocak_st1|rand_66	3.5024528474225582
Kocak_st1|rand_67	3.5904425486525877
Kocak_st1|rand_68	3.3776038252020073
Kocak_st1|rand_69	3.5830944517373946
Kocak_st1|rand_70	3.3856281256333953
Kocak_st1|rand_71	3.446823918197446
Kocak_st1|rand_72	3.4816179215423135
Kocak_st1|rand_73	3.3527992912328526
Kocak_st1|rand_74	3.5541849893113238
Kocak_st1|rand_75	3.500260900365867
Kocak_st1|rand_76	3.2251903419614587
Kocak_st1|rand_77	3.807791510631501
Kocak_st1|rand_78	3.173340245644555
Kocak_st1|rand_79	3.4710905780329466
Kocak_st1|rand_80	3.7305744561353182
Kocak_st1|rand_81	3.2253524214373113
Kocak_st1|rand_82	3.355189026199698
Kocak_st1|rand_83	3.483672352654547
Kocak_st1|rand_84	3.4593730614735745
Kocak_st1|rand_85	3.4097731375157223
Kocak_st1|rand_86	3.5641237173454727
Kocak_st1|rand_87	3.200724476806008
Kocak_st1|rand_88	3.5067763827529657
Kocak_st1|rand_89	3.3900422650332422
Kocak_st1|rand_90	3.1452618768970435
Kocak_st1|rand_91	3.410648589073581
Kocak_st1|rand_92	3.364570759773639
Kocak_st1|rand_93	3.5654530504963615
Kocak_st1|rand_94	3.629313011407624
Kocak_st1|rand_95	3.6765458517026355
Kocak_st1|rand_96	3.2539801716340047
Kocak_st1|rand_97	3.135651228863075
Kocak_st1|rand_98	3.442124216334761
Kocak_st1|rand_99	3.530287507873133
Kocak_st1|rand_100	3.378281422074881
Kocak_st1|rand_101	3.401485230694542
Kocak_st1|rand_102	3.3110217855688737
Kocak_st1|rand_103	3.344370070194714
Kocak_st1|rand_104	3.807059889681924
Kocak_st1|rand_105	3.589336682590755
Kocak_st1|rand_106	3.3865200891705736
Kocak_st1|rand_107	3.5563595517832667
Kocak_st1|rand_108	3.409146869230642
Kocak_st1|rand_109	3.3884979748801602
Kocak_st1|rand_110	3.445550188502021
Kocak_st1|rand_111	3.235617300762018
Kocak_st1|rand_112	3.5013088558464944
Kocak_st1|rand_113	3.53108992681135
Kocak_st1|rand_114	3.2720152691057005
Kocak_st1|rand_115	3.320702865233661
Kocak_st1|rand_116	3.4503694423666835
Kocak_st1|rand_117	3.4959347961074316
Kocak_st1|rand_118	3.1408535409871963
Kocak_st1|rand_119	3.3514685903619155
Kocak_st1|rand_120	3.2653305785313975
Kocak_st1|rand_121	3.362966811027074
Kocak_st1|rand_122	3.7920267568639003
Kocak_st1|rand_123	3.562345657172726
Kocak_st1|rand_124	3.2205477066790853
Kocak_st1|rand_125	3.1001415504399206
Kocak_st1|rand_126	3.6263570659491067
Kocak_st1|rand_127	3.5811355210040166
Kocak_st1|rand_128	3.352434764881507
Kocak_st1|rand_129	3.2691448572823387
Kocak_st1|rand_130	3.3761038019743
Kocak_st1|rand_131	3.1106850843998326
Kocak_st1|rand_132	3.3597776855081585
Kocak_st1|rand_133	3.9233208799492294
Kocak_st1|rand_134	3.473377754717168
Kocak_st1|rand_135	3.466260888454346
Kocak_st1|rand_136	3.8232722089656055
Kocak_st1|rand_137	3.2549381090982807
Kocak_st1|rand_138	3.525167493861062
Kocak_st1|rand_139	3.139683968001892
Kocak_st1|rand_140	3.6206076696456266
Kocak_st1|rand_141	3.7090040511268065
Kocak_st1|rand_142	3.7394869706879286
Kocak_st1|rand_143	3.222570017208736
Kocak_st1|rand_144	3.240793844069422
Kocak_st1|rand_145	3.671877249306863
Kocak_st1|rand_146	3.4422194277304343
Kocak_st1|rand_147	3.611237986855095
Kocak_st1|rand_148	3.264709909768581
Kocak_st1|rand_149	3.436399136824313
Kocak_st1|rand_150	3.3867638111703884
Kocak_st1|rand_151	3.423607068233584
Kocak_st1|rand_152	3.5095722049370233
Kocak_st1|rand_153	3.483418468465804
Kocak_st1|rand_154	3.3302927498845802
Kocak_st1|rand_155	3.596585226756683
Kocak_st1|rand_156	3.5622473593949655
Kocak_st1|rand_157	3.705473091484629
Kocak_st1|rand_158	3.2786297299097473
Kocak_st1|rand_159	3.4174236561130713
Kocak_st1|rand_160	3.5133846562458912
Kocak_st1|rand_161	3.247875237053686
Kocak_st1|rand_162	3.4294642505011677
Kocak_st1|rand_163	3.5429064643883863
Kocak_st1|rand_164	3.4150060847403814
Kocak_st1|rand_165	3.6354260535888625
Kocak_st1|rand_166	3.5001840256626426
Kocak_st1|rand_167	3.5180964130693972
Kocak_st1|rand_168	3.0395971292678943
Kocak_st1|rand_169	3.4938658421016835
Kocak_st1|rand_170	3.241325023365225
Kocak_st1|rand_171	3.3995079236030463
Kocak_st1|rand_172	3.385166659600405
Kocak_st1|rand_173	3.3434829314626104
Kocak_st1|rand_174	3.5030549272743414
Kocak_st1|rand_175	3.1615907696318155
Kocak_st1|rand_176	3.222628017868081
Kocak_st1|rand_177	3.344095331197733
Kocak_st1|rand_178	3.4970561065658323
Kocak_st1|rand_179	3.2596910318833143
Kocak_st1|rand_180	3.3282009053706454
Kocak_st1|rand_181	2.862654346106198
Kocak_st1|rand_182	3.230688514344771
Kocak_st1|rand_183	3.61774320297406
Kocak_st1|rand_184	3.384770095813203
Kocak_st1|rand_185	3.65213138830101
Kocak_st1|rand_186	3.2417510406167716
Kocak_st1|rand_187	3.3887306017493377
Kocak_st1|rand_188	3.369674244759866
Kocak_st1|rand_189	3.53426390817669
Kocak_st1|rand_190	3.4766887376007634
Kocak_st1|rand_191	3.463693190960435
Kocak_st1|rand_192	3.3641910044303707
Kocak_st1|rand_193	3.3785259764295303
Kocak_st1|rand_194	3.6476480925629207
Kocak_st1|rand_195	3.125136114891802
Kocak_st1|rand_196	3.843724547830054
Kocak_st1|rand_197	3.2456451799209542
Kocak_st1|rand_198	3.511715160591061
Kocak_st1|rand_199	3.5240279494541564
Kocak_st1|rand_200	3.3597467147457016
Kocak_st1|rand_201	3.4339921980441908
Kocak_st1|rand_202	3.2154477906477417
Kocak_st1|rand_203	3.323557355892893
Kocak_st1|rand_204	3.3460514981475185
Kocak_st1|rand_205	3.341189917265349
Kocak_st1|rand_206	3.5145506280889105
Kocak_st1|rand_207	3.297409460671445
Kocak_st1|rand_208	3.5756896579088395
Kocak_st1|rand_209	3.7158932921027663
Kocak_st1|rand_210	3.204799542133978
Kocak_st1|rand_211	3.2357217075366447
Kocak_st1|rand_212	3.7162819648702254
Kocak_st1|rand_213	3.666224476345031
Kocak_st1|rand_214	3.200106739133448
Kocak_st1|rand_215	3.3441039626362823
Kocak_st1|rand_216	3.241948658998059
Kocak_st1|rand_217	3.396425932394277
Kocak_st1|rand_218	3.36355018047118
Kocak_st1|rand_219	3.527846699699436
Kocak_st1|rand_220	3.4151215946461124
Kocak_st1|rand_221	2.988494205406728
Kocak_st1|rand_222	3.518769547229726
Kocak_st1|rand_223	3.442300185011643
Kocak_st1|rand_224	3.2322083013556373
Kocak_st1|rand_225	3.3817508150315354
Kocak_st1|rand_226	3.5076733239014923
Kocak_st1|rand_227	3.14362523419708
Kocak_st1|rand_228	3.453266819373675
Kocak_st1|rand_229	3.63126546778955
Kocak_st1|rand_230	3.2265395626075146
Kocak_st1|rand_231	3.471085487566497
Kocak_st1|rand_232	3.516991638471147
Kocak_st1|rand_233	3.3209927992210506
Kocak_st1|rand_234	3.449220497695894
Kocak_st1|rand_235	3.420060138707281
Kocak_st1|rand_236	3.4189349725711615
Kocak_st1|rand_237	3.6569845222509487
Kocak_st1|rand_238	3.345681346457952
Kocak_st1|rand_239	3.551838057951809
Kocak_st1|rand_240	3.6260230961988604
Kocak_st1|rand_241	3.658834348509978
Kocak_st1|rand_242	3.355004811562807
Kocak_st1|rand_243	3.173986706210587
Kocak_st1|rand_244	3.4338179876558947
Kocak_st1|rand_245	3.2622174576612233
Kocak_st1|rand_246	3.429548605944162
Kocak_st1|rand_247	3.3830081087887764
Kocak_st1|rand_248	3.7117185252742653
Kocak_st1|rand_249	3.726117335848307
Kocak_st1|rand_250	3.420614507072564
Kocak_st1|rand_251	3.7428671566732814
Kocak_st1|rand_252	3.298257007616049
Kocak_st1|rand_253	3.2861130404421828
Kocak_st1|rand_254	3.6561485395139313
Kocak_st1|rand_255	3.0791444190619677
Kocak_st1|rand_256	3.59097755265302
Kocak_st1|rand_257	3.469139544929605
Kocak_st1|rand_258	3.514921572657437
Kocak_st1|rand_259	2.847726524397131
Kocak_st1|rand_260	3.068607583275348
Kocak_st1|rand_261	3.3370692225522243
Kocak_st1|rand_262	3.370058134121381
Kocak_st1|rand_263	3.5539144049448046
Kocak_st1|rand_264	3.0740524802477447
Kocak_st1|rand_265	3.201864750708315
Kocak_st1|rand_266	3.48613316198048
Kocak_st1|rand_267	3.261945180341481
Kocak_st1|rand_268	3.4679447843002515
Kocak_st1|rand_269	3.5150390432083776
Kocak_st1|rand_270	3.7775337497974286
Kocak_st1|rand_271	3.422542385018602
Kocak_st1|rand_272	3.5598265739914314
Kocak_st1|rand_273	3.270402388545505
Kocak_st1|rand_274	3.5627123951054966
Kocak_st1|rand_275	3.422948910332866
Kocak_st1|rand_276	3.1512722501763384
Kocak_st1|rand_277	3.458148239982921
Kocak_st1|rand_278	3.6357743666886653
Kocak_st1|rand_279	3.133902808537998
Kocak_st1|rand_280	3.1184965606504793
Kocak_st1|rand_281	3.2985991839699373
Kocak_st1|rand_282	3.3608531689179735
Kocak_st1|rand_283	3.3398537382477436
Kocak_st1|rand_284	3.5070320849370558
Kocak_st1|rand_285	3.506793335666572
Kocak_st1|rand_286	3.375069100610871
Kocak_st1|rand_287	3.5311861099049797
Kocak_st1|rand_288	3.540070276213759
Kocak_st1|rand_289	3.499164569350651
Kocak_st1|rand_290	3.370549974369478
Kocak_st1|rand_291	3.290824295896643
Kocak_st1|rand_292	3.5535642410744672
Kocak_st1|rand_293	3.470551100497086
Kocak_st1|rand_294	3.6511421780951987
Kocak_st1|rand_295	3.211558556814752
Kocak_st1|rand_296	3.4386832894627712
Kocak_st1|rand_297	3.498709258454726
Kocak_st1|rand_298	3.3866113175017754
Kocak_st1|rand_299	3.4642748567346344
Kocak_st1|rand_300	3.646513274283175
Kocak_st1|rand_301	3.4563951429145385
Kocak_st1|rand_302	3.388450301941506
Kocak_st1|rand_303	3.488186193141128
Kocak_st1|rand_304	3.486515014465428
Kocak_st1|rand_305	3.6069307493858624
Kocak_st1|rand_306	3.3745858512895945
Kocak_st1|rand_307	3.320379758516698
Kocak_st1|rand_308	3.5504674115565287
Kocak_st1|rand_309	3.1255468655433436
Kocak_st1|rand_310	3.322920792811617
Kocak_st1|rand_311	3.519709045997337
Kocak_st1|rand_312	3.749232749374393
Kocak_st1|rand_313	3.59724281713368
Kocak_st1|rand_314	3.229958340304571
Kocak_st1|rand_315	3.599258256923941
Kocak_st1|rand_316	3.426009478176242
Kocak_st1|rand_317	3.591448293759706
Kocak_st1|rand_318	3.4694265866459446
Kocak_st1|rand_319	3.504174661112349
Kocak_st1|rand_320	2.9469220062228807
Kocak_st1|rand_321	3.5345871134625493
Kocak_st1|rand_322	3.7486321282284347
Kocak_st1|rand_323	3.491987160958048
Kocak_st1|rand_324	3.7186624791467855
Kocak_st1|rand_325	3.3265746970999217
Kocak_st1|rand_326	3.4628659990494532
Kocak_st1|rand_327	3.5508685866033867
Kocak_st1|rand_328	3.3084425147836574
Kocak_st1|rand_329	3.6072188507474783
Kocak_st1|rand_330	3.1264355630904546
Kocak_st1|rand_331	3.7289496829251214
Kocak_st1|rand_332	3.6278926784311554
Kocak_st1|rand_333	3.25531285416724
Kocak_st1|rand_334	3.372308756207027
Kocak_st1|rand_335	3.330432568308611
Kocak_st1|rand_336	3.396709369134465
Kocak_st1|rand_337	3.5646806022805704
Kocak_st1|rand_338	3.2361971709928423
Kocak_st1|rand_339	3.5761026657726465
Kocak_st1|rand_340	3.4146603226303625
Kocak_st1|rand_341	3.5583043507753827
Kocak_st1|rand_342	3.6366679766167174
Kocak_st1|rand_343	3.4134130047541063
Kocak_st1|rand_344	3.290480628475959
Kocak_st1|rand_345	3.5964317615818824
Kocak_st1|rand_346	3.3868416138112813
Kocak_st1|rand_347	3.455861178990057
Kocak_st1|rand_348	3.114834104315766
Kocak_st1|rand_349	3.255013247226451
Kocak_st1|rand_350	3.417057905937121
Kocak_st1|rand_351	3.6048217375746407
Kocak_st1|rand_352	3.4443257830167147
Kocak_st1|rand_353	3.405095461825258
Kocak_st1|rand_354	3.3209565671469665
Kocak_st1|rand_355	3.562738897414962
Kocak_st1|rand_356	3.4693466593953213
Kocak_st1|rand_357	3.1570997865828163
Kocak_st1|rand_358	3.4352323356004937
Kocak_st1|rand_359	3.2170743519952367
Kocak_st1|rand_360	3.34804912922689
Kocak_st1|rand_361	3.3439382445913104
Kocak_st1|rand_362	3.379299965942431
Kocak_st1|rand_363	3.5668796254439985
Kocak_st1|rand_364	3.4881075201642147
Kocak_st1|rand_365	3.4925159951106513
Kocak_st1|rand_366	3.203645861578576
Kocak_st1|rand_367	3.4770667622663614
Kocak_st1|rand_368	3.3224010049621926
Kocak_st1|rand_369	3.397694149153544
Kocak_st1|rand_370	3.552200165098998
Kocak_st1|rand_371	3.398473940667762
Kocak_st1|rand_372	3.67479170619236
Kocak_st1|rand_373	3.2219930481601837
Kocak_st1|rand_374	3.6256916296352384
Kocak_st1|rand_375	3.3595825815542932
Kocak_st1|rand_376	3.556200543523071
Kocak_st1|rand_377	3.4749124595722867
Kocak_st1|rand_378	3.4646388208643373
Kocak_st1|rand_379	2.9695159721280056
Kocak_st1|rand_380	2.8763997508190466
Kocak_st1|rand_381	3.140833039534381
Kocak_st1|rand_382	3.3155095172320252
Kocak_st1|rand_383	3.324381926030687
Kocak_st1|rand_384	3.2760622376892448
Kocak_st1|rand_385	3.410493100446079
Kocak_st1|rand_386	3.235389184652131
Kocak_st1|rand_387	3.4489956146811287
Kocak_st1|rand_388	3.49310557775203
Kocak_st1|rand_389	3.3792166509182935
Kocak_st1|rand_390	3.5543043538394685
Kocak_st1|rand_391	3.313492468482788
Kocak_st1|rand_392	2.9697581866131504
Kocak_st1|rand_393	3.4870610539655424
Kocak_st1|rand_394	3.335150576174832
Kocak_st1|rand_395	3.173652869171014
Kocak_st1|rand_396	3.2629054190889635
Kocak_st1|rand_397	3.3844461980334937
Kocak_st1|rand_398	3.584902190216837
Kocak_st1|rand_399	3.7174121201892203
Kocak_st1|rand_400	3.653532726581999
Kocak_st1|rand_401	3.1975996207353474
Kocak_st1|rand_402	3.5428177858641443
Kocak_st1|rand_403	3.727256052520034
Kocak_st1|rand_404	3.304903384652522
Kocak_st1|rand_405	3.6099604608377116
Kocak_st1|rand_406	3.336586388532363
Kocak_st1|rand_407	3.3201881837823355
Kocak_st1|rand_408	3.3676296889719386
Kocak_st1|rand_409	3.3652468460719915
Kocak_st1|rand_410	3.3185409043602423
Kocak_st1|rand_411	3.5432780062754814
Kocak_st1|rand_412	3.2916078056584612
Kocak_st1|rand_413	3.359381064830819
Kocak_st1|rand_414	3.2941277477921114
Kocak_st1|rand_415	3.5093825008420887
Kocak_st1|rand_416	3.3515886703900066
Kocak_st1|rand_417	3.580115005318985
Kocak_st1|rand_418	3.5081598478107243
Kocak_st1|rand_419	3.4798531565911635
Kocak_st1|rand_420	3.2943230471839486
Kocak_st1|rand_421	3.602995325848116
Kocak_st1|rand_422	3.142742008304203
Kocak_st1|rand_423	3.696273703614612
Kocak_st1|rand_424	3.410116459335132
Kocak_st1|rand_425	3.5784243742378488
Kocak_st1|rand_426	3.5824939322894065
Kocak_st1|rand_427	3.395386991221523
Kocak_st1|rand_428	3.6279575437054854
Kocak_st1|rand_429	3.2430262389430364
Kocak_st1|rand_430	3.3202731764702436
Kocak_st1|rand_431	3.4246986269531847
Kocak_st1|rand_432	3.1564793183412516
Kocak_st1|rand_433	3.333938639019093
Kocak_st1|rand_434	3.426010830889015
Kocak_st1|rand_435	3.506909614851524
Kocak_st1|rand_436	3.161578136243253
Kocak_st1|rand_437	3.3362266812851966
Kocak_st1|rand_438	3.576630993492008
Kocak_st1|rand_439	3.179196618934588
Kocak_st1|rand_440	3.5380553085182043
Kocak_st1|rand_441	3.4262979113695313
Kocak_st1|rand_442	3.523753424230104
Kocak_st1|rand_443	3.234638018642972
Kocak_st1|rand_444	3.4493329659899103
Kocak_st1|rand_445	3.1985991887805523
Kocak_st1|rand_446	3.5102084870175174
Kocak_st1|rand_447	3.5880517084056653
Kocak_st1|rand_448	3.2136987393797685
Kocak_st1|rand_449	3.3047986192500067
Kocak_st1|rand_450	3.273801064297137
Kocak_st1|rand_451	3.503262757740288
Kocak_st1|rand_452	3.66206249237686
Kocak_st1|rand_453	3.42321167008675
Kocak_st1|rand_454	3.5563978411188955
Kocak_st1|rand_455	3.2806895893926034
Kocak_st1|rand_456	3.3202772612059803
Kocak_st1|rand_457	3.6205570604670037
Kocak_st1|rand_458	3.433383862536875
Kocak_st1|rand_459	3.296858620622056
Kocak_st1|rand_460	3.6577746238343387
Kocak_st1|rand_461	3.187138477937292
Kocak_st1|rand_462	3.6018205927487315
Kocak_st1|rand_463	3.2887343743661743
Kocak_st1|rand_464	3.2370529945369393
Kocak_st1|rand_465	3.5181633500048943
Kocak_st1|rand_466	3.206196605626858
Kocak_st1|rand_467	3.4918859803629174
Kocak_st1|rand_468	3.144366803113382
Kocak_st1|rand_469	3.3150229674536273
Kocak_st1|rand_470	3.4578788033814942
Kocak_st1|rand_471	3.5129882304108335
Kocak_st1|rand_472	3.4201956986896564
Kocak_st1|rand_473	3.6323122425377306
Kocak_st1|rand_474	3.316892372173318
Kocak_st1|rand_475	3.310280154378583
Kocak_st1|rand_476	3.187083238239061
Kocak_st1|rand_477	3.4765757950638556
Kocak_st1|rand_478	3.4419299866802455
Kocak_st1|rand_479	3.4361852988976325
Kocak_st1|rand_480	3.148981631824356
Kocak_st1|rand_481	3.389580211917738
Kocak_st1|rand_482	3.6054540252844314
Kocak_st1|rand_483	3.343330017080002
Kocak_st1|rand_484	3.4741276072193945
Kocak_st1|rand_485	3.3767742091333326
Kocak_st1|rand_486	3.4216556406019296
Kocak_st1|rand_487	3.150094915184653
Kocak_st1|rand_488	3.2742786061470324
Kocak_st1|rand_489	3.528240914355485
Kocak_st1|rand_490	3.23332933082824
Kocak_st1|rand_491	3.5582146395466157
Kocak_st1|rand_492	3.448987867744594
Kocak_st1|rand_493	3.3247613601658657
Kocak_st1|rand_494	3.5347414413433693
Kocak_st1|rand_495	3.5159584887923248
Kocak_st1|rand_496	3.6030195289000218
Kocak_st1|rand_497	3.2081696286602877
Kocak_st1|rand_498	3.560819626955763
Kocak_st1|rand_499	3.6052985037392355
Kocak_st1|rand_500	3.1504630333249946
Kocak_st1|rand_501	3.4628845811133995
Kocak_st1|rand_502	3.604163131591149
Kocak_st1|rand_503	3.177690982041091
Kocak_st1|rand_504	3.432403201028087
Kocak_st1|rand_505	3.3177725043562587
Kocak_st1|rand_506	3.1071673755661946
Kocak_st1|rand_507	3.233916600528943
Kocak_st1|rand_508	3.369128521772641
Kocak_st1|rand_509	3.1629870918444656
Kocak_st1|rand_510	3.4330551923168526
Kocak_st1|rand_511	3.217802009066152
Kocak_st1|rand_512	3.44648184250736
Kocak_st1|rand_513	3.418595236163652
Kocak_st1|rand_514	3.379088213869414
Kocak_st1|rand_515	3.415998473197639
Kocak_st1|rand_516	3.183288976441868
Kocak_st1|rand_517	3.2777327857482272
Kocak_st1|rand_518	3.5364761262405793
Kocak_st1|rand_519	3.2073018183501523
Kocak_st1|rand_520	3.3902230637038264
Kocak_st1|rand_521	3.7244931080999355
Kocak_st1|rand_522	3.5195919088693683
Kocak_st1|rand_523	3.616312800182058
Kocak_st1|rand_524	3.3973854715301113
Kocak_st1|rand_525	3.1769041310303527
Kocak_st1|rand_526	3.3142042984331916
Kocak_st1|rand_527	3.469577788245454
Kocak_st1|rand_528	3.4703086668951157
Kocak_st1|rand_529	3.5011438442588068
Kocak_st1|rand_530	3.4399298573320363
Kocak_st1|rand_531	3.289211304803537
Kocak_st1|rand_532	3.536465676582726
Kocak_st1|rand_533	3.254282479687837
Kocak_st1|rand_534	3.490266745504966
Kocak_st1|rand_535	3.390236671674597
Kocak_st1|rand_536	3.3086350226060683
Kocak_st1|rand_537	3.407858037476708
Kocak_st1|rand_538	3.3233509303818587
Kocak_st1|rand_539	3.538543651669118
Kocak_st1|rand_540	3.4037009577355617
Kocak_st1|rand_541	3.16704735623982
Kocak_st1|rand_542	3.179903027349864
Kocak_st1|rand_543	3.629324679367159
Kocak_st1|rand_544	3.5605419091146286
Kocak_st1|rand_545	3.1098752026827725
Kocak_st1|rand_546	3.2316238176841754
Kocak_st1|rand_547	3.765570202222347
Kocak_st1|rand_548	3.576432899683143
Kocak_st1|rand_549	3.489275319838065
Kocak_st1|rand_550	3.4255454635488762
Kocak_st1|rand_551	3.601980539016455
Kocak_st1|rand_552	3.2474704504492067
Kocak_st1|rand_553	3.670549281255163
Kocak_st1|rand_554	3.667736705959686
Kocak_st1|rand_555	3.640550608822599
Kocak_st1|rand_556	3.3401137126878946
Kocak_st1|rand_557	3.4434883046836036
Kocak_st1|rand_558	3.2368021443986223
Kocak_st1|rand_559	3.319432048389426
Kocak_st1|rand_560	3.554444703974743
Kocak_st1|rand_561	3.589104479835081
Kocak_st1|rand_562	3.391266425186437
Kocak_st1|rand_563	3.4055484715784146
Kocak_st1|rand_564	3.318000050890807
Kocak_st1|rand_565	3.377137299090717
Kocak_st1|rand_566	3.457357059936139
Kocak_st1|rand_567	3.542122110002686
Kocak_st1|rand_568	3.5207758552374036
Kocak_st1|rand_569	3.345216453965336
Kocak_st1|rand_570	3.379285025070337
Kocak_st1|rand_571	3.2275828126530146
Kocak_st1|rand_572	3.8130567136135207
Kocak_st1|rand_573	3.4386550377878526
Kocak_st1|rand_574	3.605637124462964
Kocak_st1|rand_575	3.2996605175001874
Kocak_st1|rand_576	3.473112133794628
Kocak_st1|rand_577	3.4816175662993527
Kocak_st1|rand_578	3.5411375936791356
Kocak_st1|rand_579	3.413054870739965
Kocak_st1|rand_580	3.6856417371473666
Kocak_st1|rand_581	3.5744942081877347
Kocak_st1|rand_582	3.4225234149923267
Kocak_st1|rand_583	3.4807354615691817
Kocak_st1|rand_584	3.3098492348586475
Kocak_st1|rand_585	3.4687653547544888
Kocak_st1|rand_586	3.525527719254151
Kocak_st1|rand_587	3.3707018415450367
Kocak_st1|rand_588	3.3681753907409178
Kocak_st1|rand_589	3.6401605850478247
Kocak_st1|rand_590	3.3422344229617553
Kocak_st1|rand_591	3.558381681005201
Kocak_st1|rand_592	3.5298753735448547
Kocak_st1|rand_593	3.5613962407892013
Kocak_st1|rand_594	3.555997097082846
Kocak_st1|rand_595	3.5039139553296543
Kocak_st1|rand_596	3.62930838101376
Kocak_st1|rand_597	3.530935852630219
Kocak_st1|rand_598	3.6346931343261613
Kocak_st1|rand_599	3.2731661192924775
Kocak_st1|rand_600	3.6564119534930812
Kocak_st1|rand_601	3.363140332848243
Kocak_st1|rand_602	3.370006559824754
Kocak_st1|rand_603	3.730288033944162
Kocak_st1|rand_604	3.7053221549705406
Kocak_st1|rand_605	3.2700720747787093
Kocak_st1|rand_606	3.4306548284673815
Kocak_st1|rand_607	3.647265264622862
Kocak_st1|rand_608	3.1185740704137093
Kocak_st1|rand_609	3.2643146076076675
Kocak_st1|rand_610	3.185659330278571
Kocak_st1|rand_611	3.5099308235641886
Kocak_st1|rand_612	3.2890826423015533
Kocak_st1|rand_613	3.370387977331014
Kocak_st1|rand_614	3.367407836113406
Kocak_st1|rand_615	3.3566099623424286
Kocak_st1|rand_616	3.78934746042449
Kocak_st1|rand_617	3.7282707967123327
Kocak_st1|rand_618	3.230693662811093
Kocak_st1|rand_619	3.5103858286571548
Kocak_st1|rand_620	3.5021645474535625
Kocak_st1|rand_621	3.4363971971241765
Kocak_st1|rand_622	3.3388323580027914
Kocak_st1|rand_623	3.391380087868134
Kocak_st1|rand_624	3.533892298931495
Kocak_st1|rand_625	3.1089939585723623
Kocak_st1|rand_626	3.3814175448465686
Kocak_st1|rand_627	3.6098775046265565
Kocak_st1|rand_628	3.0255431284966314
Kocak_st1|rand_629	3.3422599063359364
Kocak_st1|rand_630	3.291900256039526
Kocak_st1|rand_631	3.3663292436346373
Kocak_st1|rand_632	3.6457221624595113
Kocak_st1|rand_633	3.5048342939523907
Kocak_st1|rand_634	3.550316233248486
Kocak_st1|rand_635	3.3054476722514776
Kocak_st1|rand_636	3.5182838805685366
Kocak_st1|rand_637	3.6972419667031646
Kocak_st1|rand_638	3.2614055603055094
Kocak_st1|rand_639	3.232055461014079
Kocak_st1|rand_640	3.3132814642718698
Kocak_st1|rand_641	3.1122144638171743
Kocak_st1|rand_642	3.3392517375408755
Kocak_st1|rand_643	3.3946293081102175
Kocak_st1|rand_644	3.606224834401398
Kocak_st1|rand_645	3.1832279811061657
Kocak_st1|rand_646	3.308547373456557
Kocak_st1|rand_647	3.4924938262659464
Kocak_st1|rand_648	3.413648628343123
Kocak_st1|rand_649	3.425853942514342
Kocak_st1|rand_650	3.1362121790895334
Kocak_st1|rand_651	3.3005761369012383
Kocak_st1|rand_652	3.5888551529012007
Kocak_st1|rand_653	3.7389349991832814
Kocak_st1|rand_654	3.484227799207723
Kocak_st1|rand_655	3.1029273901324874
Kocak_st1|rand_656	3.4723396372313
Kocak_st1|rand_657	3.6316392419199985
Kocak_st1|rand_658	3.6063231934132047
Kocak_st1|rand_659	3.2924073254982456
Kocak_st1|rand_660	3.5720081458162034
Kocak_st1|rand_661	3.599968575239487
Kocak_st1|rand_662	3.3775551385062155
Kocak_st1|rand_663	3.2211157058821507
Kocak_st1|rand_664	3.3691302091804527
Kocak_st1|rand_665	3.4023936913178336
Kocak_st1|rand_666	3.2441473274240185
Kocak_st1|rand_667	3.369504661301803
Kocak_st1|rand_668	3.4583125980182245
Kocak_st1|rand_669	3.605485047642072
Kocak_st1|rand_670	3.7165892621932928
Kocak_st1|rand_671	3.1932525237710454
Kocak_st1|rand_672	3.549340834954206
Kocak_st1|rand_673	3.7804322129660552
Kocak_st1|rand_674	3.164991104815141
Kocak_st1|rand_675	3.397669170455226
Kocak_st1|rand_676	3.2782370471892404
Kocak_st1|rand_677	3.560930057118931
Kocak_st1|rand_678	3.4585370553378225
Kocak_st1|rand_679	3.551788386520742
Kocak_st1|rand_680	3.906205915537527
Kocak_st1|rand_681	3.0678328829921653
Kocak_st1|rand_682	3.126393017025809
Kocak_st1|rand_683	3.3635038537030986
Kocak_st1|rand_684	3.3638068431573087
Kocak_st1|rand_685	3.5422513200021895
Kocak_st1|rand_686	3.5619382242319895
Kocak_st1|rand_687	3.35808642532027
Kocak_st1|rand_688	3.3810981496282397
Kocak_st1|rand_689	3.7940290448527745
Kocak_st1|rand_690	3.3871746369603652
Kocak_st1|rand_691	3.500905750548552
Kocak_st1|rand_692	3.4105090646096445
Kocak_st1|rand_693	3.498559560432409
Kocak_st1|rand_694	3.5956550669569833
Kocak_st1|rand_695	3.488359081257015
Kocak_st1|rand_696	3.565866944796351
Kocak_st1|rand_697	3.652689715232482
Kocak_st1|rand_698	3.5898819469848475
Kocak_st1|rand_699	3.4795708676729196
Kocak_st1|rand_700	3.8249607496424387
Kocak_st1|rand_701	3.478685027270322
Kocak_st1|rand_702	3.4637585584586175
Kocak_st1|rand_703	3.2561656541064115
Kocak_st1|rand_704	2.9631108456788717
Kocak_st1|rand_705	3.5091925538874604
Kocak_st1|rand_706	3.2671363417620363
Kocak_st1|rand_707	3.567863261005259
Kocak_st1|rand_708	3.497449189553381
Kocak_st1|rand_709	3.0318714821390813
Kocak_st1|rand_710	3.1687106849817535
Kocak_st1|rand_711	3.2899234958668995
Kocak_st1|rand_712	3.2290262483884655
Kocak_st1|rand_713	3.4335502825196493
Kocak_st1|rand_714	3.0995457306886016
Kocak_st1|rand_715	3.838196649671819
Kocak_st1|rand_716	3.43757247568997
Kocak_st1|rand_717	3.287704159755837
Kocak_st1|rand_718	3.5441547187071927
Kocak_st1|rand_719	3.5458046053284127
Kocak_st1|rand_720	3.56275236217106
Kocak_st1|rand_721	3.453822192789297
Kocak_st1|rand_722	3.294438251633739
Kocak_st1|rand_723	3.238709461572917
Kocak_st1|rand_724	3.2415692869609676
Kocak_st1|rand_725	3.3363735060783744
Kocak_st1|rand_726	3.617202246843563
Kocak_st1|rand_727	3.366319201408109
Kocak_st1|rand_728	3.539946543947758
Kocak_st1|rand_729	3.1151874549642486
Kocak_st1|rand_730	3.6448742195676544
Kocak_st1|rand_731	3.7909410808598794
Kocak_st1|rand_732	3.2952571854586554
Kocak_st1|rand_733	3.553173192190984
Kocak_st1|rand_734	3.4387420493160255
Kocak_st1|rand_735	3.347888232406356
Kocak_st1|rand_736	3.561742941698004
Kocak_st1|rand_737	3.8131156443740597
Kocak_st1|rand_738	3.4897446901640823
Kocak_st1|rand_739	3.5926705177614333
Kocak_st1|rand_740	3.252612559759282
Kocak_st1|rand_741	3.684280619820431
Kocak_st1|rand_742	3.2133414142803898
Kocak_st1|rand_743	3.5547325782699413
Kocak_st1|rand_744	3.940155686787682
Kocak_st1|rand_745	3.314190464840065
Kocak_st1|rand_746	3.6459476937815496
Kocak_st1|rand_747	3.4333172455798406
Kocak_st1|rand_748	3.4917920620230563
Kocak_st1|rand_749	3.67202876753362
Kocak_st1|rand_750	3.4581917995135147
Kocak_st1|rand_751	3.1796844897014176
Kocak_st1|rand_752	3.386916129277915
Kocak_st1|rand_753	3.286624077769662
Kocak_st1|rand_754	3.4963364019809657
Kocak_st1|rand_755	3.349844742098236
Kocak_st1|rand_756	3.5297418621853933
Kocak_st1|rand_757	3.3969126121811573
Kocak_st1|rand_758	3.6346879931581855
Kocak_st1|rand_759	3.3604542434004157
Kocak_st1|rand_760	3.3694361456481476
Kocak_st1|rand_761	3.437467554367754
Kocak_st1|rand_762	3.356969133884775
Kocak_st1|rand_763	3.3524871623773502
Kocak_st1|rand_764	3.256430625160445
Kocak_st1|rand_765	3.447477364604304
Kocak_st1|rand_766	3.3067332058700707
Kocak_st1|rand_767	3.5692928136700677
Kocak_st1|rand_768	3.3669655651106223
Kocak_st1|rand_769	3.3464144382455956
Kocak_st1|rand_770	3.233650322477444
Kocak_st1|rand_771	3.5848632973602053
Kocak_st1|rand_772	3.2773348031948872
Kocak_st1|rand_773	3.6094515473194693
Kocak_st1|rand_774	3.564564245491922
Kocak_st1|rand_775	3.394370685865072
Kocak_st1|rand_776	2.855101459508055
Kocak_st1|rand_777	3.8210552805434324
Kocak_st1|rand_778	3.317619101520699
Kocak_st1|rand_779	3.52438904319312
Kocak_st1|rand_780	3.86868248331212
Kocak_st1|rand_781	3.3981475248836954
Kocak_st1|rand_782	3.424869137387641
Kocak_st1|rand_783	3.4023082228772896
Kocak_st1|rand_784	3.4673444619639477
Kocak_st1|rand_785	3.543414210277552
Kocak_st1|rand_786	3.048160673252106
Kocak_st1|rand_787	3.3954195157478475
Kocak_st1|rand_788	3.484999147247797
Kocak_st1|rand_789	3.6293773822924114
Kocak_st1|rand_790	3.2821781292763546
Kocak_st1|rand_791	3.3586695011359553
Kocak_st1|rand_792	3.248600170898822
Kocak_st1|rand_793	3.642325631252128
Kocak_st1|rand_794	3.364033461423892
Kocak_st1|rand_795	3.204637075613582
Kocak_st1|rand_796	3.2409448417509354
Kocak_st1|rand_797	3.304609820209583
Kocak_st1|rand_798	3.348563783610238
Kocak_st1|rand_799	3.2322994961740887
Kocak_st1|rand_800	3.139615081703099
Kocak_st1|rand_801	3.5517140791959414
Kocak_st1|rand_802	3.5328496274251124
Kocak_st1|rand_803	3.3894483466153362
Kocak_st1|rand_804	3.3781114425469747
Kocak_st1|rand_805	3.5920505251979504
Kocak_st1|rand_806	3.591290843582276
Kocak_st1|rand_807	3.637885044717791
Kocak_st1|rand_808	3.373888033873656
Kocak_st1|rand_809	3.3263232676129455
Kocak_st1|rand_810	3.2858395505161258
Kocak_st1|rand_811	3.480827586371464
Kocak_st1|rand_812	3.442502110187058
Kocak_st1|rand_813	3.5585570455082105
Kocak_st1|rand_814	3.363127285037634
Kocak_st1|rand_815	3.4427571734096243
Kocak_st1|rand_816	3.5038931581146007
Kocak_st1|rand_817	3.4953983874508494
Kocak_st1|rand_818	3.5077915334401455
Kocak_st1|rand_819	3.8013955001441246
Kocak_st1|rand_820	3.4592281649107255
Kocak_st1|rand_821	3.3020027434864465
Kocak_st1|rand_822	3.392643106740037
Kocak_st1|rand_823	3.25518899701864
Kocak_st1|rand_824	3.2345663891066065
Kocak_st1|rand_825	3.667842870747764
Kocak_st1|rand_826	3.4223466052313607
Kocak_st1|rand_827	3.485875546840428
Kocak_st1|rand_828	3.257850106141978
Kocak_st1|rand_829	3.481915802332787
Kocak_st1|rand_830	3.6003903070203247
Kocak_st1|rand_831	3.7475248071182983
Kocak_st1|rand_832	2.8618426874905496
Kocak_st1|rand_833	3.4463151238116154
Kocak_st1|rand_834	3.4510295767086756
Kocak_st1|rand_835	3.369652701584508
Kocak_st1|rand_836	3.53557160288725
Kocak_st1|rand_837	3.3841016119234744
Kocak_st1|rand_838	3.4582703988364187
Kocak_st1|rand_839	3.657849400107289
Kocak_st1|rand_840	3.423171921340261
Kocak_st1|rand_841	3.5052207615912434
Kocak_st1|rand_842	3.131771337530677
Kocak_st1|rand_843	3.1938791246475433
Kocak_st1|rand_844	3.4554112685300806
Kocak_st1|rand_845	3.5973156975067093
Kocak_st1|rand_846	3.5121839983998857
Kocak_st1|rand_847	3.38845240362749
Kocak_st1|rand_848	3.3603248195536457
Kocak_st1|rand_849	3.498990270497786
Kocak_st1|rand_850	3.03555629223824
Kocak_st1|rand_851	3.451119916725331
Kocak_st1|rand_852	3.4109174279136028
Kocak_st1|rand_853	3.7155200777311865
Kocak_st1|rand_854	3.641114640050272
Kocak_st1|rand_855	3.4160542515922443
Kocak_st1|rand_856	3.406368176105534
Kocak_st1|rand_857	3.2856039619224675
Kocak_st1|rand_858	3.5102821143677727
Kocak_st1|rand_859	3.4543966582457295
Kocak_st1|rand_860	3.5716204548353794
Kocak_st1|rand_861	3.6115915794039113
Kocak_st1|rand_862	3.0831003980920135
Kocak_st1|rand_863	3.772795974736097
Kocak_st1|rand_864	3.51600151845829
Kocak_st1|rand_865	3.349257146398026
Kocak_st1|rand_866	3.3164573208184445
Kocak_st1|rand_867	3.5736515788746828
Kocak_st1|rand_868	3.4336245831767225
Kocak_st1|rand_869	3.2754972617263265
Kocak_st1|rand_870	3.4002988710370516
Kocak_st1|rand_871	3.3994796405396746
Kocak_st1|rand_872	3.4990311369447205
Kocak_st1|rand_873	3.4874945781362254
Kocak_st1|rand_874	3.455771732311873
Kocak_st1|rand_875	3.4063518873685856
Kocak_st1|rand_876	3.54609339685371
Kocak_st1|rand_877	3.4795456075444533
Kocak_st1|rand_878	3.3492465041909334
Kocak_st1|rand_879	3.476986144294702
Kocak_st1|rand_880	3.4714846112970394
Kocak_st1|rand_881	3.4839839203194343
Kocak_st1|rand_882	3.7337106702690335
Kocak_st1|rand_883	3.3225624929601287
Kocak_st1|rand_884	3.464356556643899
Kocak_st1|rand_885	3.6858116039996762
Kocak_st1|rand_886	3.9481112717517366
Kocak_st1|rand_887	3.509408556550288
Kocak_st1|rand_888	3.3197102724492535
Kocak_st1|rand_889	3.60677755726391
Kocak_st1|rand_890	3.3357229928398477
Kocak_st1|rand_891	3.4084492915419466
Kocak_st1|rand_892	3.296359126606335
Kocak_st1|rand_893	3.2601233463602117
Kocak_st1|rand_894	3.5633557016630335
Kocak_st1|rand_895	3.3156308312243006
Kocak_st1|rand_896	3.488515174956311
Kocak_st1|rand_897	3.6712895741474902
Kocak_st1|rand_898	3.4343553940295064
Kocak_st1|rand_899	3.3983976299193035
Kocak_st1|rand_900	3.3665114488613237
Kocak_st1|rand_901	3.583627343908928
Kocak_st1|rand_902	3.4573845531652196
Kocak_st1|rand_903	3.4628490408500543
Kocak_st1|rand_904	3.5583664265431447
Kocak_st1|rand_905	3.512165234203299
Kocak_st1|rand_906	3.520225086528308
Kocak_st1|rand_907	3.422620156513802
Kocak_st1|rand_908	3.330179610422633
Kocak_st1|rand_909	3.1452343134189675
Kocak_st1|rand_910	3.158756812846215
Kocak_st1|rand_911	3.6074139987263933
Kocak_st1|rand_912	3.690593074639059
Kocak_st1|rand_913	3.806062294606835
Kocak_st1|rand_914	3.7486297732530676
Kocak_st1|rand_915	3.3492763735832343
Kocak_st1|rand_916	3.3104094872208076
Kocak_st1|rand_917	3.3734780697204236
Kocak_st1|rand_918	3.5103013873241697
Kocak_st1|rand_919	3.4254221990754767
Kocak_st1|rand_920	3.5229981095951586
Kocak_st1|rand_921	3.479970630130518
Kocak_st1|rand_922	3.4735915642547304
Kocak_st1|rand_923	3.252073693088859
Kocak_st1|rand_924	3.3383327751849987
Kocak_st1|rand_925	3.1775302573835393
Kocak_st1|rand_926	2.9305088072010306
Kocak_st1|rand_927	3.2950149936612196
Kocak_st1|rand_928	3.4811615705058148
Kocak_st1|rand_929	3.392762963332352
Kocak_st1|rand_930	3.34689703581458
Kocak_st1|rand_931	3.3385447845616634
Kocak_st1|rand_932	3.431047206039448
Kocak_st1|rand_933	3.1591873863973956
Kocak_st1|rand_934	3.459492867145991
Kocak_st1|rand_935	2.971773108751033
Kocak_st1|rand_936	3.5683267576423154
Kocak_st1|rand_937	3.6765243779575982
Kocak_st1|rand_938	3.4988304882023757
Kocak_st1|rand_939	3.317596855923065
Kocak_st1|rand_940	3.6355040110251413
Kocak_st1|rand_941	3.4791528349668037
Kocak_st1|rand_942	3.379590561404199
Kocak_st1|rand_943	3.7849059987791627
Kocak_st1|rand_944	3.640995465312984
Kocak_st1|rand_945	3.2970236625299223
Kocak_st1|rand_946	3.592003106222953
Kocak_st1|rand_947	3.2618890193382475
Kocak_st1|rand_948	3.3902530939763715
Kocak_st1|rand_949	3.3073642535831618
Kocak_st1|rand_950	3.5426410479833246
Kocak_st1|rand_951	3.427837394222865
Kocak_st1|rand_952	3.4152832696496342
Kocak_st1|rand_953	3.454716371713059
Kocak_st1|rand_954	3.3602640533132426
Kocak_st1|rand_955	3.2783737453151134
Kocak_st1|rand_956	3.4160640947893732
Kocak_st1|rand_957	3.680224790698034
Kocak_st1|rand_958	3.5862126391479268
Kocak_st1|rand_959	3.56107392674325
Kocak_st1|rand_960	3.0801964813773117
Kocak_st1|rand_961	3.2556141916518544
Kocak_st1|rand_962	3.546249150221043
Kocak_st1|rand_963	3.3524731269378956
Kocak_st1|rand_964	3.715862206511608
Kocak_st1|rand_965	3.2989177896570374
Kocak_st1|rand_966	3.3943519296798983
Kocak_st1|rand_967	3.217018002520691
Kocak_st1|rand_968	3.558226845307039
Kocak_st1|rand_969	3.5186760042031766
Kocak_st1|rand_970	3.372995491350119
Kocak_st1|rand_971	3.5642174234714257
Kocak_st1|rand_972	3.553991750535721
Kocak_st1|rand_973	3.44815733379161
Kocak_st1|rand_974	3.795234710520458
Kocak_st1|rand_975	3.6283860357152022
Kocak_st1|rand_976	3.4729696521247786
Kocak_st1|rand_977	3.3184526340759986
Kocak_st1|rand_978	3.4582786839417547
Kocak_st1|rand_979	3.5432272175300574
Kocak_st1|rand_980	3.3081172687530858
Kocak_st1|rand_981	3.5026870635294136
Kocak_st1|rand_982	3.1846508638059308
Kocak_st1|rand_983	3.732491038949048
Kocak_st1|rand_984	3.43293760806251
Kocak_st1|rand_985	3.6922070788464723
Kocak_st1|rand_986	3.5137722611064808
Kocak_st1|rand_987	3.5031324240643773
Kocak_st1|rand_988	3.3181385359499354
Kocak_st1|rand_989	3.517040328683699
Kocak_st1|rand_990	3.4856199878762246
Kocak_st1|rand_991	3.494836650353035
Kocak_st1|rand_992	3.3100670214859766
Kocak_st1|rand_993	3.451445170185312
Kocak_st1|rand_994	2.9831311240428717
Kocak_st1|rand_995	3.0854267317281288
Kocak_st1|rand_996	3.452179323557989
Kocak_st1|rand_997	3.214855421874237
Kocak_st1|rand_998	3.205963443366066
Kocak_st1|rand_999	3.6624196737945054
Kocak_st1|rand_1000	3.6819324212707936
Kocak_st2|rand_1	3.439324353545879
Kocak_st2|rand_2	3.5830660088525157
Kocak_st2|rand_3	3.54055544468241
Kocak_st2|rand_4	3.603325316540243
Kocak_st2|rand_5	3.534486836803865
Kocak_st2|rand_6	3.465352249678111
Kocak_st2|rand_7	3.4514260767658356
Kocak_st2|rand_8	3.1507774247455593
Kocak_st2|rand_9	3.5170603627093073
Kocak_st2|rand_10	3.511464893688921
Kocak_st2|rand_11	3.6280221304471563
Kocak_st2|rand_12	3.75333833476117
Kocak_st2|rand_13	3.2383276526731293
Kocak_st2|rand_14	3.48147023392435
Kocak_st2|rand_15	3.0236286439672275
Kocak_st2|rand_16	3.2557448047404236
Kocak_st2|rand_17	3.3335600365029214
Kocak_st2|rand_18	3.5428518050280347
Kocak_st2|rand_19	3.527546470047238
Kocak_st2|rand_20	3.5764220722137425
Kocak_st2|rand_21	3.5772162035087676
Kocak_st2|rand_22	3.780078650973144
Kocak_st2|rand_23	3.8949006787943548
Kocak_st2|rand_24	3.2580888666504935
Kocak_st2|rand_25	3.603739537814981
Kocak_st2|rand_26	3.498167461028822
Kocak_st2|rand_27	3.699390638271544
Kocak_st2|rand_28	3.604659528076458
Kocak_st2|rand_29	3.488941013385405
Kocak_st2|rand_30	3.4486062368312753
Kocak_st2|rand_31	3.4547232491181386
Kocak_st2|rand_32	3.6075643047501837
Kocak_st2|rand_33	3.7596691517847627
Kocak_st2|rand_34	3.459724324984427
Kocak_st2|rand_35	3.6258400558682236
Kocak_st2|rand_36	3.5086089708568275
Kocak_st2|rand_37	3.5525311827848913
Kocak_st2|rand_38	3.6516197859641797
Kocak_st2|rand_39	3.2273390729317626
Kocak_st2|rand_40	3.1538820822412577
Kocak_st2|rand_41	3.3758883126336467
Kocak_st2|rand_42	3.5767613762830655
Kocak_st2|rand_43	3.2757586444950593
Kocak_st2|rand_44	3.651839004005132
Kocak_st2|rand_45	3.324594735129505
Kocak_st2|rand_46	3.3522989174781044
Kocak_st2|rand_47	3.6214409453173473
Kocak_st2|rand_48	3.138863655186087
Kocak_st2|rand_49	3.79339337830592
Kocak_st2|rand_50	3.4080926713812185
Kocak_st2|rand_51	3.7436922443541656
Kocak_st2|rand_52	3.797274996110009
Kocak_st2|rand_53	3.853389007482015
Kocak_st2|rand_54	3.4728607476612448
Kocak_st2|rand_55	4.093704588924445
Kocak_st2|rand_56	3.024603660654412
Kocak_st2|rand_57	3.4007478209525237
Kocak_st2|rand_58	3.165370664966424
Kocak_st2|rand_59	3.287119305669278
Kocak_st2|rand_60	3.4447109999493595
Kocak_st2|rand_61	3.4649881843134267
Kocak_st2|rand_62	3.6542160528607535
Kocak_st2|rand_63	3.4206955557306307
Kocak_st2|rand_64	3.5139725121032304
Kocak_st2|rand_65	3.752031073066909
Kocak_st2|rand_66	3.5746989854125215
Kocak_st2|rand_67	3.8066693225234896
Kocak_st2|rand_68	3.304099178929731
Kocak_st2|rand_69	3.624640632163748
Kocak_st2|rand_70	3.363805995187286
Kocak_st2|rand_71	3.309928260450638
Kocak_st2|rand_72	3.687202071832606
Kocak_st2|rand_73	3.2634591696248347
Kocak_st2|rand_74	3.550078285721564
Kocak_st2|rand_75	3.7240976887346884
Kocak_st2|rand_76	3.242958124645851
Kocak_st2|rand_77	3.9384765347547375
Kocak_st2|rand_78	3.382290466114517
Kocak_st2|rand_79	3.5598616832938985
Kocak_st2|rand_80	3.78254129656493
Kocak_st2|rand_81	3.33253119457406
Kocak_st2|rand_82	3.5139517130018825
Kocak_st2|rand_83	3.5871502004542157
Kocak_st2|rand_84	3.7063111200498766
Kocak_st2|rand_85	3.6333035606048827
Kocak_st2|rand_86	3.4369738412566675
Kocak_st2|rand_87	3.3488042273769407
Kocak_st2|rand_88	3.6402120725315146
Kocak_st2|rand_89	3.3419079166216683
Kocak_st2|rand_90	3.2187813417216504
Kocak_st2|rand_91	3.3684979525761274
Kocak_st2|rand_92	3.3783817423265323
Kocak_st2|rand_93	3.612055182889495
Kocak_st2|rand_94	3.580170565711243
Kocak_st2|rand_95	3.687517583263879
Kocak_st2|rand_96	3.437776288062514
Kocak_st2|rand_97	3.391392067503951
Kocak_st2|rand_98	3.6479342201463973
Kocak_st2|rand_99	3.417844208667745
Kocak_st2|rand_100	3.3010122924140277
Kocak_st2|rand_101	3.6580417747243104
Kocak_st2|rand_102	3.4858136536142226
Kocak_st2|rand_103	3.609091502504647
Kocak_st2|rand_104	3.8847566584003004
Kocak_st2|rand_105	3.7858011631095185
Kocak_st2|rand_106	3.392638946982245
Kocak_st2|rand_107	3.7060005954197575
Kocak_st2|rand_108	3.332706892117469
Kocak_st2|rand_109	3.48158905091527
Kocak_st2|rand_110	3.3942040435035468
Kocak_st2|rand_111	3.3620383968929177
Kocak_st2|rand_112	3.6088572538545085
Kocak_st2|rand_113	3.59957017306105
Kocak_st2|rand_114	3.5615557669392186
Kocak_st2|rand_115	3.0304410194347047
Kocak_st2|rand_116	3.534826663593868
Kocak_st2|rand_117	3.566296475335827
Kocak_st2|rand_118	3.2060482972714635
Kocak_st2|rand_119	3.4784753306092653
Kocak_st2|rand_120	3.4093036014684306
Kocak_st2|rand_121	3.257130057274048
Kocak_st2|rand_122	3.758119443112932
Kocak_st2|rand_123	3.6822939372525543
Kocak_st2|rand_124	3.428414265993636
Kocak_st2|rand_125	3.2433254465478494
Kocak_st2|rand_126	3.890265511418131
Kocak_st2|rand_127	3.5097793559466566
Kocak_st2|rand_128	3.510234275740248
Kocak_st2|rand_129	3.0320465834441914
Kocak_st2|rand_130	3.5354841810638606
Kocak_st2|rand_131	3.2295387159096243
Kocak_st2|rand_132	3.2544385066043726
Kocak_st2|rand_133	3.9105277673649637
Kocak_st2|rand_134	3.5562938237329758
Kocak_st2|rand_135	3.585294794073988
Kocak_st2|rand_136	3.828719893950769
Kocak_st2|rand_137	3.206105546864161
Kocak_st2|rand_138	3.5946710391298384
Kocak_st2|rand_139	3.509286890398592
Kocak_st2|rand_140	3.3729132551202485
Kocak_st2|rand_141	3.627468672099369
Kocak_st2|rand_142	3.8473380106309305
Kocak_st2|rand_143	3.5526276450268606
Kocak_st2|rand_144	3.199337441963667
Kocak_st2|rand_145	3.7777019702632573
Kocak_st2|rand_146	3.36432800074313
Kocak_st2|rand_147	3.8744236135924552
Kocak_st2|rand_148	3.2522821528744585
Kocak_st2|rand_149	3.6106527384675458
Kocak_st2|rand_150	3.6597928899930747
Kocak_st2|rand_151	3.611103761670168
Kocak_st2|rand_152	3.3810830875515485
Kocak_st2|rand_153	3.532449535632786
Kocak_st2|rand_154	3.4555131523978275
Kocak_st2|rand_155	3.521982046369938
Kocak_st2|rand_156	3.5476536920165187
Kocak_st2|rand_157	3.574678649309062
Kocak_st2|rand_158	3.447163975762509
Kocak_st2|rand_159	3.536246497221793
Kocak_st2|rand_160	3.440548353049326
Kocak_st2|rand_161	3.5725681245108287
Kocak_st2|rand_162	3.727179655201758
Kocak_st2|rand_163	3.597193852601515
Kocak_st2|rand_164	3.3442479116007897
Kocak_st2|rand_165	3.6077658512145554
Kocak_st2|rand_166	3.369159417954738
Kocak_st2|rand_167	3.553244585183603
Kocak_st2|rand_168	3.550544112164357
Kocak_st2|rand_169	3.6157159410650133
Kocak_st2|rand_170	3.5450351410752172
Kocak_st2|rand_171	3.5067544601573752
Kocak_st2|rand_172	3.880590918924079
Kocak_st2|rand_173	3.3271718757124593
Kocak_st2|rand_174	3.496297537717407
Kocak_st2|rand_175	3.189748896451953
Kocak_st2|rand_176	3.4570992412715307
Kocak_st2|rand_177	3.324424370585142
Kocak_st2|rand_178	3.5125579128678512
Kocak_st2|rand_179	3.346083176848401
Kocak_st2|rand_180	3.4538739130316287
Kocak_st2|rand_181	2.990890152998465
Kocak_st2|rand_182	3.4510486340817383
Kocak_st2|rand_183	3.6198108692101636
Kocak_st2|rand_184	3.4251774969448343
Kocak_st2|rand_185	3.7609079737323965
Kocak_st2|rand_186	3.0056920861735197
Kocak_st2|rand_187	3.4742680806721515
Kocak_st2|rand_188	3.4446700390900062
Kocak_st2|rand_189	3.3784410718969644
Kocak_st2|rand_190	3.4867185641744216
Kocak_st2|rand_191	3.5085122717845643
Kocak_st2|rand_192	3.4917693446818796
Kocak_st2|rand_193	3.5266985677303557
Kocak_st2|rand_194	3.5727807951492196
Kocak_st2|rand_195	3.190438695526682
Kocak_st2|rand_196	3.893317112704229
Kocak_st2|rand_197	3.524324785485876
Kocak_st2|rand_198	3.304852463939516
Kocak_st2|rand_199	3.7048010250479044
Kocak_st2|rand_200	3.2734990329516602
Kocak_st2|rand_201	3.648403824838456
Kocak_st2|rand_202	3.3986284579196053
Kocak_st2|rand_203	3.6035087147093594
Kocak_st2|rand_204	3.313658998378065
Kocak_st2|rand_205	3.4612854177968324
Kocak_st2|rand_206	3.483192600388371
Kocak_st2|rand_207	3.3755274623089977
Kocak_st2|rand_208	3.757752395605827
Kocak_st2|rand_209	3.8249162497811953
Kocak_st2|rand_210	3.466716029842689
Kocak_st2|rand_211	3.395382513300912
Kocak_st2|rand_212	3.472490929696755
Kocak_st2|rand_213	3.734407316706373
Kocak_st2|rand_214	3.3921374077873057
Kocak_st2|rand_215	3.7108799933146064
Kocak_st2|rand_216	3.2906385110798384
Kocak_st2|rand_217	3.7060927546189406
Kocak_st2|rand_218	3.402930873606924
Kocak_st2|rand_219	3.773548458029181
Kocak_st2|rand_220	3.61115114068611
Kocak_st2|rand_221	3.2837005429565194
Kocak_st2|rand_222	3.7985017044043166
Kocak_st2|rand_223	3.528255782770125
Kocak_st2|rand_224	3.4619890543619922
Kocak_st2|rand_225	3.2735444589850657
Kocak_st2|rand_226	3.6569828512592637
Kocak_st2|rand_227	3.4575608492639764
Kocak_st2|rand_228	3.5448590197115397
Kocak_st2|rand_229	3.4797643935091527
Kocak_st2|rand_230	3.6637316227388323
Kocak_st2|rand_231	3.429819120246941
Kocak_st2|rand_232	3.4584418339314387
Kocak_st2|rand_233	3.3798709579651285
Kocak_st2|rand_234	3.2996027169801785
Kocak_st2|rand_235	3.4228896870059407
Kocak_st2|rand_236	3.401360451446155
Kocak_st2|rand_237	3.5776224406907158
Kocak_st2|rand_238	3.631156828816774
Kocak_st2|rand_239	3.67081827324969
Kocak_st2|rand_240	3.7035772307937056
Kocak_st2|rand_241	3.5494790183888894
Kocak_st2|rand_242	3.5263791097773134
Kocak_st2|rand_243	3.428744557625699
Kocak_st2|rand_244	3.4517780439967316
Kocak_st2|rand_245	3.454401824204005
Kocak_st2|rand_246	3.4574824119362217
Kocak_st2|rand_247	3.4786682641329345
Kocak_st2|rand_248	3.6389640858522854
Kocak_st2|rand_249	3.673939929606106
Kocak_st2|rand_250	3.3926454114025333
Kocak_st2|rand_251	3.884516424616487
Kocak_st2|rand_252	3.2773728913721594
Kocak_st2|rand_253	3.483131230868973
Kocak_st2|rand_254	3.948999442510591
Kocak_st2|rand_255	3.056396150892695
Kocak_st2|rand_256	3.5190660543672245
Kocak_st2|rand_257	3.465718688840773
Kocak_st2|rand_258	3.1475121495038043
Kocak_st2|rand_259	2.768245584246538
Kocak_st2|rand_260	3.270227745246166
Kocak_st2|rand_261	3.623623895928504
Kocak_st2|rand_262	3.529083888015015
Kocak_st2|rand_263	3.540483267649559
Kocak_st2|rand_264	3.269141655151638
Kocak_st2|rand_265	3.3788126069736424
Kocak_st2|rand_266	3.5530461525979358
Kocak_st2|rand_267	3.207528823951907
Kocak_st2|rand_268	3.520529994582043
Kocak_st2|rand_269	3.5637023410589213
Kocak_st2|rand_270	3.6932086426390986
Kocak_st2|rand_271	3.721037767409199
Kocak_st2|rand_272	3.643667107591116
Kocak_st2|rand_273	3.3112901667744294
Kocak_st2|rand_274	3.7328570801082117
Kocak_st2|rand_275	3.5238504148821095
Kocak_st2|rand_276	3.071983987330135
Kocak_st2|rand_277	3.507039252686782
Kocak_st2|rand_278	3.792141303757341
Kocak_st2|rand_279	3.264222292865015
Kocak_st2|rand_280	3.088485843087635
Kocak_st2|rand_281	3.3017823683990466
Kocak_st2|rand_282	3.598172189171145
Kocak_st2|rand_283	3.430400656943766
Kocak_st2|rand_284	3.368505948950833
Kocak_st2|rand_285	3.546995634538608
Kocak_st2|rand_286	3.3518691920145294
Kocak_st2|rand_287	3.5387548605706924
Kocak_st2|rand_288	3.5901366396551677
Kocak_st2|rand_289	3.54798240698068
Kocak_st2|rand_290	3.4944483654739606
Kocak_st2|rand_291	3.1592204810102342
Kocak_st2|rand_292	4.0899744068979595
Kocak_st2|rand_293	3.721091220500666
Kocak_st2|rand_294	3.5977772728117805
Kocak_st2|rand_295	3.24626568918357
Kocak_st2|rand_296	3.5282305036272965
Kocak_st2|rand_297	3.4702720799296354
Kocak_st2|rand_298	3.5264231652468436
Kocak_st2|rand_299	3.2583176647402277
Kocak_st2|rand_300	3.549528542049413
Kocak_st2|rand_301	3.7413763495713313
Kocak_st2|rand_302	3.426986535513003
Kocak_st2|rand_303	3.295799115611133
Kocak_st2|rand_304	3.6860936665426967
Kocak_st2|rand_305	3.54974656755873
Kocak_st2|rand_306	3.8947614208257084
Kocak_st2|rand_307	3.606929227796842
Kocak_st2|rand_308	3.6365967829912704
Kocak_st2|rand_309	3.317758328826567
Kocak_st2|rand_310	3.5153671358638254
Kocak_st2|rand_311	3.3676829627726113
Kocak_st2|rand_312	3.714096660587962
Kocak_st2|rand_313	3.6510377730071135
Kocak_st2|rand_314	3.5186492132524063
Kocak_st2|rand_315	3.683851561165838
Kocak_st2|rand_316	3.3271157830189475
Kocak_st2|rand_317	3.5943579494198925
Kocak_st2|rand_318	3.744666249432599
Kocak_st2|rand_319	3.583448158881935
Kocak_st2|rand_320	3.079615405185048
Kocak_st2|rand_321	4.036622494739799
Kocak_st2|rand_322	3.6616114890950513
Kocak_st2|rand_323	3.370147447835939
Kocak_st2|rand_324	3.829590228105712
Kocak_st2|rand_325	3.5510179981664005
Kocak_st2|rand_326	3.639571508039801
Kocak_st2|rand_327	3.5698529169511586
Kocak_st2|rand_328	3.2342607358163757
Kocak_st2|rand_329	3.7652243556006217
Kocak_st2|rand_330	3.172927957054608
Kocak_st2|rand_331	3.371892698326687
Kocak_st2|rand_332	3.5222694994348
Kocak_st2|rand_333	3.41922077182874
Kocak_st2|rand_334	3.766483701184738
Kocak_st2|rand_335	3.6983777767416997
Kocak_st2|rand_336	3.430664324365866
Kocak_st2|rand_337	3.491710322392291
Kocak_st2|rand_338	3.5404974039386135
Kocak_st2|rand_339	3.894012225682486
Kocak_st2|rand_340	3.5603456840762746
Kocak_st2|rand_341	3.5707899445701434
Kocak_st2|rand_342	3.7007962348774486
Kocak_st2|rand_343	3.7483293291278885
Kocak_st2|rand_344	3.043472621825226
Kocak_st2|rand_345	3.650548913247849
Kocak_st2|rand_346	3.3377999331007926
Kocak_st2|rand_347	3.5296125670276455
Kocak_st2|rand_348	3.2221831941788928
Kocak_st2|rand_349	3.3845539255720976
Kocak_st2|rand_350	3.6621803577201333
Kocak_st2|rand_351	3.455248518888145
Kocak_st2|rand_352	3.348375075846288
Kocak_st2|rand_353	3.3548224134350346
Kocak_st2|rand_354	3.3894711106438615
Kocak_st2|rand_355	3.653527575806817
Kocak_st2|rand_356	3.34039461755533
Kocak_st2|rand_357	3.3038348654059058
Kocak_st2|rand_358	3.2657199496104248
Kocak_st2|rand_359	3.3220369165361667
Kocak_st2|rand_360	3.4780038079177844
Kocak_st2|rand_361	3.733153645514114
Kocak_st2|rand_362	3.4029577254890966
Kocak_st2|rand_363	3.5868632680960633
Kocak_st2|rand_364	3.4014073527345023
Kocak_st2|rand_365	3.4499593931809804
Kocak_st2|rand_366	3.2930121609360476
Kocak_st2|rand_367	3.4137357633725984
Kocak_st2|rand_368	3.436114379966136
Kocak_st2|rand_369	3.7092408908211967
Kocak_st2|rand_370	3.8295605597814
Kocak_st2|rand_371	3.696733248692508
Kocak_st2|rand_372	3.702318489309289
Kocak_st2|rand_373	3.3965453599829525
Kocak_st2|rand_374	3.6693980069055447
Kocak_st2|rand_375	3.271820215604783
Kocak_st2|rand_376	3.5453593375732337
Kocak_st2|rand_377	3.6432262292199833
Kocak_st2|rand_378	3.747869948032837
Kocak_st2|rand_379	3.0173672508821254
Kocak_st2|rand_380	2.8855850953989175
Kocak_st2|rand_381	3.1379814447346313
Kocak_st2|rand_382	3.466960208411024
Kocak_st2|rand_383	3.3600431656017653
Kocak_st2|rand_384	3.2561612893877876
Kocak_st2|rand_385	3.6210072072520667
Kocak_st2|rand_386	3.4965755295091476
Kocak_st2|rand_387	3.6619766095473496
Kocak_st2|rand_388	3.526692186768921
Kocak_st2|rand_389	3.4103807831078847
Kocak_st2|rand_390	3.4780153975050183
Kocak_st2|rand_391	3.4535211601247657
Kocak_st2|rand_392	3.3931264529210723
Kocak_st2|rand_393	3.5267532633018472
Kocak_st2|rand_394	3.5193158186877618
Kocak_st2|rand_395	3.403996423584702
Kocak_st2|rand_396	3.532753012317824
Kocak_st2|rand_397	3.738496637365781
Kocak_st2|rand_398	3.702548245326307
Kocak_st2|rand_399	3.7967742170597916
Kocak_st2|rand_400	3.7585277165606694
Kocak_st2|rand_401	3.32689979034209
Kocak_st2|rand_402	3.5381724437797524
Kocak_st2|rand_403	3.7904707525479173
Kocak_st2|rand_404	3.5255274019965563
Kocak_st2|rand_405	3.5807280290998458
Kocak_st2|rand_406	3.483170058695877
Kocak_st2|rand_407	3.3302328650490964
Kocak_st2|rand_408	3.591953385279876
Kocak_st2|rand_409	3.493196172394954
Kocak_st2|rand_410	3.3674966687039123
Kocak_st2|rand_411	3.411430949063373
Kocak_st2|rand_412	3.4858927604656955
Kocak_st2|rand_413	3.659526799325462
Kocak_st2|rand_414	3.4067964226194545
Kocak_st2|rand_415	3.5857340208658264
Kocak_st2|rand_416	3.242364904322229
Kocak_st2|rand_417	3.4604864792364354
Kocak_st2|rand_418	3.561927455071469
Kocak_st2|rand_419	3.6712858692814576
Kocak_st2|rand_420	3.2723853314143545
Kocak_st2|rand_421	3.870107834489998
Kocak_st2|rand_422	3.2861904491463503
Kocak_st2|rand_423	3.608110355800581
Kocak_st2|rand_424	3.4346783057287054
Kocak_st2|rand_425	3.867712938038921
Kocak_st2|rand_426	3.684067707111749
Kocak_st2|rand_427	3.595197261490624
Kocak_st2|rand_428	3.6289902079638017
Kocak_st2|rand_429	3.1625499068826417
Kocak_st2|rand_430	3.2324066123376585
Kocak_st2|rand_431	3.3932048391140377
Kocak_st2|rand_432	3.2745371734239686
Kocak_st2|rand_433	3.444959303225677
Kocak_st2|rand_434	3.433952733994289
Kocak_st2|rand_435	3.5618842159705104
Kocak_st2|rand_436	3.4943671686793727
Kocak_st2|rand_437	3.519672591670268
Kocak_st2|rand_438	3.541127413159228
Kocak_st2|rand_439	3.4845613533536697
Kocak_st2|rand_440	3.2292896461565643
Kocak_st2|rand_441	3.551936780025362
Kocak_st2|rand_442	3.65201999732215
Kocak_st2|rand_443	3.5629389092544104
Kocak_st2|rand_444	3.4943422349312248
Kocak_st2|rand_445	3.29587694938639
Kocak_st2|rand_446	3.7795408633579504
Kocak_st2|rand_447	3.557626577598487
Kocak_st2|rand_448	3.422181642415533
Kocak_st2|rand_449	3.2885774805484975
Kocak_st2|rand_450	3.313272951372665
Kocak_st2|rand_451	3.4850888933258735
Kocak_st2|rand_452	3.6651891509062056
Kocak_st2|rand_453	3.6235258169504814
Kocak_st2|rand_454	3.537373685153189
Kocak_st2|rand_455	3.316712757967668
Kocak_st2|rand_456	3.4633322578829437
Kocak_st2|rand_457	3.563344403015881
Kocak_st2|rand_458	3.3825871675374337
Kocak_st2|rand_459	3.3707496932445564
Kocak_st2|rand_460	3.822517605985994
Kocak_st2|rand_461	3.267885826300108
Kocak_st2|rand_462	3.7144197413010676
Kocak_st2|rand_463	3.303597172201046
Kocak_st2|rand_464	3.4295495815145474
Kocak_st2|rand_465	3.6182958567192394
Kocak_st2|rand_466	3.2868656018025657
Kocak_st2|rand_467	3.54777074746222
Kocak_st2|rand_468	3.0561012417445537
Kocak_st2|rand_469	3.4919366006726
Kocak_st2|rand_470	3.5760738696093486
Kocak_st2|rand_471	3.3641312793262315
Kocak_st2|rand_472	3.5204181151316583
Kocak_st2|rand_473	3.5820373074594962
Kocak_st2|rand_474	3.547589500572924
Kocak_st2|rand_475	3.392785083101673
Kocak_st2|rand_476	3.2997071117205308
Kocak_st2|rand_477	3.552718813821056
Kocak_st2|rand_478	3.5518490300131282
Kocak_st2|rand_479	3.4956741748541726
Kocak_st2|rand_480	3.052503723310368
Kocak_st2|rand_481	3.4531043053929884
Kocak_st2|rand_482	3.8202539553597643
Kocak_st2|rand_483	3.44325697015419
Kocak_st2|rand_484	3.5077196444072465
Kocak_st2|rand_485	3.4339906207215245
Kocak_st2|rand_486	3.622859561371383
Kocak_st2|rand_487	3.318473913992532
Kocak_st2|rand_488	3.4066499902026552
Kocak_st2|rand_489	3.6947835383300007
Kocak_st2|rand_490	3.2969081509536577
Kocak_st2|rand_491	3.5251989479153933
Kocak_st2|rand_492	3.2604375169504007
Kocak_st2|rand_493	3.4143061434666815
Kocak_st2|rand_494	3.5446995580659224
Kocak_st2|rand_495	3.3367475843857375
Kocak_st2|rand_496	3.598010650319274
Kocak_st2|rand_497	3.3083002545253644
Kocak_st2|rand_498	3.5549018925585685
Kocak_st2|rand_499	3.6364549322659956
Kocak_st2|rand_500	3.346597985415873
Kocak_st2|rand_501	3.58638624904744
Kocak_st2|rand_502	3.555275461918717
Kocak_st2|rand_503	3.0462856295003102
Kocak_st2|rand_504	3.6428119860917203
Kocak_st2|rand_505	3.4791694893943124
Kocak_st2|rand_506	3.516449985851593
Kocak_st2|rand_507	3.305009530105584
Kocak_st2|rand_508	3.6787653021313833
Kocak_st2|rand_509	3.0889214240226766
Kocak_st2|rand_510	3.574347483035091
Kocak_st2|rand_511	3.0658768860061834
Kocak_st2|rand_512	3.85327699127519
Kocak_st2|rand_513	3.6567114728545445
Kocak_st2|rand_514	3.3773847617726758
Kocak_st2|rand_515	3.606503198231266
Kocak_st2|rand_516	3.140182345552344
Kocak_st2|rand_517	3.4989212712761995
Kocak_st2|rand_518	3.7060404736803947
Kocak_st2|rand_519	3.2106844854448418
Kocak_st2|rand_520	3.4538308359977306
Kocak_st2|rand_521	3.677120573548771
Kocak_st2|rand_522	3.5301175692362268
Kocak_st2|rand_523	3.4048286081909804
Kocak_st2|rand_524	3.5600255078028944
Kocak_st2|rand_525	3.425354969441945
Kocak_st2|rand_526	3.484560797823267
Kocak_st2|rand_527	3.6825536928344977
Kocak_st2|rand_528	3.494452084294643
Kocak_st2|rand_529	3.7629723151656305
Kocak_st2|rand_530	3.5634679310623123
Kocak_st2|rand_531	3.4702538642803487
Kocak_st2|rand_532	3.6650724905244907
Kocak_st2|rand_533	3.4733913898278423
Kocak_st2|rand_534	3.6620439800521742
Kocak_st2|rand_535	3.72807281282036
Kocak_st2|rand_536	3.550822218996978
Kocak_st2|rand_537	3.6036752607649607
Kocak_st2|rand_538	3.4856666287634477
Kocak_st2|rand_539	3.4747046743060155
Kocak_st2|rand_540	3.3102307039330485
Kocak_st2|rand_541	3.119102160821762
Kocak_st2|rand_542	3.075190662258275
Kocak_st2|rand_543	3.650267701481274
Kocak_st2|rand_544	3.4944072975346416
Kocak_st2|rand_545	3.2747729341644054
Kocak_st2|rand_546	3.220770385051239
Kocak_st2|rand_547	3.8690836105663875
Kocak_st2|rand_548	3.8103037707566783
Kocak_st2|rand_549	3.601926675586211
Kocak_st2|rand_550	3.384654551200559
Kocak_st2|rand_551	3.639518571720311
Kocak_st2|rand_552	3.1049526609275238
Kocak_st2|rand_553	3.7606934161433925
Kocak_st2|rand_554	3.719125777159507
Kocak_st2|rand_555	3.6308760903428805
Kocak_st2|rand_556	3.422817778708712
Kocak_st2|rand_557	3.4520800730188834
Kocak_st2|rand_558	3.451523066102054
Kocak_st2|rand_559	3.458245535998653
Kocak_st2|rand_560	3.6965747889234617
Kocak_st2|rand_561	3.6231529997007828
Kocak_st2|rand_562	3.423777882175665
Kocak_st2|rand_563	3.477378451546231
Kocak_st2|rand_564	3.378364937561892
Kocak_st2|rand_565	3.5698840517380312
Kocak_st2|rand_566	3.5224718982520025
Kocak_st2|rand_567	3.774149663412983
Kocak_st2|rand_568	3.702666791029612
Kocak_st2|rand_569	3.281137564174473
Kocak_st2|rand_570	3.152295594826963
Kocak_st2|rand_571	3.3454907920657644
Kocak_st2|rand_572	3.791549099508286
Kocak_st2|rand_573	3.642438773955282
Kocak_st2|rand_574	3.68078168050664
Kocak_st2|rand_575	3.4794246518921654
Kocak_st2|rand_576	3.498514031753569
Kocak_st2|rand_577	3.4819762573114734
Kocak_st2|rand_578	3.493754226231392
Kocak_st2|rand_579	3.818829181670939
Kocak_st2|rand_580	3.738055187906407
Kocak_st2|rand_581	3.750230612689188
Kocak_st2|rand_582	3.554992267154352
Kocak_st2|rand_583	3.5124377320423257
Kocak_st2|rand_584	3.5166871322377506
Kocak_st2|rand_585	3.7857363960060435
Kocak_st2|rand_586	3.3949414848431556
Kocak_st2|rand_587	3.6084041166827956
Kocak_st2|rand_588	3.6674480334575614
Kocak_st2|rand_589	3.8162308741855764
Kocak_st2|rand_590	3.380306824808016
Kocak_st2|rand_591	3.5788502087617444
Kocak_st2|rand_592	3.598055405412763
Kocak_st2|rand_593	3.6046663854382057
Kocak_st2|rand_594	3.58584452597669
Kocak_st2|rand_595	3.3173489518514727
Kocak_st2|rand_596	3.567273426953806
Kocak_st2|rand_597	3.6919888348795786
Kocak_st2|rand_598	3.7135444020822717
Kocak_st2|rand_599	3.30056577898587
Kocak_st2|rand_600	3.6975786398292887
Kocak_st2|rand_601	3.5451981440325833
Kocak_st2|rand_602	3.5705571302549823
Kocak_st2|rand_603	3.82831485406388
Kocak_st2|rand_604	3.7098736769619296
Kocak_st2|rand_605	3.4035638451374712
Kocak_st2|rand_606	3.6300224476863674
Kocak_st2|rand_607	3.645477469703989
Kocak_st2|rand_608	3.1985437635271037
Kocak_st2|rand_609	3.2409498599590116
Kocak_st2|rand_610	3.5208119406462925
Kocak_st2|rand_611	3.566412953912349
Kocak_st2|rand_612	3.522594937744754
Kocak_st2|rand_613	3.435840334399096
Kocak_st2|rand_614	3.631612260685255
Kocak_st2|rand_615	3.2797123507319554
Kocak_st2|rand_616	3.6576059917440245
Kocak_st2|rand_617	3.7217981140627154
Kocak_st2|rand_618	3.3531632301025174
Kocak_st2|rand_619	3.320740499470514
Kocak_st2|rand_620	3.5050394907654994
Kocak_st2|rand_621	3.64103929154509
Kocak_st2|rand_622	3.4124807173463476
Kocak_st2|rand_623	3.598012066900617
Kocak_st2|rand_624	3.7936452854954172
Kocak_st2|rand_625	3.271099789546285
Kocak_st2|rand_626	3.3803536903569094
Kocak_st2|rand_627	3.6955257952199756
Kocak_st2|rand_628	3.0345689287257334
Kocak_st2|rand_629	3.346161630494525
Kocak_st2|rand_630	3.377770869132729
Kocak_st2|rand_631	3.360499449330763
Kocak_st2|rand_632	3.6487469997201596
Kocak_st2|rand_633	3.6409621385469277
Kocak_st2|rand_634	3.5720572598862153
Kocak_st2|rand_635	3.3485366303573993
Kocak_st2|rand_636	3.5440840508209295
Kocak_st2|rand_637	3.8088401801916656
Kocak_st2|rand_638	3.507830408049129
Kocak_st2|rand_639	3.2355661471367667
Kocak_st2|rand_640	3.2071196210042823
Kocak_st2|rand_641	3.3688604416309236
Kocak_st2|rand_642	3.3345064885528815
Kocak_st2|rand_643	3.5235527861276896
Kocak_st2|rand_644	3.8043909583996074
Kocak_st2|rand_645	3.108396749948177
Kocak_st2|rand_646	3.4422138129401803
Kocak_st2|rand_647	3.415753187364451
Kocak_st2|rand_648	3.6325810405139474
Kocak_st2|rand_649	3.363473799938576
Kocak_st2|rand_650	3.2514540359990365
Kocak_st2|rand_651	3.5827169237093552
Kocak_st2|rand_652	3.6433647585035676
Kocak_st2|rand_653	3.655230293077963
Kocak_st2|rand_654	3.7588116443789805
Kocak_st2|rand_655	3.3559565820833033
Kocak_st2|rand_656	3.6154275483586873
Kocak_st2|rand_657	3.5526781949810364
Kocak_st2|rand_658	3.609074076784215
Kocak_st2|rand_659	3.3045576805155066
Kocak_st2|rand_660	3.5074036042397774
Kocak_st2|rand_661	3.5057364808718936
Kocak_st2|rand_662	3.4534118919884262
Kocak_st2|rand_663	3.4852398073684134
Kocak_st2|rand_664	3.3487235287271133
Kocak_st2|rand_665	3.4395850985826844
Kocak_st2|rand_666	3.5332730960851966
Kocak_st2|rand_667	3.441523186147727
Kocak_st2|rand_668	3.4716627315619935
Kocak_st2|rand_669	3.5910569832257715
Kocak_st2|rand_670	3.692795336264588
Kocak_st2|rand_671	3.32407287227841
Kocak_st2|rand_672	3.6041285473777007
Kocak_st2|rand_673	3.6633441546583776
Kocak_st2|rand_674	3.3015423051666324
Kocak_st2|rand_675	3.579370181724406
Kocak_st2|rand_676	3.5500280694998954
Kocak_st2|rand_677	3.5159633152860446
Kocak_st2|rand_678	3.42222052127525
Kocak_st2|rand_679	3.606315890791338
Kocak_st2|rand_680	4.106402540270505
Kocak_st2|rand_681	3.1744163253686155
Kocak_st2|rand_682	3.4458526057155723
Kocak_st2|rand_683	3.2251812746954283
Kocak_st2|rand_684	3.3804989061062267
Kocak_st2|rand_685	4.083758708511862
Kocak_st2|rand_686	3.547188953535388
Kocak_st2|rand_687	3.280812400591061
Kocak_st2|rand_688	3.7443378378034553
Kocak_st2|rand_689	3.7774297140402022
Kocak_st2|rand_690	3.671982477849404
Kocak_st2|rand_691	3.5102829047452326
Kocak_st2|rand_692	3.505188718080136
Kocak_st2|rand_693	3.431783221841671
Kocak_st2|rand_694	3.5513959345706168
Kocak_st2|rand_695	3.5459445009802852
Kocak_st2|rand_696	3.5660449196641832
Kocak_st2|rand_697	3.855169632050228
Kocak_st2|rand_698	3.6114461007547125
Kocak_st2|rand_699	3.799570241503227
Kocak_st2|rand_700	3.890685461236327
Kocak_st2|rand_701	3.299342414852078
Kocak_st2|rand_702	3.587195333915465
Kocak_st2|rand_703	3.382203698477679
Kocak_st2|rand_704	3.222479392664728
Kocak_st2|rand_705	3.400004016428818
Kocak_st2|rand_706	3.3603350355374606
Kocak_st2|rand_707	3.4133511698870507
Kocak_st2|rand_708	3.6242028821288743
Kocak_st2|rand_709	3.205288616861752
Kocak_st2|rand_710	3.4631409358596863
Kocak_st2|rand_711	3.364189251288555
Kocak_st2|rand_712	3.448340767207154
Kocak_st2|rand_713	3.3523160315161267
Kocak_st2|rand_714	3.0691032897363195
Kocak_st2|rand_715	3.786895226564955
Kocak_st2|rand_716	3.6133714232405354
Kocak_st2|rand_717	3.2609486896871145
Kocak_st2|rand_718	3.5201953355330486
Kocak_st2|rand_719	3.8350642128562393
Kocak_st2|rand_720	3.5454808719517357
Kocak_st2|rand_721	3.484544076929374
Kocak_st2|rand_722	3.5496719287500347
Kocak_st2|rand_723	3.2858737887512253
Kocak_st2|rand_724	3.688496779967128
Kocak_st2|rand_725	3.398681371375787
Kocak_st2|rand_726	3.7271678793187863
Kocak_st2|rand_727	3.423282576699302
Kocak_st2|rand_728	3.687253935545529
Kocak_st2|rand_729	3.123746323530688
Kocak_st2|rand_730	3.7801409603648146
Kocak_st2|rand_731	3.8260229925184257
Kocak_st2|rand_732	3.4985045016598977
Kocak_st2|rand_733	3.3434675726725254
Kocak_st2|rand_734	3.4054315700367153
Kocak_st2|rand_735	3.7241692320986686
Kocak_st2|rand_736	4.006035117119906
Kocak_st2|rand_737	3.866450821643517
Kocak_st2|rand_738	3.781808435902441
Kocak_st2|rand_739	3.8729307776596764
Kocak_st2|rand_740	3.430711506999825
Kocak_st2|rand_741	3.6151225826729445
Kocak_st2|rand_742	3.153351983330922
Kocak_st2|rand_743	3.3400245583141395
Kocak_st2|rand_744	3.706635991086994
Kocak_st2|rand_745	3.39182142485705
Kocak_st2|rand_746	3.6385278190190284
Kocak_st2|rand_747	3.6239962829026124
Kocak_st2|rand_748	3.698957874808212
Kocak_st2|rand_749	3.6562472048233032
Kocak_st2|rand_750	3.6975691995761726
Kocak_st2|rand_751	3.375558584533232
Kocak_st2|rand_752	3.666729035871337
Kocak_st2|rand_753	3.3633314275516546
Kocak_st2|rand_754	3.426932000031733
Kocak_st2|rand_755	3.3371428094480375
Kocak_st2|rand_756	3.711938889478462
Kocak_st2|rand_757	3.265814746255624
Kocak_st2|rand_758	3.8847338757504013
Kocak_st2|rand_759	3.224060927529736
Kocak_st2|rand_760	3.4767401721956728
Kocak_st2|rand_761	3.5069657686603075
Kocak_st2|rand_762	3.3703077457954733
Kocak_st2|rand_763	3.6803141906948955
Kocak_st2|rand_764	3.4328418989928644
Kocak_st2|rand_765	3.601097204268789
Kocak_st2|rand_766	3.419870813145564
Kocak_st2|rand_767	3.6036125682039675
Kocak_st2|rand_768	3.326951788100716
Kocak_st2|rand_769	3.303159822233318
Kocak_st2|rand_770	3.362668298335765
Kocak_st2|rand_771	3.6993943023493783
Kocak_st2|rand_772	3.4225462517824403
Kocak_st2|rand_773	3.796636633943271
Kocak_st2|rand_774	3.36620126029796
Kocak_st2|rand_775	3.343281140984479
Kocak_st2|rand_776	2.884916000911497
Kocak_st2|rand_777	3.910790160903517
Kocak_st2|rand_778	3.3987437761844568
Kocak_st2|rand_779	3.790332352964568
Kocak_st2|rand_780	3.727841273464821
Kocak_st2|rand_781	3.379386047703367
Kocak_st2|rand_782	3.3681830295493524
Kocak_st2|rand_783	3.378042845470499
Kocak_st2|rand_784	3.6059442517729083
Kocak_st2|rand_785	3.521677272239677
Kocak_st2|rand_786	3.155496001758119
Kocak_st2|rand_787	3.686252111526306
Kocak_st2|rand_788	3.4622922611843534
Kocak_st2|rand_789	3.6893475718712905
Kocak_st2|rand_790	3.3823281020784397
Kocak_st2|rand_791	3.5130073830484494
Kocak_st2|rand_792	3.034940972848315
Kocak_st2|rand_793	3.6112228693708075
Kocak_st2|rand_794	3.2919955985354266
Kocak_st2|rand_795	3.348577001710679
Kocak_st2|rand_796	3.207253399515033
Kocak_st2|rand_797	3.434784653758263
Kocak_st2|rand_798	3.324376268170503
Kocak_st2|rand_799	3.264335022743439
Kocak_st2|rand_800	3.3430455656646614
Kocak_st2|rand_801	3.773162532933938
Kocak_st2|rand_802	3.7085561623693484
Kocak_st2|rand_803	3.5516132908053146
Kocak_st2|rand_804	3.4871916886191614
Kocak_st2|rand_805	3.6897547161465645
Kocak_st2|rand_806	3.6283783348300545
Kocak_st2|rand_807	3.7106995745905267
Kocak_st2|rand_808	3.4484656986978486
Kocak_st2|rand_809	3.3973148887370157
Kocak_st2|rand_810	3.436269920577559
Kocak_st2|rand_811	3.7049728250658234
Kocak_st2|rand_812	3.591283095905252
Kocak_st2|rand_813	3.5184384924603824
Kocak_st2|rand_814	3.536584217951782
Kocak_st2|rand_815	3.549553969623263
Kocak_st2|rand_816	3.7427608408010125
Kocak_st2|rand_817	3.6777946166972413
Kocak_st2|rand_818	3.686421826484669
Kocak_st2|rand_819	3.9990161730379103
Kocak_st2|rand_820	3.504587170225433
Kocak_st2|rand_821	3.361482055138851
Kocak_st2|rand_822	3.364970266706182
Kocak_st2|rand_823	3.5067344448837927
Kocak_st2|rand_824	3.6142261145928543
Kocak_st2|rand_825	3.773598121299458
Kocak_st2|rand_826	3.4558914030117798
Kocak_st2|rand_827	3.836169259117873
Kocak_st2|rand_828	3.469564816102119
Kocak_st2|rand_829	3.6466201310175714
Kocak_st2|rand_830	3.60878556283595
Kocak_st2|rand_831	3.8695285502935732
Kocak_st2|rand_832	3.152695616078092
Kocak_st2|rand_833	3.47892210388361
Kocak_st2|rand_834	3.3949103704880503
Kocak_st2|rand_835	3.5192746975707254
Kocak_st2|rand_836	3.5278301082380614
Kocak_st2|rand_837	3.318537438454225
Kocak_st2|rand_838	3.602468213469045
Kocak_st2|rand_839	3.7461989374672386
Kocak_st2|rand_840	3.668227353095385
Kocak_st2|rand_841	3.551187439054907
Kocak_st2|rand_842	3.083819877896678
Kocak_st2|rand_843	3.390361676608258
Kocak_st2|rand_844	3.5747642523551435
Kocak_st2|rand_845	3.6174340412143797
Kocak_st2|rand_846	3.590717792690289
Kocak_st2|rand_847	3.4119382462971006
Kocak_st2|rand_848	3.386146887055665
Kocak_st2|rand_849	3.65031057859013
Kocak_st2|rand_850	3.315208037547533
Kocak_st2|rand_851	3.4168189531117825
Kocak_st2|rand_852	3.5719601023626075
Kocak_st2|rand_853	3.7241966230215855
Kocak_st2|rand_854	3.5897011462540576
Kocak_st2|rand_855	3.47362302945179
Kocak_st2|rand_856	3.3281546275093783
Kocak_st2|rand_857	3.3467799980376065
Kocak_st2|rand_858	3.494282107627715
Kocak_st2|rand_859	3.589474279163133
Kocak_st2|rand_860	3.5513990600747576
Kocak_st2|rand_861	3.7385270468943292
Kocak_st2|rand_862	3.5198624991266043
Kocak_st2|rand_863	3.8880723941325606
Kocak_st2|rand_864	3.478177950716493
Kocak_st2|rand_865	3.3776796111722347
Kocak_st2|rand_866	3.216352792755522
Kocak_st2|rand_867	3.4737433692762605
Kocak_st2|rand_868	3.614587711793312
Kocak_st2|rand_869	3.528063134388369
Kocak_st2|rand_870	3.3230221490541023
Kocak_st2|rand_871	3.292755815611108
Kocak_st2|rand_872	3.6416292505673584
Kocak_st2|rand_873	3.7641425675378106
Kocak_st2|rand_874	3.709930512794484
Kocak_st2|rand_875	3.48530942590332
Kocak_st2|rand_876	3.7123367725946634
Kocak_st2|rand_877	3.6600350522099765
Kocak_st2|rand_878	3.649204229285242
Kocak_st2|rand_879	3.505695283623644
Kocak_st2|rand_880	3.418130098211587
Kocak_st2|rand_881	3.278265748129186
Kocak_st2|rand_882	3.602883336626336
Kocak_st2|rand_883	3.2948094000167236
Kocak_st2|rand_884	3.4226020239315273
Kocak_st2|rand_885	3.7849620623699782
Kocak_st2|rand_886	3.5541567596576438
Kocak_st2|rand_887	3.2924851772671606
Kocak_st2|rand_888	3.1936613117041
Kocak_st2|rand_889	3.7290776964067613
Kocak_st2|rand_890	3.478485958394941
Kocak_st2|rand_891	3.398003380524832
Kocak_st2|rand_892	3.375034060634461
Kocak_st2|rand_893	3.4421194737179595
Kocak_st2|rand_894	3.7449245916906126
Kocak_st2|rand_895	3.0366539977642706
Kocak_st2|rand_896	3.2524696552089445
Kocak_st2|rand_897	3.8107576570535224
Kocak_st2|rand_898	3.527512735433073
Kocak_st2|rand_899	3.4685686934812408
Kocak_st2|rand_900	3.6597848792489756
Kocak_st2|rand_901	3.683364343364777
Kocak_st2|rand_902	3.5551142845085715
Kocak_st2|rand_903	3.6807600277814276
Kocak_st2|rand_904	3.742468580432609
Kocak_st2|rand_905	3.4669093038158336
Kocak_st2|rand_906	3.609551283014649
Kocak_st2|rand_907	3.490489929591727
Kocak_st2|rand_908	3.879011784971718
Kocak_st2|rand_909	3.1668847311035724
Kocak_st2|rand_910	3.587742387359983
Kocak_st2|rand_911	3.5510309705051473
Kocak_st2|rand_912	3.516983677172171
Kocak_st2|rand_913	3.8183729104306283
Kocak_st2|rand_914	4.0003440835281046
Kocak_st2|rand_915	3.5028164431900293
Kocak_st2|rand_916	3.2754255715835128
Kocak_st2|rand_917	3.6221013087850857
Kocak_st2|rand_918	3.5251602307409677
Kocak_st2|rand_919	3.698253211004237
Kocak_st2|rand_920	3.498635354918838
Kocak_st2|rand_921	3.358752588631664
Kocak_st2|rand_922	3.577502427352778
Kocak_st2|rand_923	3.3001034211415914
Kocak_st2|rand_924	3.6557507359265586
Kocak_st2|rand_925	3.0719401713814802
Kocak_st2|rand_926	2.999643378603089
Kocak_st2|rand_927	3.364880719336924
Kocak_st2|rand_928	3.7577522654946813
Kocak_st2|rand_929	3.3258230738776673
Kocak_st2|rand_930	3.5336288547346255
Kocak_st2|rand_931	3.2364789774920837
Kocak_st2|rand_932	3.3464284395466004
Kocak_st2|rand_933	3.378290011402845
Kocak_st2|rand_934	3.383820543308558
Kocak_st2|rand_935	2.9765289464445654
Kocak_st2|rand_936	3.671323703017621
Kocak_st2|rand_937	3.731666091905711
Kocak_st2|rand_938	3.670399473429672
Kocak_st2|rand_939	3.2773629221156315
Kocak_st2|rand_940	3.7196046289945324
Kocak_st2|rand_941	3.3705267540890063
Kocak_st2|rand_942	3.328549155668147
Kocak_st2|rand_943	3.817088347314821
Kocak_st2|rand_944	3.9313850827187347
Kocak_st2|rand_945	3.2655778164664895
Kocak_st2|rand_946	3.4630734477845926
Kocak_st2|rand_947	3.4329022697685865
Kocak_st2|rand_948	3.51798866150817
Kocak_st2|rand_949	3.139779188275656
Kocak_st2|rand_950	3.4859683383699633
Kocak_st2|rand_951	3.3370852373539113
Kocak_st2|rand_952	3.4942388675009735
Kocak_st2|rand_953	3.402207392281041
Kocak_st2|rand_954	3.699181358337642
Kocak_st2|rand_955	3.256595572960688
Kocak_st2|rand_956	3.5168882654955795
Kocak_st2|rand_957	3.6221162566819354
Kocak_st2|rand_958	3.8146712646718766
Kocak_st2|rand_959	3.67423436637176
Kocak_st2|rand_960	3.4643188994413667
Kocak_st2|rand_961	3.256156953316632
Kocak_st2|rand_962	3.693324744855511
Kocak_st2|rand_963	3.528723325199624
Kocak_st2|rand_964	3.7710443664935567
Kocak_st2|rand_965	3.5415622166611866
Kocak_st2|rand_966	3.3451116375769314
Kocak_st2|rand_967	3.3277210163792534
Kocak_st2|rand_968	3.481146864500789
Kocak_st2|rand_969	3.5771012314308455
Kocak_st2|rand_970	3.365793391493879
Kocak_st2|rand_971	3.678303956413344
Kocak_st2|rand_972	3.590450306348592
Kocak_st2|rand_973	3.502630258154984
Kocak_st2|rand_974	3.8410495609121584
Kocak_st2|rand_975	3.7021726723846977
Kocak_st2|rand_976	3.4722729865352906
Kocak_st2|rand_977	3.417163292268646
Kocak_st2|rand_978	3.4343133118511373
Kocak_st2|rand_979	3.632297179188322
Kocak_st2|rand_980	3.469310271235373
Kocak_st2|rand_981	3.398143191658413
Kocak_st2|rand_982	3.1232077466795447
Kocak_st2|rand_983	3.7223885784737183
Kocak_st2|rand_984	3.2475142029898674
Kocak_st2|rand_985	3.706002737318744
Kocak_st2|rand_986	3.7228381077250914
Kocak_st2|rand_987	3.39999622685925
Kocak_st2|rand_988	3.2685132563895123
Kocak_st2|rand_989	3.59220090863688
Kocak_st2|rand_990	3.6298166746237275
Kocak_st2|rand_991	3.474158289873055
Kocak_st2|rand_992	3.253651965907377
Kocak_st2|rand_993	3.3951117885251216
Kocak_st2|rand_994	3.1318899686882773
Kocak_st2|rand_995	3.299423604473237
Kocak_st2|rand_996	3.543557313987926
Kocak_st2|rand_997	3.253119423332576
Kocak_st2|rand_998	3.5783423356419743
Kocak_st2|rand_999	3.699738407662867
Kocak_st2|rand_1000	3.5137983091983327
Kocak_st3|rand_1	3.5481875182404297
Kocak_st3|rand_2	3.481036271719081
Kocak_st3|rand_3	3.65288350616346
Kocak_st3|rand_4	3.5310280147194364
Kocak_st3|rand_5	3.6494117477177896
Kocak_st3|rand_6	3.5401841414104394
Kocak_st3|rand_7	3.4203951041557117
Kocak_st3|rand_8	3.2092317051115944
Kocak_st3|rand_9	3.821689051263804
Kocak_st3|rand_10	3.692991690319584
Kocak_st3|rand_11	3.66479085803035
Kocak_st3|rand_12	3.8848259565592524
Kocak_st3|rand_13	3.5009661475167646
Kocak_st3|rand_14	3.318408389605914
Kocak_st3|rand_15	3.3652992475740575
Kocak_st3|rand_16	3.4624843067972906
Kocak_st3|rand_17	3.669003587229535
Kocak_st3|rand_18	3.5116367733022082
Kocak_st3|rand_19	3.8604306773943917
Kocak_st3|rand_20	3.7809667013427877
Kocak_st3|rand_21	3.6056144406521735
Kocak_st3|rand_22	3.9839600461412346
Kocak_st3|rand_23	4.203149888524066
Kocak_st3|rand_24	3.1207033059858555
Kocak_st3|rand_25	3.48866337842651
Kocak_st3|rand_26	3.622229608201475
Kocak_st3|rand_27	3.953362476288174
Kocak_st3|rand_28	3.3718877100388163
Kocak_st3|rand_29	3.8185327181593083
Kocak_st3|rand_30	3.6495208994734223
Kocak_st3|rand_31	3.7985125581475674
Kocak_st3|rand_32	3.782634311247999
Kocak_st3|rand_33	3.773849500318319
Kocak_st3|rand_34	3.622664273678686
Kocak_st3|rand_35	3.308614532552912
Kocak_st3|rand_36	3.5854373419420136
Kocak_st3|rand_37	3.6630739738503935
Kocak_st3|rand_38	3.7740383497700103
Kocak_st3|rand_39	3.542113550896951
Kocak_st3|rand_40	3.308047919930357
Kocak_st3|rand_41	3.512256154544049
Kocak_st3|rand_42	3.7480352921041997
Kocak_st3|rand_43	3.419705198049033
Kocak_st3|rand_44	3.5625051600416513
Kocak_st3|rand_45	3.5741856794288354
Kocak_st3|rand_46	3.6522453418154543
Kocak_st3|rand_47	3.5257776387308732
Kocak_st3|rand_48	3.337412568054917
Kocak_st3|rand_49	3.8017485392077273
Kocak_st3|rand_50	3.649923519301096
Kocak_st3|rand_51	3.9482208476402514
Kocak_st3|rand_52	3.7995871038660165
Kocak_st3|rand_53	3.755068004987315
Kocak_st3|rand_54	3.6140353650532084
Kocak_st3|rand_55	3.9522888461999353
Kocak_st3|rand_56	3.1220707191189727
Kocak_st3|rand_57	3.6841303096350817
Kocak_st3|rand_58	3.322597513059803
Kocak_st3|rand_59	3.4757185085136673
Kocak_st3|rand_60	3.622469984683382
Kocak_st3|rand_61	3.611365498096575
Kocak_st3|rand_62	3.5708543127857024
Kocak_st3|rand_63	3.7282486399574717
Kocak_st3|rand_64	3.6781976727834294
Kocak_st3|rand_65	3.656058743325901
Kocak_st3|rand_66	3.54951229028493
Kocak_st3|rand_67	3.92965289892558
Kocak_st3|rand_68	3.3614212081134998
Kocak_st3|rand_69	3.6913763000866457
Kocak_st3|rand_70	3.40315609965456
Kocak_st3|rand_71	3.385580952890544
Kocak_st3|rand_72	3.6390008574363235
Kocak_st3|rand_73	3.732434644476714
Kocak_st3|rand_74	3.9157951332345995
Kocak_st3|rand_75	3.664172649887387
Kocak_st3|rand_76	3.38675170704986
Kocak_st3|rand_77	3.812625826782223
Kocak_st3|rand_78	3.6032773688584387
Kocak_st3|rand_79	3.6822382779700136
Kocak_st3|rand_80	3.860153056879759
Kocak_st3|rand_81	3.081713029568149
Kocak_st3|rand_82	3.6139601703533715
Kocak_st3|rand_83	3.830436152927797
Kocak_st3|rand_84	3.429453372255626
Kocak_st3|rand_85	3.704721247484272
Kocak_st3|rand_86	3.513505141441967
Kocak_st3|rand_87	3.4734573530593966
Kocak_st3|rand_88	3.678692203327958
Kocak_st3|rand_89	3.1437791928530077
Kocak_st3|rand_90	3.4435207840775535
Kocak_st3|rand_91	3.662788406329894
Kocak_st3|rand_92	3.437153214254166
Kocak_st3|rand_93	3.5211763465025996
Kocak_st3|rand_94	3.7771019585580805
Kocak_st3|rand_95	3.692249587360273
Kocak_st3|rand_96	3.6148430195836045
Kocak_st3|rand_97	3.2342433797780026
Kocak_st3|rand_98	3.528031596405668
Kocak_st3|rand_99	3.634917179429493
Kocak_st3|rand_100	3.6871906950200746
Kocak_st3|rand_101	3.6906175270142976
Kocak_st3|rand_102	3.4385491492470583
Kocak_st3|rand_103	3.6208932652936694
Kocak_st3|rand_104	3.952031312610573
Kocak_st3|rand_105	3.8743483999702204
Kocak_st3|rand_106	3.097400406353809
Kocak_st3|rand_107	3.538596768531868
Kocak_st3|rand_108	3.470315970107055
Kocak_st3|rand_109	3.5131145387110685
Kocak_st3|rand_110	3.5375347136404374
Kocak_st3|rand_111	3.295553553515586
Kocak_st3|rand_112	3.8883649331135426
Kocak_st3|rand_113	3.663481112790003
Kocak_st3|rand_114	3.6261904103794675
Kocak_st3|rand_115	3.1222213136631565
Kocak_st3|rand_116	3.8726527920022256
Kocak_st3|rand_117	3.7126512313830875
Kocak_st3|rand_118	3.385415422534615
Kocak_st3|rand_119	3.537911467776251
Kocak_st3|rand_120	3.5564106902378487
Kocak_st3|rand_121	3.349296205530847
Kocak_st3|rand_122	3.813203395674965
Kocak_st3|rand_123	3.666046171147222
Kocak_st3|rand_124	3.495949536829457
Kocak_st3|rand_125	3.3437533898219023
Kocak_st3|rand_126	3.857714125480894
Kocak_st3|rand_127	4.070439873589117
Kocak_st3|rand_128	3.4303037727575094
Kocak_st3|rand_129	3.3016628285679093
Kocak_st3|rand_130	3.5103852921949463
Kocak_st3|rand_131	3.391199906656614
Kocak_st3|rand_132	3.448791650078127
Kocak_st3|rand_133	4.079237922731842
Kocak_st3|rand_134	3.721698477747141
Kocak_st3|rand_135	3.4489845028863706
Kocak_st3|rand_136	3.7810644607675736
Kocak_st3|rand_137	3.6303370254521985
Kocak_st3|rand_138	3.686175073447438
Kocak_st3|rand_139	3.2689413104538128
Kocak_st3|rand_140	3.4740933249802546
Kocak_st3|rand_141	3.877428896368389
Kocak_st3|rand_142	3.8802684366480102
Kocak_st3|rand_143	3.623146133018648
Kocak_st3|rand_144	3.5877714798172575
Kocak_st3|rand_145	3.755603655367427
Kocak_st3|rand_146	3.608048853569567
Kocak_st3|rand_147	4.019466440794115
Kocak_st3|rand_148	3.0558939511827874
Kocak_st3|rand_149	3.585162868201287
Kocak_st3|rand_150	3.672052005558179
Kocak_st3|rand_151	3.520955362251549
Kocak_st3|rand_152	3.53969391616017
Kocak_st3|rand_153	3.708444130078337
Kocak_st3|rand_154	3.547591439416204
Kocak_st3|rand_155	3.4790629052189828
Kocak_st3|rand_156	3.605828010063495
Kocak_st3|rand_157	3.844873298806786
Kocak_st3|rand_158	3.3184687244932185
Kocak_st3|rand_159	3.4489861058090474
Kocak_st3|rand_160	3.612482031807426
Kocak_st3|rand_161	3.556087448357614
Kocak_st3|rand_162	3.7775335469989164
Kocak_st3|rand_163	3.6349791064495096
Kocak_st3|rand_164	3.4398118617411755
Kocak_st3|rand_165	3.9905042971776172
Kocak_st3|rand_166	3.4642743494753754
Kocak_st3|rand_167	3.7019036522565445
Kocak_st3|rand_168	3.470952829366736
Kocak_st3|rand_169	3.8859903479862448
Kocak_st3|rand_170	3.4320694506974756
Kocak_st3|rand_171	3.764824346756044
Kocak_st3|rand_172	4.235042796895537
Kocak_st3|rand_173	3.4665809254594926
Kocak_st3|rand_174	3.6033203668882696
Kocak_st3|rand_175	3.565756099465158
Kocak_st3|rand_176	3.3741545721988944
Kocak_st3|rand_177	3.6108923699810114
Kocak_st3|rand_178	3.421319965455394
Kocak_st3|rand_179	2.968905139782321
Kocak_st3|rand_180	3.5010729564847325
Kocak_st3|rand_181	3.169285704718779
Kocak_st3|rand_182	3.2712346078822576
Kocak_st3|rand_183	3.880199876784755
Kocak_st3|rand_184	3.851842532750223
Kocak_st3|rand_185	3.5962402634213855
Kocak_st3|rand_186	3.2993794499405484
Kocak_st3|rand_187	3.324257462454461
Kocak_st3|rand_188	3.366219724241377
Kocak_st3|rand_189	3.5140983233199807
Kocak_st3|rand_190	3.800551822437547
Kocak_st3|rand_191	3.773350651682183
Kocak_st3|rand_192	3.38066700477609
Kocak_st3|rand_193	3.3933617483367895
Kocak_st3|rand_194	3.6846494092950697
Kocak_st3|rand_195	3.3279711756425163
Kocak_st3|rand_196	4.03957330249247
Kocak_st3|rand_197	3.6457701741715587
Kocak_st3|rand_198	3.4428190620873713
Kocak_st3|rand_199	3.848640334951905
Kocak_st3|rand_200	3.362163276902272
Kocak_st3|rand_201	3.739860597580079
Kocak_st3|rand_202	3.2536867075746283
Kocak_st3|rand_203	3.452301187828144
Kocak_st3|rand_204	3.4877810848475526
Kocak_st3|rand_205	3.623229035141204
Kocak_st3|rand_206	3.6529084896986315
Kocak_st3|rand_207	3.5915673919807105
Kocak_st3|rand_208	3.450634971800605
Kocak_st3|rand_209	3.9447540605524387
Kocak_st3|rand_210	3.787639982162874
Kocak_st3|rand_211	3.4392472249525246
Kocak_st3|rand_212	3.776804422969467
Kocak_st3|rand_213	3.750737325508158
Kocak_st3|rand_214	3.4287415439535796
Kocak_st3|rand_215	3.80311653417209
Kocak_st3|rand_216	3.604310874543712
Kocak_st3|rand_217	3.543654933504847
Kocak_st3|rand_218	3.490877974989302
Kocak_st3|rand_219	3.598312748213889
Kocak_st3|rand_220	3.1822779232367497
Kocak_st3|rand_221	3.424055925745658
Kocak_st3|rand_222	4.051812825916505
Kocak_st3|rand_223	3.2331621090652765
Kocak_st3|rand_224	3.5408632929258155
Kocak_st3|rand_225	3.321334874479845
Kocak_st3|rand_226	3.6597445680394234
Kocak_st3|rand_227	3.6904872707789065
Kocak_st3|rand_228	3.5482800703501702
Kocak_st3|rand_229	3.4552061494049524
Kocak_st3|rand_230	3.731458552908031
Kocak_st3|rand_231	3.399431789614219
Kocak_st3|rand_232	3.493939359929741
Kocak_st3|rand_233	3.6217987612000435
Kocak_st3|rand_234	3.7233241317138273
Kocak_st3|rand_235	3.4097984547505042
Kocak_st3|rand_236	3.405838826448035
Kocak_st3|rand_237	3.486159487834824
Kocak_st3|rand_238	3.5703735747505374
Kocak_st3|rand_239	3.6689071236420316
Kocak_st3|rand_240	3.6497149864218676
Kocak_st3|rand_241	3.6712261254318035
Kocak_st3|rand_242	3.606232447587617
Kocak_st3|rand_243	3.493394499453987
Kocak_st3|rand_244	3.5899539608110285
Kocak_st3|rand_245	3.386941295801487
Kocak_st3|rand_246	3.4455974154412408
Kocak_st3|rand_247	3.5573680698087684
Kocak_st3|rand_248	3.60730389531083
Kocak_st3|rand_249	3.9337935537820066
Kocak_st3|rand_250	3.550382409774014
Kocak_st3|rand_251	3.8669877531357835
Kocak_st3|rand_252	3.4267928713462976
Kocak_st3|rand_253	3.4671055026785482
Kocak_st3|rand_254	3.8066273348574415
Kocak_st3|rand_255	2.9343621984933534
Kocak_st3|rand_256	3.71690000931744
Kocak_st3|rand_257	3.8893993801918683
Kocak_st3|rand_258	3.3995954070954686
Kocak_st3|rand_259	2.9754608717315114
Kocak_st3|rand_260	3.2350489230300994
Kocak_st3|rand_261	3.8173407075213053
Kocak_st3|rand_262	3.4604242641439
Kocak_st3|rand_263	3.840342043838773
Kocak_st3|rand_264	3.2360974489311563
Kocak_st3|rand_265	3.200471556304823
Kocak_st3|rand_266	3.864995862424377
Kocak_st3|rand_267	3.4288260258867203
Kocak_st3|rand_268	3.645304390933811
Kocak_st3|rand_269	3.549669723581495
Kocak_st3|rand_270	3.63636682041994
Kocak_st3|rand_271	3.5289297615836417
Kocak_st3|rand_272	3.6800850626496286
Kocak_st3|rand_273	3.5164548526043204
Kocak_st3|rand_274	3.6887620878029996
Kocak_st3|rand_275	3.7203926063982578
Kocak_st3|rand_276	3.115185214497854
Kocak_st3|rand_277	3.3190893508119723
Kocak_st3|rand_278	3.835245760517032
Kocak_st3|rand_279	3.6156399709947937
Kocak_st3|rand_280	3.1286930485880795
Kocak_st3|rand_281	3.2470954586905516
Kocak_st3|rand_282	3.634468744688821
Kocak_st3|rand_283	3.3501774774719184
Kocak_st3|rand_284	3.4376776346100035
Kocak_st3|rand_285	3.616423096479711
Kocak_st3|rand_286	3.6004442540534933
Kocak_st3|rand_287	3.6239494698687666
Kocak_st3|rand_288	3.8100440020600304
Kocak_st3|rand_289	3.674127913366254
Kocak_st3|rand_290	3.6085757363457467
Kocak_st3|rand_291	2.995132000460689
Kocak_st3|rand_292	4.143953335260638
Kocak_st3|rand_293	3.7492967142168356
Kocak_st3|rand_294	3.7622303455016475
Kocak_st3|rand_295	3.412675635685447
Kocak_st3|rand_296	3.667394345135654
Kocak_st3|rand_297	3.268360823003381
Kocak_st3|rand_298	3.703327633843074
Kocak_st3|rand_299	3.4792253529545234
Kocak_st3|rand_300	3.536074040643274
Kocak_st3|rand_301	3.7317200676092614
Kocak_st3|rand_302	3.4201164042780805
Kocak_st3|rand_303	3.5434416207935704
Kocak_st3|rand_304	3.6449869050876478
Kocak_st3|rand_305	3.7202594716854986
Kocak_st3|rand_306	3.6346476914200183
Kocak_st3|rand_307	3.526890361138584
Kocak_st3|rand_308	3.6173006513645123
Kocak_st3|rand_309	3.3453783399132018
Kocak_st3|rand_310	3.423851726375742
Kocak_st3|rand_311	3.692625943285199
Kocak_st3|rand_312	3.822346403282093
Kocak_st3|rand_313	3.531752622410728
Kocak_st3|rand_314	3.472911837037771
Kocak_st3|rand_315	3.7850248769232926
Kocak_st3|rand_316	3.4567230618522475
Kocak_st3|rand_317	3.6828373309602176
Kocak_st3|rand_318	3.958904960431129
Kocak_st3|rand_319	3.5363785281112206
Kocak_st3|rand_320	3.3918428445478286
Kocak_st3|rand_321	3.882785430104201
Kocak_st3|rand_322	3.864815128618629
Kocak_st3|rand_323	3.3863281085807424
Kocak_st3|rand_324	3.857382952990786
Kocak_st3|rand_325	3.3830449274075067
Kocak_st3|rand_326	3.7462009262041667
Kocak_st3|rand_327	3.869654845762771
Kocak_st3|rand_328	3.3437946635976057
Kocak_st3|rand_329	3.780010063265225
Kocak_st3|rand_330	3.7721671726802346
Kocak_st3|rand_331	3.813609171856524
Kocak_st3|rand_332	3.7075205568498157
Kocak_st3|rand_333	3.6317039000834157
Kocak_st3|rand_334	3.6338303247799297
Kocak_st3|rand_335	3.553922048363721
Kocak_st3|rand_336	3.0869925143598937
Kocak_st3|rand_337	3.58507932600847
Kocak_st3|rand_338	3.5749270390811736
Kocak_st3|rand_339	3.838568120659236
Kocak_st3|rand_340	3.641968905312001
Kocak_st3|rand_341	3.523774997269066
Kocak_st3|rand_342	3.670070730261563
Kocak_st3|rand_343	3.571807278173352
Kocak_st3|rand_344	3.3309440348951664
Kocak_st3|rand_345	3.6809712106392127
Kocak_st3|rand_346	3.3770966862155474
Kocak_st3|rand_347	3.3623277225334673
Kocak_st3|rand_348	3.572054197424458
Kocak_st3|rand_349	3.3568607891543167
Kocak_st3|rand_350	3.5763537246200894
Kocak_st3|rand_351	3.7250644359558582
Kocak_st3|rand_352	3.537018812943372
Kocak_st3|rand_353	3.2185948123677948
Kocak_st3|rand_354	3.4785828795559044
Kocak_st3|rand_355	3.7455915481065536
Kocak_st3|rand_356	3.5825705042053997
Kocak_st3|rand_357	3.306072494308495
Kocak_st3|rand_358	3.219339159185158
Kocak_st3|rand_359	3.3899298227135253
Kocak_st3|rand_360	3.7207932755609963
Kocak_st3|rand_361	3.626845828912992
Kocak_st3|rand_362	3.6350776650159156
Kocak_st3|rand_363	3.605516035702504
Kocak_st3|rand_364	3.7086023977474807
Kocak_st3|rand_365	3.682944191087946
Kocak_st3|rand_366	3.1131600390369827
Kocak_st3|rand_367	3.6869861743532146
Kocak_st3|rand_368	3.4179955284205774
Kocak_st3|rand_369	3.69435371692476
Kocak_st3|rand_370	3.8728874998072773
Kocak_st3|rand_371	3.9261693058085094
Kocak_st3|rand_372	3.897025029049799
Kocak_st3|rand_373	3.544922522121584
Kocak_st3|rand_374	4.20179487760882
Kocak_st3|rand_375	3.0586169959844125
Kocak_st3|rand_376	3.7537620361868687
Kocak_st3|rand_377	3.7295615239806055
Kocak_st3|rand_378	3.5543927354771943
Kocak_st3|rand_379	3.264817421101117
Kocak_st3|rand_380	2.944690639711531
Kocak_st3|rand_381	3.0000195498761664
Kocak_st3|rand_382	3.776707343536813
Kocak_st3|rand_383	3.325049032357834
Kocak_st3|rand_384	3.3298368323592937
Kocak_st3|rand_385	3.4321985984209045
Kocak_st3|rand_386	3.764467053514643
Kocak_st3|rand_387	3.704151035705325
Kocak_st3|rand_388	3.4458714392515946
Kocak_st3|rand_389	3.5165398783077806
Kocak_st3|rand_390	3.8597575888526854
Kocak_st3|rand_391	3.731768586299297
Kocak_st3|rand_392	3.5115798027954708
Kocak_st3|rand_393	3.4683190278415874
Kocak_st3|rand_394	3.392781593866652
Kocak_st3|rand_395	3.7114317758507824
Kocak_st3|rand_396	3.3382412896648055
Kocak_st3|rand_397	3.594617065295816
Kocak_st3|rand_398	3.6345005633716148
Kocak_st3|rand_399	3.94028768321258
Kocak_st3|rand_400	3.9204456170422635
Kocak_st3|rand_401	3.509585544029445
Kocak_st3|rand_402	3.745223115965435
Kocak_st3|rand_403	3.9926740279153936
Kocak_st3|rand_404	3.4859539601317064
Kocak_st3|rand_405	3.6898827168803257
Kocak_st3|rand_406	3.339602964177955
Kocak_st3|rand_407	3.363401506594425
Kocak_st3|rand_408	3.9861698846666775
Kocak_st3|rand_409	3.6701088084660265
Kocak_st3|rand_410	3.471239214190277
Kocak_st3|rand_411	3.4504137407450437
Kocak_st3|rand_412	3.441505595617875
Kocak_st3|rand_413	3.4953367139806937
Kocak_st3|rand_414	3.6453123394791005
Kocak_st3|rand_415	3.7666958485049866
Kocak_st3|rand_416	3.690423491099701
Kocak_st3|rand_417	3.63968282011357
Kocak_st3|rand_418	3.589610334799387
Kocak_st3|rand_419	3.6370176936291188
Kocak_st3|rand_420	3.559508830543682
Kocak_st3|rand_421	3.906273855063278
Kocak_st3|rand_422	3.3528020759213875
Kocak_st3|rand_423	3.794749808218032
Kocak_st3|rand_424	3.965988729610251
Kocak_st3|rand_425	3.862188702142562
Kocak_st3|rand_426	3.5453059448882587
Kocak_st3|rand_427	3.926705565705454
Kocak_st3|rand_428	3.704748667635102
Kocak_st3|rand_429	3.713377529527539
Kocak_st3|rand_430	3.4940640522182926
Kocak_st3|rand_431	3.64090581603507
Kocak_st3|rand_432	3.460466759722615
Kocak_st3|rand_433	3.7011879454332752
Kocak_st3|rand_434	3.3694685975433156
Kocak_st3|rand_435	3.6365339722874155
Kocak_st3|rand_436	3.6527330997461362
Kocak_st3|rand_437	3.6824350731436497
Kocak_st3|rand_438	3.721697025061401
Kocak_st3|rand_439	3.3590796359903203
Kocak_st3|rand_440	3.4009372235708466
Kocak_st3|rand_441	3.6356263328512886
Kocak_st3|rand_442	3.4340267340975577
Kocak_st3|rand_443	3.52312919239368
Kocak_st3|rand_444	3.3997711636827095
Kocak_st3|rand_445	3.587720609999204
Kocak_st3|rand_446	3.748259630694306
Kocak_st3|rand_447	3.959883386544247
Kocak_st3|rand_448	3.4251586661024205
Kocak_st3|rand_449	3.12319329155545
Kocak_st3|rand_450	3.394777194748327
Kocak_st3|rand_451	3.61147563051419
Kocak_st3|rand_452	3.735593939357206
Kocak_st3|rand_453	3.342998858963882
Kocak_st3|rand_454	3.485939866066001
Kocak_st3|rand_455	3.37333035656774
Kocak_st3|rand_456	3.4487224761200235
Kocak_st3|rand_457	3.5764361051779026
Kocak_st3|rand_458	3.4546204224794934
Kocak_st3|rand_459	3.2251719489384474
Kocak_st3|rand_460	3.843958408651543
Kocak_st3|rand_461	3.364700359112867
Kocak_st3|rand_462	3.584386710923647
Kocak_st3|rand_463	3.575152875809598
Kocak_st3|rand_464	3.447051483060641
Kocak_st3|rand_465	3.545919071140692
Kocak_st3|rand_466	3.335337253073795
Kocak_st3|rand_467	3.9584690153384168
Kocak_st3|rand_468	3.2480787597521363
Kocak_st3|rand_469	3.5920690539305262
Kocak_st3|rand_470	3.548417860898751
Kocak_st3|rand_471	3.3572438216283524
Kocak_st3|rand_472	3.6375714516486757
Kocak_st3|rand_473	3.848396300124687
Kocak_st3|rand_474	3.500167498859288
Kocak_st3|rand_475	3.386489048577326
Kocak_st3|rand_476	3.6542233933089454
Kocak_st3|rand_477	3.5018239400417297
Kocak_st3|rand_478	3.5368005853071542
Kocak_st3|rand_479	3.6057082396555975
Kocak_st3|rand_480	3.1830790494373673
Kocak_st3|rand_481	3.6791665574661017
Kocak_st3|rand_482	3.6596535719340464
Kocak_st3|rand_483	3.6807230484331166
Kocak_st3|rand_484	3.6851133708866017
Kocak_st3|rand_485	3.4712658247005432
Kocak_st3|rand_486	3.358583996492107
Kocak_st3|rand_487	3.4767550379757823
Kocak_st3|rand_488	3.5884358644186447
Kocak_st3|rand_489	3.7925947912455125
Kocak_st3|rand_490	3.4642300480416663
Kocak_st3|rand_491	3.9347311212077214
Kocak_st3|rand_492	3.9026507147384786
Kocak_st3|rand_493	3.5489170643764045
Kocak_st3|rand_494	3.701681858374186
Kocak_st3|rand_495	3.4840866832262636
Kocak_st3|rand_496	3.7767830620889957
Kocak_st3|rand_497	3.1860579600447956
Kocak_st3|rand_498	3.7856617216822177
Kocak_st3|rand_499	3.8658339701183118
Kocak_st3|rand_500	3.6699456795513767
Kocak_st3|rand_501	3.8476995915456262
Kocak_st3|rand_502	3.718295817105182
Kocak_st3|rand_503	3.1928311656938173
Kocak_st3|rand_504	3.802367777579591
Kocak_st3|rand_505	3.5529684105320145
Kocak_st3|rand_506	3.364783815955721
Kocak_st3|rand_507	3.27894151577901
Kocak_st3|rand_508	3.491748895165541
Kocak_st3|rand_509	3.1393972523115767
Kocak_st3|rand_510	3.757875801481601
Kocak_st3|rand_511	3.143913015101682
Kocak_st3|rand_512	3.4931763007652283
Kocak_st3|rand_513	3.6666845324057107
Kocak_st3|rand_514	3.8314374096265005
Kocak_st3|rand_515	3.6973368599222693
Kocak_st3|rand_516	3.3049358314874384
Kocak_st3|rand_517	3.4904426517854743
Kocak_st3|rand_518	3.7420096058232204
Kocak_st3|rand_519	3.359937611656167
Kocak_st3|rand_520	3.4795112754538535
Kocak_st3|rand_521	3.887440251354868
Kocak_st3|rand_522	3.4973820298164924
Kocak_st3|rand_523	3.619880667492782
Kocak_st3|rand_524	3.6936683962276975
Kocak_st3|rand_525	3.1874810384920336
Kocak_st3|rand_526	3.479366548194387
Kocak_st3|rand_527	3.7062582281389784
Kocak_st3|rand_528	3.696450573161135
Kocak_st3|rand_529	3.5519184587910697
Kocak_st3|rand_530	3.5337420439769045
Kocak_st3|rand_531	3.677674078227867
Kocak_st3|rand_532	3.5846316318745237
Kocak_st3|rand_533	3.38381366404376
Kocak_st3|rand_534	3.6943123470112655
Kocak_st3|rand_535	3.6189637622002353
Kocak_st3|rand_536	3.675363607787468
Kocak_st3|rand_537	3.5116101820647945
Kocak_st3|rand_538	3.668064075974858
Kocak_st3|rand_539	3.651598443835398
Kocak_st3|rand_540	3.4221255733576603
Kocak_st3|rand_541	3.498870547501043
Kocak_st3|rand_542	3.3231470474100293
Kocak_st3|rand_543	3.8808763298862106
Kocak_st3|rand_544	3.682029195276393
Kocak_st3|rand_545	3.5957268687716857
Kocak_st3|rand_546	3.3253262324143824
Kocak_st3|rand_547	3.7354006286328474
Kocak_st3|rand_548	3.923423629191109
Kocak_st3|rand_549	3.5973499352093974
Kocak_st3|rand_550	3.318696271596049
Kocak_st3|rand_551	3.8429406372832227
Kocak_st3|rand_552	3.0593985854070116
Kocak_st3|rand_553	3.6698713387945214
Kocak_st3|rand_554	3.9086695235372804
Kocak_st3|rand_555	3.799534964568738
Kocak_st3|rand_556	3.395695709807496
Kocak_st3|rand_557	3.4985533285141446
Kocak_st3|rand_558	3.584812091114078
Kocak_st3|rand_559	3.287025490955731
Kocak_st3|rand_560	3.429711753822459
Kocak_st3|rand_561	3.60024079001881
Kocak_st3|rand_562	3.608588720500243
Kocak_st3|rand_563	3.3937183334056873
Kocak_st3|rand_564	3.5025531335666065
Kocak_st3|rand_565	3.79810310042731
Kocak_st3|rand_566	3.4912787628952566
Kocak_st3|rand_567	3.8254551405782733
Kocak_st3|rand_568	4.10604163946758
Kocak_st3|rand_569	3.281761459861887
Kocak_st3|rand_570	3.4965345594273236
Kocak_st3|rand_571	3.2796186404559076
Kocak_st3|rand_572	3.8720784840788447
Kocak_st3|rand_573	3.5429981983130423
Kocak_st3|rand_574	3.7681079948929104
Kocak_st3|rand_575	3.5749502315318993
Kocak_st3|rand_576	3.4338851226699165
Kocak_st3|rand_577	3.335727593176887
Kocak_st3|rand_578	3.7329915116176373
Kocak_st3|rand_579	3.792166284709137
Kocak_st3|rand_580	4.050641974480238
Kocak_st3|rand_581	3.890856566084301
Kocak_st3|rand_582	3.6916207820481888
Kocak_st3|rand_583	3.4152316046598763
Kocak_st3|rand_584	3.862385656050128
Kocak_st3|rand_585	3.917084931679286
Kocak_st3|rand_586	3.9871445423177176
Kocak_st3|rand_587	3.5830531682435116
Kocak_st3|rand_588	3.6367531388736962
Kocak_st3|rand_589	3.9194521210581468
Kocak_st3|rand_590	3.618925331890748
Kocak_st3|rand_591	3.621568667622878
Kocak_st3|rand_592	3.7778215182266517
Kocak_st3|rand_593	3.716356311342701
Kocak_st3|rand_594	3.709066468688868
Kocak_st3|rand_595	3.4906252838380807
Kocak_st3|rand_596	3.657553875282445
Kocak_st3|rand_597	3.912869529978241
Kocak_st3|rand_598	3.762146810699672
Kocak_st3|rand_599	3.1771127893617073
Kocak_st3|rand_600	3.6163523566089517
Kocak_st3|rand_601	3.4367734024480803
Kocak_st3|rand_602	3.966186508671536
Kocak_st3|rand_603	3.6155102575056137
Kocak_st3|rand_604	3.938981767226284
Kocak_st3|rand_605	3.2554021269091877
Kocak_st3|rand_606	3.6796468676067686
Kocak_st3|rand_607	3.5823040314446133
Kocak_st3|rand_608	3.6067945463569333
Kocak_st3|rand_609	3.7089208958340434
Kocak_st3|rand_610	3.6716551725771147
Kocak_st3|rand_611	3.650777255173362
Kocak_st3|rand_612	3.4378699153871617
Kocak_st3|rand_613	3.511407189715768
Kocak_st3|rand_614	3.679263260060151
Kocak_st3|rand_615	3.8880835855533147
Kocak_st3|rand_616	4.01924720833117
Kocak_st3|rand_617	3.8626244087015946
Kocak_st3|rand_618	3.5422151389876952
Kocak_st3|rand_619	3.3203075192973426
Kocak_st3|rand_620	3.686812239333514
Kocak_st3|rand_621	3.2832140362169695
Kocak_st3|rand_622	3.774223569903309
Kocak_st3|rand_623	3.5360544202745996
Kocak_st3|rand_624	3.673946968148311
Kocak_st3|rand_625	3.3927276872597343
Kocak_st3|rand_626	3.512228249277931
Kocak_st3|rand_627	3.5617317106958786
Kocak_st3|rand_628	3.33255956068872
Kocak_st3|rand_629	3.4147157296896
Kocak_st3|rand_630	3.2774233267171873
Kocak_st3|rand_631	3.485383968596469
Kocak_st3|rand_632	3.8476250260927687
Kocak_st3|rand_633	3.662034504614712
Kocak_st3|rand_634	3.542367973483661
Kocak_st3|rand_635	3.5500913064896182
Kocak_st3|rand_636	3.3629994339998017
Kocak_st3|rand_637	3.8890189861971765
Kocak_st3|rand_638	3.379516716622901
Kocak_st3|rand_639	3.213780402729701
Kocak_st3|rand_640	3.2338207276210453
Kocak_st3|rand_641	3.4574192850784877
Kocak_st3|rand_642	3.428808636471144
Kocak_st3|rand_643	3.659796561602853
Kocak_st3|rand_644	3.9126697062371183
Kocak_st3|rand_645	3.0969083198762224
Kocak_st3|rand_646	3.4494640935045098
Kocak_st3|rand_647	3.614561499194586
Kocak_st3|rand_648	3.7779547693225815
Kocak_st3|rand_649	3.515697889896109
Kocak_st3|rand_650	3.4267470667987934
Kocak_st3|rand_651	3.6414663977323407
Kocak_st3|rand_652	3.765493609816862
Kocak_st3|rand_653	3.7528604238533756
Kocak_st3|rand_654	3.7878049409803136
Kocak_st3|rand_655	3.2920814593182266
Kocak_st3|rand_656	3.587285588548433
Kocak_st3|rand_657	4.114477924702801
Kocak_st3|rand_658	3.8587057149366992
Kocak_st3|rand_659	3.6898406488709528
Kocak_st3|rand_660	3.6773680919439684
Kocak_st3|rand_661	3.7151984379155927
Kocak_st3|rand_662	3.5205832637967123
Kocak_st3|rand_663	3.5169387190904855
Kocak_st3|rand_664	3.3930396016062367
Kocak_st3|rand_665	3.4374303936717028
Kocak_st3|rand_666	3.4839136363100134
Kocak_st3|rand_667	3.3624111537305965
Kocak_st3|rand_668	3.58063809674641
Kocak_st3|rand_669	3.6673696597116687
Kocak_st3|rand_670	3.7071287252443677
Kocak_st3|rand_671	3.3287502876732233
Kocak_st3|rand_672	3.602552362524257
Kocak_st3|rand_673	4.119453522985838
Kocak_st3|rand_674	3.4860880579643556
Kocak_st3|rand_675	3.448781279241592
Kocak_st3|rand_676	3.513552862788527
Kocak_st3|rand_677	3.4390749357099315
Kocak_st3|rand_678	3.522328285911497
Kocak_st3|rand_679	4.033004499453146
Kocak_st3|rand_680	4.032911196395878
Kocak_st3|rand_681	3.260671294534282
Kocak_st3|rand_682	3.797818490337615
Kocak_st3|rand_683	3.361073723062012
Kocak_st3|rand_684	3.5966418128096502
Kocak_st3|rand_685	3.891676548163548
Kocak_st3|rand_686	3.6933606117448248
Kocak_st3|rand_687	3.521711898284133
Kocak_st3|rand_688	3.7555066942450157
Kocak_st3|rand_689	3.9302581473488876
Kocak_st3|rand_690	3.7596108310322145
Kocak_st3|rand_691	3.5553876420495802
Kocak_st3|rand_692	3.4778510467379036
Kocak_st3|rand_693	3.5823389052342622
Kocak_st3|rand_694	3.8503745010637824
Kocak_st3|rand_695	3.492938525898268
Kocak_st3|rand_696	3.582226049033147
Kocak_st3|rand_697	3.5958194718066103
Kocak_st3|rand_698	3.7615883645051196
Kocak_st3|rand_699	3.7250104133361934
Kocak_st3|rand_700	3.7261710673508794
Kocak_st3|rand_701	3.545091461350131
Kocak_st3|rand_702	3.7760840460425342
Kocak_st3|rand_703	3.4151934030316142
Kocak_st3|rand_704	3.47464622005323
Kocak_st3|rand_705	3.495716866068955
Kocak_st3|rand_706	3.4768426611400867
Kocak_st3|rand_707	3.536214032251257
Kocak_st3|rand_708	3.590062935434514
Kocak_st3|rand_709	3.66888157188669
Kocak_st3|rand_710	3.6479705832149087
Kocak_st3|rand_711	3.439843669383242
Kocak_st3|rand_712	3.480347969769027
Kocak_st3|rand_713	3.1894030461846032
Kocak_st3|rand_714	2.9998827586619154
Kocak_st3|rand_715	3.7014527899228997
Kocak_st3|rand_716	3.5434333006025676
Kocak_st3|rand_717	3.4908204586486105
Kocak_st3|rand_718	3.5179597050245626
Kocak_st3|rand_719	3.7452122306042277
Kocak_st3|rand_720	3.3830154757446795
Kocak_st3|rand_721	3.648151032931115
Kocak_st3|rand_722	3.6526675456124633
Kocak_st3|rand_723	3.5224263269498195
Kocak_st3|rand_724	3.660263000258441
Kocak_st3|rand_725	3.6136261250942714
Kocak_st3|rand_726	3.7547654629117346
Kocak_st3|rand_727	3.6888160747006684
Kocak_st3|rand_728	3.7560827575801494
Kocak_st3|rand_729	3.369885117415264
Kocak_st3|rand_730	3.6207696792233492
Kocak_st3|rand_731	3.7428727255101704
Kocak_st3|rand_732	3.78139654785664
Kocak_st3|rand_733	3.247904523222593
Kocak_st3|rand_734	3.5278306207555996
Kocak_st3|rand_735	3.7736020905290983
Kocak_st3|rand_736	3.8750906882475564
Kocak_st3|rand_737	3.9949675034297476
Kocak_st3|rand_738	3.5968639074837694
Kocak_st3|rand_739	3.5704284618868507
Kocak_st3|rand_740	3.2331017088007106
Kocak_st3|rand_741	3.7054801658257537
Kocak_st3|rand_742	3.394584610917331
Kocak_st3|rand_743	3.4941703026315585
Kocak_st3|rand_744	3.7333417519243137
Kocak_st3|rand_745	3.6034773987007007
Kocak_st3|rand_746	3.818684319235857
Kocak_st3|rand_747	3.68421666602742
Kocak_st3|rand_748	3.8752989037026664
Kocak_st3|rand_749	4.049096324658821
Kocak_st3|rand_750	3.5621049006568866
Kocak_st3|rand_751	3.484522545602377
Kocak_st3|rand_752	4.060563120072582
Kocak_st3|rand_753	3.4774339529451215
Kocak_st3|rand_754	3.637890850966613
Kocak_st3|rand_755	3.3327490937959676
Kocak_st3|rand_756	3.9317469417584587
Kocak_st3|rand_757	3.474180395703086
Kocak_st3|rand_758	3.982856431713499
Kocak_st3|rand_759	3.263233884507834
Kocak_st3|rand_760	3.607402149901746
Kocak_st3|rand_761	3.7412154782825
Kocak_st3|rand_762	3.3582046835658863
Kocak_st3|rand_763	3.4143664383718186
Kocak_st3|rand_764	3.309866093302622
Kocak_st3|rand_765	3.634119976193643
Kocak_st3|rand_766	3.1817415873900696
Kocak_st3|rand_767	3.76157152364794
Kocak_st3|rand_768	3.545856653715461
Kocak_st3|rand_769	3.477952975185725
Kocak_st3|rand_770	3.5226161073092395
Kocak_st3|rand_771	3.8701044286213357
Kocak_st3|rand_772	3.703458458933518
Kocak_st3|rand_773	3.7331505254807267
Kocak_st3|rand_774	3.1666774644920967
Kocak_st3|rand_775	3.5122687843427562
Kocak_st3|rand_776	3.160543550398784
Kocak_st3|rand_777	3.8521093347819804
Kocak_st3|rand_778	3.456756281054738
Kocak_st3|rand_779	3.894313313256427
Kocak_st3|rand_780	3.748960579089183
Kocak_st3|rand_781	3.6516311617090174
Kocak_st3|rand_782	3.3404747402173327
Kocak_st3|rand_783	3.228329332018798
Kocak_st3|rand_784	3.4437351066698274
Kocak_st3|rand_785	3.7138599708385716
Kocak_st3|rand_786	3.3296093795530175
Kocak_st3|rand_787	3.5330516988965677
Kocak_st3|rand_788	3.42536080708177
Kocak_st3|rand_789	3.8295710871076416
Kocak_st3|rand_790	3.586485994447004
Kocak_st3|rand_791	3.3900589481960366
Kocak_st3|rand_792	3.2479440672239557
Kocak_st3|rand_793	3.737024870764958
Kocak_st3|rand_794	3.5593474467129465
Kocak_st3|rand_795	3.301561076414509
Kocak_st3|rand_796	3.200282855072003
Kocak_st3|rand_797	3.5435956357096834
Kocak_st3|rand_798	3.7042635580405383
Kocak_st3|rand_799	3.2894874157348926
Kocak_st3|rand_800	3.3843809854144737
Kocak_st3|rand_801	3.701996116282512
Kocak_st3|rand_802	3.68491453198198
Kocak_st3|rand_803	3.6139338826737712
Kocak_st3|rand_804	3.5816997032029425
Kocak_st3|rand_805	3.765606963244085
Kocak_st3|rand_806	3.469692582588784
Kocak_st3|rand_807	3.71316706044751
Kocak_st3|rand_808	3.7366662213766926
Kocak_st3|rand_809	3.4659605874652817
Kocak_st3|rand_810	3.4209678135855426
Kocak_st3|rand_811	3.844809873544302
Kocak_st3|rand_812	3.8417668724677703
Kocak_st3|rand_813	3.7603152458960674
Kocak_st3|rand_814	3.880927895832766
Kocak_st3|rand_815	3.448180254782165
Kocak_st3|rand_816	3.821714816199306
Kocak_st3|rand_817	3.6706455477189692
Kocak_st3|rand_818	3.5416926404657567
Kocak_st3|rand_819	3.744534055284687
Kocak_st3|rand_820	3.7584671884674012
Kocak_st3|rand_821	3.5628550418727096
Kocak_st3|rand_822	2.986649888656153
Kocak_st3|rand_823	3.804384969090566
Kocak_st3|rand_824	3.1353536569041687
Kocak_st3|rand_825	3.7349144159149823
Kocak_st3|rand_826	3.4740902093414654
Kocak_st3|rand_827	3.7144870703227117
Kocak_st3|rand_828	3.5635044412593846
Kocak_st3|rand_829	3.651752868695053
Kocak_st3|rand_830	3.6778885717984826
Kocak_st3|rand_831	3.887373645304234
Kocak_st3|rand_832	3.1817264655396915
Kocak_st3|rand_833	3.3675759024545866
Kocak_st3|rand_834	3.612999446801535
Kocak_st3|rand_835	3.700430854067052
Kocak_st3|rand_836	3.814531011877635
Kocak_st3|rand_837	3.3958207549454977
Kocak_st3|rand_838	3.602653929853716
Kocak_st3|rand_839	3.6272446641715366
Kocak_st3|rand_840	3.6441290796468655
Kocak_st3|rand_841	3.564499468505396
Kocak_st3|rand_842	3.2731545442728893
Kocak_st3|rand_843	3.163988420226949
Kocak_st3|rand_844	3.6711785482257624
Kocak_st3|rand_845	3.5890311478660206
Kocak_st3|rand_846	3.9229988002319525
Kocak_st3|rand_847	3.6827694234009236
Kocak_st3|rand_848	3.3445190568631378
Kocak_st3|rand_849	3.5765585116058456
Kocak_st3|rand_850	3.0301145406757386
Kocak_st3|rand_851	3.856009400151952
Kocak_st3|rand_852	3.6511954735884142
Kocak_st3|rand_853	3.7236044528118306
Kocak_st3|rand_854	3.690610056461892
Kocak_st3|rand_855	3.576091815434222
Kocak_st3|rand_856	3.199307465966725
Kocak_st3|rand_857	3.233505506712985
Kocak_st3|rand_858	3.7638938393822414
Kocak_st3|rand_859	3.3626961583835526
Kocak_st3|rand_860	3.5626487530875854
Kocak_st3|rand_861	3.6951609114034394
Kocak_st3|rand_862	3.559093621159708
Kocak_st3|rand_863	3.8715234422523697
Kocak_st3|rand_864	3.448709094335058
Kocak_st3|rand_865	3.598641447529172
Kocak_st3|rand_866	3.299557588128703
Kocak_st3|rand_867	3.584028940130038
Kocak_st3|rand_868	3.5881191906021295
Kocak_st3|rand_869	3.6199269470225373
Kocak_st3|rand_870	3.4683519362109716
Kocak_st3|rand_871	3.3313553754010647
Kocak_st3|rand_872	3.9854744397529096
Kocak_st3|rand_873	3.664006290194756
Kocak_st3|rand_874	3.565540493085034
Kocak_st3|rand_875	3.309726080456083
Kocak_st3|rand_876	3.5564399900786796
Kocak_st3|rand_877	3.6542996813488973
Kocak_st3|rand_878	3.5463943154453346
Kocak_st3|rand_879	3.3711947233024295
Kocak_st3|rand_880	3.2554861091561578
Kocak_st3|rand_881	3.314399762123273
Kocak_st3|rand_882	3.7768642177804064
Kocak_st3|rand_883	3.3743349234891262
Kocak_st3|rand_884	3.325734846229003
Kocak_st3|rand_885	3.928989104858646
Kocak_st3|rand_886	3.7088346673976718
Kocak_st3|rand_887	3.667997687663922
Kocak_st3|rand_888	3.3120399995116276
Kocak_st3|rand_889	3.8448065016999977
Kocak_st3|rand_890	3.3580353094902624
Kocak_st3|rand_891	3.308946593249145
Kocak_st3|rand_892	3.423148595589336
Kocak_st3|rand_893	3.4568465379542115
Kocak_st3|rand_894	3.802883546296527
Kocak_st3|rand_895	3.51945803199745
Kocak_st3|rand_896	3.2773179346708874
Kocak_st3|rand_897	3.537337951542758
Kocak_st3|rand_898	3.3981475295964803
Kocak_st3|rand_899	3.8101952435029665
Kocak_st3|rand_900	3.7752587909808617
Kocak_st3|rand_901	3.834629730885438
Kocak_st3|rand_902	3.682068546538606
Kocak_st3|rand_903	3.7053962106863603
Kocak_st3|rand_904	3.6241145228400202
Kocak_st3|rand_905	3.528816991468676
Kocak_st3|rand_906	3.80737321822793
Kocak_st3|rand_907	3.319011634683637
Kocak_st3|rand_908	3.7084854049337195
Kocak_st3|rand_909	3.489160225803535
Kocak_st3|rand_910	3.4572693717738483
Kocak_st3|rand_911	3.86674423830775
Kocak_st3|rand_912	3.7534689005174293
Kocak_st3|rand_913	3.8946109946819463
Kocak_st3|rand_914	3.6199823080055076
Kocak_st3|rand_915	3.6785401926328363
Kocak_st3|rand_916	3.4043323287486875
Kocak_st3|rand_917	3.5454771624516908
Kocak_st3|rand_918	3.7512614991949453
Kocak_st3|rand_919	3.565003405277158
Kocak_st3|rand_920	3.6051300200906344
Kocak_st3|rand_921	3.6499767231374887
Kocak_st3|rand_922	3.769642140292783
Kocak_st3|rand_923	3.2585448870745575
Kocak_st3|rand_924	3.404920753217307
Kocak_st3|rand_925	3.373536830607983
Kocak_st3|rand_926	3.330363795034037
Kocak_st3|rand_927	3.362668606964755
Kocak_st3|rand_928	3.8331788287631494
Kocak_st3|rand_929	3.51311745962635
Kocak_st3|rand_930	3.0389217493948277
Kocak_st3|rand_931	3.3963777307824787
Kocak_st3|rand_932	3.5682772423250104
Kocak_st3|rand_933	3.4578737117577547
Kocak_st3|rand_934	3.4807119008998555
Kocak_st3|rand_935	3.2879256768239875
Kocak_st3|rand_936	3.8892673404504943
Kocak_st3|rand_937	3.765589538621734
Kocak_st3|rand_938	3.810478835752774
Kocak_st3|rand_939	3.683070145903539
Kocak_st3|rand_940	3.895378195285383
Kocak_st3|rand_941	3.5780015826050344
Kocak_st3|rand_942	3.1952164928463977
Kocak_st3|rand_943	3.8529614549652313
Kocak_st3|rand_944	3.5892949291811904
Kocak_st3|rand_945	3.416580012850662
Kocak_st3|rand_946	3.48329995717943
Kocak_st3|rand_947	3.580569917111642
Kocak_st3|rand_948	3.4807941971849177
Kocak_st3|rand_949	3.500423047310811
Kocak_st3|rand_950	3.4779100760098203
Kocak_st3|rand_951	3.4941144946714635
Kocak_st3|rand_952	3.375238932281373
Kocak_st3|rand_953	3.418257287763741
Kocak_st3|rand_954	3.851230497714907
Kocak_st3|rand_955	3.174411293035065
Kocak_st3|rand_956	3.860349804075091
Kocak_st3|rand_957	3.4511953353632365
Kocak_st3|rand_958	3.881485990543847
Kocak_st3|rand_959	3.3782052804967617
Kocak_st3|rand_960	3.5646647784311005
Kocak_st3|rand_961	3.18730895016586
Kocak_st3|rand_962	3.4918870767376093
Kocak_st3|rand_963	3.561644698383317
Kocak_st3|rand_964	4.086174926345667
Kocak_st3|rand_965	3.6819636176159776
Kocak_st3|rand_966	3.5754058862286713
Kocak_st3|rand_967	3.3283670646389973
Kocak_st3|rand_968	3.602995454194681
Kocak_st3|rand_969	3.4897157098770597
Kocak_st3|rand_970	3.3885099593029624
Kocak_st3|rand_971	3.817357961012029
Kocak_st3|rand_972	3.546971732090428
Kocak_st3|rand_973	3.5743572180554337
Kocak_st3|rand_974	3.7656495059793764
Kocak_st3|rand_975	3.499747170002274
Kocak_st3|rand_976	3.5483701919321398
Kocak_st3|rand_977	3.55639804763246
Kocak_st3|rand_978	3.532866854376161
Kocak_st3|rand_979	3.5803391728254623
Kocak_st3|rand_980	3.4957688673433376
Kocak_st3|rand_981	3.4707486682279622
Kocak_st3|rand_982	3.2319674887935457
Kocak_st3|rand_983	3.810225788740401
Kocak_st3|rand_984	3.543849151651688
Kocak_st3|rand_985	3.7729421584621594
Kocak_st3|rand_986	3.746187910224243
Kocak_st3|rand_987	3.2990890596121942
Kocak_st3|rand_988	3.156725858923101
Kocak_st3|rand_989	3.5372922653575976
Kocak_st3|rand_990	3.455665431573351
Kocak_st3|rand_991	3.7447572595117875
Kocak_st3|rand_992	3.4267667422769934
Kocak_st3|rand_993	3.4589121908573253
Kocak_st3|rand_994	3.440477283201222
Kocak_st3|rand_995	3.0178810022017544
Kocak_st3|rand_996	3.7914086570073215
Kocak_st3|rand_997	3.619669972571959
Kocak_st3|rand_998	3.4285839001453295
Kocak_st3|rand_999	3.9984070551446704
Kocak_st3|rand_1000	3.6002802605995985
Kocak_st4|rand_1	3.522216271772719
Kocak_st4|rand_2	3.7618360670839186
Kocak_st4|rand_3	3.604306661178455
Kocak_st4|rand_4	3.646623322981123
Kocak_st4|rand_5	3.6949645242482743
Kocak_st4|rand_6	3.400410239168491
Kocak_st4|rand_7	3.225066717454236
Kocak_st4|rand_8	3.4297283165456602
Kocak_st4|rand_9	3.5491359781314458
Kocak_st4|rand_10	3.6343361706973987
Kocak_st4|rand_11	3.373776502926717
Kocak_st4|rand_12	3.5188539256749265
Kocak_st4|rand_13	3.4100077339390267
Kocak_st4|rand_14	3.430293142152912
Kocak_st4|rand_15	3.4496699698082063
Kocak_st4|rand_16	3.4591133356668022
Kocak_st4|rand_17	3.4062164390887206
Kocak_st4|rand_18	3.2678919915746945
Kocak_st4|rand_19	3.7814856691861656
Kocak_st4|rand_20	3.4709477531200323
Kocak_st4|rand_21	3.638029699937398
Kocak_st4|rand_22	3.6133351320703544
Kocak_st4|rand_23	3.649291333706169
Kocak_st4|rand_24	3.3703603582888
Kocak_st4|rand_25	3.2875165842884657
Kocak_st4|rand_26	3.574341796208072
Kocak_st4|rand_27	3.791363599428562
Kocak_st4|rand_28	3.5181355425912106
Kocak_st4|rand_29	3.3930068118658117
Kocak_st4|rand_30	3.5996573339020532
Kocak_st4|rand_31	3.6922940346533557
Kocak_st4|rand_32	3.722656778763746
Kocak_st4|rand_33	3.536092321935685
Kocak_st4|rand_34	3.4173697672853827
Kocak_st4|rand_35	3.2678690767473992
Kocak_st4|rand_36	3.3534242343416856
Kocak_st4|rand_37	3.591506320982799
Kocak_st4|rand_38	3.840570404424698
Kocak_st4|rand_39	3.4233129908301754
Kocak_st4|rand_40	3.3370195090909616
Kocak_st4|rand_41	3.4281090905715965
Kocak_st4|rand_42	3.766494447356854
Kocak_st4|rand_43	3.475829473674
Kocak_st4|rand_44	3.3841869336643406
Kocak_st4|rand_45	3.3471041935075445
Kocak_st4|rand_46	3.5492921169977567
Kocak_st4|rand_47	3.578427393974375
Kocak_st4|rand_48	3.238908719154518
Kocak_st4|rand_49	3.6668219631422545
Kocak_st4|rand_50	3.636123471108503
Kocak_st4|rand_51	3.7506491819909056
Kocak_st4|rand_52	3.6982359228423074
Kocak_st4|rand_53	3.5762515504370134
Kocak_st4|rand_54	3.4816918525094356
Kocak_st4|rand_55	3.912899392896094
Kocak_st4|rand_56	3.219894984030202
Kocak_st4|rand_57	3.713139301998126
Kocak_st4|rand_58	3.388913387742977
Kocak_st4|rand_59	3.517570446690676
Kocak_st4|rand_60	3.621162722377471
Kocak_st4|rand_61	3.544293884234709
Kocak_st4|rand_62	3.4524445903873553
Kocak_st4|rand_63	3.5824538272511206
Kocak_st4|rand_64	3.554554401414272
Kocak_st4|rand_65	3.5131758418131924
Kocak_st4|rand_66	3.6081901118312842
Kocak_st4|rand_67	3.659858152959211
Kocak_st4|rand_68	3.2564354034426883
Kocak_st4|rand_69	3.852022204181964
Kocak_st4|rand_70	3.256565137719013
Kocak_st4|rand_71	3.237600702056244
Kocak_st4|rand_72	3.472408832763108
Kocak_st4|rand_73	3.7781761436480963
Kocak_st4|rand_74	3.54266856672253
Kocak_st4|rand_75	3.363007786399379
Kocak_st4|rand_76	3.021598483608263
Kocak_st4|rand_77	3.5992199374558886
Kocak_st4|rand_78	3.2899251672289065
Kocak_st4|rand_79	3.776147677100406
Kocak_st4|rand_80	3.7732310411061594
Kocak_st4|rand_81	3.2933954597794846
Kocak_st4|rand_82	3.409244370341293
Kocak_st4|rand_83	3.3079110040872037
Kocak_st4|rand_84	3.536700069656642
Kocak_st4|rand_85	3.678237400725743
Kocak_st4|rand_86	3.4718834208996197
Kocak_st4|rand_87	3.4848371495989716
Kocak_st4|rand_88	3.4999447470333593
Kocak_st4|rand_89	3.4740327365391903
Kocak_st4|rand_90	3.285546726839469
Kocak_st4|rand_91	3.441100451447471
Kocak_st4|rand_92	3.052155644293499
Kocak_st4|rand_93	3.318997297453166
Kocak_st4|rand_94	3.6767449617378665
Kocak_st4|rand_95	3.696660809053951
Kocak_st4|rand_96	3.2846215273189623
Kocak_st4|rand_97	3.227295702736898
Kocak_st4|rand_98	3.5750323707571865
Kocak_st4|rand_99	3.508497510438688
Kocak_st4|rand_100	3.5050395175816638
Kocak_st4|rand_101	3.6257102988291434
Kocak_st4|rand_102	3.5005239586978365
Kocak_st4|rand_103	3.5753866142460073
Kocak_st4|rand_104	3.8932007192693323
Kocak_st4|rand_105	3.9163631408047093
Kocak_st4|rand_106	3.36213129195553
Kocak_st4|rand_107	3.406694218274173
Kocak_st4|rand_108	3.4311624518997648
Kocak_st4|rand_109	3.43088950491503
Kocak_st4|rand_110	3.5571413036470383
Kocak_st4|rand_111	3.166786691156366
Kocak_st4|rand_112	3.560289846834333
Kocak_st4|rand_113	3.5388207510837386
Kocak_st4|rand_114	3.5334173774874444
Kocak_st4|rand_115	3.2271153333400915
Kocak_st4|rand_116	3.3822982554623775
Kocak_st4|rand_117	3.5520099939455156
Kocak_st4|rand_118	3.534288680036047
Kocak_st4|rand_119	3.5313782757803387
Kocak_st4|rand_120	3.4225824108514527
Kocak_st4|rand_121	3.2027286432654507
Kocak_st4|rand_122	3.6599664676096846
Kocak_st4|rand_123	3.6102593037695865
Kocak_st4|rand_124	3.2538219578368217
Kocak_st4|rand_125	3.32174280846992
Kocak_st4|rand_126	3.5336418501551643
Kocak_st4|rand_127	3.6192355630240183
Kocak_st4|rand_128	3.308401476999387
Kocak_st4|rand_129	3.076182089478197
Kocak_st4|rand_130	3.361744139246356
Kocak_st4|rand_131	3.3438828215808565
Kocak_st4|rand_132	3.22580406899655
Kocak_st4|rand_133	3.9981262273339735
Kocak_st4|rand_134	3.4737952620054373
Kocak_st4|rand_135	3.556493712077192
Kocak_st4|rand_136	3.763262885911321
Kocak_st4|rand_137	3.2828319203184275
Kocak_st4|rand_138	3.5611018174578595
Kocak_st4|rand_139	3.383340671942863
Kocak_st4|rand_140	3.584034598512507
Kocak_st4|rand_141	3.81757137349553
Kocak_st4|rand_142	4.101197929487076
Kocak_st4|rand_143	3.4956704420301477
Kocak_st4|rand_144	3.469621066908056
Kocak_st4|rand_145	3.611168967388778
Kocak_st4|rand_146	3.47302009480795
Kocak_st4|rand_147	3.613583743845429
Kocak_st4|rand_148	3.2612720394890964
Kocak_st4|rand_149	3.506579685467805
Kocak_st4|rand_150	3.724262073925877
Kocak_st4|rand_151	3.5085914424448683
Kocak_st4|rand_152	3.4786064414096116
Kocak_st4|rand_153	3.562581642423752
Kocak_st4|rand_154	3.2539856212857727
Kocak_st4|rand_155	3.3051303170256197
Kocak_st4|rand_156	3.6094904785439597
Kocak_st4|rand_157	3.6516673123608143
Kocak_st4|rand_158	3.1757132381252164
Kocak_st4|rand_159	3.4298724979909605
Kocak_st4|rand_160	3.4174219473078087
Kocak_st4|rand_161	3.3927080533274183
Kocak_st4|rand_162	3.6053178788826425
Kocak_st4|rand_163	3.496405404162945
Kocak_st4|rand_164	3.1565862938159484
Kocak_st4|rand_165	3.6241798635342994
Kocak_st4|rand_166	3.496645671746782
Kocak_st4|rand_167	3.7561166104727786
Kocak_st4|rand_168	3.36774750930711
Kocak_st4|rand_169	3.698740618063311
Kocak_st4|rand_170	3.275033705889699
Kocak_st4|rand_171	3.61596799475771
Kocak_st4|rand_172	4.040587423335066
Kocak_st4|rand_173	3.6033498893040194
Kocak_st4|rand_174	3.649108068618733
Kocak_st4|rand_175	3.2170764510896466
Kocak_st4|rand_176	3.476933957049889
Kocak_st4|rand_177	3.487526661938382
Kocak_st4|rand_178	3.5621297968562016
Kocak_st4|rand_179	3.1769145461784225
Kocak_st4|rand_180	3.5739619002250715
Kocak_st4|rand_181	2.7751021844698305
Kocak_st4|rand_182	3.210437698209225
Kocak_st4|rand_183	3.5080551017737807
Kocak_st4|rand_184	3.6755818390537964
Kocak_st4|rand_185	3.5940884019394357
Kocak_st4|rand_186	3.219920960276463
Kocak_st4|rand_187	3.4154422531299446
Kocak_st4|rand_188	3.3782889668124554
Kocak_st4|rand_189	3.5909786009879645
Kocak_st4|rand_190	3.846983254378203
Kocak_st4|rand_191	3.614374250391708
Kocak_st4|rand_192	3.6214513934117214
Kocak_st4|rand_193	3.4640914137646823
Kocak_st4|rand_194	3.5388839744149845
Kocak_st4|rand_195	3.1041805702478693
Kocak_st4|rand_196	3.8693253214202827
Kocak_st4|rand_197	3.5080172348171916
Kocak_st4|rand_198	3.5177337439359118
Kocak_st4|rand_199	3.7183372374946764
Kocak_st4|rand_200	3.296668496076434
Kocak_st4|rand_201	3.4975770916493345
Kocak_st4|rand_202	3.2265988164359722
Kocak_st4|rand_203	3.458027950663151
Kocak_st4|rand_204	3.3762580076652706
Kocak_st4|rand_205	3.5285177819971603
Kocak_st4|rand_206	3.7242407219821496
Kocak_st4|rand_207	3.572046546566338
Kocak_st4|rand_208	3.6115416346799676
Kocak_st4|rand_209	3.785741496935591
Kocak_st4|rand_210	3.4905993926074026
Kocak_st4|rand_211	3.5005565899579003
Kocak_st4|rand_212	3.5119236895651764
Kocak_st4|rand_213	3.4823531419424296
Kocak_st4|rand_214	3.014895026894198
Kocak_st4|rand_215	3.506455203150686
Kocak_st4|rand_216	3.4504051426499744
Kocak_st4|rand_217	3.3599802190007617
Kocak_st4|rand_218	3.5303366783875423
Kocak_st4|rand_219	3.9360100926856996
Kocak_st4|rand_220	3.3304424262274024
Kocak_st4|rand_221	3.202136517404265
Kocak_st4|rand_222	3.604638911582687
Kocak_st4|rand_223	3.6654591541037176
Kocak_st4|rand_224	3.408889618113542
Kocak_st4|rand_225	3.378964841977953
Kocak_st4|rand_226	3.6901991304860133
Kocak_st4|rand_227	3.190777720326313
Kocak_st4|rand_228	3.522951066405569
Kocak_st4|rand_229	3.3478027132614376
Kocak_st4|rand_230	3.5219716864739907
Kocak_st4|rand_231	3.3533508820708895
Kocak_st4|rand_232	3.6711388068444144
Kocak_st4|rand_233	3.66109035539975
Kocak_st4|rand_234	3.5740795844281696
Kocak_st4|rand_235	3.571045562664601
Kocak_st4|rand_236	3.394394578983216
Kocak_st4|rand_237	3.646544800992598
Kocak_st4|rand_238	3.6516387072461733
Kocak_st4|rand_239	3.847053382205118
Kocak_st4|rand_240	3.5262212201673226
Kocak_st4|rand_241	3.5729223185397965
Kocak_st4|rand_242	3.589466859334207
Kocak_st4|rand_243	3.239874188294145
Kocak_st4|rand_244	3.4775343023356515
Kocak_st4|rand_245	3.711004974966914
Kocak_st4|rand_246	3.483186308615721
Kocak_st4|rand_247	3.4842498417841226
Kocak_st4|rand_248	3.684038572951708
Kocak_st4|rand_249	3.8218283015886927
Kocak_st4|rand_250	3.4320352203575872
Kocak_st4|rand_251	3.946277011281362
Kocak_st4|rand_252	3.1688354364085076
Kocak_st4|rand_253	3.3928311378524394
Kocak_st4|rand_254	3.758381831893103
Kocak_st4|rand_255	3.2835661213550877
Kocak_st4|rand_256	3.548323517080787
Kocak_st4|rand_257	3.5670107800217665
Kocak_st4|rand_258	3.514299284905566
Kocak_st4|rand_259	3.009167151915625
Kocak_st4|rand_260	3.224423139134253
Kocak_st4|rand_261	3.576483604884019
Kocak_st4|rand_262	3.3112529931289485
Kocak_st4|rand_263	3.831901175521076
Kocak_st4|rand_264	3.2696443569949225
Kocak_st4|rand_265	3.4298609280744943
Kocak_st4|rand_266	3.714875287925911
Kocak_st4|rand_267	3.309634191585441
Kocak_st4|rand_268	3.584913057070031
Kocak_st4|rand_269	3.6224501298662997
Kocak_st4|rand_270	3.7467306204490978
Kocak_st4|rand_271	3.7040340807512773
Kocak_st4|rand_272	3.657367718942668
Kocak_st4|rand_273	3.594023022575889
Kocak_st4|rand_274	3.655515756508068
Kocak_st4|rand_275	3.6735869452246304
Kocak_st4|rand_276	3.088844392720576
Kocak_st4|rand_277	3.6853964842032023
Kocak_st4|rand_278	3.7021891559991875
Kocak_st4|rand_279	3.4991098766850928
Kocak_st4|rand_280	3.30002250647089
Kocak_st4|rand_281	3.232299355997197
Kocak_st4|rand_282	3.459981912875438
Kocak_st4|rand_283	3.5382917578291537
Kocak_st4|rand_284	3.416416406167322
Kocak_st4|rand_285	3.5890029701416593
Kocak_st4|rand_286	3.4879387082683153
Kocak_st4|rand_287	3.443517179957163
Kocak_st4|rand_288	3.5339205767992197
Kocak_st4|rand_289	3.766681090023827
Kocak_st4|rand_290	3.6279705062189223
Kocak_st4|rand_291	3.022769577215921
Kocak_st4|rand_292	3.931731358001177
Kocak_st4|rand_293	3.5361353434059986
Kocak_st4|rand_294	3.8206093200257674
Kocak_st4|rand_295	3.0089644030854834
Kocak_st4|rand_296	3.4732180738028826
Kocak_st4|rand_297	3.352143281855689
Kocak_st4|rand_298	3.4561186691212042
Kocak_st4|rand_299	3.3418700184249945
Kocak_st4|rand_300	3.9942169069772397
Kocak_st4|rand_301	3.496739598311846
Kocak_st4|rand_302	3.586523973765109
Kocak_st4|rand_303	3.5112719371575682
Kocak_st4|rand_304	3.6594814198059584
Kocak_st4|rand_305	3.670149331318817
Kocak_st4|rand_306	3.6641452306488427
Kocak_st4|rand_307	3.37726301462969
Kocak_st4|rand_308	3.5394182003048686
Kocak_st4|rand_309	3.2241261413869795
Kocak_st4|rand_310	3.375072664707863
Kocak_st4|rand_311	3.4890410954517836
Kocak_st4|rand_312	3.505442406346634
Kocak_st4|rand_313	3.908484802825302
Kocak_st4|rand_314	3.2033021810232936
Kocak_st4|rand_315	3.708973274441467
Kocak_st4|rand_316	3.811102875470169
Kocak_st4|rand_317	3.7390488063676695
Kocak_st4|rand_318	3.4558335760136187
Kocak_st4|rand_319	3.6308700537447214
Kocak_st4|rand_320	3.2035288952682115
Kocak_st4|rand_321	3.898684533835943
Kocak_st4|rand_322	3.6939002597624264
Kocak_st4|rand_323	3.333002577084048
Kocak_st4|rand_324	3.731911804769438
Kocak_st4|rand_325	3.5406024174603377
Kocak_st4|rand_326	3.634300893923015
Kocak_st4|rand_327	3.5793771488323163
Kocak_st4|rand_328	3.303196267760823
Kocak_st4|rand_329	3.839026924610625
Kocak_st4|rand_330	3.513304148122279
Kocak_st4|rand_331	3.690087437896
Kocak_st4|rand_332	3.824594459588439
Kocak_st4|rand_333	3.2072252608409126
Kocak_st4|rand_334	3.8637478097526867
Kocak_st4|rand_335	3.68438896124463
Kocak_st4|rand_336	3.4591530184110533
Kocak_st4|rand_337	3.60533021498453
Kocak_st4|rand_338	3.559565219922704
Kocak_st4|rand_339	3.5808738667776265
Kocak_st4|rand_340	3.7105819432727984
Kocak_st4|rand_341	3.5462230448470935
Kocak_st4|rand_342	3.388784544391227
Kocak_st4|rand_343	3.36443569685297
Kocak_st4|rand_344	3.1350836401876423
Kocak_st4|rand_345	3.576425614977645
Kocak_st4|rand_346	3.5025405987570832
Kocak_st4|rand_347	3.397618775134154
Kocak_st4|rand_348	3.4895832943657212
Kocak_st4|rand_349	3.4177744479680663
Kocak_st4|rand_350	3.520180303080793
Kocak_st4|rand_351	3.7436757547055706
Kocak_st4|rand_352	3.696629995510202
Kocak_st4|rand_353	3.3731902199077237
Kocak_st4|rand_354	3.532907225199542
Kocak_st4|rand_355	3.6280925014539576
Kocak_st4|rand_356	3.6242228927382345
Kocak_st4|rand_357	3.4178280207576477
Kocak_st4|rand_358	3.452708061425681
Kocak_st4|rand_359	3.089890929367095
Kocak_st4|rand_360	3.634357550652723
Kocak_st4|rand_361	3.5081395319224704
Kocak_st4|rand_362	3.3749722691823374
Kocak_st4|rand_363	3.5044071841118916
Kocak_st4|rand_364	3.5293868996822324
Kocak_st4|rand_365	3.6241106552866613
Kocak_st4|rand_366	3.209573776607865
Kocak_st4|rand_367	3.3893592356960607
Kocak_st4|rand_368	3.4365575615672004
Kocak_st4|rand_369	3.3696188231447097
Kocak_st4|rand_370	3.7527079963589935
Kocak_st4|rand_371	3.687581526589118
Kocak_st4|rand_372	3.672815145464021
Kocak_st4|rand_373	3.4241806621963837
Kocak_st4|rand_374	3.7694442087757443
Kocak_st4|rand_375	3.178215787180671
Kocak_st4|rand_376	3.5839317915164113
Kocak_st4|rand_377	3.728943970112876
Kocak_st4|rand_378	3.44576494560163
Kocak_st4|rand_379	3.041612648149211
Kocak_st4|rand_380	3.0199644391165212
Kocak_st4|rand_381	3.0457474363685484
Kocak_st4|rand_382	3.7569051947896375
Kocak_st4|rand_383	3.485338450325399
Kocak_st4|rand_384	3.4252935866431957
Kocak_st4|rand_385	3.4182743653978322
Kocak_st4|rand_386	3.662021811818945
Kocak_st4|rand_387	3.575036846096776
Kocak_st4|rand_388	3.4995606569396376
Kocak_st4|rand_389	3.475984748206704
Kocak_st4|rand_390	3.511139901444697
Kocak_st4|rand_391	3.728094747858355
Kocak_st4|rand_392	3.4651937154937134
Kocak_st4|rand_393	3.6372492220161994
Kocak_st4|rand_394	3.7662144800530086
Kocak_st4|rand_395	3.336388846486453
Kocak_st4|rand_396	3.3469639887126714
Kocak_st4|rand_397	3.618933906450285
Kocak_st4|rand_398	3.4219759683784834
Kocak_st4|rand_399	3.835030191693676
Kocak_st4|rand_400	3.663139120903387
Kocak_st4|rand_401	2.950360032329744
Kocak_st4|rand_402	3.52619838278098
Kocak_st4|rand_403	3.58794502599805
Kocak_st4|rand_404	3.4864659153019733
Kocak_st4|rand_405	3.6998867783431875
Kocak_st4|rand_406	3.3177879113017954
Kocak_st4|rand_407	3.4195096405648857
Kocak_st4|rand_408	3.892419881764282
Kocak_st4|rand_409	3.556536584339329
Kocak_st4|rand_410	3.1229564906119203
Kocak_st4|rand_411	3.493882765927735
Kocak_st4|rand_412	3.2913590562149255
Kocak_st4|rand_413	3.5642812935572534
Kocak_st4|rand_414	3.4980747209641776
Kocak_st4|rand_415	3.275502528486279
Kocak_st4|rand_416	3.662694214609687
Kocak_st4|rand_417	3.669377620885692
Kocak_st4|rand_418	3.441423103462634
Kocak_st4|rand_419	3.718298002268813
Kocak_st4|rand_420	3.429649678547168
Kocak_st4|rand_421	3.8772841243297194
Kocak_st4|rand_422	3.1050552804649443
Kocak_st4|rand_423	3.5362302474865497
Kocak_st4|rand_424	3.473289673044226
Kocak_st4|rand_425	3.77391524005529
Kocak_st4|rand_426	3.5641822462771335
Kocak_st4|rand_427	3.661620264630116
Kocak_st4|rand_428	3.7179801181479695
Kocak_st4|rand_429	3.6849078274830114
Kocak_st4|rand_430	3.792586472739319
Kocak_st4|rand_431	3.544786017571635
Kocak_st4|rand_432	3.313323964192895
Kocak_st4|rand_433	3.520087408667227
Kocak_st4|rand_434	3.4105538095798114
Kocak_st4|rand_435	3.484643930101184
Kocak_st4|rand_436	3.6200648907854998
Kocak_st4|rand_437	3.4044807817269467
Kocak_st4|rand_438	3.516165612633792
Kocak_st4|rand_439	2.930482062359551
Kocak_st4|rand_440	3.13289250198282
Kocak_st4|rand_441	3.4744587636107047
Kocak_st4|rand_442	3.6022263580323974
Kocak_st4|rand_443	3.370780062110224
Kocak_st4|rand_444	3.3797514828147324
Kocak_st4|rand_445	3.227481092511751
Kocak_st4|rand_446	3.5020865090282824
Kocak_st4|rand_447	3.783377206961036
Kocak_st4|rand_448	3.352993490052306
Kocak_st4|rand_449	3.0993393217501213
Kocak_st4|rand_450	3.3775124406213606
Kocak_st4|rand_451	3.4592545270140778
Kocak_st4|rand_452	3.7103176301418284
Kocak_st4|rand_453	3.095838697787752
Kocak_st4|rand_454	3.572260179449681
Kocak_st4|rand_455	3.3369235285698937
Kocak_st4|rand_456	3.4948078413856964
Kocak_st4|rand_457	3.6760598661089467
Kocak_st4|rand_458	3.327741330284947
Kocak_st4|rand_459	3.288763026260756
Kocak_st4|rand_460	3.7564158519085415
Kocak_st4|rand_461	3.324777866579426
Kocak_st4|rand_462	3.540145637528767
Kocak_st4|rand_463	3.3480704979932367
Kocak_st4|rand_464	3.310546158031173
Kocak_st4|rand_465	3.3975238839037147
Kocak_st4|rand_466	3.324069974239882
Kocak_st4|rand_467	3.95861124371441
Kocak_st4|rand_468	3.062888511807755
Kocak_st4|rand_469	3.382734829598144
Kocak_st4|rand_470	3.5538343852040013
Kocak_st4|rand_471	3.4149063255005325
Kocak_st4|rand_472	3.6222582096637623
Kocak_st4|rand_473	3.817431908097281
Kocak_st4|rand_474	3.470948516704783
Kocak_st4|rand_475	3.319094233285579
Kocak_st4|rand_476	3.5650207943668804
Kocak_st4|rand_477	3.3908853747372807
Kocak_st4|rand_478	3.574763805774719
Kocak_st4|rand_479	3.4036678391301924
Kocak_st4|rand_480	3.0489402535624164
Kocak_st4|rand_481	3.5959976993226728
Kocak_st4|rand_482	3.803470145550465
Kocak_st4|rand_483	3.4536645280922986
Kocak_st4|rand_484	3.5661353029891094
Kocak_st4|rand_485	3.6668488608441527
Kocak_st4|rand_486	3.361698768301773
Kocak_st4|rand_487	3.433889092890173
Kocak_st4|rand_488	3.36971236423003
Kocak_st4|rand_489	3.6238831541495293
Kocak_st4|rand_490	3.4557125778967013
Kocak_st4|rand_491	3.8429103703462526
Kocak_st4|rand_492	3.514295100353958
Kocak_st4|rand_493	3.381218138913085
Kocak_st4|rand_494	3.73608179308272
Kocak_st4|rand_495	3.5668003395319823
Kocak_st4|rand_496	3.760403954028719
Kocak_st4|rand_497	3.3799698838398125
Kocak_st4|rand_498	3.670214624915392
Kocak_st4|rand_499	3.6161855374117358
Kocak_st4|rand_500	3.4228655293470056
Kocak_st4|rand_501	3.643281753035603
Kocak_st4|rand_502	4.014967245788072
Kocak_st4|rand_503	3.0918939360330215
Kocak_st4|rand_504	3.7563977427324584
Kocak_st4|rand_505	3.4643518451642104
Kocak_st4|rand_506	3.4494558470966217
Kocak_st4|rand_507	3.3290142031854253
Kocak_st4|rand_508	3.42223452133182
Kocak_st4|rand_509	3.287994790661083
Kocak_st4|rand_510	3.766724806869929
Kocak_st4|rand_511	3.246113519756256
Kocak_st4|rand_512	3.3769511777628067
Kocak_st4|rand_513	3.4263405380888434
Kocak_st4|rand_514	3.4472411998767
Kocak_st4|rand_515	3.4909514058533624
Kocak_st4|rand_516	3.2900027480147545
Kocak_st4|rand_517	3.40789230083472
Kocak_st4|rand_518	3.573049042001408
Kocak_st4|rand_519	3.4987466264151976
Kocak_st4|rand_520	3.154131344224972
Kocak_st4|rand_521	3.7013216064173027
Kocak_st4|rand_522	3.481042785382016
Kocak_st4|rand_523	3.653949519176384
Kocak_st4|rand_524	3.6587640244524637
Kocak_st4|rand_525	3.1093814733700005
Kocak_st4|rand_526	3.3275168163583375
Kocak_st4|rand_527	3.5553196810653733
Kocak_st4|rand_528	3.804474352654343
Kocak_st4|rand_529	3.5671066418857467
Kocak_st4|rand_530	3.749166257443967
Kocak_st4|rand_531	3.6095626308996067
Kocak_st4|rand_532	3.397113621886847
Kocak_st4|rand_533	3.283685913837325
Kocak_st4|rand_534	3.694784412232527
Kocak_st4|rand_535	3.5768856093995267
Kocak_st4|rand_536	3.5284106544690483
Kocak_st4|rand_537	3.5017636237272574
Kocak_st4|rand_538	3.506383554437223
Kocak_st4|rand_539	3.6157215556488214
Kocak_st4|rand_540	3.533451263809758
Kocak_st4|rand_541	3.302005757011245
Kocak_st4|rand_542	3.267596598978314
Kocak_st4|rand_543	3.6289587932352965
Kocak_st4|rand_544	3.4374119249246156
Kocak_st4|rand_545	3.611880858517693
Kocak_st4|rand_546	3.201535405274926
Kocak_st4|rand_547	3.5989808072419547
Kocak_st4|rand_548	3.7355094233989043
Kocak_st4|rand_549	3.5325512356638
Kocak_st4|rand_550	3.303222024664918
Kocak_st4|rand_551	3.9314741701326517
Kocak_st4|rand_552	3.116880911924331
Kocak_st4|rand_553	3.7097005875996967
Kocak_st4|rand_554	3.6428018935547106
Kocak_st4|rand_555	3.434563572388774
Kocak_st4|rand_556	3.2406632194761507
Kocak_st4|rand_557	3.2746324324318943
Kocak_st4|rand_558	3.503360375753051
Kocak_st4|rand_559	3.4031850599418814
Kocak_st4|rand_560	3.301140794639539
Kocak_st4|rand_561	3.6340187197986142
Kocak_st4|rand_562	3.7042847899534452
Kocak_st4|rand_563	3.4499734260937975
Kocak_st4|rand_564	3.6935465159814274
Kocak_st4|rand_565	3.5018519161702097
Kocak_st4|rand_566	3.6201453504493273
Kocak_st4|rand_567	3.7464145134180966
Kocak_st4|rand_568	3.926078523671958
Kocak_st4|rand_569	3.2406498080220376
Kocak_st4|rand_570	3.636570232571714
Kocak_st4|rand_571	3.553543567252288
Kocak_st4|rand_572	3.785370058405104
Kocak_st4|rand_573	3.6662974190589437
Kocak_st4|rand_574	3.5401222480254444
Kocak_st4|rand_575	3.434779240657712
Kocak_st4|rand_576	3.487416491620241
Kocak_st4|rand_577	3.576816020267182
Kocak_st4|rand_578	3.638476026731987
Kocak_st4|rand_579	3.551796341260619
Kocak_st4|rand_580	3.580669316154565
Kocak_st4|rand_581	3.7621547676068627
Kocak_st4|rand_582	3.590467285131516
Kocak_st4|rand_583	3.5621207339228587
Kocak_st4|rand_584	3.4869257685084696
Kocak_st4|rand_585	3.563180263300796
Kocak_st4|rand_586	3.7541048983098677
Kocak_st4|rand_587	3.4111154812182627
Kocak_st4|rand_588	3.5395111446126686
Kocak_st4|rand_589	3.8871278305027728
Kocak_st4|rand_590	3.3259805305277963
Kocak_st4|rand_591	3.468961963461208
Kocak_st4|rand_592	3.4656271800812233
Kocak_st4|rand_593	3.668553100317648
Kocak_st4|rand_594	3.858010862012035
Kocak_st4|rand_595	3.729769397353939
Kocak_st4|rand_596	3.5418815635348917
Kocak_st4|rand_597	3.6017452284620153
Kocak_st4|rand_598	3.6677835869023077
Kocak_st4|rand_599	3.1856071705885096
Kocak_st4|rand_600	3.4074095516720218
Kocak_st4|rand_601	3.418835517357593
Kocak_st4|rand_602	3.3185639675078473
Kocak_st4|rand_603	3.7165869646969347
Kocak_st4|rand_604	3.8514602255824335
Kocak_st4|rand_605	3.397218967296351
Kocak_st4|rand_606	3.5099805490687697
Kocak_st4|rand_607	3.6858695701296176
Kocak_st4|rand_608	3.2175897916905014
Kocak_st4|rand_609	3.403857820182894
Kocak_st4|rand_610	3.2705497705687114
Kocak_st4|rand_611	3.6016923290647718
Kocak_st4|rand_612	3.3594094445888096
Kocak_st4|rand_613	3.5118171254283705
Kocak_st4|rand_614	3.6187437833052014
Kocak_st4|rand_615	3.5581739887031323
Kocak_st4|rand_616	3.953078525360984
Kocak_st4|rand_617	3.8450182180242756
Kocak_st4|rand_618	3.378932514103085
Kocak_st4|rand_619	3.341647358002936
Kocak_st4|rand_620	3.501496574199995
Kocak_st4|rand_621	3.4746983671457934
Kocak_st4|rand_622	3.506622403650891
Kocak_st4|rand_623	3.4759419765885338
Kocak_st4|rand_624	3.855938461166059
Kocak_st4|rand_625	3.1383331712486986
Kocak_st4|rand_626	3.2955358616466564
Kocak_st4|rand_627	3.689552431809883
Kocak_st4|rand_628	3.184734422838984
Kocak_st4|rand_629	3.463329195763621
Kocak_st4|rand_630	3.2921045967635374
Kocak_st4|rand_631	3.422145158304493
Kocak_st4|rand_632	3.5588842529545017
Kocak_st4|rand_633	3.480881301218197
Kocak_st4|rand_634	3.520262982415606
Kocak_st4|rand_635	3.487074956715162
Kocak_st4|rand_636	3.3349271293934315
Kocak_st4|rand_637	3.540900509082193
Kocak_st4|rand_638	3.231271058771044
Kocak_st4|rand_639	3.1223091947987207
Kocak_st4|rand_640	3.392753462054158
Kocak_st4|rand_641	3.295596019200117
Kocak_st4|rand_642	3.2571704918808653
Kocak_st4|rand_643	3.4373249329199207
Kocak_st4|rand_644	3.6332816704283033
Kocak_st4|rand_645	3.200660235348588
Kocak_st4|rand_646	3.398074373825134
Kocak_st4|rand_647	3.4200418881580052
Kocak_st4|rand_648	3.656160041312586
Kocak_st4|rand_649	3.3630107996811334
Kocak_st4|rand_650	3.4267595674419757
Kocak_st4|rand_651	3.418216328895514
Kocak_st4|rand_652	3.639855228615269
Kocak_st4|rand_653	3.6506383014003925
Kocak_st4|rand_654	3.6579371581430253
Kocak_st4|rand_655	3.111090616343657
Kocak_st4|rand_656	3.3749169797983964
Kocak_st4|rand_657	3.8825505426758773
Kocak_st4|rand_658	3.6219055962502793
Kocak_st4|rand_659	3.4148166748192934
Kocak_st4|rand_660	3.5605798097540924
Kocak_st4|rand_661	3.635633038931266
Kocak_st4|rand_662	3.565098942469025
Kocak_st4|rand_663	3.3317914308669057
Kocak_st4|rand_664	3.335401146368984
Kocak_st4|rand_665	3.4578911962966865
Kocak_st4|rand_666	3.2872822049094528
Kocak_st4|rand_667	3.5080087000087468
Kocak_st4|rand_668	3.3036102502473796
Kocak_st4|rand_669	3.3387658679441294
Kocak_st4|rand_670	3.602425822445807
Kocak_st4|rand_671	3.41561443722755
Kocak_st4|rand_672	3.482071324080994
Kocak_st4|rand_673	3.9270896100923935
Kocak_st4|rand_674	3.277014001453876
Kocak_st4|rand_675	3.2781257383486304
Kocak_st4|rand_676	3.619001490339621
Kocak_st4|rand_677	3.4484283486258964
Kocak_st4|rand_678	3.4828179808328388
Kocak_st4|rand_679	3.834684068058842
Kocak_st4|rand_680	4.010023526262746
Kocak_st4|rand_681	3.1331869164160895
Kocak_st4|rand_682	3.580453585129383
Kocak_st4|rand_683	3.496706534358935
Kocak_st4|rand_684	3.564222146168154
Kocak_st4|rand_685	3.846338168793869
Kocak_st4|rand_686	3.5526075684456817
Kocak_st4|rand_687	3.2480789286517404
Kocak_st4|rand_688	3.7631349758705843
Kocak_st4|rand_689	3.582754795056227
Kocak_st4|rand_690	3.5968750317461615
Kocak_st4|rand_691	3.44762576725143
Kocak_st4|rand_692	3.5764936119188957
Kocak_st4|rand_693	3.5864633935220365
Kocak_st4|rand_694	3.5534212140047563
Kocak_st4|rand_695	3.5930538580922655
Kocak_st4|rand_696	3.4570021925508794
Kocak_st4|rand_697	3.221392361783355
Kocak_st4|rand_698	3.6477145332900647
Kocak_st4|rand_699	3.6234648663433644
Kocak_st4|rand_700	3.8017367412042424
Kocak_st4|rand_701	3.5497637142385297
Kocak_st4|rand_702	3.563696013550463
Kocak_st4|rand_703	3.174366117925946
Kocak_st4|rand_704	3.199037771824149
Kocak_st4|rand_705	3.430669095865425
Kocak_st4|rand_706	3.494868466821715
Kocak_st4|rand_707	3.431606797074637
Kocak_st4|rand_708	3.3109690295032843
Kocak_st4|rand_709	3.6667696984464624
Kocak_st4|rand_710	3.4794524501266335
Kocak_st4|rand_711	3.152828592296017
Kocak_st4|rand_712	3.437945832573499
Kocak_st4|rand_713	2.99424218204053
Kocak_st4|rand_714	3.15343474956395
Kocak_st4|rand_715	3.8817520897366267
Kocak_st4|rand_716	3.569731521905059
Kocak_st4|rand_717	3.5519287059202616
Kocak_st4|rand_718	3.41957753617563
Kocak_st4|rand_719	3.5503714387697975
Kocak_st4|rand_720	3.553948322773026
Kocak_st4|rand_721	3.521397691209365
Kocak_st4|rand_722	3.5863160662162312
Kocak_st4|rand_723	3.422524944486074
Kocak_st4|rand_724	3.5626644480566596
Kocak_st4|rand_725	3.3550968865909594
Kocak_st4|rand_726	3.675119893587922
Kocak_st4|rand_727	3.455613988296793
Kocak_st4|rand_728	3.5531467762931994
Kocak_st4|rand_729	3.3488402402913096
Kocak_st4|rand_730	3.5877088958362875
Kocak_st4|rand_731	3.786963273329749
Kocak_st4|rand_732	3.5608533331555146
Kocak_st4|rand_733	3.447081328997229
Kocak_st4|rand_734	3.338149061445668
Kocak_st4|rand_735	3.619172875758352
Kocak_st4|rand_736	3.4756161915630823
Kocak_st4|rand_737	4.012342020261309
Kocak_st4|rand_738	3.732900907747965
Kocak_st4|rand_739	3.5689148846279446
Kocak_st4|rand_740	3.3817720551119996
Kocak_st4|rand_741	3.5734238575575765
Kocak_st4|rand_742	3.352338647982103
Kocak_st4|rand_743	3.3258843371341245
Kocak_st4|rand_744	3.8275611384190005
Kocak_st4|rand_745	3.4377635139440277
Kocak_st4|rand_746	3.8841562646185
Kocak_st4|rand_747	3.7421681614181557
Kocak_st4|rand_748	3.560733537082909
Kocak_st4|rand_749	3.7232266977303694
Kocak_st4|rand_750	3.56513073076945
Kocak_st4|rand_751	3.138228866229226
Kocak_st4|rand_752	3.5665709430420094
Kocak_st4|rand_753	3.3396930913346523
Kocak_st4|rand_754	3.444142910146148
Kocak_st4|rand_755	3.4532519924604896
Kocak_st4|rand_756	3.7613980524254313
Kocak_st4|rand_757	3.5591332711412647
Kocak_st4|rand_758	3.7795700233194642
Kocak_st4|rand_759	3.4062911408353664
Kocak_st4|rand_760	3.3651291565586354
Kocak_st4|rand_761	3.5143679378083172
Kocak_st4|rand_762	3.266298639220432
Kocak_st4|rand_763	3.3855294545439354
Kocak_st4|rand_764	3.1912234630928737
Kocak_st4|rand_765	3.4215364469723344
Kocak_st4|rand_766	3.3868210147344575
Kocak_st4|rand_767	3.5417539967181533
Kocak_st4|rand_768	3.4045808667810875
Kocak_st4|rand_769	3.4840582860098173
Kocak_st4|rand_770	3.4270687812549196
Kocak_st4|rand_771	3.7585655686806185
Kocak_st4|rand_772	3.5958877495340174
Kocak_st4|rand_773	3.8100684088175427
Kocak_st4|rand_774	3.1757869223085233
Kocak_st4|rand_775	3.427668654655841
Kocak_st4|rand_776	2.8298413242831204
Kocak_st4|rand_777	3.743269278186114
Kocak_st4|rand_778	3.491978561831261
Kocak_st4|rand_779	3.6363591841717575
Kocak_st4|rand_780	3.7274548959589855
Kocak_st4|rand_781	3.3860248656186775
Kocak_st4|rand_782	3.495646175660026
Kocak_st4|rand_783	3.2583632924733577
Kocak_st4|rand_784	3.4511701055669723
Kocak_st4|rand_785	3.383185309388202
Kocak_st4|rand_786	3.330262043026534
Kocak_st4|rand_787	3.5064493806560812
Kocak_st4|rand_788	3.324550459315099
Kocak_st4|rand_789	3.7194025778535593
Kocak_st4|rand_790	3.5315793795400894
Kocak_st4|rand_791	3.295726311666066
Kocak_st4|rand_792	3.4839101263111694
Kocak_st4|rand_793	3.7220642208934254
Kocak_st4|rand_794	3.537790597448637
Kocak_st4|rand_795	3.2024613460679223
Kocak_st4|rand_796	3.2664149327801844
Kocak_st4|rand_797	3.470667796307602
Kocak_st4|rand_798	3.4969693779956597
Kocak_st4|rand_799	3.296012501096504
Kocak_st4|rand_800	3.388255970175758
Kocak_st4|rand_801	3.5189316640476815
Kocak_st4|rand_802	3.584124155825281
Kocak_st4|rand_803	3.4105201006015853
Kocak_st4|rand_804	3.4152239767166703
Kocak_st4|rand_805	3.5015897829372964
Kocak_st4|rand_806	3.3720712620166955
Kocak_st4|rand_807	3.5204733545415277
Kocak_st4|rand_808	3.2732983964075073
Kocak_st4|rand_809	3.35521985082942
Kocak_st4|rand_810	3.375663744316263
Kocak_st4|rand_811	3.8139789756247726
Kocak_st4|rand_812	3.5845286690131104
Kocak_st4|rand_813	3.4754358018150895
Kocak_st4|rand_814	3.2087683282478223
Kocak_st4|rand_815	3.406089286639475
Kocak_st4|rand_816	3.7110514293021915
Kocak_st4|rand_817	3.7053874043353834
Kocak_st4|rand_818	3.618641043692669
Kocak_st4|rand_819	3.9000037929808395
Kocak_st4|rand_820	3.7604858369780114
Kocak_st4|rand_821	3.653729973007402
Kocak_st4|rand_822	3.2733896128269504
Kocak_st4|rand_823	3.3946755663095805
Kocak_st4|rand_824	3.4191124579023953
Kocak_st4|rand_825	3.790313322410321
Kocak_st4|rand_826	3.3717230492847974
Kocak_st4|rand_827	3.6212890657707537
Kocak_st4|rand_828	3.677332800082502
Kocak_st4|rand_829	3.4870868336958405
Kocak_st4|rand_830	3.65798422397214
Kocak_st4|rand_831	3.7376135436587403
Kocak_st4|rand_832	2.990437333499665
Kocak_st4|rand_833	3.5095772287987694
Kocak_st4|rand_834	3.2746485389167717
Kocak_st4|rand_835	3.665296498866185
Kocak_st4|rand_836	3.544457818158267
Kocak_st4|rand_837	3.4891675388632772
Kocak_st4|rand_838	3.488403790908267
Kocak_st4|rand_839	3.67595957035317
Kocak_st4|rand_840	3.618081484552892
Kocak_st4|rand_841	3.389732056795911
Kocak_st4|rand_842	3.4144558361723862
Kocak_st4|rand_843	3.160387932611506
Kocak_st4|rand_844	3.5350403457172663
Kocak_st4|rand_845	3.60320172339503
Kocak_st4|rand_846	3.612211074980683
Kocak_st4|rand_847	3.577689667652837
Kocak_st4|rand_848	3.4718736950102342
Kocak_st4|rand_849	3.602484964943657
Kocak_st4|rand_850	3.1754725396280508
Kocak_st4|rand_851	3.8562894672246824
Kocak_st4|rand_852	3.513519275269941
Kocak_st4|rand_853	3.76797180307654
Kocak_st4|rand_854	3.559525605346743
Kocak_st4|rand_855	3.3638925779929187
Kocak_st4|rand_856	3.3186276953842184
Kocak_st4|rand_857	3.2595406851026727
Kocak_st4|rand_858	3.5714732727652314
Kocak_st4|rand_859	3.445954480758489
Kocak_st4|rand_860	3.5826033222958165
Kocak_st4|rand_861	3.6105655110971786
Kocak_st4|rand_862	3.4708079820040774
Kocak_st4|rand_863	4.014712260124928
Kocak_st4|rand_864	3.228620093825974
Kocak_st4|rand_865	3.5759528190675685
Kocak_st4|rand_866	3.25617309273221
Kocak_st4|rand_867	3.6207145525645696
Kocak_st4|rand_868	3.517893143330047
Kocak_st4|rand_869	3.654169233182402
Kocak_st4|rand_870	3.4430929213059147
Kocak_st4|rand_871	3.348147433642961
Kocak_st4|rand_872	3.7897508609820494
Kocak_st4|rand_873	3.7298857871762894
Kocak_st4|rand_874	3.672358228899086
Kocak_st4|rand_875	3.4949037673556793
Kocak_st4|rand_876	3.644369646895067
Kocak_st4|rand_877	3.4898963973613464
Kocak_st4|rand_878	3.4756824315424355
Kocak_st4|rand_879	3.4102325910423494
Kocak_st4|rand_880	3.370021539373913
Kocak_st4|rand_881	3.50722473577654
Kocak_st4|rand_882	3.689158576552609
Kocak_st4|rand_883	3.2698853278942894
Kocak_st4|rand_884	3.5875110901339182
Kocak_st4|rand_885	3.637890569906076
Kocak_st4|rand_886	3.746291607061436
Kocak_st4|rand_887	3.374956515343875
Kocak_st4|rand_888	3.297504431307478
Kocak_st4|rand_889	3.6748892353853373
Kocak_st4|rand_890	3.482016848615062
Kocak_st4|rand_891	3.4109666699154744
Kocak_st4|rand_892	3.309687196597475
Kocak_st4|rand_893	3.4733100098763234
Kocak_st4|rand_894	3.5184863118714973
Kocak_st4|rand_895	3.542945297856178
Kocak_st4|rand_896	3.2668345652207753
Kocak_st4|rand_897	3.6226395653076415
Kocak_st4|rand_898	3.374949993082792
Kocak_st4|rand_899	3.595127774007399
Kocak_st4|rand_900	3.489049544706081
Kocak_st4|rand_901	3.8014474038031936
Kocak_st4|rand_902	3.488854101582415
Kocak_st4|rand_903	3.8207499204189332
Kocak_st4|rand_904	3.591267959013777
Kocak_st4|rand_905	3.406902572798306
Kocak_st4|rand_906	3.7255125608021653
Kocak_st4|rand_907	3.3676618489473054
Kocak_st4|rand_908	3.627494655166013
Kocak_st4|rand_909	3.2655005809942486
Kocak_st4|rand_910	3.377511473415111
Kocak_st4|rand_911	3.796441864718824
Kocak_st4|rand_912	3.7521707713665258
Kocak_st4|rand_913	3.9034634023762544
Kocak_st4|rand_914	3.528861900344268
Kocak_st4|rand_915	3.4174502713997374
Kocak_st4|rand_916	3.3604336855352224
Kocak_st4|rand_917	3.6182875377210326
Kocak_st4|rand_918	3.6350682745566716
Kocak_st4|rand_919	3.726568207923329
Kocak_st4|rand_920	3.6183945098686667
Kocak_st4|rand_921	3.4850631993678594
Kocak_st4|rand_922	3.69588667675518
Kocak_st4|rand_923	3.164729269771938
Kocak_st4|rand_924	3.597474245877734
Kocak_st4|rand_925	3.3394608740251597
Kocak_st4|rand_926	3.1854674504514024
Kocak_st4|rand_927	3.290456350912563
Kocak_st4|rand_928	3.332195362724896
Kocak_st4|rand_929	3.403165073789899
Kocak_st4|rand_930	3.2932258714689056
Kocak_st4|rand_931	3.3295019251644167
Kocak_st4|rand_932	3.336585180577771
Kocak_st4|rand_933	3.1181125668181213
Kocak_st4|rand_934	3.425979451967302
Kocak_st4|rand_935	3.0104575286609703
Kocak_st4|rand_936	3.8435721070374513
Kocak_st4|rand_937	3.6629496580366814
Kocak_st4|rand_938	3.676233013666981
Kocak_st4|rand_939	3.518956840811727
Kocak_st4|rand_940	3.9335691429446102
Kocak_st4|rand_941	3.265541194796526
Kocak_st4|rand_942	3.3979564713238735
Kocak_st4|rand_943	3.974058723732988
Kocak_st4|rand_944	3.6430380348406204
Kocak_st4|rand_945	3.344100829912555
Kocak_st4|rand_946	3.745841556303396
Kocak_st4|rand_947	3.522499466426676
Kocak_st4|rand_948	3.470544212098844
Kocak_st4|rand_949	3.6537664987867173
Kocak_st4|rand_950	3.536118790719489
Kocak_st4|rand_951	3.3936991830863716
Kocak_st4|rand_952	3.3536519550281945
Kocak_st4|rand_953	3.6018358283814615
Kocak_st4|rand_954	3.463019483037243
Kocak_st4|rand_955	3.4676891507686998
Kocak_st4|rand_956	3.8067269213605512
Kocak_st4|rand_957	3.5424104818437603
Kocak_st4|rand_958	3.777661525169584
Kocak_st4|rand_959	3.471078765105915
Kocak_st4|rand_960	3.388070062397765
Kocak_st4|rand_961	3.397116164618171
Kocak_st4|rand_962	3.5602741284617316
Kocak_st4|rand_963	3.5053776676061212
Kocak_st4|rand_964	3.8202767364447205
Kocak_st4|rand_965	3.232414539116678
Kocak_st4|rand_966	3.536759402439272
Kocak_st4|rand_967	3.321664241839759
Kocak_st4|rand_968	3.4661416189732597
Kocak_st4|rand_969	3.4786945211675495
Kocak_st4|rand_970	3.1788129418751168
Kocak_st4|rand_971	3.848459675188549
Kocak_st4|rand_972	3.72838494023746
Kocak_st4|rand_973	3.4352117597420952
Kocak_st4|rand_974	3.7085144437744084
Kocak_st4|rand_975	3.4985747286409636
Kocak_st4|rand_976	3.4603629336773474
Kocak_st4|rand_977	3.4697812602044626
Kocak_st4|rand_978	3.5300220850333757
Kocak_st4|rand_979	3.694773526612136
Kocak_st4|rand_980	3.279480369697579
Kocak_st4|rand_981	3.578228468236734
Kocak_st4|rand_982	3.165457707433057
Kocak_st4|rand_983	3.411632316021472
Kocak_st4|rand_984	3.6316901353977435
Kocak_st4|rand_985	3.490942495541196
Kocak_st4|rand_986	3.647893067822347
Kocak_st4|rand_987	3.466801896422253
Kocak_st4|rand_988	3.2014631779073754
Kocak_st4|rand_989	3.7276708513712293
Kocak_st4|rand_990	3.656747007360705
Kocak_st4|rand_991	3.729821188670881
Kocak_st4|rand_992	3.273722396206968
Kocak_st4|rand_993	3.2515032213085613
Kocak_st4|rand_994	3.431372966570242
Kocak_st4|rand_995	3.1695237983683016
Kocak_st4|rand_996	3.7147931124713724
Kocak_st4|rand_997	3.3937325788245833
Kocak_st4|rand_998	3.532712040475781
Kocak_st4|rand_999	3.768964945573552
Kocak_st4|rand_1000	3.5649204683098277
Kocak_st4s|rand_1	3.799488616278422
Kocak_st4s|rand_2	3.4735112688995877
Kocak_st4s|rand_3	3.650270516291562
Kocak_st4s|rand_4	3.6885210030351274
Kocak_st4s|rand_5	3.527853289138023
Kocak_st4s|rand_6	3.5704149282418403
Kocak_st4s|rand_7	3.513776694012515
Kocak_st4s|rand_8	3.44190365180741
Kocak_st4s|rand_9	3.283165176538413
Kocak_st4s|rand_10	3.6458035881117703
Kocak_st4s|rand_11	3.5393870997440113
Kocak_st4s|rand_12	3.9045799911809564
Kocak_st4s|rand_13	3.3864093373366404
Kocak_st4s|rand_14	3.2464177218216226
Kocak_st4s|rand_15	3.4289846610162846
Kocak_st4s|rand_16	3.4912917490855953
Kocak_st4s|rand_17	3.2424118902649917
Kocak_st4s|rand_18	3.4236646816484986
Kocak_st4s|rand_19	3.471124827681455
Kocak_st4s|rand_20	3.510941507409715
Kocak_st4s|rand_21	3.6383975721770283
Kocak_st4s|rand_22	3.8841575477884547
Kocak_st4s|rand_23	3.503970163704637
Kocak_st4s|rand_24	3.1449827246100543
Kocak_st4s|rand_25	3.5004007919157445
Kocak_st4s|rand_26	3.4799706630596954
Kocak_st4s|rand_27	3.6666428156814845
Kocak_st4s|rand_28	3.686718164364592
Kocak_st4s|rand_29	3.588251666696168
Kocak_st4s|rand_30	3.375996058650761
Kocak_st4s|rand_31	3.7542180351682273
Kocak_st4s|rand_32	3.5443605706870427
Kocak_st4s|rand_33	3.4990243040681195
Kocak_st4s|rand_34	3.725447421533945
Kocak_st4s|rand_35	3.3773077178410777
Kocak_st4s|rand_36	3.5829072821207193
Kocak_st4s|rand_37	3.7194052981383305
Kocak_st4s|rand_38	3.8158517917142074
Kocak_st4s|rand_39	3.2364818057982654
Kocak_st4s|rand_40	3.419116888830167
Kocak_st4s|rand_41	3.5485680591347344
Kocak_st4s|rand_42	3.5435153288837133
Kocak_st4s|rand_43	3.4551729050387436
Kocak_st4s|rand_44	3.4415367286883436
Kocak_st4s|rand_45	3.4318907726524266
Kocak_st4s|rand_46	3.5729722201272116
Kocak_st4s|rand_47	3.527758585700446
Kocak_st4s|rand_48	3.306763648754838
Kocak_st4s|rand_49	3.7614152602378144
Kocak_st4s|rand_50	3.4664730759948656
Kocak_st4s|rand_51	3.6122762700150752
Kocak_st4s|rand_52	3.6665591579385417
Kocak_st4s|rand_53	3.901825610711673
Kocak_st4s|rand_54	3.3463884732252596
Kocak_st4s|rand_55	3.7612041087296446
Kocak_st4s|rand_56	3.0570182620743465
Kocak_st4s|rand_57	3.570546262949049
Kocak_st4s|rand_58	3.004191166966439
Kocak_st4s|rand_59	3.4776634277310037
Kocak_st4s|rand_60	3.363937433864816
Kocak_st4s|rand_61	3.5037476653179063
Kocak_st4s|rand_62	3.370163904869603
Kocak_st4s|rand_63	3.543946002306984
Kocak_st4s|rand_64	3.6280582481803614
Kocak_st4s|rand_65	3.5428938162704458
Kocak_st4s|rand_66	3.7754496055399924
Kocak_st4s|rand_67	3.5974343587561886
Kocak_st4s|rand_68	3.5105712866851126
Kocak_st4s|rand_69	3.5241473968849095
Kocak_st4s|rand_70	3.5263719305557895
Kocak_st4s|rand_71	3.4113330030926936
Kocak_st4s|rand_72	3.5509831473987274
Kocak_st4s|rand_73	3.504606427614302
Kocak_st4s|rand_74	3.830595183335931
Kocak_st4s|rand_75	3.3829421837245364
Kocak_st4s|rand_76	2.963108425458917
Kocak_st4s|rand_77	3.6526663451297607
Kocak_st4s|rand_78	3.2423256117634462
Kocak_st4s|rand_79	3.591917216608479
Kocak_st4s|rand_80	3.6867466172784047
Kocak_st4s|rand_81	3.4770310892604885
Kocak_st4s|rand_82	3.6966026988102887
Kocak_st4s|rand_83	3.465349018883405
Kocak_st4s|rand_84	3.6163404016774137
Kocak_st4s|rand_85	3.356874423998335
Kocak_st4s|rand_86	3.647088573023836
Kocak_st4s|rand_87	3.191582041742121
Kocak_st4s|rand_88	3.296088200216309
Kocak_st4s|rand_89	3.4124301234991177
Kocak_st4s|rand_90	3.410334736011914
Kocak_st4s|rand_91	3.7069231248174854
Kocak_st4s|rand_92	3.3566581879563198
Kocak_st4s|rand_93	3.442742680999591
Kocak_st4s|rand_94	3.5065559120791314
Kocak_st4s|rand_95	3.346834760059355
Kocak_st4s|rand_96	3.573981996792872
Kocak_st4s|rand_97	3.367550589970399
Kocak_st4s|rand_98	3.50803967833749
Kocak_st4s|rand_99	3.751588459423043
Kocak_st4s|rand_100	3.2745605234729047
Kocak_st4s|rand_101	3.6735119813497694
Kocak_st4s|rand_102	3.5134196411971623
Kocak_st4s|rand_103	3.4242314194184167
Kocak_st4s|rand_104	3.7406869161675216
Kocak_st4s|rand_105	3.5802900634753305
Kocak_st4s|rand_106	3.3008834026698244
Kocak_st4s|rand_107	3.7292778993186024
Kocak_st4s|rand_108	3.548104712205649
Kocak_st4s|rand_109	3.2700407367851763
Kocak_st4s|rand_110	3.4730445442576667
Kocak_st4s|rand_111	3.3182734344975593
Kocak_st4s|rand_112	3.6057151065582356
Kocak_st4s|rand_113	3.540841839305118
Kocak_st4s|rand_114	3.595485733248873
Kocak_st4s|rand_115	3.0406970920933047
Kocak_st4s|rand_116	3.2758186638327342
Kocak_st4s|rand_117	3.5249588322004604
Kocak_st4s|rand_118	3.32624785376733
Kocak_st4s|rand_119	3.5763769445385014
Kocak_st4s|rand_120	3.427490793414668
Kocak_st4s|rand_121	3.2214864160266585
Kocak_st4s|rand_122	3.5616508092962755
Kocak_st4s|rand_123	3.5458285604142024
Kocak_st4s|rand_124	3.1349241189649595
Kocak_st4s|rand_125	3.285898695182941
Kocak_st4s|rand_126	3.565352104040603
Kocak_st4s|rand_127	3.8621412170409237
Kocak_st4s|rand_128	3.483603115176032
Kocak_st4s|rand_129	3.2402038341090016
Kocak_st4s|rand_130	3.3790534608059897
Kocak_st4s|rand_131	3.4194061301927787
Kocak_st4s|rand_132	3.3881305212901767
Kocak_st4s|rand_133	3.809653715933993
Kocak_st4s|rand_134	3.401383868844929
Kocak_st4s|rand_135	3.439244422268995
Kocak_st4s|rand_136	3.696375782648314
Kocak_st4s|rand_137	3.394585911061238
Kocak_st4s|rand_138	3.3053911683908965
Kocak_st4s|rand_139	3.318813351137408
Kocak_st4s|rand_140	3.439189453861066
Kocak_st4s|rand_141	3.743623327625686
Kocak_st4s|rand_142	3.398965912379771
Kocak_st4s|rand_143	3.683648459196453
Kocak_st4s|rand_144	3.3123772998431016
Kocak_st4s|rand_145	3.7616716037844316
Kocak_st4s|rand_146	3.6844362241140307
Kocak_st4s|rand_147	3.4758880108601313
Kocak_st4s|rand_148	3.439013265851335
Kocak_st4s|rand_149	3.5882137819749955
Kocak_st4s|rand_150	3.623796976004645
Kocak_st4s|rand_151	3.6572282738718287
Kocak_st4s|rand_152	3.4968436545350103
Kocak_st4s|rand_153	3.451164304978672
Kocak_st4s|rand_154	3.345134658091986
Kocak_st4s|rand_155	3.427456257044768
Kocak_st4s|rand_156	3.732280649990174
Kocak_st4s|rand_157	3.771349112306394
Kocak_st4s|rand_158	3.305015104670817
Kocak_st4s|rand_159	3.5339230368526966
Kocak_st4s|rand_160	3.3545466986787162
Kocak_st4s|rand_161	3.3418155257134927
Kocak_st4s|rand_162	3.438584668901749
Kocak_st4s|rand_163	3.5105954048655326
Kocak_st4s|rand_164	3.2733085227772873
Kocak_st4s|rand_165	3.4968059003622565
Kocak_st4s|rand_166	3.2600603745605508
Kocak_st4s|rand_167	3.7442439376203294
Kocak_st4s|rand_168	3.665300510930059
Kocak_st4s|rand_169	3.607569780283705
Kocak_st4s|rand_170	3.691115578654053
Kocak_st4s|rand_171	3.7124295574516566
Kocak_st4s|rand_172	3.7138236003056013
Kocak_st4s|rand_173	3.33501645008624
Kocak_st4s|rand_174	3.450374210551811
Kocak_st4s|rand_175	3.1921633284106776
Kocak_st4s|rand_176	3.7250496560687787
Kocak_st4s|rand_177	3.2941042814619372
Kocak_st4s|rand_178	3.6055388446960914
Kocak_st4s|rand_179	3.2349761163518385
Kocak_st4s|rand_180	3.365289883112593
Kocak_st4s|rand_181	3.05809557133379
Kocak_st4s|rand_182	3.661310831690443
Kocak_st4s|rand_183	3.4994461972277104
Kocak_st4s|rand_184	3.371593337751454
Kocak_st4s|rand_185	3.662472340676172
Kocak_st4s|rand_186	3.3433390530630156
Kocak_st4s|rand_187	3.3552096240813514
Kocak_st4s|rand_188	3.457582797890883
Kocak_st4s|rand_189	3.4177968985195526
Kocak_st4s|rand_190	3.772040063619066
Kocak_st4s|rand_191	3.604640163262413
Kocak_st4s|rand_192	3.3980051952399437
Kocak_st4s|rand_193	3.245962811071426
Kocak_st4s|rand_194	3.6482958168062165
Kocak_st4s|rand_195	3.3738983939879685
Kocak_st4s|rand_196	3.8641447291496545
Kocak_st4s|rand_197	3.4894738381387795
Kocak_st4s|rand_198	3.374564462015961
Kocak_st4s|rand_199	3.4932205313673292
Kocak_st4s|rand_200	3.3776310144940394
Kocak_st4s|rand_201	3.6783245980303705
Kocak_st4s|rand_202	3.3007810488003315
Kocak_st4s|rand_203	3.5387718756800077
Kocak_st4s|rand_204	3.5164038544348597
Kocak_st4s|rand_205	3.2938904564309026
Kocak_st4s|rand_206	3.6936591425625727
Kocak_st4s|rand_207	3.2662850782464465
Kocak_st4s|rand_208	3.622209036649243
Kocak_st4s|rand_209	3.8685172382322675
Kocak_st4s|rand_210	3.5386553221724486
Kocak_st4s|rand_211	3.494597581824774
Kocak_st4s|rand_212	3.3209956801874663
Kocak_st4s|rand_213	3.6754344042812983
Kocak_st4s|rand_214	3.1670238661642043
Kocak_st4s|rand_215	3.6652859669728213
Kocak_st4s|rand_216	3.4920881648134787
Kocak_st4s|rand_217	3.548413799786661
Kocak_st4s|rand_218	3.62585794036527
Kocak_st4s|rand_219	3.6305829424236307
Kocak_st4s|rand_220	3.347868169889655
Kocak_st4s|rand_221	3.175699558225924
Kocak_st4s|rand_222	3.6765688045674945
Kocak_st4s|rand_223	3.443987553805183
Kocak_st4s|rand_224	3.246740881032979
Kocak_st4s|rand_225	3.4790492689668002
Kocak_st4s|rand_226	3.5727308194735983
Kocak_st4s|rand_227	3.2959445511997254
Kocak_st4s|rand_228	3.520904947999526
Kocak_st4s|rand_229	3.547456086661634
Kocak_st4s|rand_230	3.248351527538244
Kocak_st4s|rand_231	3.2849797395065656
Kocak_st4s|rand_232	3.591593843916115
Kocak_st4s|rand_233	3.3486317041344362
Kocak_st4s|rand_234	3.410342821690094
Kocak_st4s|rand_235	3.3445016413841624
Kocak_st4s|rand_236	3.5705666823854854
Kocak_st4s|rand_237	3.648110923913445
Kocak_st4s|rand_238	3.409846980807682
Kocak_st4s|rand_239	3.7104325280629795
Kocak_st4s|rand_240	3.7055988820488213
Kocak_st4s|rand_241	3.5759960904286334
Kocak_st4s|rand_242	3.600763878042842
Kocak_st4s|rand_243	3.669600337728994
Kocak_st4s|rand_244	3.6768829368302653
Kocak_st4s|rand_245	3.4955273594986993
Kocak_st4s|rand_246	3.7447599483671556
Kocak_st4s|rand_247	3.5864216243756393
Kocak_st4s|rand_248	3.576364493682581
Kocak_st4s|rand_249	3.803759372744049
Kocak_st4s|rand_250	3.288036049365331
Kocak_st4s|rand_251	3.7250212646362626
Kocak_st4s|rand_252	3.1268838274873185
Kocak_st4s|rand_253	3.466269053810395
Kocak_st4s|rand_254	3.622394963199116
Kocak_st4s|rand_255	3.1317665142305176
Kocak_st4s|rand_256	3.5008531323039302
Kocak_st4s|rand_257	3.7206976823659783
Kocak_st4s|rand_258	3.5391161619732823
Kocak_st4s|rand_259	3.189913325900992
Kocak_st4s|rand_260	3.324770702408059
Kocak_st4s|rand_261	3.5945480376507914
Kocak_st4s|rand_262	3.3238633261390516
Kocak_st4s|rand_263	3.470292783538509
Kocak_st4s|rand_264	3.29321066946664
Kocak_st4s|rand_265	3.496011968171525
Kocak_st4s|rand_266	3.774312065347233
Kocak_st4s|rand_267	3.3242520100397077
Kocak_st4s|rand_268	3.683496490251924
Kocak_st4s|rand_269	3.8648884342975327
Kocak_st4s|rand_270	3.5076506705964965
Kocak_st4s|rand_271	3.652534645378009
Kocak_st4s|rand_272	3.7279735994112695
Kocak_st4s|rand_273	3.483512478959767
Kocak_st4s|rand_274	3.74978104582077
Kocak_st4s|rand_275	3.6806607772168345
Kocak_st4s|rand_276	3.2027853531023682
Kocak_st4s|rand_277	3.4514101899079836
Kocak_st4s|rand_278	3.6232294237543976
Kocak_st4s|rand_279	3.575586720412311
Kocak_st4s|rand_280	3.5405674799281104
Kocak_st4s|rand_281	3.464894197972452
Kocak_st4s|rand_282	3.4788553667288262
Kocak_st4s|rand_283	3.5367994183904505
Kocak_st4s|rand_284	3.760734566109807
Kocak_st4s|rand_285	3.4007300149714137
Kocak_st4s|rand_286	3.4214132762179372
Kocak_st4s|rand_287	3.7168506939016144
Kocak_st4s|rand_288	3.5901599448978647
Kocak_st4s|rand_289	3.6296770637764184
Kocak_st4s|rand_290	3.4627078647195177
Kocak_st4s|rand_291	3.2045619198554385
Kocak_st4s|rand_292	3.8891702822742236
Kocak_st4s|rand_293	3.6245710305491783
Kocak_st4s|rand_294	3.8681445367313794
Kocak_st4s|rand_295	3.173721445033805
Kocak_st4s|rand_296	3.523136111718911
Kocak_st4s|rand_297	3.3500456855833054
Kocak_st4s|rand_298	3.5534414844630127
Kocak_st4s|rand_299	3.6069429708324603
Kocak_st4s|rand_300	3.587641329213585
Kocak_st4s|rand_301	3.6065818656606625
Kocak_st4s|rand_302	3.650085134701816
Kocak_st4s|rand_303	3.657065010849728
Kocak_st4s|rand_304	3.6279736711147104
Kocak_st4s|rand_305	3.6109642943593094
Kocak_st4s|rand_306	3.485838804972578
Kocak_st4s|rand_307	3.476476585544477
Kocak_st4s|rand_308	3.4363490203563756
Kocak_st4s|rand_309	3.4089964022344788
Kocak_st4s|rand_310	3.5725686634065146
Kocak_st4s|rand_311	3.54632096970634
Kocak_st4s|rand_312	3.581194178036102
Kocak_st4s|rand_313	3.556387153741715
Kocak_st4s|rand_314	3.425006592347723
Kocak_st4s|rand_315	3.5774523877298328
Kocak_st4s|rand_316	3.4169443172621365
Kocak_st4s|rand_317	3.5269882603580944
Kocak_st4s|rand_318	3.8847421800313966
Kocak_st4s|rand_319	3.614575175487428
Kocak_st4s|rand_320	3.1245870923848997
Kocak_st4s|rand_321	3.7223277721966452
Kocak_st4s|rand_322	4.018692749411648
Kocak_st4s|rand_323	3.460839584401985
Kocak_st4s|rand_324	3.9151330025751414
Kocak_st4s|rand_325	3.385969689464219
Kocak_st4s|rand_326	3.586057639676791
Kocak_st4s|rand_327	3.500462237285488
Kocak_st4s|rand_328	3.3571185991679715
Kocak_st4s|rand_329	3.954646786703049
Kocak_st4s|rand_330	3.524629637649927
Kocak_st4s|rand_331	3.7364870183227854
Kocak_st4s|rand_332	3.70494756994991
Kocak_st4s|rand_333	3.6377463411110744
Kocak_st4s|rand_334	3.583647588185947
Kocak_st4s|rand_335	3.5316127859600237
Kocak_st4s|rand_336	3.5157261734579355
Kocak_st4s|rand_337	3.6197949834644096
Kocak_st4s|rand_338	3.4860755533153225
Kocak_st4s|rand_339	3.4573558600797227
Kocak_st4s|rand_340	3.4484736719216817
Kocak_st4s|rand_341	3.502434911932669
Kocak_st4s|rand_342	3.38056929206276
Kocak_st4s|rand_343	3.4845049197092934
Kocak_st4s|rand_344	3.342732189239054
Kocak_st4s|rand_345	3.8071872254296593
Kocak_st4s|rand_346	3.512294744644347
Kocak_st4s|rand_347	3.309493693607473
Kocak_st4s|rand_348	3.1321409628392267
Kocak_st4s|rand_349	3.4996687609230563
Kocak_st4s|rand_350	3.564128099868921
Kocak_st4s|rand_351	3.404968132225145
Kocak_st4s|rand_352	3.557888036600869
Kocak_st4s|rand_353	3.5408407879846973
Kocak_st4s|rand_354	3.0553794989475667
Kocak_st4s|rand_355	3.4797915056331328
Kocak_st4s|rand_356	3.374157458574614
Kocak_st4s|rand_357	3.3808598136911887
Kocak_st4s|rand_358	3.6665563114963278
Kocak_st4s|rand_359	3.320495822715848
Kocak_st4s|rand_360	3.4021999374392204
Kocak_st4s|rand_361	3.4212711395319464
Kocak_st4s|rand_362	3.711480049141763
Kocak_st4s|rand_363	3.5949401369024403
Kocak_st4s|rand_364	3.595097531544917
Kocak_st4s|rand_365	3.56459931200421
Kocak_st4s|rand_366	3.560121814832422
Kocak_st4s|rand_367	3.3300725982466637
Kocak_st4s|rand_368	3.4476381856100247
Kocak_st4s|rand_369	3.580198759109414
Kocak_st4s|rand_370	3.825348329729622
Kocak_st4s|rand_371	3.7306302125631183
Kocak_st4s|rand_372	3.704914648968878
Kocak_st4s|rand_373	3.464108768083132
Kocak_st4s|rand_374	3.8858991558726292
Kocak_st4s|rand_375	3.197884895382441
Kocak_st4s|rand_376	3.8330499610527937
Kocak_st4s|rand_377	3.7263230818570783
Kocak_st4s|rand_378	3.5885187243047385
Kocak_st4s|rand_379	3.1889755109441404
Kocak_st4s|rand_380	2.83959949164227
Kocak_st4s|rand_381	2.961404702722945
Kocak_st4s|rand_382	3.6109816492511597
Kocak_st4s|rand_383	3.296642165820066
Kocak_st4s|rand_384	3.3539800869914482
Kocak_st4s|rand_385	3.367689047422561
Kocak_st4s|rand_386	3.001665883822986
Kocak_st4s|rand_387	3.2681458945652295
Kocak_st4s|rand_388	3.6697763061412623
Kocak_st4s|rand_389	3.2716131110008755
Kocak_st4s|rand_390	3.31024360226313
Kocak_st4s|rand_391	3.3007061425693864
Kocak_st4s|rand_392	3.484832320733637
Kocak_st4s|rand_393	3.5481510312563747
Kocak_st4s|rand_394	3.346584816899501
Kocak_st4s|rand_395	3.3992646857764237
Kocak_st4s|rand_396	3.533646515984159
Kocak_st4s|rand_397	3.742717518256978
Kocak_st4s|rand_398	3.4133679944533597
Kocak_st4s|rand_399	3.686319939649518
Kocak_st4s|rand_400	3.759208671768559
Kocak_st4s|rand_401	3.336229009029955
Kocak_st4s|rand_402	3.320660481001511
Kocak_st4s|rand_403	3.8133793066407566
Kocak_st4s|rand_404	3.5389364903108036
Kocak_st4s|rand_405	3.857365885371479
Kocak_st4s|rand_406	3.421753137335201
Kocak_st4s|rand_407	3.4651418496367214
Kocak_st4s|rand_408	3.416197640964016
Kocak_st4s|rand_409	3.4211340444739613
Kocak_st4s|rand_410	3.333771688319774
Kocak_st4s|rand_411	3.372081898682839
Kocak_st4s|rand_412	3.480859747258581
Kocak_st4s|rand_413	3.298786056325998
Kocak_st4s|rand_414	3.201574947261119
Kocak_st4s|rand_415	3.1496818684652808
Kocak_st4s|rand_416	3.460170291880208
Kocak_st4s|rand_417	3.669334850988379
Kocak_st4s|rand_418	3.549391719748004
Kocak_st4s|rand_419	3.6184905822114897
Kocak_st4s|rand_420	3.501032770633093
Kocak_st4s|rand_421	3.494570647147448
Kocak_st4s|rand_422	3.2829095932036156
Kocak_st4s|rand_423	3.6301287565897895
Kocak_st4s|rand_424	3.5272479478392182
Kocak_st4s|rand_425	3.699258542356517
Kocak_st4s|rand_426	3.6862189983482336
Kocak_st4s|rand_427	3.507259637094694
Kocak_st4s|rand_428	3.8469216151810577
Kocak_st4s|rand_429	3.1942748891205364
Kocak_st4s|rand_430	3.6653658828144797
Kocak_st4s|rand_431	3.6398704754166755
Kocak_st4s|rand_432	3.147319314794024
Kocak_st4s|rand_433	3.498978826266683
Kocak_st4s|rand_434	3.6035009540924907
Kocak_st4s|rand_435	3.569893482940535
Kocak_st4s|rand_436	3.5753046140155
Kocak_st4s|rand_437	3.595123070149306
Kocak_st4s|rand_438	3.6816896752316386
Kocak_st4s|rand_439	3.4283761774777375
Kocak_st4s|rand_440	3.257363875881093
Kocak_st4s|rand_441	3.54958340143627
Kocak_st4s|rand_442	3.3988298873839624
Kocak_st4s|rand_443	3.4331765520942032
Kocak_st4s|rand_444	3.4763503886997627
Kocak_st4s|rand_445	3.660123074715103
Kocak_st4s|rand_446	3.684225081049263
Kocak_st4s|rand_447	3.671909556963216
Kocak_st4s|rand_448	3.266756769750553
Kocak_st4s|rand_449	3.3851095870318675
Kocak_st4s|rand_450	3.5725073839260273
Kocak_st4s|rand_451	3.3134504795210526
Kocak_st4s|rand_452	3.651271366312929
Kocak_st4s|rand_453	3.2926688308283145
Kocak_st4s|rand_454	3.614338382749116
Kocak_st4s|rand_455	3.491835362279527
Kocak_st4s|rand_456	2.993589049839584
Kocak_st4s|rand_457	3.5839500276404364
Kocak_st4s|rand_458	3.1771830995752732
Kocak_st4s|rand_459	3.334687564771682
Kocak_st4s|rand_460	3.8690806467614456
Kocak_st4s|rand_461	3.5985460200261126
Kocak_st4s|rand_462	3.8243545668302303
Kocak_st4s|rand_463	3.3670832102484582
Kocak_st4s|rand_464	3.4169852412918478
Kocak_st4s|rand_465	3.3002310077606865
Kocak_st4s|rand_466	3.4009185370769877
Kocak_st4s|rand_467	3.549130334291666
Kocak_st4s|rand_468	2.9977874554297483
Kocak_st4s|rand_469	3.743521054213386
Kocak_st4s|rand_470	3.4934007619468748
Kocak_st4s|rand_471	3.4515827803899293
Kocak_st4s|rand_472	3.5323615110881335
Kocak_st4s|rand_473	3.561441518521902
Kocak_st4s|rand_474	3.375367526880501
Kocak_st4s|rand_475	3.354907664060367
Kocak_st4s|rand_476	3.2627105373816816
Kocak_st4s|rand_477	3.4532728505566146
Kocak_st4s|rand_478	3.610552050843227
Kocak_st4s|rand_479	3.352681761859947
Kocak_st4s|rand_480	3.1463757641620447
Kocak_st4s|rand_481	3.4605319136999055
Kocak_st4s|rand_482	3.5926821883946825
Kocak_st4s|rand_483	3.509932895368451
Kocak_st4s|rand_484	3.524937550660874
Kocak_st4s|rand_485	3.559121417777388
Kocak_st4s|rand_486	3.4164790615242566
Kocak_st4s|rand_487	3.3425975548022575
Kocak_st4s|rand_488	3.189703336735683
Kocak_st4s|rand_489	3.6796542343491243
Kocak_st4s|rand_490	3.4329635909086957
Kocak_st4s|rand_491	3.9009914853200236
Kocak_st4s|rand_492	3.6260999383917465
Kocak_st4s|rand_493	3.2102255011509104
Kocak_st4s|rand_494	3.56786630605754
Kocak_st4s|rand_495	3.6503892607362416
Kocak_st4s|rand_496	3.742338343677774
Kocak_st4s|rand_497	3.011234346158253
Kocak_st4s|rand_498	3.798286387539754
Kocak_st4s|rand_499	3.3356581063504067
Kocak_st4s|rand_500	3.4651817237450127
Kocak_st4s|rand_501	3.613733243984159
Kocak_st4s|rand_502	3.728431127516836
Kocak_st4s|rand_503	3.213195864403403
Kocak_st4s|rand_504	3.7598952228996874
Kocak_st4s|rand_505	3.296577036766346
Kocak_st4s|rand_506	3.1621618588256357
Kocak_st4s|rand_507	3.6051307255046403
Kocak_st4s|rand_508	3.6624909193051707
Kocak_st4s|rand_509	2.9607013955454526
Kocak_st4s|rand_510	3.5925229949449777
Kocak_st4s|rand_511	3.29259578859554
Kocak_st4s|rand_512	3.6151230549070217
Kocak_st4s|rand_513	3.3661479887143675
Kocak_st4s|rand_514	3.5429889961729177
Kocak_st4s|rand_515	3.397565348492566
Kocak_st4s|rand_516	3.26557858874179
Kocak_st4s|rand_517	3.6580261466514528
Kocak_st4s|rand_518	3.5030487127667476
Kocak_st4s|rand_519	3.3162623124157604
Kocak_st4s|rand_520	3.5670326907039733
Kocak_st4s|rand_521	3.6827771443482993
Kocak_st4s|rand_522	3.6974175107681773
Kocak_st4s|rand_523	3.6549343004709707
Kocak_st4s|rand_524	3.5807491992067337
Kocak_st4s|rand_525	3.476338077204412
Kocak_st4s|rand_526	3.6469765603676083
Kocak_st4s|rand_527	3.6153444833134634
Kocak_st4s|rand_528	3.6032057842214607
Kocak_st4s|rand_529	3.576917491241345
Kocak_st4s|rand_530	3.6919987619950554
Kocak_st4s|rand_531	3.5526555732505405
Kocak_st4s|rand_532	3.6269172316773566
Kocak_st4s|rand_533	3.5606585015281054
Kocak_st4s|rand_534	3.531033451415454
Kocak_st4s|rand_535	3.6354695098490764
Kocak_st4s|rand_536	3.7932070918226906
Kocak_st4s|rand_537	3.7292127067246406
Kocak_st4s|rand_538	3.4004268760247283
Kocak_st4s|rand_539	3.51621888632529
Kocak_st4s|rand_540	3.557618648820979
Kocak_st4s|rand_541	3.39039283018127
Kocak_st4s|rand_542	3.4006352737365666
Kocak_st4s|rand_543	3.821348702688119
Kocak_st4s|rand_544	3.526934408570988
Kocak_st4s|rand_545	3.3859548822240897
Kocak_st4s|rand_546	3.4602956358721575
Kocak_st4s|rand_547	3.65269357861678
Kocak_st4s|rand_548	3.3525188348448323
Kocak_st4s|rand_549	3.618921943217197
Kocak_st4s|rand_550	3.376888364281055
Kocak_st4s|rand_551	3.8427174248929874
Kocak_st4s|rand_552	3.33781084678406
Kocak_st4s|rand_553	3.520487207049652
Kocak_st4s|rand_554	3.722976965816333
Kocak_st4s|rand_555	3.5422431298404784
Kocak_st4s|rand_556	3.567776871166242
Kocak_st4s|rand_557	3.517802726539123
Kocak_st4s|rand_558	3.5282732596406747
Kocak_st4s|rand_559	3.4205805557968323
Kocak_st4s|rand_560	3.199951829270537
Kocak_st4s|rand_561	3.687755377482075
Kocak_st4s|rand_562	3.3687112538884376
Kocak_st4s|rand_563	3.535164526184462
Kocak_st4s|rand_564	3.378078384379525
Kocak_st4s|rand_565	3.6557436483503714
Kocak_st4s|rand_566	3.7588967190882308
Kocak_st4s|rand_567	3.805647635773438
Kocak_st4s|rand_568	3.611839180811929
Kocak_st4s|rand_569	2.9475213511144953
Kocak_st4s|rand_570	3.4312400985022196
Kocak_st4s|rand_571	3.3466013577719673
Kocak_st4s|rand_572	3.6411101787051563
Kocak_st4s|rand_573	3.444889027021924
Kocak_st4s|rand_574	3.45235089629267
Kocak_st4s|rand_575	3.354874280584842
Kocak_st4s|rand_576	3.5069795310664227
Kocak_st4s|rand_577	3.5372615228997115
Kocak_st4s|rand_578	3.3853003099796095
Kocak_st4s|rand_579	3.5598034222023602
Kocak_st4s|rand_580	3.879081372653411
Kocak_st4s|rand_581	3.5958796506353288
Kocak_st4s|rand_582	3.6489923198020553
Kocak_st4s|rand_583	3.5705289244961422
Kocak_st4s|rand_584	3.6555879769157578
Kocak_st4s|rand_585	3.644087469032437
Kocak_st4s|rand_586	3.8149390780666597
Kocak_st4s|rand_587	3.4649206366687415
Kocak_st4s|rand_588	3.691339917469909
Kocak_st4s|rand_589	3.687087503486277
Kocak_st4s|rand_590	3.5686463741967978
Kocak_st4s|rand_591	3.491420357396131
Kocak_st4s|rand_592	3.464781575743174
Kocak_st4s|rand_593	3.501538726031676
Kocak_st4s|rand_594	3.858562252267284
Kocak_st4s|rand_595	3.5384934974010953
Kocak_st4s|rand_596	3.885494904025064
Kocak_st4s|rand_597	3.6522554085490317
Kocak_st4s|rand_598	3.8781677587693317
Kocak_st4s|rand_599	3.1204412465794147
Kocak_st4s|rand_600	3.651690170333692
Kocak_st4s|rand_601	3.3772855155009984
Kocak_st4s|rand_602	3.673339309426389
Kocak_st4s|rand_603	3.6354984682678904
Kocak_st4s|rand_604	3.6301187197695284
Kocak_st4s|rand_605	3.0548478547697178
Kocak_st4s|rand_606	3.689419433694947
Kocak_st4s|rand_607	3.822212146350712
Kocak_st4s|rand_608	3.3118640809735513
Kocak_st4s|rand_609	3.5849579735200763
Kocak_st4s|rand_610	3.383353853812224
Kocak_st4s|rand_611	3.5405349327704636
Kocak_st4s|rand_612	3.477623277808605
Kocak_st4s|rand_613	3.4963277577087664
Kocak_st4s|rand_614	3.487063302587265
Kocak_st4s|rand_615	3.275407895298943
Kocak_st4s|rand_616	3.7152739059394655
Kocak_st4s|rand_617	3.6267632254154116
Kocak_st4s|rand_618	3.6153622186784617
Kocak_st4s|rand_619	3.5752579953752863
Kocak_st4s|rand_620	3.540824639177603
Kocak_st4s|rand_621	3.176793479228928
Kocak_st4s|rand_622	3.5928328397527327
Kocak_st4s|rand_623	3.3254156686704706
Kocak_st4s|rand_624	3.675626379923202
Kocak_st4s|rand_625	3.3241133463702606
Kocak_st4s|rand_626	3.4197922753911962
Kocak_st4s|rand_627	3.4391472575732
Kocak_st4s|rand_628	3.200567367847523
Kocak_st4s|rand_629	3.6435372488928075
Kocak_st4s|rand_630	3.5967981283253803
Kocak_st4s|rand_631	3.5288528417601106
Kocak_st4s|rand_632	3.7249953303069208
Kocak_st4s|rand_633	3.679729576184184
Kocak_st4s|rand_634	3.7111180278116667
Kocak_st4s|rand_635	3.4980064499374692
Kocak_st4s|rand_636	3.6081677149891056
Kocak_st4s|rand_637	3.6918948602514092
Kocak_st4s|rand_638	3.201822318223956
Kocak_st4s|rand_639	3.043430479456505
Kocak_st4s|rand_640	3.359661630324661
Kocak_st4s|rand_641	3.191988421098719
Kocak_st4s|rand_642	3.304177012008402
Kocak_st4s|rand_643	3.5078645692364425
Kocak_st4s|rand_644	3.839118929027839
Kocak_st4s|rand_645	3.4255022123764336
Kocak_st4s|rand_646	3.5280385746449934
Kocak_st4s|rand_647	3.4660938334642415
Kocak_st4s|rand_648	3.558841833141739
Kocak_st4s|rand_649	3.396465586165693
Kocak_st4s|rand_650	3.346498310003323
Kocak_st4s|rand_651	3.2674420750016195
Kocak_st4s|rand_652	3.5832338044278633
Kocak_st4s|rand_653	3.52122913790999
Kocak_st4s|rand_654	3.4522104229173283
Kocak_st4s|rand_655	3.3107380124583523
Kocak_st4s|rand_656	3.5204390171004776
Kocak_st4s|rand_657	3.7722220832045785
Kocak_st4s|rand_658	3.7108905069815465
Kocak_st4s|rand_659	3.270100788755815
Kocak_st4s|rand_660	3.789122257976057
Kocak_st4s|rand_661	3.5077133024724687
Kocak_st4s|rand_662	3.550573928465384
Kocak_st4s|rand_663	3.293136240543091
Kocak_st4s|rand_664	3.542083164736454
Kocak_st4s|rand_665	3.501690826205269
Kocak_st4s|rand_666	3.4532445963020058
Kocak_st4s|rand_667	3.629359532573485
Kocak_st4s|rand_668	3.5351000203095637
Kocak_st4s|rand_669	3.5473982668202573
Kocak_st4s|rand_670	3.742005865497936
Kocak_st4s|rand_671	3.257844087187705
Kocak_st4s|rand_672	3.570422973692354
Kocak_st4s|rand_673	3.7501550424058383
Kocak_st4s|rand_674	3.1868094054344893
Kocak_st4s|rand_675	3.614025053449581
Kocak_st4s|rand_676	3.4006477893408076
Kocak_st4s|rand_677	3.691822925230726
Kocak_st4s|rand_678	3.5940910097875083
Kocak_st4s|rand_679	3.605389056140856
Kocak_st4s|rand_680	4.121595913847076
Kocak_st4s|rand_681	3.1377858152647318
Kocak_st4s|rand_682	3.2603508220402087
Kocak_st4s|rand_683	3.1905172186484014
Kocak_st4s|rand_684	3.3017067432801275
Kocak_st4s|rand_685	4.022698576112078
Kocak_st4s|rand_686	3.814924799756215
Kocak_st4s|rand_687	3.6235916984177825
Kocak_st4s|rand_688	3.6220645414616444
Kocak_st4s|rand_689	3.7186320569897244
Kocak_st4s|rand_690	3.5505764801180666
Kocak_st4s|rand_691	3.683071294647374
Kocak_st4s|rand_692	3.6095997906133768
Kocak_st4s|rand_693	3.444872207148267
Kocak_st4s|rand_694	3.5774312307603835
Kocak_st4s|rand_695	3.4977850484699573
Kocak_st4s|rand_696	3.4689214251717004
Kocak_st4s|rand_697	3.5246488883678975
Kocak_st4s|rand_698	3.5980019158756185
Kocak_st4s|rand_699	3.524410404276824
Kocak_st4s|rand_700	3.783506978717407
Kocak_st4s|rand_701	3.6841469465553676
Kocak_st4s|rand_702	3.4339668492457776
Kocak_st4s|rand_703	3.311803124802847
Kocak_st4s|rand_704	3.1759205282833456
Kocak_st4s|rand_705	3.5802628180863967
Kocak_st4s|rand_706	3.3412905076237784
Kocak_st4s|rand_707	3.490772485116396
Kocak_st4s|rand_708	3.4186627899156714
Kocak_st4s|rand_709	3.579721088702224
Kocak_st4s|rand_710	3.5087444457229746
Kocak_st4s|rand_711	3.005992239592798
Kocak_st4s|rand_712	3.2789070372364533
Kocak_st4s|rand_713	3.275553806134997
Kocak_st4s|rand_714	3.070895707074694
Kocak_st4s|rand_715	3.6154341034987305
Kocak_st4s|rand_716	3.530830492231413
Kocak_st4s|rand_717	3.442587229686284
Kocak_st4s|rand_718	3.3227856950220827
Kocak_st4s|rand_719	3.4773222211385977
Kocak_st4s|rand_720	3.618532113477328
Kocak_st4s|rand_721	3.6239886097986833
Kocak_st4s|rand_722	3.473572966805438
Kocak_st4s|rand_723	3.470819606875056
Kocak_st4s|rand_724	3.526528354611277
Kocak_st4s|rand_725	3.5743424293333157
Kocak_st4s|rand_726	3.764559853559807
Kocak_st4s|rand_727	3.5404701538367465
Kocak_st4s|rand_728	3.564704983165446
Kocak_st4s|rand_729	3.2048787942410644
Kocak_st4s|rand_730	3.795997763526158
Kocak_st4s|rand_731	3.541861893599285
Kocak_st4s|rand_732	3.5903408650657607
Kocak_st4s|rand_733	3.372197788818001
Kocak_st4s|rand_734	3.6129342988947926
Kocak_st4s|rand_735	3.6445645082711655
Kocak_st4s|rand_736	3.375345242354701
Kocak_st4s|rand_737	3.952765520205113
Kocak_st4s|rand_738	3.693497113285197
Kocak_st4s|rand_739	3.597589540178732
Kocak_st4s|rand_740	3.1759282603273196
Kocak_st4s|rand_741	3.671875385471594
Kocak_st4s|rand_742	3.4089698084557205
Kocak_st4s|rand_743	3.4113003026455817
Kocak_st4s|rand_744	3.646262093447048
Kocak_st4s|rand_745	3.3324453778640994
Kocak_st4s|rand_746	3.6713848268289815
Kocak_st4s|rand_747	3.542705214757018
Kocak_st4s|rand_748	3.139876844463035
Kocak_st4s|rand_749	3.819726241849304
Kocak_st4s|rand_750	3.6211772605861463
Kocak_st4s|rand_751	3.3060083727175025
Kocak_st4s|rand_752	3.6211016179500786
Kocak_st4s|rand_753	3.2154275749033907
Kocak_st4s|rand_754	3.2532092807980946
Kocak_st4s|rand_755	3.528054626967468
Kocak_st4s|rand_756	3.7492369792682436
Kocak_st4s|rand_757	3.611061736194711
Kocak_st4s|rand_758	3.7274018290350703
Kocak_st4s|rand_759	3.402836183657285
Kocak_st4s|rand_760	3.3640483490820046
Kocak_st4s|rand_761	3.4591211057466036
Kocak_st4s|rand_762	3.3514970265874777
Kocak_st4s|rand_763	3.5521760771408935
Kocak_st4s|rand_764	3.391169561263386
Kocak_st4s|rand_765	3.3536314395930815
Kocak_st4s|rand_766	3.3598722538065786
Kocak_st4s|rand_767	3.6493888456648356
Kocak_st4s|rand_768	3.7578482487743843
Kocak_st4s|rand_769	3.4048177143540297
Kocak_st4s|rand_770	3.460262365348366
Kocak_st4s|rand_771	3.6233168201742374
Kocak_st4s|rand_772	3.5247925387098498
Kocak_st4s|rand_773	3.8608418755860403
Kocak_st4s|rand_774	3.33059897327964
Kocak_st4s|rand_775	3.6257441860864192
Kocak_st4s|rand_776	3.010583420500444
Kocak_st4s|rand_777	3.7824775461733173
Kocak_st4s|rand_778	3.269198393045819
Kocak_st4s|rand_779	3.726209709161671
Kocak_st4s|rand_780	3.6270687074353005
Kocak_st4s|rand_781	3.539371476962788
Kocak_st4s|rand_782	3.1676430443664203
Kocak_st4s|rand_783	3.2273682934730887
Kocak_st4s|rand_784	3.431649378808322
Kocak_st4s|rand_785	3.4934735010118096
Kocak_st4s|rand_786	3.148043840727238
Kocak_st4s|rand_787	3.4585323327435145
Kocak_st4s|rand_788	3.1316334906048695
Kocak_st4s|rand_789	3.7474698800725346
Kocak_st4s|rand_790	3.493315717520471
Kocak_st4s|rand_791	3.1710385398446443
Kocak_st4s|rand_792	3.5869594381698557
Kocak_st4s|rand_793	3.824655043809399
Kocak_st4s|rand_794	3.4030454163533763
Kocak_st4s|rand_795	3.1576852145446415
Kocak_st4s|rand_796	3.17088158725673
Kocak_st4s|rand_797	3.376550442497979
Kocak_st4s|rand_798	3.495632111164943
Kocak_st4s|rand_799	3.3189813111937307
Kocak_st4s|rand_800	3.422672237351519
Kocak_st4s|rand_801	3.709295754968811
Kocak_st4s|rand_802	3.444225700840259
Kocak_st4s|rand_803	3.2856314385195846
Kocak_st4s|rand_804	3.5798206563427177
Kocak_st4s|rand_805	3.8183042975065704
Kocak_st4s|rand_806	3.527397103261755
Kocak_st4s|rand_807	3.2562876563585754
Kocak_st4s|rand_808	3.680717853293931
Kocak_st4s|rand_809	3.3350352550734486
Kocak_st4s|rand_810	3.061939875678064
Kocak_st4s|rand_811	3.5304628428629585
Kocak_st4s|rand_812	3.762737687047147
Kocak_st4s|rand_813	3.4177059183097573
Kocak_st4s|rand_814	3.5101147004132365
Kocak_st4s|rand_815	3.380870283800603
Kocak_st4s|rand_816	3.8006609871591364
Kocak_st4s|rand_817	3.427732370975365
Kocak_st4s|rand_818	3.5585910716541687
Kocak_st4s|rand_819	3.6837588054247843
Kocak_st4s|rand_820	3.6940537315322923
Kocak_st4s|rand_821	3.620578957548067
Kocak_st4s|rand_822	3.2380013731620707
Kocak_st4s|rand_823	3.338611396344164
Kocak_st4s|rand_824	3.4155658739271906
Kocak_st4s|rand_825	3.836945638308109
Kocak_st4s|rand_826	3.3494429728733217
Kocak_st4s|rand_827	3.468089852170945
Kocak_st4s|rand_828	3.5329150865985812
Kocak_st4s|rand_829	3.4678679114812483
Kocak_st4s|rand_830	3.7320557657553146
Kocak_st4s|rand_831	3.5166925184135023
Kocak_st4s|rand_832	3.2938746518565556
Kocak_st4s|rand_833	3.420010747756952
Kocak_st4s|rand_834	3.413952557625543
Kocak_st4s|rand_835	3.5560183430210754
Kocak_st4s|rand_836	3.53827947138787
Kocak_st4s|rand_837	3.2903685513206904
Kocak_st4s|rand_838	3.6365710846604857
Kocak_st4s|rand_839	3.8414166173997204
Kocak_st4s|rand_840	3.51662123950426
Kocak_st4s|rand_841	3.57448519623563
Kocak_st4s|rand_842	3.2062047022191127
Kocak_st4s|rand_843	3.054937763267721
Kocak_st4s|rand_844	3.4466271254063523
Kocak_st4s|rand_845	3.744835947345073
Kocak_st4s|rand_846	3.7957464659068605
Kocak_st4s|rand_847	3.402559410287003
Kocak_st4s|rand_848	3.5582464465031345
Kocak_st4s|rand_849	3.432199622187976
Kocak_st4s|rand_850	3.3160807683831144
Kocak_st4s|rand_851	3.626164963310309
Kocak_st4s|rand_852	3.5163874778086517
Kocak_st4s|rand_853	3.8144407011711556
Kocak_st4s|rand_854	3.8195686915628104
Kocak_st4s|rand_855	3.549397994717381
Kocak_st4s|rand_856	3.4629918178071537
Kocak_st4s|rand_857	3.253635767984185
Kocak_st4s|rand_858	3.630119634811839
Kocak_st4s|rand_859	3.4505869579747523
Kocak_st4s|rand_860	3.5411713488769245
Kocak_st4s|rand_861	3.6116153772861
Kocak_st4s|rand_862	3.3326986407859986
Kocak_st4s|rand_863	3.94496103868668
Kocak_st4s|rand_864	3.4516699331293093
Kocak_st4s|rand_865	3.3171864805052267
Kocak_st4s|rand_866	3.148973188052151
Kocak_st4s|rand_867	3.404900118019617
Kocak_st4s|rand_868	3.5311498476376375
Kocak_st4s|rand_869	3.5288540133200335
Kocak_st4s|rand_870	3.3350603612005707
Kocak_st4s|rand_871	3.5899529116204247
Kocak_st4s|rand_872	3.566642207772813
Kocak_st4s|rand_873	3.9021958619213333
Kocak_st4s|rand_874	3.3599274896615277
Kocak_st4s|rand_875	3.392299430186633
Kocak_st4s|rand_876	3.667636937317894
Kocak_st4s|rand_877	3.6918470793257026
Kocak_st4s|rand_878	3.59220705992997
Kocak_st4s|rand_879	3.4417366432397913
Kocak_st4s|rand_880	3.4659001278521764
Kocak_st4s|rand_881	3.5799771476156375
Kocak_st4s|rand_882	3.6367994782809325
Kocak_st4s|rand_883	3.25640709329593
Kocak_st4s|rand_884	3.49022801568431
Kocak_st4s|rand_885	3.7275231933364887
Kocak_st4s|rand_886	3.543792402655075
Kocak_st4s|rand_887	3.4064676140877745
Kocak_st4s|rand_888	3.0626887346695497
Kocak_st4s|rand_889	3.7405353028961983
Kocak_st4s|rand_890	3.4339115055939873
Kocak_st4s|rand_891	3.495941480142305
Kocak_st4s|rand_892	3.213449858930601
Kocak_st4s|rand_893	3.5078007720955093
Kocak_st4s|rand_894	3.4478732677795403
Kocak_st4s|rand_895	3.5702318267972184
Kocak_st4s|rand_896	3.3552309415355372
Kocak_st4s|rand_897	3.7593316542660973
Kocak_st4s|rand_898	3.3860467663448386
Kocak_st4s|rand_899	3.727173945925575
Kocak_st4s|rand_900	3.6271826802395823
Kocak_st4s|rand_901	3.6074402880229313
Kocak_st4s|rand_902	3.777986766927701
Kocak_st4s|rand_903	3.3708399808162572
Kocak_st4s|rand_904	3.559724867138637
Kocak_st4s|rand_905	3.6250714384084883
Kocak_st4s|rand_906	3.5989907730518884
Kocak_st4s|rand_907	3.314899492905172
Kocak_st4s|rand_908	3.244976633293093
Kocak_st4s|rand_909	3.231114534453518
Kocak_st4s|rand_910	3.353275295720579
Kocak_st4s|rand_911	3.7594732336347016
Kocak_st4s|rand_912	3.626018824754994
Kocak_st4s|rand_913	3.788798776500225
Kocak_st4s|rand_914	3.6253825885339936
Kocak_st4s|rand_915	3.3955574354132136
Kocak_st4s|rand_916	3.417512256802326
Kocak_st4s|rand_917	3.2715482528554833
Kocak_st4s|rand_918	3.5986666316022937
Kocak_st4s|rand_919	4.049685845124618
Kocak_st4s|rand_920	3.5646415079090317
Kocak_st4s|rand_921	3.496319024582583
Kocak_st4s|rand_922	3.50189985159362
Kocak_st4s|rand_923	3.3807971927763143
Kocak_st4s|rand_924	3.4633717691392283
Kocak_st4s|rand_925	3.2606472004854403
Kocak_st4s|rand_926	3.3657430892751323
Kocak_st4s|rand_927	3.4643896192627244
Kocak_st4s|rand_928	3.3912002350050714
Kocak_st4s|rand_929	3.302849000961853
Kocak_st4s|rand_930	3.2812033181880538
Kocak_st4s|rand_931	3.2298660454326455
Kocak_st4s|rand_932	3.069088311320533
Kocak_st4s|rand_933	3.1945889226437365
Kocak_st4s|rand_934	3.4722036360285133
Kocak_st4s|rand_935	3.003194105132414
Kocak_st4s|rand_936	3.8602270116073116
Kocak_st4s|rand_937	3.8701146629909817
Kocak_st4s|rand_938	3.6061460743351295
Kocak_st4s|rand_939	3.872416939140564
Kocak_st4s|rand_940	3.9667762951333496
Kocak_st4s|rand_941	3.4627138230287438
Kocak_st4s|rand_942	3.0602445769770914
Kocak_st4s|rand_943	3.7396845897695274
Kocak_st4s|rand_944	3.6353112734920185
Kocak_st4s|rand_945	3.1538613839714404
Kocak_st4s|rand_946	3.491616390951877
Kocak_st4s|rand_947	3.6624252833906827
Kocak_st4s|rand_948	3.529691435101749
Kocak_st4s|rand_949	3.4386856540688577
Kocak_st4s|rand_950	3.5930748056449677
Kocak_st4s|rand_951	3.4797520040330787
Kocak_st4s|rand_952	3.2879929436804787
Kocak_st4s|rand_953	3.399324076498957
Kocak_st4s|rand_954	3.5983112862759965
Kocak_st4s|rand_955	3.1273918955086506
Kocak_st4s|rand_956	3.7726635620043254
Kocak_st4s|rand_957	3.4898144732417857
Kocak_st4s|rand_958	3.630363345076193
Kocak_st4s|rand_959	3.599649340481852
Kocak_st4s|rand_960	3.110296881413333
Kocak_st4s|rand_961	3.2665194962035504
Kocak_st4s|rand_962	3.4651518365037606
Kocak_st4s|rand_963	3.4752645931183506
Kocak_st4s|rand_964	3.704882389329726
Kocak_st4s|rand_965	3.3952146283647884
Kocak_st4s|rand_966	3.497944627955638
Kocak_st4s|rand_967	3.4803662158447053
Kocak_st4s|rand_968	3.4097106424115364
Kocak_st4s|rand_969	3.546098418375287
Kocak_st4s|rand_970	3.211999010498955
Kocak_st4s|rand_971	3.7850454150057407
Kocak_st4s|rand_972	3.700467264195193
Kocak_st4s|rand_973	3.4126220384941255
Kocak_st4s|rand_974	3.4707000903798377
Kocak_st4s|rand_975	3.505779322773172
Kocak_st4s|rand_976	3.4244851150500293
Kocak_st4s|rand_977	3.313886566430306
Kocak_st4s|rand_978	3.390838290616128
Kocak_st4s|rand_979	3.5480454209050736
Kocak_st4s|rand_980	3.5661564479595653
Kocak_st4s|rand_981	3.4500288519005538
Kocak_st4s|rand_982	3.1894225259571107
Kocak_st4s|rand_983	3.674395071272571
Kocak_st4s|rand_984	3.318443813669145
Kocak_st4s|rand_985	3.493796799455546
Kocak_st4s|rand_986	3.584783795791335
Kocak_st4s|rand_987	3.68832089532471
Kocak_st4s|rand_988	3.367153018579786
Kocak_st4s|rand_989	3.723334123657399
Kocak_st4s|rand_990	3.3730347376722345
Kocak_st4s|rand_991	3.6073438813574157
Kocak_st4s|rand_992	3.3501567173832885
Kocak_st4s|rand_993	3.5292577535776295
Kocak_st4s|rand_994	3.2523527214194003
Kocak_st4s|rand_995	3.573648975630474
Kocak_st4s|rand_996	3.687616665974996
Kocak_st4s|rand_997	3.3976454637564832
Kocak_st4s|rand_998	3.54266303873362
Kocak_st4s|rand_999	3.6992834708428455
Kocak_st4s|rand_1000	3.596507944271342
