	CCD
SEQC_st1|rand_1	5.198910706922674
SEQC_st1|rand_2	5.1548527549381955
SEQC_st1|rand_3	5.119415487094901
SEQC_st1|rand_4	5.018431703121385
SEQC_st1|rand_5	5.335724954844863
SEQC_st1|rand_6	5.111619413605428
SEQC_st1|rand_7	5.222483858599112
SEQC_st1|rand_8	4.993062357600717
SEQC_st1|rand_9	4.822507470619222
SEQC_st1|rand_10	4.568540979135201
SEQC_st1|rand_11	4.8595982343530295
SEQC_st1|rand_12	5.27990536674911
SEQC_st1|rand_13	5.134459731083712
SEQC_st1|rand_14	5.330692416987859
SEQC_st1|rand_15	5.131357007494354
SEQC_st1|rand_16	5.172822218236813
SEQC_st1|rand_17	4.993395819208679
SEQC_st1|rand_18	5.3648475851709385
SEQC_st1|rand_19	4.931643445668932
SEQC_st1|rand_20	4.897102060004935
SEQC_st1|rand_21	5.258879076787439
SEQC_st1|rand_22	5.14032902160342
SEQC_st1|rand_23	4.924444681767682
SEQC_st1|rand_24	5.056371534685824
SEQC_st1|rand_25	4.828794180958441
SEQC_st1|rand_26	5.038177128741448
SEQC_st1|rand_27	5.24473046172589
SEQC_st1|rand_28	5.333549970546882
SEQC_st1|rand_29	5.214549486527792
SEQC_st1|rand_30	4.917870374093222
SEQC_st1|rand_31	5.273973816568376
SEQC_st1|rand_32	4.976171908749081
SEQC_st1|rand_33	5.0573473624097405
SEQC_st1|rand_34	5.149381435128752
SEQC_st1|rand_35	5.078195649043622
SEQC_st1|rand_36	4.79616455604102
SEQC_st1|rand_37	5.62351444775016
SEQC_st1|rand_38	5.318553712267917
SEQC_st1|rand_39	4.842574213144796
SEQC_st1|rand_40	4.997981685072598
SEQC_st1|rand_41	5.048089262564476
SEQC_st1|rand_42	5.055152899638534
SEQC_st1|rand_43	4.885439124464813
SEQC_st1|rand_44	5.138247995245664
SEQC_st1|rand_45	4.93544520723399
SEQC_st1|rand_46	5.212242475840066
SEQC_st1|rand_47	5.103629019301405
SEQC_st1|rand_48	5.182620473213868
SEQC_st1|rand_49	5.207014732864607
SEQC_st1|rand_50	4.939730631186987
SEQC_st1|rand_51	5.185219935432817
SEQC_st1|rand_52	5.446996342097647
SEQC_st1|rand_53	5.126629940763645
SEQC_st1|rand_54	5.142626293788114
SEQC_st1|rand_55	5.283801168468677
SEQC_st1|rand_56	4.872025499437181
SEQC_st1|rand_57	5.284477072914457
SEQC_st1|rand_58	4.9759183097859125
SEQC_st1|rand_59	5.15757721415963
SEQC_st1|rand_60	5.194410952761877
SEQC_st1|rand_61	5.207765997506468
SEQC_st1|rand_62	4.856502441617949
SEQC_st1|rand_63	4.910453500170212
SEQC_st1|rand_64	5.205336153864044
SEQC_st1|rand_65	5.116594164429354
SEQC_st1|rand_66	4.909582136538604
SEQC_st1|rand_67	5.494125652345811
SEQC_st1|rand_68	5.293161730159578
SEQC_st1|rand_69	5.371788995004706
SEQC_st1|rand_70	5.106548752533916
SEQC_st1|rand_71	5.326385721542111
SEQC_st1|rand_72	5.252220438099178
SEQC_st1|rand_73	5.115657770486554
SEQC_st1|rand_74	5.030783652641777
SEQC_st1|rand_75	5.1997376265983055
SEQC_st1|rand_76	5.0085750793504005
SEQC_st1|rand_77	4.894988661619924
SEQC_st1|rand_78	4.961739950278769
SEQC_st1|rand_79	5.501420759578245
SEQC_st1|rand_80	4.897049788292254
SEQC_st1|rand_81	5.071633648725408
SEQC_st1|rand_82	5.102982275607698
SEQC_st1|rand_83	5.42385146198973
SEQC_st1|rand_84	5.362217727547322
SEQC_st1|rand_85	5.0954627705726745
SEQC_st1|rand_86	4.994220005218349
SEQC_st1|rand_87	4.9737711951931445
SEQC_st1|rand_88	5.057737317583321
SEQC_st1|rand_89	5.108862963053611
SEQC_st1|rand_90	5.362455710833091
SEQC_st1|rand_91	5.0934650052830435
SEQC_st1|rand_92	5.237566370640484
SEQC_st1|rand_93	5.057935597035585
SEQC_st1|rand_94	5.244170442569882
SEQC_st1|rand_95	4.926607477448635
SEQC_st1|rand_96	5.087309474391682
SEQC_st1|rand_97	4.948851792490667
SEQC_st1|rand_98	5.1287200411144
SEQC_st1|rand_99	5.226078686636357
SEQC_st1|rand_100	5.018432186867515
SEQC_st1|rand_101	5.270335736378278
SEQC_st1|rand_102	4.97049416834154
SEQC_st1|rand_103	5.158276643472554
SEQC_st1|rand_104	5.240644678466163
SEQC_st1|rand_105	5.413352618708271
SEQC_st1|rand_106	5.3034651745323345
SEQC_st1|rand_107	4.957472496844683
SEQC_st1|rand_108	5.196802612221705
SEQC_st1|rand_109	5.204511465746109
SEQC_st1|rand_110	4.865206632062423
SEQC_st1|rand_111	5.177570444347648
SEQC_st1|rand_112	4.916474027119611
SEQC_st1|rand_113	5.358326958503395
SEQC_st1|rand_114	5.208594037694209
SEQC_st1|rand_115	5.181321059860023
SEQC_st1|rand_116	4.8965032664833466
SEQC_st1|rand_117	5.147336652657396
SEQC_st1|rand_118	4.954881465842105
SEQC_st1|rand_119	5.01408607910897
SEQC_st1|rand_120	5.246864297268251
SEQC_st1|rand_121	5.248642172717252
SEQC_st1|rand_122	5.333642931372198
SEQC_st1|rand_123	5.1897559157042545
SEQC_st1|rand_124	5.153305183216891
SEQC_st1|rand_125	4.774149223785064
SEQC_st1|rand_126	4.961568698908818
SEQC_st1|rand_127	4.575515331130555
SEQC_st1|rand_128	5.151661264125552
SEQC_st1|rand_129	5.217451985096357
SEQC_st1|rand_130	4.942708922312249
SEQC_st1|rand_131	5.008404109832847
SEQC_st1|rand_132	4.8919906895655805
SEQC_st1|rand_133	5.154394931621173
SEQC_st1|rand_134	5.443187197198761
SEQC_st1|rand_135	4.93338632210602
SEQC_st1|rand_136	4.96584756695183
SEQC_st1|rand_137	4.87001275866374
SEQC_st1|rand_138	5.024806789468803
SEQC_st1|rand_139	5.239895538588263
SEQC_st1|rand_140	5.173117482786158
SEQC_st1|rand_141	5.436971376661717
SEQC_st1|rand_142	5.488992354260312
SEQC_st1|rand_143	4.890000387962922
SEQC_st1|rand_144	4.853683247355972
SEQC_st1|rand_145	5.196451166741676
SEQC_st1|rand_146	5.470689067598618
SEQC_st1|rand_147	5.4620943391935395
SEQC_st1|rand_148	5.010428338927007
SEQC_st1|rand_149	5.124836727811237
SEQC_st1|rand_150	5.189223877591009
SEQC_st1|rand_151	4.89529250809214
SEQC_st1|rand_152	5.116902536935893
SEQC_st1|rand_153	5.235700907431863
SEQC_st1|rand_154	5.259418982697602
SEQC_st1|rand_155	5.048545189297766
SEQC_st1|rand_156	5.1097156122734155
SEQC_st1|rand_157	5.300230617441087
SEQC_st1|rand_158	5.3816841564026205
SEQC_st1|rand_159	5.056407760513442
SEQC_st1|rand_160	4.714206231719358
SEQC_st1|rand_161	5.030672231714179
SEQC_st1|rand_162	5.045498715811124
SEQC_st1|rand_163	5.169342625809597
SEQC_st1|rand_164	5.275115387746555
SEQC_st1|rand_165	5.149492381024835
SEQC_st1|rand_166	5.092808991498498
SEQC_st1|rand_167	5.312490919016784
SEQC_st1|rand_168	5.20349988099584
SEQC_st1|rand_169	5.442089451528193
SEQC_st1|rand_170	5.029213703925039
SEQC_st1|rand_171	4.909147571684739
SEQC_st1|rand_172	4.931658963887197
SEQC_st1|rand_173	5.377559451985697
SEQC_st1|rand_174	4.962206101054788
SEQC_st1|rand_175	5.434120784458376
SEQC_st1|rand_176	5.052609911330045
SEQC_st1|rand_177	5.19554585182843
SEQC_st1|rand_178	5.089344877809692
SEQC_st1|rand_179	5.267686636271771
SEQC_st1|rand_180	5.254333738056625
SEQC_st1|rand_181	5.210850250996539
SEQC_st1|rand_182	5.314212365364251
SEQC_st1|rand_183	5.273518253051952
SEQC_st1|rand_184	5.224202974813209
SEQC_st1|rand_185	5.2174291735408875
SEQC_st1|rand_186	5.221492204961561
SEQC_st1|rand_187	5.042970883867613
SEQC_st1|rand_188	5.136692248894973
SEQC_st1|rand_189	5.1296918190583325
SEQC_st1|rand_190	5.197946742512846
SEQC_st1|rand_191	5.065318178290157
SEQC_st1|rand_192	4.884900434902476
SEQC_st1|rand_193	5.107587191666306
SEQC_st1|rand_194	5.169996236832456
SEQC_st1|rand_195	4.967156486025702
SEQC_st1|rand_196	5.1892880881171575
SEQC_st1|rand_197	5.302313673768966
SEQC_st1|rand_198	5.256791897437595
SEQC_st1|rand_199	5.31394699626239
SEQC_st1|rand_200	5.0395631998261
SEQC_st1|rand_201	5.352671093851707
SEQC_st1|rand_202	5.342253863988618
SEQC_st1|rand_203	5.189323357575875
SEQC_st1|rand_204	5.266606768031856
SEQC_st1|rand_205	5.299211939746496
SEQC_st1|rand_206	5.201278772115656
SEQC_st1|rand_207	5.3297962629037094
SEQC_st1|rand_208	5.2509761641035215
SEQC_st1|rand_209	5.246052438485712
SEQC_st1|rand_210	5.049293475907838
SEQC_st1|rand_211	5.142727086781071
SEQC_st1|rand_212	5.226967568970142
SEQC_st1|rand_213	5.203345355981388
SEQC_st1|rand_214	5.210659228357944
SEQC_st1|rand_215	5.225114873905459
SEQC_st1|rand_216	5.1224536008720465
SEQC_st1|rand_217	5.145106180184214
SEQC_st1|rand_218	4.998651421402856
SEQC_st1|rand_219	5.408237511696843
SEQC_st1|rand_220	5.432702729648669
SEQC_st1|rand_221	4.541932783294412
SEQC_st1|rand_222	5.076401302647663
SEQC_st1|rand_223	4.989371874685068
SEQC_st1|rand_224	5.312717150017669
SEQC_st1|rand_225	4.630745121152197
SEQC_st1|rand_226	5.137127042920562
SEQC_st1|rand_227	5.050409163403187
SEQC_st1|rand_228	4.965823679523449
SEQC_st1|rand_229	5.3304195737691735
SEQC_st1|rand_230	4.836244367819979
SEQC_st1|rand_231	5.215717052124211
SEQC_st1|rand_232	5.236931070852677
SEQC_st1|rand_233	4.713019424085148
SEQC_st1|rand_234	5.08503204531751
SEQC_st1|rand_235	5.161757203424908
SEQC_st1|rand_236	5.547446288545291
SEQC_st1|rand_237	5.094000298234966
SEQC_st1|rand_238	4.960907016173988
SEQC_st1|rand_239	5.014839557958237
SEQC_st1|rand_240	5.293354889119686
SEQC_st1|rand_241	5.1640853416531325
SEQC_st1|rand_242	4.950429698028152
SEQC_st1|rand_243	5.038868101457908
SEQC_st1|rand_244	5.255889750219711
SEQC_st1|rand_245	5.139421536403336
SEQC_st1|rand_246	5.354643315649248
SEQC_st1|rand_247	5.124554274589439
SEQC_st1|rand_248	4.984528751989608
SEQC_st1|rand_249	5.217763102038993
SEQC_st1|rand_250	5.1458648422979865
SEQC_st1|rand_251	5.27272678416371
SEQC_st1|rand_252	5.147353347552554
SEQC_st1|rand_253	5.1672106211370625
SEQC_st1|rand_254	5.136470542127342
SEQC_st1|rand_255	5.248740738582743
SEQC_st1|rand_256	5.182125136706886
SEQC_st1|rand_257	4.964012044218166
SEQC_st1|rand_258	5.237919867042545
SEQC_st1|rand_259	5.084482826128246
SEQC_st1|rand_260	4.896954317720971
SEQC_st1|rand_261	4.867333988164693
SEQC_st1|rand_262	5.281796996140544
SEQC_st1|rand_263	5.263058651124207
SEQC_st1|rand_264	5.0330801228124225
SEQC_st1|rand_265	5.183543025018848
SEQC_st1|rand_266	5.170445310578818
SEQC_st1|rand_267	5.171284774792616
SEQC_st1|rand_268	4.892460182963307
SEQC_st1|rand_269	5.182523780579711
SEQC_st1|rand_270	4.985513315831896
SEQC_st1|rand_271	5.009497644514806
SEQC_st1|rand_272	5.401929120135087
SEQC_st1|rand_273	5.225607980561319
SEQC_st1|rand_274	4.867757256212787
SEQC_st1|rand_275	5.347336799551942
SEQC_st1|rand_276	5.189702783535918
SEQC_st1|rand_277	5.108489235962036
SEQC_st1|rand_278	5.281272709818519
SEQC_st1|rand_279	5.085327236838419
SEQC_st1|rand_280	4.9331490015844555
SEQC_st1|rand_281	5.297542623157115
SEQC_st1|rand_282	4.924101122735355
SEQC_st1|rand_283	4.973215433760163
SEQC_st1|rand_284	4.898632686865874
SEQC_st1|rand_285	5.203494975253502
SEQC_st1|rand_286	5.065878884693777
SEQC_st1|rand_287	5.102924425877323
SEQC_st1|rand_288	5.366967022698424
SEQC_st1|rand_289	5.045940009892368
SEQC_st1|rand_290	5.147915279828198
SEQC_st1|rand_291	4.7863735295744805
SEQC_st1|rand_292	5.088180151943309
SEQC_st1|rand_293	4.9810850768550985
SEQC_st1|rand_294	5.070696732872508
SEQC_st1|rand_295	5.104996187800549
SEQC_st1|rand_296	5.373666686393941
SEQC_st1|rand_297	5.373032320750027
SEQC_st1|rand_298	4.947720939796699
SEQC_st1|rand_299	5.345638091414293
SEQC_st1|rand_300	5.000629557746586
SEQC_st1|rand_301	5.271937103521232
SEQC_st1|rand_302	5.14009589280442
SEQC_st1|rand_303	5.077705638527128
SEQC_st1|rand_304	5.342442352918383
SEQC_st1|rand_305	5.222570027287926
SEQC_st1|rand_306	5.243037134548233
SEQC_st1|rand_307	5.1472150472773475
SEQC_st1|rand_308	5.249588190151067
SEQC_st1|rand_309	4.86205862884564
SEQC_st1|rand_310	4.923575205542245
SEQC_st1|rand_311	5.651067301380095
SEQC_st1|rand_312	5.425243089791064
SEQC_st1|rand_313	4.936365225553007
SEQC_st1|rand_314	5.2804051042630995
SEQC_st1|rand_315	5.227492671161616
SEQC_st1|rand_316	4.824802756419605
SEQC_st1|rand_317	5.378748606463769
SEQC_st1|rand_318	5.49628558553449
SEQC_st1|rand_319	4.858429975486564
SEQC_st1|rand_320	5.14998950226962
SEQC_st1|rand_321	5.184208588391165
SEQC_st1|rand_322	4.837553268351057
SEQC_st1|rand_323	5.254685997372343
SEQC_st1|rand_324	5.25955649776901
SEQC_st1|rand_325	5.303800183046599
SEQC_st1|rand_326	5.0092390253221435
SEQC_st1|rand_327	5.1415666989660815
SEQC_st1|rand_328	4.914665104670621
SEQC_st1|rand_329	5.003915278224991
SEQC_st1|rand_330	4.588276151626216
SEQC_st1|rand_331	5.216554766125284
SEQC_st1|rand_332	5.2572860123466505
SEQC_st1|rand_333	5.324184311960859
SEQC_st1|rand_334	5.0564259903991005
SEQC_st1|rand_335	5.142265588324667
SEQC_st1|rand_336	5.3962798855344465
SEQC_st1|rand_337	5.168699286216558
SEQC_st1|rand_338	5.108855031030847
SEQC_st1|rand_339	5.028034274064289
SEQC_st1|rand_340	5.455652443379129
SEQC_st1|rand_341	5.18106852020141
SEQC_st1|rand_342	5.19198587518817
SEQC_st1|rand_343	5.043995706734093
SEQC_st1|rand_344	4.973551975105051
SEQC_st1|rand_345	4.932363949482914
SEQC_st1|rand_346	5.295830602105279
SEQC_st1|rand_347	5.274899283108856
SEQC_st1|rand_348	5.240645705640535
SEQC_st1|rand_349	5.020696991712854
SEQC_st1|rand_350	5.253203213877748
SEQC_st1|rand_351	5.460573144279066
SEQC_st1|rand_352	5.20384209902862
SEQC_st1|rand_353	5.196351298229407
SEQC_st1|rand_354	5.214857174609382
SEQC_st1|rand_355	5.529390435794784
SEQC_st1|rand_356	5.26713364856212
SEQC_st1|rand_357	5.190761292249323
SEQC_st1|rand_358	5.589816240754669
SEQC_st1|rand_359	5.169318564185532
SEQC_st1|rand_360	5.299401089277642
SEQC_st1|rand_361	5.0904922269017225
SEQC_st1|rand_362	4.944208940469366
SEQC_st1|rand_363	4.575859177298849
SEQC_st1|rand_364	4.969988471614898
SEQC_st1|rand_365	5.346529958832255
SEQC_st1|rand_366	5.059541615163489
SEQC_st1|rand_367	5.159476014669727
SEQC_st1|rand_368	5.463728693991685
SEQC_st1|rand_369	5.29382847963119
SEQC_st1|rand_370	5.088442396706407
SEQC_st1|rand_371	5.356368088658639
SEQC_st1|rand_372	5.510051586517402
SEQC_st1|rand_373	5.4382264933708315
SEQC_st1|rand_374	4.843784137066388
SEQC_st1|rand_375	5.364312474028823
SEQC_st1|rand_376	5.293342194961364
SEQC_st1|rand_377	5.057130442365448
SEQC_st1|rand_378	5.094934508591081
SEQC_st1|rand_379	4.976345354922093
SEQC_st1|rand_380	4.939390679102627
SEQC_st1|rand_381	5.125175865454363
SEQC_st1|rand_382	5.077152665330389
SEQC_st1|rand_383	4.950018091987531
SEQC_st1|rand_384	4.949895776193734
SEQC_st1|rand_385	4.926149830489485
SEQC_st1|rand_386	5.0899463348819145
SEQC_st1|rand_387	5.11978483478842
SEQC_st1|rand_388	5.297073046461544
SEQC_st1|rand_389	5.004483432000771
SEQC_st1|rand_390	5.364550611631095
SEQC_st1|rand_391	5.3620630129343905
SEQC_st1|rand_392	4.748693901097017
SEQC_st1|rand_393	5.083795252829437
SEQC_st1|rand_394	5.133394454495389
SEQC_st1|rand_395	4.567782563597779
SEQC_st1|rand_396	4.928816404422318
SEQC_st1|rand_397	4.931743166465084
SEQC_st1|rand_398	5.211498862797735
SEQC_st1|rand_399	5.469431275954621
SEQC_st1|rand_400	5.253888778898938
SEQC_st1|rand_401	5.086542849712829
SEQC_st1|rand_402	5.222056625220664
SEQC_st1|rand_403	5.488524115653726
SEQC_st1|rand_404	4.983862961141725
SEQC_st1|rand_405	5.436575769819111
SEQC_st1|rand_406	5.311152365092879
SEQC_st1|rand_407	5.307918336226819
SEQC_st1|rand_408	5.026172404533732
SEQC_st1|rand_409	5.211767499411584
SEQC_st1|rand_410	5.197135320545483
SEQC_st1|rand_411	5.218115259575135
SEQC_st1|rand_412	5.093392754283747
SEQC_st1|rand_413	5.180955665266437
SEQC_st1|rand_414	4.980234325485332
SEQC_st1|rand_415	5.062998876135358
SEQC_st1|rand_416	5.228729050253077
SEQC_st1|rand_417	5.278496409809997
SEQC_st1|rand_418	5.244143073269843
SEQC_st1|rand_419	5.1348666469888204
SEQC_st1|rand_420	5.03391348649643
SEQC_st1|rand_421	5.3119931828955345
SEQC_st1|rand_422	4.945509594152687
SEQC_st1|rand_423	5.242361480662185
SEQC_st1|rand_424	5.1719417287761855
SEQC_st1|rand_425	5.215483355152141
SEQC_st1|rand_426	4.871374397964794
SEQC_st1|rand_427	4.999576848060729
SEQC_st1|rand_428	5.175879709328527
SEQC_st1|rand_429	5.368118187697199
SEQC_st1|rand_430	4.496765490739217
SEQC_st1|rand_431	5.2076145983612365
SEQC_st1|rand_432	5.0177578216542535
SEQC_st1|rand_433	5.363234564250643
SEQC_st1|rand_434	5.082994333555821
SEQC_st1|rand_435	4.734925227563168
SEQC_st1|rand_436	4.745482174566574
SEQC_st1|rand_437	5.268151569778506
SEQC_st1|rand_438	5.323499152058977
SEQC_st1|rand_439	5.272062274820485
SEQC_st1|rand_440	5.159947046148862
SEQC_st1|rand_441	5.109790946426157
SEQC_st1|rand_442	5.154545435371213
SEQC_st1|rand_443	5.09810314619344
SEQC_st1|rand_444	5.233615023813062
SEQC_st1|rand_445	5.0284265152512395
SEQC_st1|rand_446	4.768390395878432
SEQC_st1|rand_447	5.040166559495058
SEQC_st1|rand_448	4.433930257989085
SEQC_st1|rand_449	5.064394348508933
SEQC_st1|rand_450	5.250886535941369
SEQC_st1|rand_451	4.955021428469888
SEQC_st1|rand_452	5.334879260132932
SEQC_st1|rand_453	4.93885803129581
SEQC_st1|rand_454	5.15778931832263
SEQC_st1|rand_455	5.189205922113057
SEQC_st1|rand_456	5.054518409018544
SEQC_st1|rand_457	5.107351719746803
SEQC_st1|rand_458	5.131090510564178
SEQC_st1|rand_459	4.819267088674335
SEQC_st1|rand_460	5.264197682462507
SEQC_st1|rand_461	5.293962643350573
SEQC_st1|rand_462	5.140646144686258
SEQC_st1|rand_463	5.106250649119682
SEQC_st1|rand_464	5.067286296912996
SEQC_st1|rand_465	4.862017926136967
SEQC_st1|rand_466	5.308136825702832
SEQC_st1|rand_467	5.097577169729739
SEQC_st1|rand_468	4.836285175814167
SEQC_st1|rand_469	4.8532151287680865
SEQC_st1|rand_470	5.390549299288702
SEQC_st1|rand_471	5.165351877175699
SEQC_st1|rand_472	5.000395080425472
SEQC_st1|rand_473	5.2861379559240715
SEQC_st1|rand_474	5.097762194258864
SEQC_st1|rand_475	4.96678405178853
SEQC_st1|rand_476	5.256757057522576
SEQC_st1|rand_477	5.552751784931518
SEQC_st1|rand_478	5.162548581462486
SEQC_st1|rand_479	5.455655498623225
SEQC_st1|rand_480	4.998950575287291
SEQC_st1|rand_481	4.808284441983471
SEQC_st1|rand_482	5.17941933211937
SEQC_st1|rand_483	5.192777112908743
SEQC_st1|rand_484	5.244692083570783
SEQC_st1|rand_485	5.026438102597016
SEQC_st1|rand_486	5.09731865587924
SEQC_st1|rand_487	4.913383532484347
SEQC_st1|rand_488	4.917161925712143
SEQC_st1|rand_489	5.170121759894842
SEQC_st1|rand_490	5.143314928068596
SEQC_st1|rand_491	5.20435156787224
SEQC_st1|rand_492	5.322018068690887
SEQC_st1|rand_493	5.003126867716448
SEQC_st1|rand_494	5.37359491114277
SEQC_st1|rand_495	4.963701501688391
SEQC_st1|rand_496	5.29224011918943
SEQC_st1|rand_497	5.056243555098478
SEQC_st1|rand_498	5.077865615425975
SEQC_st1|rand_499	5.085668257683923
SEQC_st1|rand_500	4.959244564823286
SEQC_st1|rand_501	4.949339433430306
SEQC_st1|rand_502	4.978029468468838
SEQC_st1|rand_503	4.854914295513182
SEQC_st1|rand_504	5.166626454913022
SEQC_st1|rand_505	5.42760662942514
SEQC_st1|rand_506	5.024243737907783
SEQC_st1|rand_507	5.023932913442223
SEQC_st1|rand_508	5.27833254319876
SEQC_st1|rand_509	5.316711732776728
SEQC_st1|rand_510	5.110530591775039
SEQC_st1|rand_511	5.349596749998165
SEQC_st1|rand_512	4.989536066816856
SEQC_st1|rand_513	5.159503651748736
SEQC_st1|rand_514	4.974281146698082
SEQC_st1|rand_515	5.552134055244309
SEQC_st1|rand_516	5.15118108698658
SEQC_st1|rand_517	4.9307930184206725
SEQC_st1|rand_518	5.0485261365606355
SEQC_st1|rand_519	4.728981549496716
SEQC_st1|rand_520	4.97005294282019
SEQC_st1|rand_521	5.44295172663453
SEQC_st1|rand_522	4.986838209203936
SEQC_st1|rand_523	4.8372985362246235
SEQC_st1|rand_524	5.121767092726446
SEQC_st1|rand_525	5.041138313387102
SEQC_st1|rand_526	5.397819713647955
SEQC_st1|rand_527	4.982198901557776
SEQC_st1|rand_528	5.38553470642777
SEQC_st1|rand_529	5.029556400573616
SEQC_st1|rand_530	5.079955616335223
SEQC_st1|rand_531	5.244828724675849
SEQC_st1|rand_532	5.27000624585527
SEQC_st1|rand_533	5.103312454248568
SEQC_st1|rand_534	5.251593478750308
SEQC_st1|rand_535	5.339063637236176
SEQC_st1|rand_536	5.19480832808825
SEQC_st1|rand_537	5.299276604969799
SEQC_st1|rand_538	5.199958603992285
SEQC_st1|rand_539	4.71380211707909
SEQC_st1|rand_540	5.224639897930558
SEQC_st1|rand_541	5.056780796032997
SEQC_st1|rand_542	5.131182464550624
SEQC_st1|rand_543	5.396128372507622
SEQC_st1|rand_544	4.98304566375475
SEQC_st1|rand_545	5.29531331870846
SEQC_st1|rand_546	5.0324829966537035
SEQC_st1|rand_547	5.39635028221547
SEQC_st1|rand_548	5.180482721722275
SEQC_st1|rand_549	4.980653927864313
SEQC_st1|rand_550	5.007233917307235
SEQC_st1|rand_551	5.414925490109295
SEQC_st1|rand_552	4.999873151647602
SEQC_st1|rand_553	5.344577548834476
SEQC_st1|rand_554	5.371203638965175
SEQC_st1|rand_555	5.361204694563974
SEQC_st1|rand_556	4.664671221664136
SEQC_st1|rand_557	4.97993340150194
SEQC_st1|rand_558	5.231864930543076
SEQC_st1|rand_559	4.985827248275655
SEQC_st1|rand_560	5.319725255060607
SEQC_st1|rand_561	5.378821166492216
SEQC_st1|rand_562	5.165181549393465
SEQC_st1|rand_563	5.169571185371779
SEQC_st1|rand_564	5.012462955899538
SEQC_st1|rand_565	5.33438266401193
SEQC_st1|rand_566	5.13015438076991
SEQC_st1|rand_567	5.388512765161655
SEQC_st1|rand_568	5.109247597999234
SEQC_st1|rand_569	5.063347167367388
SEQC_st1|rand_570	5.224330053762278
SEQC_st1|rand_571	5.025986045809065
SEQC_st1|rand_572	5.303607576150233
SEQC_st1|rand_573	4.976384362289436
SEQC_st1|rand_574	5.386359931453541
SEQC_st1|rand_575	5.10299522041515
SEQC_st1|rand_576	4.840830634260605
SEQC_st1|rand_577	5.056495500124987
SEQC_st1|rand_578	5.281087615948459
SEQC_st1|rand_579	5.4364016088239095
SEQC_st1|rand_580	5.3533378231975695
SEQC_st1|rand_581	5.32324539505728
SEQC_st1|rand_582	5.220570983354622
SEQC_st1|rand_583	4.911073789418615
SEQC_st1|rand_584	4.916744634160148
SEQC_st1|rand_585	4.927271695479071
SEQC_st1|rand_586	5.001335461716552
SEQC_st1|rand_587	5.129645189645115
SEQC_st1|rand_588	4.904315197513709
SEQC_st1|rand_589	5.466938561352798
SEQC_st1|rand_590	5.1674858459611235
SEQC_st1|rand_591	5.014298276033457
SEQC_st1|rand_592	4.789223910961487
SEQC_st1|rand_593	5.154230961800183
SEQC_st1|rand_594	5.154282224614476
SEQC_st1|rand_595	5.099236412504869
SEQC_st1|rand_596	5.461245390205358
SEQC_st1|rand_597	4.99797501932883
SEQC_st1|rand_598	5.4865285191722615
SEQC_st1|rand_599	5.352838467337289
SEQC_st1|rand_600	4.981714560222537
SEQC_st1|rand_601	5.123176150288114
SEQC_st1|rand_602	5.2306241504425115
SEQC_st1|rand_603	5.103776371709713
SEQC_st1|rand_604	5.23416043600507
SEQC_st1|rand_605	5.067538629536141
SEQC_st1|rand_606	5.231224967852775
SEQC_st1|rand_607	4.9224369698041155
SEQC_st1|rand_608	5.197779921295318
SEQC_st1|rand_609	5.0511217795484935
SEQC_st1|rand_610	5.202098526270905
SEQC_st1|rand_611	4.992768490146711
SEQC_st1|rand_612	5.052363990885992
SEQC_st1|rand_613	5.174151421080599
SEQC_st1|rand_614	5.254127030107488
SEQC_st1|rand_615	5.4112854917999895
SEQC_st1|rand_616	5.156394236137924
SEQC_st1|rand_617	5.032056852390292
SEQC_st1|rand_618	5.168665355762705
SEQC_st1|rand_619	5.079724935438043
SEQC_st1|rand_620	4.930890326185715
SEQC_st1|rand_621	5.3589667437737605
SEQC_st1|rand_622	5.121181022497044
SEQC_st1|rand_623	5.226661047023636
SEQC_st1|rand_624	5.569096769667688
SEQC_st1|rand_625	5.011557647837759
SEQC_st1|rand_626	5.10379624421629
SEQC_st1|rand_627	4.982679723261758
SEQC_st1|rand_628	5.002475464414569
SEQC_st1|rand_629	4.9202318160973055
SEQC_st1|rand_630	5.130655302979562
SEQC_st1|rand_631	4.84480702921104
SEQC_st1|rand_632	5.359049400983144
SEQC_st1|rand_633	5.202827997525771
SEQC_st1|rand_634	4.976429883102835
SEQC_st1|rand_635	5.115884053447951
SEQC_st1|rand_636	5.170000467103683
SEQC_st1|rand_637	4.989629603038415
SEQC_st1|rand_638	4.906356116374922
SEQC_st1|rand_639	5.073972043244674
SEQC_st1|rand_640	5.004585304052814
SEQC_st1|rand_641	5.181857429008339
SEQC_st1|rand_642	5.078244614527643
SEQC_st1|rand_643	4.873723363675907
SEQC_st1|rand_644	5.200427889416254
SEQC_st1|rand_645	5.257464007761147
SEQC_st1|rand_646	5.341507115126859
SEQC_st1|rand_647	5.300824394689459
SEQC_st1|rand_648	5.206719832593704
SEQC_st1|rand_649	5.20842873180101
SEQC_st1|rand_650	5.047040305534013
SEQC_st1|rand_651	4.93939577689966
SEQC_st1|rand_652	5.0698011121189115
SEQC_st1|rand_653	5.309046494710262
SEQC_st1|rand_654	5.366223218056965
SEQC_st1|rand_655	5.187044684025256
SEQC_st1|rand_656	5.244440230372709
SEQC_st1|rand_657	5.124479966051119
SEQC_st1|rand_658	4.956025625470579
SEQC_st1|rand_659	4.899944846968497
SEQC_st1|rand_660	5.028040661114437
SEQC_st1|rand_661	5.004235528257473
SEQC_st1|rand_662	5.1619826019288055
SEQC_st1|rand_663	5.371655119368125
SEQC_st1|rand_664	5.191597386696468
SEQC_st1|rand_665	5.021539060402583
SEQC_st1|rand_666	5.20194262856602
SEQC_st1|rand_667	4.968039182742678
SEQC_st1|rand_668	5.279492024629864
SEQC_st1|rand_669	5.285754269911551
SEQC_st1|rand_670	4.880156716828822
SEQC_st1|rand_671	4.858707201357751
SEQC_st1|rand_672	5.057850861793723
SEQC_st1|rand_673	5.073170847723175
SEQC_st1|rand_674	5.021664929157932
SEQC_st1|rand_675	5.157028201210364
SEQC_st1|rand_676	5.383138381093874
SEQC_st1|rand_677	5.213469452703569
SEQC_st1|rand_678	5.161272457503844
SEQC_st1|rand_679	5.271267218210919
SEQC_st1|rand_680	5.587745617380126
SEQC_st1|rand_681	4.925952933772482
SEQC_st1|rand_682	5.073623023767617
SEQC_st1|rand_683	5.265452051595406
SEQC_st1|rand_684	5.007292804350303
SEQC_st1|rand_685	5.158665647430364
SEQC_st1|rand_686	5.130183182337338
SEQC_st1|rand_687	4.781513110957167
SEQC_st1|rand_688	4.9775107613344725
SEQC_st1|rand_689	5.189968094490152
SEQC_st1|rand_690	5.118301524652364
SEQC_st1|rand_691	4.837686455244397
SEQC_st1|rand_692	5.199637119558132
SEQC_st1|rand_693	5.154478171046064
SEQC_st1|rand_694	4.976633325672266
SEQC_st1|rand_695	5.221162311165703
SEQC_st1|rand_696	5.110768291646194
SEQC_st1|rand_697	5.003660265173291
SEQC_st1|rand_698	5.218578758961108
SEQC_st1|rand_699	5.342691871227435
SEQC_st1|rand_700	5.2352459822222865
SEQC_st1|rand_701	5.253463907061431
SEQC_st1|rand_702	5.3365432078131665
SEQC_st1|rand_703	5.1622789724617135
SEQC_st1|rand_704	5.224313365969493
SEQC_st1|rand_705	5.290988456077492
SEQC_st1|rand_706	5.340438530745081
SEQC_st1|rand_707	4.602613222861701
SEQC_st1|rand_708	4.720816968715982
SEQC_st1|rand_709	4.61001223405697
SEQC_st1|rand_710	5.175758874342667
SEQC_st1|rand_711	4.970016585180518
SEQC_st1|rand_712	4.976486518206662
SEQC_st1|rand_713	5.163572073314191
SEQC_st1|rand_714	5.35676689284211
SEQC_st1|rand_715	5.337799753550175
SEQC_st1|rand_716	5.1346842771722185
SEQC_st1|rand_717	5.123724220461113
SEQC_st1|rand_718	5.3796536745289325
SEQC_st1|rand_719	4.986333226187564
SEQC_st1|rand_720	5.36190610792424
SEQC_st1|rand_721	5.267747014454578
SEQC_st1|rand_722	4.972149464961404
SEQC_st1|rand_723	4.993691991304995
SEQC_st1|rand_724	4.6322612022525815
SEQC_st1|rand_725	4.754262827033239
SEQC_st1|rand_726	5.22145693921734
SEQC_st1|rand_727	4.88568047423534
SEQC_st1|rand_728	5.3079903971215066
SEQC_st1|rand_729	5.222566784036384
SEQC_st1|rand_730	5.510682902245909
SEQC_st1|rand_731	5.2758072826356734
SEQC_st1|rand_732	5.121774173513453
SEQC_st1|rand_733	5.131910991967157
SEQC_st1|rand_734	4.931895193919201
SEQC_st1|rand_735	5.006103580143169
SEQC_st1|rand_736	5.016670421351933
SEQC_st1|rand_737	5.108781188191411
SEQC_st1|rand_738	5.033880808624337
SEQC_st1|rand_739	5.57588665674604
SEQC_st1|rand_740	5.282181722684647
SEQC_st1|rand_741	4.985254859639641
SEQC_st1|rand_742	5.250597307147828
SEQC_st1|rand_743	5.100031396832806
SEQC_st1|rand_744	5.250944147498179
SEQC_st1|rand_745	5.537272347485868
SEQC_st1|rand_746	5.390951616333044
SEQC_st1|rand_747	5.372244404326565
SEQC_st1|rand_748	5.282051844557807
SEQC_st1|rand_749	5.070208148463005
SEQC_st1|rand_750	5.2983702004099005
SEQC_st1|rand_751	5.029171720072081
SEQC_st1|rand_752	5.0395391642386835
SEQC_st1|rand_753	5.4603097605870055
SEQC_st1|rand_754	5.101175707886743
SEQC_st1|rand_755	5.081358244360028
SEQC_st1|rand_756	5.0977018505500595
SEQC_st1|rand_757	4.995925321831933
SEQC_st1|rand_758	4.968993552051083
SEQC_st1|rand_759	5.199245813733376
SEQC_st1|rand_760	5.175237143802084
SEQC_st1|rand_761	5.1245799288742
SEQC_st1|rand_762	5.238262125329023
SEQC_st1|rand_763	5.161185896347541
SEQC_st1|rand_764	4.743295725013322
SEQC_st1|rand_765	4.968749202214983
SEQC_st1|rand_766	4.869811369644553
SEQC_st1|rand_767	5.3646675671783495
SEQC_st1|rand_768	5.156152384801143
SEQC_st1|rand_769	5.202085114514707
SEQC_st1|rand_770	4.848749012491217
SEQC_st1|rand_771	5.144245024028736
SEQC_st1|rand_772	5.225151314803426
SEQC_st1|rand_773	4.988992935946917
SEQC_st1|rand_774	5.360909586208848
SEQC_st1|rand_775	5.159688489346462
SEQC_st1|rand_776	5.122721444901595
SEQC_st1|rand_777	5.4157912885369655
SEQC_st1|rand_778	5.275855020877817
SEQC_st1|rand_779	5.310940076143249
SEQC_st1|rand_780	5.303182052021518
SEQC_st1|rand_781	5.6113052319323815
SEQC_st1|rand_782	5.068464048345698
SEQC_st1|rand_783	5.175076307846171
SEQC_st1|rand_784	5.166484777938699
SEQC_st1|rand_785	5.088362200548767
SEQC_st1|rand_786	5.14377964520306
SEQC_st1|rand_787	5.241422507671012
SEQC_st1|rand_788	4.863387808818423
SEQC_st1|rand_789	5.4610994926387955
SEQC_st1|rand_790	5.065923764532086
SEQC_st1|rand_791	5.186141381990051
SEQC_st1|rand_792	5.176044897003492
SEQC_st1|rand_793	5.345760485651242
SEQC_st1|rand_794	5.039883513425313
SEQC_st1|rand_795	4.988615519721595
SEQC_st1|rand_796	5.204043265719214
SEQC_st1|rand_797	5.038564798818751
SEQC_st1|rand_798	4.959247641424043
SEQC_st1|rand_799	4.705895058757577
SEQC_st1|rand_800	5.212810084846492
SEQC_st1|rand_801	5.124981750056874
SEQC_st1|rand_802	5.298084631145397
SEQC_st1|rand_803	5.198782786103897
SEQC_st1|rand_804	5.247020341131962
SEQC_st1|rand_805	5.284124869856268
SEQC_st1|rand_806	5.0171286468199225
SEQC_st1|rand_807	5.165840977916768
SEQC_st1|rand_808	5.33911352740863
SEQC_st1|rand_809	4.883492984637741
SEQC_st1|rand_810	5.19904015887604
SEQC_st1|rand_811	5.403145013306968
SEQC_st1|rand_812	5.355945302888778
SEQC_st1|rand_813	4.9744771688081455
SEQC_st1|rand_814	5.191408400467977
SEQC_st1|rand_815	5.069886029312043
SEQC_st1|rand_816	5.288166228897739
SEQC_st1|rand_817	4.876085986846389
SEQC_st1|rand_818	5.324734376451389
SEQC_st1|rand_819	5.366702098830726
SEQC_st1|rand_820	5.266959989349418
SEQC_st1|rand_821	5.170055258922242
SEQC_st1|rand_822	5.064118196955758
SEQC_st1|rand_823	5.212092048872943
SEQC_st1|rand_824	4.879384375015732
SEQC_st1|rand_825	5.253392460365862
SEQC_st1|rand_826	5.33662853557773
SEQC_st1|rand_827	5.230375151841036
SEQC_st1|rand_828	5.001257549567975
SEQC_st1|rand_829	5.212299022566006
SEQC_st1|rand_830	5.227666304242803
SEQC_st1|rand_831	5.253325755079846
SEQC_st1|rand_832	4.779357809155124
SEQC_st1|rand_833	5.406844986479209
SEQC_st1|rand_834	5.297156308487358
SEQC_st1|rand_835	5.450730819834874
SEQC_st1|rand_836	5.139221119244907
SEQC_st1|rand_837	5.172325715307716
SEQC_st1|rand_838	5.331102621310888
SEQC_st1|rand_839	4.907507644162552
SEQC_st1|rand_840	5.168064585294597
SEQC_st1|rand_841	4.984166131025873
SEQC_st1|rand_842	5.238478201612349
SEQC_st1|rand_843	5.022805521001761
SEQC_st1|rand_844	5.0686276263868315
SEQC_st1|rand_845	5.136351973866409
SEQC_st1|rand_846	5.40029371758048
SEQC_st1|rand_847	4.881841321867156
SEQC_st1|rand_848	5.189609590373405
SEQC_st1|rand_849	5.034907520129464
SEQC_st1|rand_850	4.894044708687516
SEQC_st1|rand_851	5.138699711839156
SEQC_st1|rand_852	5.2921099977188995
SEQC_st1|rand_853	4.980617211330507
SEQC_st1|rand_854	5.107100978065007
SEQC_st1|rand_855	5.180164971635352
SEQC_st1|rand_856	4.751000581514415
SEQC_st1|rand_857	5.154403590172581
SEQC_st1|rand_858	5.199313173930841
SEQC_st1|rand_859	5.265236500634832
SEQC_st1|rand_860	5.238522768881129
SEQC_st1|rand_861	5.505527990431746
SEQC_st1|rand_862	5.07429592020652
SEQC_st1|rand_863	5.256145636520178
SEQC_st1|rand_864	5.100396217105192
SEQC_st1|rand_865	5.289329006507413
SEQC_st1|rand_866	4.821665075882779
SEQC_st1|rand_867	5.348422910033562
SEQC_st1|rand_868	5.2580898952901824
SEQC_st1|rand_869	5.018620202041145
SEQC_st1|rand_870	4.818625468376234
SEQC_st1|rand_871	5.136352735523867
SEQC_st1|rand_872	5.179000607274882
SEQC_st1|rand_873	5.38114367293182
SEQC_st1|rand_874	5.11391175415262
SEQC_st1|rand_875	4.91695939662842
SEQC_st1|rand_876	5.345325706321007
SEQC_st1|rand_877	5.3001386172074945
SEQC_st1|rand_878	5.268617499296672
SEQC_st1|rand_879	4.961285349564289
SEQC_st1|rand_880	5.375444790286903
SEQC_st1|rand_881	5.0757938051236415
SEQC_st1|rand_882	5.272648558929789
SEQC_st1|rand_883	5.099229138521478
SEQC_st1|rand_884	5.0966619051808895
SEQC_st1|rand_885	5.050451619748667
SEQC_st1|rand_886	5.262639308852838
SEQC_st1|rand_887	4.988024455976564
SEQC_st1|rand_888	5.189411256229086
SEQC_st1|rand_889	5.248525183521075
SEQC_st1|rand_890	4.87101652913326
SEQC_st1|rand_891	5.141237065031469
SEQC_st1|rand_892	4.990802267302041
SEQC_st1|rand_893	5.14246129759704
SEQC_st1|rand_894	5.173639695651747
SEQC_st1|rand_895	5.066293755714273
SEQC_st1|rand_896	5.356966888884732
SEQC_st1|rand_897	5.358060248253657
SEQC_st1|rand_898	4.908595737342445
SEQC_st1|rand_899	5.208358760680661
SEQC_st1|rand_900	4.905745279684698
SEQC_st1|rand_901	5.199219077602954
SEQC_st1|rand_902	4.9981809788030995
SEQC_st1|rand_903	5.238861522551274
SEQC_st1|rand_904	5.257506072827591
SEQC_st1|rand_905	5.13460891813171
SEQC_st1|rand_906	5.13898637717155
SEQC_st1|rand_907	5.060622111224288
SEQC_st1|rand_908	5.007048663730436
SEQC_st1|rand_909	4.862228039993913
SEQC_st1|rand_910	4.968997424162568
SEQC_st1|rand_911	5.188137819732683
SEQC_st1|rand_912	4.729020083627353
SEQC_st1|rand_913	5.1867285638637375
SEQC_st1|rand_914	5.34538608362984
SEQC_st1|rand_915	4.831271307422735
SEQC_st1|rand_916	5.378424987530539
SEQC_st1|rand_917	5.053690393475273
SEQC_st1|rand_918	4.865421664691232
SEQC_st1|rand_919	4.986537219482506
SEQC_st1|rand_920	5.465474430866777
SEQC_st1|rand_921	5.2725993265784155
SEQC_st1|rand_922	5.2772883773322805
SEQC_st1|rand_923	5.232870723687118
SEQC_st1|rand_924	5.131378768061587
SEQC_st1|rand_925	5.368520404440304
SEQC_st1|rand_926	4.8724231375520715
SEQC_st1|rand_927	5.092439321039655
SEQC_st1|rand_928	4.85583043209733
SEQC_st1|rand_929	5.272074045718129
SEQC_st1|rand_930	5.1602281288222915
SEQC_st1|rand_931	5.185461952194309
SEQC_st1|rand_932	4.859981607214137
SEQC_st1|rand_933	4.986380186009845
SEQC_st1|rand_934	5.211990409613822
SEQC_st1|rand_935	4.924537515627657
SEQC_st1|rand_936	5.529994803627388
SEQC_st1|rand_937	4.831439209638047
SEQC_st1|rand_938	5.2046487533591135
SEQC_st1|rand_939	5.067296847159047
SEQC_st1|rand_940	5.446180826554266
SEQC_st1|rand_941	5.276966702929315
SEQC_st1|rand_942	4.95664350653499
SEQC_st1|rand_943	5.425279816573629
SEQC_st1|rand_944	4.899119593350239
SEQC_st1|rand_945	4.941316209071535
SEQC_st1|rand_946	5.314235455036689
SEQC_st1|rand_947	4.9601415726938365
SEQC_st1|rand_948	5.3070340268315315
SEQC_st1|rand_949	5.151091104259646
SEQC_st1|rand_950	4.978979090922802
SEQC_st1|rand_951	5.187580028529534
SEQC_st1|rand_952	5.148409746769515
SEQC_st1|rand_953	5.32495248658061
SEQC_st1|rand_954	5.19880998844975
SEQC_st1|rand_955	5.377951634416971
SEQC_st1|rand_956	5.057226646645774
SEQC_st1|rand_957	5.377939200046711
SEQC_st1|rand_958	5.358667187422192
SEQC_st1|rand_959	5.392443893447045
SEQC_st1|rand_960	4.937863170558575
SEQC_st1|rand_961	5.005891516414741
SEQC_st1|rand_962	5.3534246531308
SEQC_st1|rand_963	5.449649954808708
SEQC_st1|rand_964	5.229214764551923
SEQC_st1|rand_965	5.524989894824943
SEQC_st1|rand_966	4.731768548202213
SEQC_st1|rand_967	5.089618775483152
SEQC_st1|rand_968	5.1114397456970835
SEQC_st1|rand_969	5.1968978566257364
SEQC_st1|rand_970	5.150751756433338
SEQC_st1|rand_971	5.081158429375692
SEQC_st1|rand_972	5.485993059625323
SEQC_st1|rand_973	4.649345173870682
SEQC_st1|rand_974	5.2425280507137835
SEQC_st1|rand_975	4.6948621767981376
SEQC_st1|rand_976	5.326939634903077
SEQC_st1|rand_977	5.0927293517690195
SEQC_st1|rand_978	5.12387975365599
SEQC_st1|rand_979	5.114021082496141
SEQC_st1|rand_980	4.81907149194161
SEQC_st1|rand_981	5.023762927798699
SEQC_st1|rand_982	5.002312852096617
SEQC_st1|rand_983	5.0320469101400835
SEQC_st1|rand_984	5.314715188570524
SEQC_st1|rand_985	5.407324214253258
SEQC_st1|rand_986	5.342960994610089
SEQC_st1|rand_987	5.009187553683045
SEQC_st1|rand_988	5.422100438539042
SEQC_st1|rand_989	5.17050231705467
SEQC_st1|rand_990	5.41449808449962
SEQC_st1|rand_991	5.161454928506659
SEQC_st1|rand_992	5.048683287364263
SEQC_st1|rand_993	5.182218069051223
SEQC_st1|rand_994	5.014542403692801
SEQC_st1|rand_995	4.756322110769283
SEQC_st1|rand_996	5.264337873122382
SEQC_st1|rand_997	4.636889403516006
SEQC_st1|rand_998	5.063616857546272
SEQC_st1|rand_999	4.839140212031085
SEQC_st1|rand_1000	5.60304809578887
SEQC_st2|rand_1	5.424670801834993
SEQC_st2|rand_2	5.241853912810794
SEQC_st2|rand_3	5.407689859961722
SEQC_st2|rand_4	5.3913386562175365
SEQC_st2|rand_5	4.747294537642834
SEQC_st2|rand_6	5.331940357457799
SEQC_st2|rand_7	5.399863400560451
SEQC_st2|rand_8	5.139782073217897
SEQC_st2|rand_9	4.797171729528965
SEQC_st2|rand_10	4.7024621940731235
SEQC_st2|rand_11	4.990295066643974
SEQC_st2|rand_12	5.105697378994887
SEQC_st2|rand_13	5.131899982981037
SEQC_st2|rand_14	5.245055072414947
SEQC_st2|rand_15	5.135314856277151
SEQC_st2|rand_16	4.997635359831966
SEQC_st2|rand_17	4.995896403915023
SEQC_st2|rand_18	5.2403115578966295
SEQC_st2|rand_19	5.033050464020291
SEQC_st2|rand_20	5.028796354326236
SEQC_st2|rand_21	5.342470113711117
SEQC_st2|rand_22	5.161883381077071
SEQC_st2|rand_23	5.1311044419616545
SEQC_st2|rand_24	4.811847398170383
SEQC_st2|rand_25	4.713870610294486
SEQC_st2|rand_26	4.921303751113941
SEQC_st2|rand_27	5.247820486833723
SEQC_st2|rand_28	5.264157685980506
SEQC_st2|rand_29	5.32409000570784
SEQC_st2|rand_30	4.947635383087225
SEQC_st2|rand_31	5.273155185743356
SEQC_st2|rand_32	4.76099367434894
SEQC_st2|rand_33	4.80512504407494
SEQC_st2|rand_34	5.16216876609602
SEQC_st2|rand_35	5.177793664641359
SEQC_st2|rand_36	4.779266972801335
SEQC_st2|rand_37	5.542883744205659
SEQC_st2|rand_38	5.496136115281209
SEQC_st2|rand_39	4.692265411898265
SEQC_st2|rand_40	5.123589898613296
SEQC_st2|rand_41	5.178109804409197
SEQC_st2|rand_42	4.878084380330921
SEQC_st2|rand_43	5.0249032267406895
SEQC_st2|rand_44	5.138212083533316
SEQC_st2|rand_45	5.156515976958531
SEQC_st2|rand_46	5.065093264405519
SEQC_st2|rand_47	5.157305598560619
SEQC_st2|rand_48	5.188078187621793
SEQC_st2|rand_49	5.303766381073837
SEQC_st2|rand_50	5.041549039022442
SEQC_st2|rand_51	5.127648258857052
SEQC_st2|rand_52	5.536399125390403
SEQC_st2|rand_53	5.192526366658825
SEQC_st2|rand_54	4.925092044797306
SEQC_st2|rand_55	5.352637216330693
SEQC_st2|rand_56	5.142046156105612
SEQC_st2|rand_57	5.2567299740164115
SEQC_st2|rand_58	5.132736328827661
SEQC_st2|rand_59	5.236204045606114
SEQC_st2|rand_60	5.2316017509253445
SEQC_st2|rand_61	5.2036707353055665
SEQC_st2|rand_62	4.689856403053537
SEQC_st2|rand_63	5.031139933157871
SEQC_st2|rand_64	4.96294136217844
SEQC_st2|rand_65	5.072869573386839
SEQC_st2|rand_66	5.1583222543764204
SEQC_st2|rand_67	5.266991166914991
SEQC_st2|rand_68	5.340561022788678
SEQC_st2|rand_69	5.503367449597688
SEQC_st2|rand_70	5.144784820492412
SEQC_st2|rand_71	5.157335906766619
SEQC_st2|rand_72	5.457516196756155
SEQC_st2|rand_73	5.107203546429251
SEQC_st2|rand_74	4.950006345711434
SEQC_st2|rand_75	5.35636895051007
SEQC_st2|rand_76	4.953021543145319
SEQC_st2|rand_77	5.222068128498004
SEQC_st2|rand_78	5.02464449413979
SEQC_st2|rand_79	5.596465470918667
SEQC_st2|rand_80	4.827080756165415
SEQC_st2|rand_81	4.905541630037596
SEQC_st2|rand_82	5.315728830527435
SEQC_st2|rand_83	5.40910781372086
SEQC_st2|rand_84	5.18334787216266
SEQC_st2|rand_85	5.0307112720934875
SEQC_st2|rand_86	5.003317963065281
SEQC_st2|rand_87	4.852756765640102
SEQC_st2|rand_88	5.17943619312277
SEQC_st2|rand_89	5.18937341340845
SEQC_st2|rand_90	5.2787240560075945
SEQC_st2|rand_91	5.139949987551887
SEQC_st2|rand_92	4.99290642251117
SEQC_st2|rand_93	5.0074327575100055
SEQC_st2|rand_94	5.1422670748786405
SEQC_st2|rand_95	5.03786348095571
SEQC_st2|rand_96	4.734175317189394
SEQC_st2|rand_97	4.988182798669826
SEQC_st2|rand_98	5.133185394402633
SEQC_st2|rand_99	4.993381656452578
SEQC_st2|rand_100	5.001358062652729
SEQC_st2|rand_101	5.272520526593806
SEQC_st2|rand_102	4.928357379243148
SEQC_st2|rand_103	5.128686274166971
SEQC_st2|rand_104	5.158066452024608
SEQC_st2|rand_105	5.195782705819932
SEQC_st2|rand_106	5.295802330678314
SEQC_st2|rand_107	5.105239047233903
SEQC_st2|rand_108	5.343511799995975
SEQC_st2|rand_109	4.986255632651091
SEQC_st2|rand_110	5.019822949848761
SEQC_st2|rand_111	4.965114767173017
SEQC_st2|rand_112	4.8984957430818366
SEQC_st2|rand_113	5.323071683678357
SEQC_st2|rand_114	5.250257893448965
SEQC_st2|rand_115	5.117953153967029
SEQC_st2|rand_116	5.287734872288779
SEQC_st2|rand_117	5.161478202758227
SEQC_st2|rand_118	4.734008888489339
SEQC_st2|rand_119	5.15625130427961
SEQC_st2|rand_120	5.296206507988452
SEQC_st2|rand_121	5.230319281073101
SEQC_st2|rand_122	5.41155195148191
SEQC_st2|rand_123	5.312494752651104
SEQC_st2|rand_124	5.2337985879954285
SEQC_st2|rand_125	5.126268699472004
SEQC_st2|rand_126	5.415821022008642
SEQC_st2|rand_127	4.886601041464501
SEQC_st2|rand_128	5.07468492000981
SEQC_st2|rand_129	5.359302173012738
SEQC_st2|rand_130	5.179671961854826
SEQC_st2|rand_131	4.9632668879503
SEQC_st2|rand_132	4.947480666510893
SEQC_st2|rand_133	5.2683823454307666
SEQC_st2|rand_134	5.437664635746986
SEQC_st2|rand_135	4.996767851438896
SEQC_st2|rand_136	5.253614003727856
SEQC_st2|rand_137	4.854747719010653
SEQC_st2|rand_138	5.391495625630329
SEQC_st2|rand_139	5.23928996954486
SEQC_st2|rand_140	4.95184006616012
SEQC_st2|rand_141	5.508666212491841
SEQC_st2|rand_142	5.3849179477858335
SEQC_st2|rand_143	5.076578044461507
SEQC_st2|rand_144	4.630516874470726
SEQC_st2|rand_145	5.330486273623126
SEQC_st2|rand_146	5.516774532782915
SEQC_st2|rand_147	5.405758969574264
SEQC_st2|rand_148	5.106380287891505
SEQC_st2|rand_149	5.089638369450536
SEQC_st2|rand_150	5.219379436307405
SEQC_st2|rand_151	5.161925309291854
SEQC_st2|rand_152	5.138173561960157
SEQC_st2|rand_153	5.0187683681222275
SEQC_st2|rand_154	5.436740717210703
SEQC_st2|rand_155	5.111656654617216
SEQC_st2|rand_156	5.151491687058259
SEQC_st2|rand_157	5.341476959131373
SEQC_st2|rand_158	5.2419126227751205
SEQC_st2|rand_159	5.12679437621274
SEQC_st2|rand_160	4.839375581440202
SEQC_st2|rand_161	5.119301074421555
SEQC_st2|rand_162	5.093508331723927
SEQC_st2|rand_163	5.380340530149524
SEQC_st2|rand_164	4.993240032402914
SEQC_st2|rand_165	5.2284917041629395
SEQC_st2|rand_166	5.0517268652235545
SEQC_st2|rand_167	5.133363592399803
SEQC_st2|rand_168	5.534815747766805
SEQC_st2|rand_169	5.360208025960753
SEQC_st2|rand_170	4.85646529747108
SEQC_st2|rand_171	4.86674243997102
SEQC_st2|rand_172	5.110097635617851
SEQC_st2|rand_173	5.2658788430977
SEQC_st2|rand_174	5.043450874165548
SEQC_st2|rand_175	5.244757969560027
SEQC_st2|rand_176	5.19859279813912
SEQC_st2|rand_177	5.151533682258815
SEQC_st2|rand_178	5.024894150523396
SEQC_st2|rand_179	4.77349153627883
SEQC_st2|rand_180	5.170228949937368
SEQC_st2|rand_181	5.269813009473136
SEQC_st2|rand_182	5.3945716034963604
SEQC_st2|rand_183	5.3890347699298085
SEQC_st2|rand_184	4.737191634332928
SEQC_st2|rand_185	5.1298935717450345
SEQC_st2|rand_186	5.332605269502148
SEQC_st2|rand_187	5.068745168537249
SEQC_st2|rand_188	5.047891939683966
SEQC_st2|rand_189	5.244099344476142
SEQC_st2|rand_190	5.0538438932992085
SEQC_st2|rand_191	5.255698715020273
SEQC_st2|rand_192	4.917846162802536
SEQC_st2|rand_193	5.27375552214576
SEQC_st2|rand_194	5.289735188061467
SEQC_st2|rand_195	5.107404034830188
SEQC_st2|rand_196	5.283551621062919
SEQC_st2|rand_197	5.273448696555211
SEQC_st2|rand_198	4.931174037069483
SEQC_st2|rand_199	5.29906055487579
SEQC_st2|rand_200	4.892558969020837
SEQC_st2|rand_201	5.4038690811983185
SEQC_st2|rand_202	5.534494122471844
SEQC_st2|rand_203	5.344580329576537
SEQC_st2|rand_204	5.156406998573317
SEQC_st2|rand_205	5.265042721275741
SEQC_st2|rand_206	5.315531574210957
SEQC_st2|rand_207	5.384957073821098
SEQC_st2|rand_208	5.374697593136216
SEQC_st2|rand_209	5.189625068931656
SEQC_st2|rand_210	4.9772789636406545
SEQC_st2|rand_211	5.1191188993959384
SEQC_st2|rand_212	5.15842694597646
SEQC_st2|rand_213	5.2571315953789055
SEQC_st2|rand_214	5.121391182426632
SEQC_st2|rand_215	5.344631156416469
SEQC_st2|rand_216	5.0072752269500205
SEQC_st2|rand_217	5.113357419004088
SEQC_st2|rand_218	4.999243210853547
SEQC_st2|rand_219	5.368875159201766
SEQC_st2|rand_220	5.590492933012834
SEQC_st2|rand_221	4.857654850230734
SEQC_st2|rand_222	5.291704351997117
SEQC_st2|rand_223	4.938340306578196
SEQC_st2|rand_224	5.239036870819855
SEQC_st2|rand_225	4.572166674155571
SEQC_st2|rand_226	5.045085139784321
SEQC_st2|rand_227	5.305516330462095
SEQC_st2|rand_228	4.834999601261051
SEQC_st2|rand_229	5.46586225083788
SEQC_st2|rand_230	5.306026729579044
SEQC_st2|rand_231	5.1611508743541865
SEQC_st2|rand_232	5.250579686951838
SEQC_st2|rand_233	5.0113395713796365
SEQC_st2|rand_234	4.639805671601623
SEQC_st2|rand_235	4.955210499739636
SEQC_st2|rand_236	5.530669262028669
SEQC_st2|rand_237	5.217388457880944
SEQC_st2|rand_238	5.009896753485645
SEQC_st2|rand_239	5.060255939879918
SEQC_st2|rand_240	5.402211104048004
SEQC_st2|rand_241	5.211246373718929
SEQC_st2|rand_242	5.155797776710391
SEQC_st2|rand_243	4.781879625536451
SEQC_st2|rand_244	5.047769177281424
SEQC_st2|rand_245	5.183418996822824
SEQC_st2|rand_246	5.358736503942636
SEQC_st2|rand_247	4.9741662672067255
SEQC_st2|rand_248	5.070564938361354
SEQC_st2|rand_249	5.21872995913825
SEQC_st2|rand_250	5.083367965904728
SEQC_st2|rand_251	5.269659447438443
SEQC_st2|rand_252	4.928894821667339
SEQC_st2|rand_253	5.131086606241927
SEQC_st2|rand_254	5.09790251635032
SEQC_st2|rand_255	5.424360774789777
SEQC_st2|rand_256	5.4302178966227626
SEQC_st2|rand_257	5.0996268659572825
SEQC_st2|rand_258	5.236832981922975
SEQC_st2|rand_259	5.270237923828752
SEQC_st2|rand_260	5.113633367374072
SEQC_st2|rand_261	4.984229110894135
SEQC_st2|rand_262	5.283963826621922
SEQC_st2|rand_263	5.202684709782385
SEQC_st2|rand_264	5.247270571225512
SEQC_st2|rand_265	5.058677969697474
SEQC_st2|rand_266	5.1296272971477945
SEQC_st2|rand_267	4.976431222701598
SEQC_st2|rand_268	4.85668886386681
SEQC_st2|rand_269	5.068670327481252
SEQC_st2|rand_270	5.3124136617876125
SEQC_st2|rand_271	5.248117746773983
SEQC_st2|rand_272	5.561093187611054
SEQC_st2|rand_273	5.146951449510272
SEQC_st2|rand_274	5.159629377517638
SEQC_st2|rand_275	5.231784772794192
SEQC_st2|rand_276	5.157649371021636
SEQC_st2|rand_277	4.914847042892486
SEQC_st2|rand_278	5.242725997680802
SEQC_st2|rand_279	5.420202807354202
SEQC_st2|rand_280	4.909849070558994
SEQC_st2|rand_281	5.326199264056628
SEQC_st2|rand_282	4.99699730168697
SEQC_st2|rand_283	4.899752130484175
SEQC_st2|rand_284	4.941247957485393
SEQC_st2|rand_285	5.271080350133001
SEQC_st2|rand_286	5.008703517223287
SEQC_st2|rand_287	5.20310967201291
SEQC_st2|rand_288	5.415689055537334
SEQC_st2|rand_289	5.192328302186247
SEQC_st2|rand_290	5.356236498497183
SEQC_st2|rand_291	5.016751850107972
SEQC_st2|rand_292	5.4703623796032055
SEQC_st2|rand_293	5.052080348592308
SEQC_st2|rand_294	4.830755280985234
SEQC_st2|rand_295	5.071543577621698
SEQC_st2|rand_296	5.481589109935696
SEQC_st2|rand_297	5.360563922124787
SEQC_st2|rand_298	4.957382268654399
SEQC_st2|rand_299	5.128270071076683
SEQC_st2|rand_300	5.022178875433709
SEQC_st2|rand_301	5.644381955439975
SEQC_st2|rand_302	5.278462125382816
SEQC_st2|rand_303	4.8623855692113125
SEQC_st2|rand_304	5.429724947041381
SEQC_st2|rand_305	5.4455382138458015
SEQC_st2|rand_306	5.3985474803207225
SEQC_st2|rand_307	5.229565823009987
SEQC_st2|rand_308	5.29639497061544
SEQC_st2|rand_309	5.042230258131947
SEQC_st2|rand_310	5.010532668262575
SEQC_st2|rand_311	5.5601470058109
SEQC_st2|rand_312	5.55209387599337
SEQC_st2|rand_313	5.167811081869372
SEQC_st2|rand_314	5.387711038851258
SEQC_st2|rand_315	5.401800132719787
SEQC_st2|rand_316	4.877717926598067
SEQC_st2|rand_317	5.0958348413372985
SEQC_st2|rand_318	5.568961240363515
SEQC_st2|rand_319	4.851453864337626
SEQC_st2|rand_320	5.21066844713994
SEQC_st2|rand_321	5.1662869861260345
SEQC_st2|rand_322	5.202244949346804
SEQC_st2|rand_323	5.221030179497592
SEQC_st2|rand_324	5.17060091390828
SEQC_st2|rand_325	5.356613163796386
SEQC_st2|rand_326	5.126246462494527
SEQC_st2|rand_327	5.152787134061219
SEQC_st2|rand_328	5.056766504949491
SEQC_st2|rand_329	5.150233353312647
SEQC_st2|rand_330	4.652372799012613
SEQC_st2|rand_331	5.196758229786713
SEQC_st2|rand_332	5.20834101904089
SEQC_st2|rand_333	5.234953536956027
SEQC_st2|rand_334	5.0970503725122205
SEQC_st2|rand_335	5.204708378246873
SEQC_st2|rand_336	5.320578200800585
SEQC_st2|rand_337	4.898197796742566
SEQC_st2|rand_338	5.342354672238627
SEQC_st2|rand_339	5.163498602296993
SEQC_st2|rand_340	5.497514371101089
SEQC_st2|rand_341	5.21532862044465
SEQC_st2|rand_342	5.242884350817815
SEQC_st2|rand_343	4.954465791491906
SEQC_st2|rand_344	5.021420456623353
SEQC_st2|rand_345	5.174734728788267
SEQC_st2|rand_346	5.3230809125934835
SEQC_st2|rand_347	5.182448165876378
SEQC_st2|rand_348	5.33301392469122
SEQC_st2|rand_349	4.913694545953839
SEQC_st2|rand_350	5.261806327353792
SEQC_st2|rand_351	5.232608701508587
SEQC_st2|rand_352	5.367829388408998
SEQC_st2|rand_353	5.24407478478603
SEQC_st2|rand_354	5.118066363381668
SEQC_st2|rand_355	5.3635885115699224
SEQC_st2|rand_356	5.334189520981184
SEQC_st2|rand_357	5.224602287652006
SEQC_st2|rand_358	5.627184671894555
SEQC_st2|rand_359	5.277601327401432
SEQC_st2|rand_360	5.1548706365411725
SEQC_st2|rand_361	5.267554613802398
SEQC_st2|rand_362	5.093635613640527
SEQC_st2|rand_363	4.542035788494205
SEQC_st2|rand_364	5.04962243658827
SEQC_st2|rand_365	5.297475847908084
SEQC_st2|rand_366	5.027864670155546
SEQC_st2|rand_367	5.083969283681932
SEQC_st2|rand_368	5.491974068505212
SEQC_st2|rand_369	5.322553826693997
SEQC_st2|rand_370	5.096055671448016
SEQC_st2|rand_371	5.36551729811589
SEQC_st2|rand_372	5.470455457507567
SEQC_st2|rand_373	5.436122221046131
SEQC_st2|rand_374	5.174900718098369
SEQC_st2|rand_375	5.364549131859418
SEQC_st2|rand_376	5.400894296490616
SEQC_st2|rand_377	5.1399461811559775
SEQC_st2|rand_378	5.250580110772695
SEQC_st2|rand_379	5.1744000695003765
SEQC_st2|rand_380	4.746000010057346
SEQC_st2|rand_381	4.948416500439373
SEQC_st2|rand_382	5.293719680307549
SEQC_st2|rand_383	5.090606040584968
SEQC_st2|rand_384	4.8811278236808056
SEQC_st2|rand_385	5.000903498074127
SEQC_st2|rand_386	4.964782499502202
SEQC_st2|rand_387	5.287655785553219
SEQC_st2|rand_388	5.263404877769759
SEQC_st2|rand_389	4.992933913726112
SEQC_st2|rand_390	5.187075137196438
SEQC_st2|rand_391	5.327864186110357
SEQC_st2|rand_392	4.888684816268349
SEQC_st2|rand_393	5.327300697692132
SEQC_st2|rand_394	5.341841285578741
SEQC_st2|rand_395	4.578270273478645
SEQC_st2|rand_396	5.160660384843025
SEQC_st2|rand_397	5.029952507294383
SEQC_st2|rand_398	5.086956599923215
SEQC_st2|rand_399	5.554806276324053
SEQC_st2|rand_400	5.314103313687496
SEQC_st2|rand_401	5.288835471726967
SEQC_st2|rand_402	5.254213354257626
SEQC_st2|rand_403	5.227181883403044
SEQC_st2|rand_404	4.869915952715262
SEQC_st2|rand_405	5.454700711660346
SEQC_st2|rand_406	5.51978184558185
SEQC_st2|rand_407	5.34150544072852
SEQC_st2|rand_408	5.165738469798335
SEQC_st2|rand_409	5.351337758025484
SEQC_st2|rand_410	5.247594495168561
SEQC_st2|rand_411	5.297203569076572
SEQC_st2|rand_412	5.057312367504473
SEQC_st2|rand_413	5.273367631968186
SEQC_st2|rand_414	4.887159162690623
SEQC_st2|rand_415	5.110501626623696
SEQC_st2|rand_416	5.32385020438033
SEQC_st2|rand_417	5.389964541037366
SEQC_st2|rand_418	5.2216129029535985
SEQC_st2|rand_419	5.061456759813379
SEQC_st2|rand_420	4.971243178937992
SEQC_st2|rand_421	5.490064210652876
SEQC_st2|rand_422	4.973161634499567
SEQC_st2|rand_423	5.38283606166837
SEQC_st2|rand_424	4.9324312295309
SEQC_st2|rand_425	5.266203146059786
SEQC_st2|rand_426	5.050972782810673
SEQC_st2|rand_427	5.204229990804227
SEQC_st2|rand_428	5.418205040231625
SEQC_st2|rand_429	5.226107571703239
SEQC_st2|rand_430	4.836459644658442
SEQC_st2|rand_431	5.194916027485978
SEQC_st2|rand_432	5.0941809685410915
SEQC_st2|rand_433	5.355585556748827
SEQC_st2|rand_434	5.307886283062467
SEQC_st2|rand_435	5.158156364393949
SEQC_st2|rand_436	5.162439444215915
SEQC_st2|rand_437	5.353782283549705
SEQC_st2|rand_438	5.311505613940893
SEQC_st2|rand_439	5.430226023772791
SEQC_st2|rand_440	5.249098505181397
SEQC_st2|rand_441	4.944525444275777
SEQC_st2|rand_442	5.218632957773587
SEQC_st2|rand_443	5.1677338919541285
SEQC_st2|rand_444	5.466197297052014
SEQC_st2|rand_445	5.078786173478082
SEQC_st2|rand_446	4.958684750299244
SEQC_st2|rand_447	5.175116866707139
SEQC_st2|rand_448	4.689628693894848
SEQC_st2|rand_449	4.8610728204373395
SEQC_st2|rand_450	5.265515449308709
SEQC_st2|rand_451	4.93920088636143
SEQC_st2|rand_452	5.438525655999505
SEQC_st2|rand_453	4.975306136415859
SEQC_st2|rand_454	5.283790670386987
SEQC_st2|rand_455	4.969113981871769
SEQC_st2|rand_456	5.0949520555406655
SEQC_st2|rand_457	5.255670120226105
SEQC_st2|rand_458	5.093752119320312
SEQC_st2|rand_459	5.145536311731476
SEQC_st2|rand_460	5.427285931551298
SEQC_st2|rand_461	5.057453037492352
SEQC_st2|rand_462	5.0551044526388
SEQC_st2|rand_463	5.278171831931543
SEQC_st2|rand_464	4.9770832130545255
SEQC_st2|rand_465	5.073237504572155
SEQC_st2|rand_466	5.414617188297634
SEQC_st2|rand_467	5.164062196524975
SEQC_st2|rand_468	4.880290113054004
SEQC_st2|rand_469	5.120135327717228
SEQC_st2|rand_470	5.338049532052055
SEQC_st2|rand_471	5.224670214193002
SEQC_st2|rand_472	4.98225092070911
SEQC_st2|rand_473	5.351493714747022
SEQC_st2|rand_474	5.0042960190054675
SEQC_st2|rand_475	4.888633255873056
SEQC_st2|rand_476	5.281589924254371
SEQC_st2|rand_477	5.481282632463555
SEQC_st2|rand_478	5.180823110375668
SEQC_st2|rand_479	5.367476034957982
SEQC_st2|rand_480	5.232652953199991
SEQC_st2|rand_481	4.862213312233278
SEQC_st2|rand_482	5.107628141125854
SEQC_st2|rand_483	5.2014686426409735
SEQC_st2|rand_484	5.308611623762395
SEQC_st2|rand_485	5.277107932455116
SEQC_st2|rand_486	5.1383851834793575
SEQC_st2|rand_487	5.269480086724316
SEQC_st2|rand_488	4.677206871576736
SEQC_st2|rand_489	5.076889261873397
SEQC_st2|rand_490	5.389543792466417
SEQC_st2|rand_491	5.284894886701784
SEQC_st2|rand_492	5.496436183078053
SEQC_st2|rand_493	5.205311321751378
SEQC_st2|rand_494	5.424751792723677
SEQC_st2|rand_495	5.152558157960796
SEQC_st2|rand_496	5.3482357078227265
SEQC_st2|rand_497	5.212708897717826
SEQC_st2|rand_498	5.195854673684329
SEQC_st2|rand_499	4.646905560912595
SEQC_st2|rand_500	5.019607927473735
SEQC_st2|rand_501	4.884636124799561
SEQC_st2|rand_502	5.032623504763609
SEQC_st2|rand_503	4.792570529837183
SEQC_st2|rand_504	5.272039471530402
SEQC_st2|rand_505	5.360177445364979
SEQC_st2|rand_506	5.370935250691752
SEQC_st2|rand_507	5.1762976542398835
SEQC_st2|rand_508	5.357635096915837
SEQC_st2|rand_509	5.393937230028749
SEQC_st2|rand_510	5.1596576192325925
SEQC_st2|rand_511	5.112874509068925
SEQC_st2|rand_512	4.5702052134301905
SEQC_st2|rand_513	5.345737015850982
SEQC_st2|rand_514	4.926404878073749
SEQC_st2|rand_515	5.477725879438868
SEQC_st2|rand_516	4.924827183625745
SEQC_st2|rand_517	5.142521114881819
SEQC_st2|rand_518	5.0970521966034825
SEQC_st2|rand_519	4.670631832818834
SEQC_st2|rand_520	4.714080017147653
SEQC_st2|rand_521	5.372421081598946
SEQC_st2|rand_522	5.2240731223455
SEQC_st2|rand_523	5.131558035428595
SEQC_st2|rand_524	4.97854137425103
SEQC_st2|rand_525	5.123800355660571
SEQC_st2|rand_526	5.468007767601558
SEQC_st2|rand_527	5.388477773361125
SEQC_st2|rand_528	5.406507490744391
SEQC_st2|rand_529	5.377899437644733
SEQC_st2|rand_530	4.997862221959952
SEQC_st2|rand_531	5.317295092137134
SEQC_st2|rand_532	5.305067290467754
SEQC_st2|rand_533	5.187114621965511
SEQC_st2|rand_534	5.316333552361096
SEQC_st2|rand_535	5.381840596192845
SEQC_st2|rand_536	5.455298504764234
SEQC_st2|rand_537	5.1224153045810015
SEQC_st2|rand_538	5.152992613715164
SEQC_st2|rand_539	4.894322588588588
SEQC_st2|rand_540	5.033270846008665
SEQC_st2|rand_541	5.150580743455836
SEQC_st2|rand_542	5.159471254807145
SEQC_st2|rand_543	5.3689119604600695
SEQC_st2|rand_544	4.749838870490947
SEQC_st2|rand_545	5.3090106362323874
SEQC_st2|rand_546	5.006698559894319
SEQC_st2|rand_547	5.3777083910516055
SEQC_st2|rand_548	5.1141423550329765
SEQC_st2|rand_549	5.051977914179008
SEQC_st2|rand_550	5.1550102112802785
SEQC_st2|rand_551	5.4009969165548055
SEQC_st2|rand_552	4.904062590560748
SEQC_st2|rand_553	5.321588138443136
SEQC_st2|rand_554	5.346597207583577
SEQC_st2|rand_555	5.012060500766796
SEQC_st2|rand_556	4.6737521053563
SEQC_st2|rand_557	5.032526753580571
SEQC_st2|rand_558	5.407068310901511
SEQC_st2|rand_559	5.087553902282992
SEQC_st2|rand_560	5.189793575964893
SEQC_st2|rand_561	5.231594560600393
SEQC_st2|rand_562	5.261646367461758
SEQC_st2|rand_563	5.293754425517575
SEQC_st2|rand_564	5.038291917009325
SEQC_st2|rand_565	5.362043722939412
SEQC_st2|rand_566	5.252915602985922
SEQC_st2|rand_567	5.371795708425751
SEQC_st2|rand_568	5.196437672424217
SEQC_st2|rand_569	5.092570062097434
SEQC_st2|rand_570	5.2162922055967815
SEQC_st2|rand_571	5.05143982227875
SEQC_st2|rand_572	5.147923703423487
SEQC_st2|rand_573	5.113857119220911
SEQC_st2|rand_574	5.3287435407696755
SEQC_st2|rand_575	5.077515474317877
SEQC_st2|rand_576	4.833946010626783
SEQC_st2|rand_577	5.263392930143893
SEQC_st2|rand_578	5.015079547050158
SEQC_st2|rand_579	5.147025158184855
SEQC_st2|rand_580	5.526516837197017
SEQC_st2|rand_581	5.023005439299435
SEQC_st2|rand_582	5.168057917698458
SEQC_st2|rand_583	5.214110872757595
SEQC_st2|rand_584	5.0921070331691025
SEQC_st2|rand_585	5.186742785870823
SEQC_st2|rand_586	4.964676255160617
SEQC_st2|rand_587	5.120722527745692
SEQC_st2|rand_588	5.11177669446769
SEQC_st2|rand_589	5.394375398262223
SEQC_st2|rand_590	5.044271802979776
SEQC_st2|rand_591	4.9483481601440635
SEQC_st2|rand_592	4.882151199923862
SEQC_st2|rand_593	5.23839880856682
SEQC_st2|rand_594	5.339332167886798
SEQC_st2|rand_595	5.041178820917757
SEQC_st2|rand_596	5.393508071174064
SEQC_st2|rand_597	5.115495909211345
SEQC_st2|rand_598	5.170983692336426
SEQC_st2|rand_599	5.177102906482852
SEQC_st2|rand_600	4.990887088384134
SEQC_st2|rand_601	5.264964740541781
SEQC_st2|rand_602	5.172616068329429
SEQC_st2|rand_603	4.922565921879043
SEQC_st2|rand_604	5.3371626407604325
SEQC_st2|rand_605	5.245658111306667
SEQC_st2|rand_606	5.196774863869192
SEQC_st2|rand_607	5.099046602129608
SEQC_st2|rand_608	5.268977712920081
SEQC_st2|rand_609	5.233974452113112
SEQC_st2|rand_610	5.1946300006023085
SEQC_st2|rand_611	5.051605042379788
SEQC_st2|rand_612	5.104080681414331
SEQC_st2|rand_613	5.019021806571055
SEQC_st2|rand_614	5.204343116635238
SEQC_st2|rand_615	5.390049772061263
SEQC_st2|rand_616	5.176068305600413
SEQC_st2|rand_617	5.307918890814617
SEQC_st2|rand_618	5.225502760743577
SEQC_st2|rand_619	4.795069147194614
SEQC_st2|rand_620	5.021887426996349
SEQC_st2|rand_621	5.371918925130669
SEQC_st2|rand_622	5.225409484009125
SEQC_st2|rand_623	5.127859322132706
SEQC_st2|rand_624	5.514748650628153
SEQC_st2|rand_625	5.398980379681648
SEQC_st2|rand_626	5.270244093378011
SEQC_st2|rand_627	5.078798532491296
SEQC_st2|rand_628	4.997790167209728
SEQC_st2|rand_629	5.085792465687923
SEQC_st2|rand_630	5.254179295538677
SEQC_st2|rand_631	4.824143086866608
SEQC_st2|rand_632	5.331298766912149
SEQC_st2|rand_633	5.260793045734192
SEQC_st2|rand_634	4.978759135209671
SEQC_st2|rand_635	5.132909857978548
SEQC_st2|rand_636	4.928986574194028
SEQC_st2|rand_637	5.20240033628807
SEQC_st2|rand_638	5.021887002864938
SEQC_st2|rand_639	4.898631108349495
SEQC_st2|rand_640	5.007240145565866
SEQC_st2|rand_641	4.9600320345548505
SEQC_st2|rand_642	5.0865367563265735
SEQC_st2|rand_643	5.351172106004511
SEQC_st2|rand_644	5.2804014580784155
SEQC_st2|rand_645	5.126892856006382
SEQC_st2|rand_646	5.484867347120935
SEQC_st2|rand_647	5.225607288503758
SEQC_st2|rand_648	5.3931578685314
SEQC_st2|rand_649	5.243673142047266
SEQC_st2|rand_650	5.2194826614262
SEQC_st2|rand_651	5.126045262061077
SEQC_st2|rand_652	5.131770085285634
SEQC_st2|rand_653	5.241180822688705
SEQC_st2|rand_654	5.387931440246856
SEQC_st2|rand_655	5.331250600679722
SEQC_st2|rand_656	5.321829569779449
SEQC_st2|rand_657	5.3099942120031125
SEQC_st2|rand_658	4.972255361423576
SEQC_st2|rand_659	5.114737283193947
SEQC_st2|rand_660	5.210929855868654
SEQC_st2|rand_661	4.795337077333832
SEQC_st2|rand_662	5.349731019846274
SEQC_st2|rand_663	5.554859110984921
SEQC_st2|rand_664	5.243615432544322
SEQC_st2|rand_665	5.083119630293791
SEQC_st2|rand_666	5.348603239079974
SEQC_st2|rand_667	5.097337235718914
SEQC_st2|rand_668	5.474482954406268
SEQC_st2|rand_669	5.343818575354765
SEQC_st2|rand_670	5.187004050447214
SEQC_st2|rand_671	5.0811338980325145
SEQC_st2|rand_672	5.000205783742595
SEQC_st2|rand_673	4.860385349473088
SEQC_st2|rand_674	5.034375048020443
SEQC_st2|rand_675	5.202790354354469
SEQC_st2|rand_676	5.428838007753448
SEQC_st2|rand_677	5.228657621631688
SEQC_st2|rand_678	5.2042620247066615
SEQC_st2|rand_679	5.369904696471282
SEQC_st2|rand_680	5.6984651290228925
SEQC_st2|rand_681	4.777298738127863
SEQC_st2|rand_682	5.223918038591139
SEQC_st2|rand_683	5.430721081193902
SEQC_st2|rand_684	4.959454263716528
SEQC_st2|rand_685	5.262737037989091
SEQC_st2|rand_686	5.290837380884963
SEQC_st2|rand_687	4.821291759424421
SEQC_st2|rand_688	5.1794394879592085
SEQC_st2|rand_689	5.079757502474897
SEQC_st2|rand_690	5.068285295311889
SEQC_st2|rand_691	4.9610990400447434
SEQC_st2|rand_692	5.450355478300968
SEQC_st2|rand_693	5.066792215029717
SEQC_st2|rand_694	5.183250968587003
SEQC_st2|rand_695	5.268733273550989
SEQC_st2|rand_696	5.119909375269029
SEQC_st2|rand_697	5.0953619426086
SEQC_st2|rand_698	4.9578903706060755
SEQC_st2|rand_699	5.309648743808359
SEQC_st2|rand_700	5.395331839969216
SEQC_st2|rand_701	5.212551671952167
SEQC_st2|rand_702	5.127101588666616
SEQC_st2|rand_703	5.1485481430211015
SEQC_st2|rand_704	5.339893543976287
SEQC_st2|rand_705	5.42523195438661
SEQC_st2|rand_706	5.209828112644825
SEQC_st2|rand_707	4.654826431642941
SEQC_st2|rand_708	5.085715261164875
SEQC_st2|rand_709	4.743282815155295
SEQC_st2|rand_710	5.033597926978648
SEQC_st2|rand_711	5.0690399194749585
SEQC_st2|rand_712	5.088944202878945
SEQC_st2|rand_713	4.789456446466983
SEQC_st2|rand_714	5.363675826565715
SEQC_st2|rand_715	5.5437311387417125
SEQC_st2|rand_716	5.3914534103986025
SEQC_st2|rand_717	5.13331467831205
SEQC_st2|rand_718	5.285428912693422
SEQC_st2|rand_719	5.32358889736798
SEQC_st2|rand_720	5.469112468735579
SEQC_st2|rand_721	5.219002872153464
SEQC_st2|rand_722	5.003890730013249
SEQC_st2|rand_723	5.080064834792339
SEQC_st2|rand_724	4.857346514849752
SEQC_st2|rand_725	4.628303341130994
SEQC_st2|rand_726	4.935652183816599
SEQC_st2|rand_727	4.661335065764043
SEQC_st2|rand_728	5.464155641429283
SEQC_st2|rand_729	5.244715502482547
SEQC_st2|rand_730	5.443878934245927
SEQC_st2|rand_731	5.4333097673167
SEQC_st2|rand_732	5.225333505468236
SEQC_st2|rand_733	4.965677640841484
SEQC_st2|rand_734	5.2362804623074055
SEQC_st2|rand_735	5.08487918080616
SEQC_st2|rand_736	5.327171720851345
SEQC_st2|rand_737	4.833233453732513
SEQC_st2|rand_738	5.484585850612191
SEQC_st2|rand_739	5.491997867235615
SEQC_st2|rand_740	5.488650423280239
SEQC_st2|rand_741	5.252408689536591
SEQC_st2|rand_742	5.3184530194254105
SEQC_st2|rand_743	5.328429057764399
SEQC_st2|rand_744	5.336774000105201
SEQC_st2|rand_745	5.585752715855857
SEQC_st2|rand_746	5.34825434515924
SEQC_st2|rand_747	5.484292297709549
SEQC_st2|rand_748	5.290647917548746
SEQC_st2|rand_749	5.086185423182156
SEQC_st2|rand_750	5.458510870781841
SEQC_st2|rand_751	5.374676303270779
SEQC_st2|rand_752	5.0222901992097615
SEQC_st2|rand_753	5.610577216677809
SEQC_st2|rand_754	5.331026807014961
SEQC_st2|rand_755	5.154826635318748
SEQC_st2|rand_756	5.222036371136625
SEQC_st2|rand_757	4.869741308641963
SEQC_st2|rand_758	5.1765809686235995
SEQC_st2|rand_759	5.175179258611021
SEQC_st2|rand_760	5.395704883580284
SEQC_st2|rand_761	4.972838398883767
SEQC_st2|rand_762	5.206562146636052
SEQC_st2|rand_763	5.604944682018085
SEQC_st2|rand_764	5.360340500420313
SEQC_st2|rand_765	5.003339199983823
SEQC_st2|rand_766	5.083301533952327
SEQC_st2|rand_767	5.230501736589419
SEQC_st2|rand_768	5.196640244014231
SEQC_st2|rand_769	5.148217575317333
SEQC_st2|rand_770	5.027470007859586
SEQC_st2|rand_771	5.40877223673876
SEQC_st2|rand_772	5.373972308597239
SEQC_st2|rand_773	5.056768348745801
SEQC_st2|rand_774	5.146451144600713
SEQC_st2|rand_775	4.988347722161553
SEQC_st2|rand_776	5.03314884972378
SEQC_st2|rand_777	5.454506825296065
SEQC_st2|rand_778	5.420637641838927
SEQC_st2|rand_779	5.460410505847286
SEQC_st2|rand_780	5.346400501569574
SEQC_st2|rand_781	5.751578140760917
SEQC_st2|rand_782	4.970584435576312
SEQC_st2|rand_783	5.117859447473856
SEQC_st2|rand_784	5.025504116863589
SEQC_st2|rand_785	5.270076016720774
SEQC_st2|rand_786	5.181309405012608
SEQC_st2|rand_787	5.3406362040355315
SEQC_st2|rand_788	4.9013104696093235
SEQC_st2|rand_789	5.446597846406958
SEQC_st2|rand_790	4.845433865771468
SEQC_st2|rand_791	5.350545597668781
SEQC_st2|rand_792	5.13351730475514
SEQC_st2|rand_793	5.213939725923921
SEQC_st2|rand_794	5.215301769374053
SEQC_st2|rand_795	4.94018075003205
SEQC_st2|rand_796	5.268281743317435
SEQC_st2|rand_797	5.207049518498241
SEQC_st2|rand_798	4.9946711379028175
SEQC_st2|rand_799	4.992233400870467
SEQC_st2|rand_800	4.966380368885958
SEQC_st2|rand_801	5.309395604161896
SEQC_st2|rand_802	5.3363718769501665
SEQC_st2|rand_803	5.029144918932988
SEQC_st2|rand_804	5.23170942524964
SEQC_st2|rand_805	5.04890046922699
SEQC_st2|rand_806	5.093632921679908
SEQC_st2|rand_807	5.372904890895462
SEQC_st2|rand_808	5.312106865899285
SEQC_st2|rand_809	5.004138106306017
SEQC_st2|rand_810	5.09012124891265
SEQC_st2|rand_811	5.390451480156684
SEQC_st2|rand_812	5.4529246760069086
SEQC_st2|rand_813	5.068875663612696
SEQC_st2|rand_814	5.153037413278577
SEQC_st2|rand_815	4.978436350526265
SEQC_st2|rand_816	5.1290725157605515
SEQC_st2|rand_817	5.176918730881007
SEQC_st2|rand_818	5.359019290348021
SEQC_st2|rand_819	5.258605017480877
SEQC_st2|rand_820	5.2801108898236455
SEQC_st2|rand_821	5.2706954796736385
SEQC_st2|rand_822	5.000679999811112
SEQC_st2|rand_823	5.417281324107722
SEQC_st2|rand_824	4.969522897351682
SEQC_st2|rand_825	5.37865180630143
SEQC_st2|rand_826	5.405114254068444
SEQC_st2|rand_827	5.026639888337195
SEQC_st2|rand_828	4.891157528996958
SEQC_st2|rand_829	5.296978948154015
SEQC_st2|rand_830	5.4812169085010725
SEQC_st2|rand_831	5.269687669209739
SEQC_st2|rand_832	4.9602194470084555
SEQC_st2|rand_833	5.2590612562068895
SEQC_st2|rand_834	5.273032382658264
SEQC_st2|rand_835	5.417518603826183
SEQC_st2|rand_836	5.135376798295026
SEQC_st2|rand_837	5.117170463258026
SEQC_st2|rand_838	5.399569036845722
SEQC_st2|rand_839	4.87167240524454
SEQC_st2|rand_840	5.402763137387336
SEQC_st2|rand_841	5.048183345705077
SEQC_st2|rand_842	5.38904199484153
SEQC_st2|rand_843	5.12174198500109
SEQC_st2|rand_844	5.34978527550653
SEQC_st2|rand_845	5.453862939548823
SEQC_st2|rand_846	5.253757757750073
SEQC_st2|rand_847	5.144530347009247
SEQC_st2|rand_848	5.104899862023313
SEQC_st2|rand_849	4.884942525136742
SEQC_st2|rand_850	5.175548981152736
SEQC_st2|rand_851	5.346968999351337
SEQC_st2|rand_852	5.174568011659039
SEQC_st2|rand_853	4.853812917339821
SEQC_st2|rand_854	5.034733447755913
SEQC_st2|rand_855	5.264176076049459
SEQC_st2|rand_856	4.900528607158341
SEQC_st2|rand_857	5.077449690629189
SEQC_st2|rand_858	5.264822715558924
SEQC_st2|rand_859	5.342244746680895
SEQC_st2|rand_860	5.285103761114586
SEQC_st2|rand_861	5.257466933990637
SEQC_st2|rand_862	5.325915971977783
SEQC_st2|rand_863	5.179742098194391
SEQC_st2|rand_864	4.953446813812399
SEQC_st2|rand_865	5.0862315338819375
SEQC_st2|rand_866	4.745038937444886
SEQC_st2|rand_867	5.318140297071189
SEQC_st2|rand_868	5.418125748731804
SEQC_st2|rand_869	5.244577110445729
SEQC_st2|rand_870	5.09931927988438
SEQC_st2|rand_871	5.272282990603514
SEQC_st2|rand_872	5.055111162363778
SEQC_st2|rand_873	5.284883459402082
SEQC_st2|rand_874	4.95602362613908
SEQC_st2|rand_875	4.925897632060163
SEQC_st2|rand_876	5.45537439876228
SEQC_st2|rand_877	5.350821941965728
SEQC_st2|rand_878	5.431272582724611
SEQC_st2|rand_879	4.986514079548377
SEQC_st2|rand_880	5.412205371033922
SEQC_st2|rand_881	5.01564605825706
SEQC_st2|rand_882	5.139495405825187
SEQC_st2|rand_883	4.848854853185242
SEQC_st2|rand_884	4.878120819149626
SEQC_st2|rand_885	4.877476018067606
SEQC_st2|rand_886	5.234262165964097
SEQC_st2|rand_887	5.110229503224303
SEQC_st2|rand_888	5.325720955646604
SEQC_st2|rand_889	5.112829643780892
SEQC_st2|rand_890	4.786955072379154
SEQC_st2|rand_891	4.991922589804134
SEQC_st2|rand_892	4.987676563701694
SEQC_st2|rand_893	5.612399451408526
SEQC_st2|rand_894	5.096759282212903
SEQC_st2|rand_895	4.782355711577526
SEQC_st2|rand_896	5.273597800947921
SEQC_st2|rand_897	5.427277152991957
SEQC_st2|rand_898	4.812814108838533
SEQC_st2|rand_899	5.34293613637292
SEQC_st2|rand_900	5.164601743664464
SEQC_st2|rand_901	5.359294511571346
SEQC_st2|rand_902	5.033450850234107
SEQC_st2|rand_903	5.151647779317043
SEQC_st2|rand_904	5.093340680830765
SEQC_st2|rand_905	5.248150594271244
SEQC_st2|rand_906	5.406491637013592
SEQC_st2|rand_907	5.220432216960314
SEQC_st2|rand_908	4.893420143473659
SEQC_st2|rand_909	5.049938853963251
SEQC_st2|rand_910	5.0705074237031775
SEQC_st2|rand_911	5.006049104134053
SEQC_st2|rand_912	4.826571203375508
SEQC_st2|rand_913	5.327567545912302
SEQC_st2|rand_914	5.661039885895401
SEQC_st2|rand_915	4.960475442030771
SEQC_st2|rand_916	5.279193724257496
SEQC_st2|rand_917	5.210656786338027
SEQC_st2|rand_918	4.829852095736431
SEQC_st2|rand_919	4.832482257952744
SEQC_st2|rand_920	5.392347144031898
SEQC_st2|rand_921	5.375272623871564
SEQC_st2|rand_922	5.082297689477446
SEQC_st2|rand_923	5.217376749236261
SEQC_st2|rand_924	5.307398379849301
SEQC_st2|rand_925	5.548257621307085
SEQC_st2|rand_926	5.0004174978614175
SEQC_st2|rand_927	4.811978042783402
SEQC_st2|rand_928	5.184829547682273
SEQC_st2|rand_929	5.345565399724261
SEQC_st2|rand_930	5.35896857216431
SEQC_st2|rand_931	5.219205604786982
SEQC_st2|rand_932	5.0426415523503705
SEQC_st2|rand_933	4.96633630746292
SEQC_st2|rand_934	5.088831440534242
SEQC_st2|rand_935	5.135452711070925
SEQC_st2|rand_936	5.245183325179141
SEQC_st2|rand_937	4.858111808185777
SEQC_st2|rand_938	5.248960547893152
SEQC_st2|rand_939	5.140288540860122
SEQC_st2|rand_940	5.346739373159529
SEQC_st2|rand_941	5.35064261062014
SEQC_st2|rand_942	4.736600933016861
SEQC_st2|rand_943	5.467618292697152
SEQC_st2|rand_944	4.76735330840302
SEQC_st2|rand_945	4.928890824564336
SEQC_st2|rand_946	5.255727812217569
SEQC_st2|rand_947	4.7636700128796985
SEQC_st2|rand_948	5.326092395548481
SEQC_st2|rand_949	5.263648684017437
SEQC_st2|rand_950	4.962450270570145
SEQC_st2|rand_951	5.395324888809699
SEQC_st2|rand_952	5.018834564850573
SEQC_st2|rand_953	5.265602526466804
SEQC_st2|rand_954	5.222517506982431
SEQC_st2|rand_955	5.084588053206554
SEQC_st2|rand_956	5.208300701825945
SEQC_st2|rand_957	5.363099417970416
SEQC_st2|rand_958	5.443901105492636
SEQC_st2|rand_959	5.282539085948328
SEQC_st2|rand_960	5.159340402837038
SEQC_st2|rand_961	5.018563133101507
SEQC_st2|rand_962	5.28228650379098
SEQC_st2|rand_963	5.363731377109674
SEQC_st2|rand_964	5.0802962853706894
SEQC_st2|rand_965	5.532187926992542
SEQC_st2|rand_966	4.907732994082001
SEQC_st2|rand_967	5.208994708028806
SEQC_st2|rand_968	5.318566968962042
SEQC_st2|rand_969	5.254671400418342
SEQC_st2|rand_970	4.932699125826334
SEQC_st2|rand_971	5.321267484300852
SEQC_st2|rand_972	5.226223818511364
SEQC_st2|rand_973	5.011081023620955
SEQC_st2|rand_974	5.201676173463778
SEQC_st2|rand_975	4.9957951615778144
SEQC_st2|rand_976	5.419123197086443
SEQC_st2|rand_977	5.244706518879571
SEQC_st2|rand_978	4.983650295467546
SEQC_st2|rand_979	5.412400969330982
SEQC_st2|rand_980	4.697904177841128
SEQC_st2|rand_981	5.0838067852158115
SEQC_st2|rand_982	4.780754741603309
SEQC_st2|rand_983	5.342575639514228
SEQC_st2|rand_984	5.301476717814136
SEQC_st2|rand_985	5.261984543060986
SEQC_st2|rand_986	5.367334884458894
SEQC_st2|rand_987	5.320566778713941
SEQC_st2|rand_988	5.168906445695335
SEQC_st2|rand_989	5.055283437345452
SEQC_st2|rand_990	5.594720483631673
SEQC_st2|rand_991	5.298596409290787
SEQC_st2|rand_992	5.22701775856458
SEQC_st2|rand_993	5.315531885108867
SEQC_st2|rand_994	5.056949313218683
SEQC_st2|rand_995	5.095460010580316
SEQC_st2|rand_996	5.105959921593372
SEQC_st2|rand_997	4.814189285982823
SEQC_st2|rand_998	4.919727914011655
SEQC_st2|rand_999	5.100195403203558
SEQC_st2|rand_1000	5.46997078395435
SEQC_st3|rand_1	5.429599693387015
SEQC_st3|rand_2	5.348202420729989
SEQC_st3|rand_3	5.667880945403482
SEQC_st3|rand_4	5.638514924794529
SEQC_st3|rand_5	4.964513198302575
SEQC_st3|rand_6	5.30989732396028
SEQC_st3|rand_7	5.256015501504528
SEQC_st3|rand_8	5.200756754223673
SEQC_st3|rand_9	5.297072455737435
SEQC_st3|rand_10	4.743877426087805
SEQC_st3|rand_11	5.368011723426731
SEQC_st3|rand_12	5.406375875214063
SEQC_st3|rand_13	5.15246866385329
SEQC_st3|rand_14	4.933801295678438
SEQC_st3|rand_15	5.411106594082192
SEQC_st3|rand_16	5.373929799979074
SEQC_st3|rand_17	5.2436447816419545
SEQC_st3|rand_18	5.602574305145819
SEQC_st3|rand_19	5.144787433389842
SEQC_st3|rand_20	5.334612123174577
SEQC_st3|rand_21	5.3177504125525985
SEQC_st3|rand_22	5.42573300980658
SEQC_st3|rand_23	5.555551085288429
SEQC_st3|rand_24	4.653092748072927
SEQC_st3|rand_25	5.318497497278276
SEQC_st3|rand_26	5.346440299527462
SEQC_st3|rand_27	5.389393156298881
SEQC_st3|rand_28	5.4083812261396185
SEQC_st3|rand_29	5.482293221859473
SEQC_st3|rand_30	5.231637829839665
SEQC_st3|rand_31	5.681622526827073
SEQC_st3|rand_32	5.182964319766788
SEQC_st3|rand_33	5.095099798540618
SEQC_st3|rand_34	5.441543163004723
SEQC_st3|rand_35	5.06925945383791
SEQC_st3|rand_36	4.848516340284103
SEQC_st3|rand_37	5.942774592266666
SEQC_st3|rand_38	5.556866998183778
SEQC_st3|rand_39	4.780002822873481
SEQC_st3|rand_40	4.866751684138747
SEQC_st3|rand_41	5.524296813807974
SEQC_st3|rand_42	5.141864739758036
SEQC_st3|rand_43	5.161083250106508
SEQC_st3|rand_44	5.791337159650051
SEQC_st3|rand_45	5.296578020870995
SEQC_st3|rand_46	4.977123027921219
SEQC_st3|rand_47	5.298340862466644
SEQC_st3|rand_48	5.286070042863768
SEQC_st3|rand_49	5.271731931565851
SEQC_st3|rand_50	5.397119550087877
SEQC_st3|rand_51	5.438061012803765
SEQC_st3|rand_52	5.772321142558734
SEQC_st3|rand_53	4.924028446600128
SEQC_st3|rand_54	5.337197933154482
SEQC_st3|rand_55	5.539343727783083
SEQC_st3|rand_56	5.1138601434732465
SEQC_st3|rand_57	5.332183858557516
SEQC_st3|rand_58	5.388163432874606
SEQC_st3|rand_59	5.157088368946817
SEQC_st3|rand_60	5.573359002405446
SEQC_st3|rand_61	5.45971765264539
SEQC_st3|rand_62	4.652148909279951
SEQC_st3|rand_63	5.1655801704662325
SEQC_st3|rand_64	4.896963626179354
SEQC_st3|rand_65	5.361088990255511
SEQC_st3|rand_66	5.038365207993708
SEQC_st3|rand_67	5.343750870057891
SEQC_st3|rand_68	5.21275210091022
SEQC_st3|rand_69	5.625567722032857
SEQC_st3|rand_70	5.2018287159067915
SEQC_st3|rand_71	5.342798902797162
SEQC_st3|rand_72	5.314226277658349
SEQC_st3|rand_73	5.356847645603964
SEQC_st3|rand_74	5.02988021482512
SEQC_st3|rand_75	5.347728859028693
SEQC_st3|rand_76	5.1729978674217065
SEQC_st3|rand_77	5.095163719560391
SEQC_st3|rand_78	5.286802938978242
SEQC_st3|rand_79	5.718763860492918
SEQC_st3|rand_80	4.80472897923169
SEQC_st3|rand_81	5.191610668699618
SEQC_st3|rand_82	5.249558161384078
SEQC_st3|rand_83	5.600207284450068
SEQC_st3|rand_84	5.411460282932149
SEQC_st3|rand_85	5.295043026224124
SEQC_st3|rand_86	5.080483059408134
SEQC_st3|rand_87	5.093699099519977
SEQC_st3|rand_88	5.097186468516525
SEQC_st3|rand_89	5.073781837638337
SEQC_st3|rand_90	5.385250165756574
SEQC_st3|rand_91	5.338998845750703
SEQC_st3|rand_92	5.052511756814888
SEQC_st3|rand_93	5.257862159617718
SEQC_st3|rand_94	5.372846136385108
SEQC_st3|rand_95	5.3861105998686325
SEQC_st3|rand_96	4.5084756062754625
SEQC_st3|rand_97	4.824238472651704
SEQC_st3|rand_98	5.076429071321063
SEQC_st3|rand_99	4.999146294517256
SEQC_st3|rand_100	5.225916652047991
SEQC_st3|rand_101	5.46154545967359
SEQC_st3|rand_102	4.774415585075884
SEQC_st3|rand_103	5.422015387404467
SEQC_st3|rand_104	5.297293121442118
SEQC_st3|rand_105	5.521924992734225
SEQC_st3|rand_106	5.313938477722483
SEQC_st3|rand_107	5.387014482520156
SEQC_st3|rand_108	5.204870286740744
SEQC_st3|rand_109	4.90821466550479
SEQC_st3|rand_110	5.703962619720374
SEQC_st3|rand_111	5.294130828805842
SEQC_st3|rand_112	4.9493867255378925
SEQC_st3|rand_113	5.495190942086442
SEQC_st3|rand_114	5.662714720977602
SEQC_st3|rand_115	5.315956574284461
SEQC_st3|rand_116	5.4793314272666285
SEQC_st3|rand_117	5.137982274281806
SEQC_st3|rand_118	5.021100489439008
SEQC_st3|rand_119	5.170784246272626
SEQC_st3|rand_120	5.433336732461625
SEQC_st3|rand_121	5.258542011750408
SEQC_st3|rand_122	5.457275838448378
SEQC_st3|rand_123	5.338635786720449
SEQC_st3|rand_124	5.167727669277713
SEQC_st3|rand_125	4.869334394155998
SEQC_st3|rand_126	5.398469267032954
SEQC_st3|rand_127	5.465566448268672
SEQC_st3|rand_128	5.297683418672474
SEQC_st3|rand_129	5.271495783322626
SEQC_st3|rand_130	5.412475056738965
SEQC_st3|rand_131	5.1416054845365
SEQC_st3|rand_132	5.047984606901595
SEQC_st3|rand_133	5.250833838278993
SEQC_st3|rand_134	5.1481775435682735
SEQC_st3|rand_135	5.123145884473195
SEQC_st3|rand_136	5.098772139287543
SEQC_st3|rand_137	5.208782061475639
SEQC_st3|rand_138	5.146351185562861
SEQC_st3|rand_139	5.530408851691429
SEQC_st3|rand_140	5.2250342050164535
SEQC_st3|rand_141	5.6044970991748295
SEQC_st3|rand_142	5.866673835493845
SEQC_st3|rand_143	5.2522152551089105
SEQC_st3|rand_144	5.029195240873783
SEQC_st3|rand_145	5.30500589861758
SEQC_st3|rand_146	5.5965626417089585
SEQC_st3|rand_147	5.847295172109309
SEQC_st3|rand_148	5.314479133809552
SEQC_st3|rand_149	5.666628020972221
SEQC_st3|rand_150	5.223226503118347
SEQC_st3|rand_151	5.200646931615171
SEQC_st3|rand_152	5.063465603268369
SEQC_st3|rand_153	5.312871550125319
SEQC_st3|rand_154	5.167954405039506
SEQC_st3|rand_155	5.199029222594632
SEQC_st3|rand_156	5.456837364450546
SEQC_st3|rand_157	5.3201168118760735
SEQC_st3|rand_158	5.538640203723155
SEQC_st3|rand_159	5.3722771785592895
SEQC_st3|rand_160	5.344266271447932
SEQC_st3|rand_161	5.105084259416401
SEQC_st3|rand_162	5.210683768539561
SEQC_st3|rand_163	5.386356239263158
SEQC_st3|rand_164	5.2349498472567495
SEQC_st3|rand_165	5.452624973643018
SEQC_st3|rand_166	5.229878003223213
SEQC_st3|rand_167	5.35467997514985
SEQC_st3|rand_168	5.634180485370935
SEQC_st3|rand_169	5.395257190307436
SEQC_st3|rand_170	4.464537802393272
SEQC_st3|rand_171	4.7748114309964755
SEQC_st3|rand_172	5.21261891108422
SEQC_st3|rand_173	5.055890242216548
SEQC_st3|rand_174	5.089658709336083
SEQC_st3|rand_175	5.771499148363369
SEQC_st3|rand_176	4.898682996420939
SEQC_st3|rand_177	5.149667730378004
SEQC_st3|rand_178	5.193821218013282
SEQC_st3|rand_179	4.66143576787652
SEQC_st3|rand_180	5.263888285700759
SEQC_st3|rand_181	5.22579928965132
SEQC_st3|rand_182	5.381745967474912
SEQC_st3|rand_183	5.40821090470564
SEQC_st3|rand_184	5.172272141494255
SEQC_st3|rand_185	5.087919377900194
SEQC_st3|rand_186	5.2598346271997904
SEQC_st3|rand_187	5.00533467735273
SEQC_st3|rand_188	5.21617438711633
SEQC_st3|rand_189	5.087785052679948
SEQC_st3|rand_190	5.374654586481444
SEQC_st3|rand_191	5.1885284579938284
SEQC_st3|rand_192	4.891622471186635
SEQC_st3|rand_193	5.598083187188017
SEQC_st3|rand_194	5.351656202077639
SEQC_st3|rand_195	5.155601938374488
SEQC_st3|rand_196	5.280159549333338
SEQC_st3|rand_197	5.614576293998694
SEQC_st3|rand_198	4.924225738492742
SEQC_st3|rand_199	5.40155683145631
SEQC_st3|rand_200	5.2585256654025265
SEQC_st3|rand_201	5.708059700001009
SEQC_st3|rand_202	5.551965756360679
SEQC_st3|rand_203	5.070774009262604
SEQC_st3|rand_204	5.1455167008668825
SEQC_st3|rand_205	5.7860297697213205
SEQC_st3|rand_206	5.321540051508093
SEQC_st3|rand_207	5.4929706007955375
SEQC_st3|rand_208	5.657551853049554
SEQC_st3|rand_209	5.589617366410205
SEQC_st3|rand_210	4.699085768422612
SEQC_st3|rand_211	5.266639331609883
SEQC_st3|rand_212	5.07798984667113
SEQC_st3|rand_213	5.399612137262423
SEQC_st3|rand_214	5.184819196204454
SEQC_st3|rand_215	5.320347298371351
SEQC_st3|rand_216	5.220405336048407
SEQC_st3|rand_217	5.21988366769635
SEQC_st3|rand_218	4.92362535583899
SEQC_st3|rand_219	5.089712181573884
SEQC_st3|rand_220	5.099903691237704
SEQC_st3|rand_221	5.096371868034744
SEQC_st3|rand_222	5.286588216726979
SEQC_st3|rand_223	5.056194034617772
SEQC_st3|rand_224	5.60184819308259
SEQC_st3|rand_225	4.8243636983500675
SEQC_st3|rand_226	5.187452445319236
SEQC_st3|rand_227	5.369160152838814
SEQC_st3|rand_228	5.025754549729258
SEQC_st3|rand_229	5.2439155974992895
SEQC_st3|rand_230	5.408327839348564
SEQC_st3|rand_231	5.530958886615477
SEQC_st3|rand_232	5.3600338248491655
SEQC_st3|rand_233	5.292465907915537
SEQC_st3|rand_234	4.709886468190748
SEQC_st3|rand_235	4.85884976067749
SEQC_st3|rand_236	5.363271717502183
SEQC_st3|rand_237	5.246776069707131
SEQC_st3|rand_238	5.162729454119623
SEQC_st3|rand_239	5.425593768751658
SEQC_st3|rand_240	5.237822636959839
SEQC_st3|rand_241	5.517443308021973
SEQC_st3|rand_242	5.045952228542932
SEQC_st3|rand_243	4.898920661495761
SEQC_st3|rand_244	5.4860909407888245
SEQC_st3|rand_245	5.302975401673269
SEQC_st3|rand_246	5.603639591369168
SEQC_st3|rand_247	5.2623371719832805
SEQC_st3|rand_248	5.266483575737326
SEQC_st3|rand_249	5.647150606107027
SEQC_st3|rand_250	5.308847881063913
SEQC_st3|rand_251	5.452475009659582
SEQC_st3|rand_252	5.04919041762754
SEQC_st3|rand_253	5.194031228449712
SEQC_st3|rand_254	5.238085924096921
SEQC_st3|rand_255	5.291710731545154
SEQC_st3|rand_256	5.652023742073146
SEQC_st3|rand_257	5.466363845233808
SEQC_st3|rand_258	5.4807509945163595
SEQC_st3|rand_259	5.405786093898995
SEQC_st3|rand_260	5.15606301098028
SEQC_st3|rand_261	5.630086147591487
SEQC_st3|rand_262	5.239966486396496
SEQC_st3|rand_263	5.279309337015344
SEQC_st3|rand_264	5.329047264546134
SEQC_st3|rand_265	5.200531086308151
SEQC_st3|rand_266	5.362365174039153
SEQC_st3|rand_267	5.165711460968374
SEQC_st3|rand_268	5.256566014811157
SEQC_st3|rand_269	5.140125893993617
SEQC_st3|rand_270	5.361571676377542
SEQC_st3|rand_271	5.456498530696484
SEQC_st3|rand_272	5.553202984847273
SEQC_st3|rand_273	5.131912877245191
SEQC_st3|rand_274	5.124369279250348
SEQC_st3|rand_275	5.284970915288746
SEQC_st3|rand_276	5.308095273308209
SEQC_st3|rand_277	5.007173675529429
SEQC_st3|rand_278	5.854403558154669
SEQC_st3|rand_279	5.209854614642773
SEQC_st3|rand_280	5.203421362663436
SEQC_st3|rand_281	5.585518098688032
SEQC_st3|rand_282	4.7741719192848935
SEQC_st3|rand_283	4.868295190313429
SEQC_st3|rand_284	5.0577399714920475
SEQC_st3|rand_285	5.206438130072001
SEQC_st3|rand_286	5.14100488487676
SEQC_st3|rand_287	5.3382595171923795
SEQC_st3|rand_288	5.5632230371790605
SEQC_st3|rand_289	5.429123338518309
SEQC_st3|rand_290	5.286495340394591
SEQC_st3|rand_291	5.358846274480044
SEQC_st3|rand_292	5.448411838610972
SEQC_st3|rand_293	5.35054404323779
SEQC_st3|rand_294	5.188000985670458
SEQC_st3|rand_295	5.062113533609301
SEQC_st3|rand_296	5.537918844460088
SEQC_st3|rand_297	5.2991504355123995
SEQC_st3|rand_298	5.222711156889551
SEQC_st3|rand_299	5.409523213720904
SEQC_st3|rand_300	5.228717958583918
SEQC_st3|rand_301	5.725381586582572
SEQC_st3|rand_302	5.237105853561032
SEQC_st3|rand_303	5.210267946836268
SEQC_st3|rand_304	5.29338142133943
SEQC_st3|rand_305	5.3395916967625965
SEQC_st3|rand_306	5.1918624878999795
SEQC_st3|rand_307	5.064270729965034
SEQC_st3|rand_308	5.61429774070224
SEQC_st3|rand_309	5.026920505058559
SEQC_st3|rand_310	5.318910381511422
SEQC_st3|rand_311	5.471094413599957
SEQC_st3|rand_312	5.485489983016636
SEQC_st3|rand_313	5.216818688624339
SEQC_st3|rand_314	5.28897825287625
SEQC_st3|rand_315	5.312951246715231
SEQC_st3|rand_316	5.156018041434202
SEQC_st3|rand_317	5.510036329443933
SEQC_st3|rand_318	5.581895277259754
SEQC_st3|rand_319	4.929635537028741
SEQC_st3|rand_320	4.9474891403831265
SEQC_st3|rand_321	5.189842653347371
SEQC_st3|rand_322	5.1663105503202855
SEQC_st3|rand_323	5.36669122626136
SEQC_st3|rand_324	5.327125466404959
SEQC_st3|rand_325	5.247308917979215
SEQC_st3|rand_326	5.212019114620311
SEQC_st3|rand_327	5.34868944806257
SEQC_st3|rand_328	4.84339589354048
SEQC_st3|rand_329	5.52577747649349
SEQC_st3|rand_330	4.983981855990283
SEQC_st3|rand_331	5.289293604844231
SEQC_st3|rand_332	5.746974503058007
SEQC_st3|rand_333	5.420230675739033
SEQC_st3|rand_334	5.402907553213751
SEQC_st3|rand_335	5.551235708384856
SEQC_st3|rand_336	5.496722364514301
SEQC_st3|rand_337	5.156953824822292
SEQC_st3|rand_338	5.277342140400117
SEQC_st3|rand_339	5.220197970496074
SEQC_st3|rand_340	5.504764552283386
SEQC_st3|rand_341	5.326531932287881
SEQC_st3|rand_342	5.16598567994138
SEQC_st3|rand_343	4.161440030727001
SEQC_st3|rand_344	4.936360188473758
SEQC_st3|rand_345	4.967948091253942
SEQC_st3|rand_346	5.708999619548736
SEQC_st3|rand_347	5.176844943729956
SEQC_st3|rand_348	5.548874343259549
SEQC_st3|rand_349	5.22028922607999
SEQC_st3|rand_350	5.127777482487277
SEQC_st3|rand_351	5.601925644963429
SEQC_st3|rand_352	5.517383903473218
SEQC_st3|rand_353	5.244999308978924
SEQC_st3|rand_354	5.058090601307692
SEQC_st3|rand_355	5.349691920819493
SEQC_st3|rand_356	5.479918130242455
SEQC_st3|rand_357	5.395248680909525
SEQC_st3|rand_358	5.889926990614033
SEQC_st3|rand_359	5.115265882869881
SEQC_st3|rand_360	5.375624670844772
SEQC_st3|rand_361	5.044802830509923
SEQC_st3|rand_362	5.185276210303168
SEQC_st3|rand_363	4.8782143674533645
SEQC_st3|rand_364	5.068356205776231
SEQC_st3|rand_365	5.5408415729667455
SEQC_st3|rand_366	5.082251098459177
SEQC_st3|rand_367	5.128680614401005
SEQC_st3|rand_368	5.324921874125581
SEQC_st3|rand_369	5.351438139897331
SEQC_st3|rand_370	5.511727014311024
SEQC_st3|rand_371	5.524100155257758
SEQC_st3|rand_372	5.557545543186192
SEQC_st3|rand_373	5.440088364869034
SEQC_st3|rand_374	5.621155493257929
SEQC_st3|rand_375	5.497021186315342
SEQC_st3|rand_376	5.526546012011351
SEQC_st3|rand_377	5.122686029020393
SEQC_st3|rand_378	5.113697815216273
SEQC_st3|rand_379	5.292916260021615
SEQC_st3|rand_380	5.105070620155798
SEQC_st3|rand_381	4.9390365628214115
SEQC_st3|rand_382	5.326323045387194
SEQC_st3|rand_383	5.27295591769914
SEQC_st3|rand_384	5.178173094868736
SEQC_st3|rand_385	5.148757171998375
SEQC_st3|rand_386	5.01725645277677
SEQC_st3|rand_387	5.565502000528404
SEQC_st3|rand_388	5.396401005591136
SEQC_st3|rand_389	4.995346110746662
SEQC_st3|rand_390	5.6587765130590695
SEQC_st3|rand_391	5.578061680852953
SEQC_st3|rand_392	5.216071237204161
SEQC_st3|rand_393	5.1775245745983245
SEQC_st3|rand_394	5.089256931273515
SEQC_st3|rand_395	4.637328196190532
SEQC_st3|rand_396	5.356004448194247
SEQC_st3|rand_397	5.136112649898929
SEQC_st3|rand_398	5.1017867080856565
SEQC_st3|rand_399	5.550981580183455
SEQC_st3|rand_400	5.714317531188056
SEQC_st3|rand_401	5.257030228831084
SEQC_st3|rand_402	5.232906041663184
SEQC_st3|rand_403	5.697378696722567
SEQC_st3|rand_404	5.063854300257461
SEQC_st3|rand_405	5.49015363991659
SEQC_st3|rand_406	5.32416689630964
SEQC_st3|rand_407	5.4467624709678155
SEQC_st3|rand_408	5.346761123866682
SEQC_st3|rand_409	5.362807950891621
SEQC_st3|rand_410	5.41465155912324
SEQC_st3|rand_411	5.420997558712055
SEQC_st3|rand_412	5.140382040004766
SEQC_st3|rand_413	5.221743814359222
SEQC_st3|rand_414	5.325347542180488
SEQC_st3|rand_415	5.377770971673121
SEQC_st3|rand_416	5.655421218043245
SEQC_st3|rand_417	5.5304074458818935
SEQC_st3|rand_418	5.3120110953232595
SEQC_st3|rand_419	5.3357264616962174
SEQC_st3|rand_420	5.270949514760924
SEQC_st3|rand_421	5.559769395743937
SEQC_st3|rand_422	5.569653275180376
SEQC_st3|rand_423	5.367644372156463
SEQC_st3|rand_424	5.601666915462571
SEQC_st3|rand_425	5.412950399335271
SEQC_st3|rand_426	5.214009896528213
SEQC_st3|rand_427	5.671503167380855
SEQC_st3|rand_428	5.4616402253823635
SEQC_st3|rand_429	5.5500911524000385
SEQC_st3|rand_430	5.056548852361888
SEQC_st3|rand_431	5.472805099087464
SEQC_st3|rand_432	5.205195274690509
SEQC_st3|rand_433	5.574554615453271
SEQC_st3|rand_434	5.515479143291019
SEQC_st3|rand_435	5.20473443291885
SEQC_st3|rand_436	5.260071733360525
SEQC_st3|rand_437	5.454590533866074
SEQC_st3|rand_438	5.471208453113372
SEQC_st3|rand_439	5.6035427037575385
SEQC_st3|rand_440	5.425217408342695
SEQC_st3|rand_441	5.098171295199789
SEQC_st3|rand_442	5.376863213820816
SEQC_st3|rand_443	5.658299364780802
SEQC_st3|rand_444	5.408405909601148
SEQC_st3|rand_445	5.092637741074636
SEQC_st3|rand_446	5.160357458678795
SEQC_st3|rand_447	5.533837989704691
SEQC_st3|rand_448	4.515329077288373
SEQC_st3|rand_449	5.141644661091984
SEQC_st3|rand_450	5.28418742125195
SEQC_st3|rand_451	5.535933451302115
SEQC_st3|rand_452	5.196323003299425
SEQC_st3|rand_453	5.154805408316568
SEQC_st3|rand_454	5.433442934679371
SEQC_st3|rand_455	4.909291712996719
SEQC_st3|rand_456	5.118122930071745
SEQC_st3|rand_457	5.273997051275127
SEQC_st3|rand_458	5.205692960854472
SEQC_st3|rand_459	5.14902386992467
SEQC_st3|rand_460	5.582237171531519
SEQC_st3|rand_461	5.4746468977167115
SEQC_st3|rand_462	5.035022151039054
SEQC_st3|rand_463	5.02694532331477
SEQC_st3|rand_464	4.658848576171564
SEQC_st3|rand_465	5.308861031329862
SEQC_st3|rand_466	5.50008409111026
SEQC_st3|rand_467	5.477528082384573
SEQC_st3|rand_468	5.055337790143225
SEQC_st3|rand_469	5.135861293187621
SEQC_st3|rand_470	5.243496433084004
SEQC_st3|rand_471	5.119864912708249
SEQC_st3|rand_472	5.145410566384541
SEQC_st3|rand_473	5.529490865819067
SEQC_st3|rand_474	5.160680750334311
SEQC_st3|rand_475	5.1945606138658675
SEQC_st3|rand_476	5.5998402054001355
SEQC_st3|rand_477	5.508557632943153
SEQC_st3|rand_478	5.311120238391601
SEQC_st3|rand_479	5.352519834199293
SEQC_st3|rand_480	5.2974547853641925
SEQC_st3|rand_481	4.991586859556098
SEQC_st3|rand_482	5.259826286322384
SEQC_st3|rand_483	5.24236581007282
SEQC_st3|rand_484	5.761374448313722
SEQC_st3|rand_485	5.334145701897693
SEQC_st3|rand_486	5.2692310282670105
SEQC_st3|rand_487	5.4017890764070025
SEQC_st3|rand_488	4.953818473583952
SEQC_st3|rand_489	5.479997578205508
SEQC_st3|rand_490	5.253930861290515
SEQC_st3|rand_491	5.42417486536785
SEQC_st3|rand_492	5.538084769117258
SEQC_st3|rand_493	5.284094495015943
SEQC_st3|rand_494	5.687719506605119
SEQC_st3|rand_495	4.81593741934723
SEQC_st3|rand_496	5.236846242226042
SEQC_st3|rand_497	5.081190253170205
SEQC_st3|rand_498	5.274097189315225
SEQC_st3|rand_499	4.90710064287408
SEQC_st3|rand_500	5.115765614379998
SEQC_st3|rand_501	5.085417290828526
SEQC_st3|rand_502	5.436774658408493
SEQC_st3|rand_503	4.748237914935176
SEQC_st3|rand_504	5.3140998000966455
SEQC_st3|rand_505	5.390171930341801
SEQC_st3|rand_506	5.109445878237752
SEQC_st3|rand_507	5.339859023507846
SEQC_st3|rand_508	5.2972649255684985
SEQC_st3|rand_509	5.364792787095864
SEQC_st3|rand_510	5.3948836392098825
SEQC_st3|rand_511	4.8734684382943065
SEQC_st3|rand_512	4.693113230675463
SEQC_st3|rand_513	5.407066133882799
SEQC_st3|rand_514	5.373632267817135
SEQC_st3|rand_515	5.374964119284416
SEQC_st3|rand_516	5.188279079683174
SEQC_st3|rand_517	4.975701130089132
SEQC_st3|rand_518	4.942268950249872
SEQC_st3|rand_519	5.140409698426117
SEQC_st3|rand_520	4.770312366416022
SEQC_st3|rand_521	5.529693629469592
SEQC_st3|rand_522	5.147537176900054
SEQC_st3|rand_523	5.100994460450312
SEQC_st3|rand_524	5.450987318308473
SEQC_st3|rand_525	4.5957383149382665
SEQC_st3|rand_526	5.540325232729786
SEQC_st3|rand_527	5.498158433315287
SEQC_st3|rand_528	5.625350996213072
SEQC_st3|rand_529	5.440969744615805
SEQC_st3|rand_530	4.994804401841363
SEQC_st3|rand_531	5.27752057030872
SEQC_st3|rand_532	5.212926091273719
SEQC_st3|rand_533	5.169436819979947
SEQC_st3|rand_534	5.394530558211959
SEQC_st3|rand_535	5.121777200256901
SEQC_st3|rand_536	5.143389714238185
SEQC_st3|rand_537	5.142101298926622
SEQC_st3|rand_538	4.879420043801321
SEQC_st3|rand_539	5.256270617421111
SEQC_st3|rand_540	5.335692060066741
SEQC_st3|rand_541	5.250513736072383
SEQC_st3|rand_542	5.2514624212562575
SEQC_st3|rand_543	5.6365316133739745
SEQC_st3|rand_544	4.738989246521593
SEQC_st3|rand_545	5.058969312982444
SEQC_st3|rand_546	5.133850004464655
SEQC_st3|rand_547	5.18340015882693
SEQC_st3|rand_548	5.521089274661474
SEQC_st3|rand_549	5.150011073828029
SEQC_st3|rand_550	5.12394594928714
SEQC_st3|rand_551	5.616988382922742
SEQC_st3|rand_552	4.978237002985827
SEQC_st3|rand_553	5.458545902982121
SEQC_st3|rand_554	5.553100148016296
SEQC_st3|rand_555	5.107652701590848
SEQC_st3|rand_556	5.114675332146147
SEQC_st3|rand_557	4.874481785445242
SEQC_st3|rand_558	5.482563898721379
SEQC_st3|rand_559	5.356381967896324
SEQC_st3|rand_560	5.437291635320857
SEQC_st3|rand_561	5.391410565764184
SEQC_st3|rand_562	5.3785500147517435
SEQC_st3|rand_563	5.320545164713349
SEQC_st3|rand_564	5.0719638524286585
SEQC_st3|rand_565	5.783688018761401
SEQC_st3|rand_566	5.164982240970301
SEQC_st3|rand_567	5.02995135531536
SEQC_st3|rand_568	5.722788383423301
SEQC_st3|rand_569	5.225541159139039
SEQC_st3|rand_570	5.186445769629336
SEQC_st3|rand_571	4.940306480057555
SEQC_st3|rand_572	5.136743266331356
SEQC_st3|rand_573	4.669881941982302
SEQC_st3|rand_574	5.358886159017894
SEQC_st3|rand_575	5.203694455719861
SEQC_st3|rand_576	4.990686587271806
SEQC_st3|rand_577	5.524824398279117
SEQC_st3|rand_578	5.318827977817825
SEQC_st3|rand_579	5.343661652555149
SEQC_st3|rand_580	5.67213852523177
SEQC_st3|rand_581	5.411062495843476
SEQC_st3|rand_582	5.307905071505322
SEQC_st3|rand_583	5.330126621780283
SEQC_st3|rand_584	5.173934865148907
SEQC_st3|rand_585	5.253055558962736
SEQC_st3|rand_586	5.400198083685664
SEQC_st3|rand_587	4.953170905521189
SEQC_st3|rand_588	5.390486957290007
SEQC_st3|rand_589	5.865721160371974
SEQC_st3|rand_590	5.23350640501024
SEQC_st3|rand_591	5.573900871946772
SEQC_st3|rand_592	4.8109646075369605
SEQC_st3|rand_593	5.388844951619239
SEQC_st3|rand_594	5.583939973663482
SEQC_st3|rand_595	5.66523663609882
SEQC_st3|rand_596	5.444160594885085
SEQC_st3|rand_597	5.349802840397674
SEQC_st3|rand_598	5.54737446531351
SEQC_st3|rand_599	5.181330512729125
SEQC_st3|rand_600	4.791050330452595
SEQC_st3|rand_601	5.485310057600278
SEQC_st3|rand_602	5.382477944800153
SEQC_st3|rand_603	5.16239578287566
SEQC_st3|rand_604	5.449582625275851
SEQC_st3|rand_605	5.26468450176554
SEQC_st3|rand_606	5.312578066379506
SEQC_st3|rand_607	5.253954985055534
SEQC_st3|rand_608	5.369279272952915
SEQC_st3|rand_609	5.4781459407544535
SEQC_st3|rand_610	5.1564228863718755
SEQC_st3|rand_611	4.91850057281271
SEQC_st3|rand_612	5.145141056356733
SEQC_st3|rand_613	5.12919702755141
SEQC_st3|rand_614	5.500882511139456
SEQC_st3|rand_615	5.7048910533448876
SEQC_st3|rand_616	5.549342259600408
SEQC_st3|rand_617	5.689677292546934
SEQC_st3|rand_618	5.466320434895035
SEQC_st3|rand_619	5.389280885794515
SEQC_st3|rand_620	5.43006166452015
SEQC_st3|rand_621	5.24335245275863
SEQC_st3|rand_622	5.376540679549787
SEQC_st3|rand_623	5.6449035512145604
SEQC_st3|rand_624	5.35082815767647
SEQC_st3|rand_625	4.538353630868856
SEQC_st3|rand_626	5.194278034707094
SEQC_st3|rand_627	4.927210200791119
SEQC_st3|rand_628	5.316691495018601
SEQC_st3|rand_629	4.8970741174429495
SEQC_st3|rand_630	5.179311562561788
SEQC_st3|rand_631	5.280484287059419
SEQC_st3|rand_632	5.410320155233253
SEQC_st3|rand_633	5.270044196189923
SEQC_st3|rand_634	5.340874789582552
SEQC_st3|rand_635	5.171040010120331
SEQC_st3|rand_636	5.233067443575066
SEQC_st3|rand_637	5.37308498245773
SEQC_st3|rand_638	4.894659148572116
SEQC_st3|rand_639	5.043412452092741
SEQC_st3|rand_640	5.291825950361194
SEQC_st3|rand_641	5.263749443671093
SEQC_st3|rand_642	5.591884956419591
SEQC_st3|rand_643	5.447704312876806
SEQC_st3|rand_644	5.4033436298529605
SEQC_st3|rand_645	4.765345261309112
SEQC_st3|rand_646	5.509155706327128
SEQC_st3|rand_647	5.283999236410166
SEQC_st3|rand_648	5.511006528823575
SEQC_st3|rand_649	5.725491898505899
SEQC_st3|rand_650	5.309090807687267
SEQC_st3|rand_651	5.216470506508818
SEQC_st3|rand_652	5.16101242843422
SEQC_st3|rand_653	5.3523343211555225
SEQC_st3|rand_654	5.482239806965362
SEQC_st3|rand_655	5.416112535245421
SEQC_st3|rand_656	5.654895776854394
SEQC_st3|rand_657	5.49353851831324
SEQC_st3|rand_658	4.886181402490467
SEQC_st3|rand_659	5.64892055086477
SEQC_st3|rand_660	5.402688522588586
SEQC_st3|rand_661	4.954644535044809
SEQC_st3|rand_662	5.4873257479039275
SEQC_st3|rand_663	5.50234486746535
SEQC_st3|rand_664	5.19990424587458
SEQC_st3|rand_665	5.275032406504477
SEQC_st3|rand_666	5.391032509814969
SEQC_st3|rand_667	5.08973617709511
SEQC_st3|rand_668	5.827458627065535
SEQC_st3|rand_669	5.371874280012714
SEQC_st3|rand_670	5.067453789344399
SEQC_st3|rand_671	5.362666562718786
SEQC_st3|rand_672	5.262401331284107
SEQC_st3|rand_673	5.279558271079582
SEQC_st3|rand_674	5.185752926576711
SEQC_st3|rand_675	4.745296615052059
SEQC_st3|rand_676	5.546544028994482
SEQC_st3|rand_677	5.302228684890297
SEQC_st3|rand_678	5.29043633420468
SEQC_st3|rand_679	5.934027821088506
SEQC_st3|rand_680	5.61964776148625
SEQC_st3|rand_681	4.756806721625134
SEQC_st3|rand_682	5.51849666565642
SEQC_st3|rand_683	5.491021278231749
SEQC_st3|rand_684	5.096276102436056
SEQC_st3|rand_685	5.686241895391134
SEQC_st3|rand_686	5.053549161010611
SEQC_st3|rand_687	5.045399120025095
SEQC_st3|rand_688	5.163284852331235
SEQC_st3|rand_689	5.282925108412619
SEQC_st3|rand_690	5.1522500895987715
SEQC_st3|rand_691	5.0932239030868125
SEQC_st3|rand_692	5.352471249983457
SEQC_st3|rand_693	5.379037095862593
SEQC_st3|rand_694	5.096557209840959
SEQC_st3|rand_695	5.237563001383864
SEQC_st3|rand_696	5.343630265169912
SEQC_st3|rand_697	5.287935085385336
SEQC_st3|rand_698	5.333734741686884
SEQC_st3|rand_699	5.505921684865935
SEQC_st3|rand_700	5.153572392727148
SEQC_st3|rand_701	5.404572449677715
SEQC_st3|rand_702	5.628898108394773
SEQC_st3|rand_703	5.289991551967811
SEQC_st3|rand_704	5.364583358058168
SEQC_st3|rand_705	5.511310527120885
SEQC_st3|rand_706	5.272074952766977
SEQC_st3|rand_707	4.752735281453533
SEQC_st3|rand_708	5.258361114907746
SEQC_st3|rand_709	4.951117179965273
SEQC_st3|rand_710	5.2905847289352534
SEQC_st3|rand_711	5.035588990524504
SEQC_st3|rand_712	4.906796068174593
SEQC_st3|rand_713	4.567469073336793
SEQC_st3|rand_714	5.529137248794555
SEQC_st3|rand_715	5.520167876661068
SEQC_st3|rand_716	5.261577946076247
SEQC_st3|rand_717	5.492461279723204
SEQC_st3|rand_718	5.232480530624627
SEQC_st3|rand_719	5.355724487547033
SEQC_st3|rand_720	5.568519146581507
SEQC_st3|rand_721	5.367119155281298
SEQC_st3|rand_722	5.1050328953233395
SEQC_st3|rand_723	5.164633202160951
SEQC_st3|rand_724	4.176801648523535
SEQC_st3|rand_725	5.2436237737730735
SEQC_st3|rand_726	5.086638850510149
SEQC_st3|rand_727	4.932895109016033
SEQC_st3|rand_728	5.444737110469763
SEQC_st3|rand_729	5.248318882999548
SEQC_st3|rand_730	5.59191162011806
SEQC_st3|rand_731	5.351306046391148
SEQC_st3|rand_732	5.2040781991440594
SEQC_st3|rand_733	5.124542525860387
SEQC_st3|rand_734	5.322196299434615
SEQC_st3|rand_735	5.390645464158127
SEQC_st3|rand_736	5.18964573975421
SEQC_st3|rand_737	5.005565108703438
SEQC_st3|rand_738	5.579936022188687
SEQC_st3|rand_739	5.589389725182728
SEQC_st3|rand_740	5.501128223218321
SEQC_st3|rand_741	5.139209420783417
SEQC_st3|rand_742	5.333210909307122
SEQC_st3|rand_743	5.054961156806424
SEQC_st3|rand_744	5.386326445912182
SEQC_st3|rand_745	5.691074961406225
SEQC_st3|rand_746	5.556650213564116
SEQC_st3|rand_747	5.4597944492055275
SEQC_st3|rand_748	5.924301710783519
SEQC_st3|rand_749	5.380404216904976
SEQC_st3|rand_750	5.3813147089107085
SEQC_st3|rand_751	5.470930000697375
SEQC_st3|rand_752	5.458515576402339
SEQC_st3|rand_753	5.4613543241891085
SEQC_st3|rand_754	5.340014653149326
SEQC_st3|rand_755	5.212779085113387
SEQC_st3|rand_756	5.245892599305309
SEQC_st3|rand_757	5.198111740962656
SEQC_st3|rand_758	5.230685410945987
SEQC_st3|rand_759	5.1349613395375675
SEQC_st3|rand_760	5.511814402955222
SEQC_st3|rand_761	5.297360612682028
SEQC_st3|rand_762	5.23184908038765
SEQC_st3|rand_763	5.561851071028261
SEQC_st3|rand_764	5.095782002707729
SEQC_st3|rand_765	5.1160141599067535
SEQC_st3|rand_766	4.722210211939719
SEQC_st3|rand_767	5.4253244283286906
SEQC_st3|rand_768	5.359755416418675
SEQC_st3|rand_769	5.668287096357292
SEQC_st3|rand_770	5.374692003377191
SEQC_st3|rand_771	5.5937082235645965
SEQC_st3|rand_772	5.297602533396298
SEQC_st3|rand_773	5.3123100936466345
SEQC_st3|rand_774	5.2572508314926525
SEQC_st3|rand_775	5.267369650975243
SEQC_st3|rand_776	4.7876236978063975
SEQC_st3|rand_777	5.445379361560894
SEQC_st3|rand_778	5.2129696716398115
SEQC_st3|rand_779	5.602698245159634
SEQC_st3|rand_780	5.484896642832635
SEQC_st3|rand_781	5.882173917780517
SEQC_st3|rand_782	4.741773937312444
SEQC_st3|rand_783	5.042493419103813
SEQC_st3|rand_784	5.538562915948362
SEQC_st3|rand_785	5.674748560986136
SEQC_st3|rand_786	5.002769539498101
SEQC_st3|rand_787	5.270745947700093
SEQC_st3|rand_788	5.017321902167062
SEQC_st3|rand_789	5.461925526471132
SEQC_st3|rand_790	5.315075131419299
SEQC_st3|rand_791	5.04853590587401
SEQC_st3|rand_792	5.451202503826092
SEQC_st3|rand_793	5.296375294085214
SEQC_st3|rand_794	5.28122635663712
SEQC_st3|rand_795	5.2571162948325885
SEQC_st3|rand_796	5.730652956239464
SEQC_st3|rand_797	5.6516113677988065
SEQC_st3|rand_798	5.4092878779374605
SEQC_st3|rand_799	4.926751186893918
SEQC_st3|rand_800	5.005681580108934
SEQC_st3|rand_801	5.14070078681841
SEQC_st3|rand_802	5.051998833047267
SEQC_st3|rand_803	5.290533421215435
SEQC_st3|rand_804	5.3869278782059675
SEQC_st3|rand_805	5.401827680158591
SEQC_st3|rand_806	5.174772386910568
SEQC_st3|rand_807	5.4822010886946595
SEQC_st3|rand_808	5.109049408042336
SEQC_st3|rand_809	5.286990377178629
SEQC_st3|rand_810	5.180135703916478
SEQC_st3|rand_811	5.431984745486975
SEQC_st3|rand_812	5.720658688320066
SEQC_st3|rand_813	5.091768749744943
SEQC_st3|rand_814	5.019801088931599
SEQC_st3|rand_815	5.023458689721151
SEQC_st3|rand_816	5.586534872507454
SEQC_st3|rand_817	5.208723574708889
SEQC_st3|rand_818	5.445710963090329
SEQC_st3|rand_819	5.052246992292841
SEQC_st3|rand_820	5.397940793343372
SEQC_st3|rand_821	5.154114752401734
SEQC_st3|rand_822	5.067691381373165
SEQC_st3|rand_823	5.574382012988883
SEQC_st3|rand_824	4.529840150438308
SEQC_st3|rand_825	5.475508920253022
SEQC_st3|rand_826	5.096038982327983
SEQC_st3|rand_827	5.174189536225733
SEQC_st3|rand_828	5.18738391487129
SEQC_st3|rand_829	5.469019759574205
SEQC_st3|rand_830	5.312549627525593
SEQC_st3|rand_831	4.946827695551852
SEQC_st3|rand_832	5.307896404843507
SEQC_st3|rand_833	5.263868316929549
SEQC_st3|rand_834	5.705079215813216
SEQC_st3|rand_835	5.631581336378327
SEQC_st3|rand_836	5.310338049572854
SEQC_st3|rand_837	5.106646129035956
SEQC_st3|rand_838	5.404490113934347
SEQC_st3|rand_839	5.279829947924293
SEQC_st3|rand_840	5.480195122580763
SEQC_st3|rand_841	4.517874111807311
SEQC_st3|rand_842	5.470210207647661
SEQC_st3|rand_843	5.281130526677982
SEQC_st3|rand_844	5.3163549214868375
SEQC_st3|rand_845	5.294704689623652
SEQC_st3|rand_846	5.590314515174151
SEQC_st3|rand_847	5.117047765641077
SEQC_st3|rand_848	5.158381720726593
SEQC_st3|rand_849	4.848829694691525
SEQC_st3|rand_850	4.780603403724467
SEQC_st3|rand_851	5.4288238792732555
SEQC_st3|rand_852	5.2083348761330015
SEQC_st3|rand_853	5.0968974425322955
SEQC_st3|rand_854	5.355135989209721
SEQC_st3|rand_855	5.378534190703509
SEQC_st3|rand_856	4.755227138972002
SEQC_st3|rand_857	5.24420765777536
SEQC_st3|rand_858	5.408492096322213
SEQC_st3|rand_859	5.468851907126962
SEQC_st3|rand_860	5.489961141773762
SEQC_st3|rand_861	5.369071935701889
SEQC_st3|rand_862	5.84627656495804
SEQC_st3|rand_863	5.0244965305718985
SEQC_st3|rand_864	5.057322554383769
SEQC_st3|rand_865	5.686559748342351
SEQC_st3|rand_866	4.530532288777201
SEQC_st3|rand_867	5.533708394473465
SEQC_st3|rand_868	5.380055376894604
SEQC_st3|rand_869	5.109124707679453
SEQC_st3|rand_870	5.2321988256206335
SEQC_st3|rand_871	5.41243391485431
SEQC_st3|rand_872	5.355277618204954
SEQC_st3|rand_873	5.358621117391863
SEQC_st3|rand_874	5.460794866678976
SEQC_st3|rand_875	5.041305472104653
SEQC_st3|rand_876	5.056369929857481
SEQC_st3|rand_877	5.305803055809137
SEQC_st3|rand_878	5.2787802209067936
SEQC_st3|rand_879	4.970196041578814
SEQC_st3|rand_880	5.181450977541318
SEQC_st3|rand_881	5.2588688033455435
SEQC_st3|rand_882	5.473785458655581
SEQC_st3|rand_883	5.140241365786717
SEQC_st3|rand_884	5.260355869847975
SEQC_st3|rand_885	5.198475441552264
SEQC_st3|rand_886	5.524658677223907
SEQC_st3|rand_887	5.199185118856742
SEQC_st3|rand_888	5.097837112539608
SEQC_st3|rand_889	5.045089519835021
SEQC_st3|rand_890	5.0256396982631415
SEQC_st3|rand_891	5.2339057868335015
SEQC_st3|rand_892	5.02249256620058
SEQC_st3|rand_893	5.63675751489997
SEQC_st3|rand_894	5.5537303834477045
SEQC_st3|rand_895	5.305489226566989
SEQC_st3|rand_896	5.61650985132791
SEQC_st3|rand_897	5.319852930039995
SEQC_st3|rand_898	4.853880097887246
SEQC_st3|rand_899	5.504357199370951
SEQC_st3|rand_900	5.231777438561953
SEQC_st3|rand_901	5.672090448407018
SEQC_st3|rand_902	5.138279711045844
SEQC_st3|rand_903	4.9422222075719375
SEQC_st3|rand_904	5.203452834820264
SEQC_st3|rand_905	5.130252584205593
SEQC_st3|rand_906	5.289985116603468
SEQC_st3|rand_907	5.452898653113604
SEQC_st3|rand_908	5.238564408860248
SEQC_st3|rand_909	5.172589795463636
SEQC_st3|rand_910	5.449052131523124
SEQC_st3|rand_911	5.192280516228651
SEQC_st3|rand_912	4.974367025033021
SEQC_st3|rand_913	5.3137386221420595
SEQC_st3|rand_914	5.2497373232620435
SEQC_st3|rand_915	5.260084898257235
SEQC_st3|rand_916	5.2661538797994965
SEQC_st3|rand_917	5.355863705126097
SEQC_st3|rand_918	5.003323306139824
SEQC_st3|rand_919	5.234184430428494
SEQC_st3|rand_920	5.780524080802271
SEQC_st3|rand_921	5.3370530463238515
SEQC_st3|rand_922	5.117201636561479
SEQC_st3|rand_923	5.39843348120986
SEQC_st3|rand_924	5.3533872990044635
SEQC_st3|rand_925	5.669647265804957
SEQC_st3|rand_926	5.20151998146732
SEQC_st3|rand_927	5.11600971764885
SEQC_st3|rand_928	5.423383602394761
SEQC_st3|rand_929	5.458729031121008
SEQC_st3|rand_930	5.276412361289482
SEQC_st3|rand_931	5.4884938238071275
SEQC_st3|rand_932	5.226541282890771
SEQC_st3|rand_933	5.014688517818308
SEQC_st3|rand_934	5.076759427947942
SEQC_st3|rand_935	5.400622986418867
SEQC_st3|rand_936	5.587019003082131
SEQC_st3|rand_937	4.301726106358909
SEQC_st3|rand_938	5.4655086047029995
SEQC_st3|rand_939	5.249624191323638
SEQC_st3|rand_940	5.557083211625406
SEQC_st3|rand_941	5.640277542735716
SEQC_st3|rand_942	5.212522946162528
SEQC_st3|rand_943	5.3404416154501915
SEQC_st3|rand_944	4.941166988254799
SEQC_st3|rand_945	4.902038739601317
SEQC_st3|rand_946	5.558187858402238
SEQC_st3|rand_947	5.143119062868749
SEQC_st3|rand_948	5.097547890385265
SEQC_st3|rand_949	5.522334086826051
SEQC_st3|rand_950	5.25325926278743
SEQC_st3|rand_951	5.570739522486298
SEQC_st3|rand_952	5.137742180064621
SEQC_st3|rand_953	5.552531326320286
SEQC_st3|rand_954	5.147896192301391
SEQC_st3|rand_955	5.379704488326427
SEQC_st3|rand_956	5.672605613319046
SEQC_st3|rand_957	5.050270306336228
SEQC_st3|rand_958	6.018891399830679
SEQC_st3|rand_959	5.145128875866477
SEQC_st3|rand_960	5.703745915408961
SEQC_st3|rand_961	5.02925865211943
SEQC_st3|rand_962	5.577115668074608
SEQC_st3|rand_963	5.454047749368245
SEQC_st3|rand_964	5.332183296694181
SEQC_st3|rand_965	5.4517900857482635
SEQC_st3|rand_966	5.297353435773892
SEQC_st3|rand_967	5.2547470275787616
SEQC_st3|rand_968	5.333610611244345
SEQC_st3|rand_969	5.5048605291673605
SEQC_st3|rand_970	4.888005936364803
SEQC_st3|rand_971	5.208469109336603
SEQC_st3|rand_972	5.364245446874926
SEQC_st3|rand_973	5.107071406897022
SEQC_st3|rand_974	5.485868660863784
SEQC_st3|rand_975	5.141293710290204
SEQC_st3|rand_976	5.328213619592579
SEQC_st3|rand_977	5.2050903272279765
SEQC_st3|rand_978	5.198647486132772
SEQC_st3|rand_979	5.432853519708919
SEQC_st3|rand_980	5.111067502596631
SEQC_st3|rand_981	5.042762256226806
SEQC_st3|rand_982	5.116003381945069
SEQC_st3|rand_983	5.444146765852987
SEQC_st3|rand_984	5.596567255184417
SEQC_st3|rand_985	5.090415026770321
SEQC_st3|rand_986	5.329713575870202
SEQC_st3|rand_987	5.474295520492477
SEQC_st3|rand_988	5.01959065931909
SEQC_st3|rand_989	5.386827252877232
SEQC_st3|rand_990	5.430314569496888
SEQC_st3|rand_991	5.2760537848623805
SEQC_st3|rand_992	5.078309775925801
SEQC_st3|rand_993	5.353809431587552
SEQC_st3|rand_994	5.164163185053401
SEQC_st3|rand_995	5.195186701661471
SEQC_st3|rand_996	5.126807696027898
SEQC_st3|rand_997	5.265332843174646
SEQC_st3|rand_998	4.94872872371511
SEQC_st3|rand_999	5.451802341017367
SEQC_st3|rand_1000	5.514359876356723
SEQC_st4|rand_1	5.40572027864004
SEQC_st4|rand_2	5.712709827061344
SEQC_st4|rand_3	5.214381167793833
SEQC_st4|rand_4	5.157716128096
SEQC_st4|rand_5	5.141448096921323
SEQC_st4|rand_6	5.157391351806683
SEQC_st4|rand_7	5.090985788299071
SEQC_st4|rand_8	5.4247732794906245
SEQC_st4|rand_9	5.223893288740338
SEQC_st4|rand_10	4.905313332332579
SEQC_st4|rand_11	5.012868307790276
SEQC_st4|rand_12	5.141599166244027
SEQC_st4|rand_13	5.066284319433508
SEQC_st4|rand_14	5.26551998479279
SEQC_st4|rand_15	5.411794844621831
SEQC_st4|rand_16	5.0753986967414315
SEQC_st4|rand_17	4.944718413099008
SEQC_st4|rand_18	5.356659778914347
SEQC_st4|rand_19	4.869001993589471
SEQC_st4|rand_20	5.155517336344451
SEQC_st4|rand_21	5.467833077906833
SEQC_st4|rand_22	5.333090137822705
SEQC_st4|rand_23	5.424971748130082
SEQC_st4|rand_24	5.208064476746813
SEQC_st4|rand_25	5.040136556238864
SEQC_st4|rand_26	5.513180831434268
SEQC_st4|rand_27	5.237228418989544
SEQC_st4|rand_28	5.219056299203607
SEQC_st4|rand_29	5.346056426384278
SEQC_st4|rand_30	5.330904874878265
SEQC_st4|rand_31	5.228982364051904
SEQC_st4|rand_32	5.303932423945897
SEQC_st4|rand_33	4.959965532130384
SEQC_st4|rand_34	5.230249469367922
SEQC_st4|rand_35	5.021429294682628
SEQC_st4|rand_36	5.073001488860776
SEQC_st4|rand_37	6.1055136920869435
SEQC_st4|rand_38	5.561350781841869
SEQC_st4|rand_39	5.255690705930421
SEQC_st4|rand_40	4.745008085635211
SEQC_st4|rand_41	5.218810691963212
SEQC_st4|rand_42	5.114610846618499
SEQC_st4|rand_43	5.134905882357168
SEQC_st4|rand_44	5.73928460563468
SEQC_st4|rand_45	5.102995791946466
SEQC_st4|rand_46	5.145707730932894
SEQC_st4|rand_47	5.451683032445599
SEQC_st4|rand_48	5.241960116351088
SEQC_st4|rand_49	4.911268521067384
SEQC_st4|rand_50	5.236983328396564
SEQC_st4|rand_51	5.162204886845547
SEQC_st4|rand_52	5.593158907378977
SEQC_st4|rand_53	4.7890343425279145
SEQC_st4|rand_54	5.07904703591847
SEQC_st4|rand_55	5.531566855090518
SEQC_st4|rand_56	4.725319087610578
SEQC_st4|rand_57	5.529609945418731
SEQC_st4|rand_58	5.191482898475416
SEQC_st4|rand_59	4.929727425944867
SEQC_st4|rand_60	5.383970845954729
SEQC_st4|rand_61	5.307369544218899
SEQC_st4|rand_62	5.047498865815069
SEQC_st4|rand_63	5.046589711657581
SEQC_st4|rand_64	5.0618220948249455
SEQC_st4|rand_65	5.105842934250568
SEQC_st4|rand_66	5.223979378971856
SEQC_st4|rand_67	5.377630723702593
SEQC_st4|rand_68	4.738790888280495
SEQC_st4|rand_69	5.771070254644992
SEQC_st4|rand_70	4.9286707170818325
SEQC_st4|rand_71	5.28688572756001
SEQC_st4|rand_72	4.72933978282058
SEQC_st4|rand_73	5.413657580259851
SEQC_st4|rand_74	4.647811029054581
SEQC_st4|rand_75	5.211740289424044
SEQC_st4|rand_76	4.96197926847314
SEQC_st4|rand_77	5.13256810089854
SEQC_st4|rand_78	5.191951116296457
SEQC_st4|rand_79	5.929658472309898
SEQC_st4|rand_80	5.431412292972867
SEQC_st4|rand_81	5.208329031113069
SEQC_st4|rand_82	5.051083063622767
SEQC_st4|rand_83	5.501027750436453
SEQC_st4|rand_84	5.229441337460378
SEQC_st4|rand_85	5.207573346251939
SEQC_st4|rand_86	5.190848356801782
SEQC_st4|rand_87	5.102153063162496
SEQC_st4|rand_88	5.17842418223354
SEQC_st4|rand_89	5.258480861829409
SEQC_st4|rand_90	5.218832768067834
SEQC_st4|rand_91	5.304615275133439
SEQC_st4|rand_92	5.190815096177269
SEQC_st4|rand_93	5.073428965604926
SEQC_st4|rand_94	5.3332747773146
SEQC_st4|rand_95	5.29473444630471
SEQC_st4|rand_96	4.86503803152446
SEQC_st4|rand_97	4.939942081042294
SEQC_st4|rand_98	5.136828278198782
SEQC_st4|rand_99	5.170160420684483
SEQC_st4|rand_100	5.273205004988043
SEQC_st4|rand_101	5.309316549270475
SEQC_st4|rand_102	5.09923202050391
SEQC_st4|rand_103	5.2727734130079
SEQC_st4|rand_104	5.391367050273633
SEQC_st4|rand_105	5.540171978500139
SEQC_st4|rand_106	5.270834316411054
SEQC_st4|rand_107	5.344729166143404
SEQC_st4|rand_108	5.327402875051053
SEQC_st4|rand_109	5.136183248121107
SEQC_st4|rand_110	4.883733136471606
SEQC_st4|rand_111	5.290026397717138
SEQC_st4|rand_112	5.021407397875008
SEQC_st4|rand_113	5.317063466200303
SEQC_st4|rand_114	5.5113495891060955
SEQC_st4|rand_115	5.139362547235716
SEQC_st4|rand_116	5.398990900136544
SEQC_st4|rand_117	5.407947412405541
SEQC_st4|rand_118	5.492603910627832
SEQC_st4|rand_119	5.285776515302018
SEQC_st4|rand_120	5.224628110892318
SEQC_st4|rand_121	5.0615145466307725
SEQC_st4|rand_122	5.426377207614378
SEQC_st4|rand_123	5.347321868257649
SEQC_st4|rand_124	5.078356883861753
SEQC_st4|rand_125	4.531688725686399
SEQC_st4|rand_126	5.285651931364986
SEQC_st4|rand_127	5.320639755923173
SEQC_st4|rand_128	4.623704768760892
SEQC_st4|rand_129	5.18327264545852
SEQC_st4|rand_130	5.158485459427695
SEQC_st4|rand_131	5.4317331562517746
SEQC_st4|rand_132	4.962440702324093
SEQC_st4|rand_133	5.301569904564128
SEQC_st4|rand_134	5.291800754529547
SEQC_st4|rand_135	5.104743028647187
SEQC_st4|rand_136	4.902081414412812
SEQC_st4|rand_137	4.941485553065149
SEQC_st4|rand_138	5.131182530937138
SEQC_st4|rand_139	5.583637322640151
SEQC_st4|rand_140	5.05169312450158
SEQC_st4|rand_141	5.451113321940001
SEQC_st4|rand_142	5.505474872366741
SEQC_st4|rand_143	5.360871265408384
SEQC_st4|rand_144	4.9884883227823815
SEQC_st4|rand_145	5.257902652151068
SEQC_st4|rand_146	5.371225975295703
SEQC_st4|rand_147	5.408857024097361
SEQC_st4|rand_148	4.878892447833736
SEQC_st4|rand_149	5.554933652395164
SEQC_st4|rand_150	4.833225725499319
SEQC_st4|rand_151	5.289512080367147
SEQC_st4|rand_152	5.230907641753239
SEQC_st4|rand_153	5.466128580031717
SEQC_st4|rand_154	5.284643098394133
SEQC_st4|rand_155	5.10302777977158
SEQC_st4|rand_156	5.393199522427486
SEQC_st4|rand_157	5.3575510366087595
SEQC_st4|rand_158	5.300250877579314
SEQC_st4|rand_159	4.9518577819121745
SEQC_st4|rand_160	4.92981701087291
SEQC_st4|rand_161	5.1641672241251735
SEQC_st4|rand_162	5.193265216332871
SEQC_st4|rand_163	5.207351517964768
SEQC_st4|rand_164	5.105261777823301
SEQC_st4|rand_165	5.188451337033935
SEQC_st4|rand_166	5.194949336183578
SEQC_st4|rand_167	5.2999653604874775
SEQC_st4|rand_168	5.4088334284117
SEQC_st4|rand_169	5.5121042205807065
SEQC_st4|rand_170	4.502483713313958
SEQC_st4|rand_171	5.043002691958588
SEQC_st4|rand_172	5.19343576245524
SEQC_st4|rand_173	5.373870305364404
SEQC_st4|rand_174	5.291609123383722
SEQC_st4|rand_175	5.6472552858797735
SEQC_st4|rand_176	4.845068711189799
SEQC_st4|rand_177	4.97049623471586
SEQC_st4|rand_178	5.292428461079796
SEQC_st4|rand_179	5.057581697766884
SEQC_st4|rand_180	5.378656797227882
SEQC_st4|rand_181	5.193594554854149
SEQC_st4|rand_182	5.5304859497715295
SEQC_st4|rand_183	5.2585150848198134
SEQC_st4|rand_184	4.954012543030442
SEQC_st4|rand_185	5.096017274149587
SEQC_st4|rand_186	5.254357894847804
SEQC_st4|rand_187	5.060076095569647
SEQC_st4|rand_188	5.247021705893802
SEQC_st4|rand_189	5.3625055643144535
SEQC_st4|rand_190	5.457962092845091
SEQC_st4|rand_191	5.2576214824543275
SEQC_st4|rand_192	4.989287606519144
SEQC_st4|rand_193	5.3844037720822735
SEQC_st4|rand_194	5.211155957949475
SEQC_st4|rand_195	5.167219769721267
SEQC_st4|rand_196	5.253854941447628
SEQC_st4|rand_197	5.3131466900216715
SEQC_st4|rand_198	5.307591012870339
SEQC_st4|rand_199	5.1111778471222555
SEQC_st4|rand_200	5.215322604805073
SEQC_st4|rand_201	5.24211284814755
SEQC_st4|rand_202	5.199091429476836
SEQC_st4|rand_203	5.143921784721598
SEQC_st4|rand_204	5.318869064035901
SEQC_st4|rand_205	5.378716545146295
SEQC_st4|rand_206	5.289286567365956
SEQC_st4|rand_207	5.402972602480577
SEQC_st4|rand_208	5.502170485004045
SEQC_st4|rand_209	5.215684532176587
SEQC_st4|rand_210	4.817741924082427
SEQC_st4|rand_211	5.352918976425848
SEQC_st4|rand_212	5.048540401159262
SEQC_st4|rand_213	5.227575112199535
SEQC_st4|rand_214	5.038284939333678
SEQC_st4|rand_215	5.2944829341035105
SEQC_st4|rand_216	5.283734912868689
SEQC_st4|rand_217	5.077474836721583
SEQC_st4|rand_218	5.0180089780439285
SEQC_st4|rand_219	5.417245100708416
SEQC_st4|rand_220	5.19518704181044
SEQC_st4|rand_221	4.967068838358358
SEQC_st4|rand_222	5.301053257083222
SEQC_st4|rand_223	5.299598898588673
SEQC_st4|rand_224	5.501613395027257
SEQC_st4|rand_225	4.620739998498087
SEQC_st4|rand_226	5.310268976534742
SEQC_st4|rand_227	5.023272734565348
SEQC_st4|rand_228	5.1877321742725835
SEQC_st4|rand_229	5.223753087581601
SEQC_st4|rand_230	5.335807103089288
SEQC_st4|rand_231	5.374280089501494
SEQC_st4|rand_232	5.198829326474962
SEQC_st4|rand_233	5.3411137406895275
SEQC_st4|rand_234	5.209628429891087
SEQC_st4|rand_235	5.3306823436319135
SEQC_st4|rand_236	5.331029673970134
SEQC_st4|rand_237	5.190127540413932
SEQC_st4|rand_238	5.394842926349915
SEQC_st4|rand_239	5.412682851710616
SEQC_st4|rand_240	5.302728562516239
SEQC_st4|rand_241	5.4722548941960785
SEQC_st4|rand_242	5.179179645789203
SEQC_st4|rand_243	5.098405539816342
SEQC_st4|rand_244	5.33348366539609
SEQC_st4|rand_245	5.305923176132719
SEQC_st4|rand_246	5.608655592429979
SEQC_st4|rand_247	5.1132409110351436
SEQC_st4|rand_248	5.117358739775823
SEQC_st4|rand_249	5.507817173358307
SEQC_st4|rand_250	5.300393573798616
SEQC_st4|rand_251	5.476744082777848
SEQC_st4|rand_252	5.4080499556735795
SEQC_st4|rand_253	5.331401926504608
SEQC_st4|rand_254	5.169514276934049
SEQC_st4|rand_255	5.278202449537295
SEQC_st4|rand_256	5.610593131261283
SEQC_st4|rand_257	5.196965186867411
SEQC_st4|rand_258	5.4850063955085
SEQC_st4|rand_259	5.4695427602905555
SEQC_st4|rand_260	4.9888250482457615
SEQC_st4|rand_261	5.566981245466968
SEQC_st4|rand_262	5.172477504451258
SEQC_st4|rand_263	5.411260977929355
SEQC_st4|rand_264	5.3153987890067835
SEQC_st4|rand_265	5.254189133708444
SEQC_st4|rand_266	5.431464731384896
SEQC_st4|rand_267	5.016648783633752
SEQC_st4|rand_268	5.019960350547444
SEQC_st4|rand_269	5.374151800356032
SEQC_st4|rand_270	5.438173012472171
SEQC_st4|rand_271	4.864581255156243
SEQC_st4|rand_272	5.444583126520771
SEQC_st4|rand_273	5.085331902900669
SEQC_st4|rand_274	5.220408575081219
SEQC_st4|rand_275	5.456870237716315
SEQC_st4|rand_276	5.221848587537723
SEQC_st4|rand_277	5.616501202735516
SEQC_st4|rand_278	5.557287644651802
SEQC_st4|rand_279	5.317301051546187
SEQC_st4|rand_280	5.148164601736709
SEQC_st4|rand_281	5.303322227396655
SEQC_st4|rand_282	4.941763469909096
SEQC_st4|rand_283	4.95853159098482
SEQC_st4|rand_284	5.195029175868048
SEQC_st4|rand_285	5.348367599378898
SEQC_st4|rand_286	5.056971587523325
SEQC_st4|rand_287	5.267054950474722
SEQC_st4|rand_288	5.309236154454396
SEQC_st4|rand_289	5.669509614350403
SEQC_st4|rand_290	5.188535716042791
SEQC_st4|rand_291	5.272402826393881
SEQC_st4|rand_292	5.313100066916478
SEQC_st4|rand_293	5.1256291502143085
SEQC_st4|rand_294	5.409568841632342
SEQC_st4|rand_295	5.308335523120388
SEQC_st4|rand_296	5.39840887455266
SEQC_st4|rand_297	5.466864456071892
SEQC_st4|rand_298	4.829370591889787
SEQC_st4|rand_299	5.2893022571211095
SEQC_st4|rand_300	5.691433262837267
SEQC_st4|rand_301	5.523586969810014
SEQC_st4|rand_302	5.229727230066704
SEQC_st4|rand_303	5.067200950967619
SEQC_st4|rand_304	5.39382912581187
SEQC_st4|rand_305	5.271700340878656
SEQC_st4|rand_306	5.48575391590704
SEQC_st4|rand_307	5.065069574619821
SEQC_st4|rand_308	5.273159928084188
SEQC_st4|rand_309	4.88724238494059
SEQC_st4|rand_310	5.119694869484033
SEQC_st4|rand_311	5.416879388974189
SEQC_st4|rand_312	5.3742972577372035
SEQC_st4|rand_313	5.037944958547255
SEQC_st4|rand_314	5.259744041134073
SEQC_st4|rand_315	5.30095030606434
SEQC_st4|rand_316	5.292601358620302
SEQC_st4|rand_317	5.581032381203407
SEQC_st4|rand_318	5.338046858181002
SEQC_st4|rand_319	4.8745514496527145
SEQC_st4|rand_320	5.299978281864539
SEQC_st4|rand_321	5.229936716401302
SEQC_st4|rand_322	5.166407560429096
SEQC_st4|rand_323	5.273894950566756
SEQC_st4|rand_324	5.328898680592682
SEQC_st4|rand_325	5.230574941424589
SEQC_st4|rand_326	5.065564505719955
SEQC_st4|rand_327	5.4834784656210935
SEQC_st4|rand_328	4.895195579377635
SEQC_st4|rand_329	5.556284553332908
SEQC_st4|rand_330	5.024058748279099
SEQC_st4|rand_331	5.018991909331517
SEQC_st4|rand_332	5.675499665929349
SEQC_st4|rand_333	5.222794277050254
SEQC_st4|rand_334	5.43085628392775
SEQC_st4|rand_335	5.568299250265808
SEQC_st4|rand_336	5.48908510340614
SEQC_st4|rand_337	5.321727210676106
SEQC_st4|rand_338	5.267442411539927
SEQC_st4|rand_339	5.30468052514243
SEQC_st4|rand_340	5.824132766477344
SEQC_st4|rand_341	5.269164547425862
SEQC_st4|rand_342	5.224458786192645
SEQC_st4|rand_343	4.737586586993875
SEQC_st4|rand_344	4.847556776509661
SEQC_st4|rand_345	5.331038838128907
SEQC_st4|rand_346	5.357331040156634
SEQC_st4|rand_347	5.281698710182296
SEQC_st4|rand_348	5.220066254392283
SEQC_st4|rand_349	5.172925852488254
SEQC_st4|rand_350	4.9643328293173585
SEQC_st4|rand_351	5.564635209832419
SEQC_st4|rand_352	5.7706576849849105
SEQC_st4|rand_353	5.298036929020509
SEQC_st4|rand_354	5.40288689131715
SEQC_st4|rand_355	5.284616745729713
SEQC_st4|rand_356	5.401518796966633
SEQC_st4|rand_357	5.17216457426172
SEQC_st4|rand_358	6.057150546345755
SEQC_st4|rand_359	4.9674496534479475
SEQC_st4|rand_360	5.312319490319297
SEQC_st4|rand_361	5.30334995635462
SEQC_st4|rand_362	5.210639075291093
SEQC_st4|rand_363	4.7005916438861615
SEQC_st4|rand_364	5.328417096186309
SEQC_st4|rand_365	5.610534999918915
SEQC_st4|rand_366	4.952843885926772
SEQC_st4|rand_367	5.181018974662069
SEQC_st4|rand_368	5.322159276428243
SEQC_st4|rand_369	5.299340974136516
SEQC_st4|rand_370	5.071393463360686
SEQC_st4|rand_371	5.643421886079156
SEQC_st4|rand_372	5.7371228041144215
SEQC_st4|rand_373	5.506510866588664
SEQC_st4|rand_374	5.342227529233746
SEQC_st4|rand_375	5.6128152234626745
SEQC_st4|rand_376	5.401750151365039
SEQC_st4|rand_377	5.074244692783475
SEQC_st4|rand_378	5.32193080716541
SEQC_st4|rand_379	5.087529764768073
SEQC_st4|rand_380	5.1993801953297005
SEQC_st4|rand_381	5.062570490186361
SEQC_st4|rand_382	5.301537768793985
SEQC_st4|rand_383	5.371899589195019
SEQC_st4|rand_384	4.797943759221153
SEQC_st4|rand_385	5.002040890868974
SEQC_st4|rand_386	5.40417942665639
SEQC_st4|rand_387	5.228287359638088
SEQC_st4|rand_388	5.446062060194335
SEQC_st4|rand_389	5.186796144584291
SEQC_st4|rand_390	5.529702092083385
SEQC_st4|rand_391	5.673707487897271
SEQC_st4|rand_392	4.840874123704809
SEQC_st4|rand_393	5.23103082008867
SEQC_st4|rand_394	5.065995750951731
SEQC_st4|rand_395	4.316266218336062
SEQC_st4|rand_396	5.381779520304485
SEQC_st4|rand_397	5.213521260822552
SEQC_st4|rand_398	5.215321706889456
SEQC_st4|rand_399	5.498124359737476
SEQC_st4|rand_400	5.561102536775366
SEQC_st4|rand_401	5.3067346908380015
SEQC_st4|rand_402	5.376529920817431
SEQC_st4|rand_403	5.515007113323023
SEQC_st4|rand_404	5.10523109883333
SEQC_st4|rand_405	5.618487899850144
SEQC_st4|rand_406	5.2739781722284
SEQC_st4|rand_407	5.381033208000937
SEQC_st4|rand_408	5.71073159598568
SEQC_st4|rand_409	5.145023556451508
SEQC_st4|rand_410	5.180892955100121
SEQC_st4|rand_411	5.20210650489094
SEQC_st4|rand_412	4.977771287405112
SEQC_st4|rand_413	5.45486384151113
SEQC_st4|rand_414	5.026221268694859
SEQC_st4|rand_415	5.123871010827576
SEQC_st4|rand_416	5.354381478052056
SEQC_st4|rand_417	5.463550625945801
SEQC_st4|rand_418	5.351115025144115
SEQC_st4|rand_419	5.448897444104815
SEQC_st4|rand_420	5.0727959923004
SEQC_st4|rand_421	5.5725754172720965
SEQC_st4|rand_422	5.386179568697137
SEQC_st4|rand_423	5.105194304298026
SEQC_st4|rand_424	4.915701132665816
SEQC_st4|rand_425	5.071995743686029
SEQC_st4|rand_426	5.399042135623324
SEQC_st4|rand_427	5.430913917923673
SEQC_st4|rand_428	5.155033296721746
SEQC_st4|rand_429	5.708189045346473
SEQC_st4|rand_430	5.389074810008336
SEQC_st4|rand_431	5.382028941502879
SEQC_st4|rand_432	5.105643614951781
SEQC_st4|rand_433	5.653199427756253
SEQC_st4|rand_434	5.316741550040474
SEQC_st4|rand_435	5.03733662927492
SEQC_st4|rand_436	5.146344132053434
SEQC_st4|rand_437	5.245430334770341
SEQC_st4|rand_438	5.333490875530437
SEQC_st4|rand_439	5.114666981943571
SEQC_st4|rand_440	5.2097190327460705
SEQC_st4|rand_441	4.9274148123746935
SEQC_st4|rand_442	5.364554797884892
SEQC_st4|rand_443	5.498882212529499
SEQC_st4|rand_444	5.413945215722533
SEQC_st4|rand_445	5.171127769991483
SEQC_st4|rand_446	5.157257488262968
SEQC_st4|rand_447	5.591420131334273
SEQC_st4|rand_448	5.068528442683926
SEQC_st4|rand_449	5.010445414300349
SEQC_st4|rand_450	5.179616965246187
SEQC_st4|rand_451	5.356939492733021
SEQC_st4|rand_452	5.449680795906809
SEQC_st4|rand_453	4.683622151696884
SEQC_st4|rand_454	5.351923478440727
SEQC_st4|rand_455	5.248261030097428
SEQC_st4|rand_456	5.185698560086911
SEQC_st4|rand_457	5.174259215872757
SEQC_st4|rand_458	5.4061313396961275
SEQC_st4|rand_459	5.172470900370722
SEQC_st4|rand_460	5.500588147607074
SEQC_st4|rand_461	5.068170044936401
SEQC_st4|rand_462	4.986082133737054
SEQC_st4|rand_463	5.299285005866629
SEQC_st4|rand_464	4.865232334853114
SEQC_st4|rand_465	5.0328102852163585
SEQC_st4|rand_466	5.420344918487694
SEQC_st4|rand_467	5.464671739115375
SEQC_st4|rand_468	4.933494998397791
SEQC_st4|rand_469	4.849596509411458
SEQC_st4|rand_470	5.5463903053482495
SEQC_st4|rand_471	5.132101647701845
SEQC_st4|rand_472	4.946536668784273
SEQC_st4|rand_473	5.595100054322146
SEQC_st4|rand_474	5.12052105789832
SEQC_st4|rand_475	4.9674867498168425
SEQC_st4|rand_476	5.652919170905227
SEQC_st4|rand_477	5.4353886683072705
SEQC_st4|rand_478	5.258656551111924
SEQC_st4|rand_479	4.956506500557418
SEQC_st4|rand_480	5.1216528158386465
SEQC_st4|rand_481	5.393942941055359
SEQC_st4|rand_482	5.51606219203165
SEQC_st4|rand_483	5.264882113639101
SEQC_st4|rand_484	5.275439470516045
SEQC_st4|rand_485	5.356117312890988
SEQC_st4|rand_486	5.300991907030671
SEQC_st4|rand_487	5.650086984122666
SEQC_st4|rand_488	4.799659586480382
SEQC_st4|rand_489	5.371851051332004
SEQC_st4|rand_490	5.51751933907461
SEQC_st4|rand_491	5.295084993214195
SEQC_st4|rand_492	5.368769898745342
SEQC_st4|rand_493	5.375132139951994
SEQC_st4|rand_494	5.5021852221552425
SEQC_st4|rand_495	4.939728085710068
SEQC_st4|rand_496	5.2726092882629585
SEQC_st4|rand_497	5.52490205356167
SEQC_st4|rand_498	5.31080933967977
SEQC_st4|rand_499	4.937974456434282
SEQC_st4|rand_500	5.1341014276162715
SEQC_st4|rand_501	5.180088455468287
SEQC_st4|rand_502	5.537397741262661
SEQC_st4|rand_503	4.643697520331997
SEQC_st4|rand_504	5.38444591186512
SEQC_st4|rand_505	5.319355605758052
SEQC_st4|rand_506	4.922398460339178
SEQC_st4|rand_507	5.375748267597119
SEQC_st4|rand_508	5.179486343724234
SEQC_st4|rand_509	5.309979112690762
SEQC_st4|rand_510	5.568716769239512
SEQC_st4|rand_511	5.2431421689068545
SEQC_st4|rand_512	4.886310893126217
SEQC_st4|rand_513	5.28996985323332
SEQC_st4|rand_514	5.361859892424581
SEQC_st4|rand_515	5.648431337314263
SEQC_st4|rand_516	5.262485652484845
SEQC_st4|rand_517	5.057373886550282
SEQC_st4|rand_518	5.0425276197142
SEQC_st4|rand_519	5.151586649651912
SEQC_st4|rand_520	4.6940916628404565
SEQC_st4|rand_521	5.424694137558651
SEQC_st4|rand_522	5.214251839026711
SEQC_st4|rand_523	5.093789552119156
SEQC_st4|rand_524	5.214816826267298
SEQC_st4|rand_525	5.235699079534775
SEQC_st4|rand_526	5.412434317967371
SEQC_st4|rand_527	5.232779119021434
SEQC_st4|rand_528	5.482806100898165
SEQC_st4|rand_529	5.298807193251277
SEQC_st4|rand_530	5.318528328389652
SEQC_st4|rand_531	5.341863363853005
SEQC_st4|rand_532	5.28497057226641
SEQC_st4|rand_533	5.07417179485085
SEQC_st4|rand_534	5.259111069260378
SEQC_st4|rand_535	5.28140672165759
SEQC_st4|rand_536	5.085499442251927
SEQC_st4|rand_537	5.3589092771713265
SEQC_st4|rand_538	5.256790605268439
SEQC_st4|rand_539	5.172424846081595
SEQC_st4|rand_540	5.169337072523538
SEQC_st4|rand_541	5.302892384662177
SEQC_st4|rand_542	5.243705581350211
SEQC_st4|rand_543	5.2901040630879
SEQC_st4|rand_544	4.483473646816362
SEQC_st4|rand_545	4.9063245007228735
SEQC_st4|rand_546	5.250328230870448
SEQC_st4|rand_547	5.134562101005854
SEQC_st4|rand_548	5.27047915933599
SEQC_st4|rand_549	4.956977172267904
SEQC_st4|rand_550	5.1695139552371385
SEQC_st4|rand_551	5.587082699751679
SEQC_st4|rand_552	5.0757340737605166
SEQC_st4|rand_553	5.299571889761955
SEQC_st4|rand_554	5.47537605363765
SEQC_st4|rand_555	4.978532946585362
SEQC_st4|rand_556	4.96366872669559
SEQC_st4|rand_557	4.782665400710692
SEQC_st4|rand_558	5.536657830402804
SEQC_st4|rand_559	5.357218365966236
SEQC_st4|rand_560	5.300833007486268
SEQC_st4|rand_561	5.478207631935378
SEQC_st4|rand_562	5.324315062744758
SEQC_st4|rand_563	5.470782096918444
SEQC_st4|rand_564	5.406865987466892
SEQC_st4|rand_565	5.467119495294599
SEQC_st4|rand_566	5.3156637764402745
SEQC_st4|rand_567	5.061544414303512
SEQC_st4|rand_568	5.466163346331496
SEQC_st4|rand_569	5.298550373293668
SEQC_st4|rand_570	5.137074401348203
SEQC_st4|rand_571	5.247407924404505
SEQC_st4|rand_572	5.023673646185565
SEQC_st4|rand_573	5.065857679886387
SEQC_st4|rand_574	5.305192007716522
SEQC_st4|rand_575	4.995227141072423
SEQC_st4|rand_576	5.080283964297256
SEQC_st4|rand_577	5.415884797413403
SEQC_st4|rand_578	5.252845458324763
SEQC_st4|rand_579	5.464580858684681
SEQC_st4|rand_580	5.407012452032472
SEQC_st4|rand_581	5.223335006335608
SEQC_st4|rand_582	5.305024272715704
SEQC_st4|rand_583	4.877804969578775
SEQC_st4|rand_584	5.145289788254474
SEQC_st4|rand_585	5.149091833790795
SEQC_st4|rand_586	5.340815053458349
SEQC_st4|rand_587	4.905793730531562
SEQC_st4|rand_588	5.285578766164134
SEQC_st4|rand_589	5.68152869442313
SEQC_st4|rand_590	5.272033958024314
SEQC_st4|rand_591	4.974301876437909
SEQC_st4|rand_592	5.034494845550842
SEQC_st4|rand_593	5.255213460378664
SEQC_st4|rand_594	5.533599478845956
SEQC_st4|rand_595	5.412036148014435
SEQC_st4|rand_596	5.443318646117743
SEQC_st4|rand_597	5.091082225463515
SEQC_st4|rand_598	5.48709982835646
SEQC_st4|rand_599	5.056342263091265
SEQC_st4|rand_600	4.719714376762087
SEQC_st4|rand_601	5.384424031268247
SEQC_st4|rand_602	5.164848666317426
SEQC_st4|rand_603	5.26815225378757
SEQC_st4|rand_604	5.321538468866187
SEQC_st4|rand_605	5.2603555489867935
SEQC_st4|rand_606	5.237176092215108
SEQC_st4|rand_607	5.01717343628212
SEQC_st4|rand_608	5.294692227210774
SEQC_st4|rand_609	5.655793806539923
SEQC_st4|rand_610	5.118062151383663
SEQC_st4|rand_611	5.180356513122973
SEQC_st4|rand_612	5.20840732126699
SEQC_st4|rand_613	5.011852597343643
SEQC_st4|rand_614	5.282413125797245
SEQC_st4|rand_615	5.694164110373061
SEQC_st4|rand_616	5.615943443027017
SEQC_st4|rand_617	5.340779264734579
SEQC_st4|rand_618	5.3861725698203164
SEQC_st4|rand_619	5.234431034175224
SEQC_st4|rand_620	5.272350300698719
SEQC_st4|rand_621	5.492790752527418
SEQC_st4|rand_622	5.2715739580172185
SEQC_st4|rand_623	5.425438543136753
SEQC_st4|rand_624	5.661280483402043
SEQC_st4|rand_625	4.287776460223072
SEQC_st4|rand_626	4.921110279007506
SEQC_st4|rand_627	5.062666334689253
SEQC_st4|rand_628	5.185178986039631
SEQC_st4|rand_629	4.990621626962324
SEQC_st4|rand_630	5.2096543842593706
SEQC_st4|rand_631	5.128964304737588
SEQC_st4|rand_632	5.488593315897855
SEQC_st4|rand_633	5.134752105741034
SEQC_st4|rand_634	5.108258407380161
SEQC_st4|rand_635	5.213619023961743
SEQC_st4|rand_636	5.086678569533389
SEQC_st4|rand_637	5.311058978900855
SEQC_st4|rand_638	4.872913275455798
SEQC_st4|rand_639	5.0299994338591745
SEQC_st4|rand_640	5.3162532515678995
SEQC_st4|rand_641	5.15831877122149
SEQC_st4|rand_642	4.935063634120212
SEQC_st4|rand_643	5.257063238832552
SEQC_st4|rand_644	5.392441354773867
SEQC_st4|rand_645	5.265755103599743
SEQC_st4|rand_646	5.425311824119466
SEQC_st4|rand_647	5.195834819881654
SEQC_st4|rand_648	5.492485150063978
SEQC_st4|rand_649	5.059049092034098
SEQC_st4|rand_650	5.4406575225481495
SEQC_st4|rand_651	5.290460758933168
SEQC_st4|rand_652	5.166094348577415
SEQC_st4|rand_653	5.2719340561093695
SEQC_st4|rand_654	5.522415694163857
SEQC_st4|rand_655	5.264626671642607
SEQC_st4|rand_656	5.208276958449957
SEQC_st4|rand_657	5.464859263249131
SEQC_st4|rand_658	5.180822064807804
SEQC_st4|rand_659	5.046585951647453
SEQC_st4|rand_660	5.244340639027669
SEQC_st4|rand_661	5.293304344349314
SEQC_st4|rand_662	5.286726562234009
SEQC_st4|rand_663	5.445546976442698
SEQC_st4|rand_664	5.397766077674181
SEQC_st4|rand_665	5.302546227532668
SEQC_st4|rand_666	5.195316948705155
SEQC_st4|rand_667	5.402151948533421
SEQC_st4|rand_668	5.452713825140786
SEQC_st4|rand_669	5.358826452341748
SEQC_st4|rand_670	5.056869503914429
SEQC_st4|rand_671	5.022330705148129
SEQC_st4|rand_672	5.033137474007554
SEQC_st4|rand_673	4.959429838041371
SEQC_st4|rand_674	5.129905016587813
SEQC_st4|rand_675	4.983336855579959
SEQC_st4|rand_676	5.313350996900264
SEQC_st4|rand_677	5.113379821714406
SEQC_st4|rand_678	5.428859233802537
SEQC_st4|rand_679	5.620890329075453
SEQC_st4|rand_680	5.639908267085169
SEQC_st4|rand_681	4.939141264430377
SEQC_st4|rand_682	5.642983466960401
SEQC_st4|rand_683	5.535147340815844
SEQC_st4|rand_684	4.967419167798876
SEQC_st4|rand_685	5.453445893170465
SEQC_st4|rand_686	5.243442594470358
SEQC_st4|rand_687	4.751814732451791
SEQC_st4|rand_688	5.357961862346869
SEQC_st4|rand_689	5.0986972220627145
SEQC_st4|rand_690	5.326817969297029
SEQC_st4|rand_691	4.738158137024694
SEQC_st4|rand_692	5.2282118385024114
SEQC_st4|rand_693	5.285495515471254
SEQC_st4|rand_694	5.1628605860039
SEQC_st4|rand_695	5.4374894543134324
SEQC_st4|rand_696	5.010922660392603
SEQC_st4|rand_697	5.139594912969959
SEQC_st4|rand_698	5.1844789192666125
SEQC_st4|rand_699	5.345129880920743
SEQC_st4|rand_700	5.168654232403654
SEQC_st4|rand_701	5.574293890389934
SEQC_st4|rand_702	5.530073680241026
SEQC_st4|rand_703	4.8709507565595755
SEQC_st4|rand_704	5.389878897263436
SEQC_st4|rand_705	5.495400657791788
SEQC_st4|rand_706	5.2546293433453855
SEQC_st4|rand_707	4.618842974171344
SEQC_st4|rand_708	5.16275467244273
SEQC_st4|rand_709	4.966721445603694
SEQC_st4|rand_710	5.11599926169205
SEQC_st4|rand_711	4.947132585552752
SEQC_st4|rand_712	5.080883945648449
SEQC_st4|rand_713	4.880257463017587
SEQC_st4|rand_714	5.374041067472287
SEQC_st4|rand_715	5.657525177379966
SEQC_st4|rand_716	5.302202787053281
SEQC_st4|rand_717	5.339090618555435
SEQC_st4|rand_718	5.380165661937987
SEQC_st4|rand_719	5.414892099379109
SEQC_st4|rand_720	5.37285596650584
SEQC_st4|rand_721	5.526828260001474
SEQC_st4|rand_722	5.231158784408526
SEQC_st4|rand_723	4.775460787598181
SEQC_st4|rand_724	4.2932128584680544
SEQC_st4|rand_725	4.675085543516562
SEQC_st4|rand_726	5.296169263642229
SEQC_st4|rand_727	5.214898372871207
SEQC_st4|rand_728	5.364273707029055
SEQC_st4|rand_729	5.3091127427467235
SEQC_st4|rand_730	5.631885486268953
SEQC_st4|rand_731	5.486413558655181
SEQC_st4|rand_732	5.478996062325795
SEQC_st4|rand_733	5.130772284581936
SEQC_st4|rand_734	5.3751918733034785
SEQC_st4|rand_735	5.323061187781518
SEQC_st4|rand_736	4.976087019897232
SEQC_st4|rand_737	4.984107297097289
SEQC_st4|rand_738	5.40692044941877
SEQC_st4|rand_739	5.617288256166046
SEQC_st4|rand_740	5.64090908053973
SEQC_st4|rand_741	5.10627902515557
SEQC_st4|rand_742	5.569143138378134
SEQC_st4|rand_743	5.322245063708475
SEQC_st4|rand_744	5.334991535324242
SEQC_st4|rand_745	5.552495763193057
SEQC_st4|rand_746	5.470036394262787
SEQC_st4|rand_747	5.377585352543458
SEQC_st4|rand_748	5.712760967254163
SEQC_st4|rand_749	5.521721379215833
SEQC_st4|rand_750	5.238938166496053
SEQC_st4|rand_751	5.157290150148837
SEQC_st4|rand_752	4.98860388384535
SEQC_st4|rand_753	5.500790332487206
SEQC_st4|rand_754	5.347288888002937
SEQC_st4|rand_755	5.270530653055965
SEQC_st4|rand_756	5.186433322700852
SEQC_st4|rand_757	5.062645575257434
SEQC_st4|rand_758	5.2105115998613325
SEQC_st4|rand_759	5.255248406248354
SEQC_st4|rand_760	5.479816788402204
SEQC_st4|rand_761	5.4161617487959415
SEQC_st4|rand_762	5.161176384378051
SEQC_st4|rand_763	5.533116612121059
SEQC_st4|rand_764	5.052445019643258
SEQC_st4|rand_765	4.9451962623375225
SEQC_st4|rand_766	4.853892598717112
SEQC_st4|rand_767	5.37952983989027
SEQC_st4|rand_768	5.358150070326804
SEQC_st4|rand_769	5.47677832439791
SEQC_st4|rand_770	5.071411106629675
SEQC_st4|rand_771	5.384499289241354
SEQC_st4|rand_772	5.390733690539495
SEQC_st4|rand_773	5.26454369495016
SEQC_st4|rand_774	5.01959960373726
SEQC_st4|rand_775	5.115662548118808
SEQC_st4|rand_776	4.927614158392248
SEQC_st4|rand_777	5.549968859975609
SEQC_st4|rand_778	5.410226304175189
SEQC_st4|rand_779	5.633256764219481
SEQC_st4|rand_780	5.310264878734866
SEQC_st4|rand_781	5.818045666367988
SEQC_st4|rand_782	4.763422482856082
SEQC_st4|rand_783	5.083056319038292
SEQC_st4|rand_784	5.389598555337073
SEQC_st4|rand_785	5.421320285675581
SEQC_st4|rand_786	5.098079992530516
SEQC_st4|rand_787	4.875730313304832
SEQC_st4|rand_788	4.9975815089588345
SEQC_st4|rand_789	5.425206696347191
SEQC_st4|rand_790	4.705633888122981
SEQC_st4|rand_791	5.1617826617304905
SEQC_st4|rand_792	5.3646220795225865
SEQC_st4|rand_793	5.323330201062385
SEQC_st4|rand_794	5.256957435312664
SEQC_st4|rand_795	5.085092497681632
SEQC_st4|rand_796	5.284154208493954
SEQC_st4|rand_797	5.525246964273283
SEQC_st4|rand_798	5.476610688961366
SEQC_st4|rand_799	4.971304525895565
SEQC_st4|rand_800	4.998479468715316
SEQC_st4|rand_801	5.199695859173633
SEQC_st4|rand_802	5.0229248526441355
SEQC_st4|rand_803	5.260595825341912
SEQC_st4|rand_804	5.3319694275759275
SEQC_st4|rand_805	5.149378217330105
SEQC_st4|rand_806	4.682126517839379
SEQC_st4|rand_807	5.278496503606606
SEQC_st4|rand_808	5.141825200453121
SEQC_st4|rand_809	5.059497822463822
SEQC_st4|rand_810	4.970924561139556
SEQC_st4|rand_811	5.563853339785426
SEQC_st4|rand_812	5.306711026134685
SEQC_st4|rand_813	5.1279209054125205
SEQC_st4|rand_814	4.926001192558375
SEQC_st4|rand_815	5.3908512841313945
SEQC_st4|rand_816	5.332730514671023
SEQC_st4|rand_817	5.362095024091617
SEQC_st4|rand_818	5.467724790574384
SEQC_st4|rand_819	5.3916031055203995
SEQC_st4|rand_820	5.40896865732162
SEQC_st4|rand_821	5.5779927747463285
SEQC_st4|rand_822	5.07418283725314
SEQC_st4|rand_823	5.395301092245051
SEQC_st4|rand_824	4.640529188482004
SEQC_st4|rand_825	5.364037252148371
SEQC_st4|rand_826	5.4686305930586405
SEQC_st4|rand_827	5.029361943299782
SEQC_st4|rand_828	5.08483723481305
SEQC_st4|rand_829	5.1585816518147976
SEQC_st4|rand_830	5.264333885129634
SEQC_st4|rand_831	5.038710172638983
SEQC_st4|rand_832	4.664050276028556
SEQC_st4|rand_833	5.360475404500008
SEQC_st4|rand_834	5.327735486490517
SEQC_st4|rand_835	5.5634981416198785
SEQC_st4|rand_836	5.4015303197778675
SEQC_st4|rand_837	5.140342884032404
SEQC_st4|rand_838	5.460442333020682
SEQC_st4|rand_839	5.155042043531374
SEQC_st4|rand_840	5.381893773585267
SEQC_st4|rand_841	4.7749329375279
SEQC_st4|rand_842	5.542566174251699
SEQC_st4|rand_843	5.452482398557791
SEQC_st4|rand_844	5.122757082964837
SEQC_st4|rand_845	5.286281107338256
SEQC_st4|rand_846	5.346516952635801
SEQC_st4|rand_847	4.5449091891133415
SEQC_st4|rand_848	5.074777897189288
SEQC_st4|rand_849	4.785843326825733
SEQC_st4|rand_850	4.911401134176388
SEQC_st4|rand_851	5.221688150751771
SEQC_st4|rand_852	5.136738854881477
SEQC_st4|rand_853	5.337939338356221
SEQC_st4|rand_854	5.16412492816682
SEQC_st4|rand_855	5.208968095613017
SEQC_st4|rand_856	4.833323453616812
SEQC_st4|rand_857	4.991960277888112
SEQC_st4|rand_858	5.462402312614072
SEQC_st4|rand_859	5.344306241216169
SEQC_st4|rand_860	5.354239968750169
SEQC_st4|rand_861	5.294590005885545
SEQC_st4|rand_862	5.435549815799952
SEQC_st4|rand_863	5.324818368008338
SEQC_st4|rand_864	5.4327637417506685
SEQC_st4|rand_865	5.602946302794873
SEQC_st4|rand_866	4.519396087468979
SEQC_st4|rand_867	5.241817977307361
SEQC_st4|rand_868	5.540616135428002
SEQC_st4|rand_869	4.956183889381425
SEQC_st4|rand_870	5.0000147763174105
SEQC_st4|rand_871	5.398670543925574
SEQC_st4|rand_872	5.446322837462125
SEQC_st4|rand_873	5.37052686384824
SEQC_st4|rand_874	5.076300461933228
SEQC_st4|rand_875	5.233975222261577
SEQC_st4|rand_876	5.124024806553996
SEQC_st4|rand_877	5.319017596862468
SEQC_st4|rand_878	5.278235990696977
SEQC_st4|rand_879	5.410575812203719
SEQC_st4|rand_880	5.489307805650674
SEQC_st4|rand_881	5.282460305577158
SEQC_st4|rand_882	5.440502158128919
SEQC_st4|rand_883	5.262036488486345
SEQC_st4|rand_884	5.271232727785732
SEQC_st4|rand_885	4.872399541192878
SEQC_st4|rand_886	5.401586479390683
SEQC_st4|rand_887	5.007658360037581
SEQC_st4|rand_888	5.373920125148702
SEQC_st4|rand_889	5.069912660307685
SEQC_st4|rand_890	5.179290416643588
SEQC_st4|rand_891	5.357571709635072
SEQC_st4|rand_892	5.107021813539977
SEQC_st4|rand_893	5.478997582263501
SEQC_st4|rand_894	5.264750643660862
SEQC_st4|rand_895	5.116504669197572
SEQC_st4|rand_896	5.256164304775201
SEQC_st4|rand_897	5.464605846414849
SEQC_st4|rand_898	5.10280788834918
SEQC_st4|rand_899	5.34019893986469
SEQC_st4|rand_900	5.304013755149176
SEQC_st4|rand_901	5.544057728229569
SEQC_st4|rand_902	4.890274056173404
SEQC_st4|rand_903	5.533522441032219
SEQC_st4|rand_904	5.393345372313312
SEQC_st4|rand_905	5.123574611256525
SEQC_st4|rand_906	5.4207344258312
SEQC_st4|rand_907	5.43519632010022
SEQC_st4|rand_908	5.107140036686185
SEQC_st4|rand_909	4.9150230233018615
SEQC_st4|rand_910	5.321602327366086
SEQC_st4|rand_911	5.347548586998031
SEQC_st4|rand_912	5.194879938009074
SEQC_st4|rand_913	5.582982838368059
SEQC_st4|rand_914	5.449538105925966
SEQC_st4|rand_915	4.789516011940527
SEQC_st4|rand_916	5.343526841729289
SEQC_st4|rand_917	5.3536025400508525
SEQC_st4|rand_918	4.920272134974331
SEQC_st4|rand_919	5.241504103928946
SEQC_st4|rand_920	5.563436980987
SEQC_st4|rand_921	5.306958967171289
SEQC_st4|rand_922	5.269495255118774
SEQC_st4|rand_923	5.324448118177447
SEQC_st4|rand_924	5.1548166814472
SEQC_st4|rand_925	5.660025429382638
SEQC_st4|rand_926	5.119850778283414
SEQC_st4|rand_927	5.097805617900066
SEQC_st4|rand_928	4.985271484227713
SEQC_st4|rand_929	5.4478088543296375
SEQC_st4|rand_930	5.3797050463579
SEQC_st4|rand_931	5.008085988910303
SEQC_st4|rand_932	4.795984700706494
SEQC_st4|rand_933	5.129319004783382
SEQC_st4|rand_934	5.149588736937273
SEQC_st4|rand_935	5.244857053535694
SEQC_st4|rand_936	5.460018107420443
SEQC_st4|rand_937	5.021171377068759
SEQC_st4|rand_938	5.394498453048319
SEQC_st4|rand_939	5.250557448802763
SEQC_st4|rand_940	5.417227841928753
SEQC_st4|rand_941	5.338776900816781
SEQC_st4|rand_942	5.151814985629569
SEQC_st4|rand_943	5.583208039288229
SEQC_st4|rand_944	4.4054335538961835
SEQC_st4|rand_945	4.983550130731118
SEQC_st4|rand_946	5.441490476162069
SEQC_st4|rand_947	5.1205703552205195
SEQC_st4|rand_948	5.138398038334099
SEQC_st4|rand_949	5.502594135536095
SEQC_st4|rand_950	5.3191662011121705
SEQC_st4|rand_951	5.37787392532116
SEQC_st4|rand_952	5.118945618810945
SEQC_st4|rand_953	5.629388016604284
SEQC_st4|rand_954	5.178852286605668
SEQC_st4|rand_955	5.24680811603491
SEQC_st4|rand_956	5.332168602001443
SEQC_st4|rand_957	5.477184198842993
SEQC_st4|rand_958	5.5914851723288175
SEQC_st4|rand_959	4.947248879840923
SEQC_st4|rand_960	5.06916500265432
SEQC_st4|rand_961	5.1945196128455455
SEQC_st4|rand_962	5.423797063596647
SEQC_st4|rand_963	5.296831703234146
SEQC_st4|rand_964	5.357225646116882
SEQC_st4|rand_965	5.286303404266767
SEQC_st4|rand_966	4.941207039512578
SEQC_st4|rand_967	5.128564829017205
SEQC_st4|rand_968	5.370370435083539
SEQC_st4|rand_969	5.465895409322591
SEQC_st4|rand_970	4.929862560067143
SEQC_st4|rand_971	5.336618041686827
SEQC_st4|rand_972	5.429005418147885
SEQC_st4|rand_973	4.805114864716843
SEQC_st4|rand_974	5.401752881746676
SEQC_st4|rand_975	4.85182555782495
SEQC_st4|rand_976	5.4676185564561335
SEQC_st4|rand_977	5.310468304526238
SEQC_st4|rand_978	5.204701800877785
SEQC_st4|rand_979	5.516206393046332
SEQC_st4|rand_980	5.114525858999082
SEQC_st4|rand_981	5.529078362907909
SEQC_st4|rand_982	4.676682284626864
SEQC_st4|rand_983	5.511893158703182
SEQC_st4|rand_984	5.5772929095188175
SEQC_st4|rand_985	5.296103345662783
SEQC_st4|rand_986	5.382714501916656
SEQC_st4|rand_987	5.218648940170642
SEQC_st4|rand_988	4.854382586164267
SEQC_st4|rand_989	5.41414717368663
SEQC_st4|rand_990	5.57552178032121
SEQC_st4|rand_991	5.084355175109389
SEQC_st4|rand_992	4.647525499777962
SEQC_st4|rand_993	5.142051104238042
SEQC_st4|rand_994	5.188871889696942
SEQC_st4|rand_995	5.1849347696014085
SEQC_st4|rand_996	5.389923194989423
SEQC_st4|rand_997	5.1195954097928364
SEQC_st4|rand_998	5.354986186070993
SEQC_st4|rand_999	5.200404821047532
SEQC_st4|rand_1000	5.447686621061416
SEQC_st4s|rand_1	5.488322887347858
SEQC_st4s|rand_2	5.376374248129473
SEQC_st4s|rand_3	5.372013120627469
SEQC_st4s|rand_4	5.413178518726073
SEQC_st4s|rand_5	5.274309950737019
SEQC_st4s|rand_6	5.343035537438566
SEQC_st4s|rand_7	5.474130149216369
SEQC_st4s|rand_8	5.2945940292805975
SEQC_st4s|rand_9	5.000943247521789
SEQC_st4s|rand_10	5.323287303811746
SEQC_st4s|rand_11	4.977595937225159
SEQC_st4s|rand_12	5.525274909975982
SEQC_st4s|rand_13	5.334340501218064
SEQC_st4s|rand_14	5.35212779417769
SEQC_st4s|rand_15	4.993890040260812
SEQC_st4s|rand_16	5.230447653229752
SEQC_st4s|rand_17	5.2949978866994
SEQC_st4s|rand_18	5.365663153389282
SEQC_st4s|rand_19	5.213976650820798
SEQC_st4s|rand_20	5.105243087295168
SEQC_st4s|rand_21	5.2885228715020745
SEQC_st4s|rand_22	5.512625048270007
SEQC_st4s|rand_23	5.115511939004413
SEQC_st4s|rand_24	4.992046968701837
SEQC_st4s|rand_25	5.0588931964302715
SEQC_st4s|rand_26	5.3824165340484855
SEQC_st4s|rand_27	5.512900289382196
SEQC_st4s|rand_28	5.107829415158156
SEQC_st4s|rand_29	5.085336224999222
SEQC_st4s|rand_30	4.965506012624173
SEQC_st4s|rand_31	5.414384292042989
SEQC_st4s|rand_32	5.13776544524269
SEQC_st4s|rand_33	5.15637501355124
SEQC_st4s|rand_34	5.403920406323794
SEQC_st4s|rand_35	5.12401611895816
SEQC_st4s|rand_36	5.045056946827392
SEQC_st4s|rand_37	5.808460137705154
SEQC_st4s|rand_38	5.654441816241866
SEQC_st4s|rand_39	5.190317057612524
SEQC_st4s|rand_40	5.006176714097743
SEQC_st4s|rand_41	5.084722081706338
SEQC_st4s|rand_42	4.80291683295537
SEQC_st4s|rand_43	4.790010339380522
SEQC_st4s|rand_44	5.559759981476487
SEQC_st4s|rand_45	5.177518328304774
SEQC_st4s|rand_46	5.184497010564878
SEQC_st4s|rand_47	5.3635617732974215
SEQC_st4s|rand_48	5.638512789749366
SEQC_st4s|rand_49	5.000908688363789
SEQC_st4s|rand_50	5.20775529466997
SEQC_st4s|rand_51	5.0993279158475735
SEQC_st4s|rand_52	5.416400401986592
SEQC_st4s|rand_53	5.123199461377534
SEQC_st4s|rand_54	5.357254626136843
SEQC_st4s|rand_55	5.106326620209075
SEQC_st4s|rand_56	5.043824006470152
SEQC_st4s|rand_57	5.535845525425643
SEQC_st4s|rand_58	5.148000531437609
SEQC_st4s|rand_59	5.121555045809672
SEQC_st4s|rand_60	5.101123774822761
SEQC_st4s|rand_61	5.202117839160532
SEQC_st4s|rand_62	4.989099014855834
SEQC_st4s|rand_63	5.212363551229393
SEQC_st4s|rand_64	5.123582617911021
SEQC_st4s|rand_65	5.3847568164391655
SEQC_st4s|rand_66	5.409983904165651
SEQC_st4s|rand_67	5.176095724074405
SEQC_st4s|rand_68	5.510366992732156
SEQC_st4s|rand_69	5.395115457813678
SEQC_st4s|rand_70	5.428187571615879
SEQC_st4s|rand_71	5.404981275055007
SEQC_st4s|rand_72	5.202143592947563
SEQC_st4s|rand_73	5.164377152526669
SEQC_st4s|rand_74	5.202722024849563
SEQC_st4s|rand_75	5.301530353512017
SEQC_st4s|rand_76	5.307813937410946
SEQC_st4s|rand_77	4.900971043259352
SEQC_st4s|rand_78	5.2430035583865715
SEQC_st4s|rand_79	5.753250108905275
SEQC_st4s|rand_80	5.065984744166401
SEQC_st4s|rand_81	5.29600991874749
SEQC_st4s|rand_82	5.098602520217764
SEQC_st4s|rand_83	5.10176106521829
SEQC_st4s|rand_84	5.464547605342516
SEQC_st4s|rand_85	5.3650027369881155
SEQC_st4s|rand_86	5.255382130392621
SEQC_st4s|rand_87	5.173518369381019
SEQC_st4s|rand_88	4.942145892922823
SEQC_st4s|rand_89	5.018671868516934
SEQC_st4s|rand_90	5.637596870364969
SEQC_st4s|rand_91	5.34794240376627
SEQC_st4s|rand_92	5.188299525939161
SEQC_st4s|rand_93	5.063089335725515
SEQC_st4s|rand_94	5.11204880422782
SEQC_st4s|rand_95	5.338782689382992
SEQC_st4s|rand_96	5.178396024152004
SEQC_st4s|rand_97	4.872860709922617
SEQC_st4s|rand_98	5.25981514263695
SEQC_st4s|rand_99	5.194844418602881
SEQC_st4s|rand_100	5.102436124308392
SEQC_st4s|rand_101	5.3531384702858
SEQC_st4s|rand_102	5.0217084947749635
SEQC_st4s|rand_103	5.521219517110169
SEQC_st4s|rand_104	5.267136790684744
SEQC_st4s|rand_105	5.522571499283997
SEQC_st4s|rand_106	5.442320760329302
SEQC_st4s|rand_107	5.639108629477934
SEQC_st4s|rand_108	5.536255194516774
SEQC_st4s|rand_109	5.100733466449179
SEQC_st4s|rand_110	4.960594763922515
SEQC_st4s|rand_111	5.397866226721819
SEQC_st4s|rand_112	5.085757242325052
SEQC_st4s|rand_113	5.372307522545496
SEQC_st4s|rand_114	5.493360245934851
SEQC_st4s|rand_115	5.3610591911898675
SEQC_st4s|rand_116	5.230031432793698
SEQC_st4s|rand_117	5.186553732226609
SEQC_st4s|rand_118	5.1146469276070325
SEQC_st4s|rand_119	5.280797379813636
SEQC_st4s|rand_120	5.39386084071474
SEQC_st4s|rand_121	5.298777185741489
SEQC_st4s|rand_122	5.610460390191636
SEQC_st4s|rand_123	5.398594540134495
SEQC_st4s|rand_124	5.082880734118646
SEQC_st4s|rand_125	5.202344949355759
SEQC_st4s|rand_126	5.515777126503051
SEQC_st4s|rand_127	5.236926268580685
SEQC_st4s|rand_128	5.232068187218647
SEQC_st4s|rand_129	5.369279408384603
SEQC_st4s|rand_130	5.166178204733245
SEQC_st4s|rand_131	5.213210123347796
SEQC_st4s|rand_132	4.450049693925347
SEQC_st4s|rand_133	5.192359367383594
SEQC_st4s|rand_134	5.559116420478408
SEQC_st4s|rand_135	5.076013862501283
SEQC_st4s|rand_136	5.457687282605898
SEQC_st4s|rand_137	5.118627703101299
SEQC_st4s|rand_138	5.342217127983802
SEQC_st4s|rand_139	5.331149482328093
SEQC_st4s|rand_140	5.3111819750826115
SEQC_st4s|rand_141	5.446227269350537
SEQC_st4s|rand_142	5.21381521539209
SEQC_st4s|rand_143	5.218279673886274
SEQC_st4s|rand_144	4.822473803676065
SEQC_st4s|rand_145	5.287457335641902
SEQC_st4s|rand_146	5.504065461997579
SEQC_st4s|rand_147	5.303388209664289
SEQC_st4s|rand_148	5.265557136657444
SEQC_st4s|rand_149	4.940742200428256
SEQC_st4s|rand_150	4.992608964536622
SEQC_st4s|rand_151	5.306191516421763
SEQC_st4s|rand_152	5.111962971105973
SEQC_st4s|rand_153	5.33270962372763
SEQC_st4s|rand_154	5.315731970149275
SEQC_st4s|rand_155	5.372875375456497
SEQC_st4s|rand_156	5.239694450505467
SEQC_st4s|rand_157	5.569691375833327
SEQC_st4s|rand_158	5.508180121088835
SEQC_st4s|rand_159	5.075135871387846
SEQC_st4s|rand_160	4.616436792604299
SEQC_st4s|rand_161	5.430373922033891
SEQC_st4s|rand_162	5.277342208374755
SEQC_st4s|rand_163	5.373239144319774
SEQC_st4s|rand_164	5.393259662537922
SEQC_st4s|rand_165	5.250809293738548
SEQC_st4s|rand_166	4.451656745734191
SEQC_st4s|rand_167	5.409385621533083
SEQC_st4s|rand_168	5.528602910312352
SEQC_st4s|rand_169	5.572962071857021
SEQC_st4s|rand_170	4.5368915634009355
SEQC_st4s|rand_171	5.177377420773703
SEQC_st4s|rand_172	4.8329281712481835
SEQC_st4s|rand_173	5.134986500855289
SEQC_st4s|rand_174	5.159412880335633
SEQC_st4s|rand_175	5.438000659120271
SEQC_st4s|rand_176	5.249601713334942
SEQC_st4s|rand_177	5.448300821830061
SEQC_st4s|rand_178	5.162571122031567
SEQC_st4s|rand_179	4.759992426288997
SEQC_st4s|rand_180	5.275479540130064
SEQC_st4s|rand_181	5.24925448958208
SEQC_st4s|rand_182	5.358421440810661
SEQC_st4s|rand_183	5.348336251197477
SEQC_st4s|rand_184	5.1925768194369795
SEQC_st4s|rand_185	5.152480403693837
SEQC_st4s|rand_186	5.522339525392937
SEQC_st4s|rand_187	5.035555928488171
SEQC_st4s|rand_188	5.276923759313251
SEQC_st4s|rand_189	5.162211989997215
SEQC_st4s|rand_190	5.527978373456256
SEQC_st4s|rand_191	5.218405837127126
SEQC_st4s|rand_192	4.921882238735915
SEQC_st4s|rand_193	5.285586250758587
SEQC_st4s|rand_194	5.41458087336653
SEQC_st4s|rand_195	5.387519913249362
SEQC_st4s|rand_196	5.326945752713481
SEQC_st4s|rand_197	5.427314465195367
SEQC_st4s|rand_198	5.090716378365616
SEQC_st4s|rand_199	5.348120760779215
SEQC_st4s|rand_200	5.279183331526486
SEQC_st4s|rand_201	5.416413500665691
SEQC_st4s|rand_202	5.486844860666982
SEQC_st4s|rand_203	5.408126728663439
SEQC_st4s|rand_204	5.2582142349611765
SEQC_st4s|rand_205	5.473875213142922
SEQC_st4s|rand_206	5.009770306009097
SEQC_st4s|rand_207	5.340296343195171
SEQC_st4s|rand_208	5.456844301234505
SEQC_st4s|rand_209	5.088690641429283
SEQC_st4s|rand_210	5.252072213163596
SEQC_st4s|rand_211	5.153613167352007
SEQC_st4s|rand_212	5.437152915083715
SEQC_st4s|rand_213	5.495879965955516
SEQC_st4s|rand_214	5.4169515888921245
SEQC_st4s|rand_215	5.421801893432945
SEQC_st4s|rand_216	4.972227173378862
SEQC_st4s|rand_217	4.962562260780754
SEQC_st4s|rand_218	5.179410984007048
SEQC_st4s|rand_219	5.136580384406423
SEQC_st4s|rand_220	5.506867512424624
SEQC_st4s|rand_221	4.881200896813631
SEQC_st4s|rand_222	5.226805165001121
SEQC_st4s|rand_223	4.867474071122672
SEQC_st4s|rand_224	5.556098581408366
SEQC_st4s|rand_225	4.949902068410813
SEQC_st4s|rand_226	5.252018457251797
SEQC_st4s|rand_227	5.222059948563079
SEQC_st4s|rand_228	4.9732574250196135
SEQC_st4s|rand_229	5.1894695190454145
SEQC_st4s|rand_230	5.025103602121696
SEQC_st4s|rand_231	5.4630846292910356
SEQC_st4s|rand_232	5.66825943477138
SEQC_st4s|rand_233	5.1211882737483965
SEQC_st4s|rand_234	4.982946326106867
SEQC_st4s|rand_235	5.258738115032413
SEQC_st4s|rand_236	5.589719837839691
SEQC_st4s|rand_237	5.020069106336925
SEQC_st4s|rand_238	5.17104038719366
SEQC_st4s|rand_239	5.0974075082324575
SEQC_st4s|rand_240	5.138636854416844
SEQC_st4s|rand_241	5.314880899180731
SEQC_st4s|rand_242	5.154859799248596
SEQC_st4s|rand_243	5.224936122441457
SEQC_st4s|rand_244	5.409744887887644
SEQC_st4s|rand_245	5.1412964118552855
SEQC_st4s|rand_246	5.695785738712539
SEQC_st4s|rand_247	5.0353690097170825
SEQC_st4s|rand_248	5.149127432071239
SEQC_st4s|rand_249	5.256406111424815
SEQC_st4s|rand_250	5.327318677864934
SEQC_st4s|rand_251	5.338041490174837
SEQC_st4s|rand_252	5.120303916666992
SEQC_st4s|rand_253	4.885136638577668
SEQC_st4s|rand_254	5.4151903442560485
SEQC_st4s|rand_255	5.358987411073744
SEQC_st4s|rand_256	5.3443978965796815
SEQC_st4s|rand_257	4.7858654351973735
SEQC_st4s|rand_258	5.27096797324324
SEQC_st4s|rand_259	5.319812694079689
SEQC_st4s|rand_260	5.182315236083954
SEQC_st4s|rand_261	5.507014699512542
SEQC_st4s|rand_262	5.171067874893629
SEQC_st4s|rand_263	5.557026433867618
SEQC_st4s|rand_264	5.4922904511637265
SEQC_st4s|rand_265	5.075995825148785
SEQC_st4s|rand_266	5.25218319612897
SEQC_st4s|rand_267	5.079126070183181
SEQC_st4s|rand_268	5.024362119935182
SEQC_st4s|rand_269	5.571148247052247
SEQC_st4s|rand_270	5.104700476830571
SEQC_st4s|rand_271	5.432658856468409
SEQC_st4s|rand_272	5.408177028095661
SEQC_st4s|rand_273	5.555430654944369
SEQC_st4s|rand_274	5.097219943929155
SEQC_st4s|rand_275	5.432646121382189
SEQC_st4s|rand_276	5.429128576437197
SEQC_st4s|rand_277	5.455507674101245
SEQC_st4s|rand_278	5.586986543126513
SEQC_st4s|rand_279	5.461630563386316
SEQC_st4s|rand_280	5.092375513863859
SEQC_st4s|rand_281	5.23544998989516
SEQC_st4s|rand_282	5.2620625970721955
SEQC_st4s|rand_283	5.061084745694955
SEQC_st4s|rand_284	5.191242129526917
SEQC_st4s|rand_285	5.174680970122275
SEQC_st4s|rand_286	5.136003951184976
SEQC_st4s|rand_287	5.34876938104662
SEQC_st4s|rand_288	5.422151713792889
SEQC_st4s|rand_289	5.367760545013674
SEQC_st4s|rand_290	5.393500764175104
SEQC_st4s|rand_291	5.280507890283115
SEQC_st4s|rand_292	5.357269237345842
SEQC_st4s|rand_293	4.982057074703711
SEQC_st4s|rand_294	5.348713918675652
SEQC_st4s|rand_295	5.01616183449036
SEQC_st4s|rand_296	5.448376010456824
SEQC_st4s|rand_297	5.559270067714306
SEQC_st4s|rand_298	4.9071674315489044
SEQC_st4s|rand_299	5.351833767103204
SEQC_st4s|rand_300	5.226147041040354
SEQC_st4s|rand_301	5.269306760630129
SEQC_st4s|rand_302	5.063500947228418
SEQC_st4s|rand_303	4.883977532126609
SEQC_st4s|rand_304	5.337463112880376
SEQC_st4s|rand_305	5.284597102973015
SEQC_st4s|rand_306	5.278026124155388
SEQC_st4s|rand_307	5.125973991553522
SEQC_st4s|rand_308	5.151168258823668
SEQC_st4s|rand_309	5.010090162127443
SEQC_st4s|rand_310	5.421501627454695
SEQC_st4s|rand_311	5.564910796248956
SEQC_st4s|rand_312	5.358258027592948
SEQC_st4s|rand_313	4.954344616187099
SEQC_st4s|rand_314	5.235470228648413
SEQC_st4s|rand_315	5.318408594881648
SEQC_st4s|rand_316	5.059698516602452
SEQC_st4s|rand_317	5.515630590059077
SEQC_st4s|rand_318	5.499981136620177
SEQC_st4s|rand_319	4.877634859570673
SEQC_st4s|rand_320	5.361365112052134
SEQC_st4s|rand_321	5.170058835813028
SEQC_st4s|rand_322	5.364647295809847
SEQC_st4s|rand_323	5.300301148575217
SEQC_st4s|rand_324	5.243660822344607
SEQC_st4s|rand_325	5.433259793226776
SEQC_st4s|rand_326	5.263445592672625
SEQC_st4s|rand_327	5.244855465086418
SEQC_st4s|rand_328	5.170390689228357
SEQC_st4s|rand_329	5.35630446301934
SEQC_st4s|rand_330	4.9160410941836545
SEQC_st4s|rand_331	5.173710160606131
SEQC_st4s|rand_332	5.5393098509956
SEQC_st4s|rand_333	5.54875039026436
SEQC_st4s|rand_334	4.6929789312593755
SEQC_st4s|rand_335	5.24108266196096
SEQC_st4s|rand_336	5.40433197101557
SEQC_st4s|rand_337	5.116668535302475
SEQC_st4s|rand_338	5.207842635521378
SEQC_st4s|rand_339	5.492427465492582
SEQC_st4s|rand_340	5.6348959906206355
SEQC_st4s|rand_341	5.51023486196709
SEQC_st4s|rand_342	5.2480175827071776
SEQC_st4s|rand_343	5.0590527075129845
SEQC_st4s|rand_344	5.294881347644639
SEQC_st4s|rand_345	5.3877720045856154
SEQC_st4s|rand_346	5.558004849675585
SEQC_st4s|rand_347	5.425812042254695
SEQC_st4s|rand_348	5.257812779351059
SEQC_st4s|rand_349	5.36899469251138
SEQC_st4s|rand_350	5.125595536638791
SEQC_st4s|rand_351	5.431577642039049
SEQC_st4s|rand_352	5.728037971041177
SEQC_st4s|rand_353	5.21814285814385
SEQC_st4s|rand_354	4.966887294155662
SEQC_st4s|rand_355	5.689209010549459
SEQC_st4s|rand_356	5.57976834980277
SEQC_st4s|rand_357	5.425598624098323
SEQC_st4s|rand_358	5.750472109708325
SEQC_st4s|rand_359	5.636536341176115
SEQC_st4s|rand_360	5.433845285213323
SEQC_st4s|rand_361	5.318109753856292
SEQC_st4s|rand_362	5.34862963643589
SEQC_st4s|rand_363	4.821098528278361
SEQC_st4s|rand_364	5.3786493370798745
SEQC_st4s|rand_365	5.501517410676539
SEQC_st4s|rand_366	5.215782360430258
SEQC_st4s|rand_367	5.620010868859902
SEQC_st4s|rand_368	4.762409073013088
SEQC_st4s|rand_369	5.410981280153082
SEQC_st4s|rand_370	5.3277485764145265
SEQC_st4s|rand_371	5.536911980437997
SEQC_st4s|rand_372	5.557777334602442
SEQC_st4s|rand_373	5.381567424882722
SEQC_st4s|rand_374	5.523422342370654
SEQC_st4s|rand_375	5.419572716078626
SEQC_st4s|rand_376	5.480106032026902
SEQC_st4s|rand_377	5.151513911230721
SEQC_st4s|rand_378	5.369348489871033
SEQC_st4s|rand_379	5.262480998043751
SEQC_st4s|rand_380	4.770927710298956
SEQC_st4s|rand_381	4.325609229830521
SEQC_st4s|rand_382	5.039640261270762
SEQC_st4s|rand_383	5.115401248371135
SEQC_st4s|rand_384	4.887864617308316
SEQC_st4s|rand_385	5.2489318846511
SEQC_st4s|rand_386	4.75168103451858
SEQC_st4s|rand_387	5.285848708640966
SEQC_st4s|rand_388	5.081561206047079
SEQC_st4s|rand_389	5.080396506013579
SEQC_st4s|rand_390	5.3808031552696125
SEQC_st4s|rand_391	5.639033033241227
SEQC_st4s|rand_392	4.938599297026606
SEQC_st4s|rand_393	5.103648811161885
SEQC_st4s|rand_394	5.098685347728093
SEQC_st4s|rand_395	4.875685809485741
SEQC_st4s|rand_396	4.789716611020778
SEQC_st4s|rand_397	5.24747616230891
SEQC_st4s|rand_398	4.95553809690879
SEQC_st4s|rand_399	5.7857827160754365
SEQC_st4s|rand_400	5.664867090208495
SEQC_st4s|rand_401	5.662357263308734
SEQC_st4s|rand_402	5.61325993778628
SEQC_st4s|rand_403	5.5271908023502005
SEQC_st4s|rand_404	5.132657371600308
SEQC_st4s|rand_405	5.676589584030145
SEQC_st4s|rand_406	5.3756312934972925
SEQC_st4s|rand_407	5.4504649251465
SEQC_st4s|rand_408	5.2850642436773025
SEQC_st4s|rand_409	5.0924009507473995
SEQC_st4s|rand_410	5.084597655894253
SEQC_st4s|rand_411	5.394853537348989
SEQC_st4s|rand_412	4.597803753760029
SEQC_st4s|rand_413	5.191393948182901
SEQC_st4s|rand_414	4.810631769214921
SEQC_st4s|rand_415	5.457335573985765
SEQC_st4s|rand_416	5.095257874128015
SEQC_st4s|rand_417	5.510099319707248
SEQC_st4s|rand_418	5.158530213497975
SEQC_st4s|rand_419	5.099325064662293
SEQC_st4s|rand_420	5.12023855825351
SEQC_st4s|rand_421	5.2427250110789085
SEQC_st4s|rand_422	4.900358078354597
SEQC_st4s|rand_423	5.433434517149442
SEQC_st4s|rand_424	5.359203685615139
SEQC_st4s|rand_425	5.284389252059614
SEQC_st4s|rand_426	5.144875104080096
SEQC_st4s|rand_427	5.35067528245091
SEQC_st4s|rand_428	5.4332096205707225
SEQC_st4s|rand_429	5.3923017898588395
SEQC_st4s|rand_430	4.897224293800467
SEQC_st4s|rand_431	5.388265464819406
SEQC_st4s|rand_432	5.043582961587188
SEQC_st4s|rand_433	5.500005251970099
SEQC_st4s|rand_434	5.3904438851037915
SEQC_st4s|rand_435	4.97123414137477
SEQC_st4s|rand_436	5.09727324560902
SEQC_st4s|rand_437	5.4350584817888254
SEQC_st4s|rand_438	5.5308681459246465
SEQC_st4s|rand_439	5.389170709802984
SEQC_st4s|rand_440	5.1494568959113955
SEQC_st4s|rand_441	5.320986556458677
SEQC_st4s|rand_442	5.111773813231883
SEQC_st4s|rand_443	5.260875465129465
SEQC_st4s|rand_444	5.377158801281375
SEQC_st4s|rand_445	5.136472882738775
SEQC_st4s|rand_446	5.144656297593363
SEQC_st4s|rand_447	5.048003227948507
SEQC_st4s|rand_448	4.776160739217533
SEQC_st4s|rand_449	5.265887243138631
SEQC_st4s|rand_450	5.397918847758097
SEQC_st4s|rand_451	5.255486329140826
SEQC_st4s|rand_452	5.191703150320903
SEQC_st4s|rand_453	4.619423881676777
SEQC_st4s|rand_454	5.228701853370137
SEQC_st4s|rand_455	5.352875616239257
SEQC_st4s|rand_456	4.982842374452503
SEQC_st4s|rand_457	5.249860918922583
SEQC_st4s|rand_458	5.1411430766679835
SEQC_st4s|rand_459	5.177306527544016
SEQC_st4s|rand_460	5.357957048921555
SEQC_st4s|rand_461	5.247869538185621
SEQC_st4s|rand_462	5.520070546488146
SEQC_st4s|rand_463	4.992076716236757
SEQC_st4s|rand_464	5.171601053588839
SEQC_st4s|rand_465	4.883730462168876
SEQC_st4s|rand_466	5.491046681895289
SEQC_st4s|rand_467	5.198174498487794
SEQC_st4s|rand_468	5.10063810739413
SEQC_st4s|rand_469	5.2156617760995045
SEQC_st4s|rand_470	5.433016676262226
SEQC_st4s|rand_471	5.256837528991739
SEQC_st4s|rand_472	5.02293500965033
SEQC_st4s|rand_473	5.2157075925027545
SEQC_st4s|rand_474	5.156524307589107
SEQC_st4s|rand_475	5.353786519986233
SEQC_st4s|rand_476	5.175694365241054
SEQC_st4s|rand_477	5.686458498449188
SEQC_st4s|rand_478	5.436246948993345
SEQC_st4s|rand_479	5.270545650405824
SEQC_st4s|rand_480	5.054190274994222
SEQC_st4s|rand_481	5.108064024356026
SEQC_st4s|rand_482	5.075141584697059
SEQC_st4s|rand_483	5.0631058764734185
SEQC_st4s|rand_484	5.327465507703182
SEQC_st4s|rand_485	5.137420122301071
SEQC_st4s|rand_486	5.136883506316631
SEQC_st4s|rand_487	5.28910018535564
SEQC_st4s|rand_488	4.900124594036133
SEQC_st4s|rand_489	5.493355344122702
SEQC_st4s|rand_490	5.493422439106828
SEQC_st4s|rand_491	5.531772993201025
SEQC_st4s|rand_492	5.600811313232404
SEQC_st4s|rand_493	5.102637851778625
SEQC_st4s|rand_494	5.3282978536804615
SEQC_st4s|rand_495	5.219191125322424
SEQC_st4s|rand_496	5.555048069685869
SEQC_st4s|rand_497	4.7953489953893875
SEQC_st4s|rand_498	5.373668225055337
SEQC_st4s|rand_499	4.6354837717636395
SEQC_st4s|rand_500	5.098307087054608
SEQC_st4s|rand_501	5.168521150643043
SEQC_st4s|rand_502	4.79033553225943
SEQC_st4s|rand_503	5.20609434018694
SEQC_st4s|rand_504	5.535690884343534
SEQC_st4s|rand_505	5.65804668487591
SEQC_st4s|rand_506	5.189480906507584
SEQC_st4s|rand_507	5.515380397004331
SEQC_st4s|rand_508	5.529943811085302
SEQC_st4s|rand_509	5.197280685191629
SEQC_st4s|rand_510	5.567269113466282
SEQC_st4s|rand_511	5.306082684616239
SEQC_st4s|rand_512	5.018266416517621
SEQC_st4s|rand_513	5.17703587857035
SEQC_st4s|rand_514	4.584946432727304
SEQC_st4s|rand_515	5.394449989127615
SEQC_st4s|rand_516	5.16694794459885
SEQC_st4s|rand_517	5.679797375651007
SEQC_st4s|rand_518	5.287644943830606
SEQC_st4s|rand_519	5.022784612366229
SEQC_st4s|rand_520	4.928532690174836
SEQC_st4s|rand_521	5.701802112795016
SEQC_st4s|rand_522	5.51822398978004
SEQC_st4s|rand_523	4.784628708757895
SEQC_st4s|rand_524	5.152650508734618
SEQC_st4s|rand_525	5.41210875116061
SEQC_st4s|rand_526	5.545478777619919
SEQC_st4s|rand_527	5.398880711910162
SEQC_st4s|rand_528	5.563581393801246
SEQC_st4s|rand_529	5.338774958048214
SEQC_st4s|rand_530	5.29260352187635
SEQC_st4s|rand_531	5.330487122734449
SEQC_st4s|rand_532	4.94704122873668
SEQC_st4s|rand_533	5.248759015157973
SEQC_st4s|rand_534	5.028421071662805
SEQC_st4s|rand_535	5.17359476850902
SEQC_st4s|rand_536	5.461192681935953
SEQC_st4s|rand_537	5.034754278770561
SEQC_st4s|rand_538	5.066745439872487
SEQC_st4s|rand_539	5.297155033225655
SEQC_st4s|rand_540	5.074999412733746
SEQC_st4s|rand_541	5.415624310508744
SEQC_st4s|rand_542	5.1948032293598
SEQC_st4s|rand_543	5.179223744192851
SEQC_st4s|rand_544	4.594785027540137
SEQC_st4s|rand_545	5.277403586380083
SEQC_st4s|rand_546	5.179049313841985
SEQC_st4s|rand_547	5.276954860784365
SEQC_st4s|rand_548	5.3795684551398635
SEQC_st4s|rand_549	5.098175013522338
SEQC_st4s|rand_550	5.2763615822306855
SEQC_st4s|rand_551	5.398195507221429
SEQC_st4s|rand_552	4.740414801474878
SEQC_st4s|rand_553	5.475409374337726
SEQC_st4s|rand_554	5.401355772933259
SEQC_st4s|rand_555	5.039356158026523
SEQC_st4s|rand_556	5.407907072317521
SEQC_st4s|rand_557	5.035739907495382
SEQC_st4s|rand_558	5.323103626945524
SEQC_st4s|rand_559	5.136108335686155
SEQC_st4s|rand_560	5.183829900426561
SEQC_st4s|rand_561	5.2076777933038
SEQC_st4s|rand_562	5.328725964477821
SEQC_st4s|rand_563	5.2036180270777255
SEQC_st4s|rand_564	4.895430388586873
SEQC_st4s|rand_565	5.647892440956118
SEQC_st4s|rand_566	5.225758461061766
SEQC_st4s|rand_567	5.181584071490536
SEQC_st4s|rand_568	5.109902902609984
SEQC_st4s|rand_569	5.056571236052391
SEQC_st4s|rand_570	5.221831142906546
SEQC_st4s|rand_571	5.089659919622078
SEQC_st4s|rand_572	5.1198879800493495
SEQC_st4s|rand_573	4.647367835236524
SEQC_st4s|rand_574	5.221437069062791
SEQC_st4s|rand_575	5.250743126035371
SEQC_st4s|rand_576	5.3137711821045315
SEQC_st4s|rand_577	5.302385404167634
SEQC_st4s|rand_578	5.136818859389916
SEQC_st4s|rand_579	5.187565867274009
SEQC_st4s|rand_580	5.556902988941783
SEQC_st4s|rand_581	5.302722984496448
SEQC_st4s|rand_582	5.255258136131734
SEQC_st4s|rand_583	4.990232935328735
SEQC_st4s|rand_584	5.223763463444159
SEQC_st4s|rand_585	5.303837514468412
SEQC_st4s|rand_586	5.2293950374085965
SEQC_st4s|rand_587	4.644650910874088
SEQC_st4s|rand_588	5.248181635489587
SEQC_st4s|rand_589	5.344734056323581
SEQC_st4s|rand_590	5.243909243048846
SEQC_st4s|rand_591	5.256375765394277
SEQC_st4s|rand_592	4.6264600430229255
SEQC_st4s|rand_593	4.870620326484159
SEQC_st4s|rand_594	5.144141541647533
SEQC_st4s|rand_595	4.965856586026116
SEQC_st4s|rand_596	5.553503954249896
SEQC_st4s|rand_597	5.415109367822242
SEQC_st4s|rand_598	5.577537962335945
SEQC_st4s|rand_599	5.132468970303039
SEQC_st4s|rand_600	5.3076066860285085
SEQC_st4s|rand_601	5.438323835873491
SEQC_st4s|rand_602	5.2234626834011095
SEQC_st4s|rand_603	5.33998700827955
SEQC_st4s|rand_604	5.095968971667021
SEQC_st4s|rand_605	5.096610100131369
SEQC_st4s|rand_606	5.5789639492884
SEQC_st4s|rand_607	5.299417973872128
SEQC_st4s|rand_608	5.357375940066454
SEQC_st4s|rand_609	5.388339458569128
SEQC_st4s|rand_610	5.386402163857136
SEQC_st4s|rand_611	4.903898884795851
SEQC_st4s|rand_612	5.387476443625673
SEQC_st4s|rand_613	5.403964090970164
SEQC_st4s|rand_614	4.987125295952301
SEQC_st4s|rand_615	5.309561864583588
SEQC_st4s|rand_616	5.474558647507823
SEQC_st4s|rand_617	5.16653151272496
SEQC_st4s|rand_618	5.706716301412824
SEQC_st4s|rand_619	5.357854971061001
SEQC_st4s|rand_620	5.195406344257575
SEQC_st4s|rand_621	5.39780438108117
SEQC_st4s|rand_622	5.016488338996942
SEQC_st4s|rand_623	5.414818197331589
SEQC_st4s|rand_624	5.5752770579419835
SEQC_st4s|rand_625	5.178258618580032
SEQC_st4s|rand_626	5.084116849558015
SEQC_st4s|rand_627	5.286932543015754
SEQC_st4s|rand_628	5.284677298067874
SEQC_st4s|rand_629	4.765002270934971
SEQC_st4s|rand_630	4.9246500917260745
SEQC_st4s|rand_631	4.964776635419204
SEQC_st4s|rand_632	5.463876472807476
SEQC_st4s|rand_633	5.348682668742324
SEQC_st4s|rand_634	5.474715282837012
SEQC_st4s|rand_635	5.027792623041232
SEQC_st4s|rand_636	5.260726027043745
SEQC_st4s|rand_637	5.240317024367791
SEQC_st4s|rand_638	4.969525357621851
SEQC_st4s|rand_639	5.2066921343937835
SEQC_st4s|rand_640	5.095443114468137
SEQC_st4s|rand_641	5.238265348407632
SEQC_st4s|rand_642	4.662525395619774
SEQC_st4s|rand_643	5.402251590694643
SEQC_st4s|rand_644	5.277192439576203
SEQC_st4s|rand_645	5.544430653601442
SEQC_st4s|rand_646	4.9359755038795265
SEQC_st4s|rand_647	5.33256199952412
SEQC_st4s|rand_648	5.402602076158901
SEQC_st4s|rand_649	5.597331938871342
SEQC_st4s|rand_650	5.293569907498835
SEQC_st4s|rand_651	5.311795772955039
SEQC_st4s|rand_652	5.09975607346528
SEQC_st4s|rand_653	5.308398020145691
SEQC_st4s|rand_654	5.432401506287
SEQC_st4s|rand_655	5.591419309536506
SEQC_st4s|rand_656	5.583083156738564
SEQC_st4s|rand_657	5.3323801934472925
SEQC_st4s|rand_658	5.295578361503041
SEQC_st4s|rand_659	5.42408015180651
SEQC_st4s|rand_660	5.249588238412064
SEQC_st4s|rand_661	4.862674985055846
SEQC_st4s|rand_662	5.40060526704092
SEQC_st4s|rand_663	5.756208143373982
SEQC_st4s|rand_664	5.487341790174731
SEQC_st4s|rand_665	5.148362938291054
SEQC_st4s|rand_666	4.873462843146182
SEQC_st4s|rand_667	5.22320041693024
SEQC_st4s|rand_668	5.366659609410137
SEQC_st4s|rand_669	5.178228331320034
SEQC_st4s|rand_670	5.088359967271605
SEQC_st4s|rand_671	5.359339623560211
SEQC_st4s|rand_672	5.459551192599704
SEQC_st4s|rand_673	5.344394167527759
SEQC_st4s|rand_674	5.179856995586974
SEQC_st4s|rand_675	5.194934754711106
SEQC_st4s|rand_676	5.355769832257997
SEQC_st4s|rand_677	5.168517286895177
SEQC_st4s|rand_678	5.258845534072312
SEQC_st4s|rand_679	5.616044965169933
SEQC_st4s|rand_680	5.791933170591222
SEQC_st4s|rand_681	5.3085193177674475
SEQC_st4s|rand_682	5.421395570394123
SEQC_st4s|rand_683	5.398848023412096
SEQC_st4s|rand_684	4.999060276090085
SEQC_st4s|rand_685	5.3007707183000905
SEQC_st4s|rand_686	5.184275506583715
SEQC_st4s|rand_687	4.987227586966603
SEQC_st4s|rand_688	4.963985612532331
SEQC_st4s|rand_689	5.323245408530712
SEQC_st4s|rand_690	5.3374952065753165
SEQC_st4s|rand_691	4.852280196417212
SEQC_st4s|rand_692	5.287889000066864
SEQC_st4s|rand_693	5.369904865909551
SEQC_st4s|rand_694	5.007185136661213
SEQC_st4s|rand_695	4.856452761285574
SEQC_st4s|rand_696	5.07885318250234
SEQC_st4s|rand_697	5.03960902012256
SEQC_st4s|rand_698	5.009347075476095
SEQC_st4s|rand_699	5.404191273414913
SEQC_st4s|rand_700	5.042014992376857
SEQC_st4s|rand_701	5.33847231038508
SEQC_st4s|rand_702	5.561921427131657
SEQC_st4s|rand_703	5.293311023133202
SEQC_st4s|rand_704	5.496852454175005
SEQC_st4s|rand_705	5.425415418351122
SEQC_st4s|rand_706	5.1946557095114105
SEQC_st4s|rand_707	5.101049603686252
SEQC_st4s|rand_708	5.111971676404415
SEQC_st4s|rand_709	5.026223096737341
SEQC_st4s|rand_710	5.469217306492596
SEQC_st4s|rand_711	5.081246643571534
SEQC_st4s|rand_712	4.712306954143185
SEQC_st4s|rand_713	4.836157311562645
SEQC_st4s|rand_714	5.452994846723565
SEQC_st4s|rand_715	5.779872185411119
SEQC_st4s|rand_716	5.415472804894272
SEQC_st4s|rand_717	5.299944754922824
SEQC_st4s|rand_718	5.313919710834581
SEQC_st4s|rand_719	5.29771187038394
SEQC_st4s|rand_720	5.526922612200469
SEQC_st4s|rand_721	5.2691612921126385
SEQC_st4s|rand_722	5.210926342632331
SEQC_st4s|rand_723	5.344891806227139
SEQC_st4s|rand_724	4.555053487663259
SEQC_st4s|rand_725	5.124504582981265
SEQC_st4s|rand_726	5.318054075611402
SEQC_st4s|rand_727	4.808578506043851
SEQC_st4s|rand_728	5.488048691903301
SEQC_st4s|rand_729	4.967155639502901
SEQC_st4s|rand_730	5.61970087304296
SEQC_st4s|rand_731	5.45849242560763
SEQC_st4s|rand_732	5.226948983255512
SEQC_st4s|rand_733	5.20246104426708
SEQC_st4s|rand_734	5.084762218194025
SEQC_st4s|rand_735	5.479725554396144
SEQC_st4s|rand_736	4.9122804871031125
SEQC_st4s|rand_737	5.061589281377109
SEQC_st4s|rand_738	5.326609259806154
SEQC_st4s|rand_739	5.594185631391065
SEQC_st4s|rand_740	5.656338398534405
SEQC_st4s|rand_741	5.466643793556543
SEQC_st4s|rand_742	5.415348733409877
SEQC_st4s|rand_743	4.990731301225591
SEQC_st4s|rand_744	5.446740859090423
SEQC_st4s|rand_745	5.597499715192338
SEQC_st4s|rand_746	5.573316276769095
SEQC_st4s|rand_747	5.654898533034517
SEQC_st4s|rand_748	5.493612912244624
SEQC_st4s|rand_749	5.4379218386593635
SEQC_st4s|rand_750	5.35771183750604
SEQC_st4s|rand_751	5.076521041479274
SEQC_st4s|rand_752	5.056489723722267
SEQC_st4s|rand_753	5.616858607547556
SEQC_st4s|rand_754	4.867914223112876
SEQC_st4s|rand_755	5.438343399694454
SEQC_st4s|rand_756	5.017954890406605
SEQC_st4s|rand_757	5.3609465822224935
SEQC_st4s|rand_758	5.152336594537068
SEQC_st4s|rand_759	5.278385261757592
SEQC_st4s|rand_760	5.298630832324882
SEQC_st4s|rand_761	5.320900728998383
SEQC_st4s|rand_762	5.17641720071245
SEQC_st4s|rand_763	5.0891007894836555
SEQC_st4s|rand_764	5.068882683246225
SEQC_st4s|rand_765	4.349514148939175
SEQC_st4s|rand_766	4.933769956919261
SEQC_st4s|rand_767	5.257633816499983
SEQC_st4s|rand_768	5.730263768505834
SEQC_st4s|rand_769	5.117970330680667
SEQC_st4s|rand_770	5.272306786984652
SEQC_st4s|rand_771	5.112667639354663
SEQC_st4s|rand_772	5.162838661435812
SEQC_st4s|rand_773	5.449008172345699
SEQC_st4s|rand_774	5.4196829319249265
SEQC_st4s|rand_775	5.346686677856132
SEQC_st4s|rand_776	4.7796595570217955
SEQC_st4s|rand_777	5.456885443930919
SEQC_st4s|rand_778	5.306409157658289
SEQC_st4s|rand_779	5.374468913856848
SEQC_st4s|rand_780	5.318862272973974
SEQC_st4s|rand_781	5.658659208355284
SEQC_st4s|rand_782	4.689627779045992
SEQC_st4s|rand_783	5.166705433577425
SEQC_st4s|rand_784	5.368681029855057
SEQC_st4s|rand_785	5.0787426816873
SEQC_st4s|rand_786	4.942085533650232
SEQC_st4s|rand_787	5.1427282626473465
SEQC_st4s|rand_788	4.8067833512321085
SEQC_st4s|rand_789	5.469924214019768
SEQC_st4s|rand_790	5.3176565611217566
SEQC_st4s|rand_791	5.078418032651617
SEQC_st4s|rand_792	5.30082426937489
SEQC_st4s|rand_793	5.228556963955845
SEQC_st4s|rand_794	5.166458712676299
SEQC_st4s|rand_795	5.305706146203421
SEQC_st4s|rand_796	5.517511247724683
SEQC_st4s|rand_797	5.3924801812530365
SEQC_st4s|rand_798	5.210783481022507
SEQC_st4s|rand_799	4.974751471267475
SEQC_st4s|rand_800	4.985419679401636
SEQC_st4s|rand_801	5.309458742168787
SEQC_st4s|rand_802	5.3355565245465115
SEQC_st4s|rand_803	5.062426655725439
SEQC_st4s|rand_804	5.45991313242532
SEQC_st4s|rand_805	5.30727628228361
SEQC_st4s|rand_806	4.971046374635152
SEQC_st4s|rand_807	5.390244257548541
SEQC_st4s|rand_808	5.380256814924249
SEQC_st4s|rand_809	4.872734610295456
SEQC_st4s|rand_810	5.048370127970967
SEQC_st4s|rand_811	4.9332421945705205
SEQC_st4s|rand_812	5.664016839971877
SEQC_st4s|rand_813	4.95318118495887
SEQC_st4s|rand_814	5.220950763362943
SEQC_st4s|rand_815	5.343178186969046
SEQC_st4s|rand_816	5.151611020712401
SEQC_st4s|rand_817	5.202193251498344
SEQC_st4s|rand_818	5.48044145985256
SEQC_st4s|rand_819	5.215260601573581
SEQC_st4s|rand_820	5.277472745649284
SEQC_st4s|rand_821	5.4767595712575465
SEQC_st4s|rand_822	5.107848775092447
SEQC_st4s|rand_823	5.125244133109312
SEQC_st4s|rand_824	4.9652384097680935
SEQC_st4s|rand_825	5.515659296480727
SEQC_st4s|rand_826	5.186447031412154
SEQC_st4s|rand_827	5.154533566130505
SEQC_st4s|rand_828	4.952146111907382
SEQC_st4s|rand_829	5.377911018355293
SEQC_st4s|rand_830	5.444267456493172
SEQC_st4s|rand_831	4.9661019241130075
SEQC_st4s|rand_832	5.107000991596804
SEQC_st4s|rand_833	5.460427521174324
SEQC_st4s|rand_834	5.318733237731667
SEQC_st4s|rand_835	5.151487386541879
SEQC_st4s|rand_836	4.996956239920963
SEQC_st4s|rand_837	5.230532798383592
SEQC_st4s|rand_838	5.210813204316334
SEQC_st4s|rand_839	5.343358964143597
SEQC_st4s|rand_840	5.0591884540067715
SEQC_st4s|rand_841	5.374509438926081
SEQC_st4s|rand_842	4.9333141178562725
SEQC_st4s|rand_843	5.297538501325384
SEQC_st4s|rand_844	5.1635599688729625
SEQC_st4s|rand_845	5.49432876309596
SEQC_st4s|rand_846	5.388450068510474
SEQC_st4s|rand_847	4.986077112365725
SEQC_st4s|rand_848	5.399703796296047
SEQC_st4s|rand_849	4.97233515405564
SEQC_st4s|rand_850	5.04204630786822
SEQC_st4s|rand_851	5.412249259853491
SEQC_st4s|rand_852	5.270050502236092
SEQC_st4s|rand_853	5.153713942137617
SEQC_st4s|rand_854	5.407016323515783
SEQC_st4s|rand_855	5.222414099225655
SEQC_st4s|rand_856	5.094356337918909
SEQC_st4s|rand_857	5.030868884337157
SEQC_st4s|rand_858	5.326555511656396
SEQC_st4s|rand_859	5.443134061855593
SEQC_st4s|rand_860	5.405220144182768
SEQC_st4s|rand_861	5.3340779787005586
SEQC_st4s|rand_862	5.452410142445743
SEQC_st4s|rand_863	5.157985676079297
SEQC_st4s|rand_864	5.340078773248448
SEQC_st4s|rand_865	5.3258168269132256
SEQC_st4s|rand_866	4.832695785135783
SEQC_st4s|rand_867	5.526210527362144
SEQC_st4s|rand_868	5.412248034754449
SEQC_st4s|rand_869	5.382743850960682
SEQC_st4s|rand_870	4.990296803227061
SEQC_st4s|rand_871	5.223730991478915
SEQC_st4s|rand_872	5.181086750537288
SEQC_st4s|rand_873	5.818901539145572
SEQC_st4s|rand_874	5.264711885446441
SEQC_st4s|rand_875	4.955592699506387
SEQC_st4s|rand_876	5.0676360547446135
SEQC_st4s|rand_877	5.287017399673137
SEQC_st4s|rand_878	5.132792698741508
SEQC_st4s|rand_879	4.836639249518316
SEQC_st4s|rand_880	5.261248081822517
SEQC_st4s|rand_881	5.449445109301392
SEQC_st4s|rand_882	5.385322443059396
SEQC_st4s|rand_883	5.137042049348038
SEQC_st4s|rand_884	5.021560880029883
SEQC_st4s|rand_885	5.117153265343821
SEQC_st4s|rand_886	5.268459293078963
SEQC_st4s|rand_887	5.254407657319559
SEQC_st4s|rand_888	5.432846299004491
SEQC_st4s|rand_889	5.255242126906988
SEQC_st4s|rand_890	4.614600645922921
SEQC_st4s|rand_891	5.380830403852557
SEQC_st4s|rand_892	5.032963589047542
SEQC_st4s|rand_893	5.250261917158585
SEQC_st4s|rand_894	5.044794691035173
SEQC_st4s|rand_895	4.728519863630235
SEQC_st4s|rand_896	5.420265458733723
SEQC_st4s|rand_897	5.435571124151593
SEQC_st4s|rand_898	4.945129009483443
SEQC_st4s|rand_899	5.523762503991784
SEQC_st4s|rand_900	5.2684335721332225
SEQC_st4s|rand_901	5.381997873726092
SEQC_st4s|rand_902	5.041976045448662
SEQC_st4s|rand_903	5.005176470794606
SEQC_st4s|rand_904	5.33651449596946
SEQC_st4s|rand_905	5.202886688864058
SEQC_st4s|rand_906	5.272695372177724
SEQC_st4s|rand_907	4.9166145294421275
SEQC_st4s|rand_908	4.51222795964312
SEQC_st4s|rand_909	5.100875787972243
SEQC_st4s|rand_910	5.441300846328666
SEQC_st4s|rand_911	5.241274488727809
SEQC_st4s|rand_912	5.017122080127597
SEQC_st4s|rand_913	5.029501046784653
SEQC_st4s|rand_914	5.544708448585669
SEQC_st4s|rand_915	4.871189131692628
SEQC_st4s|rand_916	5.433866404645236
SEQC_st4s|rand_917	4.807114477256643
SEQC_st4s|rand_918	4.910172088419931
SEQC_st4s|rand_919	5.057131424459411
SEQC_st4s|rand_920	5.680388300466318
SEQC_st4s|rand_921	5.404141988326432
SEQC_st4s|rand_922	5.14812343180308
SEQC_st4s|rand_923	5.33548463581829
SEQC_st4s|rand_924	5.0892283224169255
SEQC_st4s|rand_925	5.489628543406587
SEQC_st4s|rand_926	5.066875473399761
SEQC_st4s|rand_927	5.088475208340589
SEQC_st4s|rand_928	5.183184805592401
SEQC_st4s|rand_929	5.259985577674376
SEQC_st4s|rand_930	5.541140001785092
SEQC_st4s|rand_931	5.367189343909574
SEQC_st4s|rand_932	5.307547750968398
SEQC_st4s|rand_933	5.035062403120885
SEQC_st4s|rand_934	5.325918104801066
SEQC_st4s|rand_935	5.295359740506041
SEQC_st4s|rand_936	5.735276878682874
SEQC_st4s|rand_937	5.226349322775445
SEQC_st4s|rand_938	5.48527990613863
SEQC_st4s|rand_939	5.473317958259728
SEQC_st4s|rand_940	5.428549778758083
SEQC_st4s|rand_941	5.404584222195284
SEQC_st4s|rand_942	5.147042586798954
SEQC_st4s|rand_943	5.5677721703586585
SEQC_st4s|rand_944	4.993401597771574
SEQC_st4s|rand_945	5.1886846065796
SEQC_st4s|rand_946	5.443310011384466
SEQC_st4s|rand_947	5.3159979747803305
SEQC_st4s|rand_948	5.246296016484255
SEQC_st4s|rand_949	5.237031917027964
SEQC_st4s|rand_950	5.327713961596541
SEQC_st4s|rand_951	5.415232453309694
SEQC_st4s|rand_952	5.131617255567384
SEQC_st4s|rand_953	5.3863293430226715
SEQC_st4s|rand_954	5.337559160825977
SEQC_st4s|rand_955	5.148547008674633
SEQC_st4s|rand_956	5.296947466763427
SEQC_st4s|rand_957	5.238365059284596
SEQC_st4s|rand_958	5.343484203953854
SEQC_st4s|rand_959	5.666560907843871
SEQC_st4s|rand_960	5.207013453602564
SEQC_st4s|rand_961	4.857148738692365
SEQC_st4s|rand_962	5.484112163862353
SEQC_st4s|rand_963	5.225360355738448
SEQC_st4s|rand_964	5.366587488041484
SEQC_st4s|rand_965	5.57387564612458
SEQC_st4s|rand_966	5.123381243430324
SEQC_st4s|rand_967	5.217186467242998
SEQC_st4s|rand_968	5.110783390551739
SEQC_st4s|rand_969	5.321295313374686
SEQC_st4s|rand_970	5.237820615006515
SEQC_st4s|rand_971	5.550944012797142
SEQC_st4s|rand_972	5.621005718264413
SEQC_st4s|rand_973	4.935775126064105
SEQC_st4s|rand_974	5.102742928166988
SEQC_st4s|rand_975	4.696373388586013
SEQC_st4s|rand_976	5.529190282278859
SEQC_st4s|rand_977	4.990921122628528
SEQC_st4s|rand_978	5.4276002956184115
SEQC_st4s|rand_979	5.4689156010696784
SEQC_st4s|rand_980	4.938338198091735
SEQC_st4s|rand_981	5.2452086907507205
SEQC_st4s|rand_982	5.1353200708107725
SEQC_st4s|rand_983	5.089565042873831
SEQC_st4s|rand_984	5.4210412744794025
SEQC_st4s|rand_985	5.204310991722878
SEQC_st4s|rand_986	5.186275781783707
SEQC_st4s|rand_987	4.754532991605336
SEQC_st4s|rand_988	5.078573223231024
SEQC_st4s|rand_989	5.260490481960946
SEQC_st4s|rand_990	5.539927574187485
SEQC_st4s|rand_991	4.971222972410737
SEQC_st4s|rand_992	5.0968410183047235
SEQC_st4s|rand_993	5.140361699937599
SEQC_st4s|rand_994	5.3354176036566985
SEQC_st4s|rand_995	5.41045834299747
SEQC_st4s|rand_996	5.143426760017516
SEQC_st4s|rand_997	5.049721188017772
SEQC_st4s|rand_998	5.152416219563699
SEQC_st4s|rand_999	5.20486880831054
SEQC_st4s|rand_1000	5.715565483871984
Kocak_st1|rand_1	4.714569749873627
Kocak_st1|rand_2	5.445416332960198
Kocak_st1|rand_3	5.076659978553385
Kocak_st1|rand_4	4.800902393538235
Kocak_st1|rand_5	5.206110669998908
Kocak_st1|rand_6	5.154954155783965
Kocak_st1|rand_7	4.994440868982501
Kocak_st1|rand_8	5.047742697769456
Kocak_st1|rand_9	4.770878254297528
Kocak_st1|rand_10	4.838661990944545
Kocak_st1|rand_11	5.164203275777677
Kocak_st1|rand_12	5.227694663602094
Kocak_st1|rand_13	5.1069690653643205
Kocak_st1|rand_14	5.11034738063868
Kocak_st1|rand_15	4.652894565967597
Kocak_st1|rand_16	5.071653254344701
Kocak_st1|rand_17	5.055640857859547
Kocak_st1|rand_18	5.364406478148703
Kocak_st1|rand_19	4.715559172289122
Kocak_st1|rand_20	4.762245735958002
Kocak_st1|rand_21	5.187637611909237
Kocak_st1|rand_22	4.975793855942967
Kocak_st1|rand_23	5.256049399519706
Kocak_st1|rand_24	4.891828661073929
Kocak_st1|rand_25	4.417449553261107
Kocak_st1|rand_26	5.0602975719832894
Kocak_st1|rand_27	5.171099984667937
Kocak_st1|rand_28	5.222203762420368
Kocak_st1|rand_29	5.140141978560246
Kocak_st1|rand_30	4.8142838582486664
Kocak_st1|rand_31	5.280701280468341
Kocak_st1|rand_32	4.900913991139769
Kocak_st1|rand_33	5.282920294587438
Kocak_st1|rand_34	5.102954194412411
Kocak_st1|rand_35	5.108507208328061
Kocak_st1|rand_36	5.031074960413405
Kocak_st1|rand_37	5.436519523147016
Kocak_st1|rand_38	5.295828850016415
Kocak_st1|rand_39	4.964281288317166
Kocak_st1|rand_40	4.764296749909052
Kocak_st1|rand_41	5.096026889434869
Kocak_st1|rand_42	5.166565923635474
Kocak_st1|rand_43	4.850042403660903
Kocak_st1|rand_44	4.972723414741501
Kocak_st1|rand_45	5.0302756532698405
Kocak_st1|rand_46	4.821298972762533
Kocak_st1|rand_47	5.012746225388198
Kocak_st1|rand_48	4.947649893764684
Kocak_st1|rand_49	5.210499373801102
Kocak_st1|rand_50	5.0953598209573165
Kocak_st1|rand_51	5.22461056458013
Kocak_st1|rand_52	5.441947399170071
Kocak_st1|rand_53	5.077176252181296
Kocak_st1|rand_54	5.02200979578034
Kocak_st1|rand_55	5.442588294744424
Kocak_st1|rand_56	4.752014615058595
Kocak_st1|rand_57	5.073531746665692
Kocak_st1|rand_58	4.987816689295644
Kocak_st1|rand_59	4.947639680009313
Kocak_st1|rand_60	5.096802096892921
Kocak_st1|rand_61	4.973699173037311
Kocak_st1|rand_62	4.933035063731058
Kocak_st1|rand_63	5.114547531327869
Kocak_st1|rand_64	5.065956559141886
Kocak_st1|rand_65	5.311010611967629
Kocak_st1|rand_66	5.121687036309299
Kocak_st1|rand_67	5.193220974834938
Kocak_st1|rand_68	5.138690566131137
Kocak_st1|rand_69	5.191704479534662
Kocak_st1|rand_70	5.0750217577449845
Kocak_st1|rand_71	5.323117278491594
Kocak_st1|rand_72	5.247017813883236
Kocak_st1|rand_73	4.9328570149939965
Kocak_st1|rand_74	4.973152780100606
Kocak_st1|rand_75	5.087028618274388
Kocak_st1|rand_76	4.889986431457646
Kocak_st1|rand_77	5.165945260857017
Kocak_st1|rand_78	4.860966851126704
Kocak_st1|rand_79	5.420503438235274
Kocak_st1|rand_80	5.140447839628427
Kocak_st1|rand_81	4.8296767703467625
Kocak_st1|rand_82	5.142454953256716
Kocak_st1|rand_83	5.474193454302604
Kocak_st1|rand_84	5.161675536290126
Kocak_st1|rand_85	4.964876911099448
Kocak_st1|rand_86	5.029112608277738
Kocak_st1|rand_87	5.026088515373438
Kocak_st1|rand_88	5.270608259334051
Kocak_st1|rand_89	5.252162583150479
Kocak_st1|rand_90	4.886086846059681
Kocak_st1|rand_91	5.103896500614627
Kocak_st1|rand_92	5.24705018941961
Kocak_st1|rand_93	4.9960817769468004
Kocak_st1|rand_94	5.32914292368766
Kocak_st1|rand_95	5.139499762990315
Kocak_st1|rand_96	4.81608881062589
Kocak_st1|rand_97	4.9185057266524375
Kocak_st1|rand_98	4.989363980147958
Kocak_st1|rand_99	5.171428421178423
Kocak_st1|rand_100	5.083202249081903
Kocak_st1|rand_101	5.224440887669273
Kocak_st1|rand_102	4.850281953221777
Kocak_st1|rand_103	5.011906484348522
Kocak_st1|rand_104	5.469720677801712
Kocak_st1|rand_105	5.254824558371788
Kocak_st1|rand_106	5.231616430577341
Kocak_st1|rand_107	5.047429035234391
Kocak_st1|rand_108	5.115772766446474
Kocak_st1|rand_109	5.063085845921746
Kocak_st1|rand_110	4.779763496025486
Kocak_st1|rand_111	5.204536489448273
Kocak_st1|rand_112	4.956382645007815
Kocak_st1|rand_113	5.304464164334652
Kocak_st1|rand_114	5.166856409279276
Kocak_st1|rand_115	5.024663082669518
Kocak_st1|rand_116	4.927879028919676
Kocak_st1|rand_117	5.114825968314231
Kocak_st1|rand_118	4.986488260181834
Kocak_st1|rand_119	5.205464054041927
Kocak_st1|rand_120	4.895176239852436
Kocak_st1|rand_121	5.184640643690393
Kocak_st1|rand_122	5.240446355614926
Kocak_st1|rand_123	5.308747098624361
Kocak_st1|rand_124	4.836700855306622
Kocak_st1|rand_125	4.419876255338287
Kocak_st1|rand_126	5.178110346935836
Kocak_st1|rand_127	5.139824213613355
Kocak_st1|rand_128	5.056095145684316
Kocak_st1|rand_129	5.135993138368869
Kocak_st1|rand_130	4.98479879994355
Kocak_st1|rand_131	5.056408588477428
Kocak_st1|rand_132	5.116433132324133
Kocak_st1|rand_133	5.318516935656601
Kocak_st1|rand_134	5.3269457482340865
Kocak_st1|rand_135	5.029696110743273
Kocak_st1|rand_136	5.320637457442889
Kocak_st1|rand_137	4.646926834060477
Kocak_st1|rand_138	5.101018837333135
Kocak_st1|rand_139	5.213672850344251
Kocak_st1|rand_140	5.166960035611392
Kocak_st1|rand_141	5.248390888146853
Kocak_st1|rand_142	5.389558255618628
Kocak_st1|rand_143	4.660132768345725
Kocak_st1|rand_144	4.99831024130597
Kocak_st1|rand_145	5.264282333118044
Kocak_st1|rand_146	5.203609858048049
Kocak_st1|rand_147	5.413966084202784
Kocak_st1|rand_148	5.1296471002997786
Kocak_st1|rand_149	5.1536004225890215
Kocak_st1|rand_150	5.026270760541417
Kocak_st1|rand_151	5.0820894687095315
Kocak_st1|rand_152	5.1830348188428585
Kocak_st1|rand_153	5.203495413296328
Kocak_st1|rand_154	5.098598397734442
Kocak_st1|rand_155	5.164812146124648
Kocak_st1|rand_156	5.16810576698813
Kocak_st1|rand_157	5.332756437964951
Kocak_st1|rand_158	5.150248782944053
Kocak_st1|rand_159	5.181125685206335
Kocak_st1|rand_160	4.964630291146485
Kocak_st1|rand_161	5.113953067653817
Kocak_st1|rand_162	5.119434029476873
Kocak_st1|rand_163	5.304589265034969
Kocak_st1|rand_164	5.185209936589412
Kocak_st1|rand_165	5.243202453944114
Kocak_st1|rand_166	5.087387897737508
Kocak_st1|rand_167	5.3676815612315165
Kocak_st1|rand_168	5.209790716074378
Kocak_st1|rand_169	5.197277816215712
Kocak_st1|rand_170	4.998469101168978
Kocak_st1|rand_171	4.9994928849809686
Kocak_st1|rand_172	4.948429502739626
Kocak_st1|rand_173	5.126728907202115
Kocak_st1|rand_174	5.001896102932468
Kocak_st1|rand_175	5.259832398349343
Kocak_st1|rand_176	5.096683716248148
Kocak_st1|rand_177	4.972704363903274
Kocak_st1|rand_178	5.2747154642538705
Kocak_st1|rand_179	4.963221620841391
Kocak_st1|rand_180	5.167143516328546
Kocak_st1|rand_181	5.107303633071695
Kocak_st1|rand_182	4.977730464520883
Kocak_st1|rand_183	5.2881833128590054
Kocak_st1|rand_184	4.971536144831762
Kocak_st1|rand_185	5.259439187152843
Kocak_st1|rand_186	5.20573633409596
Kocak_st1|rand_187	5.131810764736676
Kocak_st1|rand_188	5.169278740288334
Kocak_st1|rand_189	5.33782563531603
Kocak_st1|rand_190	5.221631871419386
Kocak_st1|rand_191	5.031988629220999
Kocak_st1|rand_192	5.009226200468331
Kocak_st1|rand_193	5.130094455038468
Kocak_st1|rand_194	4.927861715255612
Kocak_st1|rand_195	4.805408143402778
Kocak_st1|rand_196	5.006300759113518
Kocak_st1|rand_197	5.168064337726421
Kocak_st1|rand_198	5.18250669857681
Kocak_st1|rand_199	5.264713507703087
Kocak_st1|rand_200	4.982548601367598
Kocak_st1|rand_201	5.033527022666945
Kocak_st1|rand_202	4.952149382125676
Kocak_st1|rand_203	5.21525699292191
Kocak_st1|rand_204	4.776497036840168
Kocak_st1|rand_205	5.019014784826609
Kocak_st1|rand_206	5.100946179363222
Kocak_st1|rand_207	5.287182759794191
Kocak_st1|rand_208	5.417171888311497
Kocak_st1|rand_209	5.1819617993497475
Kocak_st1|rand_210	4.987974322743041
Kocak_st1|rand_211	5.1664786897408606
Kocak_st1|rand_212	5.270633782594095
Kocak_st1|rand_213	5.165488381024617
Kocak_st1|rand_214	4.979863035756912
Kocak_st1|rand_215	5.06528949462111
Kocak_st1|rand_216	5.018328216535312
Kocak_st1|rand_217	4.893736898757685
Kocak_st1|rand_218	5.1373421970789135
Kocak_st1|rand_219	5.152502449422848
Kocak_st1|rand_220	5.313701206004827
Kocak_st1|rand_221	4.808096625456818
Kocak_st1|rand_222	5.007758633321604
Kocak_st1|rand_223	4.981872899763647
Kocak_st1|rand_224	5.253127788508392
Kocak_st1|rand_225	4.9272806248238865
Kocak_st1|rand_226	5.129178876246094
Kocak_st1|rand_227	5.209377308022281
Kocak_st1|rand_228	4.942508122636589
Kocak_st1|rand_229	5.224935662512942
Kocak_st1|rand_230	5.031507087647615
Kocak_st1|rand_231	5.116332003115377
Kocak_st1|rand_232	5.15648602247711
Kocak_st1|rand_233	5.022838014862035
Kocak_st1|rand_234	5.0446960051864265
Kocak_st1|rand_235	5.101330360648285
Kocak_st1|rand_236	5.407807500283481
Kocak_st1|rand_237	5.15236062811382
Kocak_st1|rand_238	5.041237650876067
Kocak_st1|rand_239	5.160319087989502
Kocak_st1|rand_240	5.348093562943297
Kocak_st1|rand_241	5.112447399387749
Kocak_st1|rand_242	4.978344106560934
Kocak_st1|rand_243	5.0651308834305695
Kocak_st1|rand_244	4.8946849040308
Kocak_st1|rand_245	4.919819477905563
Kocak_st1|rand_246	5.0135972270102735
Kocak_st1|rand_247	5.025303049547292
Kocak_st1|rand_248	4.887689450755385
Kocak_st1|rand_249	5.334480728399587
Kocak_st1|rand_250	5.1262253053395055
Kocak_st1|rand_251	5.32693756498695
Kocak_st1|rand_252	4.801822440682111
Kocak_st1|rand_253	5.039036578356708
Kocak_st1|rand_254	5.135904664119239
Kocak_st1|rand_255	5.009422722696328
Kocak_st1|rand_256	5.229851502086703
Kocak_st1|rand_257	5.028317764720288
Kocak_st1|rand_258	5.3524858542279965
Kocak_st1|rand_259	5.066130417898658
Kocak_st1|rand_260	4.919132332594368
Kocak_st1|rand_261	4.866718404811171
Kocak_st1|rand_262	5.12455606194092
Kocak_st1|rand_263	5.195113424042814
Kocak_st1|rand_264	4.875076063372472
Kocak_st1|rand_265	4.980554990817779
Kocak_st1|rand_266	4.930591189665796
Kocak_st1|rand_267	5.020646018280886
Kocak_st1|rand_268	5.123026853505453
Kocak_st1|rand_269	5.240274322337358
Kocak_st1|rand_270	5.261769043316966
Kocak_st1|rand_271	5.168689098033002
Kocak_st1|rand_272	5.398183893131646
Kocak_st1|rand_273	4.998620757809556
Kocak_st1|rand_274	5.017992203072458
Kocak_st1|rand_275	5.297312454866457
Kocak_st1|rand_276	5.100485857427778
Kocak_st1|rand_277	4.53948634465399
Kocak_st1|rand_278	5.435360772526576
Kocak_st1|rand_279	4.573213869357229
Kocak_st1|rand_280	4.932101024970271
Kocak_st1|rand_281	5.287419169578036
Kocak_st1|rand_282	5.158957136593502
Kocak_st1|rand_283	4.770096807335981
Kocak_st1|rand_284	5.03417282480258
Kocak_st1|rand_285	5.185076974938564
Kocak_st1|rand_286	5.059055913056522
Kocak_st1|rand_287	5.114670989546221
Kocak_st1|rand_288	5.144173973698535
Kocak_st1|rand_289	5.0789500126168505
Kocak_st1|rand_290	5.058088428780068
Kocak_st1|rand_291	4.842332123655047
Kocak_st1|rand_292	5.124459421708781
Kocak_st1|rand_293	5.2009488192340605
Kocak_st1|rand_294	5.188968843200786
Kocak_st1|rand_295	4.854716829431812
Kocak_st1|rand_296	5.098396755878536
Kocak_st1|rand_297	5.213659281060998
Kocak_st1|rand_298	4.910541256013125
Kocak_st1|rand_299	5.303416430602824
Kocak_st1|rand_300	5.1814117447199735
Kocak_st1|rand_301	5.194793721364229
Kocak_st1|rand_302	5.164732628248847
Kocak_st1|rand_303	5.236424746860177
Kocak_st1|rand_304	5.29043133219366
Kocak_st1|rand_305	5.418217013216899
Kocak_st1|rand_306	5.312835000752717
Kocak_st1|rand_307	5.290967545292273
Kocak_st1|rand_308	5.1260015483147345
Kocak_st1|rand_309	5.110461117407626
Kocak_st1|rand_310	4.674099599659542
Kocak_st1|rand_311	5.376352127079028
Kocak_st1|rand_312	5.4167211855356765
Kocak_st1|rand_313	4.774685251118853
Kocak_st1|rand_314	5.037975076376443
Kocak_st1|rand_315	5.303816500207134
Kocak_st1|rand_316	4.9314401683543965
Kocak_st1|rand_317	5.243401445239346
Kocak_st1|rand_318	5.494227378743928
Kocak_st1|rand_319	4.860004263723974
Kocak_st1|rand_320	5.032183424347607
Kocak_st1|rand_321	5.300558657766903
Kocak_st1|rand_322	5.099072023994137
Kocak_st1|rand_323	5.121498527422751
Kocak_st1|rand_324	5.260271541947663
Kocak_st1|rand_325	5.1647037998519885
Kocak_st1|rand_326	5.226519141930095
Kocak_st1|rand_327	5.093502831556228
Kocak_st1|rand_328	5.035214275862188
Kocak_st1|rand_329	4.955689212333153
Kocak_st1|rand_330	4.781614327179974
Kocak_st1|rand_331	5.346645844049016
Kocak_st1|rand_332	5.105320632460409
Kocak_st1|rand_333	5.1812258805269655
Kocak_st1|rand_334	5.224174430316001
Kocak_st1|rand_335	5.1791384070533075
Kocak_st1|rand_336	5.261809293044479
Kocak_st1|rand_337	5.125132370346371
Kocak_st1|rand_338	5.074771359667209
Kocak_st1|rand_339	5.1151682762129616
Kocak_st1|rand_340	5.239942609367998
Kocak_st1|rand_341	5.22266891745564
Kocak_st1|rand_342	5.03705194544754
Kocak_st1|rand_343	5.043551529354614
Kocak_st1|rand_344	4.971715164587017
Kocak_st1|rand_345	5.376999618040676
Kocak_st1|rand_346	5.287788407015906
Kocak_st1|rand_347	4.755640906538372
Kocak_st1|rand_348	5.052570639056832
Kocak_st1|rand_349	5.04673124243187
Kocak_st1|rand_350	5.162325589197287
Kocak_st1|rand_351	5.261889431196699
Kocak_st1|rand_352	5.094529875423166
Kocak_st1|rand_353	5.142178245580709
Kocak_st1|rand_354	5.024621871521425
Kocak_st1|rand_355	5.133766941178422
Kocak_st1|rand_356	4.953373398372025
Kocak_st1|rand_357	5.036036978909537
Kocak_st1|rand_358	5.301051883597479
Kocak_st1|rand_359	5.298271401712105
Kocak_st1|rand_360	4.969560774987377
Kocak_st1|rand_361	5.119123990337159
Kocak_st1|rand_362	5.0715682245764375
Kocak_st1|rand_363	5.16957845901253
Kocak_st1|rand_364	5.137171023124985
Kocak_st1|rand_365	5.362950995695399
Kocak_st1|rand_366	5.013052329498108
Kocak_st1|rand_367	5.23883455465404
Kocak_st1|rand_368	5.180077752723806
Kocak_st1|rand_369	5.346223801714951
Kocak_st1|rand_370	5.240797805606832
Kocak_st1|rand_371	5.16023814825029
Kocak_st1|rand_372	5.36344411766511
Kocak_st1|rand_373	5.304946175730807
Kocak_st1|rand_374	5.251783247769156
Kocak_st1|rand_375	5.371292834792545
Kocak_st1|rand_376	5.217077591008171
Kocak_st1|rand_377	5.067300241658624
Kocak_st1|rand_378	5.208047943382849
Kocak_st1|rand_379	5.011101481901668
Kocak_st1|rand_380	5.083230238443971
Kocak_st1|rand_381	4.602721288988562
Kocak_st1|rand_382	5.153203993450906
Kocak_st1|rand_383	4.684100992421134
Kocak_st1|rand_384	4.93336807936856
Kocak_st1|rand_385	4.929363179602094
Kocak_st1|rand_386	4.995319766326971
Kocak_st1|rand_387	5.163548007995582
Kocak_st1|rand_388	5.295629640346018
Kocak_st1|rand_389	5.0093726423247205
Kocak_st1|rand_390	5.135195247791242
Kocak_st1|rand_391	5.126697567573005
Kocak_st1|rand_392	4.605982306149239
Kocak_st1|rand_393	5.157776046165947
Kocak_st1|rand_394	5.167828550301818
Kocak_st1|rand_395	4.846284401291181
Kocak_st1|rand_396	4.935329864336106
Kocak_st1|rand_397	4.7917181042852555
Kocak_st1|rand_398	5.115964748618265
Kocak_st1|rand_399	5.4171166960535375
Kocak_st1|rand_400	5.289073743722379
Kocak_st1|rand_401	4.895155736921508
Kocak_st1|rand_402	5.2317402601542895
Kocak_st1|rand_403	5.406201936662106
Kocak_st1|rand_404	5.1008171528238755
Kocak_st1|rand_405	5.316354911417315
Kocak_st1|rand_406	5.035122200885102
Kocak_st1|rand_407	5.1795263040647
Kocak_st1|rand_408	5.145614889673146
Kocak_st1|rand_409	5.077605087740509
Kocak_st1|rand_410	5.376887694483805
Kocak_st1|rand_411	5.427011191151592
Kocak_st1|rand_412	5.202803587084965
Kocak_st1|rand_413	5.040123929417251
Kocak_st1|rand_414	4.90727231838696
Kocak_st1|rand_415	4.835049427303395
Kocak_st1|rand_416	5.277223956448193
Kocak_st1|rand_417	5.231554531936317
Kocak_st1|rand_418	5.208640570398437
Kocak_st1|rand_419	4.972383557841071
Kocak_st1|rand_420	4.844702299331211
Kocak_st1|rand_421	5.152809414895879
Kocak_st1|rand_422	5.053617003967475
Kocak_st1|rand_423	5.129836223810482
Kocak_st1|rand_424	5.045853883776532
Kocak_st1|rand_425	5.131468640972646
Kocak_st1|rand_426	5.115279942049294
Kocak_st1|rand_427	5.030770809539804
Kocak_st1|rand_428	5.1283623463217936
Kocak_st1|rand_429	5.119428813173953
Kocak_st1|rand_430	4.5283349988329284
Kocak_st1|rand_431	5.264614479415877
Kocak_st1|rand_432	4.79028719963788
Kocak_st1|rand_433	5.155731122668403
Kocak_st1|rand_434	5.056074331292172
Kocak_st1|rand_435	5.215382113343488
Kocak_st1|rand_436	5.016467828295154
Kocak_st1|rand_437	5.269340668673372
Kocak_st1|rand_438	5.135997587811859
Kocak_st1|rand_439	5.0252017124944794
Kocak_st1|rand_440	5.161287728557936
Kocak_st1|rand_441	5.194708425031132
Kocak_st1|rand_442	5.214974663415348
Kocak_st1|rand_443	5.04546193239566
Kocak_st1|rand_444	5.2187487507090875
Kocak_st1|rand_445	4.950210080918451
Kocak_st1|rand_446	5.039971808759601
Kocak_st1|rand_447	5.180683258422093
Kocak_st1|rand_448	4.584757746655053
Kocak_st1|rand_449	5.020229335718669
Kocak_st1|rand_450	5.238302815126568
Kocak_st1|rand_451	5.127811965257316
Kocak_st1|rand_452	5.073345110382412
Kocak_st1|rand_453	4.9793146674731545
Kocak_st1|rand_454	5.33334928863572
Kocak_st1|rand_455	5.250329335516581
Kocak_st1|rand_456	4.985246789214461
Kocak_st1|rand_457	4.982790897320017
Kocak_st1|rand_458	5.105212482831914
Kocak_st1|rand_459	4.696848301001778
Kocak_st1|rand_460	5.026964975741867
Kocak_st1|rand_461	4.981632692226658
Kocak_st1|rand_462	5.287663461563181
Kocak_st1|rand_463	5.063055819467484
Kocak_st1|rand_464	5.084591149971411
Kocak_st1|rand_465	5.235996745426989
Kocak_st1|rand_466	4.961661658763796
Kocak_st1|rand_467	5.174820350362657
Kocak_st1|rand_468	4.911018293753349
Kocak_st1|rand_469	5.0604616154528745
Kocak_st1|rand_470	5.2005948417412435
Kocak_st1|rand_471	5.232229546547808
Kocak_st1|rand_472	4.9288471092333666
Kocak_st1|rand_473	5.36034800145592
Kocak_st1|rand_474	5.183965440064344
Kocak_st1|rand_475	4.944751817693011
Kocak_st1|rand_476	5.081264251969339
Kocak_st1|rand_477	5.198308927227913
Kocak_st1|rand_478	5.2084578108331
Kocak_st1|rand_479	5.3108237842568995
Kocak_st1|rand_480	4.755689729693802
Kocak_st1|rand_481	4.921740529378626
Kocak_st1|rand_482	5.2535282445673
Kocak_st1|rand_483	5.259839514267381
Kocak_st1|rand_484	4.981846712027961
Kocak_st1|rand_485	5.161013468534725
Kocak_st1|rand_486	5.223288163314116
Kocak_st1|rand_487	4.747953531761319
Kocak_st1|rand_488	4.816297880186809
Kocak_st1|rand_489	5.206046603940176
Kocak_st1|rand_490	5.1408637849460606
Kocak_st1|rand_491	4.8877677959808326
Kocak_st1|rand_492	5.183834837595886
Kocak_st1|rand_493	5.025358962071784
Kocak_st1|rand_494	5.368961817254305
Kocak_st1|rand_495	4.9491486943835135
Kocak_st1|rand_496	5.229056854011589
Kocak_st1|rand_497	4.885970481301928
Kocak_st1|rand_498	5.105824268862149
Kocak_st1|rand_499	5.2973819119149
Kocak_st1|rand_500	4.98437630196872
Kocak_st1|rand_501	5.1869042307075555
Kocak_st1|rand_502	5.1199716011691265
Kocak_st1|rand_503	5.076259360127862
Kocak_st1|rand_504	5.180272187525267
Kocak_st1|rand_505	5.383513822272436
Kocak_st1|rand_506	4.954311567754838
Kocak_st1|rand_507	5.015491576017554
Kocak_st1|rand_508	5.274149429069988
Kocak_st1|rand_509	4.983066789991896
Kocak_st1|rand_510	5.236064680740237
Kocak_st1|rand_511	5.203244087836258
Kocak_st1|rand_512	5.131794131172051
Kocak_st1|rand_513	5.156275072399101
Kocak_st1|rand_514	4.97434534246674
Kocak_st1|rand_515	5.189860261504672
Kocak_st1|rand_516	4.938905146195774
Kocak_st1|rand_517	4.9801534889650005
Kocak_st1|rand_518	5.03569908334474
Kocak_st1|rand_519	4.705630614131376
Kocak_st1|rand_520	4.826348502197937
Kocak_st1|rand_521	5.218174334857843
Kocak_st1|rand_522	5.01918550885485
Kocak_st1|rand_523	5.085754292214181
Kocak_st1|rand_524	4.904301645113648
Kocak_st1|rand_525	5.177532439080349
Kocak_st1|rand_526	5.198281007112411
Kocak_st1|rand_527	4.861106028078337
Kocak_st1|rand_528	5.30891097407396
Kocak_st1|rand_529	5.1338368220865025
Kocak_st1|rand_530	4.975911523770781
Kocak_st1|rand_531	5.049360043418044
Kocak_st1|rand_532	5.120369474381315
Kocak_st1|rand_533	4.99608553699254
Kocak_st1|rand_534	5.073780783589051
Kocak_st1|rand_535	4.995510854464324
Kocak_st1|rand_536	5.060082231492139
Kocak_st1|rand_537	5.036337443812576
Kocak_st1|rand_538	5.232729487737457
Kocak_st1|rand_539	4.970432599309231
Kocak_st1|rand_540	5.069789949874573
Kocak_st1|rand_541	4.896350415184353
Kocak_st1|rand_542	5.060467203968386
Kocak_st1|rand_543	5.090035197913828
Kocak_st1|rand_544	5.3187426278568815
Kocak_st1|rand_545	5.0747464999773
Kocak_st1|rand_546	4.880357302891769
Kocak_st1|rand_547	5.356605842810776
Kocak_st1|rand_548	5.077165224648786
Kocak_st1|rand_549	5.1800195457086
Kocak_st1|rand_550	4.867554033950209
Kocak_st1|rand_551	5.2790529760969145
Kocak_st1|rand_552	4.96628839648105
Kocak_st1|rand_553	5.027431824957184
Kocak_st1|rand_554	5.29901360361726
Kocak_st1|rand_555	5.20828607866784
Kocak_st1|rand_556	5.065970940667548
Kocak_st1|rand_557	4.79283018575218
Kocak_st1|rand_558	5.199400386005767
Kocak_st1|rand_559	4.971124451825433
Kocak_st1|rand_560	5.3656181246285115
Kocak_st1|rand_561	5.212154826995743
Kocak_st1|rand_562	5.217563940424275
Kocak_st1|rand_563	5.146312212981836
Kocak_st1|rand_564	5.110225660293646
Kocak_st1|rand_565	5.287098490808855
Kocak_st1|rand_566	5.160184911220966
Kocak_st1|rand_567	5.185664850717148
Kocak_st1|rand_568	5.1056520497172455
Kocak_st1|rand_569	5.102470268518283
Kocak_st1|rand_570	5.1818617444528865
Kocak_st1|rand_571	4.971452119605108
Kocak_st1|rand_572	5.263520125923412
Kocak_st1|rand_573	5.04253241485579
Kocak_st1|rand_574	5.317970545935952
Kocak_st1|rand_575	5.180775325684402
Kocak_st1|rand_576	5.037031532093935
Kocak_st1|rand_577	5.028932408338009
Kocak_st1|rand_578	5.081093390530522
Kocak_st1|rand_579	5.241365765192922
Kocak_st1|rand_580	5.31797600271265
Kocak_st1|rand_581	5.182442567965259
Kocak_st1|rand_582	5.241296680365058
Kocak_st1|rand_583	5.014429958500567
Kocak_st1|rand_584	4.918310659085566
Kocak_st1|rand_585	4.985097943986247
Kocak_st1|rand_586	5.026364184510379
Kocak_st1|rand_587	5.077557284096475
Kocak_st1|rand_588	4.892079909773806
Kocak_st1|rand_589	5.391683946408654
Kocak_st1|rand_590	5.293832243927689
Kocak_st1|rand_591	5.031534125235529
Kocak_st1|rand_592	5.356227778066448
Kocak_st1|rand_593	5.2141330172415445
Kocak_st1|rand_594	5.080953725970933
Kocak_st1|rand_595	5.096292125540156
Kocak_st1|rand_596	5.316494508774232
Kocak_st1|rand_597	4.893643573115248
Kocak_st1|rand_598	5.211663933302196
Kocak_st1|rand_599	5.2001236789257135
Kocak_st1|rand_600	5.091301447629992
Kocak_st1|rand_601	5.034341263661244
Kocak_st1|rand_602	4.945646840936507
Kocak_st1|rand_603	5.1843961278121204
Kocak_st1|rand_604	5.158008711940361
Kocak_st1|rand_605	4.782598976860219
Kocak_st1|rand_606	5.126933406338783
Kocak_st1|rand_607	5.0536903471218
Kocak_st1|rand_608	4.884324357354235
Kocak_st1|rand_609	5.19599809771282
Kocak_st1|rand_610	4.940611003072795
Kocak_st1|rand_611	5.116978361124067
Kocak_st1|rand_612	5.090480438975915
Kocak_st1|rand_613	4.995083721089747
Kocak_st1|rand_614	5.04627253333803
Kocak_st1|rand_615	5.007761533842255
Kocak_st1|rand_616	5.231244495368652
Kocak_st1|rand_617	5.2261887858222185
Kocak_st1|rand_618	4.852114269748578
Kocak_st1|rand_619	4.963530830269216
Kocak_st1|rand_620	5.188950295897271
Kocak_st1|rand_621	5.173595615476242
Kocak_st1|rand_622	5.045438298019836
Kocak_st1|rand_623	5.287439456002567
Kocak_st1|rand_624	5.2742641141092985
Kocak_st1|rand_625	4.998349092692951
Kocak_st1|rand_626	5.212583460045752
Kocak_st1|rand_627	5.008696016626645
Kocak_st1|rand_628	4.791028057890926
Kocak_st1|rand_629	4.738866216958874
Kocak_st1|rand_630	4.954976525076981
Kocak_st1|rand_631	5.003798390708882
Kocak_st1|rand_632	5.323063482788768
Kocak_st1|rand_633	5.162625264963301
Kocak_st1|rand_634	5.093890916123359
Kocak_st1|rand_635	5.144887798869791
Kocak_st1|rand_636	5.31821185784777
Kocak_st1|rand_637	5.126011168484827
Kocak_st1|rand_638	4.92687818823117
Kocak_st1|rand_639	4.998644905979524
Kocak_st1|rand_640	4.813120115081759
Kocak_st1|rand_641	4.934597336747364
Kocak_st1|rand_642	5.186695153746865
Kocak_st1|rand_643	5.187486444161447
Kocak_st1|rand_644	5.226827680318621
Kocak_st1|rand_645	5.137830892532748
Kocak_st1|rand_646	5.1424884817918946
Kocak_st1|rand_647	5.133050273985822
Kocak_st1|rand_648	5.199920070450869
Kocak_st1|rand_649	4.8516965108382495
Kocak_st1|rand_650	4.8498369027280885
Kocak_st1|rand_651	4.95924365078117
Kocak_st1|rand_652	5.26362388176864
Kocak_st1|rand_653	5.109386562708431
Kocak_st1|rand_654	5.234341447332997
Kocak_st1|rand_655	5.111662808669519
Kocak_st1|rand_656	5.199610286206928
Kocak_st1|rand_657	5.027442468969455
Kocak_st1|rand_658	5.046389742506071
Kocak_st1|rand_659	5.096382251698422
Kocak_st1|rand_660	5.157255099437722
Kocak_st1|rand_661	5.1916078900766545
Kocak_st1|rand_662	5.188873728374622
Kocak_st1|rand_663	5.164337665236033
Kocak_st1|rand_664	5.175351477752489
Kocak_st1|rand_665	5.181781256087592
Kocak_st1|rand_666	5.1739465180631585
Kocak_st1|rand_667	5.107126087945526
Kocak_st1|rand_668	5.151439518515087
Kocak_st1|rand_669	5.259697354168041
Kocak_st1|rand_670	5.24334326967641
Kocak_st1|rand_671	4.857839324175682
Kocak_st1|rand_672	5.222866817926601
Kocak_st1|rand_673	5.263363543338356
Kocak_st1|rand_674	5.134380125802632
Kocak_st1|rand_675	4.990550264318756
Kocak_st1|rand_676	5.265153419604009
Kocak_st1|rand_677	5.020499975980673
Kocak_st1|rand_678	5.199357344229978
Kocak_st1|rand_679	5.23741433158974
Kocak_st1|rand_680	5.726378360596355
Kocak_st1|rand_681	4.81761656383612
Kocak_st1|rand_682	5.0063697276051
Kocak_st1|rand_683	5.238168298238682
Kocak_st1|rand_684	5.126756890860341
Kocak_st1|rand_685	5.1855216573489935
Kocak_st1|rand_686	5.152945005125784
Kocak_st1|rand_687	4.938133815457189
Kocak_st1|rand_688	5.112102321094474
Kocak_st1|rand_689	5.30245266559103
Kocak_st1|rand_690	5.123238825264601
Kocak_st1|rand_691	5.185625083450014
Kocak_st1|rand_692	5.323972716856737
Kocak_st1|rand_693	5.155868128581324
Kocak_st1|rand_694	5.215331691082491
Kocak_st1|rand_695	5.220649624378187
Kocak_st1|rand_696	5.048826001337104
Kocak_st1|rand_697	5.257170504606065
Kocak_st1|rand_698	5.155989743325749
Kocak_st1|rand_699	5.0559249105699715
Kocak_st1|rand_700	5.199964506325593
Kocak_st1|rand_701	5.0930282258218345
Kocak_st1|rand_702	5.519005826274843
Kocak_st1|rand_703	5.129144065806339
Kocak_st1|rand_704	5.090754380530161
Kocak_st1|rand_705	5.287280864599019
Kocak_st1|rand_706	5.022324561286643
Kocak_st1|rand_707	5.174826239404743
Kocak_st1|rand_708	4.83551881355857
Kocak_st1|rand_709	4.8948803581988765
Kocak_st1|rand_710	5.083684809423541
Kocak_st1|rand_711	4.912527906195245
Kocak_st1|rand_712	4.899695794805652
Kocak_st1|rand_713	5.053383641501787
Kocak_st1|rand_714	5.073695088839556
Kocak_st1|rand_715	5.41976164633278
Kocak_st1|rand_716	5.385641805002284
Kocak_st1|rand_717	5.12068231695355
Kocak_st1|rand_718	5.255281682889149
Kocak_st1|rand_719	5.082002073043963
Kocak_st1|rand_720	5.360851499288216
Kocak_st1|rand_721	5.188944249313869
Kocak_st1|rand_722	4.743967871909265
Kocak_st1|rand_723	4.813633582630252
Kocak_st1|rand_724	4.751193058704486
Kocak_st1|rand_725	5.04575832060736
Kocak_st1|rand_726	5.171775385487532
Kocak_st1|rand_727	5.11853115418029
Kocak_st1|rand_728	5.157603657400497
Kocak_st1|rand_729	5.1231165459495465
Kocak_st1|rand_730	5.2211338333996995
Kocak_st1|rand_731	5.350658689531088
Kocak_st1|rand_732	5.074534897051295
Kocak_st1|rand_733	5.209383665410242
Kocak_st1|rand_734	4.878543049211167
Kocak_st1|rand_735	5.052856591029885
Kocak_st1|rand_736	4.92407332804368
Kocak_st1|rand_737	5.361485989637413
Kocak_st1|rand_738	5.262208372234426
Kocak_st1|rand_739	5.355243547256019
Kocak_st1|rand_740	5.080932540813403
Kocak_st1|rand_741	5.196418405116663
Kocak_st1|rand_742	4.924002220131099
Kocak_st1|rand_743	5.228723482228103
Kocak_st1|rand_744	5.234722532088048
Kocak_st1|rand_745	5.35292636089674
Kocak_st1|rand_746	4.993598732875576
Kocak_st1|rand_747	5.189486394929405
Kocak_st1|rand_748	5.2935200396096205
Kocak_st1|rand_749	5.037654220784175
Kocak_st1|rand_750	5.219805577314478
Kocak_st1|rand_751	5.070640449676997
Kocak_st1|rand_752	5.020260968509822
Kocak_st1|rand_753	5.159398456739787
Kocak_st1|rand_754	5.176499383086553
Kocak_st1|rand_755	5.1408727010684325
Kocak_st1|rand_756	5.243691852969357
Kocak_st1|rand_757	4.885209571877951
Kocak_st1|rand_758	5.086231040751701
Kocak_st1|rand_759	5.094445369746458
Kocak_st1|rand_760	5.1117038591355595
Kocak_st1|rand_761	5.004264886585311
Kocak_st1|rand_762	5.102475727185027
Kocak_st1|rand_763	4.791471096904854
Kocak_st1|rand_764	4.861053471041211
Kocak_st1|rand_765	5.061995001002592
Kocak_st1|rand_766	5.1170297253453985
Kocak_st1|rand_767	5.244712601606029
Kocak_st1|rand_768	5.2730885553985765
Kocak_st1|rand_769	5.116107727007636
Kocak_st1|rand_770	4.916504289833475
Kocak_st1|rand_771	5.3660005027755915
Kocak_st1|rand_772	5.017102532674736
Kocak_st1|rand_773	4.87939804782524
Kocak_st1|rand_774	4.9671860755066
Kocak_st1|rand_775	4.94519200315235
Kocak_st1|rand_776	4.77487491245467
Kocak_st1|rand_777	5.398901602330406
Kocak_st1|rand_778	5.232946643663661
Kocak_st1|rand_779	5.16860350901207
Kocak_st1|rand_780	5.305238169364713
Kocak_st1|rand_781	5.432057100328519
Kocak_st1|rand_782	5.185450087219038
Kocak_st1|rand_783	5.286008831714836
Kocak_st1|rand_784	5.2208822698938295
Kocak_st1|rand_785	4.989353311837422
Kocak_st1|rand_786	5.083544290739185
Kocak_st1|rand_787	5.152043019879785
Kocak_st1|rand_788	4.88372888405889
Kocak_st1|rand_789	5.270021366499849
Kocak_st1|rand_790	4.929969189976791
Kocak_st1|rand_791	4.975888243274893
Kocak_st1|rand_792	4.885310691665032
Kocak_st1|rand_793	4.962348721141112
Kocak_st1|rand_794	5.197277473187826
Kocak_st1|rand_795	5.047157975852747
Kocak_st1|rand_796	4.90195959709641
Kocak_st1|rand_797	4.867121723738688
Kocak_st1|rand_798	5.030635610203531
Kocak_st1|rand_799	4.9891849213015655
Kocak_st1|rand_800	5.085777253233452
Kocak_st1|rand_801	4.9939264094428735
Kocak_st1|rand_802	5.254075437750505
Kocak_st1|rand_803	5.081594664270098
Kocak_st1|rand_804	5.312658822312972
Kocak_st1|rand_805	5.133341140620217
Kocak_st1|rand_806	5.030471067525081
Kocak_st1|rand_807	5.233159715051966
Kocak_st1|rand_808	5.250520850180276
Kocak_st1|rand_809	5.033061621317187
Kocak_st1|rand_810	5.131921924498969
Kocak_st1|rand_811	5.132325099505755
Kocak_st1|rand_812	5.120520823358231
Kocak_st1|rand_813	5.003219234784699
Kocak_st1|rand_814	5.065565124990813
Kocak_st1|rand_815	4.990655903928795
Kocak_st1|rand_816	5.224041792930918
Kocak_st1|rand_817	5.14833940975256
Kocak_st1|rand_818	5.00907825273412
Kocak_st1|rand_819	5.206483581506654
Kocak_st1|rand_820	5.211811583445745
Kocak_st1|rand_821	5.184683870408679
Kocak_st1|rand_822	4.994117273871377
Kocak_st1|rand_823	5.129457935959006
Kocak_st1|rand_824	4.924015021939381
Kocak_st1|rand_825	5.099057029751785
Kocak_st1|rand_826	5.288981632711074
Kocak_st1|rand_827	5.118371235509588
Kocak_st1|rand_828	4.970364833702597
Kocak_st1|rand_829	5.0857272035936525
Kocak_st1|rand_830	5.20536625433233
Kocak_st1|rand_831	5.2997720248512605
Kocak_st1|rand_832	4.828039041235797
Kocak_st1|rand_833	5.107962293724405
Kocak_st1|rand_834	5.093547102296084
Kocak_st1|rand_835	4.891441021574246
Kocak_st1|rand_836	5.109270978125298
Kocak_st1|rand_837	5.171455589224533
Kocak_st1|rand_838	5.286012746156512
Kocak_st1|rand_839	5.065602269479466
Kocak_st1|rand_840	5.123254971027294
Kocak_st1|rand_841	5.098678792838713
Kocak_st1|rand_842	5.162604502232837
Kocak_st1|rand_843	4.845217782048792
Kocak_st1|rand_844	4.849740274907684
Kocak_st1|rand_845	5.099797152400264
Kocak_st1|rand_846	5.31998855383296
Kocak_st1|rand_847	4.8524806249999255
Kocak_st1|rand_848	5.226089581871476
Kocak_st1|rand_849	5.113631553770706
Kocak_st1|rand_850	4.972691831187353
Kocak_st1|rand_851	5.2277521791897135
Kocak_st1|rand_852	5.109157880779234
Kocak_st1|rand_853	5.13140784592402
Kocak_st1|rand_854	5.281139588175656
Kocak_st1|rand_855	5.055872307268617
Kocak_st1|rand_856	4.893672540427395
Kocak_st1|rand_857	4.9814758369531935
Kocak_st1|rand_858	5.170839133143619
Kocak_st1|rand_859	5.314205099827025
Kocak_st1|rand_860	5.313218985580155
Kocak_st1|rand_861	5.3128653412474245
Kocak_st1|rand_862	5.082596022293543
Kocak_st1|rand_863	5.265917915100155
Kocak_st1|rand_864	5.213274190812599
Kocak_st1|rand_865	5.162423518820186
Kocak_st1|rand_866	5.031830164319523
Kocak_st1|rand_867	5.234083162710567
Kocak_st1|rand_868	5.089081297572777
Kocak_st1|rand_869	4.864029098655105
Kocak_st1|rand_870	4.958005083015188
Kocak_st1|rand_871	5.181093398419511
Kocak_st1|rand_872	5.108387836834549
Kocak_st1|rand_873	5.2793925250869504
Kocak_st1|rand_874	4.991758464761386
Kocak_st1|rand_875	4.998100969873293
Kocak_st1|rand_876	5.025577756255275
Kocak_st1|rand_877	5.4353266745825035
Kocak_st1|rand_878	5.201510026329282
Kocak_st1|rand_879	4.81595099256518
Kocak_st1|rand_880	5.11096728976843
Kocak_st1|rand_881	5.042396762792999
Kocak_st1|rand_882	5.313101524772471
Kocak_st1|rand_883	4.951117900996105
Kocak_st1|rand_884	4.796577859135156
Kocak_st1|rand_885	5.1181097699302205
Kocak_st1|rand_886	5.497600739408384
Kocak_st1|rand_887	5.378363051328014
Kocak_st1|rand_888	5.246264279112663
Kocak_st1|rand_889	5.097296479399159
Kocak_st1|rand_890	5.162754543494429
Kocak_st1|rand_891	5.0555694330417404
Kocak_st1|rand_892	5.1215983199951065
Kocak_st1|rand_893	5.131423190554543
Kocak_st1|rand_894	5.26745336238789
Kocak_st1|rand_895	4.999433782381915
Kocak_st1|rand_896	5.16718290581463
Kocak_st1|rand_897	5.370641519469055
Kocak_st1|rand_898	5.163196342482444
Kocak_st1|rand_899	5.006463280684422
Kocak_st1|rand_900	5.1190337691469425
Kocak_st1|rand_901	5.217796794753534
Kocak_st1|rand_902	5.068765148457841
Kocak_st1|rand_903	4.845164251769891
Kocak_st1|rand_904	5.142297995700258
Kocak_st1|rand_905	5.096113736870093
Kocak_st1|rand_906	5.0726632784022305
Kocak_st1|rand_907	5.196309522643662
Kocak_st1|rand_908	4.99533989130782
Kocak_st1|rand_909	4.868952388846918
Kocak_st1|rand_910	4.782238448635888
Kocak_st1|rand_911	5.176276831481817
Kocak_st1|rand_912	4.935713393158327
Kocak_st1|rand_913	5.380737365133046
Kocak_st1|rand_914	5.388867636113657
Kocak_st1|rand_915	4.951222995585812
Kocak_st1|rand_916	5.4202627931952065
Kocak_st1|rand_917	4.651791725303482
Kocak_st1|rand_918	4.9967473704540115
Kocak_st1|rand_919	4.846837780724835
Kocak_st1|rand_920	5.28887590347055
Kocak_st1|rand_921	5.105069622825832
Kocak_st1|rand_922	5.204740437509214
Kocak_st1|rand_923	5.034777348426555
Kocak_st1|rand_924	5.371760515569003
Kocak_st1|rand_925	5.280829541768923
Kocak_st1|rand_926	5.0159215931997165
Kocak_st1|rand_927	4.909445985043261
Kocak_st1|rand_928	5.063890898990798
Kocak_st1|rand_929	5.216332902708071
Kocak_st1|rand_930	5.160718628833021
Kocak_st1|rand_931	4.753400617277974
Kocak_st1|rand_932	5.019538959284118
Kocak_st1|rand_933	5.091800492671977
Kocak_st1|rand_934	5.189159587122915
Kocak_st1|rand_935	4.785985444242635
Kocak_st1|rand_936	5.326286043535266
Kocak_st1|rand_937	4.911731340438583
Kocak_st1|rand_938	5.142069257130991
Kocak_st1|rand_939	5.240208125530139
Kocak_st1|rand_940	5.250520300509281
Kocak_st1|rand_941	5.198507979735612
Kocak_st1|rand_942	4.932131981225315
Kocak_st1|rand_943	5.446863030440566
Kocak_st1|rand_944	5.087237284782605
Kocak_st1|rand_945	5.09320194979406
Kocak_st1|rand_946	5.3507458229453375
Kocak_st1|rand_947	4.5500432246988
Kocak_st1|rand_948	4.988313351560453
Kocak_st1|rand_949	5.186739124897669
Kocak_st1|rand_950	5.059529788147079
Kocak_st1|rand_951	5.155995763471558
Kocak_st1|rand_952	4.867559605908102
Kocak_st1|rand_953	5.2272370301843205
Kocak_st1|rand_954	5.148974508992059
Kocak_st1|rand_955	5.156188073898546
Kocak_st1|rand_956	4.981931275685432
Kocak_st1|rand_957	5.287614505348044
Kocak_st1|rand_958	5.29941545543345
Kocak_st1|rand_959	5.187520228127371
Kocak_st1|rand_960	5.096248296528951
Kocak_st1|rand_961	4.834877747603623
Kocak_st1|rand_962	4.909096283570485
Kocak_st1|rand_963	5.100872710885719
Kocak_st1|rand_964	5.283351802208464
Kocak_st1|rand_965	5.126000840046326
Kocak_st1|rand_966	4.860210985698017
Kocak_st1|rand_967	4.925241974683136
Kocak_st1|rand_968	5.045716211518242
Kocak_st1|rand_969	5.272414517942256
Kocak_st1|rand_970	4.961180247119898
Kocak_st1|rand_971	5.121825761724681
Kocak_st1|rand_972	5.116401455137524
Kocak_st1|rand_973	5.033356610935511
Kocak_st1|rand_974	5.29541458066838
Kocak_st1|rand_975	5.027123845657492
Kocak_st1|rand_976	5.2732355192400355
Kocak_st1|rand_977	5.068256154273494
Kocak_st1|rand_978	5.128049280510895
Kocak_st1|rand_979	5.404432494093336
Kocak_st1|rand_980	4.873285286732392
Kocak_st1|rand_981	5.050330083859836
Kocak_st1|rand_982	4.826941674901488
Kocak_st1|rand_983	5.183014615439392
Kocak_st1|rand_984	5.330689414069631
Kocak_st1|rand_985	5.287586607654305
Kocak_st1|rand_986	5.232310835747164
Kocak_st1|rand_987	5.302534119986392
Kocak_st1|rand_988	5.258128278261096
Kocak_st1|rand_989	5.32046530519386
Kocak_st1|rand_990	5.223790033453599
Kocak_st1|rand_991	5.127827476197654
Kocak_st1|rand_992	4.923473868277936
Kocak_st1|rand_993	5.115617316495198
Kocak_st1|rand_994	4.953547394388777
Kocak_st1|rand_995	4.942173951836807
Kocak_st1|rand_996	5.084990056572128
Kocak_st1|rand_997	5.1109471121636245
Kocak_st1|rand_998	4.8117434554607605
Kocak_st1|rand_999	5.128632545389769
Kocak_st1|rand_1000	5.567204646313277
Kocak_st2|rand_1	4.6755585745388
Kocak_st2|rand_2	5.430952558000844
Kocak_st2|rand_3	5.239463746477433
Kocak_st2|rand_4	5.119122883416902
Kocak_st2|rand_5	5.149262350767568
Kocak_st2|rand_6	5.158822965507025
Kocak_st2|rand_7	5.171034946602173
Kocak_st2|rand_8	5.09401798523458
Kocak_st2|rand_9	4.717582979391466
Kocak_st2|rand_10	4.962975153159098
Kocak_st2|rand_11	5.200099668678857
Kocak_st2|rand_12	5.114592977071264
Kocak_st2|rand_13	5.059020881214953
Kocak_st2|rand_14	5.092638977987673
Kocak_st2|rand_15	4.476274363039798
Kocak_st2|rand_16	5.06354343030471
Kocak_st2|rand_17	5.1174470574835995
Kocak_st2|rand_18	5.568997199391552
Kocak_st2|rand_19	4.77563224497996
Kocak_st2|rand_20	5.048515047125214
Kocak_st2|rand_21	5.110919505387888
Kocak_st2|rand_22	5.004410804476328
Kocak_st2|rand_23	5.42705147717008
Kocak_st2|rand_24	4.966057061485432
Kocak_st2|rand_25	4.251609585330578
Kocak_st2|rand_26	5.0389647737137135
Kocak_st2|rand_27	5.315461566080253
Kocak_st2|rand_28	5.3632310882582015
Kocak_st2|rand_29	5.127875414032346
Kocak_st2|rand_30	4.999367266411951
Kocak_st2|rand_31	5.226185193127148
Kocak_st2|rand_32	4.947044279666776
Kocak_st2|rand_33	5.236008706916185
Kocak_st2|rand_34	5.011439488762759
Kocak_st2|rand_35	5.281623307136674
Kocak_st2|rand_36	5.115137627823595
Kocak_st2|rand_37	5.492083738426099
Kocak_st2|rand_38	5.314682297424149
Kocak_st2|rand_39	4.980898518521601
Kocak_st2|rand_40	4.807444471760873
Kocak_st2|rand_41	4.9267724969358495
Kocak_st2|rand_42	5.157309302277036
Kocak_st2|rand_43	4.778705516584336
Kocak_st2|rand_44	4.866262988255049
Kocak_st2|rand_45	5.23918315424951
Kocak_st2|rand_46	5.04550540657511
Kocak_st2|rand_47	5.186615010243765
Kocak_st2|rand_48	5.175740386700778
Kocak_st2|rand_49	5.291804886758402
Kocak_st2|rand_50	5.035336079433659
Kocak_st2|rand_51	5.356622143941744
Kocak_st2|rand_52	5.388190472091203
Kocak_st2|rand_53	5.1872133414366
Kocak_st2|rand_54	4.748059207523176
Kocak_st2|rand_55	5.647861327418902
Kocak_st2|rand_56	4.993113106327825
Kocak_st2|rand_57	5.069711845454884
Kocak_st2|rand_58	5.051174905365563
Kocak_st2|rand_59	4.901629143379316
Kocak_st2|rand_60	5.391273266875117
Kocak_st2|rand_61	5.027246682470991
Kocak_st2|rand_62	4.8477163823942435
Kocak_st2|rand_63	5.1458137755717335
Kocak_st2|rand_64	5.076926309380782
Kocak_st2|rand_65	5.132111848024271
Kocak_st2|rand_66	5.04044205172831
Kocak_st2|rand_67	5.200887303311369
Kocak_st2|rand_68	5.246902098546452
Kocak_st2|rand_69	5.349717453142665
Kocak_st2|rand_70	4.845528847424281
Kocak_st2|rand_71	5.195029722249595
Kocak_st2|rand_72	5.397588294276415
Kocak_st2|rand_73	4.947848880158375
Kocak_st2|rand_74	4.826676797094274
Kocak_st2|rand_75	5.325060930733102
Kocak_st2|rand_76	4.923310489804601
Kocak_st2|rand_77	5.153537282075895
Kocak_st2|rand_78	5.046343626353565
Kocak_st2|rand_79	5.433995074414509
Kocak_st2|rand_80	5.323104164272464
Kocak_st2|rand_81	4.878674415264072
Kocak_st2|rand_82	5.267775398980776
Kocak_st2|rand_83	5.423629684672843
Kocak_st2|rand_84	5.305579368104274
Kocak_st2|rand_85	5.145121753731988
Kocak_st2|rand_86	5.045723732926367
Kocak_st2|rand_87	4.956718232314731
Kocak_st2|rand_88	5.415767760583955
Kocak_st2|rand_89	5.196752681073765
Kocak_st2|rand_90	4.925200775679552
Kocak_st2|rand_91	4.98693001105512
Kocak_st2|rand_92	5.121187522160572
Kocak_st2|rand_93	5.03981035605617
Kocak_st2|rand_94	5.2798768221796415
Kocak_st2|rand_95	5.199031808648806
Kocak_st2|rand_96	4.870509880921188
Kocak_st2|rand_97	5.050366958348318
Kocak_st2|rand_98	5.1419772112090145
Kocak_st2|rand_99	5.081978131353234
Kocak_st2|rand_100	5.164429503701796
Kocak_st2|rand_101	5.412461882686338
Kocak_st2|rand_102	4.8853101154700305
Kocak_st2|rand_103	5.010792338227585
Kocak_st2|rand_104	5.440590638531674
Kocak_st2|rand_105	5.382296173861737
Kocak_st2|rand_106	5.244995222483223
Kocak_st2|rand_107	4.797759827011241
Kocak_st2|rand_108	5.236451519798416
Kocak_st2|rand_109	5.075131373332767
Kocak_st2|rand_110	4.85086932547531
Kocak_st2|rand_111	5.278991016792178
Kocak_st2|rand_112	5.10890657421031
Kocak_st2|rand_113	5.375930336544381
Kocak_st2|rand_114	5.306217774530831
Kocak_st2|rand_115	4.870493238009844
Kocak_st2|rand_116	4.962394100794194
Kocak_st2|rand_117	5.002742620039054
Kocak_st2|rand_118	4.953603970680068
Kocak_st2|rand_119	5.304823654414287
Kocak_st2|rand_120	5.111899367137899
Kocak_st2|rand_121	5.167245356574398
Kocak_st2|rand_122	5.29352837523163
Kocak_st2|rand_123	5.213615417960896
Kocak_st2|rand_124	4.859977792885987
Kocak_st2|rand_125	4.754305687721152
Kocak_st2|rand_126	5.506100218143622
Kocak_st2|rand_127	4.985310146258235
Kocak_st2|rand_128	5.361707980085634
Kocak_st2|rand_129	4.985295745221288
Kocak_st2|rand_130	5.286644938580624
Kocak_st2|rand_131	5.018180541665749
Kocak_st2|rand_132	5.035788206907662
Kocak_st2|rand_133	5.214749627038963
Kocak_st2|rand_134	5.5215390285083314
Kocak_st2|rand_135	5.1146981807269745
Kocak_st2|rand_136	5.391029094087142
Kocak_st2|rand_137	4.614845631240941
Kocak_st2|rand_138	5.091335038309221
Kocak_st2|rand_139	5.390969380257284
Kocak_st2|rand_140	5.078998645079602
Kocak_st2|rand_141	5.46659906452865
Kocak_st2|rand_142	5.4559528964681165
Kocak_st2|rand_143	4.904109903249753
Kocak_st2|rand_144	4.849712478734645
Kocak_st2|rand_145	5.351882947937159
Kocak_st2|rand_146	5.105289081604542
Kocak_st2|rand_147	5.452753907079406
Kocak_st2|rand_148	5.05289048939597
Kocak_st2|rand_149	5.388824763068124
Kocak_st2|rand_150	5.239681919603981
Kocak_st2|rand_151	5.262506645404732
Kocak_st2|rand_152	5.160413492483776
Kocak_st2|rand_153	5.154090472465145
Kocak_st2|rand_154	5.178073870473204
Kocak_st2|rand_155	5.290065106148401
Kocak_st2|rand_156	5.329610543738811
Kocak_st2|rand_157	5.231656086456938
Kocak_st2|rand_158	5.302454893124962
Kocak_st2|rand_159	5.183709024679639
Kocak_st2|rand_160	4.846523127571775
Kocak_st2|rand_161	5.294713847140869
Kocak_st2|rand_162	5.214343582785061
Kocak_st2|rand_163	5.279690593866425
Kocak_st2|rand_164	5.126978785479064
Kocak_st2|rand_165	5.241724595868182
Kocak_st2|rand_166	5.044191531141641
Kocak_st2|rand_167	5.310319271451856
Kocak_st2|rand_168	5.516381484448468
Kocak_st2|rand_169	5.1846671176938415
Kocak_st2|rand_170	5.003881087152129
Kocak_st2|rand_171	5.080030664273882
Kocak_st2|rand_172	5.383333587368126
Kocak_st2|rand_173	5.2420568683650535
Kocak_st2|rand_174	4.994421713190541
Kocak_st2|rand_175	5.287837193117632
Kocak_st2|rand_176	5.155970131080303
Kocak_st2|rand_177	5.03887250762597
Kocak_st2|rand_178	5.217913534034434
Kocak_st2|rand_179	4.984199633962693
Kocak_st2|rand_180	5.214779780275244
Kocak_st2|rand_181	5.010032042903835
Kocak_st2|rand_182	5.032833795505295
Kocak_st2|rand_183	5.379473802880933
Kocak_st2|rand_184	4.90091884679853
Kocak_st2|rand_185	5.119148500626037
Kocak_st2|rand_186	4.974105845552089
Kocak_st2|rand_187	4.961633169443721
Kocak_st2|rand_188	5.111944171039178
Kocak_st2|rand_189	5.323455307508186
Kocak_st2|rand_190	5.1213282578524915
Kocak_st2|rand_191	5.374926271249298
Kocak_st2|rand_192	5.031292142440788
Kocak_st2|rand_193	5.084501206456512
Kocak_st2|rand_194	5.058322408663776
Kocak_st2|rand_195	4.813434244869203
Kocak_st2|rand_196	5.163473294308222
Kocak_st2|rand_197	5.310792231470247
Kocak_st2|rand_198	4.978613960502834
Kocak_st2|rand_199	5.2779842071174
Kocak_st2|rand_200	4.762313690288098
Kocak_st2|rand_201	5.167540199987276
Kocak_st2|rand_202	5.124446821583518
Kocak_st2|rand_203	5.493791309269761
Kocak_st2|rand_204	4.691033045324908
Kocak_st2|rand_205	5.048144406909316
Kocak_st2|rand_206	5.294790832893578
Kocak_st2|rand_207	5.34431232434625
Kocak_st2|rand_208	5.653203834237672
Kocak_st2|rand_209	4.9303111592554965
Kocak_st2|rand_210	5.2012963334169005
Kocak_st2|rand_211	5.155727970117862
Kocak_st2|rand_212	5.204294770944045
Kocak_st2|rand_213	5.177967183432471
Kocak_st2|rand_214	4.863110863300528
Kocak_st2|rand_215	5.292696285889892
Kocak_st2|rand_216	5.0309874188205
Kocak_st2|rand_217	5.2494706860243525
Kocak_st2|rand_218	5.128123575874577
Kocak_st2|rand_219	5.310442927707678
Kocak_st2|rand_220	5.38127807648467
Kocak_st2|rand_221	4.999083230877482
Kocak_st2|rand_222	5.360529153052939
Kocak_st2|rand_223	5.160787000897799
Kocak_st2|rand_224	5.250488291018386
Kocak_st2|rand_225	4.731437674985772
Kocak_st2|rand_226	5.188469243924911
Kocak_st2|rand_227	5.19348817417762
Kocak_st2|rand_228	4.878955533816886
Kocak_st2|rand_229	5.225726472845894
Kocak_st2|rand_230	5.361901155654155
Kocak_st2|rand_231	5.3052492770923685
Kocak_st2|rand_232	5.135899914839786
Kocak_st2|rand_233	5.015774454045189
Kocak_st2|rand_234	4.924451757248096
Kocak_st2|rand_235	5.103838834013599
Kocak_st2|rand_236	5.460994962944189
Kocak_st2|rand_237	5.212104191816731
Kocak_st2|rand_238	4.94907763879202
Kocak_st2|rand_239	5.208652625993373
Kocak_st2|rand_240	5.3626332019540515
Kocak_st2|rand_241	5.082362115115665
Kocak_st2|rand_242	5.179756513585044
Kocak_st2|rand_243	5.039875395681869
Kocak_st2|rand_244	4.818735406087789
Kocak_st2|rand_245	5.1659210172000645
Kocak_st2|rand_246	5.12972167263846
Kocak_st2|rand_247	5.065443368466504
Kocak_st2|rand_248	5.08074641085025
Kocak_st2|rand_249	5.276018631128313
Kocak_st2|rand_250	5.057148349834586
Kocak_st2|rand_251	5.290844608673822
Kocak_st2|rand_252	4.8690747130185965
Kocak_st2|rand_253	5.072129137811588
Kocak_st2|rand_254	5.322197456390795
Kocak_st2|rand_255	5.030965167013344
Kocak_st2|rand_256	5.302450790491175
Kocak_st2|rand_257	5.055615880178602
Kocak_st2|rand_258	5.124790443178603
Kocak_st2|rand_259	5.168341156958323
Kocak_st2|rand_260	4.926901432898084
Kocak_st2|rand_261	5.000878000922375
Kocak_st2|rand_262	5.225409327650606
Kocak_st2|rand_263	5.337795058431837
Kocak_st2|rand_264	4.90550704788611
Kocak_st2|rand_265	4.924121525013088
Kocak_st2|rand_266	4.954922039031569
Kocak_st2|rand_267	5.106549103327853
Kocak_st2|rand_268	4.979196270549469
Kocak_st2|rand_269	5.280880139111407
Kocak_st2|rand_270	5.216621378400641
Kocak_st2|rand_271	5.440061891556517
Kocak_st2|rand_272	5.412684465753574
Kocak_st2|rand_273	5.0282561352433754
Kocak_st2|rand_274	5.302401470525241
Kocak_st2|rand_275	5.250759656708647
Kocak_st2|rand_276	5.0885672192049185
Kocak_st2|rand_277	4.401332575957473
Kocak_st2|rand_278	5.525861073681747
Kocak_st2|rand_279	4.795331864615003
Kocak_st2|rand_280	4.972961178803749
Kocak_st2|rand_281	5.192272775185412
Kocak_st2|rand_282	5.175945903792524
Kocak_st2|rand_283	4.831790421360035
Kocak_st2|rand_284	4.927613379697333
Kocak_st2|rand_285	5.106808861553556
Kocak_st2|rand_286	5.1354353975479885
Kocak_st2|rand_287	5.101148609362651
Kocak_st2|rand_288	5.304958928363702
Kocak_st2|rand_289	5.091360413117942
Kocak_st2|rand_290	5.18072867984214
Kocak_st2|rand_291	4.698669588061121
Kocak_st2|rand_292	5.499326982076142
Kocak_st2|rand_293	5.342103834113704
Kocak_st2|rand_294	5.228167265644293
Kocak_st2|rand_295	4.97365719410482
Kocak_st2|rand_296	5.309625717747144
Kocak_st2|rand_297	5.106625970289471
Kocak_st2|rand_298	5.0139361813884875
Kocak_st2|rand_299	5.183804332899485
Kocak_st2|rand_300	4.962256985301632
Kocak_st2|rand_301	5.402147555602291
Kocak_st2|rand_302	5.074482697054646
Kocak_st2|rand_303	5.120061037686776
Kocak_st2|rand_304	5.450162147433526
Kocak_st2|rand_305	5.450159625271742
Kocak_st2|rand_306	5.476644780916205
Kocak_st2|rand_307	5.446610293825002
Kocak_st2|rand_308	5.266010427475952
Kocak_st2|rand_309	5.158864574841389
Kocak_st2|rand_310	4.957636190680405
Kocak_st2|rand_311	5.462033260289729
Kocak_st2|rand_312	5.478299468399636
Kocak_st2|rand_313	4.821172602580561
Kocak_st2|rand_314	5.200589928311816
Kocak_st2|rand_315	5.346881996857698
Kocak_st2|rand_316	4.854555678528066
Kocak_st2|rand_317	5.065284114280188
Kocak_st2|rand_318	5.558179959545632
Kocak_st2|rand_319	4.903187676910138
Kocak_st2|rand_320	4.895810267211808
Kocak_st2|rand_321	5.565447980292938
Kocak_st2|rand_322	5.2734036181433765
Kocak_st2|rand_323	5.061202672789212
Kocak_st2|rand_324	5.303983190904886
Kocak_st2|rand_325	5.376919792395336
Kocak_st2|rand_326	5.204524912046134
Kocak_st2|rand_327	5.043855422935862
Kocak_st2|rand_328	5.2094198797156155
Kocak_st2|rand_329	5.1364380428128635
Kocak_st2|rand_330	4.697640816785916
Kocak_st2|rand_331	5.351849419781893
Kocak_st2|rand_332	4.856109845870848
Kocak_st2|rand_333	5.257151744619874
Kocak_st2|rand_334	5.273831290359713
Kocak_st2|rand_335	5.403258107365009
Kocak_st2|rand_336	5.290013098050543
Kocak_st2|rand_337	5.088372501699037
Kocak_st2|rand_338	5.325178300510517
Kocak_st2|rand_339	5.40954072365086
Kocak_st2|rand_340	5.351443658158193
Kocak_st2|rand_341	5.3592250337285074
Kocak_st2|rand_342	5.1459439429302964
Kocak_st2|rand_343	5.261492217851317
Kocak_st2|rand_344	4.74013664895468
Kocak_st2|rand_345	5.418461303901347
Kocak_st2|rand_346	5.237162718679842
Kocak_st2|rand_347	4.6853601685927515
Kocak_st2|rand_348	5.164385737278708
Kocak_st2|rand_349	4.949909781418555
Kocak_st2|rand_350	5.317512928828537
Kocak_st2|rand_351	5.250236704937563
Kocak_st2|rand_352	5.47991851332038
Kocak_st2|rand_353	5.09607193154661
Kocak_st2|rand_354	4.987733933096604
Kocak_st2|rand_355	5.096522607161131
Kocak_st2|rand_356	4.843159954739685
Kocak_st2|rand_357	5.084753277240356
Kocak_st2|rand_358	5.374949315890496
Kocak_st2|rand_359	5.14335636612902
Kocak_st2|rand_360	5.146852632854956
Kocak_st2|rand_361	5.482095795847997
Kocak_st2|rand_362	5.103839715822387
Kocak_st2|rand_363	5.092557308076512
Kocak_st2|rand_364	5.083173595711484
Kocak_st2|rand_365	5.29018939108823
Kocak_st2|rand_366	5.110344677346842
Kocak_st2|rand_367	5.175375289790143
Kocak_st2|rand_368	5.334445357748784
Kocak_st2|rand_369	5.434820719741514
Kocak_st2|rand_370	5.401386040505234
Kocak_st2|rand_371	5.459541396188647
Kocak_st2|rand_372	5.358174470869242
Kocak_st2|rand_373	5.441560833162132
Kocak_st2|rand_374	5.177641424117216
Kocak_st2|rand_375	5.302564344901786
Kocak_st2|rand_376	5.283488620231307
Kocak_st2|rand_377	5.224099802281376
Kocak_st2|rand_378	5.346458764948737
Kocak_st2|rand_379	5.088312040881464
Kocak_st2|rand_380	5.06421865327705
Kocak_st2|rand_381	4.528657146251987
Kocak_st2|rand_382	5.2350106420563565
Kocak_st2|rand_383	4.985638894024416
Kocak_st2|rand_384	4.867424833175166
Kocak_st2|rand_385	4.980782139931107
Kocak_st2|rand_386	5.1468679097888135
Kocak_st2|rand_387	5.264770264810064
Kocak_st2|rand_388	5.342805468964605
Kocak_st2|rand_389	5.076312683476601
Kocak_st2|rand_390	5.067895809369611
Kocak_st2|rand_391	5.386186099634432
Kocak_st2|rand_392	5.045794253329097
Kocak_st2|rand_393	5.2700886634333965
Kocak_st2|rand_394	5.1986132465970645
Kocak_st2|rand_395	5.128057654366136
Kocak_st2|rand_396	5.0900169620965015
Kocak_st2|rand_397	5.096386835840182
Kocak_st2|rand_398	5.114136569750173
Kocak_st2|rand_399	5.532774011909868
Kocak_st2|rand_400	5.33369460677316
Kocak_st2|rand_401	5.058510409267517
Kocak_st2|rand_402	5.282273464763347
Kocak_st2|rand_403	5.479165815279538
Kocak_st2|rand_404	5.257039657340579
Kocak_st2|rand_405	5.34102313349171
Kocak_st2|rand_406	5.218441997485318
Kocak_st2|rand_407	5.361258884574189
Kocak_st2|rand_408	5.232976158576272
Kocak_st2|rand_409	5.238440181380089
Kocak_st2|rand_410	5.512009929017724
Kocak_st2|rand_411	5.271188371627297
Kocak_st2|rand_412	5.119643711066313
Kocak_st2|rand_413	5.410513334423853
Kocak_st2|rand_414	5.158603037759193
Kocak_st2|rand_415	4.997151054926637
Kocak_st2|rand_416	5.3427948563674255
Kocak_st2|rand_417	5.2770704421626355
Kocak_st2|rand_418	5.181801670289887
Kocak_st2|rand_419	5.160336756767359
Kocak_st2|rand_420	4.83886369760947
Kocak_st2|rand_421	5.423465116329681
Kocak_st2|rand_422	5.005791062679975
Kocak_st2|rand_423	5.149777586961906
Kocak_st2|rand_424	5.127330370289173
Kocak_st2|rand_425	5.070288840805378
Kocak_st2|rand_426	5.26635908738511
Kocak_st2|rand_427	5.296933503065123
Kocak_st2|rand_428	5.098605177981572
Kocak_st2|rand_429	5.206358616664638
Kocak_st2|rand_430	4.543520481187191
Kocak_st2|rand_431	5.176052206629713
Kocak_st2|rand_432	4.907560973531475
Kocak_st2|rand_433	5.212452870617207
Kocak_st2|rand_434	5.067993102259185
Kocak_st2|rand_435	5.30661476004565
Kocak_st2|rand_436	5.111197209397594
Kocak_st2|rand_437	5.466905119609928
Kocak_st2|rand_438	5.189095743916808
Kocak_st2|rand_439	5.152368589160591
Kocak_st2|rand_440	5.213436690559087
Kocak_st2|rand_441	5.319135069842204
Kocak_st2|rand_442	5.1594550783672695
Kocak_st2|rand_443	5.16496275492727
Kocak_st2|rand_444	5.385940817176069
Kocak_st2|rand_445	5.030235938136581
Kocak_st2|rand_446	5.2855896106652525
Kocak_st2|rand_447	5.066936621769407
Kocak_st2|rand_448	4.820211418835025
Kocak_st2|rand_449	5.023850546386518
Kocak_st2|rand_450	5.327131734295049
Kocak_st2|rand_451	5.060380115654135
Kocak_st2|rand_452	5.206529795827809
Kocak_st2|rand_453	5.053452953737599
Kocak_st2|rand_454	5.319208699859926
Kocak_st2|rand_455	4.9842382701407075
Kocak_st2|rand_456	5.1644276256728805
Kocak_st2|rand_457	5.094151959368593
Kocak_st2|rand_458	4.981577258964869
Kocak_st2|rand_459	4.882339388964827
Kocak_st2|rand_460	4.99759742781738
Kocak_st2|rand_461	4.99982815458024
Kocak_st2|rand_462	5.1567502642827545
Kocak_st2|rand_463	5.12314124632798
Kocak_st2|rand_464	5.187095291932788
Kocak_st2|rand_465	5.249369094434885
Kocak_st2|rand_466	5.075400317334274
Kocak_st2|rand_467	5.150092851248178
Kocak_st2|rand_468	4.887588511321714
Kocak_st2|rand_469	5.072633490502689
Kocak_st2|rand_470	5.274412860608022
Kocak_st2|rand_471	5.205184603261154
Kocak_st2|rand_472	4.790031822090346
Kocak_st2|rand_473	5.089936942897647
Kocak_st2|rand_474	5.256736127506593
Kocak_st2|rand_475	4.956664631023425
Kocak_st2|rand_476	5.1631018509894595
Kocak_st2|rand_477	5.145739320402362
Kocak_st2|rand_478	5.169534080272859
Kocak_st2|rand_479	5.3515133615499595
Kocak_st2|rand_480	4.6147301566617465
Kocak_st2|rand_481	4.803227172029943
Kocak_st2|rand_482	5.346547736788001
Kocak_st2|rand_483	5.349577007383522
Kocak_st2|rand_484	4.983609811788755
Kocak_st2|rand_485	5.238614787814117
Kocak_st2|rand_486	5.257302762129799
Kocak_st2|rand_487	5.139403747224754
Kocak_st2|rand_488	4.870277516341114
Kocak_st2|rand_489	5.302154764449395
Kocak_st2|rand_490	5.214101806900809
Kocak_st2|rand_491	5.078548139746145
Kocak_st2|rand_492	5.333886011061599
Kocak_st2|rand_493	5.190612804354867
Kocak_st2|rand_494	5.501732839831908
Kocak_st2|rand_495	5.0288471319975905
Kocak_st2|rand_496	5.276793514624801
Kocak_st2|rand_497	5.086761655332122
Kocak_st2|rand_498	4.9552220624312255
Kocak_st2|rand_499	5.045292741700357
Kocak_st2|rand_500	4.945002044946277
Kocak_st2|rand_501	5.227245164604429
Kocak_st2|rand_502	5.127615461977259
Kocak_st2|rand_503	5.02023676442674
Kocak_st2|rand_504	5.232046055045471
Kocak_st2|rand_505	5.319379734398904
Kocak_st2|rand_506	5.389665823525922
Kocak_st2|rand_507	4.974740871977592
Kocak_st2|rand_508	5.5159506940078815
Kocak_st2|rand_509	5.09006888040659
Kocak_st2|rand_510	5.328143678369747
Kocak_st2|rand_511	5.232547802864858
Kocak_st2|rand_512	5.425706862438356
Kocak_st2|rand_513	5.261761288504676
Kocak_st2|rand_514	5.000154586108628
Kocak_st2|rand_515	5.293031884941146
Kocak_st2|rand_516	4.8904406890287095
Kocak_st2|rand_517	5.230020184716033
Kocak_st2|rand_518	5.160843781804933
Kocak_st2|rand_519	4.6257862249963155
Kocak_st2|rand_520	4.668449965440121
Kocak_st2|rand_521	5.20356775584231
Kocak_st2|rand_522	5.167856787679595
Kocak_st2|rand_523	4.952316862009495
Kocak_st2|rand_524	4.96802444671719
Kocak_st2|rand_525	5.337033591184772
Kocak_st2|rand_526	5.4426200519283165
Kocak_st2|rand_527	5.070984804924105
Kocak_st2|rand_528	5.486501889024068
Kocak_st2|rand_529	5.351096763427385
Kocak_st2|rand_530	4.950962710465533
Kocak_st2|rand_531	5.162638445185654
Kocak_st2|rand_532	5.013773990547135
Kocak_st2|rand_533	5.135322940745232
Kocak_st2|rand_534	5.238934118489715
Kocak_st2|rand_535	5.268237159629006
Kocak_st2|rand_536	5.301438072627341
Kocak_st2|rand_537	5.101452229358145
Kocak_st2|rand_538	5.293014515786083
Kocak_st2|rand_539	5.009374927507395
Kocak_st2|rand_540	5.06083019159054
Kocak_st2|rand_541	4.941503381964816
Kocak_st2|rand_542	5.150837459187003
Kocak_st2|rand_543	5.187149067446304
Kocak_st2|rand_544	5.290257452559031
Kocak_st2|rand_545	5.149728087409632
Kocak_st2|rand_546	4.893648118214381
Kocak_st2|rand_547	5.310512488866114
Kocak_st2|rand_548	5.038822751532942
Kocak_st2|rand_549	5.174675665109869
Kocak_st2|rand_550	4.903983788330099
Kocak_st2|rand_551	5.28713544975766
Kocak_st2|rand_552	5.007413029682142
Kocak_st2|rand_553	5.311945533465537
Kocak_st2|rand_554	5.292791596439833
Kocak_st2|rand_555	5.028947330151339
Kocak_st2|rand_556	5.174092623945578
Kocak_st2|rand_557	4.751888940509022
Kocak_st2|rand_558	5.453422476314288
Kocak_st2|rand_559	5.087745394596563
Kocak_st2|rand_560	5.257993690394026
Kocak_st2|rand_561	5.3386321863858885
Kocak_st2|rand_562	5.128202237923113
Kocak_st2|rand_563	5.288862806157978
Kocak_st2|rand_564	5.100494923340583
Kocak_st2|rand_565	5.247174070242963
Kocak_st2|rand_566	5.280258091184021
Kocak_st2|rand_567	5.227589665233225
Kocak_st2|rand_568	5.2365606598093635
Kocak_st2|rand_569	5.18980307127732
Kocak_st2|rand_570	4.952167803916286
Kocak_st2|rand_571	4.7673316697609565
Kocak_st2|rand_572	5.290889978705853
Kocak_st2|rand_573	5.22923529047062
Kocak_st2|rand_574	5.3770299930548635
Kocak_st2|rand_575	5.24182499829877
Kocak_st2|rand_576	4.659504685233205
Kocak_st2|rand_577	5.20535862591068
Kocak_st2|rand_578	5.025721195910153
Kocak_st2|rand_579	5.211193631473077
Kocak_st2|rand_580	5.4891112253504275
Kocak_st2|rand_581	5.228205422997256
Kocak_st2|rand_582	5.280892606265659
Kocak_st2|rand_583	5.136048085330067
Kocak_st2|rand_584	5.215235087993837
Kocak_st2|rand_585	4.948652267183169
Kocak_st2|rand_586	4.8622424227122325
Kocak_st2|rand_587	5.201433902904477
Kocak_st2|rand_588	5.1737246439212905
Kocak_st2|rand_589	5.482547214498768
Kocak_st2|rand_590	5.126252633234341
Kocak_st2|rand_591	5.004592290011196
Kocak_st2|rand_592	5.391420508795598
Kocak_st2|rand_593	5.156406427036878
Kocak_st2|rand_594	5.057165661765367
Kocak_st2|rand_595	4.963061378020416
Kocak_st2|rand_596	5.312837826824106
Kocak_st2|rand_597	5.1028179431783665
Kocak_st2|rand_598	5.1626803559570025
Kocak_st2|rand_599	5.393678846003582
Kocak_st2|rand_600	5.05955042507237
Kocak_st2|rand_601	5.156497710878448
Kocak_st2|rand_602	5.003595301562926
Kocak_st2|rand_603	5.015567823419833
Kocak_st2|rand_604	4.979525101372781
Kocak_st2|rand_605	5.095276784628361
Kocak_st2|rand_606	5.224014030270557
Kocak_st2|rand_607	5.039772650086978
Kocak_st2|rand_608	5.015357909450679
Kocak_st2|rand_609	5.148931661950238
Kocak_st2|rand_610	5.074646549778077
Kocak_st2|rand_611	5.144481652782456
Kocak_st2|rand_612	5.375036415458282
Kocak_st2|rand_613	5.011413294838417
Kocak_st2|rand_614	5.235776726657408
Kocak_st2|rand_615	5.213470362572134
Kocak_st2|rand_616	5.1846586852483165
Kocak_st2|rand_617	5.344385071877168
Kocak_st2|rand_618	4.977133688661099
Kocak_st2|rand_619	4.74751668851796
Kocak_st2|rand_620	5.2398983439093385
Kocak_st2|rand_621	5.299628435810597
Kocak_st2|rand_622	4.922733212818938
Kocak_st2|rand_623	5.367148829272474
Kocak_st2|rand_624	5.318309277132554
Kocak_st2|rand_625	5.122362878336028
Kocak_st2|rand_626	5.180021184758125
Kocak_st2|rand_627	5.047469966846537
Kocak_st2|rand_628	5.028071033334446
Kocak_st2|rand_629	4.662537604109363
Kocak_st2|rand_630	4.964094933931982
Kocak_st2|rand_631	5.046774834486784
Kocak_st2|rand_632	5.1795170947522235
Kocak_st2|rand_633	5.30749019109047
Kocak_st2|rand_634	5.150730465546709
Kocak_st2|rand_635	5.089814838454347
Kocak_st2|rand_636	5.309341365830097
Kocak_st2|rand_637	5.12305268328734
Kocak_st2|rand_638	5.070991816665096
Kocak_st2|rand_639	4.738743782550216
Kocak_st2|rand_640	4.75904638411564
Kocak_st2|rand_641	4.942012621917834
Kocak_st2|rand_642	5.199509711813237
Kocak_st2|rand_643	5.399090114049457
Kocak_st2|rand_644	5.288930393870603
Kocak_st2|rand_645	4.990563783272615
Kocak_st2|rand_646	5.482867919043527
Kocak_st2|rand_647	4.927699142668927
Kocak_st2|rand_648	5.311300787074654
Kocak_st2|rand_649	5.051148100161282
Kocak_st2|rand_650	5.044305615258313
Kocak_st2|rand_651	5.1167726952939665
Kocak_st2|rand_652	5.262107494183477
Kocak_st2|rand_653	5.192055918208637
Kocak_st2|rand_654	5.465586513225745
Kocak_st2|rand_655	5.114102856048797
Kocak_st2|rand_656	4.988085696835166
Kocak_st2|rand_657	5.178781600884807
Kocak_st2|rand_658	4.900417008697066
Kocak_st2|rand_659	5.009963747375856
Kocak_st2|rand_660	5.0448904532205825
Kocak_st2|rand_661	4.942316418624569
Kocak_st2|rand_662	5.40672448766081
Kocak_st2|rand_663	5.397945979475879
Kocak_st2|rand_664	5.035713103795278
Kocak_st2|rand_665	5.086045014080149
Kocak_st2|rand_666	5.395578017310936
Kocak_st2|rand_667	5.185753150713098
Kocak_st2|rand_668	5.153041644761598
Kocak_st2|rand_669	4.999214752983672
Kocak_st2|rand_670	5.338869002813384
Kocak_st2|rand_671	4.914549089481173
Kocak_st2|rand_672	5.196270732962922
Kocak_st2|rand_673	5.0400186559164615
Kocak_st2|rand_674	5.1756550895363675
Kocak_st2|rand_675	5.047261828712627
Kocak_st2|rand_676	5.551912554006086
Kocak_st2|rand_677	5.237669172064534
Kocak_st2|rand_678	5.0425495252199255
Kocak_st2|rand_679	5.288232066250382
Kocak_st2|rand_680	5.963489651186671
Kocak_st2|rand_681	4.789533262734026
Kocak_st2|rand_682	5.343228638379205
Kocak_st2|rand_683	5.211104175847476
Kocak_st2|rand_684	5.177497979401414
Kocak_st2|rand_685	5.558919791125051
Kocak_st2|rand_686	5.138591690990158
Kocak_st2|rand_687	4.989213326084618
Kocak_st2|rand_688	5.445387406073348
Kocak_st2|rand_689	5.238396529135103
Kocak_st2|rand_690	5.33486634314031
Kocak_st2|rand_691	5.2546046697680895
Kocak_st2|rand_692	5.512248514449493
Kocak_st2|rand_693	5.255836065325663
Kocak_st2|rand_694	5.206759441744259
Kocak_st2|rand_695	5.259803688706942
Kocak_st2|rand_696	4.956131511981178
Kocak_st2|rand_697	5.410912182635806
Kocak_st2|rand_698	5.11999956018409
Kocak_st2|rand_699	5.284504900046739
Kocak_st2|rand_700	5.130080454075967
Kocak_st2|rand_701	4.996997716226724
Kocak_st2|rand_702	5.395203346931547
Kocak_st2|rand_703	5.181108278852263
Kocak_st2|rand_704	5.2675033165656595
Kocak_st2|rand_705	5.072655024648286
Kocak_st2|rand_706	4.887793630231278
Kocak_st2|rand_707	4.981270509013194
Kocak_st2|rand_708	5.158356317981125
Kocak_st2|rand_709	4.850801643544099
Kocak_st2|rand_710	4.9884972224050275
Kocak_st2|rand_711	4.975308777682985
Kocak_st2|rand_712	4.987042008227672
Kocak_st2|rand_713	4.888984869649657
Kocak_st2|rand_714	5.066286750912157
Kocak_st2|rand_715	5.4536733495137995
Kocak_st2|rand_716	5.341596372724462
Kocak_st2|rand_717	5.19345908340791
Kocak_st2|rand_718	5.283017541984771
Kocak_st2|rand_719	5.187154145696036
Kocak_st2|rand_720	5.431222111424659
Kocak_st2|rand_721	5.029298856011271
Kocak_st2|rand_722	5.033749247805851
Kocak_st2|rand_723	4.899715276878413
Kocak_st2|rand_724	5.151866258984124
Kocak_st2|rand_725	4.991290900472877
Kocak_st2|rand_726	5.193586448046777
Kocak_st2|rand_727	5.0830618485139425
Kocak_st2|rand_728	5.290939604323491
Kocak_st2|rand_729	5.124089145516268
Kocak_st2|rand_730	5.414762495656152
Kocak_st2|rand_731	5.335258047908908
Kocak_st2|rand_732	5.142984430591138
Kocak_st2|rand_733	4.97004341147358
Kocak_st2|rand_734	5.021106255825538
Kocak_st2|rand_735	5.351750691893232
Kocak_st2|rand_736	5.386697107243772
Kocak_st2|rand_737	5.273125535690879
Kocak_st2|rand_738	5.419256253012418
Kocak_st2|rand_739	5.466254988579583
Kocak_st2|rand_740	5.230636531340234
Kocak_st2|rand_741	5.219107834393751
Kocak_st2|rand_742	4.910801057672117
Kocak_st2|rand_743	5.110063391155687
Kocak_st2|rand_744	5.22820933950511
Kocak_st2|rand_745	5.450422450292327
Kocak_st2|rand_746	4.966251231027727
Kocak_st2|rand_747	5.279426474716333
Kocak_st2|rand_748	5.360285589701168
Kocak_st2|rand_749	5.0427278469064785
Kocak_st2|rand_750	5.388378221459112
Kocak_st2|rand_751	5.1200402871711255
Kocak_st2|rand_752	5.044189837388221
Kocak_st2|rand_753	5.394755779042419
Kocak_st2|rand_754	5.127896709913147
Kocak_st2|rand_755	5.236630830001359
Kocak_st2|rand_756	5.190529121871835
Kocak_st2|rand_757	4.706421597492156
Kocak_st2|rand_758	5.057986901237814
Kocak_st2|rand_759	5.067956423901721
Kocak_st2|rand_760	5.279286005608077
Kocak_st2|rand_761	5.136213577897348
Kocak_st2|rand_762	5.082440132281522
Kocak_st2|rand_763	5.191588222189564
Kocak_st2|rand_764	5.200529289557777
Kocak_st2|rand_765	5.184838912340156
Kocak_st2|rand_766	4.973745522613089
Kocak_st2|rand_767	5.287986901305148
Kocak_st2|rand_768	5.190023177842807
Kocak_st2|rand_769	5.179520451501399
Kocak_st2|rand_770	5.107280137207509
Kocak_st2|rand_771	5.466728792617019
Kocak_st2|rand_772	5.13097052295682
Kocak_st2|rand_773	5.071332695003612
Kocak_st2|rand_774	4.935094699888456
Kocak_st2|rand_775	4.835108050096692
Kocak_st2|rand_776	4.641921250397652
Kocak_st2|rand_777	5.549276176406212
Kocak_st2|rand_778	5.364808236166647
Kocak_st2|rand_779	5.363926690642099
Kocak_st2|rand_780	5.293340988751135
Kocak_st2|rand_781	5.559139596043878
Kocak_st2|rand_782	5.022610106354153
Kocak_st2|rand_783	5.1657909824013775
Kocak_st2|rand_784	5.3212760284883895
Kocak_st2|rand_785	4.903135166963409
Kocak_st2|rand_786	5.193696791606702
Kocak_st2|rand_787	5.307522736434635
Kocak_st2|rand_788	4.96715450980346
Kocak_st2|rand_789	5.25599347945075
Kocak_st2|rand_790	4.77055822529436
Kocak_st2|rand_791	5.12059378791724
Kocak_st2|rand_792	4.792988979609732
Kocak_st2|rand_793	5.034291176614191
Kocak_st2|rand_794	5.1282916724540355
Kocak_st2|rand_795	5.162017311934653
Kocak_st2|rand_796	5.132313335479107
Kocak_st2|rand_797	5.031010740865116
Kocak_st2|rand_798	4.982843191937712
Kocak_st2|rand_799	4.96906296709444
Kocak_st2|rand_800	5.049403594337068
Kocak_st2|rand_801	5.27285925698855
Kocak_st2|rand_802	5.3529004321077895
Kocak_st2|rand_803	4.951847392779752
Kocak_st2|rand_804	5.388393704892937
Kocak_st2|rand_805	5.296971645668389
Kocak_st2|rand_806	5.048724566591383
Kocak_st2|rand_807	5.4182837004710445
Kocak_st2|rand_808	5.341819416331713
Kocak_st2|rand_809	4.97598121425075
Kocak_st2|rand_810	5.208884040660715
Kocak_st2|rand_811	5.34618617761217
Kocak_st2|rand_812	5.185464868685794
Kocak_st2|rand_813	5.0737717986845405
Kocak_st2|rand_814	5.065025388519806
Kocak_st2|rand_815	5.170926880272387
Kocak_st2|rand_816	5.1969067905380575
Kocak_st2|rand_817	5.3485398084138795
Kocak_st2|rand_818	5.230909809614517
Kocak_st2|rand_819	5.433342022696048
Kocak_st2|rand_820	5.308619197485304
Kocak_st2|rand_821	5.257195446099917
Kocak_st2|rand_822	5.06980261296982
Kocak_st2|rand_823	5.281485416299105
Kocak_st2|rand_824	4.886014675603873
Kocak_st2|rand_825	5.1711255251970725
Kocak_st2|rand_826	5.24252837729484
Kocak_st2|rand_827	5.054535255146776
Kocak_st2|rand_828	5.071377761364477
Kocak_st2|rand_829	4.9841570664236485
Kocak_st2|rand_830	5.278222045388106
Kocak_st2|rand_831	5.427608613114127
Kocak_st2|rand_832	4.945997341354038
Kocak_st2|rand_833	4.942407938700096
Kocak_st2|rand_834	4.925738592387684
Kocak_st2|rand_835	4.899250338077345
Kocak_st2|rand_836	4.956449118432056
Kocak_st2|rand_837	5.099875243887802
Kocak_st2|rand_838	5.390048761974608
Kocak_st2|rand_839	5.153433701552652
Kocak_st2|rand_840	5.362202173752951
Kocak_st2|rand_841	5.202812122599835
Kocak_st2|rand_842	4.973602347240927
Kocak_st2|rand_843	5.047403748548335
Kocak_st2|rand_844	5.212513680428841
Kocak_st2|rand_845	5.179917089277927
Kocak_st2|rand_846	5.325415734311317
Kocak_st2|rand_847	4.824328213079734
Kocak_st2|rand_848	5.1113151312888565
Kocak_st2|rand_849	5.160868063057737
Kocak_st2|rand_850	5.351683022533829
Kocak_st2|rand_851	5.444322276187298
Kocak_st2|rand_852	5.208190449642388
Kocak_st2|rand_853	5.148619574244003
Kocak_st2|rand_854	5.258135886020592
Kocak_st2|rand_855	5.120010344728282
Kocak_st2|rand_856	4.7550400062930915
Kocak_st2|rand_857	4.975557846404846
Kocak_st2|rand_858	4.936289521179496
Kocak_st2|rand_859	5.403253507432254
Kocak_st2|rand_860	5.337302958338711
Kocak_st2|rand_861	5.404352790389305
Kocak_st2|rand_862	5.420400245546463
Kocak_st2|rand_863	5.3224327656934385
Kocak_st2|rand_864	5.094598058216866
Kocak_st2|rand_865	5.170524411246812
Kocak_st2|rand_866	4.871263085760723
Kocak_st2|rand_867	5.2296140402530344
Kocak_st2|rand_868	5.282682991045815
Kocak_st2|rand_869	5.11833153201999
Kocak_st2|rand_870	5.079477884648406
Kocak_st2|rand_871	5.002366012506713
Kocak_st2|rand_872	5.2886366259614555
Kocak_st2|rand_873	5.415679683810872
Kocak_st2|rand_874	5.000175835911973
Kocak_st2|rand_875	5.098554356831389
Kocak_st2|rand_876	5.0305419824422435
Kocak_st2|rand_877	5.510684001677433
Kocak_st2|rand_878	5.26942520156373
Kocak_st2|rand_879	4.981548616978124
Kocak_st2|rand_880	5.115905734241318
Kocak_st2|rand_881	4.879919011122712
Kocak_st2|rand_882	5.2493892650353695
Kocak_st2|rand_883	4.85070524309954
Kocak_st2|rand_884	4.790841073628718
Kocak_st2|rand_885	4.865361421753754
Kocak_st2|rand_886	5.1998642535645665
Kocak_st2|rand_887	5.261059858520005
Kocak_st2|rand_888	5.216068612422301
Kocak_st2|rand_889	5.059337728632263
Kocak_st2|rand_890	5.14935374105167
Kocak_st2|rand_891	5.051192734981263
Kocak_st2|rand_892	5.1161243380266965
Kocak_st2|rand_893	5.334934904932282
Kocak_st2|rand_894	5.376546687110492
Kocak_st2|rand_895	4.654624523708807
Kocak_st2|rand_896	5.112537078799304
Kocak_st2|rand_897	5.397815481717972
Kocak_st2|rand_898	5.252571575368546
Kocak_st2|rand_899	4.927335607472769
Kocak_st2|rand_900	5.467082706664816
Kocak_st2|rand_901	5.321213444288251
Kocak_st2|rand_902	5.111039427441781
Kocak_st2|rand_903	4.90987882985589
Kocak_st2|rand_904	5.353041952916331
Kocak_st2|rand_905	5.016804195635722
Kocak_st2|rand_906	5.0459038558508675
Kocak_st2|rand_907	5.101145982098246
Kocak_st2|rand_908	5.1712805605537975
Kocak_st2|rand_909	4.707765608647477
Kocak_st2|rand_910	4.952484079470752
Kocak_st2|rand_911	5.246930186017563
Kocak_st2|rand_912	4.843655027027446
Kocak_st2|rand_913	5.351205479201051
Kocak_st2|rand_914	5.549182001813328
Kocak_st2|rand_915	4.96188220454741
Kocak_st2|rand_916	5.39936887947705
Kocak_st2|rand_917	4.9168688851061155
Kocak_st2|rand_918	4.951779307474489
Kocak_st2|rand_919	4.982821957915702
Kocak_st2|rand_920	5.338162796703493
Kocak_st2|rand_921	5.191364941749235
Kocak_st2|rand_922	5.283022808406681
Kocak_st2|rand_923	5.004052644157524
Kocak_st2|rand_924	5.551401149690915
Kocak_st2|rand_925	5.413718989790327
Kocak_st2|rand_926	4.923403939344656
Kocak_st2|rand_927	4.850146423630049
Kocak_st2|rand_928	5.4235069970227325
Kocak_st2|rand_929	5.225178247835008
Kocak_st2|rand_930	5.376959704876759
Kocak_st2|rand_931	4.785810043005566
Kocak_st2|rand_932	5.234886438238459
Kocak_st2|rand_933	5.238039163305872
Kocak_st2|rand_934	5.10077708842767
Kocak_st2|rand_935	4.931336581042943
Kocak_st2|rand_936	5.3175404699186055
Kocak_st2|rand_937	4.914726094183718
Kocak_st2|rand_938	5.0316297247989255
Kocak_st2|rand_939	5.234553871364692
Kocak_st2|rand_940	5.218828879156219
Kocak_st2|rand_941	5.417440627344602
Kocak_st2|rand_942	4.851340774495727
Kocak_st2|rand_943	5.504571024266387
Kocak_st2|rand_944	5.210221791994435
Kocak_st2|rand_945	4.744718308815475
Kocak_st2|rand_946	5.3438417249275725
Kocak_st2|rand_947	4.6370023178046855
Kocak_st2|rand_948	5.026318814466628
Kocak_st2|rand_949	5.026980935759903
Kocak_st2|rand_950	4.86241672923682
Kocak_st2|rand_951	5.18051128400088
Kocak_st2|rand_952	4.944687905247375
Kocak_st2|rand_953	5.128736571665092
Kocak_st2|rand_954	5.302427757619895
Kocak_st2|rand_955	5.0363055191903126
Kocak_st2|rand_956	4.958689803535529
Kocak_st2|rand_957	5.3928743454804176
Kocak_st2|rand_958	5.371379845179475
Kocak_st2|rand_959	5.274017077914312
Kocak_st2|rand_960	5.261664659408999
Kocak_st2|rand_961	4.685773803628925
Kocak_st2|rand_962	4.921364173999597
Kocak_st2|rand_963	5.298694591382781
Kocak_st2|rand_964	5.177632774544194
Kocak_st2|rand_965	5.434644997357255
Kocak_st2|rand_966	4.935314135930537
Kocak_st2|rand_967	5.1044415967622765
Kocak_st2|rand_968	4.911809547910203
Kocak_st2|rand_969	5.349889364026251
Kocak_st2|rand_970	4.94767356783885
Kocak_st2|rand_971	5.335379757868859
Kocak_st2|rand_972	5.216644096067254
Kocak_st2|rand_973	5.035636180860685
Kocak_st2|rand_974	5.439336082607572
Kocak_st2|rand_975	5.120250744960287
Kocak_st2|rand_976	5.422320581884413
Kocak_st2|rand_977	4.980610145908631
Kocak_st2|rand_978	5.110151439762276
Kocak_st2|rand_979	5.448316768844775
Kocak_st2|rand_980	5.179206561532611
Kocak_st2|rand_981	5.11018486399956
Kocak_st2|rand_982	4.493224129702081
Kocak_st2|rand_983	5.370260048269351
Kocak_st2|rand_984	5.176280855976483
Kocak_st2|rand_985	5.269025442268582
Kocak_st2|rand_986	5.3186895737955275
Kocak_st2|rand_987	5.220892551935146
Kocak_st2|rand_988	5.222956050211848
Kocak_st2|rand_989	5.365867364497665
Kocak_st2|rand_990	5.400376668425885
Kocak_st2|rand_991	5.133671342049079
Kocak_st2|rand_992	4.851358878701515
Kocak_st2|rand_993	5.077534816251662
Kocak_st2|rand_994	4.985581211031474
Kocak_st2|rand_995	5.060935062528908
Kocak_st2|rand_996	5.03988560560659
Kocak_st2|rand_997	5.216340792304775
Kocak_st2|rand_998	5.169286664016089
Kocak_st2|rand_999	4.994171917233587
Kocak_st2|rand_1000	5.476428261095524
Kocak_st3|rand_1	4.761950789357722
Kocak_st3|rand_2	5.520160102132761
Kocak_st3|rand_3	5.359568986599921
Kocak_st3|rand_4	5.256840382082717
Kocak_st3|rand_5	5.014728475529375
Kocak_st3|rand_6	5.230951518505324
Kocak_st3|rand_7	5.243754582625717
Kocak_st3|rand_8	5.063158489529685
Kocak_st3|rand_9	5.066115736033809
Kocak_st3|rand_10	5.181763697449897
Kocak_st3|rand_11	5.387445112103644
Kocak_st3|rand_12	5.351377404071553
Kocak_st3|rand_13	4.9642762700194725
Kocak_st3|rand_14	5.0984924167357875
Kocak_st3|rand_15	4.76232101746831
Kocak_st3|rand_16	5.309212732533769
Kocak_st3|rand_17	5.398353271299847
Kocak_st3|rand_18	5.454578774033158
Kocak_st3|rand_19	4.885934768498135
Kocak_st3|rand_20	5.2164357927877285
Kocak_st3|rand_21	5.280014409291372
Kocak_st3|rand_22	5.084467394417999
Kocak_st3|rand_23	5.569629396921351
Kocak_st3|rand_24	4.988817859563798
Kocak_st3|rand_25	4.623249525024773
Kocak_st3|rand_26	5.318866354367251
Kocak_st3|rand_27	5.269275598651575
Kocak_st3|rand_28	5.384097431278955
Kocak_st3|rand_29	5.305865663842113
Kocak_st3|rand_30	4.876081660936275
Kocak_st3|rand_31	5.335442278735297
Kocak_st3|rand_32	5.071595364522486
Kocak_st3|rand_33	5.341409920487099
Kocak_st3|rand_34	4.9819697868192
Kocak_st3|rand_35	5.0994529629408705
Kocak_st3|rand_36	5.0992723813949965
Kocak_st3|rand_37	5.4736297806361405
Kocak_st3|rand_38	5.405846178486706
Kocak_st3|rand_39	5.16917538704386
Kocak_st3|rand_40	4.7180657042189535
Kocak_st3|rand_41	5.226465878018163
Kocak_st3|rand_42	5.326240007228948
Kocak_st3|rand_43	4.811756124097557
Kocak_st3|rand_44	5.264136364563295
Kocak_st3|rand_45	5.117004293572945
Kocak_st3|rand_46	5.186816525493258
Kocak_st3|rand_47	5.411305167307733
Kocak_st3|rand_48	5.222443483206806
Kocak_st3|rand_49	5.15682972094783
Kocak_st3|rand_50	5.302243223875848
Kocak_st3|rand_51	5.517553994558413
Kocak_st3|rand_52	5.481146999043496
Kocak_st3|rand_53	5.2067402868775945
Kocak_st3|rand_54	5.2175661841433225
Kocak_st3|rand_55	5.463110880649206
Kocak_st3|rand_56	4.906311942529621
Kocak_st3|rand_57	5.406820525617548
Kocak_st3|rand_58	5.236124931353442
Kocak_st3|rand_59	4.8368345187778194
Kocak_st3|rand_60	5.378141761496424
Kocak_st3|rand_61	5.005563933252921
Kocak_st3|rand_62	4.68914845443683
Kocak_st3|rand_63	5.258808888869941
Kocak_st3|rand_64	5.072501348140514
Kocak_st3|rand_65	4.956522127362179
Kocak_st3|rand_66	4.725800562635506
Kocak_st3|rand_67	5.417708701917209
Kocak_st3|rand_68	5.106379546552957
Kocak_st3|rand_69	5.3919814406496345
Kocak_st3|rand_70	4.999341104664986
Kocak_st3|rand_71	5.18694704861818
Kocak_st3|rand_72	5.105085696362957
Kocak_st3|rand_73	5.451220766944809
Kocak_st3|rand_74	5.0811122913831275
Kocak_st3|rand_75	5.1353271302671955
Kocak_st3|rand_76	5.07430646051369
Kocak_st3|rand_77	4.962209922951406
Kocak_st3|rand_78	5.246977455119519
Kocak_st3|rand_79	5.721644559551534
Kocak_st3|rand_80	5.127303445838416
Kocak_st3|rand_81	4.734231423979074
Kocak_st3|rand_82	5.331717758285868
Kocak_st3|rand_83	5.651993921593276
Kocak_st3|rand_84	5.050276033321548
Kocak_st3|rand_85	5.293048311559852
Kocak_st3|rand_86	5.120389314189938
Kocak_st3|rand_87	5.159063132795201
Kocak_st3|rand_88	5.246435729737449
Kocak_st3|rand_89	5.106316604226998
Kocak_st3|rand_90	5.132969963264364
Kocak_st3|rand_91	5.316630244335489
Kocak_st3|rand_92	5.332759171874471
Kocak_st3|rand_93	5.154531606089135
Kocak_st3|rand_94	5.241188588841441
Kocak_st3|rand_95	5.116846018080111
Kocak_st3|rand_96	4.810178375672238
Kocak_st3|rand_97	5.032740666398931
Kocak_st3|rand_98	5.151626256511769
Kocak_st3|rand_99	5.186038727862514
Kocak_st3|rand_100	5.428189117620606
Kocak_st3|rand_101	5.378328712695335
Kocak_st3|rand_102	5.0255519028857405
Kocak_st3|rand_103	4.9916393033095945
Kocak_st3|rand_104	5.415310032665786
Kocak_st3|rand_105	5.433313171743332
Kocak_st3|rand_106	5.035563849137343
Kocak_st3|rand_107	5.074378227027517
Kocak_st3|rand_108	5.101451578821615
Kocak_st3|rand_109	5.0509592695600025
Kocak_st3|rand_110	4.989827035108345
Kocak_st3|rand_111	5.326174641169943
Kocak_st3|rand_112	5.182184284746066
Kocak_st3|rand_113	5.3868557630999705
Kocak_st3|rand_114	5.489163739125712
Kocak_st3|rand_115	4.871654152751576
Kocak_st3|rand_116	5.174272647497948
Kocak_st3|rand_117	5.126011720799624
Kocak_st3|rand_118	5.112740663574844
Kocak_st3|rand_119	5.253674322751681
Kocak_st3|rand_120	5.198608080833703
Kocak_st3|rand_121	5.221358130271282
Kocak_st3|rand_122	5.536316441801474
Kocak_st3|rand_123	5.310616310581143
Kocak_st3|rand_124	5.037349981061027
Kocak_st3|rand_125	4.537889926929535
Kocak_st3|rand_126	5.526280575675494
Kocak_st3|rand_127	5.55152581000244
Kocak_st3|rand_128	5.0270100248657785
Kocak_st3|rand_129	5.047005936743547
Kocak_st3|rand_130	5.2604764301816935
Kocak_st3|rand_131	5.2369617837357945
Kocak_st3|rand_132	5.148256293689127
Kocak_st3|rand_133	5.523171140454733
Kocak_st3|rand_134	5.5965764187010425
Kocak_st3|rand_135	4.9836710552538985
Kocak_st3|rand_136	5.319630805761612
Kocak_st3|rand_137	5.161236773402478
Kocak_st3|rand_138	5.083153343556283
Kocak_st3|rand_139	5.227376883536052
Kocak_st3|rand_140	4.812615647854246
Kocak_st3|rand_141	5.481891091949228
Kocak_st3|rand_142	5.6949707637367615
Kocak_st3|rand_143	5.025339663696731
Kocak_st3|rand_144	5.250720935906402
Kocak_st3|rand_145	5.337454503013196
Kocak_st3|rand_146	5.16222300930659
Kocak_st3|rand_147	5.5650921582785315
Kocak_st3|rand_148	5.1520386911550995
Kocak_st3|rand_149	5.449141967602493
Kocak_st3|rand_150	5.123467259117108
Kocak_st3|rand_151	5.19294448889111
Kocak_st3|rand_152	5.269911473161701
Kocak_st3|rand_153	5.255478627403829
Kocak_st3|rand_154	5.272527117549273
Kocak_st3|rand_155	5.3542562458708405
Kocak_st3|rand_156	5.0941110488126835
Kocak_st3|rand_157	5.33330217747635
Kocak_st3|rand_158	5.3012926500939725
Kocak_st3|rand_159	5.386174309672593
Kocak_st3|rand_160	5.058482233872339
Kocak_st3|rand_161	5.251180790513873
Kocak_st3|rand_162	5.185131961679071
Kocak_st3|rand_163	5.259062238368601
Kocak_st3|rand_164	5.233637107534015
Kocak_st3|rand_165	5.385427105974541
Kocak_st3|rand_166	5.109321416426245
Kocak_st3|rand_167	5.308455693532454
Kocak_st3|rand_168	5.404698161073598
Kocak_st3|rand_169	5.413857310935186
Kocak_st3|rand_170	4.656145358119463
Kocak_st3|rand_171	5.157860585359179
Kocak_st3|rand_172	5.041659235454982
Kocak_st3|rand_173	5.20701441924431
Kocak_st3|rand_174	5.097821344215975
Kocak_st3|rand_175	5.647520147430084
Kocak_st3|rand_176	5.153368206045684
Kocak_st3|rand_177	4.852307932337936
Kocak_st3|rand_178	5.252576794803099
Kocak_st3|rand_179	4.653168140186454
Kocak_st3|rand_180	5.269438198755203
Kocak_st3|rand_181	4.8550229664085975
Kocak_st3|rand_182	5.108490158894434
Kocak_st3|rand_183	5.384109083482564
Kocak_st3|rand_184	4.926175275445251
Kocak_st3|rand_185	5.045076878699561
Kocak_st3|rand_186	4.956992964753754
Kocak_st3|rand_187	5.028079030049792
Kocak_st3|rand_188	5.268408826004748
Kocak_st3|rand_189	5.346399139032234
Kocak_st3|rand_190	5.3729296032153595
Kocak_st3|rand_191	5.430867311571078
Kocak_st3|rand_192	5.269750474909916
Kocak_st3|rand_193	5.061754579892838
Kocak_st3|rand_194	4.929476975029642
Kocak_st3|rand_195	4.786554894740868
Kocak_st3|rand_196	5.445695961294633
Kocak_st3|rand_197	5.365955889599912
Kocak_st3|rand_198	5.101329750030194
Kocak_st3|rand_199	5.573296977175642
Kocak_st3|rand_200	4.879868387158094
Kocak_st3|rand_201	5.284241194988359
Kocak_st3|rand_202	5.117001512583536
Kocak_st3|rand_203	5.2935235401578
Kocak_st3|rand_204	5.007274260792041
Kocak_st3|rand_205	5.362577699517544
Kocak_st3|rand_206	5.465556063538286
Kocak_st3|rand_207	5.533617542651694
Kocak_st3|rand_208	5.590749897417774
Kocak_st3|rand_209	5.076425584150981
Kocak_st3|rand_210	5.0883250419721495
Kocak_st3|rand_211	5.293728343264971
Kocak_st3|rand_212	5.314476132553204
Kocak_st3|rand_213	5.318078843757769
Kocak_st3|rand_214	4.890247005018455
Kocak_st3|rand_215	5.325116572403987
Kocak_st3|rand_216	5.134733040093953
Kocak_st3|rand_217	5.1208891326844475
Kocak_st3|rand_218	5.172476111843415
Kocak_st3|rand_219	5.043450939691411
Kocak_st3|rand_220	5.204705127971817
Kocak_st3|rand_221	5.18164756106399
Kocak_st3|rand_222	5.2887854971051
Kocak_st3|rand_223	5.141497603317592
Kocak_st3|rand_224	5.389831460713736
Kocak_st3|rand_225	4.928700607446733
Kocak_st3|rand_226	5.213591183163977
Kocak_st3|rand_227	5.564658477138973
Kocak_st3|rand_228	4.928820233360247
Kocak_st3|rand_229	4.9491663297498585
Kocak_st3|rand_230	5.526239485859654
Kocak_st3|rand_231	5.359177962291111
Kocak_st3|rand_232	5.129621150114606
Kocak_st3|rand_233	5.330951475222487
Kocak_st3|rand_234	4.8888506448577385
Kocak_st3|rand_235	4.835537293154107
Kocak_st3|rand_236	5.462861228370539
Kocak_st3|rand_237	5.1678495798992445
Kocak_st3|rand_238	4.871399305535978
Kocak_st3|rand_239	5.287761027863753
Kocak_st3|rand_240	5.414444097307787
Kocak_st3|rand_241	5.33512408534655
Kocak_st3|rand_242	5.004771244792398
Kocak_st3|rand_243	5.321839353616434
Kocak_st3|rand_244	4.929797433660157
Kocak_st3|rand_245	5.057712139211756
Kocak_st3|rand_246	5.163881493143589
Kocak_st3|rand_247	5.196809261491134
Kocak_st3|rand_248	5.073679926956731
Kocak_st3|rand_249	5.605189744957919
Kocak_st3|rand_250	5.347265448498911
Kocak_st3|rand_251	5.423429462236566
Kocak_st3|rand_252	4.631178807707545
Kocak_st3|rand_253	5.223860367173333
Kocak_st3|rand_254	5.27561368218468
Kocak_st3|rand_255	5.15509654024709
Kocak_st3|rand_256	5.47110122211425
Kocak_st3|rand_257	5.400266311241565
Kocak_st3|rand_258	5.513052591369671
Kocak_st3|rand_259	5.331619072950519
Kocak_st3|rand_260	4.844620538424019
Kocak_st3|rand_261	5.299659355396678
Kocak_st3|rand_262	5.029723247691313
Kocak_st3|rand_263	5.310281709408841
Kocak_st3|rand_264	5.028901327986729
Kocak_st3|rand_265	5.162612437463795
Kocak_st3|rand_266	4.982995648132101
Kocak_st3|rand_267	5.343230628545149
Kocak_st3|rand_268	5.2166520894673925
Kocak_st3|rand_269	5.263704492235593
Kocak_st3|rand_270	5.197126301043675
Kocak_st3|rand_271	5.402554669875624
Kocak_st3|rand_272	5.484120248140941
Kocak_st3|rand_273	5.1410648847694445
Kocak_st3|rand_274	5.236959755664451
Kocak_st3|rand_275	5.476431915360333
Kocak_st3|rand_276	5.295694347007586
Kocak_st3|rand_277	4.571348975853542
Kocak_st3|rand_278	5.207461593140663
Kocak_st3|rand_279	4.927487119693725
Kocak_st3|rand_280	5.015299578349634
Kocak_st3|rand_281	5.20347595752434
Kocak_st3|rand_282	4.735950949320461
Kocak_st3|rand_283	5.053512257426783
Kocak_st3|rand_284	5.18285670546073
Kocak_st3|rand_285	5.107704821308614
Kocak_st3|rand_286	5.480734230244948
Kocak_st3|rand_287	5.240251998343708
Kocak_st3|rand_288	5.518384247326952
Kocak_st3|rand_289	5.020083657350595
Kocak_st3|rand_290	5.202804716223365
Kocak_st3|rand_291	4.3671480250582695
Kocak_st3|rand_292	5.6660301392983
Kocak_st3|rand_293	5.295543962119702
Kocak_st3|rand_294	5.252082922463754
Kocak_st3|rand_295	4.9872223740553165
Kocak_st3|rand_296	5.490255866820632
Kocak_st3|rand_297	4.944979485058311
Kocak_st3|rand_298	5.138117530546104
Kocak_st3|rand_299	5.298278140098233
Kocak_st3|rand_300	5.182083276619881
Kocak_st3|rand_301	5.357709012796294
Kocak_st3|rand_302	4.9420457357264365
Kocak_st3|rand_303	5.165346696684238
Kocak_st3|rand_304	5.314708730093133
Kocak_st3|rand_305	5.641088615142121
Kocak_st3|rand_306	5.419246419575869
Kocak_st3|rand_307	5.3049890196232266
Kocak_st3|rand_308	5.359920207671879
Kocak_st3|rand_309	5.100655201464815
Kocak_st3|rand_310	4.848667155980981
Kocak_st3|rand_311	5.462814531578402
Kocak_st3|rand_312	5.467743441120895
Kocak_st3|rand_313	4.772845891725379
Kocak_st3|rand_314	5.26608027490144
Kocak_st3|rand_315	5.390274806074694
Kocak_st3|rand_316	5.217118391046401
Kocak_st3|rand_317	5.054662409909702
Kocak_st3|rand_318	5.69579759410883
Kocak_st3|rand_319	4.845233862874333
Kocak_st3|rand_320	5.226953826990044
Kocak_st3|rand_321	5.3990407419350115
Kocak_st3|rand_322	5.299289866288346
Kocak_st3|rand_323	5.139265043050688
Kocak_st3|rand_324	5.171072164923969
Kocak_st3|rand_325	5.225602643470941
Kocak_st3|rand_326	5.253770316668251
Kocak_st3|rand_327	5.330951095285516
Kocak_st3|rand_328	5.015918256515089
Kocak_st3|rand_329	5.103795324311932
Kocak_st3|rand_330	5.223558286316728
Kocak_st3|rand_331	5.5381964759352575
Kocak_st3|rand_332	5.284916916671613
Kocak_st3|rand_333	5.469988242950054
Kocak_st3|rand_334	5.318804526866518
Kocak_st3|rand_335	5.502606159823665
Kocak_st3|rand_336	5.171953776979752
Kocak_st3|rand_337	5.343874735901194
Kocak_st3|rand_338	5.32170843276774
Kocak_st3|rand_339	5.426949318829201
Kocak_st3|rand_340	5.340227617791272
Kocak_st3|rand_341	5.288068690593662
Kocak_st3|rand_342	5.122200535234573
Kocak_st3|rand_343	4.733716531531819
Kocak_st3|rand_344	4.78045912756735
Kocak_st3|rand_345	5.5200851068553165
Kocak_st3|rand_346	5.354118027598009
Kocak_st3|rand_347	4.672305483030009
Kocak_st3|rand_348	5.372175706292626
Kocak_st3|rand_349	5.169364108702652
Kocak_st3|rand_350	5.266930927926273
Kocak_st3|rand_351	5.311165282502902
Kocak_st3|rand_352	5.361766719587402
Kocak_st3|rand_353	5.24201578453056
Kocak_st3|rand_354	5.200538943008298
Kocak_st3|rand_355	5.073401555625142
Kocak_st3|rand_356	4.998276345311732
Kocak_st3|rand_357	5.206626443874265
Kocak_st3|rand_358	5.432027957497178
Kocak_st3|rand_359	5.185686174610503
Kocak_st3|rand_360	5.2517606419015275
Kocak_st3|rand_361	5.287146849849875
Kocak_st3|rand_362	5.272384965187536
Kocak_st3|rand_363	5.1520419449954264
Kocak_st3|rand_364	5.3270621213929354
Kocak_st3|rand_365	5.464209706639734
Kocak_st3|rand_366	4.978423374509877
Kocak_st3|rand_367	5.339676106168073
Kocak_st3|rand_368	5.301040667818804
Kocak_st3|rand_369	5.523021738641584
Kocak_st3|rand_370	5.519009404833442
Kocak_st3|rand_371	5.440440101333289
Kocak_st3|rand_372	5.434146514841447
Kocak_st3|rand_373	5.5451158982548305
Kocak_st3|rand_374	5.646331681049392
Kocak_st3|rand_375	5.3920634555665545
Kocak_st3|rand_376	5.409982339155741
Kocak_st3|rand_377	5.317044051206924
Kocak_st3|rand_378	5.1132343284035935
Kocak_st3|rand_379	5.311257641371819
Kocak_st3|rand_380	5.053870492395939
Kocak_st3|rand_381	4.687951290608433
Kocak_st3|rand_382	5.277652526522784
Kocak_st3|rand_383	5.052413372599214
Kocak_st3|rand_384	4.839449100504146
Kocak_st3|rand_385	5.017961478286924
Kocak_st3|rand_386	5.220023070005006
Kocak_st3|rand_387	5.411261195653369
Kocak_st3|rand_388	5.3084541487339445
Kocak_st3|rand_389	5.2076598006558195
Kocak_st3|rand_390	5.378303306065729
Kocak_st3|rand_391	5.408223880640751
Kocak_st3|rand_392	5.0091820672999
Kocak_st3|rand_393	5.031234476549481
Kocak_st3|rand_394	5.123795658213278
Kocak_st3|rand_395	4.943848740020837
Kocak_st3|rand_396	5.3891203873112925
Kocak_st3|rand_397	5.13206483418
Kocak_st3|rand_398	5.273719164471106
Kocak_st3|rand_399	5.635748022890848
Kocak_st3|rand_400	5.530723132930577
Kocak_st3|rand_401	5.15111710361191
Kocak_st3|rand_402	5.340193910426652
Kocak_st3|rand_403	5.900102505508469
Kocak_st3|rand_404	5.215376652972163
Kocak_st3|rand_405	5.42189409468237
Kocak_st3|rand_406	5.133759708251559
Kocak_st3|rand_407	5.242140836365697
Kocak_st3|rand_408	5.527124552697897
Kocak_st3|rand_409	5.0292069661533105
Kocak_st3|rand_410	5.524534127540258
Kocak_st3|rand_411	5.1731922867577005
Kocak_st3|rand_412	5.124188117086687
Kocak_st3|rand_413	5.225088584476416
Kocak_st3|rand_414	5.282036789093866
Kocak_st3|rand_415	5.303032550734284
Kocak_st3|rand_416	5.568737030131818
Kocak_st3|rand_417	5.412466048573929
Kocak_st3|rand_418	5.25448371434837
Kocak_st3|rand_419	5.098727156243081
Kocak_st3|rand_420	5.11640722215214
Kocak_st3|rand_421	5.350463243325993
Kocak_st3|rand_422	5.281796864627764
Kocak_st3|rand_423	5.353474110713676
Kocak_st3|rand_424	5.485061334382449
Kocak_st3|rand_425	4.982160023039862
Kocak_st3|rand_426	5.11973235219427
Kocak_st3|rand_427	5.652583389309384
Kocak_st3|rand_428	5.23166034185858
Kocak_st3|rand_429	5.494999169842368
Kocak_st3|rand_430	4.498639405614095
Kocak_st3|rand_431	5.458449512604117
Kocak_st3|rand_432	4.804829441025194
Kocak_st3|rand_433	5.479057012896672
Kocak_st3|rand_434	5.160222234020548
Kocak_st3|rand_435	5.476064068424698
Kocak_st3|rand_436	5.312989388965139
Kocak_st3|rand_437	5.497856686823422
Kocak_st3|rand_438	5.270257827505404
Kocak_st3|rand_439	5.1788662484706
Kocak_st3|rand_440	5.213387923278242
Kocak_st3|rand_441	5.445496525488074
Kocak_st3|rand_442	5.18841692265909
Kocak_st3|rand_443	5.20192189891035
Kocak_st3|rand_444	5.376944671940357
Kocak_st3|rand_445	5.054580197614035
Kocak_st3|rand_446	5.253713035541254
Kocak_st3|rand_447	5.313613962122034
Kocak_st3|rand_448	4.82874038984933
Kocak_st3|rand_449	4.937994352374686
Kocak_st3|rand_450	5.257470083711734
Kocak_st3|rand_451	5.316400268849871
Kocak_st3|rand_452	5.135451443932853
Kocak_st3|rand_453	4.9179302561825615
Kocak_st3|rand_454	5.112806177984629
Kocak_st3|rand_455	5.013298641549541
Kocak_st3|rand_456	5.122369515367554
Kocak_st3|rand_457	4.897797557192727
Kocak_st3|rand_458	5.065488047436002
Kocak_st3|rand_459	4.664320918958092
Kocak_st3|rand_460	5.122773201003276
Kocak_st3|rand_461	5.14172720622858
Kocak_st3|rand_462	5.150097657422865
Kocak_st3|rand_463	4.822477890471785
Kocak_st3|rand_464	5.22700362244985
Kocak_st3|rand_465	5.345649193021195
Kocak_st3|rand_466	5.093231606016155
Kocak_st3|rand_467	5.402335834401759
Kocak_st3|rand_468	5.003402741906279
Kocak_st3|rand_469	5.111858652497121
Kocak_st3|rand_470	5.224688818012214
Kocak_st3|rand_471	5.159193921582371
Kocak_st3|rand_472	5.137571540025343
Kocak_st3|rand_473	5.485510809397169
Kocak_st3|rand_474	5.2895992116124555
Kocak_st3|rand_475	4.945212762850185
Kocak_st3|rand_476	5.3081920388499935
Kocak_st3|rand_477	5.214571134358549
Kocak_st3|rand_478	5.074258682934686
Kocak_st3|rand_479	5.156194234374231
Kocak_st3|rand_480	4.689485332774483
Kocak_st3|rand_481	5.112410317609762
Kocak_st3|rand_482	5.276557424132296
Kocak_st3|rand_483	5.488746089700379
Kocak_st3|rand_484	5.396148723427946
Kocak_st3|rand_485	5.1291658838171985
Kocak_st3|rand_486	5.112061325628754
Kocak_st3|rand_487	5.237484553471363
Kocak_st3|rand_488	5.050100056848254
Kocak_st3|rand_489	5.432907976150819
Kocak_st3|rand_490	5.223448810765577
Kocak_st3|rand_491	5.090013882542115
Kocak_st3|rand_492	5.384437432008918
Kocak_st3|rand_493	5.219712239692835
Kocak_st3|rand_494	5.65282873218191
Kocak_st3|rand_495	5.005363478473522
Kocak_st3|rand_496	5.398850874117879
Kocak_st3|rand_497	5.022740477066451
Kocak_st3|rand_498	4.967792706142292
Kocak_st3|rand_499	5.036367356202295
Kocak_st3|rand_500	5.072517321712215
Kocak_st3|rand_501	5.368378907535601
Kocak_st3|rand_502	5.250077272284891
Kocak_st3|rand_503	5.039335747136568
Kocak_st3|rand_504	5.253961985373585
Kocak_st3|rand_505	5.304934740067067
Kocak_st3|rand_506	5.231380666136061
Kocak_st3|rand_507	4.884404463125167
Kocak_st3|rand_508	5.4067143593384435
Kocak_st3|rand_509	5.10375384582095
Kocak_st3|rand_510	5.397088089110135
Kocak_st3|rand_511	5.201246795361344
Kocak_st3|rand_512	5.313126062425105
Kocak_st3|rand_513	5.274315529054393
Kocak_st3|rand_514	5.4722479491651885
Kocak_st3|rand_515	5.153053482623254
Kocak_st3|rand_516	5.08014290974024
Kocak_st3|rand_517	5.255747279560054
Kocak_st3|rand_518	5.024046864469403
Kocak_st3|rand_519	4.976313101248909
Kocak_st3|rand_520	4.777637215210245
Kocak_st3|rand_521	5.290293518546572
Kocak_st3|rand_522	5.006669072499765
Kocak_st3|rand_523	5.077299598941752
Kocak_st3|rand_524	5.181954696167141
Kocak_st3|rand_525	5.163848437166863
Kocak_st3|rand_526	5.480876272828592
Kocak_st3|rand_527	5.075041042244929
Kocak_st3|rand_528	5.5533574544994595
Kocak_st3|rand_529	5.306319824061665
Kocak_st3|rand_530	4.817318958871748
Kocak_st3|rand_531	5.297698729201678
Kocak_st3|rand_532	5.072189240743064
Kocak_st3|rand_533	4.99937590971992
Kocak_st3|rand_534	5.264094533347667
Kocak_st3|rand_535	4.858010192424809
Kocak_st3|rand_536	5.255394872229352
Kocak_st3|rand_537	4.968558993435833
Kocak_st3|rand_538	5.46595541814715
Kocak_st3|rand_539	5.156260395781926
Kocak_st3|rand_540	5.045242057659372
Kocak_st3|rand_541	5.23656259263809
Kocak_st3|rand_542	5.245861327476047
Kocak_st3|rand_543	5.217765724154289
Kocak_st3|rand_544	5.270854889014051
Kocak_st3|rand_545	5.053006491313052
Kocak_st3|rand_546	5.077855067127462
Kocak_st3|rand_547	5.123401198858976
Kocak_st3|rand_548	5.220158640727987
Kocak_st3|rand_549	5.383971501944805
Kocak_st3|rand_550	5.006899667974726
Kocak_st3|rand_551	5.425017426234729
Kocak_st3|rand_552	4.922479313117423
Kocak_st3|rand_553	5.190996134185673
Kocak_st3|rand_554	5.544167474548749
Kocak_st3|rand_555	5.3311419270018
Kocak_st3|rand_556	5.150016825554578
Kocak_st3|rand_557	4.884783760269453
Kocak_st3|rand_558	5.434709327612569
Kocak_st3|rand_559	4.972613391176714
Kocak_st3|rand_560	5.026253783799432
Kocak_st3|rand_561	5.1903375591881105
Kocak_st3|rand_562	5.373368095995624
Kocak_st3|rand_563	5.194262818123962
Kocak_st3|rand_564	5.095546053123447
Kocak_st3|rand_565	5.661748426174439
Kocak_st3|rand_566	5.262437675522129
Kocak_st3|rand_567	5.015916751479955
Kocak_st3|rand_568	5.578167498207611
Kocak_st3|rand_569	5.186170083908603
Kocak_st3|rand_570	5.222732442525225
Kocak_st3|rand_571	4.850673124646926
Kocak_st3|rand_572	5.234134905265275
Kocak_st3|rand_573	5.085996589693434
Kocak_st3|rand_574	5.351842569793229
Kocak_st3|rand_575	5.015392444876318
Kocak_st3|rand_576	4.813939529379997
Kocak_st3|rand_577	5.189285059572401
Kocak_st3|rand_578	5.120830783694963
Kocak_st3|rand_579	5.301037673937892
Kocak_st3|rand_580	5.709026189542038
Kocak_st3|rand_581	5.351018639291771
Kocak_st3|rand_582	5.544157159404402
Kocak_st3|rand_583	5.146486719386981
Kocak_st3|rand_584	5.129221581098796
Kocak_st3|rand_585	5.205091721395333
Kocak_st3|rand_586	5.426944506330415
Kocak_st3|rand_587	5.211404464722727
Kocak_st3|rand_588	5.290127467605153
Kocak_st3|rand_589	5.732764283409404
Kocak_st3|rand_590	5.402103192380877
Kocak_st3|rand_591	5.032957605789147
Kocak_st3|rand_592	5.564737111238817
Kocak_st3|rand_593	5.063277518613039
Kocak_st3|rand_594	5.068706794306843
Kocak_st3|rand_595	5.177664369320786
Kocak_st3|rand_596	5.409434269929666
Kocak_st3|rand_597	4.960222370728646
Kocak_st3|rand_598	5.338347797105206
Kocak_st3|rand_599	5.244898457787991
Kocak_st3|rand_600	5.009176441990309
Kocak_st3|rand_601	5.164980740045997
Kocak_st3|rand_602	5.270038276638419
Kocak_st3|rand_603	5.16686368671782
Kocak_st3|rand_604	4.958440749026357
Kocak_st3|rand_605	5.062634554922865
Kocak_st3|rand_606	5.226573434393809
Kocak_st3|rand_607	4.847854116634587
Kocak_st3|rand_608	5.202627164263527
Kocak_st3|rand_609	5.439829620299501
Kocak_st3|rand_610	5.1082688866459085
Kocak_st3|rand_611	5.273243193711331
Kocak_st3|rand_612	5.197703072062309
Kocak_st3|rand_613	5.008965680557925
Kocak_st3|rand_614	5.362060043874459
Kocak_st3|rand_615	5.637284543799857
Kocak_st3|rand_616	5.312192653935304
Kocak_st3|rand_617	5.274181061810706
Kocak_st3|rand_618	5.130505463229491
Kocak_st3|rand_619	4.876346266474228
Kocak_st3|rand_620	5.29362391440064
Kocak_st3|rand_621	5.277510052438136
Kocak_st3|rand_622	4.9348669754206655
Kocak_st3|rand_623	5.476038848342117
Kocak_st3|rand_624	5.371898684893366
Kocak_st3|rand_625	4.970053013343063
Kocak_st3|rand_626	5.239489287345099
Kocak_st3|rand_627	5.0859083299439085
Kocak_st3|rand_628	4.656169022312653
Kocak_st3|rand_629	4.646100118643175
Kocak_st3|rand_630	5.068344000431624
Kocak_st3|rand_631	5.196748631023324
Kocak_st3|rand_632	5.39107861172319
Kocak_st3|rand_633	5.274976014234887
Kocak_st3|rand_634	5.277972775465779
Kocak_st3|rand_635	5.406683968602564
Kocak_st3|rand_636	5.131551733074438
Kocak_st3|rand_637	5.237232451346937
Kocak_st3|rand_638	5.0964584022919075
Kocak_st3|rand_639	5.012550377992001
Kocak_st3|rand_640	4.686756873540554
Kocak_st3|rand_641	5.201479197193249
Kocak_st3|rand_642	5.4763546292411664
Kocak_st3|rand_643	5.314266633830326
Kocak_st3|rand_644	5.508226549137835
Kocak_st3|rand_645	5.14860451933145
Kocak_st3|rand_646	5.321151465979153
Kocak_st3|rand_647	5.21563856243177
Kocak_st3|rand_648	5.238733931238026
Kocak_st3|rand_649	5.032572819685621
Kocak_st3|rand_650	5.426021836300718
Kocak_st3|rand_651	5.225355985493473
Kocak_st3|rand_652	5.218790578365601
Kocak_st3|rand_653	4.9684207049712485
Kocak_st3|rand_654	5.497306032593914
Kocak_st3|rand_655	5.051401331266546
Kocak_st3|rand_656	5.42187255602832
Kocak_st3|rand_657	5.299135600206115
Kocak_st3|rand_658	5.316317743296269
Kocak_st3|rand_659	5.228205727766667
Kocak_st3|rand_660	5.194327052392031
Kocak_st3|rand_661	5.0031470232721444
Kocak_st3|rand_662	5.345251454108909
Kocak_st3|rand_663	5.532190280606874
Kocak_st3|rand_664	5.05876587735231
Kocak_st3|rand_665	5.132137682626103
Kocak_st3|rand_666	5.27165123380569
Kocak_st3|rand_667	5.175884665770156
Kocak_st3|rand_668	5.158905030848782
Kocak_st3|rand_669	5.296462847988251
Kocak_st3|rand_670	5.296607206563918
Kocak_st3|rand_671	5.284798306096705
Kocak_st3|rand_672	5.364516125224982
Kocak_st3|rand_673	5.514967937265098
Kocak_st3|rand_674	5.303900773865017
Kocak_st3|rand_675	5.0636834966241535
Kocak_st3|rand_676	5.474995496424433
Kocak_st3|rand_677	5.00453275136822
Kocak_st3|rand_678	5.186892602912058
Kocak_st3|rand_679	5.635699577573492
Kocak_st3|rand_680	5.815564087719581
Kocak_st3|rand_681	4.948496274258447
Kocak_st3|rand_682	5.506995986581258
Kocak_st3|rand_683	5.400064923955738
Kocak_st3|rand_684	5.0556966558835015
Kocak_st3|rand_685	5.507905435799298
Kocak_st3|rand_686	5.124709932587631
Kocak_st3|rand_687	5.0788495918865
Kocak_st3|rand_688	5.513173445315184
Kocak_st3|rand_689	5.460942312162153
Kocak_st3|rand_690	5.374202027072588
Kocak_st3|rand_691	5.246242109425844
Kocak_st3|rand_692	5.3887281267355345
Kocak_st3|rand_693	5.202594446152439
Kocak_st3|rand_694	5.419880526397967
Kocak_st3|rand_695	5.230254248301025
Kocak_st3|rand_696	5.048730020595685
Kocak_st3|rand_697	5.219850753327401
Kocak_st3|rand_698	5.344648920631196
Kocak_st3|rand_699	5.230103850899909
Kocak_st3|rand_700	4.915581265758785
Kocak_st3|rand_701	5.416188542854418
Kocak_st3|rand_702	5.614066488008667
Kocak_st3|rand_703	5.090506204028503
Kocak_st3|rand_704	5.237473884525309
Kocak_st3|rand_705	5.370712737505759
Kocak_st3|rand_706	5.013139848586904
Kocak_st3|rand_707	5.369947407659651
Kocak_st3|rand_708	5.181338057222216
Kocak_st3|rand_709	5.261059154559655
Kocak_st3|rand_710	5.050589534638158
Kocak_st3|rand_711	4.882184829198617
Kocak_st3|rand_712	4.763252740682496
Kocak_st3|rand_713	4.700329825435528
Kocak_st3|rand_714	5.137595367571468
Kocak_st3|rand_715	5.45638135203032
Kocak_st3|rand_716	5.269204375954688
Kocak_st3|rand_717	5.335474377152222
Kocak_st3|rand_718	5.410321726076543
Kocak_st3|rand_719	5.225638396943357
Kocak_st3|rand_720	5.211052495094937
Kocak_st3|rand_721	5.346061068943066
Kocak_st3|rand_722	5.075236416914111
Kocak_st3|rand_723	5.213548828842709
Kocak_st3|rand_724	4.6466191250214655
Kocak_st3|rand_725	5.217872400726463
Kocak_st3|rand_726	5.191454381556565
Kocak_st3|rand_727	5.088262404903208
Kocak_st3|rand_728	5.470797770096308
Kocak_st3|rand_729	5.075002527685277
Kocak_st3|rand_730	5.404003966578266
Kocak_st3|rand_731	5.341672454424447
Kocak_st3|rand_732	5.308778901421152
Kocak_st3|rand_733	5.019741980003034
Kocak_st3|rand_734	5.219412953014871
Kocak_st3|rand_735	5.462847417530514
Kocak_st3|rand_736	5.4421463358852336
Kocak_st3|rand_737	5.409781006122842
Kocak_st3|rand_738	5.3915485346050085
Kocak_st3|rand_739	5.428275675527572
Kocak_st3|rand_740	5.108128313501791
Kocak_st3|rand_741	5.146931582246027
Kocak_st3|rand_742	5.079344591523032
Kocak_st3|rand_743	5.074715020440525
Kocak_st3|rand_744	5.237278730302559
Kocak_st3|rand_745	5.482305808519387
Kocak_st3|rand_746	5.1565172325374595
Kocak_st3|rand_747	5.188361609603167
Kocak_st3|rand_748	5.526980748614557
Kocak_st3|rand_749	5.510043153489288
Kocak_st3|rand_750	5.306405861932741
Kocak_st3|rand_751	5.186734225887794
Kocak_st3|rand_752	5.460617666744609
Kocak_st3|rand_753	5.373893406250555
Kocak_st3|rand_754	5.384995111842748
Kocak_st3|rand_755	5.185277891911093
Kocak_st3|rand_756	5.331392091950042
Kocak_st3|rand_757	5.092568595252488
Kocak_st3|rand_758	5.41765505643303
Kocak_st3|rand_759	5.063800321860463
Kocak_st3|rand_760	5.417618694187204
Kocak_st3|rand_761	5.282843297611063
Kocak_st3|rand_762	4.974036289195367
Kocak_st3|rand_763	5.076392988232531
Kocak_st3|rand_764	5.069837879810631
Kocak_st3|rand_765	4.967851002336357
Kocak_st3|rand_766	5.050025082716126
Kocak_st3|rand_767	5.384448838142582
Kocak_st3|rand_768	5.371655263280729
Kocak_st3|rand_769	5.441782162566749
Kocak_st3|rand_770	4.989601522533704
Kocak_st3|rand_771	5.6224404729598465
Kocak_st3|rand_772	5.141537120695287
Kocak_st3|rand_773	5.175269313505344
Kocak_st3|rand_774	4.797544532189051
Kocak_st3|rand_775	4.90921229675666
Kocak_st3|rand_776	4.235276113864812
Kocak_st3|rand_777	5.393652325701055
Kocak_st3|rand_778	5.312399219738847
Kocak_st3|rand_779	5.6155138841609125
Kocak_st3|rand_780	5.111662469190723
Kocak_st3|rand_781	5.442373678854471
Kocak_st3|rand_782	4.688072585365874
Kocak_st3|rand_783	4.894392336136266
Kocak_st3|rand_784	5.399077670697687
Kocak_st3|rand_785	5.363365859047138
Kocak_st3|rand_786	5.105849387701195
Kocak_st3|rand_787	5.385403778938791
Kocak_st3|rand_788	4.991064531132533
Kocak_st3|rand_789	5.291608991925278
Kocak_st3|rand_790	5.150150322968904
Kocak_st3|rand_791	4.813372870266815
Kocak_st3|rand_792	4.973071115739912
Kocak_st3|rand_793	5.236992735938642
Kocak_st3|rand_794	5.305078113745354
Kocak_st3|rand_795	5.279549390335458
Kocak_st3|rand_796	5.115397255615858
Kocak_st3|rand_797	5.362187830929552
Kocak_st3|rand_798	5.29647680212232
Kocak_st3|rand_799	5.0292165461346094
Kocak_st3|rand_800	4.661039804566538
Kocak_st3|rand_801	5.345591206625615
Kocak_st3|rand_802	5.305095828244412
Kocak_st3|rand_803	5.228873688140222
Kocak_st3|rand_804	5.339359104341638
Kocak_st3|rand_805	5.316432882083984
Kocak_st3|rand_806	4.906457352911135
Kocak_st3|rand_807	5.43154785665355
Kocak_st3|rand_808	5.2350391772878115
Kocak_st3|rand_809	5.355591902436096
Kocak_st3|rand_810	5.108163603343382
Kocak_st3|rand_811	5.3274759769468565
Kocak_st3|rand_812	5.205032625463251
Kocak_st3|rand_813	5.143646170297094
Kocak_st3|rand_814	5.249017670464384
Kocak_st3|rand_815	4.991879071395854
Kocak_st3|rand_816	5.394385968960559
Kocak_st3|rand_817	5.217162277942974
Kocak_st3|rand_818	5.128047008510498
Kocak_st3|rand_819	5.318788515379484
Kocak_st3|rand_820	5.190185237770488
Kocak_st3|rand_821	5.1693542754361115
Kocak_st3|rand_822	4.831388332712962
Kocak_st3|rand_823	5.434551626941594
Kocak_st3|rand_824	4.64074923248327
Kocak_st3|rand_825	5.115639603669714
Kocak_st3|rand_826	5.232936317178217
Kocak_st3|rand_827	4.977456442997422
Kocak_st3|rand_828	5.253241178013988
Kocak_st3|rand_829	5.150899627077764
Kocak_st3|rand_830	5.336612230597484
Kocak_st3|rand_831	5.450550658634307
Kocak_st3|rand_832	5.04653452865249
Kocak_st3|rand_833	4.9599836794617485
Kocak_st3|rand_834	5.128592468669972
Kocak_st3|rand_835	5.213309520801189
Kocak_st3|rand_836	5.150361920100478
Kocak_st3|rand_837	5.191187005894671
Kocak_st3|rand_838	5.193987004456192
Kocak_st3|rand_839	5.348115221168394
Kocak_st3|rand_840	5.428484939275067
Kocak_st3|rand_841	5.014145961811103
Kocak_st3|rand_842	5.127937754320234
Kocak_st3|rand_843	5.017875849789766
Kocak_st3|rand_844	5.046560934670281
Kocak_st3|rand_845	5.196502888994671
Kocak_st3|rand_846	5.4935757210362945
Kocak_st3|rand_847	4.963461914845895
Kocak_st3|rand_848	5.333544069457331
Kocak_st3|rand_849	4.966935211778809
Kocak_st3|rand_850	5.051148002692637
Kocak_st3|rand_851	5.396254833214143
Kocak_st3|rand_852	5.173208119827879
Kocak_st3|rand_853	5.409607701844568
Kocak_st3|rand_854	5.417235898151892
Kocak_st3|rand_855	5.183304213066665
Kocak_st3|rand_856	4.526435155612952
Kocak_st3|rand_857	4.804236075603533
Kocak_st3|rand_858	5.27281453801848
Kocak_st3|rand_859	5.362877409074601
Kocak_st3|rand_860	5.192269001404643
Kocak_st3|rand_861	5.259525797894675
Kocak_st3|rand_862	5.193441296105102
Kocak_st3|rand_863	5.188108076882646
Kocak_st3|rand_864	5.010673842112002
Kocak_st3|rand_865	5.332522114002326
Kocak_st3|rand_866	4.7668409064657915
Kocak_st3|rand_867	5.40405498296428
Kocak_st3|rand_868	5.270764901285746
Kocak_st3|rand_869	5.2030112846361325
Kocak_st3|rand_870	5.084020445128573
Kocak_st3|rand_871	5.422863755553972
Kocak_st3|rand_872	5.5110932338803185
Kocak_st3|rand_873	5.383392213041795
Kocak_st3|rand_874	5.39340859376259
Kocak_st3|rand_875	5.177760222290086
Kocak_st3|rand_876	4.954961250363677
Kocak_st3|rand_877	5.501124575694571
Kocak_st3|rand_878	5.1661216627735875
Kocak_st3|rand_879	4.98227413566742
Kocak_st3|rand_880	5.099838552333777
Kocak_st3|rand_881	4.915326486217343
Kocak_st3|rand_882	5.433848062675947
Kocak_st3|rand_883	4.99645234091234
Kocak_st3|rand_884	4.722607803579643
Kocak_st3|rand_885	5.045192749583785
Kocak_st3|rand_886	5.259837098657857
Kocak_st3|rand_887	5.42651858353791
Kocak_st3|rand_888	5.063072261288505
Kocak_st3|rand_889	5.046551712216958
Kocak_st3|rand_890	5.0150531639459786
Kocak_st3|rand_891	5.093825380920698
Kocak_st3|rand_892	5.002316485234167
Kocak_st3|rand_893	5.30274467709315
Kocak_st3|rand_894	5.464066752978436
Kocak_st3|rand_895	4.996899892235809
Kocak_st3|rand_896	5.1051071543668725
Kocak_st3|rand_897	5.226940299133832
Kocak_st3|rand_898	5.110458221837871
Kocak_st3|rand_899	4.935987211124255
Kocak_st3|rand_900	5.738375286690252
Kocak_st3|rand_901	5.315065100474969
Kocak_st3|rand_902	4.911989456149988
Kocak_st3|rand_903	4.680903318316071
Kocak_st3|rand_904	5.367113855233071
Kocak_st3|rand_905	5.207828120856071
Kocak_st3|rand_906	5.249126913885891
Kocak_st3|rand_907	5.357293328805794
Kocak_st3|rand_908	5.149945552972774
Kocak_st3|rand_909	5.064128712145074
Kocak_st3|rand_910	5.21649875540672
Kocak_st3|rand_911	5.4284361155860115
Kocak_st3|rand_912	5.147715696494168
Kocak_st3|rand_913	5.565361384158125
Kocak_st3|rand_914	5.344004696811204
Kocak_st3|rand_915	5.182451208274248
Kocak_st3|rand_916	5.388496925873471
Kocak_st3|rand_917	5.116412198279719
Kocak_st3|rand_918	5.127357870358732
Kocak_st3|rand_919	5.02256921378173
Kocak_st3|rand_920	5.573359090215021
Kocak_st3|rand_921	5.291832705262549
Kocak_st3|rand_922	5.336939029836773
Kocak_st3|rand_923	5.190867280104919
Kocak_st3|rand_924	5.4173880032678206
Kocak_st3|rand_925	5.491903901040661
Kocak_st3|rand_926	5.211842456966789
Kocak_st3|rand_927	4.91965134810614
Kocak_st3|rand_928	5.311975835943468
Kocak_st3|rand_929	5.299730774575286
Kocak_st3|rand_930	4.989112179594287
Kocak_st3|rand_931	4.856954499550935
Kocak_st3|rand_932	5.278883226420241
Kocak_st3|rand_933	5.200832429111867
Kocak_st3|rand_934	5.088787936744462
Kocak_st3|rand_935	5.122259868199622
Kocak_st3|rand_936	5.28353342285337
Kocak_st3|rand_937	4.746624484306828
Kocak_st3|rand_938	5.120435937646168
Kocak_st3|rand_939	5.536155814324727
Kocak_st3|rand_940	5.605346994176119
Kocak_st3|rand_941	5.305272918825885
Kocak_st3|rand_942	4.825243245518194
Kocak_st3|rand_943	5.429244370513176
Kocak_st3|rand_944	5.077267395145936
Kocak_st3|rand_945	4.925782037355779
Kocak_st3|rand_946	5.4514016170828326
Kocak_st3|rand_947	4.820333484628004
Kocak_st3|rand_948	5.06930826405765
Kocak_st3|rand_949	5.062891524751412
Kocak_st3|rand_950	5.0624553347443095
Kocak_st3|rand_951	5.340447453324893
Kocak_st3|rand_952	4.919527178055011
Kocak_st3|rand_953	5.091972453464628
Kocak_st3|rand_954	5.23602282592185
Kocak_st3|rand_955	4.987791753988324
Kocak_st3|rand_956	5.310246782383046
Kocak_st3|rand_957	5.0944689023096865
Kocak_st3|rand_958	5.533823393072786
Kocak_st3|rand_959	5.1283229155000685
Kocak_st3|rand_960	5.455027445660617
Kocak_st3|rand_961	4.914452703323378
Kocak_st3|rand_962	4.749971821578591
Kocak_st3|rand_963	5.178451229523319
Kocak_st3|rand_964	5.424224066966608
Kocak_st3|rand_965	5.146711462628439
Kocak_st3|rand_966	5.133006077905209
Kocak_st3|rand_967	5.131649147707047
Kocak_st3|rand_968	5.302670112731215
Kocak_st3|rand_969	5.299574209729554
Kocak_st3|rand_970	4.937013242856906
Kocak_st3|rand_971	5.222005628207868
Kocak_st3|rand_972	5.238033309678567
Kocak_st3|rand_973	5.031242225244272
Kocak_st3|rand_974	5.357885542713349
Kocak_st3|rand_975	5.024549551581062
Kocak_st3|rand_976	5.2083423450031185
Kocak_st3|rand_977	5.171804341554203
Kocak_st3|rand_978	5.213922451062987
Kocak_st3|rand_979	5.341934046968484
Kocak_st3|rand_980	5.2400842575527316
Kocak_st3|rand_981	5.165082399890586
Kocak_st3|rand_982	4.7453076733221415
Kocak_st3|rand_983	5.310823612729798
Kocak_st3|rand_984	5.448021529359638
Kocak_st3|rand_985	5.356054654827784
Kocak_st3|rand_986	5.243233564523208
Kocak_st3|rand_987	5.246327151833453
Kocak_st3|rand_988	4.886920333226317
Kocak_st3|rand_989	5.451684673931438
Kocak_st3|rand_990	5.3158294133814925
Kocak_st3|rand_991	5.313310725530861
Kocak_st3|rand_992	4.8764194503402445
Kocak_st3|rand_993	5.147612434220277
Kocak_st3|rand_994	5.319845075507808
Kocak_st3|rand_995	5.19201374434424
Kocak_st3|rand_996	5.3340248295980475
Kocak_st3|rand_997	5.410077421112601
Kocak_st3|rand_998	5.069944256230512
Kocak_st3|rand_999	4.961969684947292
Kocak_st3|rand_1000	5.6445455959444715
Kocak_st4|rand_1	4.839797854628135
Kocak_st4|rand_2	5.58388184914059
Kocak_st4|rand_3	5.328754502444988
Kocak_st4|rand_4	5.175013453237575
Kocak_st4|rand_5	5.172316398220499
Kocak_st4|rand_6	5.079080819378575
Kocak_st4|rand_7	4.877773367122114
Kocak_st4|rand_8	5.21932254190855
Kocak_st4|rand_9	4.900476977279707
Kocak_st4|rand_10	5.1262934933888165
Kocak_st4|rand_11	5.179094641655178
Kocak_st4|rand_12	5.095085032104613
Kocak_st4|rand_13	4.754747758755876
Kocak_st4|rand_14	5.218907416670415
Kocak_st4|rand_15	4.793866739417968
Kocak_st4|rand_16	5.243708064904744
Kocak_st4|rand_17	5.191002701029327
Kocak_st4|rand_18	5.391415940011343
Kocak_st4|rand_19	4.8552142158418015
Kocak_st4|rand_20	5.144988755568061
Kocak_st4|rand_21	5.2797501115338035
Kocak_st4|rand_22	5.140704045817357
Kocak_st4|rand_23	5.31269781922873
Kocak_st4|rand_24	5.108615967522216
Kocak_st4|rand_25	4.4259662129145
Kocak_st4|rand_26	5.168285318489386
Kocak_st4|rand_27	5.198260246357345
Kocak_st4|rand_28	5.316549191805224
Kocak_st4|rand_29	5.106426185992389
Kocak_st4|rand_30	4.959397098732982
Kocak_st4|rand_31	5.240623412487165
Kocak_st4|rand_32	5.196392881042974
Kocak_st4|rand_33	5.1846622948546095
Kocak_st4|rand_34	5.032594903307905
Kocak_st4|rand_35	5.030824466157723
Kocak_st4|rand_36	5.025964415819556
Kocak_st4|rand_37	5.555480494581892
Kocak_st4|rand_38	5.391527571497622
Kocak_st4|rand_39	5.291922039143429
Kocak_st4|rand_40	4.737666416312762
Kocak_st4|rand_41	5.173166092219176
Kocak_st4|rand_42	5.299990459701107
Kocak_st4|rand_43	4.999258137075938
Kocak_st4|rand_44	5.322146505354354
Kocak_st4|rand_45	5.08621327984093
Kocak_st4|rand_46	5.104455163183405
Kocak_st4|rand_47	5.383306600784776
Kocak_st4|rand_48	5.079002257668406
Kocak_st4|rand_49	4.984083278170846
Kocak_st4|rand_50	5.08448800015519
Kocak_st4|rand_51	5.361364139033271
Kocak_st4|rand_52	5.35192919597306
Kocak_st4|rand_53	5.100110007774757
Kocak_st4|rand_54	4.994241800183583
Kocak_st4|rand_55	5.467315733690589
Kocak_st4|rand_56	4.824856586531239
Kocak_st4|rand_57	5.457678685145424
Kocak_st4|rand_58	5.225617135905216
Kocak_st4|rand_59	4.865335594909107
Kocak_st4|rand_60	5.358598852697296
Kocak_st4|rand_61	4.994318333226965
Kocak_st4|rand_62	4.895874956196078
Kocak_st4|rand_63	5.23139713587673
Kocak_st4|rand_64	5.124835144342212
Kocak_st4|rand_65	5.161204579209854
Kocak_st4|rand_66	5.208796872380211
Kocak_st4|rand_67	5.130949322013506
Kocak_st4|rand_68	5.177563321091355
Kocak_st4|rand_69	5.3878548046838235
Kocak_st4|rand_70	4.8872537572398596
Kocak_st4|rand_71	5.210100102750797
Kocak_st4|rand_72	5.021297129109987
Kocak_st4|rand_73	5.433324376180977
Kocak_st4|rand_74	4.892460627274488
Kocak_st4|rand_75	4.982747194337168
Kocak_st4|rand_76	4.856163000070232
Kocak_st4|rand_77	4.850415425699971
Kocak_st4|rand_78	5.04035609476654
Kocak_st4|rand_79	5.710258850221944
Kocak_st4|rand_80	5.22290988457067
Kocak_st4|rand_81	4.9563454197059045
Kocak_st4|rand_82	5.036188617554262
Kocak_st4|rand_83	5.385783211671533
Kocak_st4|rand_84	5.254397388989363
Kocak_st4|rand_85	5.2465487204043635
Kocak_st4|rand_86	4.8930746381301224
Kocak_st4|rand_87	5.041677429659163
Kocak_st4|rand_88	5.186399953737978
Kocak_st4|rand_89	5.088313239248966
Kocak_st4|rand_90	4.968361609756234
Kocak_st4|rand_91	5.175554604005808
Kocak_st4|rand_92	4.935536813204712
Kocak_st4|rand_93	4.93313481846202
Kocak_st4|rand_94	5.321586077764683
Kocak_st4|rand_95	5.210144775711437
Kocak_st4|rand_96	4.715980122477456
Kocak_st4|rand_97	5.056108241214365
Kocak_st4|rand_98	5.2781624901373245
Kocak_st4|rand_99	4.935036835558035
Kocak_st4|rand_100	5.439900051931072
Kocak_st4|rand_101	5.44426261553374
Kocak_st4|rand_102	5.060375096027065
Kocak_st4|rand_103	5.0749692573535565
Kocak_st4|rand_104	5.401122663810918
Kocak_st4|rand_105	5.47014742886454
Kocak_st4|rand_106	5.208742608293168
Kocak_st4|rand_107	5.056710892603377
Kocak_st4|rand_108	5.253389200829663
Kocak_st4|rand_109	4.995648371447659
Kocak_st4|rand_110	4.727193806992442
Kocak_st4|rand_111	5.141508212898173
Kocak_st4|rand_112	5.145436000613087
Kocak_st4|rand_113	5.296214487580178
Kocak_st4|rand_114	5.369746175102188
Kocak_st4|rand_115	5.047699051676417
Kocak_st4|rand_116	5.0397503733137565
Kocak_st4|rand_117	5.164675072541396
Kocak_st4|rand_118	5.370024164062823
Kocak_st4|rand_119	5.29709453415236
Kocak_st4|rand_120	4.9916628923732205
Kocak_st4|rand_121	4.9646538670723395
Kocak_st4|rand_122	5.359726358020394
Kocak_st4|rand_123	5.145884537249476
Kocak_st4|rand_124	4.868591566779909
Kocak_st4|rand_125	4.408541740484556
Kocak_st4|rand_126	5.203666267818078
Kocak_st4|rand_127	5.3702463500904685
Kocak_st4|rand_128	4.947488970431815
Kocak_st4|rand_129	5.002722013864543
Kocak_st4|rand_130	5.078679070900059
Kocak_st4|rand_131	5.2892473082900935
Kocak_st4|rand_132	4.9312351661205645
Kocak_st4|rand_133	5.316899949430233
Kocak_st4|rand_134	5.400942078361564
Kocak_st4|rand_135	5.047150156173355
Kocak_st4|rand_136	5.26353359457819
Kocak_st4|rand_137	4.863544886744494
Kocak_st4|rand_138	4.976111142348917
Kocak_st4|rand_139	5.127720704150884
Kocak_st4|rand_140	5.017281998605457
Kocak_st4|rand_141	5.484152943960922
Kocak_st4|rand_142	5.5744246120750836
Kocak_st4|rand_143	5.200498257654357
Kocak_st4|rand_144	5.266673954459168
Kocak_st4|rand_145	5.155226826548086
Kocak_st4|rand_146	5.106426405957172
Kocak_st4|rand_147	5.3192082887136305
Kocak_st4|rand_148	4.915926660669043
Kocak_st4|rand_149	5.367671604219383
Kocak_st4|rand_150	5.00302349116957
Kocak_st4|rand_151	5.1078965396671965
Kocak_st4|rand_152	5.324291183683356
Kocak_st4|rand_153	5.185279597902933
Kocak_st4|rand_154	4.8768251664705895
Kocak_st4|rand_155	5.146353282423737
Kocak_st4|rand_156	5.284302089182227
Kocak_st4|rand_157	5.208800594442625
Kocak_st4|rand_158	5.191612970963307
Kocak_st4|rand_159	5.032031903526518
Kocak_st4|rand_160	4.826400421870903
Kocak_st4|rand_161	5.201124214490248
Kocak_st4|rand_162	5.16325595660386
Kocak_st4|rand_163	5.078954682206083
Kocak_st4|rand_164	5.010862529772559
Kocak_st4|rand_165	5.199105335782339
Kocak_st4|rand_166	5.10757208569955
Kocak_st4|rand_167	5.301511214633952
Kocak_st4|rand_168	5.2378242870335265
Kocak_st4|rand_169	5.2639882165406595
Kocak_st4|rand_170	4.462504434075119
Kocak_st4|rand_171	4.935308160241584
Kocak_st4|rand_172	5.2651948532807715
Kocak_st4|rand_173	5.249211902420783
Kocak_st4|rand_174	5.1345422855146845
Kocak_st4|rand_175	5.453050020500883
Kocak_st4|rand_176	5.05605442222504
Kocak_st4|rand_177	4.791734509989676
Kocak_st4|rand_178	5.300873200378053
Kocak_st4|rand_179	4.923878450560999
Kocak_st4|rand_180	5.278764570497386
Kocak_st4|rand_181	4.606730194138657
Kocak_st4|rand_182	5.16238084907807
Kocak_st4|rand_183	5.157456028851511
Kocak_st4|rand_184	4.951305579921475
Kocak_st4|rand_185	5.01107880764366
Kocak_st4|rand_186	5.042267450179654
Kocak_st4|rand_187	4.995820251389464
Kocak_st4|rand_188	5.166032911696881
Kocak_st4|rand_189	5.434104682574716
Kocak_st4|rand_190	5.357199367323076
Kocak_st4|rand_191	5.35548509896642
Kocak_st4|rand_192	5.196771252246839
Kocak_st4|rand_193	5.144358970302375
Kocak_st4|rand_194	4.936484209262746
Kocak_st4|rand_195	4.766017785185034
Kocak_st4|rand_196	5.2246082136685486
Kocak_st4|rand_197	5.37844140428107
Kocak_st4|rand_198	5.244511931111417
Kocak_st4|rand_199	5.437629665649877
Kocak_st4|rand_200	4.838429047117157
Kocak_st4|rand_201	5.236072772920823
Kocak_st4|rand_202	4.8246504395782335
Kocak_st4|rand_203	5.203905072126023
Kocak_st4|rand_204	4.967200567154777
Kocak_st4|rand_205	5.175477932229915
Kocak_st4|rand_206	5.335956461630677
Kocak_st4|rand_207	5.536524718609407
Kocak_st4|rand_208	5.469230033351485
Kocak_st4|rand_209	5.21596999323211
Kocak_st4|rand_210	5.130750894809878
Kocak_st4|rand_211	5.206239250330425
Kocak_st4|rand_212	5.074994243359953
Kocak_st4|rand_213	5.2402020202302015
Kocak_st4|rand_214	4.887511400158918
Kocak_st4|rand_215	5.061557122861114
Kocak_st4|rand_216	5.177461314720158
Kocak_st4|rand_217	4.963275052487383
Kocak_st4|rand_218	5.138666753532768
Kocak_st4|rand_219	5.1033160884641395
Kocak_st4|rand_220	5.121537439361721
Kocak_st4|rand_221	5.055820074537843
Kocak_st4|rand_222	5.247458501608364
Kocak_st4|rand_223	5.258239099417757
Kocak_st4|rand_224	5.509756593875209
Kocak_st4|rand_225	4.888631652587763
Kocak_st4|rand_226	5.343599338266877
Kocak_st4|rand_227	5.067840808474098
Kocak_st4|rand_228	5.055879204137672
Kocak_st4|rand_229	4.933592949856068
Kocak_st4|rand_230	5.322326903567333
Kocak_st4|rand_231	5.280548295349627
Kocak_st4|rand_232	5.303381927323978
Kocak_st4|rand_233	5.344481380053922
Kocak_st4|rand_234	4.866726462425859
Kocak_st4|rand_235	5.215970922727354
Kocak_st4|rand_236	5.328796229893155
Kocak_st4|rand_237	5.221955715398818
Kocak_st4|rand_238	5.099237227933277
Kocak_st4|rand_239	5.3730804015797045
Kocak_st4|rand_240	5.30454634257308
Kocak_st4|rand_241	5.312481977203773
Kocak_st4|rand_242	5.275135128299263
Kocak_st4|rand_243	5.080728681968483
Kocak_st4|rand_244	4.822240654730202
Kocak_st4|rand_245	5.23329549414921
Kocak_st4|rand_246	5.227860316958599
Kocak_st4|rand_247	5.196346348129276
Kocak_st4|rand_248	4.95734926032233
Kocak_st4|rand_249	5.393897716444748
Kocak_st4|rand_250	5.138838753574054
Kocak_st4|rand_251	5.526754786889965
Kocak_st4|rand_252	4.856235294912485
Kocak_st4|rand_253	5.117325679759181
Kocak_st4|rand_254	5.327317638506001
Kocak_st4|rand_255	5.104244190363827
Kocak_st4|rand_256	5.25275734340185
Kocak_st4|rand_257	5.121348630016313
Kocak_st4|rand_258	5.405673366995022
Kocak_st4|rand_259	5.4035797927933364
Kocak_st4|rand_260	4.905401484774604
Kocak_st4|rand_261	5.218770519121654
Kocak_st4|rand_262	4.894912610081051
Kocak_st4|rand_263	5.250182613305019
Kocak_st4|rand_264	4.872121222920889
Kocak_st4|rand_265	5.21217400040947
Kocak_st4|rand_266	4.969557677740396
Kocak_st4|rand_267	5.073028295028375
Kocak_st4|rand_268	4.962744731541571
Kocak_st4|rand_269	5.396110324661046
Kocak_st4|rand_270	5.181377777972866
Kocak_st4|rand_271	5.3581061961595715
Kocak_st4|rand_272	5.482843521539237
Kocak_st4|rand_273	5.156859692586996
Kocak_st4|rand_274	5.077403334465523
Kocak_st4|rand_275	5.413939224374655
Kocak_st4|rand_276	5.150471910798147
Kocak_st4|rand_277	4.960711881264298
Kocak_st4|rand_278	5.385098780932829
Kocak_st4|rand_279	4.867317006785729
Kocak_st4|rand_280	4.918836554245855
Kocak_st4|rand_281	5.241900150178631
Kocak_st4|rand_282	5.021287124335747
Kocak_st4|rand_283	4.866405338121335
Kocak_st4|rand_284	5.081207783928499
Kocak_st4|rand_285	5.236267067385022
Kocak_st4|rand_286	5.270053214950347
Kocak_st4|rand_287	5.062586980986657
Kocak_st4|rand_288	5.162351346388249
Kocak_st4|rand_289	5.365035789551579
Kocak_st4|rand_290	5.237723443371764
Kocak_st4|rand_291	4.519996509880983
Kocak_st4|rand_292	5.367620622301492
Kocak_st4|rand_293	5.060447139051694
Kocak_st4|rand_294	5.396855173756367
Kocak_st4|rand_295	4.7930936468331184
Kocak_st4|rand_296	5.2552966344120655
Kocak_st4|rand_297	5.137399694993462
Kocak_st4|rand_298	4.864864582070609
Kocak_st4|rand_299	5.274058869821084
Kocak_st4|rand_300	5.4692877532007085
Kocak_st4|rand_301	5.3778740028964265
Kocak_st4|rand_302	5.220459085644078
Kocak_st4|rand_303	5.173352404723238
Kocak_st4|rand_304	5.116076571102872
Kocak_st4|rand_305	5.467920123195396
Kocak_st4|rand_306	5.443438803081791
Kocak_st4|rand_307	5.125578005876207
Kocak_st4|rand_308	5.14285717160762
Kocak_st4|rand_309	5.1972220091785575
Kocak_st4|rand_310	4.857937831085038
Kocak_st4|rand_311	5.40630480400913
Kocak_st4|rand_312	5.274755637056355
Kocak_st4|rand_313	5.008959166244308
Kocak_st4|rand_314	5.086850047769772
Kocak_st4|rand_315	5.37496667681652
Kocak_st4|rand_316	5.364140465551635
Kocak_st4|rand_317	5.253361112429411
Kocak_st4|rand_318	5.42932011339915
Kocak_st4|rand_319	4.847588333178748
Kocak_st4|rand_320	5.106698561207201
Kocak_st4|rand_321	5.366349762413224
Kocak_st4|rand_322	5.227916957774341
Kocak_st4|rand_323	5.08840231343539
Kocak_st4|rand_324	5.257383713359347
Kocak_st4|rand_325	5.184171587832504
Kocak_st4|rand_326	5.097825985433266
Kocak_st4|rand_327	5.36230330708389
Kocak_st4|rand_328	4.943605671212463
Kocak_st4|rand_329	5.141697617813057
Kocak_st4|rand_330	4.88844134372209
Kocak_st4|rand_331	5.5078389067454365
Kocak_st4|rand_332	5.309187878876447
Kocak_st4|rand_333	5.122400535711501
Kocak_st4|rand_334	5.428534797084788
Kocak_st4|rand_335	5.594569608921658
Kocak_st4|rand_336	5.2492220756090235
Kocak_st4|rand_337	5.281699241399707
Kocak_st4|rand_338	5.213275965112392
Kocak_st4|rand_339	5.214125929630448
Kocak_st4|rand_340	5.456365532323005
Kocak_st4|rand_341	5.298581576286222
Kocak_st4|rand_342	5.0907271470129185
Kocak_st4|rand_343	4.8452308759257905
Kocak_st4|rand_344	4.686130700458575
Kocak_st4|rand_345	5.3955355236637
Kocak_st4|rand_346	5.336609514140141
Kocak_st4|rand_347	4.869292875110669
Kocak_st4|rand_348	5.252362069494282
Kocak_st4|rand_349	5.210851486177502
Kocak_st4|rand_350	5.223464447345163
Kocak_st4|rand_351	5.374781061077676
Kocak_st4|rand_352	5.420395934542313
Kocak_st4|rand_353	5.245941681436312
Kocak_st4|rand_354	5.156931460593144
Kocak_st4|rand_355	5.100197818886793
Kocak_st4|rand_356	4.924581613500431
Kocak_st4|rand_357	5.114921771582074
Kocak_st4|rand_358	5.639837928581347
Kocak_st4|rand_359	5.266480514496931
Kocak_st4|rand_360	5.103063685143586
Kocak_st4|rand_361	5.21543082353038
Kocak_st4|rand_362	5.163192480151105
Kocak_st4|rand_363	4.980613437087867
Kocak_st4|rand_364	5.184963050489158
Kocak_st4|rand_365	5.391414866402038
Kocak_st4|rand_366	4.892221377556176
Kocak_st4|rand_367	5.1144255734890915
Kocak_st4|rand_368	5.128862715244727
Kocak_st4|rand_369	5.396796363068312
Kocak_st4|rand_370	5.42895602047423
Kocak_st4|rand_371	5.426518148993154
Kocak_st4|rand_372	5.343265210298947
Kocak_st4|rand_373	5.493956965826282
Kocak_st4|rand_374	5.35387565073465
Kocak_st4|rand_375	5.492268619344814
Kocak_st4|rand_376	5.290042109553111
Kocak_st4|rand_377	5.325728393474737
Kocak_st4|rand_378	5.292124790864002
Kocak_st4|rand_379	5.1055337695521725
Kocak_st4|rand_380	5.084886281456075
Kocak_st4|rand_381	4.8147237721979845
Kocak_st4|rand_382	5.256779912336292
Kocak_st4|rand_383	5.193237821016957
Kocak_st4|rand_384	4.890008331357462
Kocak_st4|rand_385	4.848761387418412
Kocak_st4|rand_386	5.180331093085343
Kocak_st4|rand_387	5.165973491061448
Kocak_st4|rand_388	5.240493469313231
Kocak_st4|rand_389	5.1765475303637745
Kocak_st4|rand_390	5.266807845748922
Kocak_st4|rand_391	5.387011055693842
Kocak_st4|rand_392	5.02402359780342
Kocak_st4|rand_393	5.145985042985266
Kocak_st4|rand_394	5.318448601605822
Kocak_st4|rand_395	4.72310509425047
Kocak_st4|rand_396	5.233311813462978
Kocak_st4|rand_397	5.003258334790245
Kocak_st4|rand_398	5.036745327944215
Kocak_st4|rand_399	5.456951829883982
Kocak_st4|rand_400	5.367469409995546
Kocak_st4|rand_401	5.13467178759256
Kocak_st4|rand_402	5.305591567174819
Kocak_st4|rand_403	5.4068394915335345
Kocak_st4|rand_404	5.242983871474567
Kocak_st4|rand_405	5.386042187749274
Kocak_st4|rand_406	5.179033747927273
Kocak_st4|rand_407	5.303236245088466
Kocak_st4|rand_408	5.563725659120319
Kocak_st4|rand_409	4.99989316440857
Kocak_st4|rand_410	5.329246741362426
Kocak_st4|rand_411	5.21363512101264
Kocak_st4|rand_412	5.166052817066227
Kocak_st4|rand_413	5.193499878618887
Kocak_st4|rand_414	5.104184390643202
Kocak_st4|rand_415	5.150321917038384
Kocak_st4|rand_416	5.452659141926912
Kocak_st4|rand_417	5.35422744103782
Kocak_st4|rand_418	5.030802833573461
Kocak_st4|rand_419	5.052380513125418
Kocak_st4|rand_420	5.283975090526267
Kocak_st4|rand_421	5.37445145331894
Kocak_st4|rand_422	5.170641367403577
Kocak_st4|rand_423	5.025614733473274
Kocak_st4|rand_424	4.926447362409332
Kocak_st4|rand_425	5.145534263400246
Kocak_st4|rand_426	5.215888001138528
Kocak_st4|rand_427	5.358450892470866
Kocak_st4|rand_428	5.076598234949928
Kocak_st4|rand_429	5.491563808809132
Kocak_st4|rand_430	5.080923145862797
Kocak_st4|rand_431	5.382851347404001
Kocak_st4|rand_432	4.8983264188444355
Kocak_st4|rand_433	5.365652718834148
Kocak_st4|rand_434	5.131533511582534
Kocak_st4|rand_435	5.122716533595608
Kocak_st4|rand_436	5.141282098912969
Kocak_st4|rand_437	5.2920067454059
Kocak_st4|rand_438	5.0837022539613805
Kocak_st4|rand_439	4.960515672978148
Kocak_st4|rand_440	5.104495131394813
Kocak_st4|rand_441	5.186552095749952
Kocak_st4|rand_442	5.285828711787789
Kocak_st4|rand_443	5.236924989372155
Kocak_st4|rand_444	5.308374018816191
Kocak_st4|rand_445	4.965793808217075
Kocak_st4|rand_446	5.264359245422101
Kocak_st4|rand_447	5.212050937170753
Kocak_st4|rand_448	4.998030456544576
Kocak_st4|rand_449	5.069687097238691
Kocak_st4|rand_450	5.354573261894762
Kocak_st4|rand_451	5.108033988495418
Kocak_st4|rand_452	5.0819820994964315
Kocak_st4|rand_453	4.79041797414653
Kocak_st4|rand_454	5.15516241516991
Kocak_st4|rand_455	5.134792877664259
Kocak_st4|rand_456	5.005726249428496
Kocak_st4|rand_457	5.180794291449849
Kocak_st4|rand_458	4.895322485922656
Kocak_st4|rand_459	4.87706175386032
Kocak_st4|rand_460	5.100347810990008
Kocak_st4|rand_461	5.002230696473046
Kocak_st4|rand_462	5.096971633106505
Kocak_st4|rand_463	5.122030755078583
Kocak_st4|rand_464	5.171840162244224
Kocak_st4|rand_465	5.241786595558692
Kocak_st4|rand_466	5.154440147918577
Kocak_st4|rand_467	5.324849197594588
Kocak_st4|rand_468	4.995505846463703
Kocak_st4|rand_469	4.878081340818555
Kocak_st4|rand_470	5.267184719490996
Kocak_st4|rand_471	5.16801503860038
Kocak_st4|rand_472	4.803007784758698
Kocak_st4|rand_473	5.376249656305427
Kocak_st4|rand_474	5.233940495037763
Kocak_st4|rand_475	4.953265296429647
Kocak_st4|rand_476	5.238201993101465
Kocak_st4|rand_477	5.160859778722191
Kocak_st4|rand_478	5.221785853882201
Kocak_st4|rand_479	4.955723861425699
Kocak_st4|rand_480	4.546464581431602
Kocak_st4|rand_481	5.077123453210814
Kocak_st4|rand_482	5.545800425689087
Kocak_st4|rand_483	5.294173077370904
Kocak_st4|rand_484	5.240003806994833
Kocak_st4|rand_485	5.353401892943598
Kocak_st4|rand_486	5.230573542145361
Kocak_st4|rand_487	5.176821951057844
Kocak_st4|rand_488	4.980017143312215
Kocak_st4|rand_489	5.382424991602589
Kocak_st4|rand_490	5.255046071148196
Kocak_st4|rand_491	5.046045391539722
Kocak_st4|rand_492	5.3202486663672435
Kocak_st4|rand_493	5.157931085122041
Kocak_st4|rand_494	5.512957497174174
Kocak_st4|rand_495	4.98007802932431
Kocak_st4|rand_496	5.396842143718044
Kocak_st4|rand_497	4.959887615950982
Kocak_st4|rand_498	4.970291771754357
Kocak_st4|rand_499	5.046309525553629
Kocak_st4|rand_500	4.8441257270408755
Kocak_st4|rand_501	5.3134435738214245
Kocak_st4|rand_502	5.337344295275418
Kocak_st4|rand_503	4.880976058963386
Kocak_st4|rand_504	5.162515966088122
Kocak_st4|rand_505	5.3718071591420955
Kocak_st4|rand_506	5.125576391530985
Kocak_st4|rand_507	4.979722540849383
Kocak_st4|rand_508	5.177786772845245
Kocak_st4|rand_509	4.97667018538341
Kocak_st4|rand_510	5.404284754263014
Kocak_st4|rand_511	5.266757473168862
Kocak_st4|rand_512	5.170565964479169
Kocak_st4|rand_513	5.223163798312188
Kocak_st4|rand_514	5.228027022318363
Kocak_st4|rand_515	5.146175487185907
Kocak_st4|rand_516	4.969049379228901
Kocak_st4|rand_517	5.055033169766465
Kocak_st4|rand_518	5.063647930694029
Kocak_st4|rand_519	5.08607638100635
Kocak_st4|rand_520	4.28240770942574
Kocak_st4|rand_521	5.235150081452172
Kocak_st4|rand_522	5.13233218047203
Kocak_st4|rand_523	5.146196285215267
Kocak_st4|rand_524	5.056602977392774
Kocak_st4|rand_525	5.035029969875477
Kocak_st4|rand_526	5.386660326754495
Kocak_st4|rand_527	5.0230876707093595
Kocak_st4|rand_528	5.576705719413119
Kocak_st4|rand_529	5.3003928903001505
Kocak_st4|rand_530	5.1548923179482555
Kocak_st4|rand_531	5.234192961292904
Kocak_st4|rand_532	4.972327101947556
Kocak_st4|rand_533	4.889494466721305
Kocak_st4|rand_534	5.287751524256695
Kocak_st4|rand_535	4.934208003442322
Kocak_st4|rand_536	5.273361856839231
Kocak_st4|rand_537	5.220676729278396
Kocak_st4|rand_538	5.178871504068989
Kocak_st4|rand_539	5.266143683011448
Kocak_st4|rand_540	4.98739451582515
Kocak_st4|rand_541	5.096292038910033
Kocak_st4|rand_542	5.172370712425791
Kocak_st4|rand_543	4.9963475348786
Kocak_st4|rand_544	5.119589616257137
Kocak_st4|rand_545	4.695362939426767
Kocak_st4|rand_546	5.02348161935023
Kocak_st4|rand_547	5.0429190305640175
Kocak_st4|rand_548	5.150731636471157
Kocak_st4|rand_549	5.3521777378547535
Kocak_st4|rand_550	5.1178221472141825
Kocak_st4|rand_551	5.33941399843994
Kocak_st4|rand_552	5.026973274876706
Kocak_st4|rand_553	5.00230844218889
Kocak_st4|rand_554	5.385875692771661
Kocak_st4|rand_555	4.974695149176833
Kocak_st4|rand_556	5.009184422632801
Kocak_st4|rand_557	4.491823615814494
Kocak_st4|rand_558	5.426842346870654
Kocak_st4|rand_559	4.985482295306515
Kocak_st4|rand_560	5.0191125003333985
Kocak_st4|rand_561	5.359636343255488
Kocak_st4|rand_562	5.425512396259541
Kocak_st4|rand_563	5.266182317948713
Kocak_st4|rand_564	5.249659848317495
Kocak_st4|rand_565	5.331071895467432
Kocak_st4|rand_566	5.2368413727697956
Kocak_st4|rand_567	4.885390308579619
Kocak_st4|rand_568	5.410451232135318
Kocak_st4|rand_569	5.140790155413155
Kocak_st4|rand_570	5.122093013478572
Kocak_st4|rand_571	5.3238000464896755
Kocak_st4|rand_572	5.20479718796988
Kocak_st4|rand_573	5.1279340729571095
Kocak_st4|rand_574	5.378281062692381
Kocak_st4|rand_575	5.166656532372489
Kocak_st4|rand_576	4.9775923106680455
Kocak_st4|rand_577	5.165252975895938
Kocak_st4|rand_578	5.0642481402724195
Kocak_st4|rand_579	5.2118473247296055
Kocak_st4|rand_580	5.3970237581140985
Kocak_st4|rand_581	5.253321257869927
Kocak_st4|rand_582	5.506574341305517
Kocak_st4|rand_583	5.0525767674414
Kocak_st4|rand_584	5.036827745305883
Kocak_st4|rand_585	5.102257936737936
Kocak_st4|rand_586	5.177644386510407
Kocak_st4|rand_587	5.02933854448358
Kocak_st4|rand_588	5.2015565375376696
Kocak_st4|rand_589	5.529492150920911
Kocak_st4|rand_590	5.115611799616775
Kocak_st4|rand_591	4.812827488469197
Kocak_st4|rand_592	5.259876571026577
Kocak_st4|rand_593	5.168760605029032
Kocak_st4|rand_594	5.322218321957247
Kocak_st4|rand_595	5.3227511572888275
Kocak_st4|rand_596	5.304143028374127
Kocak_st4|rand_597	5.058429781374103
Kocak_st4|rand_598	5.3377404862169415
Kocak_st4|rand_599	5.095963715860252
Kocak_st4|rand_600	4.76138709044126
Kocak_st4|rand_601	5.155939312232522
Kocak_st4|rand_602	4.953837796629193
Kocak_st4|rand_603	5.23862197926218
Kocak_st4|rand_604	5.188037607949367
Kocak_st4|rand_605	5.019033422117303
Kocak_st4|rand_606	5.1853707669010936
Kocak_st4|rand_607	5.079825372460296
Kocak_st4|rand_608	4.81353060102625
Kocak_st4|rand_609	5.355992683831917
Kocak_st4|rand_610	5.02093893904243
Kocak_st4|rand_611	5.145236727372483
Kocak_st4|rand_612	5.2584366642453455
Kocak_st4|rand_613	5.031960393548437
Kocak_st4|rand_614	5.325031967953479
Kocak_st4|rand_615	5.3908391219712986
Kocak_st4|rand_616	5.298932480335651
Kocak_st4|rand_617	5.257603429609052
Kocak_st4|rand_618	4.891081262095244
Kocak_st4|rand_619	4.9243160338508964
Kocak_st4|rand_620	5.2796308917574875
Kocak_st4|rand_621	5.308147459908592
Kocak_st4|rand_622	5.104327136374278
Kocak_st4|rand_623	5.563558816333483
Kocak_st4|rand_624	5.392060188042453
Kocak_st4|rand_625	4.761590228036711
Kocak_st4|rand_626	5.055959133428324
Kocak_st4|rand_627	5.166951708912976
Kocak_st4|rand_628	4.729574497046456
Kocak_st4|rand_629	4.583392842899254
Kocak_st4|rand_630	4.8771322417596235
Kocak_st4|rand_631	5.142147769662956
Kocak_st4|rand_632	5.254236423447297
Kocak_st4|rand_633	5.2724158592893415
Kocak_st4|rand_634	5.126793586990432
Kocak_st4|rand_635	5.319961386401576
Kocak_st4|rand_636	5.119227498009937
Kocak_st4|rand_637	5.243071042639869
Kocak_st4|rand_638	4.75172485031488
Kocak_st4|rand_639	4.86205429197348
Kocak_st4|rand_640	4.860930174160554
Kocak_st4|rand_641	4.989029372363457
Kocak_st4|rand_642	5.04785527709859
Kocak_st4|rand_643	5.3081394517783576
Kocak_st4|rand_644	5.326142693378973
Kocak_st4|rand_645	5.1648451405065945
Kocak_st4|rand_646	5.2991779608985885
Kocak_st4|rand_647	5.1480882741237
Kocak_st4|rand_648	5.080861930008854
Kocak_st4|rand_649	4.87136571423203
Kocak_st4|rand_650	5.321820637087881
Kocak_st4|rand_651	5.200535827773052
Kocak_st4|rand_652	5.19345330519803
Kocak_st4|rand_653	4.914980108870497
Kocak_st4|rand_654	5.553964799088244
Kocak_st4|rand_655	5.120402254908786
Kocak_st4|rand_656	5.184010892998939
Kocak_st4|rand_657	5.220644145403629
Kocak_st4|rand_658	5.150335202042727
Kocak_st4|rand_659	5.160447157083272
Kocak_st4|rand_660	5.148564578136512
Kocak_st4|rand_661	5.033323683696856
Kocak_st4|rand_662	5.381924838752663
Kocak_st4|rand_663	5.308655008816956
Kocak_st4|rand_664	5.113472748189224
Kocak_st4|rand_665	5.23163982277113
Kocak_st4|rand_666	5.254725267008451
Kocak_st4|rand_667	5.088095665074382
Kocak_st4|rand_668	5.067912692141827
Kocak_st4|rand_669	5.001440281854708
Kocak_st4|rand_670	5.101544349130656
Kocak_st4|rand_671	5.3086181854936285
Kocak_st4|rand_672	5.22484506064912
Kocak_st4|rand_673	5.438780923995511
Kocak_st4|rand_674	5.2138703223088445
Kocak_st4|rand_675	4.855780083058478
Kocak_st4|rand_676	5.283858079525379
Kocak_st4|rand_677	5.029937667348811
Kocak_st4|rand_678	5.21080880845308
Kocak_st4|rand_679	5.575511226655955
Kocak_st4|rand_680	5.815363335613863
Kocak_st4|rand_681	5.001935181678874
Kocak_st4|rand_682	5.378236937057905
Kocak_st4|rand_683	5.415697070241221
Kocak_st4|rand_684	5.103046681279821
Kocak_st4|rand_685	5.3280796236883985
Kocak_st4|rand_686	5.034874248378317
Kocak_st4|rand_687	4.630096296473104
Kocak_st4|rand_688	5.406254092080702
Kocak_st4|rand_689	5.23391323608006
Kocak_st4|rand_690	5.205794055786352
Kocak_st4|rand_691	5.197175472530866
Kocak_st4|rand_692	5.384752770010941
Kocak_st4|rand_693	5.112988986411293
Kocak_st4|rand_694	5.2942272085288895
Kocak_st4|rand_695	5.321433630437098
Kocak_st4|rand_696	5.106377363916833
Kocak_st4|rand_697	4.825779055927561
Kocak_st4|rand_698	5.229436328769113
Kocak_st4|rand_699	5.163217925777549
Kocak_st4|rand_700	4.99294701700877
Kocak_st4|rand_701	5.144100154684209
Kocak_st4|rand_702	5.589004590180912
Kocak_st4|rand_703	4.5503810088585865
Kocak_st4|rand_704	5.221931406684901
Kocak_st4|rand_705	5.315618740493187
Kocak_st4|rand_706	4.9757947534395335
Kocak_st4|rand_707	4.987425943191568
Kocak_st4|rand_708	5.155039293058864
Kocak_st4|rand_709	5.18931554502893
Kocak_st4|rand_710	5.157482752539859
Kocak_st4|rand_711	4.902378775669372
Kocak_st4|rand_712	5.003395234240043
Kocak_st4|rand_713	4.733977390390031
Kocak_st4|rand_714	5.252811005582511
Kocak_st4|rand_715	5.520065993155809
Kocak_st4|rand_716	5.432784965456824
Kocak_st4|rand_717	5.338601428653162
Kocak_st4|rand_718	5.318574429307882
Kocak_st4|rand_719	5.124075684939193
Kocak_st4|rand_720	5.388750930877928
Kocak_st4|rand_721	5.17552438579837
Kocak_st4|rand_722	5.212896557164864
Kocak_st4|rand_723	4.873077404204877
Kocak_st4|rand_724	4.497900723989542
Kocak_st4|rand_725	4.873337419673969
Kocak_st4|rand_726	5.232039274389434
Kocak_st4|rand_727	5.130130441765091
Kocak_st4|rand_728	5.119392238316707
Kocak_st4|rand_729	5.152331657238927
Kocak_st4|rand_730	5.302161916079956
Kocak_st4|rand_731	5.447392972975583
Kocak_st4|rand_732	5.351278533812055
Kocak_st4|rand_733	5.06197057778863
Kocak_st4|rand_734	5.042416711112463
Kocak_st4|rand_735	5.350851684076448
Kocak_st4|rand_736	5.04420705563127
Kocak_st4|rand_737	5.478721437466432
Kocak_st4|rand_738	5.377596257589194
Kocak_st4|rand_739	5.455875855300632
Kocak_st4|rand_740	5.27371163006152
Kocak_st4|rand_741	5.222301861850849
Kocak_st4|rand_742	5.12198117805981
Kocak_st4|rand_743	5.11806990570634
Kocak_st4|rand_744	5.20332648169654
Kocak_st4|rand_745	5.336422003507514
Kocak_st4|rand_746	5.1184106632576745
Kocak_st4|rand_747	5.223196443894741
Kocak_st4|rand_748	5.192151812460537
Kocak_st4|rand_749	5.259877580268159
Kocak_st4|rand_750	5.271503987893733
Kocak_st4|rand_751	5.097738589809207
Kocak_st4|rand_752	4.943060215217166
Kocak_st4|rand_753	5.307608289899003
Kocak_st4|rand_754	5.075705278007461
Kocak_st4|rand_755	5.342317534838281
Kocak_st4|rand_756	5.316424697450967
Kocak_st4|rand_757	5.101948695069402
Kocak_st4|rand_758	5.258853275663346
Kocak_st4|rand_759	5.1798573096453335
Kocak_st4|rand_760	5.173602841490038
Kocak_st4|rand_761	5.081466786260207
Kocak_st4|rand_762	5.031596064894862
Kocak_st4|rand_763	5.110969161920698
Kocak_st4|rand_764	5.016384546978113
Kocak_st4|rand_765	5.090518143713671
Kocak_st4|rand_766	5.053070012232942
Kocak_st4|rand_767	5.342506580323155
Kocak_st4|rand_768	5.167803649528103
Kocak_st4|rand_769	5.307739926292751
Kocak_st4|rand_770	5.12432655477113
Kocak_st4|rand_771	5.549180348882287
Kocak_st4|rand_772	5.181698033045232
Kocak_st4|rand_773	5.21162603910543
Kocak_st4|rand_774	4.72319011209016
Kocak_st4|rand_775	4.944931566580984
Kocak_st4|rand_776	4.581875384237755
Kocak_st4|rand_777	5.33964101057326
Kocak_st4|rand_778	5.456363858903445
Kocak_st4|rand_779	5.391059565633748
Kocak_st4|rand_780	5.183130609059671
Kocak_st4|rand_781	5.5915630337641185
Kocak_st4|rand_782	4.966458862726778
Kocak_st4|rand_783	5.0731241393700435
Kocak_st4|rand_784	5.255967756855566
Kocak_st4|rand_785	5.0816856057935045
Kocak_st4|rand_786	5.177897928430157
Kocak_st4|rand_787	5.080158376103889
Kocak_st4|rand_788	4.944662269272449
Kocak_st4|rand_789	5.279701399685206
Kocak_st4|rand_790	4.890129984034771
Kocak_st4|rand_791	4.956589537199149
Kocak_st4|rand_792	5.123737473152493
Kocak_st4|rand_793	5.248826566295666
Kocak_st4|rand_794	5.277279134890187
Kocak_st4|rand_795	4.943665831162116
Kocak_st4|rand_796	5.028616540620175
Kocak_st4|rand_797	5.260411624095425
Kocak_st4|rand_798	5.275998249925314
Kocak_st4|rand_799	4.989638864728028
Kocak_st4|rand_800	4.964697043609614
Kocak_st4|rand_801	5.2374592031393625
Kocak_st4|rand_802	5.206306025295611
Kocak_st4|rand_803	5.12542104326732
Kocak_st4|rand_804	5.267853346023371
Kocak_st4|rand_805	5.062301060938742
Kocak_st4|rand_806	4.848274741626275
Kocak_st4|rand_807	5.278648179688387
Kocak_st4|rand_808	5.124228793708868
Kocak_st4|rand_809	5.004737582216995
Kocak_st4|rand_810	5.030450820329276
Kocak_st4|rand_811	5.383897553247994
Kocak_st4|rand_812	5.14488200840098
Kocak_st4|rand_813	4.971598322403665
Kocak_st4|rand_814	4.974787407272456
Kocak_st4|rand_815	5.021865419073454
Kocak_st4|rand_816	5.340371698227031
Kocak_st4|rand_817	5.418748917518749
Kocak_st4|rand_818	5.00944356474654
Kocak_st4|rand_819	5.301440250368828
Kocak_st4|rand_820	5.239653392979222
Kocak_st4|rand_821	5.5063234385258
Kocak_st4|rand_822	4.952172119329169
Kocak_st4|rand_823	5.273263407051387
Kocak_st4|rand_824	4.804822667187587
Kocak_st4|rand_825	5.154673060131265
Kocak_st4|rand_826	5.1743232408484126
Kocak_st4|rand_827	4.868126740160426
Kocak_st4|rand_828	5.2718020854212035
Kocak_st4|rand_829	5.024580340974645
Kocak_st4|rand_830	5.26383178894791
Kocak_st4|rand_831	5.287630762950206
Kocak_st4|rand_832	4.829447633911616
Kocak_st4|rand_833	5.105523277447333
Kocak_st4|rand_834	4.9017590880247415
Kocak_st4|rand_835	5.077324050124316
Kocak_st4|rand_836	4.998525569015657
Kocak_st4|rand_837	5.191132802780553
Kocak_st4|rand_838	5.29910437159127
Kocak_st4|rand_839	5.26217055210991
Kocak_st4|rand_840	5.380866075057319
Kocak_st4|rand_841	4.85710221838674
Kocak_st4|rand_842	5.341377644799234
Kocak_st4|rand_843	4.921095739034705
Kocak_st4|rand_844	4.927617008953587
Kocak_st4|rand_845	5.145737210104336
Kocak_st4|rand_846	5.24986254880623
Kocak_st4|rand_847	4.703169076243673
Kocak_st4|rand_848	5.324232098437742
Kocak_st4|rand_849	5.060771262582582
Kocak_st4|rand_850	4.967045398471097
Kocak_st4|rand_851	5.392963590735296
Kocak_st4|rand_852	5.1492922206315095
Kocak_st4|rand_853	5.416611213074588
Kocak_st4|rand_854	5.418795481766091
Kocak_st4|rand_855	4.952359045973242
Kocak_st4|rand_856	4.849329862036924
Kocak_st4|rand_857	4.755959791080661
Kocak_st4|rand_858	5.167480072736603
Kocak_st4|rand_859	5.155612199246274
Kocak_st4|rand_860	5.302639512012486
Kocak_st4|rand_861	5.3230414282765555
Kocak_st4|rand_862	5.390163501884749
Kocak_st4|rand_863	5.467843803625566
Kocak_st4|rand_864	5.221146697279368
Kocak_st4|rand_865	5.2931029915134875
Kocak_st4|rand_866	4.874163334829275
Kocak_st4|rand_867	5.303029343031897
Kocak_st4|rand_868	5.302552990078001
Kocak_st4|rand_869	5.01557031463411
Kocak_st4|rand_870	5.147616375656151
Kocak_st4|rand_871	5.371067787443844
Kocak_st4|rand_872	5.318177703062479
Kocak_st4|rand_873	5.497500552967413
Kocak_st4|rand_874	5.235537638981103
Kocak_st4|rand_875	5.246451158922786
Kocak_st4|rand_876	4.964581226328378
Kocak_st4|rand_877	5.38022746361263
Kocak_st4|rand_878	5.19076972418297
Kocak_st4|rand_879	5.000672974211054
Kocak_st4|rand_880	5.316983513397162
Kocak_st4|rand_881	5.162493371771355
Kocak_st4|rand_882	5.16248945100867
Kocak_st4|rand_883	5.0165663788055515
Kocak_st4|rand_884	4.830626050041192
Kocak_st4|rand_885	4.87448929644367
Kocak_st4|rand_886	5.297475697792148
Kocak_st4|rand_887	5.172227145989412
Kocak_st4|rand_888	5.197564521814372
Kocak_st4|rand_889	4.95054878594447
Kocak_st4|rand_890	5.126263929369039
Kocak_st4|rand_891	5.147509769990212
Kocak_st4|rand_892	5.06753462116646
Kocak_st4|rand_893	5.240393412064355
Kocak_st4|rand_894	5.332264441360057
Kocak_st4|rand_895	5.073148010049886
Kocak_st4|rand_896	5.073297253623514
Kocak_st4|rand_897	5.30498528226223
Kocak_st4|rand_898	5.033536825405987
Kocak_st4|rand_899	4.872410256487086
Kocak_st4|rand_900	5.358513636280713
Kocak_st4|rand_901	5.367565395006106
Kocak_st4|rand_902	4.935332075654974
Kocak_st4|rand_903	4.821087947758691
Kocak_st4|rand_904	5.276512171787056
Kocak_st4|rand_905	5.0789338910232695
Kocak_st4|rand_906	5.197069820472924
Kocak_st4|rand_907	5.261810651496066
Kocak_st4|rand_908	5.155541520607005
Kocak_st4|rand_909	4.87747096575794
Kocak_st4|rand_910	5.170266651124012
Kocak_st4|rand_911	5.457150082602767
Kocak_st4|rand_912	5.348153695706273
Kocak_st4|rand_913	5.452940938184339
Kocak_st4|rand_914	5.388049581088268
Kocak_st4|rand_915	4.822612830431252
Kocak_st4|rand_916	5.3372467846719065
Kocak_st4|rand_917	5.14972672317028
Kocak_st4|rand_918	5.0632919844364075
Kocak_st4|rand_919	5.066888573642217
Kocak_st4|rand_920	5.394816208723448
Kocak_st4|rand_921	5.206937394960385
Kocak_st4|rand_922	5.324394476064383
Kocak_st4|rand_923	5.213733779716728
Kocak_st4|rand_924	5.418011454835717
Kocak_st4|rand_925	5.205842955401395
Kocak_st4|rand_926	5.0490264376487115
Kocak_st4|rand_927	5.027944929042366
Kocak_st4|rand_928	5.162223486464613
Kocak_st4|rand_929	5.233529219536287
Kocak_st4|rand_930	5.170714830724242
Kocak_st4|rand_931	4.765953804824824
Kocak_st4|rand_932	5.075571152853138
Kocak_st4|rand_933	5.034076302942044
Kocak_st4|rand_934	5.2555862009209315
Kocak_st4|rand_935	5.104588423159256
Kocak_st4|rand_936	5.289306302847839
Kocak_st4|rand_937	4.86346721207041
Kocak_st4|rand_938	5.189000375737871
Kocak_st4|rand_939	5.312412173743784
Kocak_st4|rand_940	5.421244482893797
Kocak_st4|rand_941	5.248227693762188
Kocak_st4|rand_942	4.889986477130881
Kocak_st4|rand_943	5.615677156959552
Kocak_st4|rand_944	4.885619674769124
Kocak_st4|rand_945	4.942327439486667
Kocak_st4|rand_946	5.486430673384159
Kocak_st4|rand_947	4.717223579786315
Kocak_st4|rand_948	5.098811652757497
Kocak_st4|rand_949	5.173445544918494
Kocak_st4|rand_950	5.1117931903011815
Kocak_st4|rand_951	5.21565339224059
Kocak_st4|rand_952	4.819875521568857
Kocak_st4|rand_953	5.303736943866336
Kocak_st4|rand_954	5.10768568006444
Kocak_st4|rand_955	5.141743095416622
Kocak_st4|rand_956	5.353698901298857
Kocak_st4|rand_957	5.239593300198436
Kocak_st4|rand_958	5.2666386921872235
Kocak_st4|rand_959	5.190854637346115
Kocak_st4|rand_960	5.2226253642888505
Kocak_st4|rand_961	4.902644063922926
Kocak_st4|rand_962	4.872209048741654
Kocak_st4|rand_963	5.1764462804712394
Kocak_st4|rand_964	5.288158886721601
Kocak_st4|rand_965	5.18982381970146
Kocak_st4|rand_966	5.027223481458941
Kocak_st4|rand_967	4.9903834487834375
Kocak_st4|rand_968	5.126443995182295
Kocak_st4|rand_969	5.327522267324494
Kocak_st4|rand_970	4.9695575971223285
Kocak_st4|rand_971	5.371131633791307
Kocak_st4|rand_972	5.420321601983479
Kocak_st4|rand_973	4.956443643824419
Kocak_st4|rand_974	5.286396434242205
Kocak_st4|rand_975	4.795100527402675
Kocak_st4|rand_976	5.221921691001302
Kocak_st4|rand_977	5.1818373569241984
Kocak_st4|rand_978	5.183814504015736
Kocak_st4|rand_979	5.395234791647309
Kocak_st4|rand_980	5.058156790350668
Kocak_st4|rand_981	5.048729198085236
Kocak_st4|rand_982	4.731459060914021
Kocak_st4|rand_983	5.1927884038039265
Kocak_st4|rand_984	5.447931967945479
Kocak_st4|rand_985	5.100433288247837
Kocak_st4|rand_986	5.354831815937533
Kocak_st4|rand_987	5.372779358158511
Kocak_st4|rand_988	4.858893301583199
Kocak_st4|rand_989	5.538033870218743
Kocak_st4|rand_990	5.35160907230197
Kocak_st4|rand_991	5.166194212939827
Kocak_st4|rand_992	4.519559181747358
Kocak_st4|rand_993	4.788211457787789
Kocak_st4|rand_994	5.236344762336789
Kocak_st4|rand_995	5.179917917485138
Kocak_st4|rand_996	5.317903098841596
Kocak_st4|rand_997	5.111498593545022
Kocak_st4|rand_998	5.179511154281301
Kocak_st4|rand_999	4.934042833117202
Kocak_st4|rand_1000	5.54966440063359
Kocak_st4s|rand_1	4.890892672258517
Kocak_st4s|rand_2	5.306185718056528
Kocak_st4s|rand_3	5.334013816269343
Kocak_st4s|rand_4	5.19315479120921
Kocak_st4s|rand_5	5.102863830587135
Kocak_st4s|rand_6	5.322843911110753
Kocak_st4s|rand_7	5.1204259843447995
Kocak_st4s|rand_8	5.24836958993574
Kocak_st4s|rand_9	4.731389129710844
Kocak_st4s|rand_10	5.375855139373758
Kocak_st4s|rand_11	5.147042682052191
Kocak_st4s|rand_12	5.241851256636281
Kocak_st4s|rand_13	5.252425413967449
Kocak_st4s|rand_14	5.207500179674341
Kocak_st4s|rand_15	4.933950376848631
Kocak_st4s|rand_16	5.359660426795382
Kocak_st4s|rand_17	5.292236485186986
Kocak_st4s|rand_18	5.457269820789778
Kocak_st4s|rand_19	4.925052780170703
Kocak_st4s|rand_20	5.1820067706551045
Kocak_st4s|rand_21	4.959175454029045
Kocak_st4s|rand_22	5.211057535470466
Kocak_st4s|rand_23	5.122442243037643
Kocak_st4s|rand_24	4.809076422841872
Kocak_st4s|rand_25	4.672990756740043
Kocak_st4s|rand_26	5.115079517245816
Kocak_st4s|rand_27	5.243239669387671
Kocak_st4s|rand_28	5.188000481067347
Kocak_st4s|rand_29	5.00064962781398
Kocak_st4s|rand_30	4.543626861848889
Kocak_st4s|rand_31	5.399860382010248
Kocak_st4s|rand_32	4.8229387327944995
Kocak_st4s|rand_33	5.392262870006423
Kocak_st4s|rand_34	5.243632235966259
Kocak_st4s|rand_35	5.212332301681248
Kocak_st4s|rand_36	5.2400634204757095
Kocak_st4s|rand_37	5.630706203112992
Kocak_st4s|rand_38	5.4747394916527465
Kocak_st4s|rand_39	5.062153718545431
Kocak_st4s|rand_40	5.132439582026073
Kocak_st4s|rand_41	5.14999318351905
Kocak_st4s|rand_42	4.912148886077432
Kocak_st4s|rand_43	4.426468361605479
Kocak_st4s|rand_44	5.281074522693889
Kocak_st4s|rand_45	5.136735958484251
Kocak_st4s|rand_46	5.107294395222748
Kocak_st4s|rand_47	5.281994887621241
Kocak_st4s|rand_48	5.342932056188007
Kocak_st4s|rand_49	4.951024336335418
Kocak_st4s|rand_50	5.101497109261895
Kocak_st4s|rand_51	5.2071633007438765
Kocak_st4s|rand_52	5.3463622865067135
Kocak_st4s|rand_53	5.355536562029651
Kocak_st4s|rand_54	4.78351759219609
Kocak_st4s|rand_55	5.4029879068908775
Kocak_st4s|rand_56	4.833182084601619
Kocak_st4s|rand_57	5.3664017109050395
Kocak_st4s|rand_58	5.065677302515774
Kocak_st4s|rand_59	4.856075374216611
Kocak_st4s|rand_60	5.362572864694562
Kocak_st4s|rand_61	4.9517284216554796
Kocak_st4s|rand_62	4.964068641954576
Kocak_st4s|rand_63	5.354786765060184
Kocak_st4s|rand_64	5.149276597816452
Kocak_st4s|rand_65	5.197572587858085
Kocak_st4s|rand_66	5.2924161733999915
Kocak_st4s|rand_67	5.333808210884149
Kocak_st4s|rand_68	5.13728318204547
Kocak_st4s|rand_69	5.18602338057374
Kocak_st4s|rand_70	5.260677167748724
Kocak_st4s|rand_71	5.460635936532286
Kocak_st4s|rand_72	5.125182446995039
Kocak_st4s|rand_73	5.135225006677591
Kocak_st4s|rand_74	5.096438615284548
Kocak_st4s|rand_75	5.039440846473536
Kocak_st4s|rand_76	4.78231154709627
Kocak_st4s|rand_77	4.998414601931943
Kocak_st4s|rand_78	4.963290074407652
Kocak_st4s|rand_79	5.586353621072268
Kocak_st4s|rand_80	4.984739630955146
Kocak_st4s|rand_81	5.030455924063783
Kocak_st4s|rand_82	5.441232522693044
Kocak_st4s|rand_83	5.236945215844901
Kocak_st4s|rand_84	5.299597738995635
Kocak_st4s|rand_85	4.954173730125701
Kocak_st4s|rand_86	5.034665855440197
Kocak_st4s|rand_87	4.99686801186043
Kocak_st4s|rand_88	5.197888217240541
Kocak_st4s|rand_89	5.163127888918555
Kocak_st4s|rand_90	5.238394637689732
Kocak_st4s|rand_91	5.2355595542796864
Kocak_st4s|rand_92	5.126366078392891
Kocak_st4s|rand_93	5.0039360597171045
Kocak_st4s|rand_94	5.100822079853545
Kocak_st4s|rand_95	5.095018106864062
Kocak_st4s|rand_96	5.0430914750998035
Kocak_st4s|rand_97	5.015892353198296
Kocak_st4s|rand_98	5.136731206697893
Kocak_st4s|rand_99	5.365696313831944
Kocak_st4s|rand_100	5.220759891931764
Kocak_st4s|rand_101	5.349407513030557
Kocak_st4s|rand_102	4.939833475345838
Kocak_st4s|rand_103	5.3255808146518
Kocak_st4s|rand_104	5.324188621118594
Kocak_st4s|rand_105	5.447399659147474
Kocak_st4s|rand_106	5.01018486750085
Kocak_st4s|rand_107	5.069151253592059
Kocak_st4s|rand_108	5.288202473630218
Kocak_st4s|rand_109	5.076926722581664
Kocak_st4s|rand_110	4.768643151681802
Kocak_st4s|rand_111	5.296668727082118
Kocak_st4s|rand_112	5.196641770432683
Kocak_st4s|rand_113	5.308920639533635
Kocak_st4s|rand_114	5.397571278343584
Kocak_st4s|rand_115	4.96242539730163
Kocak_st4s|rand_116	5.089195404835535
Kocak_st4s|rand_117	5.085880918174361
Kocak_st4s|rand_118	5.086619329931446
Kocak_st4s|rand_119	5.53269043885947
Kocak_st4s|rand_120	4.906945787670309
Kocak_st4s|rand_121	5.021599952044746
Kocak_st4s|rand_122	5.16576156861916
Kocak_st4s|rand_123	5.326083837218597
Kocak_st4s|rand_124	4.942859675260777
Kocak_st4s|rand_125	4.948708722739231
Kocak_st4s|rand_126	5.194875296704865
Kocak_st4s|rand_127	5.147417185555558
Kocak_st4s|rand_128	5.012077626171761
Kocak_st4s|rand_129	5.090342806826351
Kocak_st4s|rand_130	5.196849558285426
Kocak_st4s|rand_131	5.162551731063132
Kocak_st4s|rand_132	4.966301200906108
Kocak_st4s|rand_133	5.2806070819816044
Kocak_st4s|rand_134	5.288751552949743
Kocak_st4s|rand_135	5.033211522208226
Kocak_st4s|rand_136	5.422420826940784
Kocak_st4s|rand_137	4.782315913911289
Kocak_st4s|rand_138	5.082732131642518
Kocak_st4s|rand_139	5.026766742870874
Kocak_st4s|rand_140	5.226812549117995
Kocak_st4s|rand_141	5.408535950768009
Kocak_st4s|rand_142	5.039291258262786
Kocak_st4s|rand_143	5.095730391631757
Kocak_st4s|rand_144	5.131062876364126
Kocak_st4s|rand_145	5.289968275920075
Kocak_st4s|rand_146	5.164860256753872
Kocak_st4s|rand_147	5.238711768349609
Kocak_st4s|rand_148	4.9415299198655065
Kocak_st4s|rand_149	5.062697545075704
Kocak_st4s|rand_150	5.209078310091783
Kocak_st4s|rand_151	5.421110548688393
Kocak_st4s|rand_152	5.3582391655289445
Kocak_st4s|rand_153	5.225695978901509
Kocak_st4s|rand_154	5.064935026063399
Kocak_st4s|rand_155	5.123783890247625
Kocak_st4s|rand_156	5.370719850540354
Kocak_st4s|rand_157	5.443184541568515
Kocak_st4s|rand_158	5.220970229160332
Kocak_st4s|rand_159	5.127355299531266
Kocak_st4s|rand_160	4.790498571328611
Kocak_st4s|rand_161	5.276761218865127
Kocak_st4s|rand_162	5.165188522924266
Kocak_st4s|rand_163	5.170303525563597
Kocak_st4s|rand_164	5.130230807502901
Kocak_st4s|rand_165	5.252476786645404
Kocak_st4s|rand_166	4.734551361725843
Kocak_st4s|rand_167	5.431887325535432
Kocak_st4s|rand_168	5.440538387582234
Kocak_st4s|rand_169	5.3722507051326485
Kocak_st4s|rand_170	4.933246554460345
Kocak_st4s|rand_171	5.197905408761595
Kocak_st4s|rand_172	4.834582773024026
Kocak_st4s|rand_173	5.029146253239343
Kocak_st4s|rand_174	5.093410752027843
Kocak_st4s|rand_175	5.378495844801975
Kocak_st4s|rand_176	5.197284093997616
Kocak_st4s|rand_177	4.769395426288768
Kocak_st4s|rand_178	5.404129038378598
Kocak_st4s|rand_179	4.629993795827863
Kocak_st4s|rand_180	5.03220731431612
Kocak_st4s|rand_181	5.217668106986093
Kocak_st4s|rand_182	5.062628193726412
Kocak_st4s|rand_183	5.165208950441187
Kocak_st4s|rand_184	4.732061056738579
Kocak_st4s|rand_185	5.177583616329333
Kocak_st4s|rand_186	5.146357921910011
Kocak_st4s|rand_187	5.123745728456245
Kocak_st4s|rand_188	5.482189000329373
Kocak_st4s|rand_189	5.0773191849485535
Kocak_st4s|rand_190	5.410889357978538
Kocak_st4s|rand_191	5.213861164855634
Kocak_st4s|rand_192	5.068123346080698
Kocak_st4s|rand_193	5.027628934053866
Kocak_st4s|rand_194	4.978711800963072
Kocak_st4s|rand_195	4.78185517955911
Kocak_st4s|rand_196	5.1339101466892
Kocak_st4s|rand_197	5.309593502775714
Kocak_st4s|rand_198	5.076314644544116
Kocak_st4s|rand_199	5.367821713874406
Kocak_st4s|rand_200	5.104545024612867
Kocak_st4s|rand_201	5.326817159285039
Kocak_st4s|rand_202	4.9930264372104185
Kocak_st4s|rand_203	5.401633023669855
Kocak_st4s|rand_204	4.782723609954638
Kocak_st4s|rand_205	4.933205142641916
Kocak_st4s|rand_206	5.193986102665735
Kocak_st4s|rand_207	5.375495073186508
Kocak_st4s|rand_208	5.574930958793564
Kocak_st4s|rand_209	5.177287854527094
Kocak_st4s|rand_210	5.4613221067598126
Kocak_st4s|rand_211	5.250163522018242
Kocak_st4s|rand_212	5.2837818941595796
Kocak_st4s|rand_213	5.18494504650313
Kocak_st4s|rand_214	5.019088474220703
Kocak_st4s|rand_215	5.112362822069788
Kocak_st4s|rand_216	5.120424009124962
Kocak_st4s|rand_217	4.826010658760554
Kocak_st4s|rand_218	5.355413723089258
Kocak_st4s|rand_219	5.045163211818362
Kocak_st4s|rand_220	5.243462210463423
Kocak_st4s|rand_221	4.867883987343842
Kocak_st4s|rand_222	5.202018956229522
Kocak_st4s|rand_223	4.94063483954899
Kocak_st4s|rand_224	5.303815264630496
Kocak_st4s|rand_225	5.070538214675817
Kocak_st4s|rand_226	5.290806755311607
Kocak_st4s|rand_227	5.339184183753649
Kocak_st4s|rand_228	5.036265266373428
Kocak_st4s|rand_229	5.282677689738163
Kocak_st4s|rand_230	5.2980460655287835
Kocak_st4s|rand_231	5.162055207963951
Kocak_st4s|rand_232	5.053770743368077
Kocak_st4s|rand_233	5.1402929682905025
Kocak_st4s|rand_234	4.984600093307882
Kocak_st4s|rand_235	4.917003885738584
Kocak_st4s|rand_236	5.599145654645769
Kocak_st4s|rand_237	4.907210790829694
Kocak_st4s|rand_238	5.08638781460828
Kocak_st4s|rand_239	5.245596968253516
Kocak_st4s|rand_240	5.39461731328367
Kocak_st4s|rand_241	5.0958397259204204
Kocak_st4s|rand_242	5.264465742379496
Kocak_st4s|rand_243	5.19374148481519
Kocak_st4s|rand_244	5.042686155542503
Kocak_st4s|rand_245	5.094001376360754
Kocak_st4s|rand_246	5.2272291291534945
Kocak_st4s|rand_247	5.296163719140708
Kocak_st4s|rand_248	4.9334768078085185
Kocak_st4s|rand_249	5.283324931754927
Kocak_st4s|rand_250	4.964793355940988
Kocak_st4s|rand_251	5.288381676224477
Kocak_st4s|rand_252	4.6214588545804425
Kocak_st4s|rand_253	5.260188234322508
Kocak_st4s|rand_254	5.196319410555031
Kocak_st4s|rand_255	5.026153165442823
Kocak_st4s|rand_256	5.410103410782826
Kocak_st4s|rand_257	4.997320536440989
Kocak_st4s|rand_258	5.281798263554974
Kocak_st4s|rand_259	5.0896798909318255
Kocak_st4s|rand_260	4.919292426813989
Kocak_st4s|rand_261	5.403021273163741
Kocak_st4s|rand_262	5.070226821366584
Kocak_st4s|rand_263	5.158319291587946
Kocak_st4s|rand_264	5.235190884180623
Kocak_st4s|rand_265	4.918151733735529
Kocak_st4s|rand_266	5.175253230261936
Kocak_st4s|rand_267	5.001216092731682
Kocak_st4s|rand_268	5.050533325206089
Kocak_st4s|rand_269	5.5192272532407545
Kocak_st4s|rand_270	5.132761950694463
Kocak_st4s|rand_271	5.373582589683668
Kocak_st4s|rand_272	5.381554501330753
Kocak_st4s|rand_273	5.209418186166669
Kocak_st4s|rand_274	5.2420373918899275
Kocak_st4s|rand_275	5.468303092404908
Kocak_st4s|rand_276	5.233543497552597
Kocak_st4s|rand_277	4.693465264769854
Kocak_st4s|rand_278	5.331685891156022
Kocak_st4s|rand_279	5.023425682514275
Kocak_st4s|rand_280	5.073045908412326
Kocak_st4s|rand_281	5.262689216645775
Kocak_st4s|rand_282	5.018353502621599
Kocak_st4s|rand_283	5.0187111443891315
Kocak_st4s|rand_284	5.094836647478976
Kocak_st4s|rand_285	5.0606423252743165
Kocak_st4s|rand_286	5.202310401866864
Kocak_st4s|rand_287	5.183705913255642
Kocak_st4s|rand_288	5.401613625569567
Kocak_st4s|rand_289	5.250644983872044
Kocak_st4s|rand_290	5.09617251784384
Kocak_st4s|rand_291	4.695991870503448
Kocak_st4s|rand_292	5.531958627561876
Kocak_st4s|rand_293	5.220088612398788
Kocak_st4s|rand_294	5.326805861133468
Kocak_st4s|rand_295	5.018568562413356
Kocak_st4s|rand_296	5.324107451620926
Kocak_st4s|rand_297	5.121755366361879
Kocak_st4s|rand_298	4.988543968257095
Kocak_st4s|rand_299	5.319210897915197
Kocak_st4s|rand_300	5.208278903762913
Kocak_st4s|rand_301	5.2924888533026735
Kocak_st4s|rand_302	5.0812194194319815
Kocak_st4s|rand_303	5.299636217842829
Kocak_st4s|rand_304	5.273303819796287
Kocak_st4s|rand_305	5.4321285411652305
Kocak_st4s|rand_306	5.456754043191773
Kocak_st4s|rand_307	5.482091972968818
Kocak_st4s|rand_308	5.192140468930838
Kocak_st4s|rand_309	5.161077131734202
Kocak_st4s|rand_310	5.065461410114976
Kocak_st4s|rand_311	5.367803954804766
Kocak_st4s|rand_312	5.287281362453563
Kocak_st4s|rand_313	4.815759042008342
Kocak_st4s|rand_314	5.047534984910658
Kocak_st4s|rand_315	5.38747216696308
Kocak_st4s|rand_316	5.026471311010118
Kocak_st4s|rand_317	4.996663140842387
Kocak_st4s|rand_318	5.5674880405141325
Kocak_st4s|rand_319	4.994585522579126
Kocak_st4s|rand_320	5.064199202345485
Kocak_st4s|rand_321	5.396679889737273
Kocak_st4s|rand_322	5.497118023211752
Kocak_st4s|rand_323	4.968395318036266
Kocak_st4s|rand_324	5.352479938679792
Kocak_st4s|rand_325	5.226551566434536
Kocak_st4s|rand_326	5.321386287943714
Kocak_st4s|rand_327	5.150180325141359
Kocak_st4s|rand_328	5.050812467430626
Kocak_st4s|rand_329	5.367435158189279
Kocak_st4s|rand_330	4.912969648046357
Kocak_st4s|rand_331	5.47076026241823
Kocak_st4s|rand_332	5.212057549051708
Kocak_st4s|rand_333	5.4540656091078485
Kocak_st4s|rand_334	5.076174447346563
Kocak_st4s|rand_335	5.138686422952723
Kocak_st4s|rand_336	5.3842028267096556
Kocak_st4s|rand_337	5.232281163809402
Kocak_st4s|rand_338	5.18659821616822
Kocak_st4s|rand_339	5.204106366528273
Kocak_st4s|rand_340	5.251398219490561
Kocak_st4s|rand_341	5.469337790656833
Kocak_st4s|rand_342	5.015719929165446
Kocak_st4s|rand_343	4.919518256843927
Kocak_st4s|rand_344	4.909468003363025
Kocak_st4s|rand_345	5.3998751517366586
Kocak_st4s|rand_346	5.487400322037261
Kocak_st4s|rand_347	4.982464266098962
Kocak_st4s|rand_348	4.964427803951098
Kocak_st4s|rand_349	5.282831821507917
Kocak_st4s|rand_350	5.225303001528078
Kocak_st4s|rand_351	5.110182069597754
Kocak_st4s|rand_352	5.430706805101041
Kocak_st4s|rand_353	5.2549260246790395
Kocak_st4s|rand_354	4.738890375946532
Kocak_st4s|rand_355	5.129321059830438
Kocak_st4s|rand_356	4.959389052777093
Kocak_st4s|rand_357	4.938953888442693
Kocak_st4s|rand_358	5.549960443293255
Kocak_st4s|rand_359	5.41279492364323
Kocak_st4s|rand_360	5.084570109197471
Kocak_st4s|rand_361	5.174894018454256
Kocak_st4s|rand_362	5.337464146869741
Kocak_st4s|rand_363	5.159984649509191
Kocak_st4s|rand_364	5.248653985737135
Kocak_st4s|rand_365	5.4955339593327635
Kocak_st4s|rand_366	5.087967861769433
Kocak_st4s|rand_367	5.352687653657865
Kocak_st4s|rand_368	4.852149702085185
Kocak_st4s|rand_369	5.374978876149657
Kocak_st4s|rand_370	5.3491354588732625
Kocak_st4s|rand_371	5.382653278149691
Kocak_st4s|rand_372	5.477877734125783
Kocak_st4s|rand_373	5.555049702671864
Kocak_st4s|rand_374	5.405757921361658
Kocak_st4s|rand_375	5.428670896852071
Kocak_st4s|rand_376	5.410272972397471
Kocak_st4s|rand_377	5.055288644736128
Kocak_st4s|rand_378	5.275010214136054
Kocak_st4s|rand_379	5.240439849255964
Kocak_st4s|rand_380	4.800329858577815
Kocak_st4s|rand_381	4.159376472318466
Kocak_st4s|rand_382	5.179897284137768
Kocak_st4s|rand_383	4.851594625351869
Kocak_st4s|rand_384	5.121251378627079
Kocak_st4s|rand_385	5.154883384786205
Kocak_st4s|rand_386	4.97917674869515
Kocak_st4s|rand_387	5.198534780447293
Kocak_st4s|rand_388	5.2716438257504485
Kocak_st4s|rand_389	5.020951796024527
Kocak_st4s|rand_390	5.015381120004154
Kocak_st4s|rand_391	5.184447142422172
Kocak_st4s|rand_392	4.999346587374401
Kocak_st4s|rand_393	5.066839182560348
Kocak_st4s|rand_394	5.083624435472798
Kocak_st4s|rand_395	5.053272273820603
Kocak_st4s|rand_396	4.907205964537512
Kocak_st4s|rand_397	5.307555982113499
Kocak_st4s|rand_398	4.951879388136998
Kocak_st4s|rand_399	5.49557450997052
Kocak_st4s|rand_400	5.324940515736041
Kocak_st4s|rand_401	5.0774541847612635
Kocak_st4s|rand_402	5.310103232572032
Kocak_st4s|rand_403	5.481079376531439
Kocak_st4s|rand_404	5.407411040889074
Kocak_st4s|rand_405	5.482513119838781
Kocak_st4s|rand_406	5.223180952222911
Kocak_st4s|rand_407	5.299027873592673
Kocak_st4s|rand_408	5.2304945404306284
Kocak_st4s|rand_409	4.960517469187191
Kocak_st4s|rand_410	5.20527222377836
Kocak_st4s|rand_411	5.201986510109879
Kocak_st4s|rand_412	5.125083248809853
Kocak_st4s|rand_413	4.983550407382686
Kocak_st4s|rand_414	5.065918308003126
Kocak_st4s|rand_415	4.9725074774146885
Kocak_st4s|rand_416	5.334724839123708
Kocak_st4s|rand_417	5.320356692962507
Kocak_st4s|rand_418	5.298213623706761
Kocak_st4s|rand_419	5.103568959561432
Kocak_st4s|rand_420	5.141060523935111
Kocak_st4s|rand_421	4.8494271192840355
Kocak_st4s|rand_422	5.081019042911135
Kocak_st4s|rand_423	5.049485541922329
Kocak_st4s|rand_424	5.202412568036771
Kocak_st4s|rand_425	5.244072778671958
Kocak_st4s|rand_426	5.300551503670134
Kocak_st4s|rand_427	5.324118821465405
Kocak_st4s|rand_428	5.147087156463829
Kocak_st4s|rand_429	5.402708706031044
Kocak_st4s|rand_430	5.0016068082223075
Kocak_st4s|rand_431	5.5209890309506555
Kocak_st4s|rand_432	4.741040194652666
Kocak_st4s|rand_433	5.253965260687516
Kocak_st4s|rand_434	5.123741052015746
Kocak_st4s|rand_435	5.205053356233399
Kocak_st4s|rand_436	5.283894984657293
Kocak_st4s|rand_437	5.465326777517289
Kocak_st4s|rand_438	5.2719051761655065
Kocak_st4s|rand_439	5.086327046328781
Kocak_st4s|rand_440	5.065517979879708
Kocak_st4s|rand_441	5.327146106886575
Kocak_st4s|rand_442	5.196079794092792
Kocak_st4s|rand_443	5.053489915021045
Kocak_st4s|rand_444	5.301283204428609
Kocak_st4s|rand_445	5.18450113222161
Kocak_st4s|rand_446	5.26318886696394
Kocak_st4s|rand_447	5.023598534844005
Kocak_st4s|rand_448	4.710613324655436
Kocak_st4s|rand_449	5.303958136879551
Kocak_st4s|rand_450	5.3723151406881255
Kocak_st4s|rand_451	5.09528474225151
Kocak_st4s|rand_452	5.190567971665422
Kocak_st4s|rand_453	4.970167864680045
Kocak_st4s|rand_454	5.294015194955613
Kocak_st4s|rand_455	5.208464777661674
Kocak_st4s|rand_456	4.94749804871184
Kocak_st4s|rand_457	4.772883218619407
Kocak_st4s|rand_458	4.840927990970165
Kocak_st4s|rand_459	4.965905040062323
Kocak_st4s|rand_460	5.023692207127354
Kocak_st4s|rand_461	5.261612148710133
Kocak_st4s|rand_462	5.301287109506049
Kocak_st4s|rand_463	4.947405062070487
Kocak_st4s|rand_464	5.366032980941949
Kocak_st4s|rand_465	5.278297827169836
Kocak_st4s|rand_466	5.1835807350306045
Kocak_st4s|rand_467	4.97076319829484
Kocak_st4s|rand_468	4.890071632207848
Kocak_st4s|rand_469	5.219677823182523
Kocak_st4s|rand_470	5.238037800787864
Kocak_st4s|rand_471	5.256559351446203
Kocak_st4s|rand_472	4.746126633742669
Kocak_st4s|rand_473	5.164751465118048
Kocak_st4s|rand_474	5.013450115967321
Kocak_st4s|rand_475	5.247235157213573
Kocak_st4s|rand_476	5.286331367708518
Kocak_st4s|rand_477	5.020469756087892
Kocak_st4s|rand_478	5.22071086717229
Kocak_st4s|rand_479	5.29067483533287
Kocak_st4s|rand_480	4.4501881340985445
Kocak_st4s|rand_481	5.101457243069318
Kocak_st4s|rand_482	5.242701611312653
Kocak_st4s|rand_483	5.410576772914207
Kocak_st4s|rand_484	5.143342369526115
Kocak_st4s|rand_485	5.231978341329041
Kocak_st4s|rand_486	5.312412100282854
Kocak_st4s|rand_487	5.1077374920573435
Kocak_st4s|rand_488	4.724561712990202
Kocak_st4s|rand_489	5.348512581396216
Kocak_st4s|rand_490	5.278824845449858
Kocak_st4s|rand_491	5.34020899551378
Kocak_st4s|rand_492	5.416266614458283
Kocak_st4s|rand_493	4.93790034208488
Kocak_st4s|rand_494	5.482467771100948
Kocak_st4s|rand_495	5.237153276319037
Kocak_st4s|rand_496	5.233298320893207
Kocak_st4s|rand_497	4.854392498501014
Kocak_st4s|rand_498	5.139760428834371
Kocak_st4s|rand_499	4.820273638201937
Kocak_st4s|rand_500	4.823138731928579
Kocak_st4s|rand_501	5.265370590735541
Kocak_st4s|rand_502	5.1045856639707425
Kocak_st4s|rand_503	5.116613994556127
Kocak_st4s|rand_504	5.37260189530998
Kocak_st4s|rand_505	5.242208559901739
Kocak_st4s|rand_506	4.97337041230236
Kocak_st4s|rand_507	5.289627553679992
Kocak_st4s|rand_508	5.414918727329571
Kocak_st4s|rand_509	4.8521161244226825
Kocak_st4s|rand_510	5.458628483952869
Kocak_st4s|rand_511	5.206882714182297
Kocak_st4s|rand_512	5.191135402889085
Kocak_st4s|rand_513	5.2429670998867985
Kocak_st4s|rand_514	4.978546804714191
Kocak_st4s|rand_515	4.976775792543689
Kocak_st4s|rand_516	4.943376853835675
Kocak_st4s|rand_517	5.284641238339536
Kocak_st4s|rand_518	5.045143033239955
Kocak_st4s|rand_519	5.0275521202763525
Kocak_st4s|rand_520	4.8872194689644495
Kocak_st4s|rand_521	5.330255132404619
Kocak_st4s|rand_522	5.318766620161484
Kocak_st4s|rand_523	5.135861838247828
Kocak_st4s|rand_524	4.925280046552317
Kocak_st4s|rand_525	5.404480629923971
Kocak_st4s|rand_526	5.520097812499071
Kocak_st4s|rand_527	5.125818424473511
Kocak_st4s|rand_528	5.474204105885361
Kocak_st4s|rand_529	5.345710136189424
Kocak_st4s|rand_530	5.131110385325437
Kocak_st4s|rand_531	5.260134834137527
Kocak_st4s|rand_532	4.968566034761284
Kocak_st4s|rand_533	5.175385149231833
Kocak_st4s|rand_534	5.039683009726938
Kocak_st4s|rand_535	4.991182016247399
Kocak_st4s|rand_536	5.450710881498457
Kocak_st4s|rand_537	5.307659994740512
Kocak_st4s|rand_538	5.089201240542665
Kocak_st4s|rand_539	5.203302667279439
Kocak_st4s|rand_540	5.097069462427569
Kocak_st4s|rand_541	5.388379540555083
Kocak_st4s|rand_542	5.309162080131914
Kocak_st4s|rand_543	5.211580466218002
Kocak_st4s|rand_544	5.301831409851316
Kocak_st4s|rand_545	5.101117886267799
Kocak_st4s|rand_546	4.938078815256187
Kocak_st4s|rand_547	5.4110204800140576
Kocak_st4s|rand_548	4.994372896297779
Kocak_st4s|rand_549	5.129228367131733
Kocak_st4s|rand_550	5.062015160735063
Kocak_st4s|rand_551	5.35175749407156
Kocak_st4s|rand_552	5.052004959500041
Kocak_st4s|rand_553	5.041289295468052
Kocak_st4s|rand_554	5.399057283452485
Kocak_st4s|rand_555	5.1544883901649055
Kocak_st4s|rand_556	5.244257507342068
Kocak_st4s|rand_557	5.006814048834461
Kocak_st4s|rand_558	5.459775057614166
Kocak_st4s|rand_559	5.030540977565642
Kocak_st4s|rand_560	4.953603016949456
Kocak_st4s|rand_561	5.298077258955977
Kocak_st4s|rand_562	5.340123109694592
Kocak_st4s|rand_563	5.315559643171582
Kocak_st4s|rand_564	5.054488307446551
Kocak_st4s|rand_565	5.423449647479157
Kocak_st4s|rand_566	5.441795742329929
Kocak_st4s|rand_567	5.211217495967649
Kocak_st4s|rand_568	5.261932217997943
Kocak_st4s|rand_569	4.997711353461635
Kocak_st4s|rand_570	5.290288014174242
Kocak_st4s|rand_571	5.025374297217724
Kocak_st4s|rand_572	5.1509261008305955
Kocak_st4s|rand_573	5.075057400318301
Kocak_st4s|rand_574	5.35616332008135
Kocak_st4s|rand_575	5.078725927420199
Kocak_st4s|rand_576	4.65746582205426
Kocak_st4s|rand_577	5.101720451923525
Kocak_st4s|rand_578	4.9900286126986
Kocak_st4s|rand_579	5.19553287180045
Kocak_st4s|rand_580	5.528826035741878
Kocak_st4s|rand_581	5.110268208607565
Kocak_st4s|rand_582	5.425463805163511
Kocak_st4s|rand_583	5.2760320140314425
Kocak_st4s|rand_584	5.0818686689644945
Kocak_st4s|rand_585	5.187042334630919
Kocak_st4s|rand_586	5.265953452153198
Kocak_st4s|rand_587	5.314174073745254
Kocak_st4s|rand_588	5.243256479437235
Kocak_st4s|rand_589	5.371340586827931
Kocak_st4s|rand_590	5.450630301995335
Kocak_st4s|rand_591	5.0173649349740375
Kocak_st4s|rand_592	5.302177180146044
Kocak_st4s|rand_593	4.992093907111737
Kocak_st4s|rand_594	4.8914600636763215
Kocak_st4s|rand_595	4.878614478910158
Kocak_st4s|rand_596	5.67896771927834
Kocak_st4s|rand_597	5.0305674117109
Kocak_st4s|rand_598	5.4665749190727855
Kocak_st4s|rand_599	5.013632370528792
Kocak_st4s|rand_600	5.181868195354505
Kocak_st4s|rand_601	5.075631608466056
Kocak_st4s|rand_602	5.0433330511832954
Kocak_st4s|rand_603	4.96047549754844
Kocak_st4s|rand_604	5.196990415552633
Kocak_st4s|rand_605	4.876221930259968
Kocak_st4s|rand_606	5.389071916360053
Kocak_st4s|rand_607	5.054790910134936
Kocak_st4s|rand_608	5.101959393752647
Kocak_st4s|rand_609	5.411848110149449
Kocak_st4s|rand_610	5.077678035680624
Kocak_st4s|rand_611	5.115141645276011
Kocak_st4s|rand_612	5.187498436889711
Kocak_st4s|rand_613	5.038043957736569
Kocak_st4s|rand_614	5.246617389238492
Kocak_st4s|rand_615	5.146192847070391
Kocak_st4s|rand_616	5.304483062546393
Kocak_st4s|rand_617	5.017763992440507
Kocak_st4s|rand_618	5.270362895367505
Kocak_st4s|rand_619	5.105985956606074
Kocak_st4s|rand_620	5.227755760166351
Kocak_st4s|rand_621	5.040501880160606
Kocak_st4s|rand_622	4.944364126461804
Kocak_st4s|rand_623	5.430170843729447
Kocak_st4s|rand_624	5.37341933181988
Kocak_st4s|rand_625	5.10678839512738
Kocak_st4s|rand_626	5.355788235816565
Kocak_st4s|rand_627	4.875707995073707
Kocak_st4s|rand_628	4.969501576133082
Kocak_st4s|rand_629	5.022252499381449
Kocak_st4s|rand_630	5.042373946389013
Kocak_st4s|rand_631	5.147059963970264
Kocak_st4s|rand_632	5.331805374863734
Kocak_st4s|rand_633	5.258198702867823
Kocak_st4s|rand_634	5.265477434734367
Kocak_st4s|rand_635	5.276756316975647
Kocak_st4s|rand_636	5.2602568987264045
Kocak_st4s|rand_637	4.999908361959026
Kocak_st4s|rand_638	5.00921138890959
Kocak_st4s|rand_639	4.988353129590717
Kocak_st4s|rand_640	4.942068883148273
Kocak_st4s|rand_641	4.892870540118276
Kocak_st4s|rand_642	5.253713838033775
Kocak_st4s|rand_643	5.342281880352091
Kocak_st4s|rand_644	5.224143561526079
Kocak_st4s|rand_645	5.379790335951949
Kocak_st4s|rand_646	5.2267611083968575
Kocak_st4s|rand_647	5.12850373814582
Kocak_st4s|rand_648	4.938993812586847
Kocak_st4s|rand_649	4.998656714083465
Kocak_st4s|rand_650	5.268599823371315
Kocak_st4s|rand_651	5.229062535448018
Kocak_st4s|rand_652	4.996806986629574
Kocak_st4s|rand_653	5.052220475615123
Kocak_st4s|rand_654	5.42334899080571
Kocak_st4s|rand_655	5.2865097146622615
Kocak_st4s|rand_656	5.159132922224655
Kocak_st4s|rand_657	5.136183838378156
Kocak_st4s|rand_658	5.283868418471625
Kocak_st4s|rand_659	5.129529201386583
Kocak_st4s|rand_660	5.162560748724978
Kocak_st4s|rand_661	4.858523163824079
Kocak_st4s|rand_662	5.408295571182104
Kocak_st4s|rand_663	5.34998271333488
Kocak_st4s|rand_664	5.364762431109077
Kocak_st4s|rand_665	5.216760869371082
Kocak_st4s|rand_666	5.062693754746098
Kocak_st4s|rand_667	5.062754243926159
Kocak_st4s|rand_668	5.184079196256669
Kocak_st4s|rand_669	5.2864296873280745
Kocak_st4s|rand_670	5.089126817468867
Kocak_st4s|rand_671	5.295641004045309
Kocak_st4s|rand_672	5.509371662389953
Kocak_st4s|rand_673	5.353826468310522
Kocak_st4s|rand_674	5.229205380537149
Kocak_st4s|rand_675	5.32653194908465
Kocak_st4s|rand_676	5.412341857721559
Kocak_st4s|rand_677	5.2310753374711405
Kocak_st4s|rand_678	5.306840859142512
Kocak_st4s|rand_679	5.415513730660405
Kocak_st4s|rand_680	5.91933382471471
Kocak_st4s|rand_681	5.030299368472051
Kocak_st4s|rand_682	5.0811413634869895
Kocak_st4s|rand_683	5.195795027239994
Kocak_st4s|rand_684	5.09511034379655
Kocak_st4s|rand_685	5.488964750141875
Kocak_st4s|rand_686	5.19092811107676
Kocak_st4s|rand_687	4.910049075655604
Kocak_st4s|rand_688	5.16007821323852
Kocak_st4s|rand_689	5.27369249702785
Kocak_st4s|rand_690	5.307272096633895
Kocak_st4s|rand_691	5.394495237358712
Kocak_st4s|rand_692	5.459046377121955
Kocak_st4s|rand_693	5.249393714300911
Kocak_st4s|rand_694	5.129943641014373
Kocak_st4s|rand_695	4.929649681022663
Kocak_st4s|rand_696	5.064497708961767
Kocak_st4s|rand_697	4.960051990836975
Kocak_st4s|rand_698	5.292224304507022
Kocak_st4s|rand_699	4.937428208348661
Kocak_st4s|rand_700	4.91893085453097
Kocak_st4s|rand_701	5.273014559458087
Kocak_st4s|rand_702	5.489663366155876
Kocak_st4s|rand_703	5.064817595447975
Kocak_st4s|rand_704	5.172695309966717
Kocak_st4s|rand_705	5.346974632180275
Kocak_st4s|rand_706	4.765284573407717
Kocak_st4s|rand_707	5.359785523317899
Kocak_st4s|rand_708	5.109822392876792
Kocak_st4s|rand_709	5.201987572058338
Kocak_st4s|rand_710	5.274333187464999
Kocak_st4s|rand_711	5.073232849988086
Kocak_st4s|rand_712	5.030634157556071
Kocak_st4s|rand_713	4.67937733072581
Kocak_st4s|rand_714	5.263726524376535
Kocak_st4s|rand_715	5.226714707332069
Kocak_st4s|rand_716	5.285630553728589
Kocak_st4s|rand_717	5.1120680687279005
Kocak_st4s|rand_718	5.3107174556351975
Kocak_st4s|rand_719	4.86134848918018
Kocak_st4s|rand_720	5.425529758804387
Kocak_st4s|rand_721	5.41406314843767
Kocak_st4s|rand_722	4.857254373851348
Kocak_st4s|rand_723	5.25632133107013
Kocak_st4s|rand_724	4.927776741528788
Kocak_st4s|rand_725	5.101969314842054
Kocak_st4s|rand_726	5.225395478082198
Kocak_st4s|rand_727	5.068401129166635
Kocak_st4s|rand_728	5.366583376361752
Kocak_st4s|rand_729	5.101971019940025
Kocak_st4s|rand_730	5.511460783246377
Kocak_st4s|rand_731	5.227018843852297
Kocak_st4s|rand_732	5.200466957812338
Kocak_st4s|rand_733	5.156236821168363
Kocak_st4s|rand_734	4.705570540275157
Kocak_st4s|rand_735	5.366437619525324
Kocak_st4s|rand_736	4.947291545122771
Kocak_st4s|rand_737	5.410302862293142
Kocak_st4s|rand_738	5.355930765398583
Kocak_st4s|rand_739	5.359128807443143
Kocak_st4s|rand_740	5.024274746135338
Kocak_st4s|rand_741	5.181868664261845
Kocak_st4s|rand_742	5.091626546521413
Kocak_st4s|rand_743	5.100658193149705
Kocak_st4s|rand_744	5.155569753145229
Kocak_st4s|rand_745	5.23224094674183
Kocak_st4s|rand_746	5.123490462820636
Kocak_st4s|rand_747	5.272538999161237
Kocak_st4s|rand_748	5.188275880014311
Kocak_st4s|rand_749	5.287118622124473
Kocak_st4s|rand_750	5.482694756637012
Kocak_st4s|rand_751	5.059945101039468
Kocak_st4s|rand_752	4.977635846749998
Kocak_st4s|rand_753	5.245753206446867
Kocak_st4s|rand_754	5.067340826249138
Kocak_st4s|rand_755	5.363642751919818
Kocak_st4s|rand_756	5.338999704721117
Kocak_st4s|rand_757	5.129650841542526
Kocak_st4s|rand_758	5.047846987920416
Kocak_st4s|rand_759	5.09070145097003
Kocak_st4s|rand_760	5.356462850491425
Kocak_st4s|rand_761	5.282804476877787
Kocak_st4s|rand_762	4.973404161200044
Kocak_st4s|rand_763	4.912080252831052
Kocak_st4s|rand_764	5.060367968155537
Kocak_st4s|rand_765	4.787606614770458
Kocak_st4s|rand_766	5.016225472893804
Kocak_st4s|rand_767	5.29408545151851
Kocak_st4s|rand_768	5.436279324893443
Kocak_st4s|rand_769	5.240742478465793
Kocak_st4s|rand_770	5.0456638860841325
Kocak_st4s|rand_771	5.218548849819333
Kocak_st4s|rand_772	5.279807407672024
Kocak_st4s|rand_773	5.297516320309031
Kocak_st4s|rand_774	4.823750782992495
Kocak_st4s|rand_775	5.163557850390841
Kocak_st4s|rand_776	4.847528404668546
Kocak_st4s|rand_777	5.297303216883013
Kocak_st4s|rand_778	5.207676593582022
Kocak_st4s|rand_779	5.4173285335604975
Kocak_st4s|rand_780	5.190698357872529
Kocak_st4s|rand_781	5.610724555154532
Kocak_st4s|rand_782	4.9741587727932295
Kocak_st4s|rand_783	5.12959201816174
Kocak_st4s|rand_784	5.26868354873398
Kocak_st4s|rand_785	5.062847156637803
Kocak_st4s|rand_786	5.111484722553859
Kocak_st4s|rand_787	5.025961036171405
Kocak_st4s|rand_788	4.717197393404154
Kocak_st4s|rand_789	5.37267491346949
Kocak_st4s|rand_790	5.150237916521454
Kocak_st4s|rand_791	4.8313161021675946
Kocak_st4s|rand_792	5.271900115216883
Kocak_st4s|rand_793	5.014805262757473
Kocak_st4s|rand_794	5.038217075796665
Kocak_st4s|rand_795	5.112910118746354
Kocak_st4s|rand_796	5.337723194995404
Kocak_st4s|rand_797	5.094254874311717
Kocak_st4s|rand_798	5.092955375506622
Kocak_st4s|rand_799	5.020505456474668
Kocak_st4s|rand_800	5.327870802911229
Kocak_st4s|rand_801	5.181359024891972
Kocak_st4s|rand_802	5.420693318535242
Kocak_st4s|rand_803	4.740831940846105
Kocak_st4s|rand_804	5.293890439051209
Kocak_st4s|rand_805	5.468517893430029
Kocak_st4s|rand_806	4.9958418503307165
Kocak_st4s|rand_807	5.276866961409937
Kocak_st4s|rand_808	5.404837004266309
Kocak_st4s|rand_809	4.958231667305505
Kocak_st4s|rand_810	4.99593617829625
Kocak_st4s|rand_811	5.096556331356291
Kocak_st4s|rand_812	5.304154661869672
Kocak_st4s|rand_813	4.942267956203156
Kocak_st4s|rand_814	5.041674369937086
Kocak_st4s|rand_815	5.193468377897055
Kocak_st4s|rand_816	5.219764624533416
Kocak_st4s|rand_817	5.1497083671753465
Kocak_st4s|rand_818	5.0837100158791815
Kocak_st4s|rand_819	5.178780804253013
Kocak_st4s|rand_820	5.419034644898391
Kocak_st4s|rand_821	5.5429983453559135
Kocak_st4s|rand_822	4.900848820625407
Kocak_st4s|rand_823	5.005927117986933
Kocak_st4s|rand_824	4.944530480876992
Kocak_st4s|rand_825	5.181901526045431
Kocak_st4s|rand_826	5.1524819733206515
Kocak_st4s|rand_827	5.15436539643192
Kocak_st4s|rand_828	5.1996065014023625
Kocak_st4s|rand_829	5.041840507506265
Kocak_st4s|rand_830	5.341639511336018
Kocak_st4s|rand_831	5.139700975177272
Kocak_st4s|rand_832	4.962149180661233
Kocak_st4s|rand_833	5.049811985727007
Kocak_st4s|rand_834	4.96674607792486
Kocak_st4s|rand_835	5.096872130498644
Kocak_st4s|rand_836	5.121084999407898
Kocak_st4s|rand_837	5.107445338046541
Kocak_st4s|rand_838	5.093055958059876
Kocak_st4s|rand_839	5.4681371485810235
Kocak_st4s|rand_840	5.153430883781882
Kocak_st4s|rand_841	5.264928680404167
Kocak_st4s|rand_842	4.813540712042905
Kocak_st4s|rand_843	4.730391443234538
Kocak_st4s|rand_844	4.854446916469591
Kocak_st4s|rand_845	5.245333862973025
Kocak_st4s|rand_846	5.399841271917242
Kocak_st4s|rand_847	5.018709146617547
Kocak_st4s|rand_848	5.427331493227538
Kocak_st4s|rand_849	5.14503952036845
Kocak_st4s|rand_850	5.167315414265777
Kocak_st4s|rand_851	5.435951733632889
Kocak_st4s|rand_852	5.299025318770443
Kocak_st4s|rand_853	5.4186510287751775
Kocak_st4s|rand_854	5.410285757355981
Kocak_st4s|rand_855	5.197907376518382
Kocak_st4s|rand_856	5.143152563067214
Kocak_st4s|rand_857	4.854494235320582
Kocak_st4s|rand_858	5.274084072868037
Kocak_st4s|rand_859	5.17788216902914
Kocak_st4s|rand_860	5.230833215738777
Kocak_st4s|rand_861	5.273962413850481
Kocak_st4s|rand_862	5.42028708536888
Kocak_st4s|rand_863	5.113971932814701
Kocak_st4s|rand_864	5.105351688302382
Kocak_st4s|rand_865	5.174152039699036
Kocak_st4s|rand_866	4.792557614591535
Kocak_st4s|rand_867	5.0729139274417445
Kocak_st4s|rand_868	5.305620045107495
Kocak_st4s|rand_869	5.129408767455783
Kocak_st4s|rand_870	5.063777167245687
Kocak_st4s|rand_871	5.4684486405073915
Kocak_st4s|rand_872	5.220972424277967
Kocak_st4s|rand_873	5.616165241933002
Kocak_st4s|rand_874	5.075815636403319
Kocak_st4s|rand_875	5.011080909413766
Kocak_st4s|rand_876	4.973180071512918
Kocak_st4s|rand_877	5.626489611485983
Kocak_st4s|rand_878	5.196801926250775
Kocak_st4s|rand_879	4.829427370179131
Kocak_st4s|rand_880	5.319010155518133
Kocak_st4s|rand_881	5.22975724614311
Kocak_st4s|rand_882	5.257925152248792
Kocak_st4s|rand_883	4.793235354344241
Kocak_st4s|rand_884	4.692707593344104
Kocak_st4s|rand_885	5.140321746950074
Kocak_st4s|rand_886	5.378242798932884
Kocak_st4s|rand_887	5.350479705179085
Kocak_st4s|rand_888	5.150365847057019
Kocak_st4s|rand_889	5.134194208908423
Kocak_st4s|rand_890	4.9285271832379225
Kocak_st4s|rand_891	5.259811267771167
Kocak_st4s|rand_892	5.116870117833839
Kocak_st4s|rand_893	5.129273859967296
Kocak_st4s|rand_894	4.98626698317016
Kocak_st4s|rand_895	4.974608210587192
Kocak_st4s|rand_896	5.1495784952603465
Kocak_st4s|rand_897	5.320818129454722
Kocak_st4s|rand_898	5.261905164217953
Kocak_st4s|rand_899	5.185704634243991
Kocak_st4s|rand_900	5.543804251043714
Kocak_st4s|rand_901	5.108860681454686
Kocak_st4s|rand_902	5.22213826648438
Kocak_st4s|rand_903	4.685202118753488
Kocak_st4s|rand_904	5.394246397552365
Kocak_st4s|rand_905	5.029652835879852
Kocak_st4s|rand_906	5.064604574829541
Kocak_st4s|rand_907	5.118123428313125
Kocak_st4s|rand_908	4.661857366151821
Kocak_st4s|rand_909	4.990930532028797
Kocak_st4s|rand_910	4.950503559871923
Kocak_st4s|rand_911	5.300008228575129
Kocak_st4s|rand_912	5.321579981897352
Kocak_st4s|rand_913	5.31244476953982
Kocak_st4s|rand_914	5.294673399323714
Kocak_st4s|rand_915	5.000711066471568
Kocak_st4s|rand_916	5.515878396410182
Kocak_st4s|rand_917	4.7663318251257
Kocak_st4s|rand_918	5.115391276907506
Kocak_st4s|rand_919	5.129484370542658
Kocak_st4s|rand_920	5.459776536172483
Kocak_st4s|rand_921	5.295319352664783
Kocak_st4s|rand_922	5.372031070261813
Kocak_st4s|rand_923	5.1276714288119205
Kocak_st4s|rand_924	5.473259463369911
Kocak_st4s|rand_925	5.253502268027387
Kocak_st4s|rand_926	4.8521418282507485
Kocak_st4s|rand_927	4.721908235665523
Kocak_st4s|rand_928	5.188764503239413
Kocak_st4s|rand_929	5.2391605660913925
Kocak_st4s|rand_930	5.201414655066171
Kocak_st4s|rand_931	4.7580430373905624
Kocak_st4s|rand_932	4.99176505369769
Kocak_st4s|rand_933	5.122259993399624
Kocak_st4s|rand_934	5.131219026832678
Kocak_st4s|rand_935	5.131513765301091
Kocak_st4s|rand_936	5.462846886893786
Kocak_st4s|rand_937	4.97705423592122
Kocak_st4s|rand_938	5.159160779518964
Kocak_st4s|rand_939	5.492524172196652
Kocak_st4s|rand_940	5.5709897341747
Kocak_st4s|rand_941	5.2218513579106
Kocak_st4s|rand_942	4.74318446446641
Kocak_st4s|rand_943	5.480890693677363
Kocak_st4s|rand_944	4.9148172843066735
Kocak_st4s|rand_945	5.024391574710205
Kocak_st4s|rand_946	5.400829848361362
Kocak_st4s|rand_947	4.925084138436534
Kocak_st4s|rand_948	5.025016369736216
Kocak_st4s|rand_949	5.076058212368531
Kocak_st4s|rand_950	5.133707340687579
Kocak_st4s|rand_951	5.326931668099601
Kocak_st4s|rand_952	4.847967404349265
Kocak_st4s|rand_953	5.197849864650622
Kocak_st4s|rand_954	5.269643329756666
Kocak_st4s|rand_955	5.0191114818301195
Kocak_st4s|rand_956	5.407148822189984
Kocak_st4s|rand_957	5.13593806999656
Kocak_st4s|rand_958	5.20560128917685
Kocak_st4s|rand_959	5.362152775118805
Kocak_st4s|rand_960	5.1756581123693985
Kocak_st4s|rand_961	4.556481783505239
Kocak_st4s|rand_962	4.8097907249403
Kocak_st4s|rand_963	5.228307946230271
Kocak_st4s|rand_964	5.247567255353515
Kocak_st4s|rand_965	5.229727290836244
Kocak_st4s|rand_966	5.170388780296982
Kocak_st4s|rand_967	5.047435711914766
Kocak_st4s|rand_968	5.137602055433502
Kocak_st4s|rand_969	5.313264873410318
Kocak_st4s|rand_970	5.032830834830826
Kocak_st4s|rand_971	5.260996877188632
Kocak_st4s|rand_972	5.277105307355483
Kocak_st4s|rand_973	4.952401139316746
Kocak_st4s|rand_974	4.97810978280548
Kocak_st4s|rand_975	4.624076371378426
Kocak_st4s|rand_976	5.3777024433342575
Kocak_st4s|rand_977	5.060237368958853
Kocak_st4s|rand_978	5.159724457730522
Kocak_st4s|rand_979	5.258114451433153
Kocak_st4s|rand_980	4.954946625822598
Kocak_st4s|rand_981	5.063202035546826
Kocak_st4s|rand_982	4.640479330426756
Kocak_st4s|rand_983	5.0503266171518
Kocak_st4s|rand_984	5.2599746597948895
Kocak_st4s|rand_985	5.1506144746725715
Kocak_st4s|rand_986	5.220215287421664
Kocak_st4s|rand_987	5.380311340460704
Kocak_st4s|rand_988	5.193475509698734
Kocak_st4s|rand_989	5.336850348238643
Kocak_st4s|rand_990	5.20880960987372
Kocak_st4s|rand_991	5.15939834942994
Kocak_st4s|rand_992	4.903675975409646
Kocak_st4s|rand_993	5.179375996483174
Kocak_st4s|rand_994	5.13048174496592
Kocak_st4s|rand_995	5.384942943082847
Kocak_st4s|rand_996	5.152148642731654
Kocak_st4s|rand_997	5.333745716879364
Kocak_st4s|rand_998	5.27672700923783
Kocak_st4s|rand_999	4.908823568537551
Kocak_st4s|rand_1000	5.550981229745003
