	CCD
SEQC_MYCNamp|rand_1	3.776956040166983
SEQC_MYCNamp|rand_2	3.5663442333335666
SEQC_MYCNamp|rand_3	3.1241293108630463
SEQC_MYCNamp|rand_4	3.502225892643469
SEQC_MYCNamp|rand_5	3.4484414599048336
SEQC_MYCNamp|rand_6	3.7470041356727917
SEQC_MYCNamp|rand_7	3.7135656923566285
SEQC_MYCNamp|rand_8	3.569468747025975
SEQC_MYCNamp|rand_9	3.617008643826101
SEQC_MYCNamp|rand_10	3.3092647076736834
SEQC_MYCNamp|rand_11	3.788916748417902
SEQC_MYCNamp|rand_12	3.4945847363129885
SEQC_MYCNamp|rand_13	3.489989662776535
SEQC_MYCNamp|rand_14	3.812576821242326
SEQC_MYCNamp|rand_15	3.790889280336103
SEQC_MYCNamp|rand_16	3.11175972096603
SEQC_MYCNamp|rand_17	3.4789613846294007
SEQC_MYCNamp|rand_18	3.6724444683497612
SEQC_MYCNamp|rand_19	3.77108733828918
SEQC_MYCNamp|rand_20	3.443702282813247
SEQC_MYCNamp|rand_21	3.5312009674938225
SEQC_MYCNamp|rand_22	3.487516063222349
SEQC_MYCNamp|rand_23	3.426218285512855
SEQC_MYCNamp|rand_24	3.4481454363893778
SEQC_MYCNamp|rand_25	3.0990631779242177
SEQC_MYCNamp|rand_26	3.185569181472006
SEQC_MYCNamp|rand_27	3.6891512842095295
SEQC_MYCNamp|rand_28	3.4873181667437274
SEQC_MYCNamp|rand_29	3.964992481033838
SEQC_MYCNamp|rand_30	3.7275950309757366
SEQC_MYCNamp|rand_31	3.5785650272752614
SEQC_MYCNamp|rand_32	3.6229940705164507
SEQC_MYCNamp|rand_33	3.9235665603706833
SEQC_MYCNamp|rand_34	3.691848861325532
SEQC_MYCNamp|rand_35	3.73397445950526
SEQC_MYCNamp|rand_36	3.567610048134656
SEQC_MYCNamp|rand_37	3.205513974930656
SEQC_MYCNamp|rand_38	3.9063522658107392
SEQC_MYCNamp|rand_39	3.331055169599062
SEQC_MYCNamp|rand_40	3.455313218852801
SEQC_MYCNamp|rand_41	3.9159628379136926
SEQC_MYCNamp|rand_42	3.7823226863354975
SEQC_MYCNamp|rand_43	3.2457731428119025
SEQC_MYCNamp|rand_44	3.8932705135381167
SEQC_MYCNamp|rand_45	3.584732671417208
SEQC_MYCNamp|rand_46	3.4476311534842536
SEQC_MYCNamp|rand_47	2.964057614461148
SEQC_MYCNamp|rand_48	3.3772306983949925
SEQC_MYCNamp|rand_49	3.60344358690257
SEQC_MYCNamp|rand_50	3.2198792034955748
SEQC_MYCNamp|rand_51	3.2224784828577095
SEQC_MYCNamp|rand_52	3.6582883518352656
SEQC_MYCNamp|rand_53	3.3203951646968837
SEQC_MYCNamp|rand_54	3.140220075601647
SEQC_MYCNamp|rand_55	3.7330466650893865
SEQC_MYCNamp|rand_56	3.4660847114616904
SEQC_MYCNamp|rand_57	3.1779612252807947
SEQC_MYCNamp|rand_58	3.3044614562012775
SEQC_MYCNamp|rand_59	3.6736816715543292
SEQC_MYCNamp|rand_60	3.153713487476731
SEQC_MYCNamp|rand_61	3.455245141036674
SEQC_MYCNamp|rand_62	3.2462922191034873
SEQC_MYCNamp|rand_63	3.5643372320427664
SEQC_MYCNamp|rand_64	3.423856814800162
SEQC_MYCNamp|rand_65	3.5298568383920657
SEQC_MYCNamp|rand_66	3.44537513486281
SEQC_MYCNamp|rand_67	3.3918582439405176
SEQC_MYCNamp|rand_68	3.5555233077442763
SEQC_MYCNamp|rand_69	3.393640055471845
SEQC_MYCNamp|rand_70	3.1544265288791
SEQC_MYCNamp|rand_71	3.460265851860772
SEQC_MYCNamp|rand_72	3.4875358970564916
SEQC_MYCNamp|rand_73	3.6279436295517926
SEQC_MYCNamp|rand_74	3.5397556426065675
SEQC_MYCNamp|rand_75	3.1625367600949157
SEQC_MYCNamp|rand_76	3.12615946380886
SEQC_MYCNamp|rand_77	3.608918786306766
SEQC_MYCNamp|rand_78	3.893416313537297
SEQC_MYCNamp|rand_79	3.573036683608447
SEQC_MYCNamp|rand_80	3.5955009360059043
SEQC_MYCNamp|rand_81	3.3614442910205753
SEQC_MYCNamp|rand_82	3.6554672732413014
SEQC_MYCNamp|rand_83	3.758484401637483
SEQC_MYCNamp|rand_84	3.311956338317583
SEQC_MYCNamp|rand_85	3.6249987124873764
SEQC_MYCNamp|rand_86	3.170385126468225
SEQC_MYCNamp|rand_87	3.8085630777656063
SEQC_MYCNamp|rand_88	3.4510386990401867
SEQC_MYCNamp|rand_89	3.7684467784415028
SEQC_MYCNamp|rand_90	3.8350492381264676
SEQC_MYCNamp|rand_91	3.442379112851663
SEQC_MYCNamp|rand_92	3.340564049737955
SEQC_MYCNamp|rand_93	3.458301942005645
SEQC_MYCNamp|rand_94	3.5921212300752083
SEQC_MYCNamp|rand_95	3.6516305849584363
SEQC_MYCNamp|rand_96	3.767051216551757
SEQC_MYCNamp|rand_97	3.528570963657424
SEQC_MYCNamp|rand_98	3.0810266576041845
SEQC_MYCNamp|rand_99	3.3827381687875953
SEQC_MYCNamp|rand_100	3.163511820461555
SEQC_MYCNamp|rand_101	3.6666029063242243
SEQC_MYCNamp|rand_102	3.3293912357846653
SEQC_MYCNamp|rand_103	3.3992824256803966
SEQC_MYCNamp|rand_104	3.4506194241688224
SEQC_MYCNamp|rand_105	3.403016417176599
SEQC_MYCNamp|rand_106	3.646339542712229
SEQC_MYCNamp|rand_107	3.548804533934476
SEQC_MYCNamp|rand_108	3.485781544640475
SEQC_MYCNamp|rand_109	3.750720892529556
SEQC_MYCNamp|rand_110	3.1586480464364155
SEQC_MYCNamp|rand_111	3.2039707536032314
SEQC_MYCNamp|rand_112	3.5825079485967883
SEQC_MYCNamp|rand_113	3.378414112356985
SEQC_MYCNamp|rand_114	3.290724626189597
SEQC_MYCNamp|rand_115	3.1735887227619446
SEQC_MYCNamp|rand_116	4.053282413952321
SEQC_MYCNamp|rand_117	3.3832546944382615
SEQC_MYCNamp|rand_118	3.5222415464271997
SEQC_MYCNamp|rand_119	3.759533003574258
SEQC_MYCNamp|rand_120	3.4148866492484866
SEQC_MYCNamp|rand_121	3.575501373953501
SEQC_MYCNamp|rand_122	3.847344638783886
SEQC_MYCNamp|rand_123	3.348039257732326
SEQC_MYCNamp|rand_124	3.537697722750207
SEQC_MYCNamp|rand_125	3.716886680169611
SEQC_MYCNamp|rand_126	3.5723657741907315
SEQC_MYCNamp|rand_127	3.41271129271459
SEQC_MYCNamp|rand_128	3.6962121728208053
SEQC_MYCNamp|rand_129	3.431231099023559
SEQC_MYCNamp|rand_130	3.6580404355052183
SEQC_MYCNamp|rand_131	3.5062488748446476
SEQC_MYCNamp|rand_132	3.443584837293471
SEQC_MYCNamp|rand_133	3.501573503330406
SEQC_MYCNamp|rand_134	3.157686851697627
SEQC_MYCNamp|rand_135	3.625005297897667
SEQC_MYCNamp|rand_136	3.335874138383527
SEQC_MYCNamp|rand_137	3.5351373906003514
SEQC_MYCNamp|rand_138	3.4956011182487003
SEQC_MYCNamp|rand_139	3.7226207280725867
SEQC_MYCNamp|rand_140	4.328494672106295
SEQC_MYCNamp|rand_141	3.4222065421507257
SEQC_MYCNamp|rand_142	3.311802122904718
SEQC_MYCNamp|rand_143	3.562232272037358
SEQC_MYCNamp|rand_144	3.3229464194296927
SEQC_MYCNamp|rand_145	3.540046418894614
SEQC_MYCNamp|rand_146	3.057484090411267
SEQC_MYCNamp|rand_147	3.3623074391975343
SEQC_MYCNamp|rand_148	3.3245570551608115
SEQC_MYCNamp|rand_149	3.5478068594844703
SEQC_MYCNamp|rand_150	3.641677368299583
SEQC_MYCNamp|rand_151	2.9750852393698706
SEQC_MYCNamp|rand_152	3.1662393812766645
SEQC_MYCNamp|rand_153	3.4696122254706165
SEQC_MYCNamp|rand_154	3.1085397518455995
SEQC_MYCNamp|rand_155	3.6569302832990207
SEQC_MYCNamp|rand_156	4.124709606063494
SEQC_MYCNamp|rand_157	3.3750482374451094
SEQC_MYCNamp|rand_158	3.4386972639791598
SEQC_MYCNamp|rand_159	3.5546302887288803
SEQC_MYCNamp|rand_160	3.53629661526994
SEQC_MYCNamp|rand_161	3.406144780730836
SEQC_MYCNamp|rand_162	3.2216515318460175
SEQC_MYCNamp|rand_163	3.4436251243215623
SEQC_MYCNamp|rand_164	2.8392114437011213
SEQC_MYCNamp|rand_165	3.6358770330288355
SEQC_MYCNamp|rand_166	3.7135421012172145
SEQC_MYCNamp|rand_167	3.5275435314788472
SEQC_MYCNamp|rand_168	3.3415227110653287
SEQC_MYCNamp|rand_169	3.8110322697940906
SEQC_MYCNamp|rand_170	3.7808910037874712
SEQC_MYCNamp|rand_171	3.5948365515835645
SEQC_MYCNamp|rand_172	3.811633695446301
SEQC_MYCNamp|rand_173	3.340258347198565
SEQC_MYCNamp|rand_174	3.4957249519796996
SEQC_MYCNamp|rand_175	3.256384352641587
SEQC_MYCNamp|rand_176	3.7688370816077086
SEQC_MYCNamp|rand_177	3.3440440681848282
SEQC_MYCNamp|rand_178	3.3658905678962165
SEQC_MYCNamp|rand_179	3.182027239583812
SEQC_MYCNamp|rand_180	3.493422697893903
SEQC_MYCNamp|rand_181	3.0252448258260083
SEQC_MYCNamp|rand_182	3.4831634883257707
SEQC_MYCNamp|rand_183	3.534954160489557
SEQC_MYCNamp|rand_184	3.3770680062978222
SEQC_MYCNamp|rand_185	3.47077700447486
SEQC_MYCNamp|rand_186	3.3759306215659053
SEQC_MYCNamp|rand_187	3.4547076198669604
SEQC_MYCNamp|rand_188	3.3475325471213577
SEQC_MYCNamp|rand_189	3.7965783923471985
SEQC_MYCNamp|rand_190	3.4344962064026623
SEQC_MYCNamp|rand_191	3.7212333124192405
SEQC_MYCNamp|rand_192	3.461838254094806
SEQC_MYCNamp|rand_193	3.767047909870998
SEQC_MYCNamp|rand_194	3.5864068957034045
SEQC_MYCNamp|rand_195	3.759397965215383
SEQC_MYCNamp|rand_196	3.6694642208304744
SEQC_MYCNamp|rand_197	3.192874241372749
SEQC_MYCNamp|rand_198	3.360466326526593
SEQC_MYCNamp|rand_199	3.285138140015325
SEQC_MYCNamp|rand_200	3.475654940663771
SEQC_MYCNamp|rand_201	3.599373331995889
SEQC_MYCNamp|rand_202	3.6012441403322004
SEQC_MYCNamp|rand_203	3.351608167973358
SEQC_MYCNamp|rand_204	3.446189770389916
SEQC_MYCNamp|rand_205	3.2485556264615627
SEQC_MYCNamp|rand_206	3.3477298408480594
SEQC_MYCNamp|rand_207	3.6755148320681927
SEQC_MYCNamp|rand_208	3.5836308716046146
SEQC_MYCNamp|rand_209	3.375014028001093
SEQC_MYCNamp|rand_210	3.3561863853510507
SEQC_MYCNamp|rand_211	3.2596006452888595
SEQC_MYCNamp|rand_212	3.5201489890918136
SEQC_MYCNamp|rand_213	3.2385389757996985
SEQC_MYCNamp|rand_214	3.450990710574142
SEQC_MYCNamp|rand_215	3.6228306786521194
SEQC_MYCNamp|rand_216	3.8216104170711183
SEQC_MYCNamp|rand_217	3.700052523654214
SEQC_MYCNamp|rand_218	3.5116340738824032
SEQC_MYCNamp|rand_219	3.3053685903042775
SEQC_MYCNamp|rand_220	2.835066028535719
SEQC_MYCNamp|rand_221	3.4023534384304033
SEQC_MYCNamp|rand_222	3.257149480997003
SEQC_MYCNamp|rand_223	3.4647860622428692
SEQC_MYCNamp|rand_224	3.2713496947607688
SEQC_MYCNamp|rand_225	3.515572987297759
SEQC_MYCNamp|rand_226	3.362432819599318
SEQC_MYCNamp|rand_227	3.635893581997755
SEQC_MYCNamp|rand_228	3.7964562202101586
SEQC_MYCNamp|rand_229	3.1897482882930666
SEQC_MYCNamp|rand_230	3.698490481884862
SEQC_MYCNamp|rand_231	3.168728829386163
SEQC_MYCNamp|rand_232	3.1783153592252775
SEQC_MYCNamp|rand_233	3.6264085653279983
SEQC_MYCNamp|rand_234	3.4990281895735253
SEQC_MYCNamp|rand_235	3.7520134888150394
SEQC_MYCNamp|rand_236	3.521496579963741
SEQC_MYCNamp|rand_237	3.5351573587316483
SEQC_MYCNamp|rand_238	3.3551348932830405
SEQC_MYCNamp|rand_239	3.0140307116267584
SEQC_MYCNamp|rand_240	3.3592650315178743
SEQC_MYCNamp|rand_241	3.332605646251922
SEQC_MYCNamp|rand_242	3.4085280008546643
SEQC_MYCNamp|rand_243	3.511837966534157
SEQC_MYCNamp|rand_244	3.86771257578351
SEQC_MYCNamp|rand_245	3.073574146026168
SEQC_MYCNamp|rand_246	3.3651105017708787
SEQC_MYCNamp|rand_247	3.574368260760922
SEQC_MYCNamp|rand_248	3.387372470978528
SEQC_MYCNamp|rand_249	3.3477006383474484
SEQC_MYCNamp|rand_250	3.4469780625452704
SEQC_MYCNamp|rand_251	3.515484696602719
SEQC_MYCNamp|rand_252	3.710118869606838
SEQC_MYCNamp|rand_253	3.6130860141322203
SEQC_MYCNamp|rand_254	3.827830447340103
SEQC_MYCNamp|rand_255	3.3768785496585307
SEQC_MYCNamp|rand_256	3.597519859182371
SEQC_MYCNamp|rand_257	3.6245599329474887
SEQC_MYCNamp|rand_258	3.453134258719291
SEQC_MYCNamp|rand_259	3.4574580506462533
SEQC_MYCNamp|rand_260	3.2584634204596044
SEQC_MYCNamp|rand_261	3.294423470707616
SEQC_MYCNamp|rand_262	3.426533596599699
SEQC_MYCNamp|rand_263	3.365492289344956
SEQC_MYCNamp|rand_264	3.0026427239841493
SEQC_MYCNamp|rand_265	3.5927914718332152
SEQC_MYCNamp|rand_266	3.711406613608425
SEQC_MYCNamp|rand_267	3.5245369453483533
SEQC_MYCNamp|rand_268	3.9022894610409087
SEQC_MYCNamp|rand_269	3.4165346109160035
SEQC_MYCNamp|rand_270	3.5623482394074504
SEQC_MYCNamp|rand_271	3.7973289188348347
SEQC_MYCNamp|rand_272	3.369899079193272
SEQC_MYCNamp|rand_273	3.545393369252686
SEQC_MYCNamp|rand_274	3.5424746126985296
SEQC_MYCNamp|rand_275	3.6114038859204705
SEQC_MYCNamp|rand_276	3.3381391145657573
SEQC_MYCNamp|rand_277	3.716448014729271
SEQC_MYCNamp|rand_278	3.433340289220442
SEQC_MYCNamp|rand_279	2.9612458627599385
SEQC_MYCNamp|rand_280	2.9302833055679463
SEQC_MYCNamp|rand_281	3.7118596137342896
SEQC_MYCNamp|rand_282	3.784022270436482
SEQC_MYCNamp|rand_283	3.3244387159744155
SEQC_MYCNamp|rand_284	3.4671663842915397
SEQC_MYCNamp|rand_285	3.382790582400664
SEQC_MYCNamp|rand_286	3.510897326932402
SEQC_MYCNamp|rand_287	3.7584356053327923
SEQC_MYCNamp|rand_288	3.4562329979305644
SEQC_MYCNamp|rand_289	3.4719945027260897
SEQC_MYCNamp|rand_290	3.5067794581253464
SEQC_MYCNamp|rand_291	2.9109907733752385
SEQC_MYCNamp|rand_292	3.256960698479837
SEQC_MYCNamp|rand_293	3.075731846500209
SEQC_MYCNamp|rand_294	3.5084747697672625
SEQC_MYCNamp|rand_295	3.6171766314413536
SEQC_MYCNamp|rand_296	3.199205742693988
SEQC_MYCNamp|rand_297	3.185337294894666
SEQC_MYCNamp|rand_298	3.5417685539540744
SEQC_MYCNamp|rand_299	3.432130657848625
SEQC_MYCNamp|rand_300	3.8392170751378516
SEQC_MYCNamp|rand_301	3.8488779965856748
SEQC_MYCNamp|rand_302	3.5814498594641253
SEQC_MYCNamp|rand_303	3.6125609725109764
SEQC_MYCNamp|rand_304	3.1928757903475535
SEQC_MYCNamp|rand_305	3.834707083931089
SEQC_MYCNamp|rand_306	3.3412974620570557
SEQC_MYCNamp|rand_307	3.426058169204662
SEQC_MYCNamp|rand_308	3.767303585210538
SEQC_MYCNamp|rand_309	3.820791474628501
SEQC_MYCNamp|rand_310	3.5825506728195466
SEQC_MYCNamp|rand_311	3.5885041517456515
SEQC_MYCNamp|rand_312	3.3019008661753078
SEQC_MYCNamp|rand_313	3.4693184995360506
SEQC_MYCNamp|rand_314	3.420470501800199
SEQC_MYCNamp|rand_315	3.6101346501965863
SEQC_MYCNamp|rand_316	3.5843899117728295
SEQC_MYCNamp|rand_317	3.606236029431507
SEQC_MYCNamp|rand_318	3.4584066283400303
SEQC_MYCNamp|rand_319	3.881256253306212
SEQC_MYCNamp|rand_320	3.6167662763501456
SEQC_MYCNamp|rand_321	3.0086098551632854
SEQC_MYCNamp|rand_322	3.170021547182466
SEQC_MYCNamp|rand_323	3.5416748727833465
SEQC_MYCNamp|rand_324	3.6465365541878705
SEQC_MYCNamp|rand_325	3.305401178013211
SEQC_MYCNamp|rand_326	3.866306563089564
SEQC_MYCNamp|rand_327	3.820992237502281
SEQC_MYCNamp|rand_328	3.2541237788482276
SEQC_MYCNamp|rand_329	3.540093982835595
SEQC_MYCNamp|rand_330	2.8575684275217914
SEQC_MYCNamp|rand_331	3.537413179312129
SEQC_MYCNamp|rand_332	3.0777422157897094
SEQC_MYCNamp|rand_333	3.5937458529263155
SEQC_MYCNamp|rand_334	3.6236854963232514
SEQC_MYCNamp|rand_335	3.968153309937296
SEQC_MYCNamp|rand_336	3.497127212003851
SEQC_MYCNamp|rand_337	3.6549345839055016
SEQC_MYCNamp|rand_338	3.518713001305939
SEQC_MYCNamp|rand_339	3.584077409232182
SEQC_MYCNamp|rand_340	3.5818579597995033
SEQC_MYCNamp|rand_341	3.5769947033357403
SEQC_MYCNamp|rand_342	3.6253896191489905
SEQC_MYCNamp|rand_343	3.5193041230119344
SEQC_MYCNamp|rand_344	3.6456583882519262
SEQC_MYCNamp|rand_345	3.5008952008855174
SEQC_MYCNamp|rand_346	3.4289128161514157
SEQC_MYCNamp|rand_347	3.5382749186633284
SEQC_MYCNamp|rand_348	3.740430694304632
SEQC_MYCNamp|rand_349	3.5696419241740553
SEQC_MYCNamp|rand_350	3.1807337183099675
SEQC_MYCNamp|rand_351	3.726470409855232
SEQC_MYCNamp|rand_352	3.6412279526324793
SEQC_MYCNamp|rand_353	3.514799273123217
SEQC_MYCNamp|rand_354	3.1518501660594582
SEQC_MYCNamp|rand_355	3.3185164196462402
SEQC_MYCNamp|rand_356	3.4570057604809223
SEQC_MYCNamp|rand_357	3.4201790075243617
SEQC_MYCNamp|rand_358	3.420737395848751
SEQC_MYCNamp|rand_359	3.7312388432610843
SEQC_MYCNamp|rand_360	3.665723751338185
SEQC_MYCNamp|rand_361	3.586499654033675
SEQC_MYCNamp|rand_362	3.6439066395018833
SEQC_MYCNamp|rand_363	3.5239641336359147
SEQC_MYCNamp|rand_364	3.406422952169211
SEQC_MYCNamp|rand_365	3.6606307851531983
SEQC_MYCNamp|rand_366	3.3995788528407456
SEQC_MYCNamp|rand_367	3.3033979486565452
SEQC_MYCNamp|rand_368	3.2758928485992094
SEQC_MYCNamp|rand_369	3.59383669700374
SEQC_MYCNamp|rand_370	3.1042397294530564
SEQC_MYCNamp|rand_371	3.175916686489142
SEQC_MYCNamp|rand_372	3.3931167019979984
SEQC_MYCNamp|rand_373	3.530511067585931
SEQC_MYCNamp|rand_374	3.54819550489704
SEQC_MYCNamp|rand_375	3.308724190712068
SEQC_MYCNamp|rand_376	3.3932297445286466
SEQC_MYCNamp|rand_377	3.5278599105479747
SEQC_MYCNamp|rand_378	3.1062748143818233
SEQC_MYCNamp|rand_379	3.385489965710935
SEQC_MYCNamp|rand_380	3.5111391138034755
SEQC_MYCNamp|rand_381	3.2392162556578237
SEQC_MYCNamp|rand_382	3.7893207835147757
SEQC_MYCNamp|rand_383	3.6753342446016855
SEQC_MYCNamp|rand_384	3.787234224991165
SEQC_MYCNamp|rand_385	3.818124262294932
SEQC_MYCNamp|rand_386	3.4981021860563297
SEQC_MYCNamp|rand_387	3.283346766649034
SEQC_MYCNamp|rand_388	3.47719321395663
SEQC_MYCNamp|rand_389	3.6161501685420236
SEQC_MYCNamp|rand_390	3.3897896462264168
SEQC_MYCNamp|rand_391	3.1792755761033447
SEQC_MYCNamp|rand_392	3.560319229679968
SEQC_MYCNamp|rand_393	3.536355946632888
SEQC_MYCNamp|rand_394	3.5171799063545186
SEQC_MYCNamp|rand_395	3.4565221866498206
SEQC_MYCNamp|rand_396	3.336717489184897
SEQC_MYCNamp|rand_397	3.2804145725594456
SEQC_MYCNamp|rand_398	3.5866250663541854
SEQC_MYCNamp|rand_399	3.5933893462806794
SEQC_MYCNamp|rand_400	3.4108155637096935
SEQC_MYCNamp|rand_401	3.213825776530635
SEQC_MYCNamp|rand_402	3.575194578069645
SEQC_MYCNamp|rand_403	3.384030637167621
SEQC_MYCNamp|rand_404	3.971679792348776
SEQC_MYCNamp|rand_405	3.662669415641235
SEQC_MYCNamp|rand_406	3.607212164101148
SEQC_MYCNamp|rand_407	3.4602390019209426
SEQC_MYCNamp|rand_408	3.6581731866337703
SEQC_MYCNamp|rand_409	3.361810280438319
SEQC_MYCNamp|rand_410	3.3959504819361848
SEQC_MYCNamp|rand_411	3.5560447146256466
SEQC_MYCNamp|rand_412	3.7750186067476377
SEQC_MYCNamp|rand_413	3.2545203183407776
SEQC_MYCNamp|rand_414	3.4532147166874645
SEQC_MYCNamp|rand_415	3.70001112883004
SEQC_MYCNamp|rand_416	3.488745406961006
SEQC_MYCNamp|rand_417	3.479050630650461
SEQC_MYCNamp|rand_418	3.221962326694313
SEQC_MYCNamp|rand_419	3.0549583126217157
SEQC_MYCNamp|rand_420	3.894409697138163
SEQC_MYCNamp|rand_421	3.559255906788362
SEQC_MYCNamp|rand_422	3.50666175022078
SEQC_MYCNamp|rand_423	3.9308477457727484
SEQC_MYCNamp|rand_424	3.3717993831962736
SEQC_MYCNamp|rand_425	3.221707579727722
SEQC_MYCNamp|rand_426	3.4545181284912374
SEQC_MYCNamp|rand_427	3.640249431774572
SEQC_MYCNamp|rand_428	3.2655014922129864
SEQC_MYCNamp|rand_429	3.401287756901162
SEQC_MYCNamp|rand_430	3.3946334486646594
SEQC_MYCNamp|rand_431	3.8290560132037803
SEQC_MYCNamp|rand_432	3.2174029587761006
SEQC_MYCNamp|rand_433	3.4957168582326568
SEQC_MYCNamp|rand_434	3.4512987220824978
SEQC_MYCNamp|rand_435	3.4200401346817686
SEQC_MYCNamp|rand_436	3.427292625170557
SEQC_MYCNamp|rand_437	3.5332322177299313
SEQC_MYCNamp|rand_438	3.804201915877546
SEQC_MYCNamp|rand_439	3.243160062045064
SEQC_MYCNamp|rand_440	3.3560515795727626
SEQC_MYCNamp|rand_441	3.7434908253578243
SEQC_MYCNamp|rand_442	3.373393368708175
SEQC_MYCNamp|rand_443	3.652120433034075
SEQC_MYCNamp|rand_444	3.6012157809071206
SEQC_MYCNamp|rand_445	3.3225841401926104
SEQC_MYCNamp|rand_446	3.6877425841255125
SEQC_MYCNamp|rand_447	3.605489922347764
SEQC_MYCNamp|rand_448	3.51574556021564
SEQC_MYCNamp|rand_449	3.460877065687907
SEQC_MYCNamp|rand_450	3.3795524476948207
SEQC_MYCNamp|rand_451	3.253521160516573
SEQC_MYCNamp|rand_452	3.7521828941634494
SEQC_MYCNamp|rand_453	3.8612997332875527
SEQC_MYCNamp|rand_454	3.2762163552173784
SEQC_MYCNamp|rand_455	3.539067343126085
SEQC_MYCNamp|rand_456	3.507162462167161
SEQC_MYCNamp|rand_457	3.308848540590207
SEQC_MYCNamp|rand_458	3.523480417384467
SEQC_MYCNamp|rand_459	3.7538196537834216
SEQC_MYCNamp|rand_460	3.4591283641623063
SEQC_MYCNamp|rand_461	2.9614049373640023
SEQC_MYCNamp|rand_462	3.2883237575510242
SEQC_MYCNamp|rand_463	3.3584079575356953
SEQC_MYCNamp|rand_464	2.8945532426060305
SEQC_MYCNamp|rand_465	3.595767987735685
SEQC_MYCNamp|rand_466	3.372685184257437
SEQC_MYCNamp|rand_467	3.314688742373551
SEQC_MYCNamp|rand_468	3.4417932442237005
SEQC_MYCNamp|rand_469	3.415429030834303
SEQC_MYCNamp|rand_470	2.9371610809676736
SEQC_MYCNamp|rand_471	3.8507257825144467
SEQC_MYCNamp|rand_472	3.303149785111274
SEQC_MYCNamp|rand_473	3.7347789503015503
SEQC_MYCNamp|rand_474	3.743197799655001
SEQC_MYCNamp|rand_475	3.7446762982531023
SEQC_MYCNamp|rand_476	3.443353704173265
SEQC_MYCNamp|rand_477	3.552872703654585
SEQC_MYCNamp|rand_478	3.488472352574336
SEQC_MYCNamp|rand_479	3.454760766882402
SEQC_MYCNamp|rand_480	3.5131023955441276
SEQC_MYCNamp|rand_481	3.7345034821045395
SEQC_MYCNamp|rand_482	3.5156236378037318
SEQC_MYCNamp|rand_483	3.215714949012679
SEQC_MYCNamp|rand_484	3.6652547017592645
SEQC_MYCNamp|rand_485	3.7423070630514723
SEQC_MYCNamp|rand_486	3.3042609186996783
SEQC_MYCNamp|rand_487	3.642199699117273
SEQC_MYCNamp|rand_488	3.2260667697086163
SEQC_MYCNamp|rand_489	3.5099535451288726
SEQC_MYCNamp|rand_490	3.4592975776442114
SEQC_MYCNamp|rand_491	3.432972295719905
SEQC_MYCNamp|rand_492	3.591443632092963
SEQC_MYCNamp|rand_493	3.4917266480243345
SEQC_MYCNamp|rand_494	3.938514940468307
SEQC_MYCNamp|rand_495	3.6586210016178478
SEQC_MYCNamp|rand_496	3.3867050284977505
SEQC_MYCNamp|rand_497	3.2934515840393863
SEQC_MYCNamp|rand_498	3.636243233725832
SEQC_MYCNamp|rand_499	3.563893418636989
SEQC_MYCNamp|rand_500	3.2320491314064275
SEQC_MYCNamp|rand_501	3.23544438003766
SEQC_MYCNamp|rand_502	3.6146144269294354
SEQC_MYCNamp|rand_503	3.4422404858338145
SEQC_MYCNamp|rand_504	3.581547780674405
SEQC_MYCNamp|rand_505	3.334694038705638
SEQC_MYCNamp|rand_506	3.4860635481313635
SEQC_MYCNamp|rand_507	3.549456752438288
SEQC_MYCNamp|rand_508	3.602756112554933
SEQC_MYCNamp|rand_509	3.797702196102298
SEQC_MYCNamp|rand_510	3.7467899786797783
SEQC_MYCNamp|rand_511	3.2231907314512975
SEQC_MYCNamp|rand_512	3.6566213764550444
SEQC_MYCNamp|rand_513	3.5142499356166117
SEQC_MYCNamp|rand_514	3.82350089031466
SEQC_MYCNamp|rand_515	3.4309098416594708
SEQC_MYCNamp|rand_516	3.510366823006029
SEQC_MYCNamp|rand_517	3.184944402580056
SEQC_MYCNamp|rand_518	3.5129796447384627
SEQC_MYCNamp|rand_519	3.732674551660233
SEQC_MYCNamp|rand_520	3.09979906693508
SEQC_MYCNamp|rand_521	2.975660085120816
SEQC_MYCNamp|rand_522	3.7060327388970036
SEQC_MYCNamp|rand_523	3.546624144266875
SEQC_MYCNamp|rand_524	3.5924009994137327
SEQC_MYCNamp|rand_525	3.2579665469226287
SEQC_MYCNamp|rand_526	3.017231654394902
SEQC_MYCNamp|rand_527	3.6720291890092684
SEQC_MYCNamp|rand_528	3.318415322232168
SEQC_MYCNamp|rand_529	3.6932676769114634
SEQC_MYCNamp|rand_530	3.3356337752737644
SEQC_MYCNamp|rand_531	3.374247988932721
SEQC_MYCNamp|rand_532	3.577741128218327
SEQC_MYCNamp|rand_533	3.277423494894157
SEQC_MYCNamp|rand_534	3.278827062093897
SEQC_MYCNamp|rand_535	3.2461692946827663
SEQC_MYCNamp|rand_536	3.2594149935698282
SEQC_MYCNamp|rand_537	3.276003432586418
SEQC_MYCNamp|rand_538	3.586822327168455
SEQC_MYCNamp|rand_539	3.548674203200175
SEQC_MYCNamp|rand_540	3.4139308076171972
SEQC_MYCNamp|rand_541	3.465054510389583
SEQC_MYCNamp|rand_542	3.2180930344485588
SEQC_MYCNamp|rand_543	3.47460574992102
SEQC_MYCNamp|rand_544	3.7129462894182628
SEQC_MYCNamp|rand_545	3.0692298456886173
SEQC_MYCNamp|rand_546	3.4978292550696914
SEQC_MYCNamp|rand_547	3.2803962799337443
SEQC_MYCNamp|rand_548	3.2914582122264675
SEQC_MYCNamp|rand_549	3.5146463262323877
SEQC_MYCNamp|rand_550	3.127840315235356
SEQC_MYCNamp|rand_551	3.3519680546052513
SEQC_MYCNamp|rand_552	3.3857202056861375
SEQC_MYCNamp|rand_553	3.5858654477704412
SEQC_MYCNamp|rand_554	3.43698903782495
SEQC_MYCNamp|rand_555	2.780163242822909
SEQC_MYCNamp|rand_556	3.420909841742111
SEQC_MYCNamp|rand_557	3.7554267034012936
SEQC_MYCNamp|rand_558	3.5261702430960558
SEQC_MYCNamp|rand_559	3.495724364681392
SEQC_MYCNamp|rand_560	3.5418998280494516
SEQC_MYCNamp|rand_561	3.588282085770357
SEQC_MYCNamp|rand_562	3.865835366304788
SEQC_MYCNamp|rand_563	3.4637575382949994
SEQC_MYCNamp|rand_564	3.460833277746516
SEQC_MYCNamp|rand_565	3.5337392850795624
SEQC_MYCNamp|rand_566	3.1766084331078175
SEQC_MYCNamp|rand_567	3.71387611225059
SEQC_MYCNamp|rand_568	3.6106012718049483
SEQC_MYCNamp|rand_569	3.623357781623333
SEQC_MYCNamp|rand_570	3.795060213469305
SEQC_MYCNamp|rand_571	3.2525070010787434
SEQC_MYCNamp|rand_572	3.2131157540360538
SEQC_MYCNamp|rand_573	3.5429921379578513
SEQC_MYCNamp|rand_574	3.3121259056940664
SEQC_MYCNamp|rand_575	3.555087015126031
SEQC_MYCNamp|rand_576	3.581470700296558
SEQC_MYCNamp|rand_577	3.42889086572237
SEQC_MYCNamp|rand_578	3.6664128178694564
SEQC_MYCNamp|rand_579	3.7231675107945255
SEQC_MYCNamp|rand_580	3.0082071778189805
SEQC_MYCNamp|rand_581	3.5254343694155077
SEQC_MYCNamp|rand_582	3.8042116603603073
SEQC_MYCNamp|rand_583	3.6300431659810766
SEQC_MYCNamp|rand_584	3.4318684298580493
SEQC_MYCNamp|rand_585	3.6992519806636066
SEQC_MYCNamp|rand_586	3.115660527323413
SEQC_MYCNamp|rand_587	3.8432562789187945
SEQC_MYCNamp|rand_588	3.5468434112542
SEQC_MYCNamp|rand_589	3.4854251415149275
SEQC_MYCNamp|rand_590	3.295118186667712
SEQC_MYCNamp|rand_591	3.262474505440073
SEQC_MYCNamp|rand_592	3.5348427418601935
SEQC_MYCNamp|rand_593	3.4588554929781186
SEQC_MYCNamp|rand_594	3.5547431693857603
SEQC_MYCNamp|rand_595	3.5099814759275807
SEQC_MYCNamp|rand_596	3.0265623096497043
SEQC_MYCNamp|rand_597	3.361501192954081
SEQC_MYCNamp|rand_598	3.3873854534523513
SEQC_MYCNamp|rand_599	3.350428040495784
SEQC_MYCNamp|rand_600	3.393003969296574
SEQC_MYCNamp|rand_601	3.675039771540853
SEQC_MYCNamp|rand_602	3.721645585727967
SEQC_MYCNamp|rand_603	3.1900883432474494
SEQC_MYCNamp|rand_604	3.631993577168441
SEQC_MYCNamp|rand_605	3.221316636048173
SEQC_MYCNamp|rand_606	3.540561521300987
SEQC_MYCNamp|rand_607	3.7204592392971185
SEQC_MYCNamp|rand_608	3.272020669383618
SEQC_MYCNamp|rand_609	3.375092338749017
SEQC_MYCNamp|rand_610	3.483328208868557
SEQC_MYCNamp|rand_611	3.7946721519490625
SEQC_MYCNamp|rand_612	3.398890376409302
SEQC_MYCNamp|rand_613	3.811262165547728
SEQC_MYCNamp|rand_614	3.176453964664502
SEQC_MYCNamp|rand_615	3.2713561336482626
SEQC_MYCNamp|rand_616	3.9615059760024427
SEQC_MYCNamp|rand_617	3.0416161786506914
SEQC_MYCNamp|rand_618	3.7838093876106007
SEQC_MYCNamp|rand_619	3.714741766335185
SEQC_MYCNamp|rand_620	3.331923472146997
SEQC_MYCNamp|rand_621	3.551509294766205
SEQC_MYCNamp|rand_622	3.4738424628936952
SEQC_MYCNamp|rand_623	3.261368708648347
SEQC_MYCNamp|rand_624	3.6728554923217094
SEQC_MYCNamp|rand_625	3.66775583029888
SEQC_MYCNamp|rand_626	3.535145191684066
SEQC_MYCNamp|rand_627	3.793108133957716
SEQC_MYCNamp|rand_628	3.688250200198768
SEQC_MYCNamp|rand_629	3.6000922560254494
SEQC_MYCNamp|rand_630	3.577979376710753
SEQC_MYCNamp|rand_631	3.4488080367555263
SEQC_MYCNamp|rand_632	3.7924972519035336
SEQC_MYCNamp|rand_633	3.6180442175140244
SEQC_MYCNamp|rand_634	3.155381695702137
SEQC_MYCNamp|rand_635	3.3431682624865613
SEQC_MYCNamp|rand_636	3.42755446575695
SEQC_MYCNamp|rand_637	3.3202669075021873
SEQC_MYCNamp|rand_638	3.228453399868983
SEQC_MYCNamp|rand_639	3.3699793436240846
SEQC_MYCNamp|rand_640	3.4845183005364277
SEQC_MYCNamp|rand_641	3.554916009545493
SEQC_MYCNamp|rand_642	4.021211685053897
SEQC_MYCNamp|rand_643	3.7023783583610115
SEQC_MYCNamp|rand_644	3.020802318315884
SEQC_MYCNamp|rand_645	3.5769125958728782
SEQC_MYCNamp|rand_646	3.5987102661170685
SEQC_MYCNamp|rand_647	3.658249061401617
SEQC_MYCNamp|rand_648	3.709798275559976
SEQC_MYCNamp|rand_649	3.4586160891079625
SEQC_MYCNamp|rand_650	3.359139752610966
SEQC_MYCNamp|rand_651	3.660576995925179
SEQC_MYCNamp|rand_652	3.1211546787753544
SEQC_MYCNamp|rand_653	3.719417932569663
SEQC_MYCNamp|rand_654	4.074667730713449
SEQC_MYCNamp|rand_655	3.443360167666745
SEQC_MYCNamp|rand_656	3.440496995768
SEQC_MYCNamp|rand_657	3.4423621002868185
SEQC_MYCNamp|rand_658	3.7374822202811506
SEQC_MYCNamp|rand_659	3.27747376605784
SEQC_MYCNamp|rand_660	3.3826127266126957
SEQC_MYCNamp|rand_661	3.95235240883843
SEQC_MYCNamp|rand_662	3.2236386443594145
SEQC_MYCNamp|rand_663	3.8003295610173677
SEQC_MYCNamp|rand_664	3.4229641812114195
SEQC_MYCNamp|rand_665	3.2900116362636616
SEQC_MYCNamp|rand_666	3.4544460905378336
SEQC_MYCNamp|rand_667	3.471566178805324
SEQC_MYCNamp|rand_668	3.429556809619345
SEQC_MYCNamp|rand_669	3.3317104892946903
SEQC_MYCNamp|rand_670	3.275966107138266
SEQC_MYCNamp|rand_671	3.418911156111281
SEQC_MYCNamp|rand_672	3.7714582016400824
SEQC_MYCNamp|rand_673	3.773194789492975
SEQC_MYCNamp|rand_674	3.1477400100463697
SEQC_MYCNamp|rand_675	3.6705846039706596
SEQC_MYCNamp|rand_676	3.7231501600566954
SEQC_MYCNamp|rand_677	3.445443348959126
SEQC_MYCNamp|rand_678	3.320852049020042
SEQC_MYCNamp|rand_679	3.542819601816325
SEQC_MYCNamp|rand_680	3.30894742043694
SEQC_MYCNamp|rand_681	3.8533079333527485
SEQC_MYCNamp|rand_682	3.353074133716554
SEQC_MYCNamp|rand_683	3.771287955440599
SEQC_MYCNamp|rand_684	3.459691333875743
SEQC_MYCNamp|rand_685	3.7030396733870026
SEQC_MYCNamp|rand_686	3.6187575374684977
SEQC_MYCNamp|rand_687	3.544542993316491
SEQC_MYCNamp|rand_688	3.1072115672071177
SEQC_MYCNamp|rand_689	3.8460804700499427
SEQC_MYCNamp|rand_690	3.468798986936732
SEQC_MYCNamp|rand_691	3.717508043927079
SEQC_MYCNamp|rand_692	3.4249653656197583
SEQC_MYCNamp|rand_693	3.3745993116126978
SEQC_MYCNamp|rand_694	3.5216021100856993
SEQC_MYCNamp|rand_695	3.5704757027234417
SEQC_MYCNamp|rand_696	4.0334882539927985
SEQC_MYCNamp|rand_697	3.629925085346333
SEQC_MYCNamp|rand_698	3.5811668195859037
SEQC_MYCNamp|rand_699	3.3926901019388054
SEQC_MYCNamp|rand_700	3.551329584520287
SEQC_MYCNamp|rand_701	3.7554650049405263
SEQC_MYCNamp|rand_702	2.9082933365433234
SEQC_MYCNamp|rand_703	3.391216419098066
SEQC_MYCNamp|rand_704	3.284754308989377
SEQC_MYCNamp|rand_705	3.616422510248006
SEQC_MYCNamp|rand_706	3.1905397243506473
SEQC_MYCNamp|rand_707	3.261853255934032
SEQC_MYCNamp|rand_708	3.747585353214403
SEQC_MYCNamp|rand_709	3.445753153950327
SEQC_MYCNamp|rand_710	3.6330967936634213
SEQC_MYCNamp|rand_711	3.6038063713043584
SEQC_MYCNamp|rand_712	3.2368022479979843
SEQC_MYCNamp|rand_713	3.556338090412475
SEQC_MYCNamp|rand_714	3.504227304526012
SEQC_MYCNamp|rand_715	3.229277879977344
SEQC_MYCNamp|rand_716	3.650204757841697
SEQC_MYCNamp|rand_717	3.5392150584815236
SEQC_MYCNamp|rand_718	3.49900082952543
SEQC_MYCNamp|rand_719	3.338217773329635
SEQC_MYCNamp|rand_720	3.183566431772259
SEQC_MYCNamp|rand_721	3.4100247951854645
SEQC_MYCNamp|rand_722	3.606738872107214
SEQC_MYCNamp|rand_723	3.8340671975915175
SEQC_MYCNamp|rand_724	3.8029958472236247
SEQC_MYCNamp|rand_725	3.750376367440737
SEQC_MYCNamp|rand_726	3.730040013947177
SEQC_MYCNamp|rand_727	3.8379156172403945
SEQC_MYCNamp|rand_728	3.459386906623454
SEQC_MYCNamp|rand_729	3.3926498745457794
SEQC_MYCNamp|rand_730	3.6533855789711556
SEQC_MYCNamp|rand_731	3.491397832785075
SEQC_MYCNamp|rand_732	3.503990311821767
SEQC_MYCNamp|rand_733	3.7715522575749634
SEQC_MYCNamp|rand_734	3.8615484247587264
SEQC_MYCNamp|rand_735	3.875419663589884
SEQC_MYCNamp|rand_736	3.3226152914550076
SEQC_MYCNamp|rand_737	3.3576980907838063
SEQC_MYCNamp|rand_738	3.85882281866681
SEQC_MYCNamp|rand_739	3.335960655787269
SEQC_MYCNamp|rand_740	3.619138914216737
SEQC_MYCNamp|rand_741	3.46792293885618
SEQC_MYCNamp|rand_742	3.6293892608959615
SEQC_MYCNamp|rand_743	3.4518815023357576
SEQC_MYCNamp|rand_744	3.1170214976473134
SEQC_MYCNamp|rand_745	3.8399701792447782
SEQC_MYCNamp|rand_746	3.237073372337547
SEQC_MYCNamp|rand_747	3.671777693581939
SEQC_MYCNamp|rand_748	3.4754594876932137
SEQC_MYCNamp|rand_749	3.3573907831222125
SEQC_MYCNamp|rand_750	3.625807580951362
SEQC_MYCNamp|rand_751	3.730071331015398
SEQC_MYCNamp|rand_752	3.622372842440707
SEQC_MYCNamp|rand_753	3.537679621773169
SEQC_MYCNamp|rand_754	3.4543551591094843
SEQC_MYCNamp|rand_755	3.3245128909341637
SEQC_MYCNamp|rand_756	3.2146618962979603
SEQC_MYCNamp|rand_757	3.3117216766233946
SEQC_MYCNamp|rand_758	3.6305909792324313
SEQC_MYCNamp|rand_759	3.508787104690746
SEQC_MYCNamp|rand_760	3.633150327758258
SEQC_MYCNamp|rand_761	3.546147219945727
SEQC_MYCNamp|rand_762	3.4028011759852164
SEQC_MYCNamp|rand_763	3.6210212735408995
SEQC_MYCNamp|rand_764	3.518423844838219
SEQC_MYCNamp|rand_765	3.1414123187367875
SEQC_MYCNamp|rand_766	3.7657272308155743
SEQC_MYCNamp|rand_767	3.2893478917310524
SEQC_MYCNamp|rand_768	3.544987136251849
SEQC_MYCNamp|rand_769	3.7553986117447002
SEQC_MYCNamp|rand_770	3.765410696157962
SEQC_MYCNamp|rand_771	3.5494915214292924
SEQC_MYCNamp|rand_772	3.7321258415743803
SEQC_MYCNamp|rand_773	3.74370284576047
SEQC_MYCNamp|rand_774	3.893570125457393
SEQC_MYCNamp|rand_775	3.2882663810186648
SEQC_MYCNamp|rand_776	3.627288233934422
SEQC_MYCNamp|rand_777	3.4617093595855932
SEQC_MYCNamp|rand_778	3.3678196561244964
SEQC_MYCNamp|rand_779	3.4884589350468262
SEQC_MYCNamp|rand_780	3.3858450547984553
SEQC_MYCNamp|rand_781	3.5791637577548876
SEQC_MYCNamp|rand_782	3.7007138595731375
SEQC_MYCNamp|rand_783	3.6672004664804
SEQC_MYCNamp|rand_784	3.414813581667285
SEQC_MYCNamp|rand_785	3.771676996619005
SEQC_MYCNamp|rand_786	3.138193447246684
SEQC_MYCNamp|rand_787	3.296708562113084
SEQC_MYCNamp|rand_788	3.830374836986155
SEQC_MYCNamp|rand_789	3.3668034297651106
SEQC_MYCNamp|rand_790	3.6051302108892873
SEQC_MYCNamp|rand_791	3.7942398685909486
SEQC_MYCNamp|rand_792	3.5857054526841714
SEQC_MYCNamp|rand_793	2.959199383012051
SEQC_MYCNamp|rand_794	3.654523511443492
SEQC_MYCNamp|rand_795	3.753696432578791
SEQC_MYCNamp|rand_796	3.2637310341521304
SEQC_MYCNamp|rand_797	3.5805686503142815
SEQC_MYCNamp|rand_798	3.428627021445122
SEQC_MYCNamp|rand_799	3.602021894987094
SEQC_MYCNamp|rand_800	3.741927955962188
SEQC_MYCNamp|rand_801	3.8154118782393547
SEQC_MYCNamp|rand_802	3.736033415596206
SEQC_MYCNamp|rand_803	3.456460028332296
SEQC_MYCNamp|rand_804	3.245917743748235
SEQC_MYCNamp|rand_805	3.430374238610311
SEQC_MYCNamp|rand_806	3.412849953687656
SEQC_MYCNamp|rand_807	3.373335883930704
SEQC_MYCNamp|rand_808	3.23382665241391
SEQC_MYCNamp|rand_809	3.555143239957
SEQC_MYCNamp|rand_810	3.6512153943511287
SEQC_MYCNamp|rand_811	3.6589525318249203
SEQC_MYCNamp|rand_812	3.966560117402979
SEQC_MYCNamp|rand_813	3.382764617558519
SEQC_MYCNamp|rand_814	3.185653775289999
SEQC_MYCNamp|rand_815	3.352274790646626
SEQC_MYCNamp|rand_816	3.676323535673468
SEQC_MYCNamp|rand_817	3.0168112285037787
SEQC_MYCNamp|rand_818	3.6575821279920713
SEQC_MYCNamp|rand_819	3.5689894220119176
SEQC_MYCNamp|rand_820	3.5267846631666018
SEQC_MYCNamp|rand_821	3.5558181503450603
SEQC_MYCNamp|rand_822	3.773111344731262
SEQC_MYCNamp|rand_823	3.515431440448964
SEQC_MYCNamp|rand_824	3.758831542867954
SEQC_MYCNamp|rand_825	3.742132558739962
SEQC_MYCNamp|rand_826	3.324857787363662
SEQC_MYCNamp|rand_827	3.6225422429507477
SEQC_MYCNamp|rand_828	3.224235173131008
SEQC_MYCNamp|rand_829	3.35799185796943
SEQC_MYCNamp|rand_830	3.364693320235843
SEQC_MYCNamp|rand_831	3.1982393704234084
SEQC_MYCNamp|rand_832	3.610740983297399
SEQC_MYCNamp|rand_833	3.5258103460246537
SEQC_MYCNamp|rand_834	3.3125207677876776
SEQC_MYCNamp|rand_835	3.277370935308462
SEQC_MYCNamp|rand_836	3.5782705867423106
SEQC_MYCNamp|rand_837	3.796630429928934
SEQC_MYCNamp|rand_838	3.5014236521052564
SEQC_MYCNamp|rand_839	3.4887763958499285
SEQC_MYCNamp|rand_840	3.360233359129413
SEQC_MYCNamp|rand_841	3.9223171788780875
SEQC_MYCNamp|rand_842	3.64683181624132
SEQC_MYCNamp|rand_843	3.576495592805278
SEQC_MYCNamp|rand_844	2.9406099782402393
SEQC_MYCNamp|rand_845	3.4581385032037706
SEQC_MYCNamp|rand_846	3.9555582993456673
SEQC_MYCNamp|rand_847	3.4707550214651137
SEQC_MYCNamp|rand_848	3.674085957290723
SEQC_MYCNamp|rand_849	3.4535398360225362
SEQC_MYCNamp|rand_850	3.1761677357065734
SEQC_MYCNamp|rand_851	3.560914218237331
SEQC_MYCNamp|rand_852	4.022386250776563
SEQC_MYCNamp|rand_853	3.4859917110495164
SEQC_MYCNamp|rand_854	2.999521089533719
SEQC_MYCNamp|rand_855	3.4521762026857896
SEQC_MYCNamp|rand_856	3.62496953204045
SEQC_MYCNamp|rand_857	3.654268770838133
SEQC_MYCNamp|rand_858	3.7288303545542165
SEQC_MYCNamp|rand_859	3.738396103979554
SEQC_MYCNamp|rand_860	3.00997114946214
SEQC_MYCNamp|rand_861	3.268350353966046
SEQC_MYCNamp|rand_862	3.4673530732752194
SEQC_MYCNamp|rand_863	3.4264591642413595
SEQC_MYCNamp|rand_864	3.598682308671487
SEQC_MYCNamp|rand_865	3.3972789646902184
SEQC_MYCNamp|rand_866	3.6888193092981507
SEQC_MYCNamp|rand_867	3.299552229618451
SEQC_MYCNamp|rand_868	3.584048326284197
SEQC_MYCNamp|rand_869	3.57744235153068
SEQC_MYCNamp|rand_870	3.578373520224352
SEQC_MYCNamp|rand_871	3.809358995243816
SEQC_MYCNamp|rand_872	3.1717015620837534
SEQC_MYCNamp|rand_873	3.7384423236255104
SEQC_MYCNamp|rand_874	3.547982136091203
SEQC_MYCNamp|rand_875	3.3803139856300497
SEQC_MYCNamp|rand_876	3.858505759019007
SEQC_MYCNamp|rand_877	3.2699589941325136
SEQC_MYCNamp|rand_878	3.3866425257868706
SEQC_MYCNamp|rand_879	3.1905763184933176
SEQC_MYCNamp|rand_880	3.3125553524387996
SEQC_MYCNamp|rand_881	3.048945404353999
SEQC_MYCNamp|rand_882	3.564114979885602
SEQC_MYCNamp|rand_883	3.1071671597306194
SEQC_MYCNamp|rand_884	3.4385672094237894
SEQC_MYCNamp|rand_885	3.2493281045823514
SEQC_MYCNamp|rand_886	3.4575397515821966
SEQC_MYCNamp|rand_887	3.427732746521248
SEQC_MYCNamp|rand_888	3.483646808949957
SEQC_MYCNamp|rand_889	3.528990998098597
SEQC_MYCNamp|rand_890	3.5053143250431296
SEQC_MYCNamp|rand_891	3.2683252158529212
SEQC_MYCNamp|rand_892	3.5530963002321396
SEQC_MYCNamp|rand_893	3.357024783743666
SEQC_MYCNamp|rand_894	3.5674768928238763
SEQC_MYCNamp|rand_895	2.949727402018369
SEQC_MYCNamp|rand_896	3.167790024322314
SEQC_MYCNamp|rand_897	3.2964276869485323
SEQC_MYCNamp|rand_898	3.2515999838215945
SEQC_MYCNamp|rand_899	3.72045823795609
SEQC_MYCNamp|rand_900	3.3016863750254233
SEQC_MYCNamp|rand_901	3.3890325191847075
SEQC_MYCNamp|rand_902	3.54657399146703
SEQC_MYCNamp|rand_903	3.373723220598196
SEQC_MYCNamp|rand_904	3.6568844110365712
SEQC_MYCNamp|rand_905	3.594513206355559
SEQC_MYCNamp|rand_906	3.5148485921328474
SEQC_MYCNamp|rand_907	3.4452430220252896
SEQC_MYCNamp|rand_908	3.6534452158725164
SEQC_MYCNamp|rand_909	3.544543001663407
SEQC_MYCNamp|rand_910	3.4015136058738453
SEQC_MYCNamp|rand_911	3.2292739580944505
SEQC_MYCNamp|rand_912	3.3498143534275013
SEQC_MYCNamp|rand_913	3.711557909332632
SEQC_MYCNamp|rand_914	3.3119523342681783
SEQC_MYCNamp|rand_915	4.031039222103465
SEQC_MYCNamp|rand_916	3.6009437412953615
SEQC_MYCNamp|rand_917	3.7779827629116562
SEQC_MYCNamp|rand_918	3.5607305550756156
SEQC_MYCNamp|rand_919	3.2566994059736154
SEQC_MYCNamp|rand_920	3.700471917058532
SEQC_MYCNamp|rand_921	3.0731932129364514
SEQC_MYCNamp|rand_922	3.841379851206129
SEQC_MYCNamp|rand_923	2.923907872800819
SEQC_MYCNamp|rand_924	3.313540762570265
SEQC_MYCNamp|rand_925	3.5608484148486554
SEQC_MYCNamp|rand_926	3.4092624775349156
SEQC_MYCNamp|rand_927	3.528024760622571
SEQC_MYCNamp|rand_928	3.27508799583889
SEQC_MYCNamp|rand_929	3.3649771652980114
SEQC_MYCNamp|rand_930	3.437750917583964
SEQC_MYCNamp|rand_931	3.5963288490293572
SEQC_MYCNamp|rand_932	3.1721218107773765
SEQC_MYCNamp|rand_933	3.5675386536352223
SEQC_MYCNamp|rand_934	3.721519059939513
SEQC_MYCNamp|rand_935	3.353806380869476
SEQC_MYCNamp|rand_936	2.895889011591077
SEQC_MYCNamp|rand_937	3.8534209041020104
SEQC_MYCNamp|rand_938	3.531041156817347
SEQC_MYCNamp|rand_939	3.801836718980177
SEQC_MYCNamp|rand_940	3.709864686022716
SEQC_MYCNamp|rand_941	3.7372543780250846
SEQC_MYCNamp|rand_942	2.991993514249096
SEQC_MYCNamp|rand_943	3.256725084247824
SEQC_MYCNamp|rand_944	3.442930000638226
SEQC_MYCNamp|rand_945	3.9104753557628373
SEQC_MYCNamp|rand_946	3.5519544275838384
SEQC_MYCNamp|rand_947	3.511524873824169
SEQC_MYCNamp|rand_948	3.778343798354962
SEQC_MYCNamp|rand_949	3.7265190625687787
SEQC_MYCNamp|rand_950	3.2996166715670388
SEQC_MYCNamp|rand_951	3.283642426438164
SEQC_MYCNamp|rand_952	3.292889156039425
SEQC_MYCNamp|rand_953	3.496392295867908
SEQC_MYCNamp|rand_954	3.5727853647744423
SEQC_MYCNamp|rand_955	3.4093540993924383
SEQC_MYCNamp|rand_956	2.963431151346102
SEQC_MYCNamp|rand_957	3.428428258682216
SEQC_MYCNamp|rand_958	3.6585671996169116
SEQC_MYCNamp|rand_959	3.583519307724032
SEQC_MYCNamp|rand_960	3.570518556505644
SEQC_MYCNamp|rand_961	3.5856318976710377
SEQC_MYCNamp|rand_962	3.5866645970240394
SEQC_MYCNamp|rand_963	3.4508830458240523
SEQC_MYCNamp|rand_964	3.609086965194401
SEQC_MYCNamp|rand_965	3.5246200461734705
SEQC_MYCNamp|rand_966	3.8916542863587833
SEQC_MYCNamp|rand_967	3.045426335411968
SEQC_MYCNamp|rand_968	3.612981245837804
SEQC_MYCNamp|rand_969	3.2869406601974505
SEQC_MYCNamp|rand_970	3.2490051531335413
SEQC_MYCNamp|rand_971	3.697055144738177
SEQC_MYCNamp|rand_972	3.495497772584227
SEQC_MYCNamp|rand_973	3.642808465623059
SEQC_MYCNamp|rand_974	3.4060421292696863
SEQC_MYCNamp|rand_975	3.5813008200764176
SEQC_MYCNamp|rand_976	3.4458103353481957
SEQC_MYCNamp|rand_977	3.566060132498219
SEQC_MYCNamp|rand_978	3.5909807305561796
SEQC_MYCNamp|rand_979	3.8475358686602408
SEQC_MYCNamp|rand_980	3.6940814418776893
SEQC_MYCNamp|rand_981	3.29743847749989
SEQC_MYCNamp|rand_982	3.6399329445039976
SEQC_MYCNamp|rand_983	3.628182715502166
SEQC_MYCNamp|rand_984	3.7389500171920695
SEQC_MYCNamp|rand_985	3.4565648018309076
SEQC_MYCNamp|rand_986	3.4357794454013475
SEQC_MYCNamp|rand_987	3.537473892517648
SEQC_MYCNamp|rand_988	3.6043034430456657
SEQC_MYCNamp|rand_989	3.3840814998501747
SEQC_MYCNamp|rand_990	3.5603058819396676
SEQC_MYCNamp|rand_991	3.337655585450405
SEQC_MYCNamp|rand_992	3.699839999117019
SEQC_MYCNamp|rand_993	3.245999760849904
SEQC_MYCNamp|rand_994	3.7467511026281777
SEQC_MYCNamp|rand_995	3.683697593248801
SEQC_MYCNamp|rand_996	3.4559985123568695
SEQC_MYCNamp|rand_997	3.896739416204642
SEQC_MYCNamp|rand_998	3.830791991684623
SEQC_MYCNamp|rand_999	3.5610705243146525
SEQC_MYCNamp|rand_1000	3.6551792583436686
SEQC_MYCNnonAmp|rand_1	3.4688622473090716
SEQC_MYCNnonAmp|rand_2	3.2899015239842284
SEQC_MYCNnonAmp|rand_3	3.179219795894289
SEQC_MYCNnonAmp|rand_4	3.177786584891395
SEQC_MYCNnonAmp|rand_5	3.4785695036570496
SEQC_MYCNnonAmp|rand_6	3.597008676763942
SEQC_MYCNnonAmp|rand_7	3.8278428188419813
SEQC_MYCNnonAmp|rand_8	4.0448529757318585
SEQC_MYCNnonAmp|rand_9	3.6498690550162443
SEQC_MYCNnonAmp|rand_10	3.392359954516683
SEQC_MYCNnonAmp|rand_11	3.725823719298762
SEQC_MYCNnonAmp|rand_12	3.5269250753483914
SEQC_MYCNnonAmp|rand_13	3.4861155980801657
SEQC_MYCNnonAmp|rand_14	3.719225898660563
SEQC_MYCNnonAmp|rand_15	3.723281712996056
SEQC_MYCNnonAmp|rand_16	3.27245822296302
SEQC_MYCNnonAmp|rand_17	3.3908081553160456
SEQC_MYCNnonAmp|rand_18	3.364091529316104
SEQC_MYCNnonAmp|rand_19	3.5239530510166217
SEQC_MYCNnonAmp|rand_20	3.5627517886227493
SEQC_MYCNnonAmp|rand_21	3.7311485485438713
SEQC_MYCNnonAmp|rand_22	3.280909442529201
SEQC_MYCNnonAmp|rand_23	3.380256832526877
SEQC_MYCNnonAmp|rand_24	3.424422348200713
SEQC_MYCNnonAmp|rand_25	3.28941322417849
SEQC_MYCNnonAmp|rand_26	3.4587941360217225
SEQC_MYCNnonAmp|rand_27	3.2947352504724843
SEQC_MYCNnonAmp|rand_28	3.782817381998382
SEQC_MYCNnonAmp|rand_29	3.7852824526566913
SEQC_MYCNnonAmp|rand_30	3.6251311769696164
SEQC_MYCNnonAmp|rand_31	3.5934276142465285
SEQC_MYCNnonAmp|rand_32	3.4703102302614623
SEQC_MYCNnonAmp|rand_33	3.562092039180169
SEQC_MYCNnonAmp|rand_34	3.564189143739307
SEQC_MYCNnonAmp|rand_35	4.00185253166915
SEQC_MYCNnonAmp|rand_36	3.40346762647432
SEQC_MYCNnonAmp|rand_37	3.389701483978395
SEQC_MYCNnonAmp|rand_38	3.4801921782956735
SEQC_MYCNnonAmp|rand_39	3.442688336062868
SEQC_MYCNnonAmp|rand_40	3.610877641052036
SEQC_MYCNnonAmp|rand_41	3.822281956834345
SEQC_MYCNnonAmp|rand_42	3.6952397861568294
SEQC_MYCNnonAmp|rand_43	2.803109946766039
SEQC_MYCNnonAmp|rand_44	3.482132312616542
SEQC_MYCNnonAmp|rand_45	3.7597297013922457
SEQC_MYCNnonAmp|rand_46	3.5668190760304803
SEQC_MYCNnonAmp|rand_47	3.059084669721
SEQC_MYCNnonAmp|rand_48	3.3403871194391
SEQC_MYCNnonAmp|rand_49	3.5133700619133066
SEQC_MYCNnonAmp|rand_50	3.5935174570010857
SEQC_MYCNnonAmp|rand_51	3.280318175648587
SEQC_MYCNnonAmp|rand_52	3.5764972412636147
SEQC_MYCNnonAmp|rand_53	3.440468813499601
SEQC_MYCNnonAmp|rand_54	3.331264754256905
SEQC_MYCNnonAmp|rand_55	3.6409882880427387
SEQC_MYCNnonAmp|rand_56	3.3086203452288294
SEQC_MYCNnonAmp|rand_57	3.4359386177307796
SEQC_MYCNnonAmp|rand_58	3.134736877639626
SEQC_MYCNnonAmp|rand_59	3.4787910066798413
SEQC_MYCNnonAmp|rand_60	3.395242138111291
SEQC_MYCNnonAmp|rand_61	3.345409527821575
SEQC_MYCNnonAmp|rand_62	3.1762371898911548
SEQC_MYCNnonAmp|rand_63	3.7230012060425124
SEQC_MYCNnonAmp|rand_64	3.6642092849626273
SEQC_MYCNnonAmp|rand_65	3.555195325338286
SEQC_MYCNnonAmp|rand_66	3.2986517054788544
SEQC_MYCNnonAmp|rand_67	3.489304421845127
SEQC_MYCNnonAmp|rand_68	3.4413512602346725
SEQC_MYCNnonAmp|rand_69	3.3831315255770327
SEQC_MYCNnonAmp|rand_70	3.312678135573403
SEQC_MYCNnonAmp|rand_71	3.5683380545525045
SEQC_MYCNnonAmp|rand_72	3.496799726505488
SEQC_MYCNnonAmp|rand_73	3.477064339522998
SEQC_MYCNnonAmp|rand_74	3.5650548474099706
SEQC_MYCNnonAmp|rand_75	3.569439518693673
SEQC_MYCNnonAmp|rand_76	3.4071057765999035
SEQC_MYCNnonAmp|rand_77	3.5935477062992804
SEQC_MYCNnonAmp|rand_78	3.7202918966170744
SEQC_MYCNnonAmp|rand_79	3.672030859417762
SEQC_MYCNnonAmp|rand_80	3.4679099640369127
SEQC_MYCNnonAmp|rand_81	3.3367488090656288
SEQC_MYCNnonAmp|rand_82	3.5004686120972237
SEQC_MYCNnonAmp|rand_83	3.7483097935719742
SEQC_MYCNnonAmp|rand_84	3.290595992089973
SEQC_MYCNnonAmp|rand_85	3.493847042143318
SEQC_MYCNnonAmp|rand_86	3.2995650125752602
SEQC_MYCNnonAmp|rand_87	3.650474541025587
SEQC_MYCNnonAmp|rand_88	3.6239459382047663
SEQC_MYCNnonAmp|rand_89	3.641961850541361
SEQC_MYCNnonAmp|rand_90	3.719081316134339
SEQC_MYCNnonAmp|rand_91	3.4778841926691038
SEQC_MYCNnonAmp|rand_92	3.1556884450779354
SEQC_MYCNnonAmp|rand_93	3.5480127782885815
SEQC_MYCNnonAmp|rand_94	3.5256257344738033
SEQC_MYCNnonAmp|rand_95	3.5189402629870608
SEQC_MYCNnonAmp|rand_96	3.5786435810195085
SEQC_MYCNnonAmp|rand_97	3.46523705746771
SEQC_MYCNnonAmp|rand_98	3.09944389068093
SEQC_MYCNnonAmp|rand_99	3.4255806152491926
SEQC_MYCNnonAmp|rand_100	3.4022738696246324
SEQC_MYCNnonAmp|rand_101	3.2518577388542065
SEQC_MYCNnonAmp|rand_102	3.1868109619129896
SEQC_MYCNnonAmp|rand_103	3.346393910798403
SEQC_MYCNnonAmp|rand_104	3.128551384040096
SEQC_MYCNnonAmp|rand_105	3.2171003923327546
SEQC_MYCNnonAmp|rand_106	3.5223533236906865
SEQC_MYCNnonAmp|rand_107	3.0048253849193256
SEQC_MYCNnonAmp|rand_108	3.586689664025117
SEQC_MYCNnonAmp|rand_109	3.290646148784011
SEQC_MYCNnonAmp|rand_110	2.7228478546564614
SEQC_MYCNnonAmp|rand_111	3.535884227812885
SEQC_MYCNnonAmp|rand_112	3.3351537573020527
SEQC_MYCNnonAmp|rand_113	3.7178340638122602
SEQC_MYCNnonAmp|rand_114	3.3099537938129484
SEQC_MYCNnonAmp|rand_115	3.5448448550577742
SEQC_MYCNnonAmp|rand_116	3.9308580824959876
SEQC_MYCNnonAmp|rand_117	3.429207446922402
SEQC_MYCNnonAmp|rand_118	3.338452707035998
SEQC_MYCNnonAmp|rand_119	3.7392666162136248
SEQC_MYCNnonAmp|rand_120	3.5544186333139214
SEQC_MYCNnonAmp|rand_121	3.325939700925813
SEQC_MYCNnonAmp|rand_122	3.6602353542186687
SEQC_MYCNnonAmp|rand_123	3.4877661976666787
SEQC_MYCNnonAmp|rand_124	3.2970652575890576
SEQC_MYCNnonAmp|rand_125	3.68402993942756
SEQC_MYCNnonAmp|rand_126	3.6359350953799425
SEQC_MYCNnonAmp|rand_127	3.417597023942427
SEQC_MYCNnonAmp|rand_128	3.7229370728268947
SEQC_MYCNnonAmp|rand_129	3.455233959161979
SEQC_MYCNnonAmp|rand_130	3.6482483784659707
SEQC_MYCNnonAmp|rand_131	3.441574834587137
SEQC_MYCNnonAmp|rand_132	3.7133963304805135
SEQC_MYCNnonAmp|rand_133	3.7544671859542635
SEQC_MYCNnonAmp|rand_134	2.9529239701921255
SEQC_MYCNnonAmp|rand_135	3.5011738206980896
SEQC_MYCNnonAmp|rand_136	3.4422725325284564
SEQC_MYCNnonAmp|rand_137	3.3286357378835105
SEQC_MYCNnonAmp|rand_138	3.3482049578422757
SEQC_MYCNnonAmp|rand_139	3.6335643617141953
SEQC_MYCNnonAmp|rand_140	3.980770788575421
SEQC_MYCNnonAmp|rand_141	3.6289762886508408
SEQC_MYCNnonAmp|rand_142	3.2501136563904978
SEQC_MYCNnonAmp|rand_143	3.617181438717614
SEQC_MYCNnonAmp|rand_144	3.3951796532488356
SEQC_MYCNnonAmp|rand_145	3.493812509191447
SEQC_MYCNnonAmp|rand_146	2.9042749081568995
SEQC_MYCNnonAmp|rand_147	3.3821771722587504
SEQC_MYCNnonAmp|rand_148	3.290690485805225
SEQC_MYCNnonAmp|rand_149	3.3689552582943483
SEQC_MYCNnonAmp|rand_150	3.487390794971604
SEQC_MYCNnonAmp|rand_151	3.0445309890491874
SEQC_MYCNnonAmp|rand_152	3.5254487079566115
SEQC_MYCNnonAmp|rand_153	3.3848519567903494
SEQC_MYCNnonAmp|rand_154	3.0115003878590745
SEQC_MYCNnonAmp|rand_155	3.381064810603563
SEQC_MYCNnonAmp|rand_156	3.7422005078699097
SEQC_MYCNnonAmp|rand_157	3.45173911030045
SEQC_MYCNnonAmp|rand_158	3.481406368948664
SEQC_MYCNnonAmp|rand_159	3.318028787235016
SEQC_MYCNnonAmp|rand_160	3.548036895515199
SEQC_MYCNnonAmp|rand_161	3.4977565137885884
SEQC_MYCNnonAmp|rand_162	3.193535825698116
SEQC_MYCNnonAmp|rand_163	3.4019565635534605
SEQC_MYCNnonAmp|rand_164	3.12964668517629
SEQC_MYCNnonAmp|rand_165	3.3541738818401075
SEQC_MYCNnonAmp|rand_166	3.434090544180496
SEQC_MYCNnonAmp|rand_167	3.607085410902374
SEQC_MYCNnonAmp|rand_168	3.4090795723547327
SEQC_MYCNnonAmp|rand_169	3.7402510542957237
SEQC_MYCNnonAmp|rand_170	3.2095451627320966
SEQC_MYCNnonAmp|rand_171	3.3385699346892563
SEQC_MYCNnonAmp|rand_172	3.5611613906169457
SEQC_MYCNnonAmp|rand_173	3.1848899066817404
SEQC_MYCNnonAmp|rand_174	3.1644042498404272
SEQC_MYCNnonAmp|rand_175	3.3216523731121606
SEQC_MYCNnonAmp|rand_176	3.8067896850757963
SEQC_MYCNnonAmp|rand_177	3.4179766850335778
SEQC_MYCNnonAmp|rand_178	3.313645634677409
SEQC_MYCNnonAmp|rand_179	3.359616910404268
SEQC_MYCNnonAmp|rand_180	3.528981763981851
SEQC_MYCNnonAmp|rand_181	3.426653765762269
SEQC_MYCNnonAmp|rand_182	3.3942567159924626
SEQC_MYCNnonAmp|rand_183	3.5894406162757804
SEQC_MYCNnonAmp|rand_184	3.4530209246605343
SEQC_MYCNnonAmp|rand_185	3.590415919840836
SEQC_MYCNnonAmp|rand_186	3.24314814535554
SEQC_MYCNnonAmp|rand_187	3.3837166785341948
SEQC_MYCNnonAmp|rand_188	3.477920936851322
SEQC_MYCNnonAmp|rand_189	3.5076753612741656
SEQC_MYCNnonAmp|rand_190	3.778462693691485
SEQC_MYCNnonAmp|rand_191	3.7474592672962754
SEQC_MYCNnonAmp|rand_192	3.5185083158210353
SEQC_MYCNnonAmp|rand_193	3.5550176684490835
SEQC_MYCNnonAmp|rand_194	3.34124409778151
SEQC_MYCNnonAmp|rand_195	3.4671848377862196
SEQC_MYCNnonAmp|rand_196	3.426617957267405
SEQC_MYCNnonAmp|rand_197	3.0404800998430406
SEQC_MYCNnonAmp|rand_198	3.483192672325143
SEQC_MYCNnonAmp|rand_199	3.469954493456966
SEQC_MYCNnonAmp|rand_200	3.6238293790302185
SEQC_MYCNnonAmp|rand_201	3.6509765614668432
SEQC_MYCNnonAmp|rand_202	3.670702129770265
SEQC_MYCNnonAmp|rand_203	3.3500498037510376
SEQC_MYCNnonAmp|rand_204	3.2284483687690315
SEQC_MYCNnonAmp|rand_205	3.0612518356733616
SEQC_MYCNnonAmp|rand_206	3.425321701084788
SEQC_MYCNnonAmp|rand_207	3.668992844043382
SEQC_MYCNnonAmp|rand_208	3.5691645063363553
SEQC_MYCNnonAmp|rand_209	3.647328642983664
SEQC_MYCNnonAmp|rand_210	3.3348180604449182
SEQC_MYCNnonAmp|rand_211	3.4759746585960754
SEQC_MYCNnonAmp|rand_212	3.58195149606184
SEQC_MYCNnonAmp|rand_213	2.950665566128972
SEQC_MYCNnonAmp|rand_214	3.4361042949364875
SEQC_MYCNnonAmp|rand_215	3.6284795921132784
SEQC_MYCNnonAmp|rand_216	3.679716692105907
SEQC_MYCNnonAmp|rand_217	3.3516589508184937
SEQC_MYCNnonAmp|rand_218	3.903644538209958
SEQC_MYCNnonAmp|rand_219	3.687229319350075
SEQC_MYCNnonAmp|rand_220	3.0389670113586194
SEQC_MYCNnonAmp|rand_221	3.366624233315815
SEQC_MYCNnonAmp|rand_222	3.4648509679084394
SEQC_MYCNnonAmp|rand_223	3.320320268817833
SEQC_MYCNnonAmp|rand_224	3.580578029153847
SEQC_MYCNnonAmp|rand_225	3.499069122455861
SEQC_MYCNnonAmp|rand_226	3.221758000560927
SEQC_MYCNnonAmp|rand_227	3.407794258140915
SEQC_MYCNnonAmp|rand_228	3.489703546016246
SEQC_MYCNnonAmp|rand_229	3.3203988239774227
SEQC_MYCNnonAmp|rand_230	3.639697218723842
SEQC_MYCNnonAmp|rand_231	3.3615484954474772
SEQC_MYCNnonAmp|rand_232	3.366677357000514
SEQC_MYCNnonAmp|rand_233	3.4275966159584312
SEQC_MYCNnonAmp|rand_234	3.4288968529649324
SEQC_MYCNnonAmp|rand_235	3.7380780360650996
SEQC_MYCNnonAmp|rand_236	3.4905825410844025
SEQC_MYCNnonAmp|rand_237	3.696397736554354
SEQC_MYCNnonAmp|rand_238	3.3128704529828132
SEQC_MYCNnonAmp|rand_239	3.1966846699937608
SEQC_MYCNnonAmp|rand_240	3.7146564725652045
SEQC_MYCNnonAmp|rand_241	3.357012596831392
SEQC_MYCNnonAmp|rand_242	3.4213452191420206
SEQC_MYCNnonAmp|rand_243	3.670090668482971
SEQC_MYCNnonAmp|rand_244	3.8656062228512287
SEQC_MYCNnonAmp|rand_245	3.236294851003485
SEQC_MYCNnonAmp|rand_246	3.295007723928175
SEQC_MYCNnonAmp|rand_247	3.3627055401635686
SEQC_MYCNnonAmp|rand_248	3.4203415894778764
SEQC_MYCNnonAmp|rand_249	3.3769257297619633
SEQC_MYCNnonAmp|rand_250	3.6764029957017392
SEQC_MYCNnonAmp|rand_251	3.480801093841863
SEQC_MYCNnonAmp|rand_252	3.8927149475823146
SEQC_MYCNnonAmp|rand_253	3.528504566113582
SEQC_MYCNnonAmp|rand_254	3.577660052717594
SEQC_MYCNnonAmp|rand_255	3.3908420951741216
SEQC_MYCNnonAmp|rand_256	3.551876243349782
SEQC_MYCNnonAmp|rand_257	3.6579235385103845
SEQC_MYCNnonAmp|rand_258	3.530144302374676
SEQC_MYCNnonAmp|rand_259	3.5781501165676763
SEQC_MYCNnonAmp|rand_260	3.547107721686488
SEQC_MYCNnonAmp|rand_261	3.610849376644819
SEQC_MYCNnonAmp|rand_262	3.8553094158669774
SEQC_MYCNnonAmp|rand_263	3.524231128531782
SEQC_MYCNnonAmp|rand_264	3.4900645911804005
SEQC_MYCNnonAmp|rand_265	3.5100733268200894
SEQC_MYCNnonAmp|rand_266	3.7577573304563496
SEQC_MYCNnonAmp|rand_267	3.461119944302908
SEQC_MYCNnonAmp|rand_268	3.37967026422405
SEQC_MYCNnonAmp|rand_269	3.661962549404096
SEQC_MYCNnonAmp|rand_270	3.3462733293297826
SEQC_MYCNnonAmp|rand_271	3.564414147779598
SEQC_MYCNnonAmp|rand_272	3.266753895169678
SEQC_MYCNnonAmp|rand_273	3.2857013365374166
SEQC_MYCNnonAmp|rand_274	3.5524827370436887
SEQC_MYCNnonAmp|rand_275	3.6500651479199204
SEQC_MYCNnonAmp|rand_276	3.217205457575926
SEQC_MYCNnonAmp|rand_277	3.3033128517145656
SEQC_MYCNnonAmp|rand_278	3.5452557753025875
SEQC_MYCNnonAmp|rand_279	3.520187980828519
SEQC_MYCNnonAmp|rand_280	3.105020315147339
SEQC_MYCNnonAmp|rand_281	3.3664129442604547
SEQC_MYCNnonAmp|rand_282	3.484283293941487
SEQC_MYCNnonAmp|rand_283	3.3825181661516215
SEQC_MYCNnonAmp|rand_284	3.6670104723767483
SEQC_MYCNnonAmp|rand_285	3.632216443702911
SEQC_MYCNnonAmp|rand_286	3.475033553832449
SEQC_MYCNnonAmp|rand_287	3.637579561269663
SEQC_MYCNnonAmp|rand_288	3.3649795182896147
SEQC_MYCNnonAmp|rand_289	3.4452173490019073
SEQC_MYCNnonAmp|rand_290	3.194171282302492
SEQC_MYCNnonAmp|rand_291	2.815461878459122
SEQC_MYCNnonAmp|rand_292	3.415889766215192
SEQC_MYCNnonAmp|rand_293	3.3377009101822397
SEQC_MYCNnonAmp|rand_294	3.270030451322621
SEQC_MYCNnonAmp|rand_295	3.2134634482426576
SEQC_MYCNnonAmp|rand_296	3.2834734763592377
SEQC_MYCNnonAmp|rand_297	3.4711290414894247
SEQC_MYCNnonAmp|rand_298	3.326608228306086
SEQC_MYCNnonAmp|rand_299	3.13159329805682
SEQC_MYCNnonAmp|rand_300	3.535662050329495
SEQC_MYCNnonAmp|rand_301	3.727001866739451
SEQC_MYCNnonAmp|rand_302	3.491538797733282
SEQC_MYCNnonAmp|rand_303	3.6738723911074445
SEQC_MYCNnonAmp|rand_304	3.492437571477232
SEQC_MYCNnonAmp|rand_305	3.9155842544334405
SEQC_MYCNnonAmp|rand_306	3.251306002293995
SEQC_MYCNnonAmp|rand_307	3.393608788866994
SEQC_MYCNnonAmp|rand_308	3.676932615924287
SEQC_MYCNnonAmp|rand_309	3.8946813598907317
SEQC_MYCNnonAmp|rand_310	3.475667517795477
SEQC_MYCNnonAmp|rand_311	3.368438082332338
SEQC_MYCNnonAmp|rand_312	3.477345187939867
SEQC_MYCNnonAmp|rand_313	3.3992115326134775
SEQC_MYCNnonAmp|rand_314	3.4508944481538277
SEQC_MYCNnonAmp|rand_315	3.30454284876063
SEQC_MYCNnonAmp|rand_316	3.6054543736940983
SEQC_MYCNnonAmp|rand_317	3.508451723164966
SEQC_MYCNnonAmp|rand_318	3.340077933723549
SEQC_MYCNnonAmp|rand_319	3.9708808473680994
SEQC_MYCNnonAmp|rand_320	3.558102231937409
SEQC_MYCNnonAmp|rand_321	3.0105425600718774
SEQC_MYCNnonAmp|rand_322	2.9660467735882605
SEQC_MYCNnonAmp|rand_323	3.410915498203503
SEQC_MYCNnonAmp|rand_324	3.6747397626387976
SEQC_MYCNnonAmp|rand_325	3.465256022257849
SEQC_MYCNnonAmp|rand_326	3.611871206169724
SEQC_MYCNnonAmp|rand_327	3.6953220339551014
SEQC_MYCNnonAmp|rand_328	3.565658026804549
SEQC_MYCNnonAmp|rand_329	3.346435604907075
SEQC_MYCNnonAmp|rand_330	2.8536661731191297
SEQC_MYCNnonAmp|rand_331	3.5936336311146486
SEQC_MYCNnonAmp|rand_332	3.259709512338111
SEQC_MYCNnonAmp|rand_333	3.4601385693813307
SEQC_MYCNnonAmp|rand_334	3.5852655368730475
SEQC_MYCNnonAmp|rand_335	3.836240256259713
SEQC_MYCNnonAmp|rand_336	3.3830700423768083
SEQC_MYCNnonAmp|rand_337	3.203375664159059
SEQC_MYCNnonAmp|rand_338	3.262766557087643
SEQC_MYCNnonAmp|rand_339	3.4817965650689593
SEQC_MYCNnonAmp|rand_340	3.4033583206660643
SEQC_MYCNnonAmp|rand_341	3.473642807819751
SEQC_MYCNnonAmp|rand_342	3.2817505758664214
SEQC_MYCNnonAmp|rand_343	3.4838753471313364
SEQC_MYCNnonAmp|rand_344	3.697716422246588
SEQC_MYCNnonAmp|rand_345	3.7110423191287016
SEQC_MYCNnonAmp|rand_346	3.1389204871746728
SEQC_MYCNnonAmp|rand_347	3.558079411501971
SEQC_MYCNnonAmp|rand_348	3.626335689305258
SEQC_MYCNnonAmp|rand_349	3.450578634249825
SEQC_MYCNnonAmp|rand_350	3.1827487162963375
SEQC_MYCNnonAmp|rand_351	3.520156311166034
SEQC_MYCNnonAmp|rand_352	3.300248013078855
SEQC_MYCNnonAmp|rand_353	3.5867232944598912
SEQC_MYCNnonAmp|rand_354	3.455328665146021
SEQC_MYCNnonAmp|rand_355	3.2721630662424
SEQC_MYCNnonAmp|rand_356	3.439894430465396
SEQC_MYCNnonAmp|rand_357	2.908647590153764
SEQC_MYCNnonAmp|rand_358	3.493899395689814
SEQC_MYCNnonAmp|rand_359	3.5661790696139413
SEQC_MYCNnonAmp|rand_360	3.505864367691402
SEQC_MYCNnonAmp|rand_361	3.7431816815739083
SEQC_MYCNnonAmp|rand_362	3.761268745153108
SEQC_MYCNnonAmp|rand_363	3.6657319417123686
SEQC_MYCNnonAmp|rand_364	3.60005523539178
SEQC_MYCNnonAmp|rand_365	3.556090804581796
SEQC_MYCNnonAmp|rand_366	3.6185578842689465
SEQC_MYCNnonAmp|rand_367	3.420304802541178
SEQC_MYCNnonAmp|rand_368	3.466341603054759
SEQC_MYCNnonAmp|rand_369	3.3768659266342103
SEQC_MYCNnonAmp|rand_370	3.5105300911284028
SEQC_MYCNnonAmp|rand_371	3.40421789487731
SEQC_MYCNnonAmp|rand_372	3.4696682509487933
SEQC_MYCNnonAmp|rand_373	3.5178038762023176
SEQC_MYCNnonAmp|rand_374	3.768622673009522
SEQC_MYCNnonAmp|rand_375	3.511545477864325
SEQC_MYCNnonAmp|rand_376	3.348369233680262
SEQC_MYCNnonAmp|rand_377	3.627690284866357
SEQC_MYCNnonAmp|rand_378	3.27345266271425
SEQC_MYCNnonAmp|rand_379	3.4120419754529845
SEQC_MYCNnonAmp|rand_380	3.5683088221132455
SEQC_MYCNnonAmp|rand_381	3.3700257736005725
SEQC_MYCNnonAmp|rand_382	3.550283460102135
SEQC_MYCNnonAmp|rand_383	3.707879932055893
SEQC_MYCNnonAmp|rand_384	3.341852896128501
SEQC_MYCNnonAmp|rand_385	3.7628407502750045
SEQC_MYCNnonAmp|rand_386	3.524134755032779
SEQC_MYCNnonAmp|rand_387	3.0518154046742496
SEQC_MYCNnonAmp|rand_388	3.4055151457860835
SEQC_MYCNnonAmp|rand_389	3.6288095904378026
SEQC_MYCNnonAmp|rand_390	3.3411569725113983
SEQC_MYCNnonAmp|rand_391	2.6888872253806766
SEQC_MYCNnonAmp|rand_392	3.4565162779190213
SEQC_MYCNnonAmp|rand_393	3.2478751942055575
SEQC_MYCNnonAmp|rand_394	3.6558128745039267
SEQC_MYCNnonAmp|rand_395	3.1585828798471827
SEQC_MYCNnonAmp|rand_396	3.1259439175269477
SEQC_MYCNnonAmp|rand_397	3.359422794968271
SEQC_MYCNnonAmp|rand_398	3.5427059236831377
SEQC_MYCNnonAmp|rand_399	3.541698301623086
SEQC_MYCNnonAmp|rand_400	3.4669311759835018
SEQC_MYCNnonAmp|rand_401	3.3283670467900413
SEQC_MYCNnonAmp|rand_402	3.487166065998013
SEQC_MYCNnonAmp|rand_403	3.2411685083858197
SEQC_MYCNnonAmp|rand_404	3.5608274606314594
SEQC_MYCNnonAmp|rand_405	3.456702164419653
SEQC_MYCNnonAmp|rand_406	3.4496604824878183
SEQC_MYCNnonAmp|rand_407	3.4482086124988607
SEQC_MYCNnonAmp|rand_408	3.5082521107753655
SEQC_MYCNnonAmp|rand_409	3.4988739112277103
SEQC_MYCNnonAmp|rand_410	3.410305539532346
SEQC_MYCNnonAmp|rand_411	3.6215295901212734
SEQC_MYCNnonAmp|rand_412	3.2813409671140037
SEQC_MYCNnonAmp|rand_413	3.2215456157685396
SEQC_MYCNnonAmp|rand_414	3.379563007251737
SEQC_MYCNnonAmp|rand_415	3.7298669600396694
SEQC_MYCNnonAmp|rand_416	3.398971978591395
SEQC_MYCNnonAmp|rand_417	3.2033273440229504
SEQC_MYCNnonAmp|rand_418	3.3427534428221533
SEQC_MYCNnonAmp|rand_419	3.215602697210192
SEQC_MYCNnonAmp|rand_420	3.7920906123521263
SEQC_MYCNnonAmp|rand_421	3.2782666368328957
SEQC_MYCNnonAmp|rand_422	3.508006812560915
SEQC_MYCNnonAmp|rand_423	3.8445299611174195
SEQC_MYCNnonAmp|rand_424	3.339481632924536
SEQC_MYCNnonAmp|rand_425	3.3698139662313684
SEQC_MYCNnonAmp|rand_426	3.5030809457687577
SEQC_MYCNnonAmp|rand_427	3.5689660509455785
SEQC_MYCNnonAmp|rand_428	3.479426388466999
SEQC_MYCNnonAmp|rand_429	3.341107022202539
SEQC_MYCNnonAmp|rand_430	3.3873213478851385
SEQC_MYCNnonAmp|rand_431	3.7143458108589242
SEQC_MYCNnonAmp|rand_432	3.314932435095274
SEQC_MYCNnonAmp|rand_433	3.107890739400696
SEQC_MYCNnonAmp|rand_434	3.7315059346902304
SEQC_MYCNnonAmp|rand_435	3.3294856312023597
SEQC_MYCNnonAmp|rand_436	3.6756748757833435
SEQC_MYCNnonAmp|rand_437	3.479708259024947
SEQC_MYCNnonAmp|rand_438	3.6208868538132832
SEQC_MYCNnonAmp|rand_439	3.4874601815336854
SEQC_MYCNnonAmp|rand_440	3.4667383562168217
SEQC_MYCNnonAmp|rand_441	3.5891107546418106
SEQC_MYCNnonAmp|rand_442	3.4690090229750314
SEQC_MYCNnonAmp|rand_443	3.584822626198233
SEQC_MYCNnonAmp|rand_444	3.438854737573888
SEQC_MYCNnonAmp|rand_445	2.941832919672816
SEQC_MYCNnonAmp|rand_446	3.7635817211100817
SEQC_MYCNnonAmp|rand_447	3.6761606482211886
SEQC_MYCNnonAmp|rand_448	3.639539052855589
SEQC_MYCNnonAmp|rand_449	3.4463792446828885
SEQC_MYCNnonAmp|rand_450	3.314846366618376
SEQC_MYCNnonAmp|rand_451	3.2981467167088554
SEQC_MYCNnonAmp|rand_452	3.5316173943911697
SEQC_MYCNnonAmp|rand_453	3.751520457215308
SEQC_MYCNnonAmp|rand_454	3.4672707776904463
SEQC_MYCNnonAmp|rand_455	3.3893943033122453
SEQC_MYCNnonAmp|rand_456	3.3855010117015745
SEQC_MYCNnonAmp|rand_457	3.4817331560951206
SEQC_MYCNnonAmp|rand_458	3.9531264944873317
SEQC_MYCNnonAmp|rand_459	3.6497070966923246
SEQC_MYCNnonAmp|rand_460	3.6089861503748843
SEQC_MYCNnonAmp|rand_461	2.977722760535436
SEQC_MYCNnonAmp|rand_462	3.3188654406468237
SEQC_MYCNnonAmp|rand_463	3.486212032190868
SEQC_MYCNnonAmp|rand_464	3.1506227732211407
SEQC_MYCNnonAmp|rand_465	3.2959227079680358
SEQC_MYCNnonAmp|rand_466	3.1981850224881274
SEQC_MYCNnonAmp|rand_467	3.2391078534154802
SEQC_MYCNnonAmp|rand_468	3.2297211542446838
SEQC_MYCNnonAmp|rand_469	3.523600917279155
SEQC_MYCNnonAmp|rand_470	3.258478588852069
SEQC_MYCNnonAmp|rand_471	3.5556979853833166
SEQC_MYCNnonAmp|rand_472	3.2566878710635443
SEQC_MYCNnonAmp|rand_473	3.7615661125946573
SEQC_MYCNnonAmp|rand_474	3.2941318499543626
SEQC_MYCNnonAmp|rand_475	3.6772154224092226
SEQC_MYCNnonAmp|rand_476	3.322824593762155
SEQC_MYCNnonAmp|rand_477	3.1450886768921555
SEQC_MYCNnonAmp|rand_478	3.547331122306882
SEQC_MYCNnonAmp|rand_479	3.406667047952866
SEQC_MYCNnonAmp|rand_480	3.4980471477859725
SEQC_MYCNnonAmp|rand_481	3.38657166240601
SEQC_MYCNnonAmp|rand_482	3.2747896262522644
SEQC_MYCNnonAmp|rand_483	3.4718462012102034
SEQC_MYCNnonAmp|rand_484	3.7591795428697496
SEQC_MYCNnonAmp|rand_485	3.757395798951777
SEQC_MYCNnonAmp|rand_486	3.5749054008794516
SEQC_MYCNnonAmp|rand_487	3.1871205819401123
SEQC_MYCNnonAmp|rand_488	3.239771387495674
SEQC_MYCNnonAmp|rand_489	3.7361958093925147
SEQC_MYCNnonAmp|rand_490	3.18863896211603
SEQC_MYCNnonAmp|rand_491	3.311267128872377
SEQC_MYCNnonAmp|rand_492	3.6468158121602725
SEQC_MYCNnonAmp|rand_493	3.4810608564389254
SEQC_MYCNnonAmp|rand_494	3.849594874230404
SEQC_MYCNnonAmp|rand_495	3.4729476464566993
SEQC_MYCNnonAmp|rand_496	3.5951337970440713
SEQC_MYCNnonAmp|rand_497	3.159008591347612
SEQC_MYCNnonAmp|rand_498	3.7122223917332993
SEQC_MYCNnonAmp|rand_499	3.52611369141204
SEQC_MYCNnonAmp|rand_500	3.2335635771383466
SEQC_MYCNnonAmp|rand_501	3.386892443102232
SEQC_MYCNnonAmp|rand_502	3.847584595464714
SEQC_MYCNnonAmp|rand_503	3.3149035326141183
SEQC_MYCNnonAmp|rand_504	3.579805133346023
SEQC_MYCNnonAmp|rand_505	3.2098108611875644
SEQC_MYCNnonAmp|rand_506	3.45327986973858
SEQC_MYCNnonAmp|rand_507	3.468920568857092
SEQC_MYCNnonAmp|rand_508	3.754475392728394
SEQC_MYCNnonAmp|rand_509	3.9586831944441987
SEQC_MYCNnonAmp|rand_510	3.5539499302071675
SEQC_MYCNnonAmp|rand_511	3.486050427919437
SEQC_MYCNnonAmp|rand_512	3.5600408998826625
SEQC_MYCNnonAmp|rand_513	3.4512567984515887
SEQC_MYCNnonAmp|rand_514	3.7296149510479335
SEQC_MYCNnonAmp|rand_515	3.6602923901901008
SEQC_MYCNnonAmp|rand_516	3.3341075465143413
SEQC_MYCNnonAmp|rand_517	3.162552375039408
SEQC_MYCNnonAmp|rand_518	3.6818733932968786
SEQC_MYCNnonAmp|rand_519	3.5429429390656706
SEQC_MYCNnonAmp|rand_520	3.0230638737467994
SEQC_MYCNnonAmp|rand_521	3.302703562332648
SEQC_MYCNnonAmp|rand_522	3.7427048236743174
SEQC_MYCNnonAmp|rand_523	3.4414338732116305
SEQC_MYCNnonAmp|rand_524	3.6833435159993537
SEQC_MYCNnonAmp|rand_525	3.2853748773114586
SEQC_MYCNnonAmp|rand_526	3.292602246600393
SEQC_MYCNnonAmp|rand_527	3.54977398709381
SEQC_MYCNnonAmp|rand_528	3.184044893789225
SEQC_MYCNnonAmp|rand_529	3.798263024638189
SEQC_MYCNnonAmp|rand_530	3.4106303461553016
SEQC_MYCNnonAmp|rand_531	3.3066014656081912
SEQC_MYCNnonAmp|rand_532	3.3427813730157228
SEQC_MYCNnonAmp|rand_533	3.5618553664776655
SEQC_MYCNnonAmp|rand_534	3.1526615786939027
SEQC_MYCNnonAmp|rand_535	3.019856861593518
SEQC_MYCNnonAmp|rand_536	2.9368364707125307
SEQC_MYCNnonAmp|rand_537	3.0068984027095924
SEQC_MYCNnonAmp|rand_538	3.0405520338618626
SEQC_MYCNnonAmp|rand_539	3.5418772649036563
SEQC_MYCNnonAmp|rand_540	3.2542682342848344
SEQC_MYCNnonAmp|rand_541	3.3134283625575622
SEQC_MYCNnonAmp|rand_542	3.3516837114656552
SEQC_MYCNnonAmp|rand_543	3.6364413755540177
SEQC_MYCNnonAmp|rand_544	3.5365505880362544
SEQC_MYCNnonAmp|rand_545	3.2275492737971345
SEQC_MYCNnonAmp|rand_546	3.4346964141856
SEQC_MYCNnonAmp|rand_547	3.418260535953704
SEQC_MYCNnonAmp|rand_548	3.4931727582687766
SEQC_MYCNnonAmp|rand_549	3.426340949479875
SEQC_MYCNnonAmp|rand_550	3.2821806127141
SEQC_MYCNnonAmp|rand_551	3.2014855027229596
SEQC_MYCNnonAmp|rand_552	3.7064813078828447
SEQC_MYCNnonAmp|rand_553	3.747551796413638
SEQC_MYCNnonAmp|rand_554	3.394404852410554
SEQC_MYCNnonAmp|rand_555	2.9941203027800496
SEQC_MYCNnonAmp|rand_556	3.47429973611648
SEQC_MYCNnonAmp|rand_557	3.5784320576404682
SEQC_MYCNnonAmp|rand_558	3.682891139031613
SEQC_MYCNnonAmp|rand_559	3.8626132287089376
SEQC_MYCNnonAmp|rand_560	3.507973289156646
SEQC_MYCNnonAmp|rand_561	3.5402696071149347
SEQC_MYCNnonAmp|rand_562	3.7037817065002416
SEQC_MYCNnonAmp|rand_563	3.381887715176335
SEQC_MYCNnonAmp|rand_564	3.549979503637083
SEQC_MYCNnonAmp|rand_565	3.4551082567943614
SEQC_MYCNnonAmp|rand_566	3.1723628061335174
SEQC_MYCNnonAmp|rand_567	3.444523400674466
SEQC_MYCNnonAmp|rand_568	3.451240711560505
SEQC_MYCNnonAmp|rand_569	3.3630980899482448
SEQC_MYCNnonAmp|rand_570	3.7183784902657897
SEQC_MYCNnonAmp|rand_571	3.0939941878413375
SEQC_MYCNnonAmp|rand_572	3.4656375807664173
SEQC_MYCNnonAmp|rand_573	3.707238683344423
SEQC_MYCNnonAmp|rand_574	3.3078685249429296
SEQC_MYCNnonAmp|rand_575	3.6335552419607646
SEQC_MYCNnonAmp|rand_576	3.34828015528671
SEQC_MYCNnonAmp|rand_577	3.6099348094941552
SEQC_MYCNnonAmp|rand_578	3.562475066459653
SEQC_MYCNnonAmp|rand_579	3.552132262236911
SEQC_MYCNnonAmp|rand_580	3.068176194045809
SEQC_MYCNnonAmp|rand_581	3.4411798438631194
SEQC_MYCNnonAmp|rand_582	3.46113229182899
SEQC_MYCNnonAmp|rand_583	3.44344038337146
SEQC_MYCNnonAmp|rand_584	3.4665813363635833
SEQC_MYCNnonAmp|rand_585	3.8469215923442803
SEQC_MYCNnonAmp|rand_586	3.156518411079168
SEQC_MYCNnonAmp|rand_587	3.7639405460744393
SEQC_MYCNnonAmp|rand_588	3.3697115209695663
SEQC_MYCNnonAmp|rand_589	3.4518557755631294
SEQC_MYCNnonAmp|rand_590	3.386002565502122
SEQC_MYCNnonAmp|rand_591	3.1525947342991762
SEQC_MYCNnonAmp|rand_592	3.4364378338406545
SEQC_MYCNnonAmp|rand_593	3.45800786756002
SEQC_MYCNnonAmp|rand_594	3.704669852416164
SEQC_MYCNnonAmp|rand_595	3.5929578761265364
SEQC_MYCNnonAmp|rand_596	3.1456852029497706
SEQC_MYCNnonAmp|rand_597	3.3828387841156196
SEQC_MYCNnonAmp|rand_598	3.258052680448695
SEQC_MYCNnonAmp|rand_599	3.370366449781034
SEQC_MYCNnonAmp|rand_600	3.086826517451579
SEQC_MYCNnonAmp|rand_601	3.495745301994736
SEQC_MYCNnonAmp|rand_602	3.386182807911447
SEQC_MYCNnonAmp|rand_603	3.421724274271351
SEQC_MYCNnonAmp|rand_604	3.405541327552784
SEQC_MYCNnonAmp|rand_605	3.1858645191418873
SEQC_MYCNnonAmp|rand_606	3.414966816745339
SEQC_MYCNnonAmp|rand_607	3.50046941200743
SEQC_MYCNnonAmp|rand_608	3.319986661367501
SEQC_MYCNnonAmp|rand_609	2.858786765785655
SEQC_MYCNnonAmp|rand_610	3.5455939369170193
SEQC_MYCNnonAmp|rand_611	3.6204476364873592
SEQC_MYCNnonAmp|rand_612	3.168849682837688
SEQC_MYCNnonAmp|rand_613	3.6826043090833513
SEQC_MYCNnonAmp|rand_614	3.1694882208690025
SEQC_MYCNnonAmp|rand_615	3.5292412604532633
SEQC_MYCNnonAmp|rand_616	3.6564014367924806
SEQC_MYCNnonAmp|rand_617	3.0528143475259224
SEQC_MYCNnonAmp|rand_618	3.4533572967094863
SEQC_MYCNnonAmp|rand_619	3.7410226804827476
SEQC_MYCNnonAmp|rand_620	3.4323297741127727
SEQC_MYCNnonAmp|rand_621	3.4758339094366955
SEQC_MYCNnonAmp|rand_622	3.3664379028487095
SEQC_MYCNnonAmp|rand_623	3.151768499842983
SEQC_MYCNnonAmp|rand_624	3.6586969726684546
SEQC_MYCNnonAmp|rand_625	3.5183806654859224
SEQC_MYCNnonAmp|rand_626	3.605638171187103
SEQC_MYCNnonAmp|rand_627	3.5992223653272193
SEQC_MYCNnonAmp|rand_628	3.5199218735882156
SEQC_MYCNnonAmp|rand_629	3.6287948701852693
SEQC_MYCNnonAmp|rand_630	3.4934211113554774
SEQC_MYCNnonAmp|rand_631	3.5581980702018234
SEQC_MYCNnonAmp|rand_632	3.8009588173036586
SEQC_MYCNnonAmp|rand_633	3.5731548006427345
SEQC_MYCNnonAmp|rand_634	3.0613712417800802
SEQC_MYCNnonAmp|rand_635	3.4094642087809452
SEQC_MYCNnonAmp|rand_636	3.109610352848082
SEQC_MYCNnonAmp|rand_637	3.398737656030908
SEQC_MYCNnonAmp|rand_638	3.4901568687238487
SEQC_MYCNnonAmp|rand_639	3.4312218058686943
SEQC_MYCNnonAmp|rand_640	3.479828839991083
SEQC_MYCNnonAmp|rand_641	3.305388312866898
SEQC_MYCNnonAmp|rand_642	3.989878268752662
SEQC_MYCNnonAmp|rand_643	3.690805284695946
SEQC_MYCNnonAmp|rand_644	3.085926486670606
SEQC_MYCNnonAmp|rand_645	3.486027729047964
SEQC_MYCNnonAmp|rand_646	3.169343598683721
SEQC_MYCNnonAmp|rand_647	3.4808183004564057
SEQC_MYCNnonAmp|rand_648	3.8324397850593193
SEQC_MYCNnonAmp|rand_649	3.5121455797429215
SEQC_MYCNnonAmp|rand_650	3.5471166607701483
SEQC_MYCNnonAmp|rand_651	3.6164469321103367
SEQC_MYCNnonAmp|rand_652	3.5893223452968566
SEQC_MYCNnonAmp|rand_653	3.341145252185914
SEQC_MYCNnonAmp|rand_654	3.9185702820243438
SEQC_MYCNnonAmp|rand_655	3.3514234569870127
SEQC_MYCNnonAmp|rand_656	3.4211712137817445
SEQC_MYCNnonAmp|rand_657	3.4436345061354006
SEQC_MYCNnonAmp|rand_658	3.4220290946608523
SEQC_MYCNnonAmp|rand_659	3.3641270253888753
SEQC_MYCNnonAmp|rand_660	3.196919260553833
SEQC_MYCNnonAmp|rand_661	3.6574988352610616
SEQC_MYCNnonAmp|rand_662	3.307156519335729
SEQC_MYCNnonAmp|rand_663	3.7439893721527255
SEQC_MYCNnonAmp|rand_664	3.4480467375101176
SEQC_MYCNnonAmp|rand_665	3.256392308471777
SEQC_MYCNnonAmp|rand_666	3.357755377052681
SEQC_MYCNnonAmp|rand_667	3.435410288248658
SEQC_MYCNnonAmp|rand_668	3.294085702497208
SEQC_MYCNnonAmp|rand_669	3.3581574044243787
SEQC_MYCNnonAmp|rand_670	3.196625250210802
SEQC_MYCNnonAmp|rand_671	3.4584964912609846
SEQC_MYCNnonAmp|rand_672	3.919014986054772
SEQC_MYCNnonAmp|rand_673	3.64492539384656
SEQC_MYCNnonAmp|rand_674	3.4465014605426862
SEQC_MYCNnonAmp|rand_675	3.3387296928546437
SEQC_MYCNnonAmp|rand_676	3.6082125414062287
SEQC_MYCNnonAmp|rand_677	3.516475845849651
SEQC_MYCNnonAmp|rand_678	3.3046218691625997
SEQC_MYCNnonAmp|rand_679	3.434827760280694
SEQC_MYCNnonAmp|rand_680	3.2626732045938334
SEQC_MYCNnonAmp|rand_681	3.597319306270053
SEQC_MYCNnonAmp|rand_682	3.496091244635432
SEQC_MYCNnonAmp|rand_683	3.3505118389357813
SEQC_MYCNnonAmp|rand_684	3.383961615361361
SEQC_MYCNnonAmp|rand_685	3.725894000161013
SEQC_MYCNnonAmp|rand_686	3.6420746577498613
SEQC_MYCNnonAmp|rand_687	3.226647073800035
SEQC_MYCNnonAmp|rand_688	3.109682571053778
SEQC_MYCNnonAmp|rand_689	3.479761834219152
SEQC_MYCNnonAmp|rand_690	3.45520167584898
SEQC_MYCNnonAmp|rand_691	3.6044479345947793
SEQC_MYCNnonAmp|rand_692	3.562424868741733
SEQC_MYCNnonAmp|rand_693	3.5917335221824285
SEQC_MYCNnonAmp|rand_694	3.344755096140796
SEQC_MYCNnonAmp|rand_695	3.3838554633862654
SEQC_MYCNnonAmp|rand_696	3.8518796981887937
SEQC_MYCNnonAmp|rand_697	3.2459574743314907
SEQC_MYCNnonAmp|rand_698	3.4582629381251104
SEQC_MYCNnonAmp|rand_699	3.4404186717420653
SEQC_MYCNnonAmp|rand_700	3.522279047138879
SEQC_MYCNnonAmp|rand_701	3.4658792741672726
SEQC_MYCNnonAmp|rand_702	2.961033510546432
SEQC_MYCNnonAmp|rand_703	3.4361430427636246
SEQC_MYCNnonAmp|rand_704	3.3336986130951978
SEQC_MYCNnonAmp|rand_705	3.374493063434946
SEQC_MYCNnonAmp|rand_706	3.2242265468712636
SEQC_MYCNnonAmp|rand_707	3.24797825116522
SEQC_MYCNnonAmp|rand_708	3.6465527752132587
SEQC_MYCNnonAmp|rand_709	3.467068542196379
SEQC_MYCNnonAmp|rand_710	3.6420727915635993
SEQC_MYCNnonAmp|rand_711	3.818136981128426
SEQC_MYCNnonAmp|rand_712	3.3600879365336325
SEQC_MYCNnonAmp|rand_713	3.740270848066371
SEQC_MYCNnonAmp|rand_714	3.770309520931848
SEQC_MYCNnonAmp|rand_715	3.1588419685481037
SEQC_MYCNnonAmp|rand_716	3.4051592695454724
SEQC_MYCNnonAmp|rand_717	3.607303290926029
SEQC_MYCNnonAmp|rand_718	3.4622865010940203
SEQC_MYCNnonAmp|rand_719	3.364581706369169
SEQC_MYCNnonAmp|rand_720	3.3307107287453057
SEQC_MYCNnonAmp|rand_721	3.336607411736864
SEQC_MYCNnonAmp|rand_722	3.7509928035297166
SEQC_MYCNnonAmp|rand_723	3.533955894025504
SEQC_MYCNnonAmp|rand_724	3.5390233715198214
SEQC_MYCNnonAmp|rand_725	3.47045414695131
SEQC_MYCNnonAmp|rand_726	3.589447102650696
SEQC_MYCNnonAmp|rand_727	3.665900417591012
SEQC_MYCNnonAmp|rand_728	3.7023484009956107
SEQC_MYCNnonAmp|rand_729	3.3701551038771096
SEQC_MYCNnonAmp|rand_730	3.6200411838783872
SEQC_MYCNnonAmp|rand_731	3.3344710588978446
SEQC_MYCNnonAmp|rand_732	3.712754887050676
SEQC_MYCNnonAmp|rand_733	3.6406681922573654
SEQC_MYCNnonAmp|rand_734	3.761954271523657
SEQC_MYCNnonAmp|rand_735	3.8022146644244272
SEQC_MYCNnonAmp|rand_736	3.3107897484883484
SEQC_MYCNnonAmp|rand_737	3.2640133541103014
SEQC_MYCNnonAmp|rand_738	3.576749898738042
SEQC_MYCNnonAmp|rand_739	3.4261927085034998
SEQC_MYCNnonAmp|rand_740	3.558678099941594
SEQC_MYCNnonAmp|rand_741	3.431342283894914
SEQC_MYCNnonAmp|rand_742	3.691557417634592
SEQC_MYCNnonAmp|rand_743	3.2300998153643308
SEQC_MYCNnonAmp|rand_744	3.4965428293298055
SEQC_MYCNnonAmp|rand_745	3.932982667354054
SEQC_MYCNnonAmp|rand_746	3.6489954953343813
SEQC_MYCNnonAmp|rand_747	3.9121979579167765
SEQC_MYCNnonAmp|rand_748	3.3217158464477334
SEQC_MYCNnonAmp|rand_749	3.3875905468005176
SEQC_MYCNnonAmp|rand_750	3.537260181907321
SEQC_MYCNnonAmp|rand_751	3.692568412100701
SEQC_MYCNnonAmp|rand_752	3.5652561962937175
SEQC_MYCNnonAmp|rand_753	3.690128477699917
SEQC_MYCNnonAmp|rand_754	3.6543818604740697
SEQC_MYCNnonAmp|rand_755	3.4702775054125468
SEQC_MYCNnonAmp|rand_756	3.534423898504012
SEQC_MYCNnonAmp|rand_757	3.4861055152954616
SEQC_MYCNnonAmp|rand_758	3.740079949087735
SEQC_MYCNnonAmp|rand_759	3.7464803461295486
SEQC_MYCNnonAmp|rand_760	3.527982890020493
SEQC_MYCNnonAmp|rand_761	3.2803710286919676
SEQC_MYCNnonAmp|rand_762	3.5571381269478772
SEQC_MYCNnonAmp|rand_763	3.607863206611537
SEQC_MYCNnonAmp|rand_764	3.537118756650074
SEQC_MYCNnonAmp|rand_765	3.2324398467586604
SEQC_MYCNnonAmp|rand_766	3.670987108675676
SEQC_MYCNnonAmp|rand_767	3.4167809435245227
SEQC_MYCNnonAmp|rand_768	3.497298934363748
SEQC_MYCNnonAmp|rand_769	3.4478698015928675
SEQC_MYCNnonAmp|rand_770	3.8519521494010447
SEQC_MYCNnonAmp|rand_771	3.519692064537252
SEQC_MYCNnonAmp|rand_772	3.286909735325861
SEQC_MYCNnonAmp|rand_773	3.459690436383134
SEQC_MYCNnonAmp|rand_774	3.975305587251545
SEQC_MYCNnonAmp|rand_775	3.387652347736547
SEQC_MYCNnonAmp|rand_776	3.3900195520383107
SEQC_MYCNnonAmp|rand_777	3.5096271886090884
SEQC_MYCNnonAmp|rand_778	3.604664335915254
SEQC_MYCNnonAmp|rand_779	3.5788107984711486
SEQC_MYCNnonAmp|rand_780	3.4746538083615506
SEQC_MYCNnonAmp|rand_781	3.3404913277239867
SEQC_MYCNnonAmp|rand_782	3.6777535280914364
SEQC_MYCNnonAmp|rand_783	3.248999457924149
SEQC_MYCNnonAmp|rand_784	3.3654009785277306
SEQC_MYCNnonAmp|rand_785	3.5997896717619877
SEQC_MYCNnonAmp|rand_786	3.1106069523004436
SEQC_MYCNnonAmp|rand_787	3.2423696738823216
SEQC_MYCNnonAmp|rand_788	3.6801310733586985
SEQC_MYCNnonAmp|rand_789	3.4361484039721213
SEQC_MYCNnonAmp|rand_790	3.3013322659262236
SEQC_MYCNnonAmp|rand_791	3.456188489020862
SEQC_MYCNnonAmp|rand_792	3.577528215239186
SEQC_MYCNnonAmp|rand_793	3.0186244925512833
SEQC_MYCNnonAmp|rand_794	3.409036076355801
SEQC_MYCNnonAmp|rand_795	3.5948553149952254
SEQC_MYCNnonAmp|rand_796	3.1732430586878535
SEQC_MYCNnonAmp|rand_797	3.6014050884336104
SEQC_MYCNnonAmp|rand_798	3.1882094814330246
SEQC_MYCNnonAmp|rand_799	3.4846680553281946
SEQC_MYCNnonAmp|rand_800	3.2014230613893693
SEQC_MYCNnonAmp|rand_801	3.651714517760519
SEQC_MYCNnonAmp|rand_802	3.612869133933172
SEQC_MYCNnonAmp|rand_803	3.5406814450574635
SEQC_MYCNnonAmp|rand_804	3.630823487109645
SEQC_MYCNnonAmp|rand_805	3.551831225678503
SEQC_MYCNnonAmp|rand_806	3.544139316934329
SEQC_MYCNnonAmp|rand_807	3.142516695001057
SEQC_MYCNnonAmp|rand_808	3.315045739988379
SEQC_MYCNnonAmp|rand_809	3.1878940042817154
SEQC_MYCNnonAmp|rand_810	3.63592048907086
SEQC_MYCNnonAmp|rand_811	3.4709681254556912
SEQC_MYCNnonAmp|rand_812	3.5577542972590397
SEQC_MYCNnonAmp|rand_813	3.245902799910898
SEQC_MYCNnonAmp|rand_814	3.249526417766281
SEQC_MYCNnonAmp|rand_815	3.633320289152786
SEQC_MYCNnonAmp|rand_816	3.764717951961921
SEQC_MYCNnonAmp|rand_817	2.92555600820263
SEQC_MYCNnonAmp|rand_818	3.5987762212444103
SEQC_MYCNnonAmp|rand_819	3.5092158187200315
SEQC_MYCNnonAmp|rand_820	3.716078679721646
SEQC_MYCNnonAmp|rand_821	3.547080223543491
SEQC_MYCNnonAmp|rand_822	3.6606245698194777
SEQC_MYCNnonAmp|rand_823	3.47669221928875
SEQC_MYCNnonAmp|rand_824	3.605810002018922
SEQC_MYCNnonAmp|rand_825	3.4857960721671652
SEQC_MYCNnonAmp|rand_826	3.5197789134156268
SEQC_MYCNnonAmp|rand_827	3.6638211319471203
SEQC_MYCNnonAmp|rand_828	3.5399119366745535
SEQC_MYCNnonAmp|rand_829	3.5761320052487235
SEQC_MYCNnonAmp|rand_830	3.430730434810129
SEQC_MYCNnonAmp|rand_831	3.2681727669732425
SEQC_MYCNnonAmp|rand_832	3.591270966914971
SEQC_MYCNnonAmp|rand_833	3.5877058888822346
SEQC_MYCNnonAmp|rand_834	3.2964664876343193
SEQC_MYCNnonAmp|rand_835	3.317451449623645
SEQC_MYCNnonAmp|rand_836	3.578573015817269
SEQC_MYCNnonAmp|rand_837	3.8416626834157963
SEQC_MYCNnonAmp|rand_838	3.3971626203397425
SEQC_MYCNnonAmp|rand_839	3.3935648685766706
SEQC_MYCNnonAmp|rand_840	3.599371271243373
SEQC_MYCNnonAmp|rand_841	3.868516383374857
SEQC_MYCNnonAmp|rand_842	3.3899925753834843
SEQC_MYCNnonAmp|rand_843	3.3638105720159
SEQC_MYCNnonAmp|rand_844	3.31807148196699
SEQC_MYCNnonAmp|rand_845	3.5089644425667457
SEQC_MYCNnonAmp|rand_846	3.635909741186562
SEQC_MYCNnonAmp|rand_847	3.5032099901034983
SEQC_MYCNnonAmp|rand_848	3.79712747837737
SEQC_MYCNnonAmp|rand_849	3.43385591435081
SEQC_MYCNnonAmp|rand_850	3.4534970102106715
SEQC_MYCNnonAmp|rand_851	3.4714031289923795
SEQC_MYCNnonAmp|rand_852	3.7331150148607875
SEQC_MYCNnonAmp|rand_853	3.5028200756801624
SEQC_MYCNnonAmp|rand_854	3.1093469306334645
SEQC_MYCNnonAmp|rand_855	3.3322697743737417
SEQC_MYCNnonAmp|rand_856	3.373680218177332
SEQC_MYCNnonAmp|rand_857	3.384855941079059
SEQC_MYCNnonAmp|rand_858	3.693306718273488
SEQC_MYCNnonAmp|rand_859	3.6191513671872015
SEQC_MYCNnonAmp|rand_860	3.2796448867439016
SEQC_MYCNnonAmp|rand_861	3.859013765461476
SEQC_MYCNnonAmp|rand_862	3.6900778163188455
SEQC_MYCNnonAmp|rand_863	3.56677610329386
SEQC_MYCNnonAmp|rand_864	3.6287889614117774
SEQC_MYCNnonAmp|rand_865	3.967178938496476
SEQC_MYCNnonAmp|rand_866	3.6985233641646458
SEQC_MYCNnonAmp|rand_867	3.4581729359396745
SEQC_MYCNnonAmp|rand_868	3.518330302757132
SEQC_MYCNnonAmp|rand_869	3.4422132811624886
SEQC_MYCNnonAmp|rand_870	3.581313446654165
SEQC_MYCNnonAmp|rand_871	3.7852760740188702
SEQC_MYCNnonAmp|rand_872	3.4019955558767547
SEQC_MYCNnonAmp|rand_873	3.890820635575239
SEQC_MYCNnonAmp|rand_874	3.392275566740276
SEQC_MYCNnonAmp|rand_875	3.4009567728777466
SEQC_MYCNnonAmp|rand_876	3.5760250904589075
SEQC_MYCNnonAmp|rand_877	3.2223265146612694
SEQC_MYCNnonAmp|rand_878	3.49202714333744
SEQC_MYCNnonAmp|rand_879	3.26472585049995
SEQC_MYCNnonAmp|rand_880	3.5190016732541016
SEQC_MYCNnonAmp|rand_881	3.2510547793056523
SEQC_MYCNnonAmp|rand_882	3.628949593165585
SEQC_MYCNnonAmp|rand_883	3.2945030422239783
SEQC_MYCNnonAmp|rand_884	3.196688825450316
SEQC_MYCNnonAmp|rand_885	3.3280560559164813
SEQC_MYCNnonAmp|rand_886	3.460780663411438
SEQC_MYCNnonAmp|rand_887	3.4476948934134235
SEQC_MYCNnonAmp|rand_888	3.2642500253187614
SEQC_MYCNnonAmp|rand_889	3.539337909770163
SEQC_MYCNnonAmp|rand_890	3.656390093001861
SEQC_MYCNnonAmp|rand_891	3.2396888698439756
SEQC_MYCNnonAmp|rand_892	3.5788302051384857
SEQC_MYCNnonAmp|rand_893	3.347961653522758
SEQC_MYCNnonAmp|rand_894	3.5285031374334626
SEQC_MYCNnonAmp|rand_895	3.1656972344491385
SEQC_MYCNnonAmp|rand_896	3.294909043084124
SEQC_MYCNnonAmp|rand_897	3.343158508571266
SEQC_MYCNnonAmp|rand_898	3.4348384716881104
SEQC_MYCNnonAmp|rand_899	3.7870093178628967
SEQC_MYCNnonAmp|rand_900	3.378449727482865
SEQC_MYCNnonAmp|rand_901	3.4854657458121054
SEQC_MYCNnonAmp|rand_902	3.4301264275936125
SEQC_MYCNnonAmp|rand_903	3.3958298164780305
SEQC_MYCNnonAmp|rand_904	3.4852585929152116
SEQC_MYCNnonAmp|rand_905	3.34103331648227
SEQC_MYCNnonAmp|rand_906	3.462578256431605
SEQC_MYCNnonAmp|rand_907	3.410462676849309
SEQC_MYCNnonAmp|rand_908	3.612925335491862
SEQC_MYCNnonAmp|rand_909	3.599595119202943
SEQC_MYCNnonAmp|rand_910	3.351327359395098
SEQC_MYCNnonAmp|rand_911	3.390799394792722
SEQC_MYCNnonAmp|rand_912	3.4903349319574075
SEQC_MYCNnonAmp|rand_913	3.6566396353226485
SEQC_MYCNnonAmp|rand_914	3.1288442361833586
SEQC_MYCNnonAmp|rand_915	3.9956011067466326
SEQC_MYCNnonAmp|rand_916	3.366948938188747
SEQC_MYCNnonAmp|rand_917	4.059321218179395
SEQC_MYCNnonAmp|rand_918	3.004084489617605
SEQC_MYCNnonAmp|rand_919	3.6370461266631415
SEQC_MYCNnonAmp|rand_920	3.484084807944365
SEQC_MYCNnonAmp|rand_921	3.589240369231561
SEQC_MYCNnonAmp|rand_922	3.6830536026195713
SEQC_MYCNnonAmp|rand_923	3.149684726600284
SEQC_MYCNnonAmp|rand_924	3.6067547815350878
SEQC_MYCNnonAmp|rand_925	3.6640690441947577
SEQC_MYCNnonAmp|rand_926	3.5070151125334035
SEQC_MYCNnonAmp|rand_927	3.353690774995088
SEQC_MYCNnonAmp|rand_928	3.206158510035397
SEQC_MYCNnonAmp|rand_929	3.3654695153409517
SEQC_MYCNnonAmp|rand_930	3.55618210627527
SEQC_MYCNnonAmp|rand_931	3.472436817497879
SEQC_MYCNnonAmp|rand_932	3.276908350671113
SEQC_MYCNnonAmp|rand_933	3.4972182574530213
SEQC_MYCNnonAmp|rand_934	3.710544622025341
SEQC_MYCNnonAmp|rand_935	3.6041260112772857
SEQC_MYCNnonAmp|rand_936	3.190406870417548
SEQC_MYCNnonAmp|rand_937	3.781723981485498
SEQC_MYCNnonAmp|rand_938	3.2515716995711155
SEQC_MYCNnonAmp|rand_939	3.6492285337939214
SEQC_MYCNnonAmp|rand_940	3.756888817051327
SEQC_MYCNnonAmp|rand_941	3.750604747286586
SEQC_MYCNnonAmp|rand_942	2.9871009676530775
SEQC_MYCNnonAmp|rand_943	3.1770592596738236
SEQC_MYCNnonAmp|rand_944	3.390136556979695
SEQC_MYCNnonAmp|rand_945	3.42895980286838
SEQC_MYCNnonAmp|rand_946	3.4715999663538915
SEQC_MYCNnonAmp|rand_947	3.4239101409563317
SEQC_MYCNnonAmp|rand_948	3.4761756089866687
SEQC_MYCNnonAmp|rand_949	3.7583343759521926
SEQC_MYCNnonAmp|rand_950	3.123640703249646
SEQC_MYCNnonAmp|rand_951	3.269935774556388
SEQC_MYCNnonAmp|rand_952	3.4467237211814012
SEQC_MYCNnonAmp|rand_953	3.642128543866802
SEQC_MYCNnonAmp|rand_954	3.5043300062860356
SEQC_MYCNnonAmp|rand_955	3.3607980638430877
SEQC_MYCNnonAmp|rand_956	3.4273359569346824
SEQC_MYCNnonAmp|rand_957	3.476137666541575
SEQC_MYCNnonAmp|rand_958	3.515775521613105
SEQC_MYCNnonAmp|rand_959	3.6317110669507096
SEQC_MYCNnonAmp|rand_960	3.522790956457894
SEQC_MYCNnonAmp|rand_961	3.4618463109901456
SEQC_MYCNnonAmp|rand_962	3.41384414731569
SEQC_MYCNnonAmp|rand_963	3.580465106404898
SEQC_MYCNnonAmp|rand_964	3.6326864638959675
SEQC_MYCNnonAmp|rand_965	3.275612842067798
SEQC_MYCNnonAmp|rand_966	3.998325617278715
SEQC_MYCNnonAmp|rand_967	3.0681669307088044
SEQC_MYCNnonAmp|rand_968	3.323802248536906
SEQC_MYCNnonAmp|rand_969	3.069676747070244
SEQC_MYCNnonAmp|rand_970	3.332148030553721
SEQC_MYCNnonAmp|rand_971	3.351778605311315
SEQC_MYCNnonAmp|rand_972	3.448107182676409
SEQC_MYCNnonAmp|rand_973	3.6968912215984093
SEQC_MYCNnonAmp|rand_974	3.5475284351113925
SEQC_MYCNnonAmp|rand_975	3.7811320919681566
SEQC_MYCNnonAmp|rand_976	3.481690764479028
SEQC_MYCNnonAmp|rand_977	3.2790871652038276
SEQC_MYCNnonAmp|rand_978	3.291606479930745
SEQC_MYCNnonAmp|rand_979	3.796565461036243
SEQC_MYCNnonAmp|rand_980	3.559469168311574
SEQC_MYCNnonAmp|rand_981	3.519036271464148
SEQC_MYCNnonAmp|rand_982	3.950441065775043
SEQC_MYCNnonAmp|rand_983	3.6902480360861873
SEQC_MYCNnonAmp|rand_984	3.7004628992132633
SEQC_MYCNnonAmp|rand_985	3.688127947761484
SEQC_MYCNnonAmp|rand_986	3.709091880919203
SEQC_MYCNnonAmp|rand_987	3.4154794893764415
SEQC_MYCNnonAmp|rand_988	3.309874251105723
SEQC_MYCNnonAmp|rand_989	3.384203493003305
SEQC_MYCNnonAmp|rand_990	3.203934279854605
SEQC_MYCNnonAmp|rand_991	3.337279896499618
SEQC_MYCNnonAmp|rand_992	3.8121014607082295
SEQC_MYCNnonAmp|rand_993	3.245211192984316
SEQC_MYCNnonAmp|rand_994	3.728593718998014
SEQC_MYCNnonAmp|rand_995	3.34027240714509
SEQC_MYCNnonAmp|rand_996	3.403311563404516
SEQC_MYCNnonAmp|rand_997	3.7543873989718275
SEQC_MYCNnonAmp|rand_998	3.4999803992121796
SEQC_MYCNnonAmp|rand_999	3.3033266186760604
SEQC_MYCNnonAmp|rand_1000	3.4262879068311163
Kocak_MYCNamp|rand_1	4.110945655902246
Kocak_MYCNamp|rand_2	3.574286677990525
Kocak_MYCNamp|rand_3	3.6531530263383343
Kocak_MYCNamp|rand_4	3.489042056256775
Kocak_MYCNamp|rand_5	3.6382171988667493
Kocak_MYCNamp|rand_6	3.8053057604534404
Kocak_MYCNamp|rand_7	3.676509058930924
Kocak_MYCNamp|rand_8	3.304504667758065
Kocak_MYCNamp|rand_9	3.4507941295882367
Kocak_MYCNamp|rand_10	3.2752224614391467
Kocak_MYCNamp|rand_11	3.638525920657683
Kocak_MYCNamp|rand_12	3.8798431177219923
Kocak_MYCNamp|rand_13	3.4052628418870876
Kocak_MYCNamp|rand_14	3.317744477036438
Kocak_MYCNamp|rand_15	3.2124151435674997
Kocak_MYCNamp|rand_16	3.0856668681820154
Kocak_MYCNamp|rand_17	3.695851800813793
Kocak_MYCNamp|rand_18	3.641744234187958
Kocak_MYCNamp|rand_19	3.533950601743675
Kocak_MYCNamp|rand_20	3.5832998280186388
Kocak_MYCNamp|rand_21	3.622124003641695
Kocak_MYCNamp|rand_22	3.167092119806154
Kocak_MYCNamp|rand_23	3.4413708493918556
Kocak_MYCNamp|rand_24	3.292547533121115
Kocak_MYCNamp|rand_25	3.5322169895681492
Kocak_MYCNamp|rand_26	3.329249414804449
Kocak_MYCNamp|rand_27	3.7763074800740686
Kocak_MYCNamp|rand_28	3.5907091679638796
Kocak_MYCNamp|rand_29	3.9839010406151156
Kocak_MYCNamp|rand_30	3.550860456515782
Kocak_MYCNamp|rand_31	3.6933231494310585
Kocak_MYCNamp|rand_32	3.7262373848782935
Kocak_MYCNamp|rand_33	3.727579561985397
Kocak_MYCNamp|rand_34	3.3797800991575633
Kocak_MYCNamp|rand_35	3.3406772705827206
Kocak_MYCNamp|rand_36	3.281756924777468
Kocak_MYCNamp|rand_37	3.0335773818781133
Kocak_MYCNamp|rand_38	3.7096685399779243
Kocak_MYCNamp|rand_39	3.590750769598829
Kocak_MYCNamp|rand_40	3.5401325848870195
Kocak_MYCNamp|rand_41	3.8918935314162093
Kocak_MYCNamp|rand_42	3.8433051208860203
Kocak_MYCNamp|rand_43	3.416089027072839
Kocak_MYCNamp|rand_44	3.984125129455465
Kocak_MYCNamp|rand_45	3.57453319244997
Kocak_MYCNamp|rand_46	3.541128032562307
Kocak_MYCNamp|rand_47	3.0923716660932508
Kocak_MYCNamp|rand_48	3.3824092138826076
Kocak_MYCNamp|rand_49	3.400871839149192
Kocak_MYCNamp|rand_50	3.5595880886837143
Kocak_MYCNamp|rand_51	3.3700742457144135
Kocak_MYCNamp|rand_52	3.718952094086047
Kocak_MYCNamp|rand_53	3.4512576402657325
Kocak_MYCNamp|rand_54	3.421038124178624
Kocak_MYCNamp|rand_55	3.697872413410922
Kocak_MYCNamp|rand_56	3.816278498262507
Kocak_MYCNamp|rand_57	3.522810754229353
Kocak_MYCNamp|rand_58	3.632448988197243
Kocak_MYCNamp|rand_59	3.8019054225468425
Kocak_MYCNamp|rand_60	3.4564779425135757
Kocak_MYCNamp|rand_61	3.5907839525819467
Kocak_MYCNamp|rand_62	3.6182314623454173
Kocak_MYCNamp|rand_63	3.75996959126327
Kocak_MYCNamp|rand_64	3.7713150924102847
Kocak_MYCNamp|rand_65	3.3335621186388242
Kocak_MYCNamp|rand_66	3.6058586453127717
Kocak_MYCNamp|rand_67	3.5095830824222722
Kocak_MYCNamp|rand_68	3.3951116124876783
Kocak_MYCNamp|rand_69	3.3339997959561103
Kocak_MYCNamp|rand_70	3.5430773813553986
Kocak_MYCNamp|rand_71	3.355833305687075
Kocak_MYCNamp|rand_72	3.544843611788153
Kocak_MYCNamp|rand_73	3.564029642803082
Kocak_MYCNamp|rand_74	3.4263538125104653
Kocak_MYCNamp|rand_75	3.42072302351733
Kocak_MYCNamp|rand_76	3.266768287293332
Kocak_MYCNamp|rand_77	3.638355148342397
Kocak_MYCNamp|rand_78	3.711344573871737
Kocak_MYCNamp|rand_79	3.5557945564085554
Kocak_MYCNamp|rand_80	3.623546044106677
Kocak_MYCNamp|rand_81	3.6114638267113697
Kocak_MYCNamp|rand_82	3.7277859515537037
Kocak_MYCNamp|rand_83	3.687214138252289
Kocak_MYCNamp|rand_84	3.514056649941607
Kocak_MYCNamp|rand_85	3.5477999654755275
Kocak_MYCNamp|rand_86	3.4066383055310356
Kocak_MYCNamp|rand_87	3.6502368999043937
Kocak_MYCNamp|rand_88	3.7812303114047596
Kocak_MYCNamp|rand_89	3.797107699553905
Kocak_MYCNamp|rand_90	3.8052518137417053
Kocak_MYCNamp|rand_91	3.4060644678024947
Kocak_MYCNamp|rand_92	3.2146475650527773
Kocak_MYCNamp|rand_93	3.36374407320995
Kocak_MYCNamp|rand_94	3.659817441446467
Kocak_MYCNamp|rand_95	3.8077292191462133
Kocak_MYCNamp|rand_96	3.7885195434357812
Kocak_MYCNamp|rand_97	3.750325583482364
Kocak_MYCNamp|rand_98	3.3873655573171138
Kocak_MYCNamp|rand_99	3.4798629162670887
Kocak_MYCNamp|rand_100	3.5606253824376335
Kocak_MYCNamp|rand_101	3.5318668579585895
Kocak_MYCNamp|rand_102	3.6205926202741128
Kocak_MYCNamp|rand_103	3.324940059979574
Kocak_MYCNamp|rand_104	3.5854567643366946
Kocak_MYCNamp|rand_105	3.6746312985496803
Kocak_MYCNamp|rand_106	3.6707319066990203
Kocak_MYCNamp|rand_107	3.4643024864572456
Kocak_MYCNamp|rand_108	3.648502406691761
Kocak_MYCNamp|rand_109	3.5275063065070675
Kocak_MYCNamp|rand_110	2.8745728010585765
Kocak_MYCNamp|rand_111	3.48832720751717
Kocak_MYCNamp|rand_112	3.5047030444041565
Kocak_MYCNamp|rand_113	3.745378066854856
Kocak_MYCNamp|rand_114	3.181464864633518
Kocak_MYCNamp|rand_115	3.275383587081909
Kocak_MYCNamp|rand_116	3.4957319472581796
Kocak_MYCNamp|rand_117	3.533493113836946
Kocak_MYCNamp|rand_118	3.3224781986467757
Kocak_MYCNamp|rand_119	3.697104946761285
Kocak_MYCNamp|rand_120	3.5991138018141364
Kocak_MYCNamp|rand_121	3.3724067832165328
Kocak_MYCNamp|rand_122	4.00070860817195
Kocak_MYCNamp|rand_123	3.551038821764304
Kocak_MYCNamp|rand_124	3.3500045452271667
Kocak_MYCNamp|rand_125	3.5928657009680776
Kocak_MYCNamp|rand_126	3.9249322957901365
Kocak_MYCNamp|rand_127	3.5321570893808056
Kocak_MYCNamp|rand_128	3.5648562952238323
Kocak_MYCNamp|rand_129	3.4239437112383877
Kocak_MYCNamp|rand_130	3.7824627818343863
Kocak_MYCNamp|rand_131	3.7151576583945727
Kocak_MYCNamp|rand_132	3.3853834221626364
Kocak_MYCNamp|rand_133	3.8400187612452212
Kocak_MYCNamp|rand_134	3.271258406356295
Kocak_MYCNamp|rand_135	3.5496598068123713
Kocak_MYCNamp|rand_136	3.691913527030312
Kocak_MYCNamp|rand_137	3.3974725311730687
Kocak_MYCNamp|rand_138	3.546256349672761
Kocak_MYCNamp|rand_139	3.783192761343015
Kocak_MYCNamp|rand_140	3.493686524213557
Kocak_MYCNamp|rand_141	3.5412174089508435
Kocak_MYCNamp|rand_142	3.6748962367998996
Kocak_MYCNamp|rand_143	3.6458922477445332
Kocak_MYCNamp|rand_144	3.6311310021686616
Kocak_MYCNamp|rand_145	3.408553089032012
Kocak_MYCNamp|rand_146	3.6820314029564316
Kocak_MYCNamp|rand_147	3.617709925177768
Kocak_MYCNamp|rand_148	3.562845349573563
Kocak_MYCNamp|rand_149	3.2989684139507722
Kocak_MYCNamp|rand_150	3.563693542185075
Kocak_MYCNamp|rand_151	3.18708504148673
Kocak_MYCNamp|rand_152	3.479899331919167
Kocak_MYCNamp|rand_153	3.4410747618106825
Kocak_MYCNamp|rand_154	3.5282119907530043
Kocak_MYCNamp|rand_155	3.7921690870720908
Kocak_MYCNamp|rand_156	3.8312770370822844
Kocak_MYCNamp|rand_157	3.4885942860067916
Kocak_MYCNamp|rand_158	3.6618449248548353
Kocak_MYCNamp|rand_159	3.370432709517709
Kocak_MYCNamp|rand_160	3.8348147938970967
Kocak_MYCNamp|rand_161	3.443301801876098
Kocak_MYCNamp|rand_162	3.435241050600942
Kocak_MYCNamp|rand_163	3.8194999457964647
Kocak_MYCNamp|rand_164	2.9670088399823302
Kocak_MYCNamp|rand_165	3.406215858130702
Kocak_MYCNamp|rand_166	3.910758693359797
Kocak_MYCNamp|rand_167	3.746722023308704
Kocak_MYCNamp|rand_168	3.561231189696862
Kocak_MYCNamp|rand_169	3.8456263383796636
Kocak_MYCNamp|rand_170	3.5684647730765575
Kocak_MYCNamp|rand_171	3.5125730610566093
Kocak_MYCNamp|rand_172	3.6483211829109745
Kocak_MYCNamp|rand_173	3.4682553968308785
Kocak_MYCNamp|rand_174	3.7150062203305017
Kocak_MYCNamp|rand_175	2.98770846787678
Kocak_MYCNamp|rand_176	3.8817292683389173
Kocak_MYCNamp|rand_177	3.4322335778485273
Kocak_MYCNamp|rand_178	3.581071901466654
Kocak_MYCNamp|rand_179	3.4995474302927896
Kocak_MYCNamp|rand_180	3.5412178066903235
Kocak_MYCNamp|rand_181	3.6839896678864927
Kocak_MYCNamp|rand_182	3.781975416260196
Kocak_MYCNamp|rand_183	3.8065848962080784
Kocak_MYCNamp|rand_184	3.6753154512077377
Kocak_MYCNamp|rand_185	3.657232560062667
Kocak_MYCNamp|rand_186	3.6521134252832397
Kocak_MYCNamp|rand_187	3.081137070794019
Kocak_MYCNamp|rand_188	3.6069836547792256
Kocak_MYCNamp|rand_189	3.5240117174182415
Kocak_MYCNamp|rand_190	3.419352757214164
Kocak_MYCNamp|rand_191	3.8090785824635454
Kocak_MYCNamp|rand_192	3.4517923526463923
Kocak_MYCNamp|rand_193	3.5613105843233734
Kocak_MYCNamp|rand_194	3.748747935559405
Kocak_MYCNamp|rand_195	3.6514825340956834
Kocak_MYCNamp|rand_196	3.4669209482560497
Kocak_MYCNamp|rand_197	3.4322820486530308
Kocak_MYCNamp|rand_198	3.775646189343012
Kocak_MYCNamp|rand_199	3.6902239041897666
Kocak_MYCNamp|rand_200	3.5720048134922244
Kocak_MYCNamp|rand_201	3.5597109225399
Kocak_MYCNamp|rand_202	3.808284797422799
Kocak_MYCNamp|rand_203	3.479576348750474
Kocak_MYCNamp|rand_204	3.4693505870696613
Kocak_MYCNamp|rand_205	3.18022284813266
Kocak_MYCNamp|rand_206	3.013388415323996
Kocak_MYCNamp|rand_207	3.4475666153419886
Kocak_MYCNamp|rand_208	3.5925004770413747
Kocak_MYCNamp|rand_209	3.5395085208683974
Kocak_MYCNamp|rand_210	3.6813859703060645
Kocak_MYCNamp|rand_211	3.3683738499133464
Kocak_MYCNamp|rand_212	3.527326032728922
Kocak_MYCNamp|rand_213	3.26674199814872
Kocak_MYCNamp|rand_214	3.624941208640526
Kocak_MYCNamp|rand_215	3.532088822944935
Kocak_MYCNamp|rand_216	3.8056678042855867
Kocak_MYCNamp|rand_217	3.7329825495048605
Kocak_MYCNamp|rand_218	3.723300932314261
Kocak_MYCNamp|rand_219	3.4493277233197177
Kocak_MYCNamp|rand_220	3.179537782594591
Kocak_MYCNamp|rand_221	3.6029317291231697
Kocak_MYCNamp|rand_222	3.5747267909175298
Kocak_MYCNamp|rand_223	3.5332798525583367
Kocak_MYCNamp|rand_224	3.298650224035018
Kocak_MYCNamp|rand_225	3.523705919297946
Kocak_MYCNamp|rand_226	3.5178325856525805
Kocak_MYCNamp|rand_227	3.7480207205212546
Kocak_MYCNamp|rand_228	3.6340036894813013
Kocak_MYCNamp|rand_229	3.3629004762338237
Kocak_MYCNamp|rand_230	3.8113906628893433
Kocak_MYCNamp|rand_231	3.476047150040414
Kocak_MYCNamp|rand_232	3.436383898537039
Kocak_MYCNamp|rand_233	3.640012860880717
Kocak_MYCNamp|rand_234	3.677486432248836
Kocak_MYCNamp|rand_235	3.800765824895866
Kocak_MYCNamp|rand_236	3.3568779624091416
Kocak_MYCNamp|rand_237	3.3975973525315712
Kocak_MYCNamp|rand_238	3.3502547813681782
Kocak_MYCNamp|rand_239	3.3813522155733646
Kocak_MYCNamp|rand_240	3.5628595656383326
Kocak_MYCNamp|rand_241	3.0078195986092595
Kocak_MYCNamp|rand_242	3.641304607592687
Kocak_MYCNamp|rand_243	3.7358429087465455
Kocak_MYCNamp|rand_244	3.9128175757585892
Kocak_MYCNamp|rand_245	3.2076258562593605
Kocak_MYCNamp|rand_246	3.5958887003041116
Kocak_MYCNamp|rand_247	3.506511534973252
Kocak_MYCNamp|rand_248	3.609516659444826
Kocak_MYCNamp|rand_249	3.3709222024153034
Kocak_MYCNamp|rand_250	3.774973697175367
Kocak_MYCNamp|rand_251	3.3319337013021024
Kocak_MYCNamp|rand_252	3.9662917966832807
Kocak_MYCNamp|rand_253	3.777949182908389
Kocak_MYCNamp|rand_254	3.792756307019622
Kocak_MYCNamp|rand_255	3.2109039785590237
Kocak_MYCNamp|rand_256	3.866353502866996
Kocak_MYCNamp|rand_257	3.1245877117400847
Kocak_MYCNamp|rand_258	3.5691674318909703
Kocak_MYCNamp|rand_259	3.2491666235419068
Kocak_MYCNamp|rand_260	3.598292654942058
Kocak_MYCNamp|rand_261	3.5205013982777653
Kocak_MYCNamp|rand_262	3.692949771304386
Kocak_MYCNamp|rand_263	3.546254521523633
Kocak_MYCNamp|rand_264	3.304055011923933
Kocak_MYCNamp|rand_265	3.498995388782948
Kocak_MYCNamp|rand_266	3.659171912308956
Kocak_MYCNamp|rand_267	3.6348883024249017
Kocak_MYCNamp|rand_268	3.826639086791555
Kocak_MYCNamp|rand_269	3.6936647614063425
Kocak_MYCNamp|rand_270	3.5657957866217935
Kocak_MYCNamp|rand_271	3.699305206050303
Kocak_MYCNamp|rand_272	3.567022202117987
Kocak_MYCNamp|rand_273	3.6789349219878438
Kocak_MYCNamp|rand_274	3.7242961067230294
Kocak_MYCNamp|rand_275	3.7423044394588176
Kocak_MYCNamp|rand_276	3.341193686869085
Kocak_MYCNamp|rand_277	3.8997772637153867
Kocak_MYCNamp|rand_278	3.786003370961425
Kocak_MYCNamp|rand_279	3.7961763385998863
Kocak_MYCNamp|rand_280	3.0762086987743036
Kocak_MYCNamp|rand_281	3.58689597846447
Kocak_MYCNamp|rand_282	4.025524753573561
Kocak_MYCNamp|rand_283	3.487932462651031
Kocak_MYCNamp|rand_284	3.682978502409927
Kocak_MYCNamp|rand_285	3.4071119999403208
Kocak_MYCNamp|rand_286	3.649427102733841
Kocak_MYCNamp|rand_287	3.871423740175008
Kocak_MYCNamp|rand_288	3.3346419363618156
Kocak_MYCNamp|rand_289	3.4062753312958294
Kocak_MYCNamp|rand_290	3.8594457697912032
Kocak_MYCNamp|rand_291	3.082396529648564
Kocak_MYCNamp|rand_292	3.386067904544007
Kocak_MYCNamp|rand_293	3.654687468435667
Kocak_MYCNamp|rand_294	4.086462427028461
Kocak_MYCNamp|rand_295	3.6240926068998136
Kocak_MYCNamp|rand_296	3.6165175620532
Kocak_MYCNamp|rand_297	3.3161415736108375
Kocak_MYCNamp|rand_298	3.508281465916795
Kocak_MYCNamp|rand_299	3.5125160972511673
Kocak_MYCNamp|rand_300	3.7687037323000694
Kocak_MYCNamp|rand_301	3.6847184489421063
Kocak_MYCNamp|rand_302	3.6259959210825747
Kocak_MYCNamp|rand_303	3.5318425872740136
Kocak_MYCNamp|rand_304	3.526249473542129
Kocak_MYCNamp|rand_305	3.752210674026045
Kocak_MYCNamp|rand_306	3.4959605338760684
Kocak_MYCNamp|rand_307	3.846879791394368
Kocak_MYCNamp|rand_308	3.564823145278841
Kocak_MYCNamp|rand_309	3.757680528560866
Kocak_MYCNamp|rand_310	3.5184661580240215
Kocak_MYCNamp|rand_311	3.215228205480694
Kocak_MYCNamp|rand_312	3.057456454676145
Kocak_MYCNamp|rand_313	3.329828195198856
Kocak_MYCNamp|rand_314	3.735709707871122
Kocak_MYCNamp|rand_315	3.270503152408542
Kocak_MYCNamp|rand_316	3.6063768180477713
Kocak_MYCNamp|rand_317	3.8773427807264316
Kocak_MYCNamp|rand_318	3.490705413051714
Kocak_MYCNamp|rand_319	3.5151493020368085
Kocak_MYCNamp|rand_320	3.4933976033380323
Kocak_MYCNamp|rand_321	3.3151619276801254
Kocak_MYCNamp|rand_322	3.6757880225584394
Kocak_MYCNamp|rand_323	3.4609504869838936
Kocak_MYCNamp|rand_324	3.6614422862080835
Kocak_MYCNamp|rand_325	3.1732401271807107
Kocak_MYCNamp|rand_326	3.5740569144878274
Kocak_MYCNamp|rand_327	3.7915705846993606
Kocak_MYCNamp|rand_328	3.6750891925929063
Kocak_MYCNamp|rand_329	3.891334690486718
Kocak_MYCNamp|rand_330	3.3471346870601884
Kocak_MYCNamp|rand_331	3.718954319041013
Kocak_MYCNamp|rand_332	2.9836764088737078
Kocak_MYCNamp|rand_333	3.442183488574732
Kocak_MYCNamp|rand_334	3.660201341770597
Kocak_MYCNamp|rand_335	4.065774828619247
Kocak_MYCNamp|rand_336	3.449952695594023
Kocak_MYCNamp|rand_337	3.703163560517736
Kocak_MYCNamp|rand_338	3.398513359833838
Kocak_MYCNamp|rand_339	3.8802608078566583
Kocak_MYCNamp|rand_340	3.4096727404910823
Kocak_MYCNamp|rand_341	4.0395367488891925
Kocak_MYCNamp|rand_342	3.4840906485997905
Kocak_MYCNamp|rand_343	3.7951167959820977
Kocak_MYCNamp|rand_344	4.059454490106277
Kocak_MYCNamp|rand_345	3.650284075836218
Kocak_MYCNamp|rand_346	3.2761484869994657
Kocak_MYCNamp|rand_347	3.6271780936198157
Kocak_MYCNamp|rand_348	3.7698616165578076
Kocak_MYCNamp|rand_349	3.5687933865733084
Kocak_MYCNamp|rand_350	3.3750885866683635
Kocak_MYCNamp|rand_351	3.8809604165528917
Kocak_MYCNamp|rand_352	3.3573411814469423
Kocak_MYCNamp|rand_353	3.62076176743926
Kocak_MYCNamp|rand_354	3.0944368690957753
Kocak_MYCNamp|rand_355	3.2438450141877926
Kocak_MYCNamp|rand_356	3.1255001779214435
Kocak_MYCNamp|rand_357	3.2032799759825736
Kocak_MYCNamp|rand_358	3.789125940562683
Kocak_MYCNamp|rand_359	3.8318286740552305
Kocak_MYCNamp|rand_360	3.5955270374080617
Kocak_MYCNamp|rand_361	3.6764133625441495
Kocak_MYCNamp|rand_362	3.444907753867112
Kocak_MYCNamp|rand_363	3.6711551186189544
Kocak_MYCNamp|rand_364	3.4976751757856475
Kocak_MYCNamp|rand_365	4.084644791463684
Kocak_MYCNamp|rand_366	3.529898562381727
Kocak_MYCNamp|rand_367	3.069967152124451
Kocak_MYCNamp|rand_368	3.0919025729120913
Kocak_MYCNamp|rand_369	3.29062347768146
Kocak_MYCNamp|rand_370	3.447959264165503
Kocak_MYCNamp|rand_371	3.0556881372945734
Kocak_MYCNamp|rand_372	3.6464625440905674
Kocak_MYCNamp|rand_373	3.750006112353955
Kocak_MYCNamp|rand_374	3.7706473851970537
Kocak_MYCNamp|rand_375	3.1432315940950892
Kocak_MYCNamp|rand_376	3.803297539894129
Kocak_MYCNamp|rand_377	3.4733874055622924
Kocak_MYCNamp|rand_378	3.2120961523705427
Kocak_MYCNamp|rand_379	3.638966087191894
Kocak_MYCNamp|rand_380	3.560594601731557
Kocak_MYCNamp|rand_381	3.6511371400983545
Kocak_MYCNamp|rand_382	3.3597271805567903
Kocak_MYCNamp|rand_383	3.8506345853732378
Kocak_MYCNamp|rand_384	3.74976241709989
Kocak_MYCNamp|rand_385	3.937019081833729
Kocak_MYCNamp|rand_386	3.804640357340601
Kocak_MYCNamp|rand_387	3.385636421158395
Kocak_MYCNamp|rand_388	3.7625313602781354
Kocak_MYCNamp|rand_389	3.8502287168999576
Kocak_MYCNamp|rand_390	3.332898067756282
Kocak_MYCNamp|rand_391	2.8317231334285116
Kocak_MYCNamp|rand_392	3.6530043264407346
Kocak_MYCNamp|rand_393	3.449633063161977
Kocak_MYCNamp|rand_394	3.4896966839034924
Kocak_MYCNamp|rand_395	3.4509198486677257
Kocak_MYCNamp|rand_396	3.114297822059782
Kocak_MYCNamp|rand_397	3.5178255000576337
Kocak_MYCNamp|rand_398	3.689992635930223
Kocak_MYCNamp|rand_399	3.5766722921001
Kocak_MYCNamp|rand_400	3.1809184212112234
Kocak_MYCNamp|rand_401	3.5623517319276945
Kocak_MYCNamp|rand_402	3.8835003457437516
Kocak_MYCNamp|rand_403	3.4661472869862258
Kocak_MYCNamp|rand_404	3.8532254143197826
Kocak_MYCNamp|rand_405	3.5779443897428718
Kocak_MYCNamp|rand_406	3.66259784770553
Kocak_MYCNamp|rand_407	3.386735664705667
Kocak_MYCNamp|rand_408	3.4345227427297598
Kocak_MYCNamp|rand_409	3.636231849967911
Kocak_MYCNamp|rand_410	3.630875727767406
Kocak_MYCNamp|rand_411	3.5518120002260853
Kocak_MYCNamp|rand_412	3.5505122887552005
Kocak_MYCNamp|rand_413	3.5761625468056946
Kocak_MYCNamp|rand_414	3.4031051603025904
Kocak_MYCNamp|rand_415	3.591656252620974
Kocak_MYCNamp|rand_416	3.729386424152998
Kocak_MYCNamp|rand_417	3.4482225576361976
Kocak_MYCNamp|rand_418	3.1901110198599607
Kocak_MYCNamp|rand_419	3.52793093377514
Kocak_MYCNamp|rand_420	3.5585825120068413
Kocak_MYCNamp|rand_421	3.6691555880848847
Kocak_MYCNamp|rand_422	3.532720440334645
Kocak_MYCNamp|rand_423	3.8370863475932686
Kocak_MYCNamp|rand_424	3.2464724464822043
Kocak_MYCNamp|rand_425	3.2086404418750836
Kocak_MYCNamp|rand_426	3.2549652601235346
Kocak_MYCNamp|rand_427	3.7458479196878756
Kocak_MYCNamp|rand_428	3.738163130206472
Kocak_MYCNamp|rand_429	3.4236955786847294
Kocak_MYCNamp|rand_430	3.6488040269471336
Kocak_MYCNamp|rand_431	3.7335390519926612
Kocak_MYCNamp|rand_432	3.462649161958196
Kocak_MYCNamp|rand_433	3.249775860849204
Kocak_MYCNamp|rand_434	3.050959613717866
Kocak_MYCNamp|rand_435	3.3052173376632927
Kocak_MYCNamp|rand_436	3.545118387037026
Kocak_MYCNamp|rand_437	3.8882600610493143
Kocak_MYCNamp|rand_438	3.7721437085417007
Kocak_MYCNamp|rand_439	3.6047496909241543
Kocak_MYCNamp|rand_440	3.8302300359021584
Kocak_MYCNamp|rand_441	3.726126550912944
Kocak_MYCNamp|rand_442	3.6240950943162593
Kocak_MYCNamp|rand_443	3.6245081959355043
Kocak_MYCNamp|rand_444	3.7909002342690283
Kocak_MYCNamp|rand_445	3.572333567896342
Kocak_MYCNamp|rand_446	3.6685294559040047
Kocak_MYCNamp|rand_447	3.668918255148294
Kocak_MYCNamp|rand_448	3.8386147300752387
Kocak_MYCNamp|rand_449	3.511950493778077
Kocak_MYCNamp|rand_450	3.4590721109188145
Kocak_MYCNamp|rand_451	3.5541949405458726
Kocak_MYCNamp|rand_452	3.6884487678247746
Kocak_MYCNamp|rand_453	3.89271698782159
Kocak_MYCNamp|rand_454	3.6827220333415114
Kocak_MYCNamp|rand_455	3.447140901674411
Kocak_MYCNamp|rand_456	3.459585730588683
Kocak_MYCNamp|rand_457	3.086461568705355
Kocak_MYCNamp|rand_458	3.584206096316046
Kocak_MYCNamp|rand_459	3.664264531279769
Kocak_MYCNamp|rand_460	3.6815794214692397
Kocak_MYCNamp|rand_461	3.1643474873882385
Kocak_MYCNamp|rand_462	3.402369540922082
Kocak_MYCNamp|rand_463	3.241634107098853
Kocak_MYCNamp|rand_464	3.3782281384155906
Kocak_MYCNamp|rand_465	3.721388098966657
Kocak_MYCNamp|rand_466	3.289398306000062
Kocak_MYCNamp|rand_467	3.5052689382220983
Kocak_MYCNamp|rand_468	3.637774266870234
Kocak_MYCNamp|rand_469	3.412559936951906
Kocak_MYCNamp|rand_470	3.1379319744810226
Kocak_MYCNamp|rand_471	3.959702672366548
Kocak_MYCNamp|rand_472	3.362914784019833
Kocak_MYCNamp|rand_473	3.694955624920396
Kocak_MYCNamp|rand_474	3.861346211490871
Kocak_MYCNamp|rand_475	3.583258535848199
Kocak_MYCNamp|rand_476	3.441237369187574
Kocak_MYCNamp|rand_477	3.469759115840997
Kocak_MYCNamp|rand_478	3.5400094869958214
Kocak_MYCNamp|rand_479	3.250670855916352
Kocak_MYCNamp|rand_480	3.4094813860423883
Kocak_MYCNamp|rand_481	3.88179489248641
Kocak_MYCNamp|rand_482	3.5710864952402686
Kocak_MYCNamp|rand_483	3.5090582694102195
Kocak_MYCNamp|rand_484	3.2714264613696256
Kocak_MYCNamp|rand_485	3.773099119991984
Kocak_MYCNamp|rand_486	3.356821307247802
Kocak_MYCNamp|rand_487	3.406408694741341
Kocak_MYCNamp|rand_488	3.6108896410991784
Kocak_MYCNamp|rand_489	3.5401877935315933
Kocak_MYCNamp|rand_490	3.312610818218025
Kocak_MYCNamp|rand_491	3.548395503510522
Kocak_MYCNamp|rand_492	3.8971137417777193
Kocak_MYCNamp|rand_493	3.427729537566658
Kocak_MYCNamp|rand_494	3.652913059022279
Kocak_MYCNamp|rand_495	3.3228072966261695
Kocak_MYCNamp|rand_496	3.1497442031377547
Kocak_MYCNamp|rand_497	3.417825018458247
Kocak_MYCNamp|rand_498	3.681454320909361
Kocak_MYCNamp|rand_499	4.057218503011743
Kocak_MYCNamp|rand_500	3.763396424228786
Kocak_MYCNamp|rand_501	3.686481411230096
Kocak_MYCNamp|rand_502	3.8889980418306105
Kocak_MYCNamp|rand_503	3.460372593836723
Kocak_MYCNamp|rand_504	3.769555217897677
Kocak_MYCNamp|rand_505	3.6613382698097174
Kocak_MYCNamp|rand_506	3.5135608924959163
Kocak_MYCNamp|rand_507	3.3592287399381098
Kocak_MYCNamp|rand_508	3.7186436954114774
Kocak_MYCNamp|rand_509	3.7926018983374927
Kocak_MYCNamp|rand_510	3.6701198724030517
Kocak_MYCNamp|rand_511	3.4130392067649007
Kocak_MYCNamp|rand_512	3.4513315224373726
Kocak_MYCNamp|rand_513	3.482602228235963
Kocak_MYCNamp|rand_514	3.678330064688672
Kocak_MYCNamp|rand_515	3.481726345473068
Kocak_MYCNamp|rand_516	3.462327268245583
Kocak_MYCNamp|rand_517	3.4199515244210663
Kocak_MYCNamp|rand_518	3.35480703940273
Kocak_MYCNamp|rand_519	3.727496719930983
Kocak_MYCNamp|rand_520	3.186293757391987
Kocak_MYCNamp|rand_521	3.226637094404571
Kocak_MYCNamp|rand_522	3.810471057041507
Kocak_MYCNamp|rand_523	3.8270210070159454
Kocak_MYCNamp|rand_524	3.3950107881294738
Kocak_MYCNamp|rand_525	3.5086502596859512
Kocak_MYCNamp|rand_526	3.5916876972965706
Kocak_MYCNamp|rand_527	3.9135438815938244
Kocak_MYCNamp|rand_528	3.2582302941738885
Kocak_MYCNamp|rand_529	3.726414720313338
Kocak_MYCNamp|rand_530	3.5430898442553227
Kocak_MYCNamp|rand_531	3.5392764948335116
Kocak_MYCNamp|rand_532	3.8166448759966047
Kocak_MYCNamp|rand_533	3.657070798311235
Kocak_MYCNamp|rand_534	3.442438275041608
Kocak_MYCNamp|rand_535	3.604007734849647
Kocak_MYCNamp|rand_536	3.769198059037732
Kocak_MYCNamp|rand_537	3.248657989425438
Kocak_MYCNamp|rand_538	3.5081016894574426
Kocak_MYCNamp|rand_539	3.177444963013018
Kocak_MYCNamp|rand_540	3.4840874663665975
Kocak_MYCNamp|rand_541	3.3511186440516663
Kocak_MYCNamp|rand_542	3.38270317464593
Kocak_MYCNamp|rand_543	3.5171895768411825
Kocak_MYCNamp|rand_544	3.720412866011048
Kocak_MYCNamp|rand_545	3.263121947231013
Kocak_MYCNamp|rand_546	3.329511246992415
Kocak_MYCNamp|rand_547	3.4743682857485445
Kocak_MYCNamp|rand_548	3.328493773765365
Kocak_MYCNamp|rand_549	3.433213936357274
Kocak_MYCNamp|rand_550	3.229208816927178
Kocak_MYCNamp|rand_551	3.244279871696116
Kocak_MYCNamp|rand_552	3.389581705461319
Kocak_MYCNamp|rand_553	3.6290974162905387
Kocak_MYCNamp|rand_554	3.7776812707277903
Kocak_MYCNamp|rand_555	3.449388801182071
Kocak_MYCNamp|rand_556	3.58458631371454
Kocak_MYCNamp|rand_557	3.927743393588863
Kocak_MYCNamp|rand_558	3.597079854222795
Kocak_MYCNamp|rand_559	3.905695008046479
Kocak_MYCNamp|rand_560	3.4634765301228234
Kocak_MYCNamp|rand_561	3.800238829116325
Kocak_MYCNamp|rand_562	3.629283071919382
Kocak_MYCNamp|rand_563	3.6745496681630847
Kocak_MYCNamp|rand_564	3.7026139667805307
Kocak_MYCNamp|rand_565	3.849551635987848
Kocak_MYCNamp|rand_566	3.238243759291331
Kocak_MYCNamp|rand_567	3.8315672077989946
Kocak_MYCNamp|rand_568	3.476874252832681
Kocak_MYCNamp|rand_569	3.6330582399366858
Kocak_MYCNamp|rand_570	3.636986554974167
Kocak_MYCNamp|rand_571	3.5292844118806346
Kocak_MYCNamp|rand_572	3.6982214928158976
Kocak_MYCNamp|rand_573	3.622294100249264
Kocak_MYCNamp|rand_574	3.5083972292859302
Kocak_MYCNamp|rand_575	3.6795610813269937
Kocak_MYCNamp|rand_576	3.6799414089691056
Kocak_MYCNamp|rand_577	3.3811811150607696
Kocak_MYCNamp|rand_578	3.2390799371999894
Kocak_MYCNamp|rand_579	3.7854480368863537
Kocak_MYCNamp|rand_580	3.47769664760158
Kocak_MYCNamp|rand_581	3.9123876274853346
Kocak_MYCNamp|rand_582	3.814625286504733
Kocak_MYCNamp|rand_583	3.671253225666853
Kocak_MYCNamp|rand_584	3.8483639876930864
Kocak_MYCNamp|rand_585	3.7356726553799575
Kocak_MYCNamp|rand_586	3.410786391150918
Kocak_MYCNamp|rand_587	3.649642077396165
Kocak_MYCNamp|rand_588	3.7508034984274095
Kocak_MYCNamp|rand_589	3.206418655110607
Kocak_MYCNamp|rand_590	3.7138595461352475
Kocak_MYCNamp|rand_591	3.174589121066401
Kocak_MYCNamp|rand_592	3.3329415666289326
Kocak_MYCNamp|rand_593	3.517590013359559
Kocak_MYCNamp|rand_594	3.6240244799484733
Kocak_MYCNamp|rand_595	3.4348350049637184
Kocak_MYCNamp|rand_596	3.7774840469597684
Kocak_MYCNamp|rand_597	3.4826088770216415
Kocak_MYCNamp|rand_598	3.5219426877345796
Kocak_MYCNamp|rand_599	3.459766648320926
Kocak_MYCNamp|rand_600	3.587383489182993
Kocak_MYCNamp|rand_601	3.823911292152506
Kocak_MYCNamp|rand_602	3.7646863640328765
Kocak_MYCNamp|rand_603	3.3613923310761438
Kocak_MYCNamp|rand_604	3.748719127147009
Kocak_MYCNamp|rand_605	3.4520160124542216
Kocak_MYCNamp|rand_606	3.3586006597111204
Kocak_MYCNamp|rand_607	3.49419926933437
Kocak_MYCNamp|rand_608	3.235972424107614
Kocak_MYCNamp|rand_609	3.616055384546497
Kocak_MYCNamp|rand_610	3.5654591696956714
Kocak_MYCNamp|rand_611	3.677615481576373
Kocak_MYCNamp|rand_612	2.9826206271992315
Kocak_MYCNamp|rand_613	3.516668622098561
Kocak_MYCNamp|rand_614	3.181576202481182
Kocak_MYCNamp|rand_615	3.3479366019275627
Kocak_MYCNamp|rand_616	3.648922896713391
Kocak_MYCNamp|rand_617	3.140633708841301
Kocak_MYCNamp|rand_618	3.3700358097999175
Kocak_MYCNamp|rand_619	3.796330761429252
Kocak_MYCNamp|rand_620	3.612024587718281
Kocak_MYCNamp|rand_621	3.5481804556862535
Kocak_MYCNamp|rand_622	3.564776752091219
Kocak_MYCNamp|rand_623	3.30434154030971
Kocak_MYCNamp|rand_624	3.1935281212992463
Kocak_MYCNamp|rand_625	3.7005995423806146
Kocak_MYCNamp|rand_626	3.7217288152260046
Kocak_MYCNamp|rand_627	3.7905466732161117
Kocak_MYCNamp|rand_628	3.655455828106591
Kocak_MYCNamp|rand_629	3.7861057030112426
Kocak_MYCNamp|rand_630	3.971633526008186
Kocak_MYCNamp|rand_631	3.5511796592569143
Kocak_MYCNamp|rand_632	3.691982434071589
Kocak_MYCNamp|rand_633	3.469807036517946
Kocak_MYCNamp|rand_634	3.1660722195611903
Kocak_MYCNamp|rand_635	3.4580643603743724
Kocak_MYCNamp|rand_636	3.484312118926242
Kocak_MYCNamp|rand_637	3.3784261961113033
Kocak_MYCNamp|rand_638	3.337321763901313
Kocak_MYCNamp|rand_639	3.293825179170371
Kocak_MYCNamp|rand_640	3.2166962734178224
Kocak_MYCNamp|rand_641	3.4985706522032074
Kocak_MYCNamp|rand_642	3.8202834686883427
Kocak_MYCNamp|rand_643	3.851777555527706
Kocak_MYCNamp|rand_644	3.554077985253162
Kocak_MYCNamp|rand_645	3.5448043011086168
Kocak_MYCNamp|rand_646	3.5068895306607857
Kocak_MYCNamp|rand_647	3.5037485262916435
Kocak_MYCNamp|rand_648	3.777534886802263
Kocak_MYCNamp|rand_649	3.6181595331491225
Kocak_MYCNamp|rand_650	3.3025547347284823
Kocak_MYCNamp|rand_651	3.548832828831974
Kocak_MYCNamp|rand_652	3.389310538059031
Kocak_MYCNamp|rand_653	3.6045032662288508
Kocak_MYCNamp|rand_654	4.010614241919014
Kocak_MYCNamp|rand_655	3.686121465478332
Kocak_MYCNamp|rand_656	3.849063061272056
Kocak_MYCNamp|rand_657	3.46466443889888
Kocak_MYCNamp|rand_658	3.5717465172370066
Kocak_MYCNamp|rand_659	3.35053583213702
Kocak_MYCNamp|rand_660	3.320448474095672
Kocak_MYCNamp|rand_661	3.6872192849231755
Kocak_MYCNamp|rand_662	3.828494502328238
Kocak_MYCNamp|rand_663	3.709045471303702
Kocak_MYCNamp|rand_664	3.8181288466256453
Kocak_MYCNamp|rand_665	3.683710182782355
Kocak_MYCNamp|rand_666	3.3085166887443687
Kocak_MYCNamp|rand_667	3.631312797854064
Kocak_MYCNamp|rand_668	3.4508806843018616
Kocak_MYCNamp|rand_669	3.676512788510323
Kocak_MYCNamp|rand_670	3.341817231061278
Kocak_MYCNamp|rand_671	3.5596131433031752
Kocak_MYCNamp|rand_672	3.8671553589831027
Kocak_MYCNamp|rand_673	3.7999158539459117
Kocak_MYCNamp|rand_674	3.5399012701152794
Kocak_MYCNamp|rand_675	3.479399294837234
Kocak_MYCNamp|rand_676	3.7108331862310764
Kocak_MYCNamp|rand_677	3.4381144551717
Kocak_MYCNamp|rand_678	3.648636836360377
Kocak_MYCNamp|rand_679	3.7953934399621057
Kocak_MYCNamp|rand_680	3.4549008831543353
Kocak_MYCNamp|rand_681	3.860854337922712
Kocak_MYCNamp|rand_682	2.8186240290758544
Kocak_MYCNamp|rand_683	3.7768628520239975
Kocak_MYCNamp|rand_684	3.460263616725797
Kocak_MYCNamp|rand_685	3.7711022885514156
Kocak_MYCNamp|rand_686	3.46306985653449
Kocak_MYCNamp|rand_687	3.8520532513806507
Kocak_MYCNamp|rand_688	2.829843990569392
Kocak_MYCNamp|rand_689	3.673838819373236
Kocak_MYCNamp|rand_690	3.5634423177848706
Kocak_MYCNamp|rand_691	3.7088111570452913
Kocak_MYCNamp|rand_692	3.59896331035081
Kocak_MYCNamp|rand_693	3.4312126974483395
Kocak_MYCNamp|rand_694	3.493990659424586
Kocak_MYCNamp|rand_695	3.610950337277047
Kocak_MYCNamp|rand_696	3.9307404252198466
Kocak_MYCNamp|rand_697	3.5301717409895716
Kocak_MYCNamp|rand_698	3.4495654929140547
Kocak_MYCNamp|rand_699	3.4273734787905994
Kocak_MYCNamp|rand_700	3.7895008390310743
Kocak_MYCNamp|rand_701	3.814170666434541
Kocak_MYCNamp|rand_702	3.1970069294340915
Kocak_MYCNamp|rand_703	3.6407493403300313
Kocak_MYCNamp|rand_704	3.208887527245314
Kocak_MYCNamp|rand_705	3.5362549813276543
Kocak_MYCNamp|rand_706	3.6531406634447494
Kocak_MYCNamp|rand_707	3.784666479417113
Kocak_MYCNamp|rand_708	3.6185224056898306
Kocak_MYCNamp|rand_709	3.640783705650477
Kocak_MYCNamp|rand_710	3.4849865976892813
Kocak_MYCNamp|rand_711	3.9105776703969557
Kocak_MYCNamp|rand_712	3.501843533348183
Kocak_MYCNamp|rand_713	3.7852388609162437
Kocak_MYCNamp|rand_714	3.6612447898032983
Kocak_MYCNamp|rand_715	3.5507994520171264
Kocak_MYCNamp|rand_716	3.7523139940046666
Kocak_MYCNamp|rand_717	3.7407909975479354
Kocak_MYCNamp|rand_718	3.471724990678222
Kocak_MYCNamp|rand_719	3.62144487385024
Kocak_MYCNamp|rand_720	3.3390732612899563
Kocak_MYCNamp|rand_721	3.3715038174474463
Kocak_MYCNamp|rand_722	3.8053853106249034
Kocak_MYCNamp|rand_723	3.661738725507666
Kocak_MYCNamp|rand_724	3.6494139816775055
Kocak_MYCNamp|rand_725	3.8188753310958328
Kocak_MYCNamp|rand_726	3.6477316780186593
Kocak_MYCNamp|rand_727	3.8794601012245367
Kocak_MYCNamp|rand_728	3.6298972881979217
Kocak_MYCNamp|rand_729	3.464618336594222
Kocak_MYCNamp|rand_730	3.786347463940279
Kocak_MYCNamp|rand_731	3.587231253753478
Kocak_MYCNamp|rand_732	3.720291765123017
Kocak_MYCNamp|rand_733	3.7444784429546716
Kocak_MYCNamp|rand_734	3.6925784660413647
Kocak_MYCNamp|rand_735	3.6799664601955504
Kocak_MYCNamp|rand_736	3.629266349903562
Kocak_MYCNamp|rand_737	3.4925982500498547
Kocak_MYCNamp|rand_738	3.981080235475457
Kocak_MYCNamp|rand_739	3.604250026881935
Kocak_MYCNamp|rand_740	3.553168546102717
Kocak_MYCNamp|rand_741	3.656854786994906
Kocak_MYCNamp|rand_742	3.658143070093322
Kocak_MYCNamp|rand_743	3.546931263231527
Kocak_MYCNamp|rand_744	3.5499100562881987
Kocak_MYCNamp|rand_745	4.009711486984699
Kocak_MYCNamp|rand_746	3.6100448005215138
Kocak_MYCNamp|rand_747	3.6201780874729876
Kocak_MYCNamp|rand_748	3.6233013129214915
Kocak_MYCNamp|rand_749	3.412585594104725
Kocak_MYCNamp|rand_750	3.409823363674839
Kocak_MYCNamp|rand_751	3.7056381468362254
Kocak_MYCNamp|rand_752	3.99772812158827
Kocak_MYCNamp|rand_753	3.493545865775455
Kocak_MYCNamp|rand_754	3.5688422301099916
Kocak_MYCNamp|rand_755	3.389808784194489
Kocak_MYCNamp|rand_756	3.651226321424691
Kocak_MYCNamp|rand_757	3.6076381728520532
Kocak_MYCNamp|rand_758	3.7962955090111077
Kocak_MYCNamp|rand_759	3.586693590807384
Kocak_MYCNamp|rand_760	3.688441749629407
Kocak_MYCNamp|rand_761	3.2457883485984937
Kocak_MYCNamp|rand_762	3.078115840180775
Kocak_MYCNamp|rand_763	3.6119662025661934
Kocak_MYCNamp|rand_764	3.4587143528729447
Kocak_MYCNamp|rand_765	3.5697621482954567
Kocak_MYCNamp|rand_766	3.1920681057541898
Kocak_MYCNamp|rand_767	3.3630387330613813
Kocak_MYCNamp|rand_768	3.527365702956237
Kocak_MYCNamp|rand_769	3.67227152820544
Kocak_MYCNamp|rand_770	3.5533093153644213
Kocak_MYCNamp|rand_771	3.1999195064696657
Kocak_MYCNamp|rand_772	3.558551480115729
Kocak_MYCNamp|rand_773	3.592647207078939
Kocak_MYCNamp|rand_774	3.7757194470467943
Kocak_MYCNamp|rand_775	3.4240423750934137
Kocak_MYCNamp|rand_776	3.4533416855932426
Kocak_MYCNamp|rand_777	3.534665704324422
Kocak_MYCNamp|rand_778	3.9031234249847127
Kocak_MYCNamp|rand_779	3.459689727540168
Kocak_MYCNamp|rand_780	3.503456037025296
Kocak_MYCNamp|rand_781	3.4615130827109812
Kocak_MYCNamp|rand_782	3.6701267157073603
Kocak_MYCNamp|rand_783	3.534855591160512
Kocak_MYCNamp|rand_784	3.3056635694421113
Kocak_MYCNamp|rand_785	3.52044705276649
Kocak_MYCNamp|rand_786	3.3647305358849406
Kocak_MYCNamp|rand_787	3.462007359623755
Kocak_MYCNamp|rand_788	3.9253484203600193
Kocak_MYCNamp|rand_789	3.443318538180046
Kocak_MYCNamp|rand_790	3.639488415049395
Kocak_MYCNamp|rand_791	3.840130235198819
Kocak_MYCNamp|rand_792	3.6205811747961083
Kocak_MYCNamp|rand_793	3.1996078267380454
Kocak_MYCNamp|rand_794	3.6720536275551146
Kocak_MYCNamp|rand_795	3.7888101884924636
Kocak_MYCNamp|rand_796	3.534723297792292
Kocak_MYCNamp|rand_797	3.527866736792995
Kocak_MYCNamp|rand_798	3.7260220266439443
Kocak_MYCNamp|rand_799	3.6945694752826914
Kocak_MYCNamp|rand_800	3.5981827598312455
Kocak_MYCNamp|rand_801	3.2047531149580077
Kocak_MYCNamp|rand_802	3.457118962997726
Kocak_MYCNamp|rand_803	3.4579751326426225
Kocak_MYCNamp|rand_804	3.7360836251165326
Kocak_MYCNamp|rand_805	3.511581808501743
Kocak_MYCNamp|rand_806	3.579836548791841
Kocak_MYCNamp|rand_807	3.7090288186592244
Kocak_MYCNamp|rand_808	3.4402460978986285
Kocak_MYCNamp|rand_809	3.684532929805431
Kocak_MYCNamp|rand_810	3.4524275786240994
Kocak_MYCNamp|rand_811	3.6687598735297198
Kocak_MYCNamp|rand_812	3.8265890301499077
Kocak_MYCNamp|rand_813	3.517755620180645
Kocak_MYCNamp|rand_814	3.404123996979351
Kocak_MYCNamp|rand_815	3.7016119042016413
Kocak_MYCNamp|rand_816	3.5627626749621695
Kocak_MYCNamp|rand_817	3.585989180619058
Kocak_MYCNamp|rand_818	3.7987912308978657
Kocak_MYCNamp|rand_819	3.6884564225182417
Kocak_MYCNamp|rand_820	3.8133880118985193
Kocak_MYCNamp|rand_821	3.50306910285108
Kocak_MYCNamp|rand_822	3.7184934116349515
Kocak_MYCNamp|rand_823	3.6391606884533747
Kocak_MYCNamp|rand_824	3.9075480380658147
Kocak_MYCNamp|rand_825	3.7135033812666927
Kocak_MYCNamp|rand_826	3.5667703509753466
Kocak_MYCNamp|rand_827	3.6119803125839156
Kocak_MYCNamp|rand_828	2.946572058126933
Kocak_MYCNamp|rand_829	3.4448577756469896
Kocak_MYCNamp|rand_830	3.359278505756388
Kocak_MYCNamp|rand_831	3.0697289321782573
Kocak_MYCNamp|rand_832	3.644685448252755
Kocak_MYCNamp|rand_833	3.5586747538144206
Kocak_MYCNamp|rand_834	3.212731493515381
Kocak_MYCNamp|rand_835	3.7915330529591147
Kocak_MYCNamp|rand_836	3.455700561749784
Kocak_MYCNamp|rand_837	3.7411677521860724
Kocak_MYCNamp|rand_838	3.6062043004135305
Kocak_MYCNamp|rand_839	3.698115460402862
Kocak_MYCNamp|rand_840	3.579914114502241
Kocak_MYCNamp|rand_841	3.9089545529164718
Kocak_MYCNamp|rand_842	3.5805076720717457
Kocak_MYCNamp|rand_843	3.5727963805174356
Kocak_MYCNamp|rand_844	3.173347462976049
Kocak_MYCNamp|rand_845	3.386547703713027
Kocak_MYCNamp|rand_846	4.05136217209815
Kocak_MYCNamp|rand_847	3.2371634860578773
Kocak_MYCNamp|rand_848	3.639643577998373
Kocak_MYCNamp|rand_849	3.458603986203068
Kocak_MYCNamp|rand_850	3.3529601498818598
Kocak_MYCNamp|rand_851	3.5987505183407245
Kocak_MYCNamp|rand_852	3.5781209264934906
Kocak_MYCNamp|rand_853	3.8310077963506486
Kocak_MYCNamp|rand_854	3.509642415708354
Kocak_MYCNamp|rand_855	3.5357386733966605
Kocak_MYCNamp|rand_856	3.4719469734739663
Kocak_MYCNamp|rand_857	3.8758127502654838
Kocak_MYCNamp|rand_858	3.6505384723134644
Kocak_MYCNamp|rand_859	3.8293548768759647
Kocak_MYCNamp|rand_860	3.1215177562972714
Kocak_MYCNamp|rand_861	3.5994941570467582
Kocak_MYCNamp|rand_862	3.3558451856345504
Kocak_MYCNamp|rand_863	3.412617950887805
Kocak_MYCNamp|rand_864	3.2841350516063272
Kocak_MYCNamp|rand_865	3.5197395519821235
Kocak_MYCNamp|rand_866	3.336587459497791
Kocak_MYCNamp|rand_867	3.912396292110582
Kocak_MYCNamp|rand_868	3.5903071664744988
Kocak_MYCNamp|rand_869	3.846915019226453
Kocak_MYCNamp|rand_870	3.9703895032384917
Kocak_MYCNamp|rand_871	3.7336294353466104
Kocak_MYCNamp|rand_872	3.2720813622357845
Kocak_MYCNamp|rand_873	3.8248113936025137
Kocak_MYCNamp|rand_874	3.4682055515525336
Kocak_MYCNamp|rand_875	3.4152698487421773
Kocak_MYCNamp|rand_876	3.7453644281783003
Kocak_MYCNamp|rand_877	3.628198075895328
Kocak_MYCNamp|rand_878	3.5018406691051305
Kocak_MYCNamp|rand_879	3.2679379705909524
Kocak_MYCNamp|rand_880	3.488149490981296
Kocak_MYCNamp|rand_881	3.210158792974778
Kocak_MYCNamp|rand_882	3.5489456883445136
Kocak_MYCNamp|rand_883	3.286939812540813
Kocak_MYCNamp|rand_884	3.481135806989343
Kocak_MYCNamp|rand_885	3.069324845954284
Kocak_MYCNamp|rand_886	3.5545030914006492
Kocak_MYCNamp|rand_887	3.485900338077799
Kocak_MYCNamp|rand_888	3.4407976822180646
Kocak_MYCNamp|rand_889	3.655463657945438
Kocak_MYCNamp|rand_890	3.6325294928610545
Kocak_MYCNamp|rand_891	3.261556132153215
Kocak_MYCNamp|rand_892	3.691546755595255
Kocak_MYCNamp|rand_893	3.4431664944400686
Kocak_MYCNamp|rand_894	3.358887351824991
Kocak_MYCNamp|rand_895	3.3849535810763807
Kocak_MYCNamp|rand_896	3.1509358626006754
Kocak_MYCNamp|rand_897	3.41573325552832
Kocak_MYCNamp|rand_898	3.5415079875228894
Kocak_MYCNamp|rand_899	3.7691386219372807
Kocak_MYCNamp|rand_900	3.5481961838248393
Kocak_MYCNamp|rand_901	3.2778980674509426
Kocak_MYCNamp|rand_902	3.5821869109455884
Kocak_MYCNamp|rand_903	2.9263054530500203
Kocak_MYCNamp|rand_904	3.593389261719079
Kocak_MYCNamp|rand_905	3.491983764255255
Kocak_MYCNamp|rand_906	3.307918238910802
Kocak_MYCNamp|rand_907	3.3589507762359347
Kocak_MYCNamp|rand_908	3.5829461246679504
Kocak_MYCNamp|rand_909	3.468531813005174
Kocak_MYCNamp|rand_910	3.452283352637279
Kocak_MYCNamp|rand_911	3.62626162288722
Kocak_MYCNamp|rand_912	3.5463234892995645
Kocak_MYCNamp|rand_913	3.442256312538116
Kocak_MYCNamp|rand_914	3.4666688669939036
Kocak_MYCNamp|rand_915	3.6855269815974707
Kocak_MYCNamp|rand_916	3.637071966145385
Kocak_MYCNamp|rand_917	3.861607126631314
Kocak_MYCNamp|rand_918	3.6831925076770475
Kocak_MYCNamp|rand_919	3.483297649119276
Kocak_MYCNamp|rand_920	3.4675030042339188
Kocak_MYCNamp|rand_921	3.337631378998267
Kocak_MYCNamp|rand_922	3.725393099486863
Kocak_MYCNamp|rand_923	3.281783501062215
Kocak_MYCNamp|rand_924	3.498995586505784
Kocak_MYCNamp|rand_925	3.4580905601776943
Kocak_MYCNamp|rand_926	3.3941541582829062
Kocak_MYCNamp|rand_927	3.61235848895988
Kocak_MYCNamp|rand_928	3.459302649970414
Kocak_MYCNamp|rand_929	3.5412547236453813
Kocak_MYCNamp|rand_930	3.54390399926658
Kocak_MYCNamp|rand_931	3.5668492950892703
Kocak_MYCNamp|rand_932	3.5563872861585297
Kocak_MYCNamp|rand_933	3.5301050328188133
Kocak_MYCNamp|rand_934	3.7226859803297225
Kocak_MYCNamp|rand_935	3.4506935943115224
Kocak_MYCNamp|rand_936	3.3771699485269946
Kocak_MYCNamp|rand_937	3.7993921278892473
Kocak_MYCNamp|rand_938	3.415319277532513
Kocak_MYCNamp|rand_939	3.5197808728679987
Kocak_MYCNamp|rand_940	3.509436750569145
Kocak_MYCNamp|rand_941	3.7892621257634436
Kocak_MYCNamp|rand_942	3.3037926353594376
Kocak_MYCNamp|rand_943	3.6795108600868964
Kocak_MYCNamp|rand_944	3.0438855955003623
Kocak_MYCNamp|rand_945	3.9726301328457905
Kocak_MYCNamp|rand_946	3.401109184703128
Kocak_MYCNamp|rand_947	3.825903072937193
Kocak_MYCNamp|rand_948	3.4301982936166433
Kocak_MYCNamp|rand_949	3.6991824522877126
Kocak_MYCNamp|rand_950	3.4873294811477704
Kocak_MYCNamp|rand_951	3.668172669857401
Kocak_MYCNamp|rand_952	3.548356229032793
Kocak_MYCNamp|rand_953	3.5771844238443204
Kocak_MYCNamp|rand_954	3.99181803508925
Kocak_MYCNamp|rand_955	3.5984133061742085
Kocak_MYCNamp|rand_956	3.3131111186124764
Kocak_MYCNamp|rand_957	3.6115360299734474
Kocak_MYCNamp|rand_958	3.5091825525129394
Kocak_MYCNamp|rand_959	3.7236081585535707
Kocak_MYCNamp|rand_960	3.839841709290496
Kocak_MYCNamp|rand_961	3.1726352517237584
Kocak_MYCNamp|rand_962	3.603032288036287
Kocak_MYCNamp|rand_963	3.4484378028261906
Kocak_MYCNamp|rand_964	3.5599321857941635
Kocak_MYCNamp|rand_965	3.50788314619957
Kocak_MYCNamp|rand_966	3.838354550263111
Kocak_MYCNamp|rand_967	3.4613588567075575
Kocak_MYCNamp|rand_968	3.5788824772976624
Kocak_MYCNamp|rand_969	3.4732937375803616
Kocak_MYCNamp|rand_970	3.4185829317237064
Kocak_MYCNamp|rand_971	3.7591583200056204
Kocak_MYCNamp|rand_972	4.095492707204631
Kocak_MYCNamp|rand_973	3.726817453110611
Kocak_MYCNamp|rand_974	3.5994001808788787
Kocak_MYCNamp|rand_975	3.5756973363494833
Kocak_MYCNamp|rand_976	3.4679727934335216
Kocak_MYCNamp|rand_977	3.404866157770348
Kocak_MYCNamp|rand_978	3.681302826493189
Kocak_MYCNamp|rand_979	3.7985165592350936
Kocak_MYCNamp|rand_980	3.9293414546574446
Kocak_MYCNamp|rand_981	3.617249024583603
Kocak_MYCNamp|rand_982	3.574631620387986
Kocak_MYCNamp|rand_983	3.60564754806176
Kocak_MYCNamp|rand_984	4.009003522190805
Kocak_MYCNamp|rand_985	3.44407372251902
Kocak_MYCNamp|rand_986	3.742554734142828
Kocak_MYCNamp|rand_987	3.5645327099745217
Kocak_MYCNamp|rand_988	3.649221242723996
Kocak_MYCNamp|rand_989	3.619473762788808
Kocak_MYCNamp|rand_990	3.7766961868732363
Kocak_MYCNamp|rand_991	3.28407753349449
Kocak_MYCNamp|rand_992	3.591789470096093
Kocak_MYCNamp|rand_993	3.344213061564065
Kocak_MYCNamp|rand_994	3.8951446878883007
Kocak_MYCNamp|rand_995	3.724977468212832
Kocak_MYCNamp|rand_996	3.5127293262537296
Kocak_MYCNamp|rand_997	4.035790254469253
Kocak_MYCNamp|rand_998	3.8128317718913114
Kocak_MYCNamp|rand_999	3.691590260917258
Kocak_MYCNamp|rand_1000	3.799062321703563
Kocak_MYCNnonAmp|rand_1	3.7244359040383848
Kocak_MYCNnonAmp|rand_2	3.421673092991762
Kocak_MYCNnonAmp|rand_3	3.4973223043684816
Kocak_MYCNnonAmp|rand_4	3.35609284078228
Kocak_MYCNnonAmp|rand_5	3.3342449754355
Kocak_MYCNnonAmp|rand_6	3.718301701670943
Kocak_MYCNnonAmp|rand_7	3.596990623854807
Kocak_MYCNnonAmp|rand_8	3.464469375828839
Kocak_MYCNnonAmp|rand_9	3.5380738437375476
Kocak_MYCNnonAmp|rand_10	3.176895321616847
Kocak_MYCNnonAmp|rand_11	3.6356682366787267
Kocak_MYCNnonAmp|rand_12	3.5581549473437826
Kocak_MYCNnonAmp|rand_13	3.498125192016378
Kocak_MYCNnonAmp|rand_14	3.332379346625829
Kocak_MYCNnonAmp|rand_15	3.2841814368749787
Kocak_MYCNnonAmp|rand_16	2.9193039218944468
Kocak_MYCNnonAmp|rand_17	3.554791371112882
Kocak_MYCNnonAmp|rand_18	3.6096943194297952
Kocak_MYCNnonAmp|rand_19	3.43656793227437
Kocak_MYCNnonAmp|rand_20	3.671915586525057
Kocak_MYCNnonAmp|rand_21	3.6479431404059883
Kocak_MYCNnonAmp|rand_22	3.154223370148971
Kocak_MYCNnonAmp|rand_23	3.4928561346463827
Kocak_MYCNnonAmp|rand_24	3.1156716483616846
Kocak_MYCNnonAmp|rand_25	3.3845952260703918
Kocak_MYCNnonAmp|rand_26	3.4702726727236626
Kocak_MYCNnonAmp|rand_27	3.5292102968853776
Kocak_MYCNnonAmp|rand_28	3.6516001468464543
Kocak_MYCNnonAmp|rand_29	3.8026346968671
Kocak_MYCNnonAmp|rand_30	3.5348537842181855
Kocak_MYCNnonAmp|rand_31	3.508156968226836
Kocak_MYCNnonAmp|rand_32	3.536811342641739
Kocak_MYCNnonAmp|rand_33	3.5490708806290767
Kocak_MYCNnonAmp|rand_34	3.46093148142646
Kocak_MYCNnonAmp|rand_35	3.4985054810819367
Kocak_MYCNnonAmp|rand_36	3.1440657631525575
Kocak_MYCNnonAmp|rand_37	2.8884040874158328
Kocak_MYCNnonAmp|rand_38	3.4364061562030637
Kocak_MYCNnonAmp|rand_39	3.5293206399351953
Kocak_MYCNnonAmp|rand_40	3.47669944091446
Kocak_MYCNnonAmp|rand_41	3.782152042572483
Kocak_MYCNnonAmp|rand_42	3.6423216263201987
Kocak_MYCNnonAmp|rand_43	3.1664954381551156
Kocak_MYCNnonAmp|rand_44	3.6875833017552817
Kocak_MYCNnonAmp|rand_45	3.6791347886207166
Kocak_MYCNnonAmp|rand_46	3.627514206182787
Kocak_MYCNnonAmp|rand_47	3.2120688871971916
Kocak_MYCNnonAmp|rand_48	3.1691850709876856
Kocak_MYCNnonAmp|rand_49	3.433903844825448
Kocak_MYCNnonAmp|rand_50	3.7278424868772566
Kocak_MYCNnonAmp|rand_51	3.361131009294626
Kocak_MYCNnonAmp|rand_52	3.7300873950127422
Kocak_MYCNnonAmp|rand_53	3.4044390060512955
Kocak_MYCNnonAmp|rand_54	3.428239358381713
Kocak_MYCNnonAmp|rand_55	3.720165620053616
Kocak_MYCNnonAmp|rand_56	3.650687457006174
Kocak_MYCNnonAmp|rand_57	3.708359281990307
Kocak_MYCNnonAmp|rand_58	3.205079390198971
Kocak_MYCNnonAmp|rand_59	3.56552193613051
Kocak_MYCNnonAmp|rand_60	3.4216548308257533
Kocak_MYCNnonAmp|rand_61	3.482846087008112
Kocak_MYCNnonAmp|rand_62	3.601894594928232
Kocak_MYCNnonAmp|rand_63	3.8701465045230408
Kocak_MYCNnonAmp|rand_64	3.7773498965664754
Kocak_MYCNnonAmp|rand_65	3.33298906058731
Kocak_MYCNnonAmp|rand_66	3.600556214477554
Kocak_MYCNnonAmp|rand_67	3.414627207226074
Kocak_MYCNnonAmp|rand_68	3.297141493493167
Kocak_MYCNnonAmp|rand_69	3.378005407839596
Kocak_MYCNnonAmp|rand_70	3.6356527830099914
Kocak_MYCNnonAmp|rand_71	3.5756514835159092
Kocak_MYCNnonAmp|rand_72	3.6115221131188187
Kocak_MYCNnonAmp|rand_73	3.505447268660351
Kocak_MYCNnonAmp|rand_74	3.4709032297682763
Kocak_MYCNnonAmp|rand_75	3.4372121824814643
Kocak_MYCNnonAmp|rand_76	3.2043312735125666
Kocak_MYCNnonAmp|rand_77	3.4713369823332996
Kocak_MYCNnonAmp|rand_78	3.5538634316656044
Kocak_MYCNnonAmp|rand_79	3.5541025628891094
Kocak_MYCNnonAmp|rand_80	3.565082179551404
Kocak_MYCNnonAmp|rand_81	3.506701921630129
Kocak_MYCNnonAmp|rand_82	3.5559029790865764
Kocak_MYCNnonAmp|rand_83	3.7251091099591456
Kocak_MYCNnonAmp|rand_84	3.3841149242046114
Kocak_MYCNnonAmp|rand_85	3.3639408772145756
Kocak_MYCNnonAmp|rand_86	3.4195645528796574
Kocak_MYCNnonAmp|rand_87	3.4282435503091255
Kocak_MYCNnonAmp|rand_88	3.7108174160000473
Kocak_MYCNnonAmp|rand_89	3.724186983004543
Kocak_MYCNnonAmp|rand_90	3.783302457164185
Kocak_MYCNnonAmp|rand_91	3.4502379291897722
Kocak_MYCNnonAmp|rand_92	3.1087250402727062
Kocak_MYCNnonAmp|rand_93	3.5106521718110164
Kocak_MYCNnonAmp|rand_94	3.5488534184805642
Kocak_MYCNnonAmp|rand_95	3.5800956797222034
Kocak_MYCNnonAmp|rand_96	3.769557619493938
Kocak_MYCNnonAmp|rand_97	3.4661547487594198
Kocak_MYCNnonAmp|rand_98	3.1982030628809737
Kocak_MYCNnonAmp|rand_99	3.4480055941410535
Kocak_MYCNnonAmp|rand_100	3.5814767881164222
Kocak_MYCNnonAmp|rand_101	3.4310142200757747
Kocak_MYCNnonAmp|rand_102	3.512305561160968
Kocak_MYCNnonAmp|rand_103	3.338049282800823
Kocak_MYCNnonAmp|rand_104	3.6116331830966715
Kocak_MYCNnonAmp|rand_105	3.4704812667482834
Kocak_MYCNnonAmp|rand_106	3.58086429727721
Kocak_MYCNnonAmp|rand_107	3.289911016868712
Kocak_MYCNnonAmp|rand_108	3.5794516032765444
Kocak_MYCNnonAmp|rand_109	3.3557953000719416
Kocak_MYCNnonAmp|rand_110	2.8048255090164353
Kocak_MYCNnonAmp|rand_111	3.587086598003724
Kocak_MYCNnonAmp|rand_112	3.359156061108107
Kocak_MYCNnonAmp|rand_113	3.7529497193332446
Kocak_MYCNnonAmp|rand_114	3.2398781121127582
Kocak_MYCNnonAmp|rand_115	3.554610479320931
Kocak_MYCNnonAmp|rand_116	3.664717499385726
Kocak_MYCNnonAmp|rand_117	3.4866884835577445
Kocak_MYCNnonAmp|rand_118	3.252029248135474
Kocak_MYCNnonAmp|rand_119	3.4333326373867106
Kocak_MYCNnonAmp|rand_120	3.6211135659006133
Kocak_MYCNnonAmp|rand_121	3.3041867191904384
Kocak_MYCNnonAmp|rand_122	3.7811864229472048
Kocak_MYCNnonAmp|rand_123	3.471115819767059
Kocak_MYCNnonAmp|rand_124	3.209347812896074
Kocak_MYCNnonAmp|rand_125	3.529213119347025
Kocak_MYCNnonAmp|rand_126	3.636191721617607
Kocak_MYCNnonAmp|rand_127	3.6103451591085167
Kocak_MYCNnonAmp|rand_128	3.6979556031761858
Kocak_MYCNnonAmp|rand_129	3.513325042972307
Kocak_MYCNnonAmp|rand_130	3.4906312653285516
Kocak_MYCNnonAmp|rand_131	3.6336584830248153
Kocak_MYCNnonAmp|rand_132	3.5252602610909327
Kocak_MYCNnonAmp|rand_133	3.8874781707100965
Kocak_MYCNnonAmp|rand_134	3.000631768467936
Kocak_MYCNnonAmp|rand_135	3.197071890028953
Kocak_MYCNnonAmp|rand_136	3.766857298659164
Kocak_MYCNnonAmp|rand_137	3.4374142485661405
Kocak_MYCNnonAmp|rand_138	3.4014410136997033
Kocak_MYCNnonAmp|rand_139	3.704942486681283
Kocak_MYCNnonAmp|rand_140	3.615017531197484
Kocak_MYCNnonAmp|rand_141	3.5900637182661077
Kocak_MYCNnonAmp|rand_142	3.412428627554406
Kocak_MYCNnonAmp|rand_143	3.3790687903316594
Kocak_MYCNnonAmp|rand_144	3.464471210243957
Kocak_MYCNnonAmp|rand_145	3.6485096189984203
Kocak_MYCNnonAmp|rand_146	3.532596883424913
Kocak_MYCNnonAmp|rand_147	3.400772727115479
Kocak_MYCNnonAmp|rand_148	3.536687131112377
Kocak_MYCNnonAmp|rand_149	3.3594317729826377
Kocak_MYCNnonAmp|rand_150	3.5299629078718686
Kocak_MYCNnonAmp|rand_151	3.198867937502755
Kocak_MYCNnonAmp|rand_152	3.465757635887366
Kocak_MYCNnonAmp|rand_153	3.379156907301938
Kocak_MYCNnonAmp|rand_154	3.3733468905755144
Kocak_MYCNnonAmp|rand_155	3.42631333787966
Kocak_MYCNnonAmp|rand_156	3.5997399289968404
Kocak_MYCNnonAmp|rand_157	3.4928231662221827
Kocak_MYCNnonAmp|rand_158	3.6587792409353668
Kocak_MYCNnonAmp|rand_159	3.4013873128726364
Kocak_MYCNnonAmp|rand_160	3.947045570467519
Kocak_MYCNnonAmp|rand_161	3.4595719881556257
Kocak_MYCNnonAmp|rand_162	3.550872774026121
Kocak_MYCNnonAmp|rand_163	3.6914631881456965
Kocak_MYCNnonAmp|rand_164	3.10130430392943
Kocak_MYCNnonAmp|rand_165	3.3014830927138052
Kocak_MYCNnonAmp|rand_166	3.6609008895971225
Kocak_MYCNnonAmp|rand_167	3.7429088533232777
Kocak_MYCNnonAmp|rand_168	3.432103764321764
Kocak_MYCNnonAmp|rand_169	3.706246822112955
Kocak_MYCNnonAmp|rand_170	3.400376007490285
Kocak_MYCNnonAmp|rand_171	3.4834963353616506
Kocak_MYCNnonAmp|rand_172	3.5832146657345083
Kocak_MYCNnonAmp|rand_173	3.3222835244193756
Kocak_MYCNnonAmp|rand_174	3.2380331038854573
Kocak_MYCNnonAmp|rand_175	3.1682690230145925
Kocak_MYCNnonAmp|rand_176	3.7624589548702163
Kocak_MYCNnonAmp|rand_177	3.385596895650776
Kocak_MYCNnonAmp|rand_178	3.487196918275975
Kocak_MYCNnonAmp|rand_179	3.4211882553592132
Kocak_MYCNnonAmp|rand_180	3.6826037807486802
Kocak_MYCNnonAmp|rand_181	3.916595617356177
Kocak_MYCNnonAmp|rand_182	3.7629800902505046
Kocak_MYCNnonAmp|rand_183	3.8365541048863143
Kocak_MYCNnonAmp|rand_184	3.591850581791019
Kocak_MYCNnonAmp|rand_185	3.5897653638205536
Kocak_MYCNnonAmp|rand_186	3.4559486588128627
Kocak_MYCNnonAmp|rand_187	3.1156491642357693
Kocak_MYCNnonAmp|rand_188	3.4812387590515317
Kocak_MYCNnonAmp|rand_189	3.5524858325518838
Kocak_MYCNnonAmp|rand_190	3.4769055625482492
Kocak_MYCNnonAmp|rand_191	3.7013471397435156
Kocak_MYCNnonAmp|rand_192	3.5686968940547286
Kocak_MYCNnonAmp|rand_193	3.3566044756193554
Kocak_MYCNnonAmp|rand_194	3.489243937663576
Kocak_MYCNnonAmp|rand_195	3.360030752319711
Kocak_MYCNnonAmp|rand_196	3.284585883108992
Kocak_MYCNnonAmp|rand_197	3.1539924963670525
Kocak_MYCNnonAmp|rand_198	3.620548494814856
Kocak_MYCNnonAmp|rand_199	3.711338603125796
Kocak_MYCNnonAmp|rand_200	3.621427638512536
Kocak_MYCNnonAmp|rand_201	3.6880909685721748
Kocak_MYCNnonAmp|rand_202	3.885076265731215
Kocak_MYCNnonAmp|rand_203	3.241456214800314
Kocak_MYCNnonAmp|rand_204	3.1004976900365406
Kocak_MYCNnonAmp|rand_205	3.2721608782531284
Kocak_MYCNnonAmp|rand_206	3.2391229498769087
Kocak_MYCNnonAmp|rand_207	3.4368974977032116
Kocak_MYCNnonAmp|rand_208	3.3982070049840383
Kocak_MYCNnonAmp|rand_209	3.663200178060974
Kocak_MYCNnonAmp|rand_210	3.5601481247335114
Kocak_MYCNnonAmp|rand_211	3.470749260307414
Kocak_MYCNnonAmp|rand_212	3.5701009372144408
Kocak_MYCNnonAmp|rand_213	3.205208818435862
Kocak_MYCNnonAmp|rand_214	3.3879539248819555
Kocak_MYCNnonAmp|rand_215	3.514563383826491
Kocak_MYCNnonAmp|rand_216	3.704181595944833
Kocak_MYCNnonAmp|rand_217	3.4788736586523914
Kocak_MYCNnonAmp|rand_218	3.8259490884509755
Kocak_MYCNnonAmp|rand_219	3.5225468804855544
Kocak_MYCNnonAmp|rand_220	3.3603252720382515
Kocak_MYCNnonAmp|rand_221	3.4786037007801025
Kocak_MYCNnonAmp|rand_222	3.608192787985539
Kocak_MYCNnonAmp|rand_223	3.3634542619518544
Kocak_MYCNnonAmp|rand_224	3.5399561934573756
Kocak_MYCNnonAmp|rand_225	3.498628484269629
Kocak_MYCNnonAmp|rand_226	3.2455418710132826
Kocak_MYCNnonAmp|rand_227	3.450729209891989
Kocak_MYCNnonAmp|rand_228	3.3913800038963555
Kocak_MYCNnonAmp|rand_229	3.201750710930398
Kocak_MYCNnonAmp|rand_230	3.626458872278688
Kocak_MYCNnonAmp|rand_231	3.5754365262645638
Kocak_MYCNnonAmp|rand_232	3.4420310208941003
Kocak_MYCNnonAmp|rand_233	3.4751459708191623
Kocak_MYCNnonAmp|rand_234	3.4851720704674585
Kocak_MYCNnonAmp|rand_235	3.8962565341939737
Kocak_MYCNnonAmp|rand_236	3.314581768244636
Kocak_MYCNnonAmp|rand_237	3.428663626691977
Kocak_MYCNnonAmp|rand_238	3.3658248889951166
Kocak_MYCNnonAmp|rand_239	3.2233301691174914
Kocak_MYCNnonAmp|rand_240	3.471929747688291
Kocak_MYCNnonAmp|rand_241	3.2012226731003564
Kocak_MYCNnonAmp|rand_242	3.526812821137824
Kocak_MYCNnonAmp|rand_243	3.6821928648890125
Kocak_MYCNnonAmp|rand_244	3.7300356521670786
Kocak_MYCNnonAmp|rand_245	3.4014508245910897
Kocak_MYCNnonAmp|rand_246	3.4850983343751807
Kocak_MYCNnonAmp|rand_247	3.3048747585379545
Kocak_MYCNnonAmp|rand_248	3.612425569220664
Kocak_MYCNnonAmp|rand_249	3.53835534625684
Kocak_MYCNnonAmp|rand_250	3.8566127499153287
Kocak_MYCNnonAmp|rand_251	3.3178505730880423
Kocak_MYCNnonAmp|rand_252	3.8615646918364774
Kocak_MYCNnonAmp|rand_253	3.6082851561785687
Kocak_MYCNnonAmp|rand_254	3.689455649443429
Kocak_MYCNnonAmp|rand_255	3.2539300263655093
Kocak_MYCNnonAmp|rand_256	3.720590470962474
Kocak_MYCNnonAmp|rand_257	3.3697779148767455
Kocak_MYCNnonAmp|rand_258	3.6008400721859677
Kocak_MYCNnonAmp|rand_259	3.2833714498112436
Kocak_MYCNnonAmp|rand_260	3.6108760093545116
Kocak_MYCNnonAmp|rand_261	3.333227700523948
Kocak_MYCNnonAmp|rand_262	3.9017828890004527
Kocak_MYCNnonAmp|rand_263	3.4820090776309485
Kocak_MYCNnonAmp|rand_264	3.4954625621866184
Kocak_MYCNnonAmp|rand_265	3.508647221282735
Kocak_MYCNnonAmp|rand_266	3.5979514243356117
Kocak_MYCNnonAmp|rand_267	3.5804026482756437
Kocak_MYCNnonAmp|rand_268	3.6893184171145843
Kocak_MYCNnonAmp|rand_269	3.676397547134865
Kocak_MYCNnonAmp|rand_270	3.316541878359374
Kocak_MYCNnonAmp|rand_271	3.6368976029697397
Kocak_MYCNnonAmp|rand_272	3.373375729952873
Kocak_MYCNnonAmp|rand_273	3.2879141159610485
Kocak_MYCNnonAmp|rand_274	3.7022245431889313
Kocak_MYCNnonAmp|rand_275	3.7135813375414086
Kocak_MYCNnonAmp|rand_276	3.4227409229324657
Kocak_MYCNnonAmp|rand_277	3.618066616183364
Kocak_MYCNnonAmp|rand_278	3.456850714365189
Kocak_MYCNnonAmp|rand_279	3.8705957356132106
Kocak_MYCNnonAmp|rand_280	2.9508871687656217
Kocak_MYCNnonAmp|rand_281	3.4984626623242874
Kocak_MYCNnonAmp|rand_282	3.7660201368013437
Kocak_MYCNnonAmp|rand_283	3.600285982677897
Kocak_MYCNnonAmp|rand_284	3.755032550863425
Kocak_MYCNnonAmp|rand_285	3.6175666668276723
Kocak_MYCNnonAmp|rand_286	3.5390856768487806
Kocak_MYCNnonAmp|rand_287	3.671972863690034
Kocak_MYCNnonAmp|rand_288	3.3107394570400728
Kocak_MYCNnonAmp|rand_289	3.3782870548787547
Kocak_MYCNnonAmp|rand_290	3.583889171335731
Kocak_MYCNnonAmp|rand_291	2.8249512170459186
Kocak_MYCNnonAmp|rand_292	3.3508586744980704
Kocak_MYCNnonAmp|rand_293	3.6746067309469126
Kocak_MYCNnonAmp|rand_294	3.6549941469320477
Kocak_MYCNnonAmp|rand_295	3.4395355464442456
Kocak_MYCNnonAmp|rand_296	3.476018746941779
Kocak_MYCNnonAmp|rand_297	3.312150939843775
Kocak_MYCNnonAmp|rand_298	3.4686161157658244
Kocak_MYCNnonAmp|rand_299	3.2526303748656082
Kocak_MYCNnonAmp|rand_300	3.4809034239331624
Kocak_MYCNnonAmp|rand_301	3.474629338400901
Kocak_MYCNnonAmp|rand_302	3.47838636941406
Kocak_MYCNnonAmp|rand_303	3.5673331546336797
Kocak_MYCNnonAmp|rand_304	3.6661106381954904
Kocak_MYCNnonAmp|rand_305	3.919651759944486
Kocak_MYCNnonAmp|rand_306	3.482594078144092
Kocak_MYCNnonAmp|rand_307	3.6792458328346513
Kocak_MYCNnonAmp|rand_308	3.3625724814955515
Kocak_MYCNnonAmp|rand_309	3.7849986287254325
Kocak_MYCNnonAmp|rand_310	3.599919430293403
Kocak_MYCNnonAmp|rand_311	3.212247419371674
Kocak_MYCNnonAmp|rand_312	3.279161631159816
Kocak_MYCNnonAmp|rand_313	3.228661557798272
Kocak_MYCNnonAmp|rand_314	3.5593318465705743
Kocak_MYCNnonAmp|rand_315	3.1999071484123514
Kocak_MYCNnonAmp|rand_316	3.697652789052648
Kocak_MYCNnonAmp|rand_317	3.8416285359864992
Kocak_MYCNnonAmp|rand_318	3.371098450926726
Kocak_MYCNnonAmp|rand_319	3.627763575221947
Kocak_MYCNnonAmp|rand_320	3.47685762796401
Kocak_MYCNnonAmp|rand_321	3.264665710489046
Kocak_MYCNnonAmp|rand_322	3.4832685360689
Kocak_MYCNnonAmp|rand_323	3.3557354648300066
Kocak_MYCNnonAmp|rand_324	3.4580402557461256
Kocak_MYCNnonAmp|rand_325	3.1327602673991874
Kocak_MYCNnonAmp|rand_326	3.661843332464217
Kocak_MYCNnonAmp|rand_327	3.635012641153559
Kocak_MYCNnonAmp|rand_328	3.812590383508874
Kocak_MYCNnonAmp|rand_329	3.545751044982938
Kocak_MYCNnonAmp|rand_330	3.0805819227019478
Kocak_MYCNnonAmp|rand_331	3.6812595934617565
Kocak_MYCNnonAmp|rand_332	3.280170244108041
Kocak_MYCNnonAmp|rand_333	3.4171206528444804
Kocak_MYCNnonAmp|rand_334	3.3333760280525637
Kocak_MYCNnonAmp|rand_335	3.929431773124689
Kocak_MYCNnonAmp|rand_336	3.2165042655224005
Kocak_MYCNnonAmp|rand_337	3.5674236483766704
Kocak_MYCNnonAmp|rand_338	3.4420198476799038
Kocak_MYCNnonAmp|rand_339	3.6434236262666433
Kocak_MYCNnonAmp|rand_340	3.368949014616804
Kocak_MYCNnonAmp|rand_341	4.1387171984945725
Kocak_MYCNnonAmp|rand_342	3.126942340678836
Kocak_MYCNnonAmp|rand_343	3.5464317351010535
Kocak_MYCNnonAmp|rand_344	3.9529347173223135
Kocak_MYCNnonAmp|rand_345	3.6280003688163203
Kocak_MYCNnonAmp|rand_346	3.1895683678861912
Kocak_MYCNnonAmp|rand_347	3.466075625953682
Kocak_MYCNnonAmp|rand_348	3.6224281251534007
Kocak_MYCNnonAmp|rand_349	3.4578217365268786
Kocak_MYCNnonAmp|rand_350	3.395473014418476
Kocak_MYCNnonAmp|rand_351	3.664838420804441
Kocak_MYCNnonAmp|rand_352	3.3383941761181015
Kocak_MYCNnonAmp|rand_353	3.744198899859653
Kocak_MYCNnonAmp|rand_354	3.196247037319735
Kocak_MYCNnonAmp|rand_355	3.0494534010162098
Kocak_MYCNnonAmp|rand_356	3.1373824891006166
Kocak_MYCNnonAmp|rand_357	3.149016203371843
Kocak_MYCNnonAmp|rand_358	3.6750259284288482
Kocak_MYCNnonAmp|rand_359	3.72967696580583
Kocak_MYCNnonAmp|rand_360	3.525996119275934
Kocak_MYCNnonAmp|rand_361	3.6049324354218024
Kocak_MYCNnonAmp|rand_362	3.624623240864758
Kocak_MYCNnonAmp|rand_363	3.610150539259382
Kocak_MYCNnonAmp|rand_364	3.4190531824395096
Kocak_MYCNnonAmp|rand_365	3.683757054867218
Kocak_MYCNnonAmp|rand_366	3.6354687233046157
Kocak_MYCNnonAmp|rand_367	2.9786222666699995
Kocak_MYCNnonAmp|rand_368	3.3401418734300825
Kocak_MYCNnonAmp|rand_369	3.282576932682085
Kocak_MYCNnonAmp|rand_370	3.396849025386405
Kocak_MYCNnonAmp|rand_371	3.3747086208705754
Kocak_MYCNnonAmp|rand_372	3.744372218662631
Kocak_MYCNnonAmp|rand_373	3.7364968191689263
Kocak_MYCNnonAmp|rand_374	3.8554663166182883
Kocak_MYCNnonAmp|rand_375	3.4362171122448597
Kocak_MYCNnonAmp|rand_376	3.3890033455265605
Kocak_MYCNnonAmp|rand_377	3.542394131614933
Kocak_MYCNnonAmp|rand_378	3.414199960461463
Kocak_MYCNnonAmp|rand_379	3.5701889240494915
Kocak_MYCNnonAmp|rand_380	3.7388693192061475
Kocak_MYCNnonAmp|rand_381	3.519402876913404
Kocak_MYCNnonAmp|rand_382	3.3670711017458284
Kocak_MYCNnonAmp|rand_383	3.7827975324181384
Kocak_MYCNnonAmp|rand_384	3.669086021932605
Kocak_MYCNnonAmp|rand_385	3.7421780138681946
Kocak_MYCNnonAmp|rand_386	3.639115467219741
Kocak_MYCNnonAmp|rand_387	3.325336597725667
Kocak_MYCNnonAmp|rand_388	3.6181200662380832
Kocak_MYCNnonAmp|rand_389	3.637256307374647
Kocak_MYCNnonAmp|rand_390	3.2824411192624927
Kocak_MYCNnonAmp|rand_391	2.771921867198853
Kocak_MYCNnonAmp|rand_392	3.480784816251983
Kocak_MYCNnonAmp|rand_393	3.2849123170274788
Kocak_MYCNnonAmp|rand_394	3.6277689015345183
Kocak_MYCNnonAmp|rand_395	3.3464225435416988
Kocak_MYCNnonAmp|rand_396	3.0479498733273642
Kocak_MYCNnonAmp|rand_397	3.485586255833234
Kocak_MYCNnonAmp|rand_398	3.470424575301505
Kocak_MYCNnonAmp|rand_399	3.4824062811028185
Kocak_MYCNnonAmp|rand_400	3.1696789442965745
Kocak_MYCNnonAmp|rand_401	3.4807010673828325
Kocak_MYCNnonAmp|rand_402	3.893898066148112
Kocak_MYCNnonAmp|rand_403	3.5396526587010864
Kocak_MYCNnonAmp|rand_404	3.789799064006685
Kocak_MYCNnonAmp|rand_405	3.4299148806254123
Kocak_MYCNnonAmp|rand_406	3.5350180917816307
Kocak_MYCNnonAmp|rand_407	3.2564889491783444
Kocak_MYCNnonAmp|rand_408	3.3042895453154806
Kocak_MYCNnonAmp|rand_409	3.441432959153427
Kocak_MYCNnonAmp|rand_410	3.608881810173752
Kocak_MYCNnonAmp|rand_411	3.613078220913214
Kocak_MYCNnonAmp|rand_412	3.489450912573923
Kocak_MYCNnonAmp|rand_413	3.50683769352476
Kocak_MYCNnonAmp|rand_414	3.5074741636557474
Kocak_MYCNnonAmp|rand_415	3.622755321799811
Kocak_MYCNnonAmp|rand_416	3.688573481165156
Kocak_MYCNnonAmp|rand_417	3.260209929946688
Kocak_MYCNnonAmp|rand_418	3.274144881390585
Kocak_MYCNnonAmp|rand_419	3.4652049591373375
Kocak_MYCNnonAmp|rand_420	3.5755901952998643
Kocak_MYCNnonAmp|rand_421	3.4731691745929076
Kocak_MYCNnonAmp|rand_422	3.477871191547638
Kocak_MYCNnonAmp|rand_423	3.665504698436805
Kocak_MYCNnonAmp|rand_424	3.211178138715435
Kocak_MYCNnonAmp|rand_425	3.373674377944907
Kocak_MYCNnonAmp|rand_426	3.1992691747758815
Kocak_MYCNnonAmp|rand_427	3.630589534563651
Kocak_MYCNnonAmp|rand_428	3.612340256252236
Kocak_MYCNnonAmp|rand_429	3.393841688888868
Kocak_MYCNnonAmp|rand_430	3.58448902838475
Kocak_MYCNnonAmp|rand_431	3.622570237926227
Kocak_MYCNnonAmp|rand_432	3.414739237104172
Kocak_MYCNnonAmp|rand_433	3.049874565572726
Kocak_MYCNnonAmp|rand_434	3.316961295144353
Kocak_MYCNnonAmp|rand_435	3.3250856818047185
Kocak_MYCNnonAmp|rand_436	3.5997055895433148
Kocak_MYCNnonAmp|rand_437	3.7529249307785753
Kocak_MYCNnonAmp|rand_438	3.683277814502321
Kocak_MYCNnonAmp|rand_439	3.679583809649628
Kocak_MYCNnonAmp|rand_440	3.7269325497379815
Kocak_MYCNnonAmp|rand_441	3.5453451047236064
Kocak_MYCNnonAmp|rand_442	3.4994927036368697
Kocak_MYCNnonAmp|rand_443	3.3747118916438534
Kocak_MYCNnonAmp|rand_444	3.574467119976064
Kocak_MYCNnonAmp|rand_445	3.1189227203858962
Kocak_MYCNnonAmp|rand_446	3.695610753754953
Kocak_MYCNnonAmp|rand_447	3.57679849912184
Kocak_MYCNnonAmp|rand_448	3.6619834929105464
Kocak_MYCNnonAmp|rand_449	3.533697940522863
Kocak_MYCNnonAmp|rand_450	3.4833814136477357
Kocak_MYCNnonAmp|rand_451	3.418265624650893
Kocak_MYCNnonAmp|rand_452	3.317473350148765
Kocak_MYCNnonAmp|rand_453	3.9129989843990765
Kocak_MYCNnonAmp|rand_454	3.6370051224283046
Kocak_MYCNnonAmp|rand_455	3.2304908803683796
Kocak_MYCNnonAmp|rand_456	3.25037086887945
Kocak_MYCNnonAmp|rand_457	3.252047460453806
Kocak_MYCNnonAmp|rand_458	3.7655726614889846
Kocak_MYCNnonAmp|rand_459	3.6583871060582043
Kocak_MYCNnonAmp|rand_460	3.5701125325258323
Kocak_MYCNnonAmp|rand_461	3.0818009043880434
Kocak_MYCNnonAmp|rand_462	3.3539816266226268
Kocak_MYCNnonAmp|rand_463	3.4314326802683435
Kocak_MYCNnonAmp|rand_464	3.5558864789957467
Kocak_MYCNnonAmp|rand_465	3.5489423378866087
Kocak_MYCNnonAmp|rand_466	3.1444416705171743
Kocak_MYCNnonAmp|rand_467	3.5012681206366127
Kocak_MYCNnonAmp|rand_468	3.302006077326521
Kocak_MYCNnonAmp|rand_469	3.569917717477674
Kocak_MYCNnonAmp|rand_470	3.375571797686617
Kocak_MYCNnonAmp|rand_471	3.949572498459011
Kocak_MYCNnonAmp|rand_472	3.2334107485507766
Kocak_MYCNnonAmp|rand_473	3.688427631664439
Kocak_MYCNnonAmp|rand_474	3.438791826859932
Kocak_MYCNnonAmp|rand_475	3.5788929549635617
Kocak_MYCNnonAmp|rand_476	3.23240938697865
Kocak_MYCNnonAmp|rand_477	3.3176414325310186
Kocak_MYCNnonAmp|rand_478	3.445466751830928
Kocak_MYCNnonAmp|rand_479	3.349525049629177
Kocak_MYCNnonAmp|rand_480	3.4019223513415664
Kocak_MYCNnonAmp|rand_481	3.809261926536756
Kocak_MYCNnonAmp|rand_482	3.167177431690942
Kocak_MYCNnonAmp|rand_483	3.5966845564778227
Kocak_MYCNnonAmp|rand_484	3.377059776397467
Kocak_MYCNnonAmp|rand_485	3.7773263767438268
Kocak_MYCNnonAmp|rand_486	3.3323727284046676
Kocak_MYCNnonAmp|rand_487	3.2924706575806413
Kocak_MYCNnonAmp|rand_488	3.532656902753489
Kocak_MYCNnonAmp|rand_489	3.6854715419788646
Kocak_MYCNnonAmp|rand_490	3.329926323688423
Kocak_MYCNnonAmp|rand_491	3.555552240964021
Kocak_MYCNnonAmp|rand_492	3.841605049926984
Kocak_MYCNnonAmp|rand_493	3.493465382482376
Kocak_MYCNnonAmp|rand_494	3.7704875346968163
Kocak_MYCNnonAmp|rand_495	3.335877751377066
Kocak_MYCNnonAmp|rand_496	3.179117571954532
Kocak_MYCNnonAmp|rand_497	3.3205611337562315
Kocak_MYCNnonAmp|rand_498	3.6516591015993454
Kocak_MYCNnonAmp|rand_499	3.835104955466079
Kocak_MYCNnonAmp|rand_500	3.583786023198046
Kocak_MYCNnonAmp|rand_501	3.6122227882553353
Kocak_MYCNnonAmp|rand_502	3.7248697777145003
Kocak_MYCNnonAmp|rand_503	3.26866250087375
Kocak_MYCNnonAmp|rand_504	3.655417107224056
Kocak_MYCNnonAmp|rand_505	3.386570293128398
Kocak_MYCNnonAmp|rand_506	3.280444951002394
Kocak_MYCNnonAmp|rand_507	3.2631547523360975
Kocak_MYCNnonAmp|rand_508	3.934769175196506
Kocak_MYCNnonAmp|rand_509	3.8276566790252757
Kocak_MYCNnonAmp|rand_510	3.44244848650453
Kocak_MYCNnonAmp|rand_511	3.602090425430716
Kocak_MYCNnonAmp|rand_512	3.5795044342780593
Kocak_MYCNnonAmp|rand_513	3.4780410708045824
Kocak_MYCNnonAmp|rand_514	3.4170693284418627
Kocak_MYCNnonAmp|rand_515	3.405773005810848
Kocak_MYCNnonAmp|rand_516	3.402877245246444
Kocak_MYCNnonAmp|rand_517	3.2292119894854117
Kocak_MYCNnonAmp|rand_518	3.3333317871472925
Kocak_MYCNnonAmp|rand_519	3.4788068414008184
Kocak_MYCNnonAmp|rand_520	3.0854750164962454
Kocak_MYCNnonAmp|rand_521	3.364345087510032
Kocak_MYCNnonAmp|rand_522	3.7006568739443897
Kocak_MYCNnonAmp|rand_523	3.772631002657984
Kocak_MYCNnonAmp|rand_524	3.527653435588949
Kocak_MYCNnonAmp|rand_525	3.3383421874727524
Kocak_MYCNnonAmp|rand_526	3.714851605759597
Kocak_MYCNnonAmp|rand_527	3.752320613140487
Kocak_MYCNnonAmp|rand_528	3.223272008478956
Kocak_MYCNnonAmp|rand_529	3.775281776394323
Kocak_MYCNnonAmp|rand_530	3.479618972002863
Kocak_MYCNnonAmp|rand_531	3.4206412179475394
Kocak_MYCNnonAmp|rand_532	3.5974193735757085
Kocak_MYCNnonAmp|rand_533	3.7679554042217918
Kocak_MYCNnonAmp|rand_534	3.4118615093752807
Kocak_MYCNnonAmp|rand_535	3.299834826363486
Kocak_MYCNnonAmp|rand_536	3.5527803379354643
Kocak_MYCNnonAmp|rand_537	3.0043732735047537
Kocak_MYCNnonAmp|rand_538	3.043432387584501
Kocak_MYCNnonAmp|rand_539	3.5283136200019847
Kocak_MYCNnonAmp|rand_540	3.319123633147932
Kocak_MYCNnonAmp|rand_541	3.292335670696096
Kocak_MYCNnonAmp|rand_542	3.509708333199767
Kocak_MYCNnonAmp|rand_543	3.695002137800878
Kocak_MYCNnonAmp|rand_544	3.5768250125468053
Kocak_MYCNnonAmp|rand_545	3.131711365186161
Kocak_MYCNnonAmp|rand_546	3.477084170346627
Kocak_MYCNnonAmp|rand_547	3.489697325090787
Kocak_MYCNnonAmp|rand_548	3.320873818165864
Kocak_MYCNnonAmp|rand_549	3.341849791925229
Kocak_MYCNnonAmp|rand_550	3.1674064408232314
Kocak_MYCNnonAmp|rand_551	3.2484973690663694
Kocak_MYCNnonAmp|rand_552	3.512387367986847
Kocak_MYCNnonAmp|rand_553	3.6469033707737015
Kocak_MYCNnonAmp|rand_554	3.673858044984256
Kocak_MYCNnonAmp|rand_555	3.468901225000703
Kocak_MYCNnonAmp|rand_556	3.460817992103984
Kocak_MYCNnonAmp|rand_557	3.6486751689402492
Kocak_MYCNnonAmp|rand_558	3.663023964037505
Kocak_MYCNnonAmp|rand_559	3.9481233259320847
Kocak_MYCNnonAmp|rand_560	3.4221487857245183
Kocak_MYCNnonAmp|rand_561	3.75272753979813
Kocak_MYCNnonAmp|rand_562	3.4985721978761943
Kocak_MYCNnonAmp|rand_563	3.5371531230986197
Kocak_MYCNnonAmp|rand_564	3.489547437767117
Kocak_MYCNnonAmp|rand_565	3.6674521559656204
Kocak_MYCNnonAmp|rand_566	3.2293261959397004
Kocak_MYCNnonAmp|rand_567	3.4960054875540627
Kocak_MYCNnonAmp|rand_568	3.42317126872522
Kocak_MYCNnonAmp|rand_569	3.641229874258893
Kocak_MYCNnonAmp|rand_570	3.769827615407933
Kocak_MYCNnonAmp|rand_571	3.374328641387943
Kocak_MYCNnonAmp|rand_572	3.851078113072688
Kocak_MYCNnonAmp|rand_573	3.611322674740543
Kocak_MYCNnonAmp|rand_574	3.276378706750397
Kocak_MYCNnonAmp|rand_575	3.5065702098852323
Kocak_MYCNnonAmp|rand_576	3.3298365159230827
Kocak_MYCNnonAmp|rand_577	3.6760365486886397
Kocak_MYCNnonAmp|rand_578	3.2684549685386552
Kocak_MYCNnonAmp|rand_579	3.744282362683008
Kocak_MYCNnonAmp|rand_580	3.31287509900044
Kocak_MYCNnonAmp|rand_581	3.7770005503440482
Kocak_MYCNnonAmp|rand_582	3.4520373646359075
Kocak_MYCNnonAmp|rand_583	3.40523744006656
Kocak_MYCNnonAmp|rand_584	3.824242022090469
Kocak_MYCNnonAmp|rand_585	3.555003897317892
Kocak_MYCNnonAmp|rand_586	3.4606869152854536
Kocak_MYCNnonAmp|rand_587	3.7601121297131797
Kocak_MYCNnonAmp|rand_588	3.6107998374444334
Kocak_MYCNnonAmp|rand_589	3.3441238473365917
Kocak_MYCNnonAmp|rand_590	3.7077798785139056
Kocak_MYCNnonAmp|rand_591	2.95755462631753
Kocak_MYCNnonAmp|rand_592	3.2708862241983865
Kocak_MYCNnonAmp|rand_593	3.2776930148030776
Kocak_MYCNnonAmp|rand_594	3.7584488110782526
Kocak_MYCNnonAmp|rand_595	3.474516988614457
Kocak_MYCNnonAmp|rand_596	3.5085186252089358
Kocak_MYCNnonAmp|rand_597	3.458343113369758
Kocak_MYCNnonAmp|rand_598	3.3953908545020246
Kocak_MYCNnonAmp|rand_599	3.4116102511677955
Kocak_MYCNnonAmp|rand_600	3.2199576106497623
Kocak_MYCNnonAmp|rand_601	3.811586564597575
Kocak_MYCNnonAmp|rand_602	3.771217643475078
Kocak_MYCNnonAmp|rand_603	3.2942817462960257
Kocak_MYCNnonAmp|rand_604	3.7823008701811216
Kocak_MYCNnonAmp|rand_605	3.322866898643586
Kocak_MYCNnonAmp|rand_606	3.3148605143947907
Kocak_MYCNnonAmp|rand_607	3.433034855200813
Kocak_MYCNnonAmp|rand_608	3.133571328412547
Kocak_MYCNnonAmp|rand_609	3.062850009378225
Kocak_MYCNnonAmp|rand_610	3.5157504772279387
Kocak_MYCNnonAmp|rand_611	3.6491198986605666
Kocak_MYCNnonAmp|rand_612	2.8708033525011447
Kocak_MYCNnonAmp|rand_613	3.5465188597633657
Kocak_MYCNnonAmp|rand_614	3.1991253030157996
Kocak_MYCNnonAmp|rand_615	3.6268679105461965
Kocak_MYCNnonAmp|rand_616	3.7944893910465463
Kocak_MYCNnonAmp|rand_617	3.211560321434983
Kocak_MYCNnonAmp|rand_618	3.424147269305302
Kocak_MYCNnonAmp|rand_619	3.723355115393327
Kocak_MYCNnonAmp|rand_620	3.504687542903871
Kocak_MYCNnonAmp|rand_621	3.553813000321061
Kocak_MYCNnonAmp|rand_622	3.5170186020770458
Kocak_MYCNnonAmp|rand_623	3.4539185807195594
Kocak_MYCNnonAmp|rand_624	3.204782179526987
Kocak_MYCNnonAmp|rand_625	3.56961482446984
Kocak_MYCNnonAmp|rand_626	3.6983307355564556
Kocak_MYCNnonAmp|rand_627	3.517084692652167
Kocak_MYCNnonAmp|rand_628	3.6156062989823083
Kocak_MYCNnonAmp|rand_629	3.745118269628181
Kocak_MYCNnonAmp|rand_630	3.686987635373606
Kocak_MYCNnonAmp|rand_631	3.4856023133885827
Kocak_MYCNnonAmp|rand_632	3.6754964677920414
Kocak_MYCNnonAmp|rand_633	3.4470068875717246
Kocak_MYCNnonAmp|rand_634	3.365692306009627
Kocak_MYCNnonAmp|rand_635	3.2976971162152964
Kocak_MYCNnonAmp|rand_636	3.157502576840393
Kocak_MYCNnonAmp|rand_637	3.4405163150590905
Kocak_MYCNnonAmp|rand_638	3.4662116447219704
Kocak_MYCNnonAmp|rand_639	3.4707832344651757
Kocak_MYCNnonAmp|rand_640	3.3263070574507902
Kocak_MYCNnonAmp|rand_641	3.3383666265912253
Kocak_MYCNnonAmp|rand_642	3.661697976264067
Kocak_MYCNnonAmp|rand_643	3.7196763232284082
Kocak_MYCNnonAmp|rand_644	3.293620080264578
Kocak_MYCNnonAmp|rand_645	3.528616396344253
Kocak_MYCNnonAmp|rand_646	3.3218957454617284
Kocak_MYCNnonAmp|rand_647	3.3234819164459144
Kocak_MYCNnonAmp|rand_648	3.8037178822819517
Kocak_MYCNnonAmp|rand_649	3.5742126666132474
Kocak_MYCNnonAmp|rand_650	3.271109658266314
Kocak_MYCNnonAmp|rand_651	3.4237369361332957
Kocak_MYCNnonAmp|rand_652	3.5824213854763123
Kocak_MYCNnonAmp|rand_653	3.394645514690912
Kocak_MYCNnonAmp|rand_654	3.744003173487528
Kocak_MYCNnonAmp|rand_655	3.5454377864492557
Kocak_MYCNnonAmp|rand_656	3.7010566992606053
Kocak_MYCNnonAmp|rand_657	3.6199098276820725
Kocak_MYCNnonAmp|rand_658	3.1441194550187834
Kocak_MYCNnonAmp|rand_659	3.450000283963304
Kocak_MYCNnonAmp|rand_660	3.274074149007937
Kocak_MYCNnonAmp|rand_661	3.428104855716214
Kocak_MYCNnonAmp|rand_662	3.617162311794928
Kocak_MYCNnonAmp|rand_663	3.576158833355681
Kocak_MYCNnonAmp|rand_664	3.6965131329201677
Kocak_MYCNnonAmp|rand_665	3.5741241890131743
Kocak_MYCNnonAmp|rand_666	3.1013228870019858
Kocak_MYCNnonAmp|rand_667	3.4738743659850475
Kocak_MYCNnonAmp|rand_668	3.4725630061505575
Kocak_MYCNnonAmp|rand_669	3.52982195458741
Kocak_MYCNnonAmp|rand_670	3.1786927697796665
Kocak_MYCNnonAmp|rand_671	3.4902889877251777
Kocak_MYCNnonAmp|rand_672	3.8961187865990943
Kocak_MYCNnonAmp|rand_673	3.6967130276674314
Kocak_MYCNnonAmp|rand_674	3.668209018534345
Kocak_MYCNnonAmp|rand_675	3.2021082287404057
Kocak_MYCNnonAmp|rand_676	3.648291385248332
Kocak_MYCNnonAmp|rand_677	3.351576669487187
Kocak_MYCNnonAmp|rand_678	3.6093251816166134
Kocak_MYCNnonAmp|rand_679	3.587732863794086
Kocak_MYCNnonAmp|rand_680	3.242162144176587
Kocak_MYCNnonAmp|rand_681	3.6685625562658317
Kocak_MYCNnonAmp|rand_682	2.9600534865175367
Kocak_MYCNnonAmp|rand_683	3.5847841221702117
Kocak_MYCNnonAmp|rand_684	3.33060095735801
Kocak_MYCNnonAmp|rand_685	3.682397387007273
Kocak_MYCNnonAmp|rand_686	3.4753362790776725
Kocak_MYCNnonAmp|rand_687	3.338911813171865
Kocak_MYCNnonAmp|rand_688	2.9160215563195515
Kocak_MYCNnonAmp|rand_689	3.4758781914579866
Kocak_MYCNnonAmp|rand_690	3.645242083944893
Kocak_MYCNnonAmp|rand_691	3.6008893660406005
Kocak_MYCNnonAmp|rand_692	3.3866169128593455
Kocak_MYCNnonAmp|rand_693	3.4393032580426275
Kocak_MYCNnonAmp|rand_694	3.4132100447457745
Kocak_MYCNnonAmp|rand_695	3.5466548746734152
Kocak_MYCNnonAmp|rand_696	3.7283954884017527
Kocak_MYCNnonAmp|rand_697	3.3744580675144777
Kocak_MYCNnonAmp|rand_698	3.580467362643288
Kocak_MYCNnonAmp|rand_699	3.4011708031420156
Kocak_MYCNnonAmp|rand_700	3.5628970927190875
Kocak_MYCNnonAmp|rand_701	3.8229504345655245
Kocak_MYCNnonAmp|rand_702	3.390050041820443
Kocak_MYCNnonAmp|rand_703	3.518504163960909
Kocak_MYCNnonAmp|rand_704	3.26122582465974
Kocak_MYCNnonAmp|rand_705	3.487293819342692
Kocak_MYCNnonAmp|rand_706	3.495346472291071
Kocak_MYCNnonAmp|rand_707	3.7269495213038546
Kocak_MYCNnonAmp|rand_708	3.476738924251536
Kocak_MYCNnonAmp|rand_709	3.629229241843667
Kocak_MYCNnonAmp|rand_710	3.4728923361916233
Kocak_MYCNnonAmp|rand_711	3.864110005015605
Kocak_MYCNnonAmp|rand_712	3.503954373406034
Kocak_MYCNnonAmp|rand_713	3.826174759306249
Kocak_MYCNnonAmp|rand_714	3.9045609863348605
Kocak_MYCNnonAmp|rand_715	3.5299003399767703
Kocak_MYCNnonAmp|rand_716	3.529037894834112
Kocak_MYCNnonAmp|rand_717	3.601488504280756
Kocak_MYCNnonAmp|rand_718	3.717296109257574
Kocak_MYCNnonAmp|rand_719	3.60909552065695
Kocak_MYCNnonAmp|rand_720	3.4738803553143316
Kocak_MYCNnonAmp|rand_721	3.3626006453802004
Kocak_MYCNnonAmp|rand_722	3.8653449177413357
Kocak_MYCNnonAmp|rand_723	3.5513110063423485
Kocak_MYCNnonAmp|rand_724	3.380211973223064
Kocak_MYCNnonAmp|rand_725	3.611417635001475
Kocak_MYCNnonAmp|rand_726	3.6063200609611985
Kocak_MYCNnonAmp|rand_727	3.713436995334921
Kocak_MYCNnonAmp|rand_728	3.721041005115718
Kocak_MYCNnonAmp|rand_729	3.389677057116351
Kocak_MYCNnonAmp|rand_730	3.7773505947112485
Kocak_MYCNnonAmp|rand_731	3.524239908812596
Kocak_MYCNnonAmp|rand_732	3.8142588082711057
Kocak_MYCNnonAmp|rand_733	3.5259052194785636
Kocak_MYCNnonAmp|rand_734	3.3805008703692128
Kocak_MYCNnonAmp|rand_735	3.710517134331921
Kocak_MYCNnonAmp|rand_736	3.5741569330861975
Kocak_MYCNnonAmp|rand_737	3.4151088386542114
Kocak_MYCNnonAmp|rand_738	3.5731084994399938
Kocak_MYCNnonAmp|rand_739	3.592378929974274
Kocak_MYCNnonAmp|rand_740	3.297923955098402
Kocak_MYCNnonAmp|rand_741	3.344258573732393
Kocak_MYCNnonAmp|rand_742	3.7106697099444665
Kocak_MYCNnonAmp|rand_743	3.533908481095819
Kocak_MYCNnonAmp|rand_744	3.5030029305242616
Kocak_MYCNnonAmp|rand_745	3.8165635108722693
Kocak_MYCNnonAmp|rand_746	3.523557610669691
Kocak_MYCNnonAmp|rand_747	3.813409361034385
Kocak_MYCNnonAmp|rand_748	3.495894534118835
Kocak_MYCNnonAmp|rand_749	3.560737203164415
Kocak_MYCNnonAmp|rand_750	3.236272586638252
Kocak_MYCNnonAmp|rand_751	3.410083760816529
Kocak_MYCNnonAmp|rand_752	3.8697222190136262
Kocak_MYCNnonAmp|rand_753	3.500128220729703
Kocak_MYCNnonAmp|rand_754	3.330806813181745
Kocak_MYCNnonAmp|rand_755	3.487534089024349
Kocak_MYCNnonAmp|rand_756	3.724729616414434
Kocak_MYCNnonAmp|rand_757	3.527587940471547
Kocak_MYCNnonAmp|rand_758	3.8342480445902716
Kocak_MYCNnonAmp|rand_759	3.7279054949989714
Kocak_MYCNnonAmp|rand_760	3.415791141719672
Kocak_MYCNnonAmp|rand_761	2.96770263186616
Kocak_MYCNnonAmp|rand_762	3.3286667255498728
Kocak_MYCNnonAmp|rand_763	3.5299085135318933
Kocak_MYCNnonAmp|rand_764	3.49005725067664
Kocak_MYCNnonAmp|rand_765	3.384617110805831
Kocak_MYCNnonAmp|rand_766	3.2095983880464654
Kocak_MYCNnonAmp|rand_767	3.375989910823555
Kocak_MYCNnonAmp|rand_768	3.517303369166159
Kocak_MYCNnonAmp|rand_769	3.4714446123226486
Kocak_MYCNnonAmp|rand_770	3.4257887704708736
Kocak_MYCNnonAmp|rand_771	3.3729374746232597
Kocak_MYCNnonAmp|rand_772	3.2742634099552133
Kocak_MYCNnonAmp|rand_773	3.258547369211965
Kocak_MYCNnonAmp|rand_774	3.845036567764508
Kocak_MYCNnonAmp|rand_775	3.540698178734829
Kocak_MYCNnonAmp|rand_776	3.4174459209407604
Kocak_MYCNnonAmp|rand_777	3.5049041985681457
Kocak_MYCNnonAmp|rand_778	3.7322450072480393
Kocak_MYCNnonAmp|rand_779	3.3247821232195744
Kocak_MYCNnonAmp|rand_780	3.2638455759037788
Kocak_MYCNnonAmp|rand_781	3.4919271617090977
Kocak_MYCNnonAmp|rand_782	3.754491122992953
Kocak_MYCNnonAmp|rand_783	3.219725496551537
Kocak_MYCNnonAmp|rand_784	3.3471943800076045
Kocak_MYCNnonAmp|rand_785	3.3823664061043734
Kocak_MYCNnonAmp|rand_786	3.251183455428633
Kocak_MYCNnonAmp|rand_787	3.362123914598407
Kocak_MYCNnonAmp|rand_788	3.788652897681915
Kocak_MYCNnonAmp|rand_789	3.5986361915679295
Kocak_MYCNnonAmp|rand_790	3.598711958056527
Kocak_MYCNnonAmp|rand_791	3.5464979115735833
Kocak_MYCNnonAmp|rand_792	3.5619809379474874
Kocak_MYCNnonAmp|rand_793	2.690419405762031
Kocak_MYCNnonAmp|rand_794	3.620662214211025
Kocak_MYCNnonAmp|rand_795	3.646585050858221
Kocak_MYCNnonAmp|rand_796	3.4237696259422057
Kocak_MYCNnonAmp|rand_797	3.4253139451732224
Kocak_MYCNnonAmp|rand_798	3.5067095040991814
Kocak_MYCNnonAmp|rand_799	3.4583087904197667
Kocak_MYCNnonAmp|rand_800	3.0695852265302688
Kocak_MYCNnonAmp|rand_801	3.3403712883510193
Kocak_MYCNnonAmp|rand_802	3.3438380693790384
Kocak_MYCNnonAmp|rand_803	3.605733970530161
Kocak_MYCNnonAmp|rand_804	3.7962194096508566
Kocak_MYCNnonAmp|rand_805	3.6036831407612366
Kocak_MYCNnonAmp|rand_806	3.699385325139789
Kocak_MYCNnonAmp|rand_807	3.489828629381157
Kocak_MYCNnonAmp|rand_808	3.331643619285754
Kocak_MYCNnonAmp|rand_809	3.3286636225141706
Kocak_MYCNnonAmp|rand_810	3.5173744534252522
Kocak_MYCNnonAmp|rand_811	3.3809343723417173
Kocak_MYCNnonAmp|rand_812	3.6859413285352827
Kocak_MYCNnonAmp|rand_813	3.4960722700313283
Kocak_MYCNnonAmp|rand_814	3.429889042131863
Kocak_MYCNnonAmp|rand_815	3.646377839539401
Kocak_MYCNnonAmp|rand_816	3.5537768923646307
Kocak_MYCNnonAmp|rand_817	3.4048148328182535
Kocak_MYCNnonAmp|rand_818	3.672129716200985
Kocak_MYCNnonAmp|rand_819	3.639630320000464
Kocak_MYCNnonAmp|rand_820	3.831473170033212
Kocak_MYCNnonAmp|rand_821	3.4380383113361734
Kocak_MYCNnonAmp|rand_822	3.555503158775037
Kocak_MYCNnonAmp|rand_823	3.496075427810455
Kocak_MYCNnonAmp|rand_824	3.7550900391990614
Kocak_MYCNnonAmp|rand_825	3.5401424415563367
Kocak_MYCNnonAmp|rand_826	3.623117211429487
Kocak_MYCNnonAmp|rand_827	3.417383871387904
Kocak_MYCNnonAmp|rand_828	3.229073886123331
Kocak_MYCNnonAmp|rand_829	3.5347395987728856
Kocak_MYCNnonAmp|rand_830	3.4528361182170966
Kocak_MYCNnonAmp|rand_831	3.000117052649478
Kocak_MYCNnonAmp|rand_832	3.751617364953951
Kocak_MYCNnonAmp|rand_833	3.599682465097817
Kocak_MYCNnonAmp|rand_834	3.2828411466651817
Kocak_MYCNnonAmp|rand_835	3.602870868800624
Kocak_MYCNnonAmp|rand_836	3.6425116697319893
Kocak_MYCNnonAmp|rand_837	3.7897500879438004
Kocak_MYCNnonAmp|rand_838	3.621611415234844
Kocak_MYCNnonAmp|rand_839	3.6279719148462757
Kocak_MYCNnonAmp|rand_840	3.7659829023658196
Kocak_MYCNnonAmp|rand_841	3.775386299035721
Kocak_MYCNnonAmp|rand_842	3.4109713103867705
Kocak_MYCNnonAmp|rand_843	3.7126683480162996
Kocak_MYCNnonAmp|rand_844	3.4126715280127624
Kocak_MYCNnonAmp|rand_845	3.5379495282680775
Kocak_MYCNnonAmp|rand_846	3.7335923703354483
Kocak_MYCNnonAmp|rand_847	2.977931976752883
Kocak_MYCNnonAmp|rand_848	3.598534191861016
Kocak_MYCNnonAmp|rand_849	3.4154751539960486
Kocak_MYCNnonAmp|rand_850	3.4499400700863494
Kocak_MYCNnonAmp|rand_851	3.505028379011167
Kocak_MYCNnonAmp|rand_852	3.4509714735888735
Kocak_MYCNnonAmp|rand_853	3.8152020643390196
Kocak_MYCNnonAmp|rand_854	3.2581573387786538
Kocak_MYCNnonAmp|rand_855	3.4255833140200176
Kocak_MYCNnonAmp|rand_856	3.2087006371524622
Kocak_MYCNnonAmp|rand_857	3.604672082384681
Kocak_MYCNnonAmp|rand_858	3.694189902045524
Kocak_MYCNnonAmp|rand_859	3.602267806683956
Kocak_MYCNnonAmp|rand_860	3.065186382606535
Kocak_MYCNnonAmp|rand_861	3.667605336007619
Kocak_MYCNnonAmp|rand_862	3.5259210940564913
Kocak_MYCNnonAmp|rand_863	3.4830765393985104
Kocak_MYCNnonAmp|rand_864	3.459557999624379
Kocak_MYCNnonAmp|rand_865	3.752217290939304
Kocak_MYCNnonAmp|rand_866	3.511459146793157
Kocak_MYCNnonAmp|rand_867	3.671873273401941
Kocak_MYCNnonAmp|rand_868	3.5615992659245865
Kocak_MYCNnonAmp|rand_869	3.682329300614622
Kocak_MYCNnonAmp|rand_870	3.773182852290743
Kocak_MYCNnonAmp|rand_871	3.796397464016036
Kocak_MYCNnonAmp|rand_872	3.3324025125868393
Kocak_MYCNnonAmp|rand_873	3.911311648032448
Kocak_MYCNnonAmp|rand_874	3.324184702780078
Kocak_MYCNnonAmp|rand_875	3.369882759492292
Kocak_MYCNnonAmp|rand_876	3.5906406253622287
Kocak_MYCNnonAmp|rand_877	3.4277676588518444
Kocak_MYCNnonAmp|rand_878	3.340664697390674
Kocak_MYCNnonAmp|rand_879	3.114123212858711
Kocak_MYCNnonAmp|rand_880	3.5995190223058464
Kocak_MYCNnonAmp|rand_881	3.5008116664743936
Kocak_MYCNnonAmp|rand_882	3.6152670239733755
Kocak_MYCNnonAmp|rand_883	3.427481081832919
Kocak_MYCNnonAmp|rand_884	3.626990689596373
Kocak_MYCNnonAmp|rand_885	3.11798056675296
Kocak_MYCNnonAmp|rand_886	3.3590403328212015
Kocak_MYCNnonAmp|rand_887	3.4842259489841467
Kocak_MYCNnonAmp|rand_888	3.424622239711846
Kocak_MYCNnonAmp|rand_889	3.4515376484605387
Kocak_MYCNnonAmp|rand_890	3.681812704736453
Kocak_MYCNnonAmp|rand_891	3.158596995923042
Kocak_MYCNnonAmp|rand_892	3.62662572747558
Kocak_MYCNnonAmp|rand_893	3.2944839539748765
Kocak_MYCNnonAmp|rand_894	3.434364811888904
Kocak_MYCNnonAmp|rand_895	3.429454181349215
Kocak_MYCNnonAmp|rand_896	3.2524294703960726
Kocak_MYCNnonAmp|rand_897	3.3383505429829428
Kocak_MYCNnonAmp|rand_898	3.608889543020937
Kocak_MYCNnonAmp|rand_899	3.788892251265656
Kocak_MYCNnonAmp|rand_900	3.481328932124521
Kocak_MYCNnonAmp|rand_901	3.655887475656556
Kocak_MYCNnonAmp|rand_902	3.5516712621432975
Kocak_MYCNnonAmp|rand_903	3.479169389862103
Kocak_MYCNnonAmp|rand_904	3.4776179234184506
Kocak_MYCNnonAmp|rand_905	3.515574536964821
Kocak_MYCNnonAmp|rand_906	3.4771364073929196
Kocak_MYCNnonAmp|rand_907	3.4003830468026055
Kocak_MYCNnonAmp|rand_908	3.3539257049755173
Kocak_MYCNnonAmp|rand_909	3.547465740711241
Kocak_MYCNnonAmp|rand_910	3.3443655568253385
Kocak_MYCNnonAmp|rand_911	3.5986897622088327
Kocak_MYCNnonAmp|rand_912	3.6915565735605536
Kocak_MYCNnonAmp|rand_913	3.232554032770634
Kocak_MYCNnonAmp|rand_914	3.536408624825655
Kocak_MYCNnonAmp|rand_915	3.7228471571035957
Kocak_MYCNnonAmp|rand_916	3.489419278267324
Kocak_MYCNnonAmp|rand_917	3.8156026063748785
Kocak_MYCNnonAmp|rand_918	3.417740307679632
Kocak_MYCNnonAmp|rand_919	3.605881240909183
Kocak_MYCNnonAmp|rand_920	3.3732179074911492
Kocak_MYCNnonAmp|rand_921	3.5437831622751466
Kocak_MYCNnonAmp|rand_922	3.7170089074201234
Kocak_MYCNnonAmp|rand_923	3.0897703263589045
Kocak_MYCNnonAmp|rand_924	3.6850704458852266
Kocak_MYCNnonAmp|rand_925	3.789134103434097
Kocak_MYCNnonAmp|rand_926	3.409885221249635
Kocak_MYCNnonAmp|rand_927	3.521623082978823
Kocak_MYCNnonAmp|rand_928	3.2935123633782357
Kocak_MYCNnonAmp|rand_929	3.428367006076885
Kocak_MYCNnonAmp|rand_930	3.542772719870718
Kocak_MYCNnonAmp|rand_931	3.411975871397384
Kocak_MYCNnonAmp|rand_932	3.571225719667914
Kocak_MYCNnonAmp|rand_933	3.6005509142786445
Kocak_MYCNnonAmp|rand_934	3.7377552350474645
Kocak_MYCNnonAmp|rand_935	3.507386809784144
Kocak_MYCNnonAmp|rand_936	3.3956780242948086
Kocak_MYCNnonAmp|rand_937	3.694691738942322
Kocak_MYCNnonAmp|rand_938	3.3406779363896715
Kocak_MYCNnonAmp|rand_939	3.247082495788342
Kocak_MYCNnonAmp|rand_940	3.5597701945118216
Kocak_MYCNnonAmp|rand_941	3.8306810890901484
Kocak_MYCNnonAmp|rand_942	3.2145019283410035
Kocak_MYCNnonAmp|rand_943	3.7145918374458233
Kocak_MYCNnonAmp|rand_944	3.0193401048821418
Kocak_MYCNnonAmp|rand_945	3.5532832851888494
Kocak_MYCNnonAmp|rand_946	3.3789335881640916
Kocak_MYCNnonAmp|rand_947	3.6608033820874293
Kocak_MYCNnonAmp|rand_948	3.3341269127062656
Kocak_MYCNnonAmp|rand_949	3.77186912210155
Kocak_MYCNnonAmp|rand_950	3.336676804048469
Kocak_MYCNnonAmp|rand_951	3.607327693491484
Kocak_MYCNnonAmp|rand_952	3.384337667408625
Kocak_MYCNnonAmp|rand_953	3.508451323145039
Kocak_MYCNnonAmp|rand_954	3.717986160987405
Kocak_MYCNnonAmp|rand_955	3.477880819259947
Kocak_MYCNnonAmp|rand_956	3.562938371487806
Kocak_MYCNnonAmp|rand_957	3.4909005292063924
Kocak_MYCNnonAmp|rand_958	3.502401263201092
Kocak_MYCNnonAmp|rand_959	3.635529301090296
Kocak_MYCNnonAmp|rand_960	3.7067642553166325
Kocak_MYCNnonAmp|rand_961	3.0673511366732
Kocak_MYCNnonAmp|rand_962	3.4819790519029925
Kocak_MYCNnonAmp|rand_963	3.4344290005759333
Kocak_MYCNnonAmp|rand_964	3.338537518633928
Kocak_MYCNnonAmp|rand_965	3.434964226601611
Kocak_MYCNnonAmp|rand_966	4.028896556173315
Kocak_MYCNnonAmp|rand_967	3.418072522678703
Kocak_MYCNnonAmp|rand_968	3.4735914972518875
Kocak_MYCNnonAmp|rand_969	3.113340981681241
Kocak_MYCNnonAmp|rand_970	3.3733001091103296
Kocak_MYCNnonAmp|rand_971	3.3970036700111694
Kocak_MYCNnonAmp|rand_972	3.7732767634120132
Kocak_MYCNnonAmp|rand_973	3.769837907211526
Kocak_MYCNnonAmp|rand_974	3.5397473752948287
Kocak_MYCNnonAmp|rand_975	3.702912068840509
Kocak_MYCNnonAmp|rand_976	3.5149546747954505
Kocak_MYCNnonAmp|rand_977	3.2758624833659216
Kocak_MYCNnonAmp|rand_978	3.677448799558611
Kocak_MYCNnonAmp|rand_979	3.671421407119238
Kocak_MYCNnonAmp|rand_980	3.7513874085590886
Kocak_MYCNnonAmp|rand_981	3.7064049847543465
Kocak_MYCNnonAmp|rand_982	3.5954325006284598
Kocak_MYCNnonAmp|rand_983	3.3491118436719356
Kocak_MYCNnonAmp|rand_984	3.631963912268069
Kocak_MYCNnonAmp|rand_985	3.3691762885326435
Kocak_MYCNnonAmp|rand_986	3.8221346060333814
Kocak_MYCNnonAmp|rand_987	3.254328336132242
Kocak_MYCNnonAmp|rand_988	3.4385490070126288
Kocak_MYCNnonAmp|rand_989	3.378878079306105
Kocak_MYCNnonAmp|rand_990	3.6935440765946956
Kocak_MYCNnonAmp|rand_991	3.31260644305958
Kocak_MYCNnonAmp|rand_992	3.6088794859070514
Kocak_MYCNnonAmp|rand_993	3.250220690593299
Kocak_MYCNnonAmp|rand_994	3.670989443915738
Kocak_MYCNnonAmp|rand_995	3.5770375829724617
Kocak_MYCNnonAmp|rand_996	3.531878248957558
Kocak_MYCNnonAmp|rand_997	3.7452402656263213
Kocak_MYCNnonAmp|rand_998	3.494113567874626
Kocak_MYCNnonAmp|rand_999	3.3682658906783396
Kocak_MYCNnonAmp|rand_1000	3.6377032309567414
