perm_id	delta_ccd_draw	database_name	draw_type	bootstrap_id
1.0	0.03221899981802512	SEQC	permutation	
2.0	0.20154693026683912	SEQC	permutation	
3.0	-0.02950290239073583	SEQC	permutation	
4.0	0.27029996371902865	SEQC	permutation	
5.0	-0.22598366983256213	SEQC	permutation	
6.0	0.03115438617806543	SEQC	permutation	
7.0	-0.1348334886072835	SEQC	permutation	
8.0	0.054517282777089004	SEQC	permutation	
9.0	-0.11853829038065289	SEQC	permutation	
10.0	0.3394595441692889	SEQC	permutation	
11.0	0.029041318029908503	SEQC	permutation	
12.0	0.21321292739338826	SEQC	permutation	
13.0	-0.04887237459393834	SEQC	permutation	
14.0	0.14395797188703785	SEQC	permutation	
15.0	-0.2241977781656015	SEQC	permutation	
16.0	0.02441750442387347	SEQC	permutation	
17.0	-0.10057296865865517	SEQC	permutation	
18.0	-0.15899763251263144	SEQC	permutation	
19.0	-0.1659590985054562	SEQC	permutation	
20.0	0.13093019665484018	SEQC	permutation	
21.0	0.01796498907104427	SEQC	permutation	
22.0	0.10463653454993871	SEQC	permutation	
23.0	-0.06490823860232764	SEQC	permutation	
24.0	0.1701852519820104	SEQC	permutation	
25.0	-0.2835969104524918	SEQC	permutation	
26.0	-0.03737727164057558	SEQC	permutation	
27.0	-0.11214028168215595	SEQC	permutation	
28.0	0.2973573330925694	SEQC	permutation	
29.0	0.05256975519066165	SEQC	permutation	
30.0	0.11296374272122955	SEQC	permutation	
31.0	0.010307638609324155	SEQC	permutation	
32.0	0.05619699601900363	SEQC	permutation	
33.0	0.001917626329895672	SEQC	permutation	
34.0	0.10103572725657006	SEQC	permutation	
35.0	-0.5146115008957981	SEQC	permutation	
36.0	-0.4288915134735203	SEQC	permutation	
37.0	0.025525491249245302	SEQC	permutation	
38.0	-0.029411987797558048	SEQC	permutation	
39.0	-0.006295838587162983	SEQC	permutation	
40.0	0.2189961794660773	SEQC	permutation	
41.0	0.019049824370890533	SEQC	permutation	
42.0	0.3206348369522667	SEQC	permutation	
43.0	-0.02180740671166559	SEQC	permutation	
44.0	-0.24394133854647349	SEQC	permutation	
45.0	0.08101539273893543	SEQC	permutation	
46.0	-0.16653569529814582	SEQC	permutation	
47.0	0.13256826308845682	SEQC	permutation	
48.0	-0.10993689344190427	SEQC	permutation	
49.0	0.2540035034687036	SEQC	permutation	
50.0	0.048943857135068214	SEQC	permutation	
51.0	0.24104624686982934	SEQC	permutation	
52.0	0.15327001225731074	SEQC	permutation	
53.0	0.055552960510266036	SEQC	permutation	
54.0	0.42876815203026375	SEQC	permutation	
55.0	-0.08789146593500607	SEQC	permutation	
56.0	0.11077552590228246	SEQC	permutation	
57.0	-0.3332505873892244	SEQC	permutation	
58.0	0.23707438069182984	SEQC	permutation	
59.0	-0.11334795916215334	SEQC	permutation	
60.0	0.25228316507340764	SEQC	permutation	
61.0	-0.03151277277742848	SEQC	permutation	
62.0	0.016374942268782	SEQC	permutation	
63.0	-0.07984508844237714	SEQC	permutation	
64.0	0.16383880056353073	SEQC	permutation	
65.0	-0.0077852146362458186	SEQC	permutation	
66.0	0.22883325109520003	SEQC	permutation	
67.0	0.14413143202149126	SEQC	permutation	
68.0	-0.14864679543237935	SEQC	permutation	
69.0	0.08752897960589934	SEQC	permutation	
70.0	0.013732480557437476	SEQC	permutation	
71.0	-0.1792349257930157	SEQC	permutation	
72.0	0.07224937471900983	SEQC	permutation	
73.0	0.25525067020194303	SEQC	permutation	
74.0	0.1192956241470049	SEQC	permutation	
75.0	-0.07821989831114795	SEQC	permutation	
76.0	0.0455787877349243	SEQC	permutation	
77.0	0.11533620023917868	SEQC	permutation	
78.0	0.04129234934155912	SEQC	permutation	
79.0	0.23540056111552188	SEQC	permutation	
80.0	-0.11992828911501485	SEQC	permutation	
81.0	-0.11586269412392536	SEQC	permutation	
82.0	0.04084009044479586	SEQC	permutation	
83.0	0.05274215082178646	SEQC	permutation	
84.0	0.10147500520921993	SEQC	permutation	
85.0	-0.23473496016959539	SEQC	permutation	
86.0	0.3918376776376973	SEQC	permutation	
87.0	-0.08346328821958249	SEQC	permutation	
88.0	0.1552809678777174	SEQC	permutation	
89.0	-0.1357903738488182	SEQC	permutation	
90.0	-0.01208826546857189	SEQC	permutation	
91.0	0.15951809851060084	SEQC	permutation	
92.0	0.004961166073877976	SEQC	permutation	
93.0	0.1056633578943087	SEQC	permutation	
94.0	0.2753822384885445	SEQC	permutation	
95.0	-0.09614092024747878	SEQC	permutation	
96.0	0.39584607406950845	SEQC	permutation	
97.0	0.2911530023270923	SEQC	permutation	
98.0	0.07382409160428383	SEQC	permutation	
99.0	0.2347564263605424	SEQC	permutation	
100.0	0.14485224629653404	SEQC	permutation	
101.0	0.24086529828720282	SEQC	permutation	
102.0	-0.028674749059071303	SEQC	permutation	
103.0	0.21173685731587222	SEQC	permutation	
104.0	0.3133315958202929	SEQC	permutation	
105.0	0.21876162561484458	SEQC	permutation	
106.0	-0.14251108914339294	SEQC	permutation	
107.0	0.04339220471839056	SEQC	permutation	
108.0	0.06567698562585944	SEQC	permutation	
109.0	-0.027902816731139257	SEQC	permutation	
110.0	-0.06566095300827213	SEQC	permutation	
111.0	0.12474419003426185	SEQC	permutation	
112.0	0.034117018389197895	SEQC	permutation	
113.0	0.3144303845320868	SEQC	permutation	
114.0	0.18354666034033285	SEQC	permutation	
115.0	-0.06279334185420948	SEQC	permutation	
116.0	0.08104906985789517	SEQC	permutation	
117.0	0.2015826668947951	SEQC	permutation	
118.0	0.022864520763182572	SEQC	permutation	
119.0	0.1837942218090043	SEQC	permutation	
120.0	0.0890117093590912	SEQC	permutation	
121.0	-0.07362597538173388	SEQC	permutation	
122.0	-0.05224156289296289	SEQC	permutation	
123.0	-0.3030032768956237	SEQC	permutation	
124.0	-0.20008112583146742	SEQC	permutation	
125.0	-0.09632113941621245	SEQC	permutation	
126.0	0.23857818522629826	SEQC	permutation	
127.0	-0.06749874069721029	SEQC	permutation	
128.0	0.2966978260170552	SEQC	permutation	
129.0	-0.21940290855543898	SEQC	permutation	
130.0	-0.1171976884739081	SEQC	permutation	
131.0	0.20079398152525307	SEQC	permutation	
132.0	0.31641335009745397	SEQC	permutation	
133.0	0.025818662295944872	SEQC	permutation	
134.0	-0.05394718132912146	SEQC	permutation	
135.0	0.2757958428686855	SEQC	permutation	
136.0	0.003779828137816743	SEQC	permutation	
137.0	-0.20597060255998612	SEQC	permutation	
138.0	0.09594417347414552	SEQC	permutation	
139.0	-0.1211816951477589	SEQC	permutation	
140.0	-0.1206010181551691	SEQC	permutation	
141.0	-0.08682800441067728	SEQC	permutation	
142.0	-0.2287170451896854	SEQC	permutation	
143.0	-0.2276633601071696	SEQC	permutation	
144.0	-0.11333529869981529	SEQC	permutation	
145.0	-0.004818620995540535	SEQC	permutation	
146.0	-0.21012734795993993	SEQC	permutation	
147.0	0.09591957171988774	SEQC	permutation	
148.0	0.13122850060822033	SEQC	permutation	
149.0	0.061709175156794416	SEQC	permutation	
150.0	-0.21252094526506005	SEQC	permutation	
151.0	-0.25668424177107996	SEQC	permutation	
152.0	0.11796120778159835	SEQC	permutation	
153.0	0.03736507001684064	SEQC	permutation	
154.0	-0.13482087518507146	SEQC	permutation	
155.0	0.0834890711250873	SEQC	permutation	
156.0	-0.002019807859136691	SEQC	permutation	
157.0	0.1011762423484508	SEQC	permutation	
158.0	-0.0062756161755808115	SEQC	permutation	
159.0	0.22830766872525166	SEQC	permutation	
160.0	0.36244333485031976	SEQC	permutation	
161.0	0.01933300253208925	SEQC	permutation	
162.0	0.09346623193193837	SEQC	permutation	
163.0	0.3253633481208671	SEQC	permutation	
164.0	0.027828813361335136	SEQC	permutation	
165.0	0.24764106796098995	SEQC	permutation	
166.0	0.22658202248197723	SEQC	permutation	
167.0	0.19243228907948762	SEQC	permutation	
168.0	-0.0381110082427667	SEQC	permutation	
169.0	0.23865022525775936	SEQC	permutation	
170.0	-0.16272074050155805	SEQC	permutation	
171.0	-0.012890737157644772	SEQC	permutation	
172.0	0.027577739175687288	SEQC	permutation	
173.0	0.0014641652200717559	SEQC	permutation	
174.0	-0.10496534812885505	SEQC	permutation	
175.0	0.08191330360771998	SEQC	permutation	
176.0	-0.13274888351900227	SEQC	permutation	
177.0	-0.2493716043398404	SEQC	permutation	
178.0	0.11659537027933409	SEQC	permutation	
179.0	0.21859460304482337	SEQC	permutation	
180.0	-0.2486514914013087	SEQC	permutation	
181.0	0.49758522972941366	SEQC	permutation	
182.0	-0.3533558436114781	SEQC	permutation	
183.0	0.033546047956954705	SEQC	permutation	
184.0	0.1801132383792856	SEQC	permutation	
185.0	-0.09887707223508047	SEQC	permutation	
186.0	0.18566901900395205	SEQC	permutation	
187.0	0.00802403031125909	SEQC	permutation	
188.0	0.11625966194196824	SEQC	permutation	
189.0	0.11263353619035721	SEQC	permutation	
190.0	0.1777212178435139	SEQC	permutation	
191.0	0.05815988885373491	SEQC	permutation	
192.0	0.032935086796250346	SEQC	permutation	
193.0	-0.3411118885853619	SEQC	permutation	
194.0	-0.014689674212434944	SEQC	permutation	
195.0	-0.022864023530996924	SEQC	permutation	
196.0	0.14926232389654848	SEQC	permutation	
197.0	0.07052599152800232	SEQC	permutation	
198.0	-0.2757400283325122	SEQC	permutation	
199.0	0.07389303101885059	SEQC	permutation	
200.0	-0.06935771942323621	SEQC	permutation	
201.0	0.17258218151083948	SEQC	permutation	
202.0	0.04807289876204557	SEQC	permutation	
203.0	-0.17921700761027415	SEQC	permutation	
204.0	0.12033061521787625	SEQC	permutation	
205.0	0.18368160196393335	SEQC	permutation	
206.0	-0.21999840423482953	SEQC	permutation	
207.0	0.009854188494623273	SEQC	permutation	
208.0	-0.23093051820711397	SEQC	permutation	
209.0	0.17314879152750118	SEQC	permutation	
210.0	0.07831770165730001	SEQC	permutation	
211.0	0.007918189281661103	SEQC	permutation	
212.0	0.05106859963786503	SEQC	permutation	
213.0	-0.14766888622976948	SEQC	permutation	
214.0	0.07697583861439616	SEQC	permutation	
215.0	-0.05979207585529078	SEQC	permutation	
216.0	0.04595992904390567	SEQC	permutation	
217.0	-0.035101802517808256	SEQC	permutation	
218.0	0.04019865836476466	SEQC	permutation	
219.0	-0.2635747365391574	SEQC	permutation	
220.0	-0.07378613825527891	SEQC	permutation	
221.0	0.11421238955365176	SEQC	permutation	
222.0	0.25287716667333404	SEQC	permutation	
223.0	0.25081677945459946	SEQC	permutation	
224.0	-0.030820379825754696	SEQC	permutation	
225.0	0.0561640646455297	SEQC	permutation	
226.0	0.10693650579718472	SEQC	permutation	
227.0	0.2165550016472837	SEQC	permutation	
228.0	0.13512148712685645	SEQC	permutation	
229.0	-0.034283555081483286	SEQC	permutation	
230.0	-0.03760521335622524	SEQC	permutation	
231.0	0.13092322159466319	SEQC	permutation	
232.0	0.04587249508161584	SEQC	permutation	
233.0	0.15799092497515366	SEQC	permutation	
234.0	0.10442261581405576	SEQC	permutation	
235.0	0.11404634872508357	SEQC	permutation	
236.0	0.20409486115588393	SEQC	permutation	
237.0	0.08409267319079117	SEQC	permutation	
238.0	-0.12973409550803172	SEQC	permutation	
239.0	-0.024665063185410396	SEQC	permutation	
240.0	0.22958219969835847	SEQC	permutation	
241.0	-0.05992132714934373	SEQC	permutation	
242.0	0.18719176154182016	SEQC	permutation	
243.0	0.20733193152433138	SEQC	permutation	
244.0	-0.06753314762831852	SEQC	permutation	
245.0	0.26233259644860274	SEQC	permutation	
246.0	0.1637170956208709	SEQC	permutation	
247.0	0.2820626592204327	SEQC	permutation	
248.0	-0.5598171800769189	SEQC	permutation	
249.0	-0.093326666258855	SEQC	permutation	
250.0	0.2883728095341782	SEQC	permutation	
251.0	-0.08602613691493266	SEQC	permutation	
252.0	0.17819404638772918	SEQC	permutation	
253.0	0.06789015926886455	SEQC	permutation	
254.0	-0.12343612644042601	SEQC	permutation	
255.0	-0.10053993637213621	SEQC	permutation	
256.0	0.1871657995205851	SEQC	permutation	
257.0	0.038679974763033975	SEQC	permutation	
258.0	0.146443023228775	SEQC	permutation	
259.0	0.20082479599399505	SEQC	permutation	
260.0	0.289923466472199	SEQC	permutation	
261.0	0.0020938191266419715	SEQC	permutation	
262.0	-0.08152740608698261	SEQC	permutation	
263.0	-0.016164966659057534	SEQC	permutation	
264.0	-0.0410825892355402	SEQC	permutation	
265.0	0.22161850833355734	SEQC	permutation	
266.0	0.0593220055698076	SEQC	permutation	
267.0	0.18401506946422064	SEQC	permutation	
268.0	-0.08724625983587364	SEQC	permutation	
269.0	0.10755558609248794	SEQC	permutation	
270.0	-0.14227210329478313	SEQC	permutation	
271.0	0.0007486977001720518	SEQC	permutation	
272.0	-0.006011586703553284	SEQC	permutation	
273.0	0.24647611338856112	SEQC	permutation	
274.0	0.06761502121213381	SEQC	permutation	
275.0	-0.07004051785278698	SEQC	permutation	
276.0	-0.06809658624322257	SEQC	permutation	
277.0	0.1693244852032212	SEQC	permutation	
278.0	-0.07198463041797787	SEQC	permutation	
279.0	0.07762411554797044	SEQC	permutation	
280.0	0.30301255830183393	SEQC	permutation	
281.0	0.19135580195789004	SEQC	permutation	
282.0	0.22137047088141149	SEQC	permutation	
283.0	0.10625633249899691	SEQC	permutation	
284.0	0.18084106175355164	SEQC	permutation	
285.0	0.1560992468912934	SEQC	permutation	
286.0	0.04687962178726046	SEQC	permutation	
287.0	0.24525930698619502	SEQC	permutation	
288.0	0.06765585632934457	SEQC	permutation	
289.0	-0.0140939055358138	SEQC	permutation	
290.0	0.3835045911972621	SEQC	permutation	
291.0	0.016707342288786453	SEQC	permutation	
292.0	0.3037004857354684	SEQC	permutation	
293.0	-0.11030598673900416	SEQC	permutation	
294.0	-0.13042977629151853	SEQC	permutation	
295.0	-0.11248760485251363	SEQC	permutation	
296.0	0.4005699649892893	SEQC	permutation	
297.0	0.1632577987824475	SEQC	permutation	
298.0	-0.37809449855033206	SEQC	permutation	
299.0	-0.30829135367063243	SEQC	permutation	
300.0	0.012442419068721566	SEQC	permutation	
301.0	0.011333779865353666	SEQC	permutation	
302.0	-0.28098109809454863	SEQC	permutation	
303.0	-0.11712852818616692	SEQC	permutation	
304.0	-0.12012697017932883	SEQC	permutation	
305.0	0.04826019155697647	SEQC	permutation	
306.0	-0.011165158507967732	SEQC	permutation	
307.0	0.1204534943604223	SEQC	permutation	
308.0	-0.08736253538296213	SEQC	permutation	
309.0	-0.03973001123536868	SEQC	permutation	
310.0	0.2052841317403864	SEQC	permutation	
311.0	0.4746545532688997	SEQC	permutation	
312.0	-0.055731656777390004	SEQC	permutation	
313.0	0.09809085088014546	SEQC	permutation	
314.0	0.03411984648766575	SEQC	permutation	
315.0	0.09419875458284732	SEQC	permutation	
316.0	-0.09391494397865285	SEQC	permutation	
317.0	-0.024612842312612848	SEQC	permutation	
318.0	-0.10505295348183186	SEQC	permutation	
319.0	-0.07946278734390377	SEQC	permutation	
320.0	-0.18039697639267516	SEQC	permutation	
321.0	0.31769936687677314	SEQC	permutation	
322.0	0.1971391581573343	SEQC	permutation	
323.0	0.16096621065327277	SEQC	permutation	
324.0	0.14125554196537182	SEQC	permutation	
325.0	0.2134492497962981	SEQC	permutation	
326.0	0.2773029460435512	SEQC	permutation	
327.0	0.19477781996198829	SEQC	permutation	
328.0	-0.19186218056124815	SEQC	permutation	
329.0	-0.1405861040470726	SEQC	permutation	
330.0	0.14043264058914273	SEQC	permutation	
331.0	0.10929599440930993	SEQC	permutation	
332.0	-0.22375673693001996	SEQC	permutation	
333.0	0.05511865573430663	SEQC	permutation	
334.0	-0.01985083668828258	SEQC	permutation	
335.0	0.20372269907398888	SEQC	permutation	
336.0	-0.04398080904380919	SEQC	permutation	
337.0	0.05387035959986708	SEQC	permutation	
338.0	0.13506157083315795	SEQC	permutation	
339.0	-0.02030225634547911	SEQC	permutation	
340.0	0.004072083996118803	SEQC	permutation	
341.0	-0.007570351102869299	SEQC	permutation	
342.0	0.076433566073006	SEQC	permutation	
343.0	-0.5037323954591777	SEQC	permutation	
344.0	0.03853657028317947	SEQC	permutation	
345.0	0.09583980992292851	SEQC	permutation	
346.0	0.22980964578041174	SEQC	permutation	
347.0	0.2360203176582023	SEQC	permutation	
348.0	-0.004209934315920982	SEQC	permutation	
349.0	-0.06469914489490858	SEQC	permutation	
350.0	-0.02983667879411911	SEQC	permutation	
351.0	-0.2846703360644649	SEQC	permutation	
352.0	-0.006049190891520784	SEQC	permutation	
353.0	0.21031487816414307	SEQC	permutation	
354.0	-0.35360540038140753	SEQC	permutation	
355.0	0.08376392000806421	SEQC	permutation	
356.0	0.20028685493920761	SEQC	permutation	
357.0	-0.1471292510107931	SEQC	permutation	
358.0	0.15809786371561785	SEQC	permutation	
359.0	0.009111189555812693	SEQC	permutation	
360.0	0.11540113153295328	SEQC	permutation	
361.0	0.32359904174515464	SEQC	permutation	
362.0	-0.05051127744269257	SEQC	permutation	
363.0	0.15602740216041067	SEQC	permutation	
364.0	-0.20490920636445153	SEQC	permutation	
365.0	0.14317685181654172	SEQC	permutation	
366.0	-0.02085231935535825	SEQC	permutation	
367.0	0.05504747587854464	SEQC	permutation	
368.0	-0.0827476097687514	SEQC	permutation	
369.0	-0.2438848713115589	SEQC	permutation	
370.0	-0.026445560387668543	SEQC	permutation	
371.0	0.16315608039935015	SEQC	permutation	
372.0	-0.03220770458933053	SEQC	permutation	
373.0	0.07152256944629043	SEQC	permutation	
374.0	0.09529668850667061	SEQC	permutation	
375.0	0.29600148311394614	SEQC	permutation	
376.0	0.07360238992576562	SEQC	permutation	
377.0	-0.16791464678609858	SEQC	permutation	
378.0	-0.2630426471357472	SEQC	permutation	
379.0	-0.24565156454425008	SEQC	permutation	
380.0	-0.007696564149282992	SEQC	permutation	
381.0	-0.049630189780530465	SEQC	permutation	
382.0	0.3234511455779856	SEQC	permutation	
383.0	-0.05835864106341271	SEQC	permutation	
384.0	0.19585839346856782	SEQC	permutation	
385.0	0.07808321112233108	SEQC	permutation	
386.0	-0.13247623931513308	SEQC	permutation	
387.0	0.045903627592915	SEQC	permutation	
388.0	0.2862276891076627	SEQC	permutation	
389.0	0.051622653578171196	SEQC	permutation	
390.0	0.22978811867718996	SEQC	permutation	
391.0	-0.022097148979947967	SEQC	permutation	
392.0	0.029309438561164747	SEQC	permutation	
393.0	-0.08325360477162214	SEQC	permutation	
394.0	0.09976792735206796	SEQC	permutation	
395.0	-0.15024492905592446	SEQC	permutation	
396.0	0.04130078744567944	SEQC	permutation	
397.0	-0.06205291973520444	SEQC	permutation	
398.0	0.4606425579958322	SEQC	permutation	
399.0	0.2104521778366255	SEQC	permutation	
400.0	0.08916008340449944	SEQC	permutation	
401.0	0.07656033994696632	SEQC	permutation	
402.0	0.23568316696522373	SEQC	permutation	
403.0	0.2947311351127335	SEQC	permutation	
404.0	0.16439459126132228	SEQC	permutation	
405.0	0.1862389551869792	SEQC	permutation	
406.0	-0.12662429323267554	SEQC	permutation	
407.0	0.18799045820161142	SEQC	permutation	
408.0	-0.05728205473997283	SEQC	permutation	
409.0	0.04959357640216	SEQC	permutation	
410.0	-0.014780093765147218	SEQC	permutation	
411.0	-0.28179371768435635	SEQC	permutation	
412.0	0.08717903931064841	SEQC	permutation	
413.0	0.19557408833692946	SEQC	permutation	
414.0	-0.173482158752845	SEQC	permutation	
415.0	0.1643330167306325	SEQC	permutation	
416.0	0.12424160394733841	SEQC	permutation	
417.0	-0.15016998329903908	SEQC	permutation	
418.0	0.06260602982586594	SEQC	permutation	
419.0	-0.0012534083254069905	SEQC	permutation	
420.0	0.13497187398517863	SEQC	permutation	
421.0	0.07017419268892144	SEQC	permutation	
422.0	0.2624518056531109	SEQC	permutation	
423.0	0.20170188191141136	SEQC	permutation	
424.0	-0.019366293606521978	SEQC	permutation	
425.0	-0.027173742169286363	SEQC	permutation	
426.0	0.20060989193190526	SEQC	permutation	
427.0	-0.08312578836372397	SEQC	permutation	
428.0	-0.01497466525985347	SEQC	permutation	
429.0	0.4786496654711727	SEQC	permutation	
430.0	0.0076098118122831515	SEQC	permutation	
431.0	0.21212642589725483	SEQC	permutation	
432.0	-0.17370243090508275	SEQC	permutation	
433.0	-0.10448475063352003	SEQC	permutation	
434.0	0.14810000126092282	SEQC	permutation	
435.0	-0.02119701803629015	SEQC	permutation	
436.0	0.2922500746131633	SEQC	permutation	
437.0	0.09968997466325202	SEQC	permutation	
438.0	-0.011376381569438543	SEQC	permutation	
439.0	0.11298813249565187	SEQC	permutation	
440.0	-0.1891955198112254	SEQC	permutation	
441.0	-0.2309292885371237	SEQC	permutation	
442.0	-0.05679388450230238	SEQC	permutation	
443.0	-0.06185542618101225	SEQC	permutation	
444.0	0.2268492346803792	SEQC	permutation	
445.0	-0.048979186240822425	SEQC	permutation	
446.0	-0.17172273476845312	SEQC	permutation	
447.0	-0.06305639041303523	SEQC	permutation	
448.0	0.21689585368947784	SEQC	permutation	
449.0	0.1213708909115967	SEQC	permutation	
450.0	-0.04146076505669871	SEQC	permutation	
451.0	0.19372755667173447	SEQC	permutation	
452.0	-0.07830257864759327	SEQC	permutation	
453.0	-0.15207678339906971	SEQC	permutation	
454.0	0.2894741802145271	SEQC	permutation	
455.0	0.2905362097816324	SEQC	permutation	
456.0	0.11691461750355758	SEQC	permutation	
457.0	-0.00981030099932756	SEQC	permutation	
458.0	0.3640360549116255	SEQC	permutation	
459.0	-0.12427353415614784	SEQC	permutation	
460.0	0.14209335710021032	SEQC	permutation	
461.0	-0.04012939453688835	SEQC	permutation	
462.0	0.024832982814283255	SEQC	permutation	
463.0	0.28488302475203	SEQC	permutation	
464.0	0.09295478059876494	SEQC	permutation	
465.0	0.10935149022050084	SEQC	permutation	
466.0	-0.006977366656105044	SEQC	permutation	
467.0	0.029352139929978094	SEQC	permutation	
468.0	0.24850053499302494	SEQC	permutation	
469.0	-0.14902805506865402	SEQC	permutation	
470.0	-0.24504213095880356	SEQC	permutation	
471.0	-0.1883244764155596	SEQC	permutation	
472.0	-0.028609235954136558	SEQC	permutation	
473.0	-0.08171665894901459	SEQC	permutation	
474.0	0.002725438054368201	SEQC	permutation	
475.0	-0.1163202849332321	SEQC	permutation	
476.0	0.0672830707452925	SEQC	permutation	
477.0	0.32040112751221805	SEQC	permutation	
478.0	-0.1593585457983906	SEQC	permutation	
479.0	-0.15551757862321036	SEQC	permutation	
480.0	-0.0029400085788267027	SEQC	permutation	
481.0	-0.029545942171095074	SEQC	permutation	
482.0	0.11527868106517092	SEQC	permutation	
483.0	-0.06863424400179552	SEQC	permutation	
484.0	0.17699954938169116	SEQC	permutation	
485.0	0.2085091568744457	SEQC	permutation	
486.0	-0.026584670072910654	SEQC	permutation	
487.0	-0.10797739037414056	SEQC	permutation	
488.0	0.037297444658070944	SEQC	permutation	
489.0	0.1491741283908805	SEQC	permutation	
490.0	0.14436020912953618	SEQC	permutation	
491.0	-0.0932339266907336	SEQC	permutation	
492.0	0.04407291224881282	SEQC	permutation	
493.0	0.09539118977517225	SEQC	permutation	
494.0	0.0708137845431871	SEQC	permutation	
495.0	0.3158376688490123	SEQC	permutation	
496.0	0.06400514915267319	SEQC	permutation	
497.0	-0.235194769539397	SEQC	permutation	
498.0	0.03793728685982689	SEQC	permutation	
499.0	0.03841694254090244	SEQC	permutation	
500.0	0.10836196380871765	SEQC	permutation	
501.0	-0.26104545491904263	SEQC	permutation	
502.0	0.16129416045568679	SEQC	permutation	
503.0	0.01102275130132524	SEQC	permutation	
504.0	0.019108021267631337	SEQC	permutation	
505.0	0.1659261316300129	SEQC	permutation	
506.0	0.02674136229311186	SEQC	permutation	
507.0	-0.15691944896534826	SEQC	permutation	
508.0	-0.0441782211422872	SEQC	permutation	
509.0	0.05810305018373585	SEQC	permutation	
510.0	-0.0057273223004035145	SEQC	permutation	
511.0	-0.024783202422862693	SEQC	permutation	
512.0	-0.0944528901375632	SEQC	permutation	
513.0	0.07405011612766232	SEQC	permutation	
514.0	0.08104151610396748	SEQC	permutation	
515.0	0.2646110779097044	SEQC	permutation	
516.0	0.2482619768887684	SEQC	permutation	
517.0	0.28118932143285136	SEQC	permutation	
518.0	0.14010321871476172	SEQC	permutation	
519.0	-0.16833796115476485	SEQC	permutation	
520.0	-0.2121508832944552	SEQC	permutation	
521.0	-0.14510572602884597	SEQC	permutation	
522.0	0.019119767040773894	SEQC	permutation	
523.0	-0.2795167351689489	SEQC	permutation	
524.0	0.35935769149052454	SEQC	permutation	
525.0	0.05620724148539846	SEQC	permutation	
526.0	0.15992848397906556	SEQC	permutation	
527.0	0.017820139748803587	SEQC	permutation	
528.0	0.3680444684694866	SEQC	permutation	
529.0	0.25873846830563885	SEQC	permutation	
530.0	-0.190323398918391	SEQC	permutation	
531.0	0.04448149229015019	SEQC	permutation	
532.0	0.21353250631519183	SEQC	permutation	
533.0	0.016908674089755493	SEQC	permutation	
534.0	0.05042443410323072	SEQC	permutation	
535.0	-0.14103997972571936	SEQC	permutation	
536.0	-0.11719497384991495	SEQC	permutation	
537.0	-0.1853031212164633	SEQC	permutation	
538.0	0.08695097730572998	SEQC	permutation	
539.0	0.09146224215678433	SEQC	permutation	
540.0	0.18440076211625067	SEQC	permutation	
541.0	-0.07459241202528188	SEQC	permutation	
542.0	0.08058460828923186	SEQC	permutation	
543.0	0.02067462735793324	SEQC	permutation	
544.0	0.11044942577629335	SEQC	permutation	
545.0	0.01090664683230802	SEQC	permutation	
546.0	0.12029226754689804	SEQC	permutation	
547.0	-0.10656243309602065	SEQC	permutation	
548.0	0.09204536546458941	SEQC	permutation	
549.0	0.0980286616760635	SEQC	permutation	
550.0	0.08668538722711672	SEQC	permutation	
551.0	0.23462142325594915	SEQC	permutation	
552.0	0.1312714951353744	SEQC	permutation	
553.0	-0.15758932916801482	SEQC	permutation	
554.0	0.24041911049683495	SEQC	permutation	
555.0	0.1014766113367922	SEQC	permutation	
556.0	-0.1261164150990628	SEQC	permutation	
557.0	0.2704090656542597	SEQC	permutation	
558.0	0.04966846931329938	SEQC	permutation	
559.0	0.2311355868535352	SEQC	permutation	
560.0	-0.13142450127436822	SEQC	permutation	
561.0	0.13438082984830046	SEQC	permutation	
562.0	0.14503372001938963	SEQC	permutation	
563.0	0.26284632359857873	SEQC	permutation	
564.0	0.32847300209130603	SEQC	permutation	
565.0	-0.141663865356223	SEQC	permutation	
566.0	0.09797248216939325	SEQC	permutation	
567.0	0.29485219406718466	SEQC	permutation	
568.0	-0.005498434783290929	SEQC	permutation	
569.0	0.2925488314321627	SEQC	permutation	
570.0	0.14463319044403455	SEQC	permutation	
571.0	0.028511708190868568	SEQC	permutation	
572.0	-0.10919407624455335	SEQC	permutation	
573.0	0.09539115051177571	SEQC	permutation	
574.0	0.06940184620273726	SEQC	permutation	
575.0	-0.0003415827373385305	SEQC	permutation	
576.0	-0.034670430680797004	SEQC	permutation	
577.0	0.3939740290805904	SEQC	permutation	
578.0	-0.10561914347372081	SEQC	permutation	
579.0	0.05155675542587934	SEQC	permutation	
580.0	0.301983088925593	SEQC	permutation	
581.0	0.21602375538067164	SEQC	permutation	
582.0	-0.07130629419615175	SEQC	permutation	
583.0	0.23716748456534953	SEQC	permutation	
584.0	-0.22378866854908175	SEQC	permutation	
585.0	0.23937645283922482	SEQC	permutation	
586.0	0.0997720331580676	SEQC	permutation	
587.0	0.07877045372506242	SEQC	permutation	
588.0	-0.09016911090682722	SEQC	permutation	
589.0	0.028197859438719775	SEQC	permutation	
590.0	-0.19482238323928325	SEQC	permutation	
591.0	-0.12698010868936915	SEQC	permutation	
592.0	0.06661015299940853	SEQC	permutation	
593.0	0.020912345386004727	SEQC	permutation	
594.0	0.10819248503283374	SEQC	permutation	
595.0	-0.12301971348874607	SEQC	permutation	
596.0	-0.05172749553932876	SEQC	permutation	
597.0	0.17887405537451473	SEQC	permutation	
598.0	0.3144129043635999	SEQC	permutation	
599.0	0.2773213999475046	SEQC	permutation	
600.0	-0.012258476716978883	SEQC	permutation	
601.0	0.008198863736621043	SEQC	permutation	
602.0	0.48276077455781463	SEQC	permutation	
603.0	0.18964634874452502	SEQC	permutation	
604.0	0.16373274791316073	SEQC	permutation	
605.0	0.047198864580205946	SEQC	permutation	
606.0	-0.16809361208314222	SEQC	permutation	
607.0	0.3658563601033329	SEQC	permutation	
608.0	-0.008130808713038284	SEQC	permutation	
609.0	0.06145312179391116	SEQC	permutation	
610.0	0.12109931158564935	SEQC	permutation	
611.0	0.5089374819975849	SEQC	permutation	
612.0	-0.08459715254111222	SEQC	permutation	
613.0	0.06319954071837319	SEQC	permutation	
614.0	0.06144400166297537	SEQC	permutation	
615.0	0.09698911175400626	SEQC	permutation	
616.0	-0.015883971787105988	SEQC	permutation	
617.0	0.13024297795390227	SEQC	permutation	
618.0	-0.14718534353555146	SEQC	permutation	
619.0	0.0332075110963701	SEQC	permutation	
620.0	0.05125193423559837	SEQC	permutation	
621.0	-0.0926376916021101	SEQC	permutation	
622.0	-0.09828664465348114	SEQC	permutation	
623.0	0.015709701666059672	SEQC	permutation	
624.0	0.07589475120305966	SEQC	permutation	
625.0	0.24112800018772784	SEQC	permutation	
626.0	-0.19194358332062578	SEQC	permutation	
627.0	-0.048893243536983544	SEQC	permutation	
628.0	0.2581067701910156	SEQC	permutation	
629.0	0.4126398311849777	SEQC	permutation	
630.0	0.22012014287800508	SEQC	permutation	
631.0	0.00679760168994159	SEQC	permutation	
632.0	-0.039034367349235044	SEQC	permutation	
633.0	0.12079103947662029	SEQC	permutation	
634.0	0.08255206644736424	SEQC	permutation	
635.0	0.2155719937934033	SEQC	permutation	
636.0	-0.018867085181323073	SEQC	permutation	
637.0	-0.1031201816189471	SEQC	permutation	
638.0	0.16436895043856437	SEQC	permutation	
639.0	0.0663482377787381	SEQC	permutation	
640.0	0.07131798685756952	SEQC	permutation	
641.0	0.19265275174931906	SEQC	permutation	
642.0	-0.03326449909242024	SEQC	permutation	
643.0	0.3702622515599283	SEQC	permutation	
644.0	-0.20819717064690657	SEQC	permutation	
645.0	0.2031895627962399	SEQC	permutation	
646.0	0.14470902142472042	SEQC	permutation	
647.0	0.2579634636497614	SEQC	permutation	
648.0	0.02625033080458694	SEQC	permutation	
649.0	0.21670134789438578	SEQC	permutation	
650.0	-0.1330450959877134	SEQC	permutation	
651.0	0.11514031620657184	SEQC	permutation	
652.0	0.27962953382168365	SEQC	permutation	
653.0	0.051477235589624026	SEQC	permutation	
654.0	-0.10681095693867215	SEQC	permutation	
655.0	0.06848798934466682	SEQC	permutation	
656.0	-0.14278903967215895	SEQC	permutation	
657.0	-0.07793906243480508	SEQC	permutation	
658.0	0.0629342013388201	SEQC	permutation	
659.0	0.11900442514355447	SEQC	permutation	
660.0	-0.069465180497156	SEQC	permutation	
661.0	0.13823755941758398	SEQC	permutation	
662.0	-0.12297720020111269	SEQC	permutation	
663.0	-0.07372149858686372	SEQC	permutation	
664.0	-0.09457338868813236	SEQC	permutation	
665.0	-0.17547700160878987	SEQC	permutation	
666.0	0.159478182727812	SEQC	permutation	
667.0	0.1242751310917325	SEQC	permutation	
668.0	0.04386604473945921	SEQC	permutation	
669.0	0.041487878916461884	SEQC	permutation	
670.0	0.09885003432596617	SEQC	permutation	
671.0	0.16502463537883916	SEQC	permutation	
672.0	-0.19239723468838843	SEQC	permutation	
673.0	-0.12178762852028502	SEQC	permutation	
674.0	0.12567416947208931	SEQC	permutation	
675.0	0.2736781899125589	SEQC	permutation	
676.0	-0.036079381394765075	SEQC	permutation	
677.0	-0.15369713245571193	SEQC	permutation	
678.0	0.22846185012431341	SEQC	permutation	
679.0	0.22428497912812384	SEQC	permutation	
680.0	0.10707360636481633	SEQC	permutation	
681.0	-0.060306520957536414	SEQC	permutation	
682.0	0.1893106424956419	SEQC	permutation	
683.0	-0.09791539826961948	SEQC	permutation	
684.0	0.10305923362502112	SEQC	permutation	
685.0	0.28802328928185883	SEQC	permutation	
686.0	0.4315683742485543	SEQC	permutation	
687.0	0.368019530282095	SEQC	permutation	
688.0	0.021079898024306765	SEQC	permutation	
689.0	0.07312866148716779	SEQC	permutation	
690.0	0.035212423716299845	SEQC	permutation	
691.0	0.24375644637046445	SEQC	permutation	
692.0	0.20338849566076744	SEQC	permutation	
693.0	-0.2705106957510015	SEQC	permutation	
694.0	-0.019634388638258837	SEQC	permutation	
695.0	0.4009463750741027	SEQC	permutation	
696.0	-0.07525513477128776	SEQC	permutation	
697.0	-0.019863904173986313	SEQC	permutation	
698.0	-0.07317604264850441	SEQC	permutation	
699.0	-0.09932576842605911	SEQC	permutation	
700.0	-0.020260847460716214	SEQC	permutation	
701.0	-0.0003920953326148613	SEQC	permutation	
702.0	0.0169248492141012	SEQC	permutation	
703.0	0.14491178145005534	SEQC	permutation	
704.0	-0.2993811408177933	SEQC	permutation	
705.0	0.035826823321807755	SEQC	permutation	
706.0	-0.06636651349559353	SEQC	permutation	
707.0	0.05718773398137289	SEQC	permutation	
708.0	0.00684747812196651	SEQC	permutation	
709.0	-0.016898038515194003	SEQC	permutation	
710.0	0.2817109757521825	SEQC	permutation	
711.0	0.2881034659956909	SEQC	permutation	
712.0	0.08641766528624029	SEQC	permutation	
713.0	0.06779615649372595	SEQC	permutation	
714.0	0.14441991962630318	SEQC	permutation	
715.0	-0.27292705557124064	SEQC	permutation	
716.0	0.202517971509387	SEQC	permutation	
717.0	0.24546269418691358	SEQC	permutation	
718.0	0.13593974885591065	SEQC	permutation	
719.0	0.12491630800635134	SEQC	permutation	
720.0	-0.018554432502419616	SEQC	permutation	
721.0	0.382127609888101	SEQC	permutation	
722.0	-0.3160323127631637	SEQC	permutation	
723.0	0.16694544381400256	SEQC	permutation	
724.0	0.13863589203390791	SEQC	permutation	
725.0	0.029536385036040613	SEQC	permutation	
726.0	0.23235872916131362	SEQC	permutation	
727.0	0.01162560314439487	SEQC	permutation	
728.0	0.026159435999833835	SEQC	permutation	
729.0	-0.0495914485608302	SEQC	permutation	
730.0	0.20386781206679228	SEQC	permutation	
731.0	-0.040295950039108686	SEQC	permutation	
732.0	0.2599069478395357	SEQC	permutation	
733.0	-0.2007295771432669	SEQC	permutation	
734.0	-0.07729265381494432	SEQC	permutation	
735.0	0.2141337369444587	SEQC	permutation	
736.0	0.3605633074108785	SEQC	permutation	
737.0	0.14304547951391422	SEQC	permutation	
738.0	0.27840763238158095	SEQC	permutation	
739.0	-0.011980811504315625	SEQC	permutation	
740.0	0.1633949356341513	SEQC	permutation	
741.0	-0.2047924851459446	SEQC	permutation	
742.0	0.3689156132163416	SEQC	permutation	
743.0	0.04339768070008132	SEQC	permutation	
744.0	0.37983112548914466	SEQC	permutation	
745.0	-0.17079003341053367	SEQC	permutation	
746.0	0.09365623273425472	SEQC	permutation	
747.0	0.038538329062281385	SEQC	permutation	
748.0	0.1799383436448334	SEQC	permutation	
749.0	-0.05345437601203651	SEQC	permutation	
750.0	0.2250164048487755	SEQC	permutation	
751.0	0.27532356271789293	SEQC	permutation	
752.0	-0.033531989482111335	SEQC	permutation	
753.0	0.08556709204814616	SEQC	permutation	
754.0	0.18638090447968336	SEQC	permutation	
755.0	-0.17250119313527135	SEQC	permutation	
756.0	-0.10535450245315658	SEQC	permutation	
757.0	0.0939812965610014	SEQC	permutation	
758.0	0.38370874327583016	SEQC	permutation	
759.0	0.28861698938834124	SEQC	permutation	
760.0	0.11040659242301354	SEQC	permutation	
761.0	0.29954605473494667	SEQC	permutation	
762.0	-0.3023887733340258	SEQC	permutation	
763.0	-0.08291840466335021	SEQC	permutation	
764.0	-0.12533190882584533	SEQC	permutation	
765.0	0.2754952552920127	SEQC	permutation	
766.0	0.11918225279861971	SEQC	permutation	
767.0	-0.1529186898631827	SEQC	permutation	
768.0	0.03027285090977383	SEQC	permutation	
769.0	-0.011175357431036925	SEQC	permutation	
770.0	0.005927775887414999	SEQC	permutation	
771.0	0.06120716663445913	SEQC	permutation	
772.0	-0.08935137051589903	SEQC	permutation	
773.0	0.1525765395318608	SEQC	permutation	
774.0	0.4651031400630701	SEQC	permutation	
775.0	0.050208894899772094	SEQC	permutation	
776.0	0.3297970020119063	SEQC	permutation	
777.0	-0.1639440002327679	SEQC	permutation	
778.0	-0.018016329941330067	SEQC	permutation	
779.0	-0.014529040714899022	SEQC	permutation	
780.0	0.05504595346424512	SEQC	permutation	
781.0	-0.0100015111545817	SEQC	permutation	
782.0	0.19525724138643596	SEQC	permutation	
783.0	0.25136357667478926	SEQC	permutation	
784.0	0.022098068949885086	SEQC	permutation	
785.0	0.12301290415037158	SEQC	permutation	
786.0	0.04812918599430205	SEQC	permutation	
787.0	0.23619981788652655	SEQC	permutation	
788.0	0.08722756506544282	SEQC	permutation	
789.0	-0.16228035066766378	SEQC	permutation	
790.0	0.3032509008987798	SEQC	permutation	
791.0	0.09333224606830637	SEQC	permutation	
792.0	-0.28447526591969297	SEQC	permutation	
793.0	-0.08696601741662668	SEQC	permutation	
794.0	0.06562376457581243	SEQC	permutation	
795.0	0.25778534900708605	SEQC	permutation	
796.0	0.35549200684394355	SEQC	permutation	
797.0	-0.05354784586808714	SEQC	permutation	
798.0	0.22717056164949145	SEQC	permutation	
799.0	0.058376988700324706	SEQC	permutation	
800.0	0.1578313343922133	SEQC	permutation	
801.0	0.11486745182675628	SEQC	permutation	
802.0	-0.20682390538793838	SEQC	permutation	
803.0	0.11513478235929941	SEQC	permutation	
804.0	0.19861456011373235	SEQC	permutation	
805.0	-0.3287017947147919	SEQC	permutation	
806.0	0.20381775407810654	SEQC	permutation	
807.0	-0.05220171052153377	SEQC	permutation	
808.0	0.11596612206444634	SEQC	permutation	
809.0	0.014899782525434446	SEQC	permutation	
810.0	0.030365797148192097	SEQC	permutation	
811.0	-0.07736221944506694	SEQC	permutation	
812.0	-0.2000756322931232	SEQC	permutation	
813.0	0.2413846616564923	SEQC	permutation	
814.0	-0.09598079768757461	SEQC	permutation	
815.0	-0.1572723777558438	SEQC	permutation	
816.0	-0.05426387317185144	SEQC	permutation	
817.0	0.1591159941261706	SEQC	permutation	
818.0	-0.031765418294612324	SEQC	permutation	
819.0	0.34789888476375763	SEQC	permutation	
820.0	-0.0014184249244202363	SEQC	permutation	
821.0	0.01874264800460912	SEQC	permutation	
822.0	0.13896059319790188	SEQC	permutation	
823.0	0.388379522889291	SEQC	permutation	
824.0	0.04080089417552557	SEQC	permutation	
825.0	-0.16710475488727727	SEQC	permutation	
826.0	-0.0243336874415383	SEQC	permutation	
827.0	-0.0012884144440183931	SEQC	permutation	
828.0	0.24535670276326993	SEQC	permutation	
829.0	0.058416202772785475	SEQC	permutation	
830.0	0.11048322695469048	SEQC	permutation	
831.0	0.04472372752620313	SEQC	permutation	
832.0	0.22806154510749943	SEQC	permutation	
833.0	-0.019549416358298988	SEQC	permutation	
834.0	-0.02851921475545316	SEQC	permutation	
835.0	-0.28806653632179247	SEQC	permutation	
836.0	0.09481579189397182	SEQC	permutation	
837.0	-0.051846630899802904	SEQC	permutation	
838.0	0.0533017492802772	SEQC	permutation	
839.0	0.1424152076971419	SEQC	permutation	
840.0	0.10404760752299236	SEQC	permutation	
841.0	-0.029567873782551768	SEQC	permutation	
842.0	0.017986093429860794	SEQC	permutation	
843.0	0.19743020244281917	SEQC	permutation	
844.0	-0.07771485166714331	SEQC	permutation	
845.0	-0.06619775977891651	SEQC	permutation	
846.0	0.09896932415456483	SEQC	permutation	
847.0	0.13503515154431422	SEQC	permutation	
848.0	0.08097135810913603	SEQC	permutation	
849.0	0.317492691122232	SEQC	permutation	
850.0	0.21161245824055053	SEQC	permutation	
851.0	-0.00886685563704459	SEQC	permutation	
852.0	-0.07764991535707377	SEQC	permutation	
853.0	0.042421009704997736	SEQC	permutation	
854.0	-0.13447504825765977	SEQC	permutation	
855.0	-0.11610494014026695	SEQC	permutation	
856.0	0.036727736600648875	SEQC	permutation	
857.0	0.21529366099374192	SEQC	permutation	
858.0	0.061478880313555084	SEQC	permutation	
859.0	-0.013706173840557057	SEQC	permutation	
860.0	-0.2066584549239039	SEQC	permutation	
861.0	-0.12936370121437335	SEQC	permutation	
862.0	0.1525853337924996	SEQC	permutation	
863.0	-0.0028844125577802693	SEQC	permutation	
864.0	0.19581762380004264	SEQC	permutation	
865.0	0.2914355435495639	SEQC	permutation	
866.0	-0.19460470739561986	SEQC	permutation	
867.0	0.041050109093397236	SEQC	permutation	
868.0	-0.08811700156905067	SEQC	permutation	
869.0	0.03443470406385796	SEQC	permutation	
870.0	0.035794801609772886	SEQC	permutation	
871.0	-0.21550054310237066	SEQC	permutation	
872.0	0.21440552288997905	SEQC	permutation	
873.0	0.062038635913849394	SEQC	permutation	
874.0	-0.01615920174703067	SEQC	permutation	
875.0	0.2852592659307178	SEQC	permutation	
876.0	-0.2473205845140174	SEQC	permutation	
877.0	-0.4642984873274729	SEQC	permutation	
878.0	0.263379906204523	SEQC	permutation	
879.0	-0.1255727626991998	SEQC	permutation	
880.0	0.15603147553114027	SEQC	permutation	
881.0	0.08065925755767589	SEQC	permutation	
882.0	0.10233936213279193	SEQC	permutation	
883.0	-0.1156423067793857	SEQC	permutation	
884.0	-0.032152096583371925	SEQC	permutation	
885.0	-0.08544246931808885	SEQC	permutation	
886.0	-0.38937671596132395	SEQC	permutation	
887.0	0.12240364073253618	SEQC	permutation	
888.0	-0.10566720751796543	SEQC	permutation	
889.0	-0.335383940889042	SEQC	permutation	
890.0	0.06271718622907096	SEQC	permutation	
891.0	-0.09353556662273776	SEQC	permutation	
892.0	0.07177372096782753	SEQC	permutation	
893.0	0.26095507119551664	SEQC	permutation	
894.0	-0.05108998745996862	SEQC	permutation	
895.0	0.2756608776560965	SEQC	permutation	
896.0	0.13705599649174305	SEQC	permutation	
897.0	0.33913328609322013	SEQC	permutation	
898.0	-0.04620595150299556	SEQC	permutation	
899.0	0.12657631280048687	SEQC	permutation	
900.0	0.11076628791980525	SEQC	permutation	
901.0	-0.13234287433971748	SEQC	permutation	
902.0	0.0476806597988193	SEQC	permutation	
903.0	0.3919839445624609	SEQC	permutation	
904.0	-0.10041969505153903	SEQC	permutation	
905.0	0.24480598942925402	SEQC	permutation	
906.0	0.017012771467229015	SEQC	permutation	
907.0	-0.16857141077464988	SEQC	permutation	
908.0	0.12358689032838832	SEQC	permutation	
909.0	0.284760587645561	SEQC	permutation	
910.0	0.2749998099409008	SEQC	permutation	
911.0	0.31325496097000327	SEQC	permutation	
912.0	0.2340765223862733	SEQC	permutation	
913.0	-0.008397946884287855	SEQC	permutation	
914.0	-0.17083415128344281	SEQC	permutation	
915.0	0.21318625510909595	SEQC	permutation	
916.0	-0.17694425497561284	SEQC	permutation	
917.0	0.0017167700080715775	SEQC	permutation	
918.0	0.0819778302899059	SEQC	permutation	
919.0	-0.017052274633909015	SEQC	permutation	
920.0	-0.17946198863050267	SEQC	permutation	
921.0	0.019103893619972112	SEQC	permutation	
922.0	-0.09715771058142586	SEQC	permutation	
923.0	0.014703915659453504	SEQC	permutation	
924.0	0.04564247181507941	SEQC	permutation	
925.0	0.11487412928403762	SEQC	permutation	
926.0	0.3315180031860745	SEQC	permutation	
927.0	-0.1211215082185193	SEQC	permutation	
928.0	0.012716691755793263	SEQC	permutation	
929.0	-0.021629297114222457	SEQC	permutation	
930.0	0.20820394284803	SEQC	permutation	
931.0	0.21911167859181857	SEQC	permutation	
932.0	0.1995611289749113	SEQC	permutation	
933.0	-0.009296835180386154	SEQC	permutation	
934.0	-0.13933101593769903	SEQC	permutation	
935.0	0.02462384826096775	SEQC	permutation	
936.0	0.1443039983817198	SEQC	permutation	
937.0	0.09859554732141573	SEQC	permutation	
938.0	0.3052039186223876	SEQC	permutation	
939.0	0.07493504108251603	SEQC	permutation	
940.0	0.18572129262985682	SEQC	permutation	
941.0	0.008430327825203143	SEQC	permutation	
942.0	-0.01195982669516571	SEQC	permutation	
943.0	0.1206725396783126	SEQC	permutation	
944.0	0.09165598494056759	SEQC	permutation	
945.0	0.14627413991982818	SEQC	permutation	
946.0	0.22749431731142344	SEQC	permutation	
947.0	-0.12978643431468218	SEQC	permutation	
948.0	-0.5159961666058863	SEQC	permutation	
949.0	-0.2792027315352641	SEQC	permutation	
950.0	-0.10221433857799722	SEQC	permutation	
951.0	-0.07167415964329882	SEQC	permutation	
952.0	-0.1859108012639208	SEQC	permutation	
953.0	-0.26690622030707933	SEQC	permutation	
954.0	0.41861610185041753	SEQC	permutation	
955.0	0.22181142687445554	SEQC	permutation	
956.0	-0.02168926518163561	SEQC	permutation	
957.0	-0.2640782182825485	SEQC	permutation	
958.0	-0.010827482972029845	SEQC	permutation	
959.0	0.1598581053399699	SEQC	permutation	
960.0	-0.011551835252218812	SEQC	permutation	
961.0	0.09007197380021248	SEQC	permutation	
962.0	0.16461000124917247	SEQC	permutation	
963.0	0.00627345000038293	SEQC	permutation	
964.0	0.13082781566463764	SEQC	permutation	
965.0	-0.03907636149628635	SEQC	permutation	
966.0	-0.04058832308813454	SEQC	permutation	
967.0	0.18717150350542822	SEQC	permutation	
968.0	0.2811309152027701	SEQC	permutation	
969.0	0.12333305142153872	SEQC	permutation	
970.0	-0.08308692368505177	SEQC	permutation	
971.0	-0.1887963801152832	SEQC	permutation	
972.0	-0.17808704305015954	SEQC	permutation	
973.0	0.18561113491371284	SEQC	permutation	
974.0	-0.44704626411600934	SEQC	permutation	
975.0	-0.2185976684188824	SEQC	permutation	
976.0	0.31095880760039396	SEQC	permutation	
977.0	0.06467247638750573	SEQC	permutation	
978.0	-0.0066406687700548694	SEQC	permutation	
979.0	-0.015142392635696389	SEQC	permutation	
980.0	0.1671830524325424	SEQC	permutation	
981.0	-0.014026379692477331	SEQC	permutation	
982.0	-0.3129680258737104	SEQC	permutation	
983.0	0.11702917937036528	SEQC	permutation	
984.0	-0.04407027160653909	SEQC	permutation	
985.0	-0.12530488986097277	SEQC	permutation	
986.0	-0.02686670577662964	SEQC	permutation	
987.0	0.35202034854383024	SEQC	permutation	
988.0	-0.097305616592672	SEQC	permutation	
989.0	-0.00044723208595431885	SEQC	permutation	
990.0	-0.11920208456728121	SEQC	permutation	
991.0	0.24033296661089354	SEQC	permutation	
992.0	-0.19173973441212233	SEQC	permutation	
993.0	0.38335209320346975	SEQC	permutation	
994.0	0.20861578913681056	SEQC	permutation	
995.0	0.16717335712176906	SEQC	permutation	
996.0	0.15731245564108365	SEQC	permutation	
997.0	0.3043202064163233	SEQC	permutation	
998.0	0.031047752142531415	SEQC	permutation	
999.0	-0.04924766457113794	SEQC	permutation	
1000.0	0.028392387200895985	SEQC	permutation	
1001.0	0.5256207534353181	SEQC	permutation	
1002.0	0.22400066938791774	SEQC	permutation	
1003.0	-0.04805526658968562	SEQC	permutation	
1004.0	-0.061455523716300586	SEQC	permutation	
1005.0	0.07490298500607517	SEQC	permutation	
1006.0	0.024557516562017767	SEQC	permutation	
1007.0	0.0422651414411761	SEQC	permutation	
1008.0	0.12703222897508892	SEQC	permutation	
1009.0	0.1726739386110996	SEQC	permutation	
1010.0	0.08418713213371776	SEQC	permutation	
1011.0	0.07133955674871251	SEQC	permutation	
1012.0	0.1534047840794175	SEQC	permutation	
1013.0	-0.00014610732296782558	SEQC	permutation	
1014.0	-0.26202579137560456	SEQC	permutation	
1015.0	0.036460518351350224	SEQC	permutation	
1016.0	0.019824435288297693	SEQC	permutation	
1017.0	0.3926543144590897	SEQC	permutation	
1018.0	-0.3558592191339591	SEQC	permutation	
1019.0	0.09819084909269682	SEQC	permutation	
1020.0	0.0267077053031457	SEQC	permutation	
1021.0	0.268310802594093	SEQC	permutation	
1022.0	0.0012741630387598235	SEQC	permutation	
1023.0	0.4435197431325997	SEQC	permutation	
1024.0	-0.24483529391868464	SEQC	permutation	
1025.0	0.2847983436161603	SEQC	permutation	
1026.0	-0.012086765113227926	SEQC	permutation	
1027.0	0.1101303705294101	SEQC	permutation	
1028.0	0.06997434134207525	SEQC	permutation	
1029.0	-0.15670741931231946	SEQC	permutation	
1030.0	0.0923872107814625	SEQC	permutation	
1031.0	0.016906433813062893	SEQC	permutation	
1032.0	-0.01716120264813048	SEQC	permutation	
1033.0	-0.0018554267346670983	SEQC	permutation	
1034.0	0.16807597478423508	SEQC	permutation	
1035.0	0.20374923278823331	SEQC	permutation	
1036.0	0.10508161646208825	SEQC	permutation	
1037.0	-0.047921472676404786	SEQC	permutation	
1038.0	0.01686294834977531	SEQC	permutation	
1039.0	0.19694737407162588	SEQC	permutation	
1040.0	0.04788073095630674	SEQC	permutation	
1041.0	0.09891517341831113	SEQC	permutation	
1042.0	0.29036404494882984	SEQC	permutation	
1043.0	-0.253674202386458	SEQC	permutation	
1044.0	0.13747848592001954	SEQC	permutation	
1045.0	0.1276835130712799	SEQC	permutation	
1046.0	-0.00020247324662925337	SEQC	permutation	
1047.0	0.007075044896837301	SEQC	permutation	
1048.0	0.013042417702568976	SEQC	permutation	
1049.0	-0.1993866590092983	SEQC	permutation	
1050.0	-0.062190358492209885	SEQC	permutation	
1051.0	-0.06777060399098866	SEQC	permutation	
1052.0	0.17552372879288836	SEQC	permutation	
1053.0	-0.08706084893012678	SEQC	permutation	
1054.0	0.3163764225230241	SEQC	permutation	
1055.0	-0.14978555372361235	SEQC	permutation	
1056.0	-0.1666397853573014	SEQC	permutation	
1057.0	-0.03808897830149682	SEQC	permutation	
1058.0	0.000557818294875112	SEQC	permutation	
1059.0	-0.12087183299046922	SEQC	permutation	
1060.0	0.13404122885445924	SEQC	permutation	
1061.0	-0.07741765957049696	SEQC	permutation	
1062.0	-0.07669485737002901	SEQC	permutation	
1063.0	-0.33801547708662927	SEQC	permutation	
1064.0	0.11331400651754198	SEQC	permutation	
1065.0	-0.09766735665746662	SEQC	permutation	
1066.0	0.2721539221639029	SEQC	permutation	
1067.0	0.07492523162551556	SEQC	permutation	
1068.0	-0.1670111623223831	SEQC	permutation	
1069.0	0.0691203985710791	SEQC	permutation	
1070.0	0.04279242556472873	SEQC	permutation	
1071.0	0.1837205551314871	SEQC	permutation	
1072.0	-0.02778999825897399	SEQC	permutation	
1073.0	-0.10897427445341457	SEQC	permutation	
1074.0	0.1085469260194567	SEQC	permutation	
1075.0	-0.013884688836756087	SEQC	permutation	
1076.0	-0.1570812086746347	SEQC	permutation	
1077.0	-0.022440709352848476	SEQC	permutation	
1078.0	0.11128312704255272	SEQC	permutation	
1079.0	0.1203626328281997	SEQC	permutation	
1080.0	0.2401468491162948	SEQC	permutation	
1081.0	-0.15000642494854555	SEQC	permutation	
1082.0	0.10767500648244521	SEQC	permutation	
1083.0	0.4928854375021543	SEQC	permutation	
1084.0	-0.08056288291598257	SEQC	permutation	
1085.0	-0.01660925245505762	SEQC	permutation	
1086.0	0.1263968629857497	SEQC	permutation	
1087.0	0.41082308332930983	SEQC	permutation	
1088.0	0.12382599669986183	SEQC	permutation	
1089.0	-0.028876053504618415	SEQC	permutation	
1090.0	0.1478806143893583	SEQC	permutation	
1091.0	0.15573287669175828	SEQC	permutation	
1092.0	-0.15130462598538674	SEQC	permutation	
1093.0	0.05658140764691666	SEQC	permutation	
1094.0	-0.04210492895709317	SEQC	permutation	
1095.0	0.28765282963472627	SEQC	permutation	
1096.0	-0.06474566928204917	SEQC	permutation	
1097.0	-0.2173853732994977	SEQC	permutation	
1098.0	0.3206508717684189	SEQC	permutation	
1099.0	0.3682005148583629	SEQC	permutation	
1100.0	0.03670328281391111	SEQC	permutation	
1101.0	-0.10164586495334094	SEQC	permutation	
1102.0	0.04918083150519603	SEQC	permutation	
1103.0	-0.12109399429539636	SEQC	permutation	
1104.0	0.16912835573778207	SEQC	permutation	
1105.0	0.06637725295357866	SEQC	permutation	
1106.0	0.05260953729175233	SEQC	permutation	
1107.0	-0.12226941245325529	SEQC	permutation	
1108.0	-0.06365968677849843	SEQC	permutation	
1109.0	0.12281277120261569	SEQC	permutation	
1110.0	0.009075604783325364	SEQC	permutation	
1111.0	0.09745789967697682	SEQC	permutation	
1112.0	0.15695855592165753	SEQC	permutation	
1113.0	-0.22366383701233383	SEQC	permutation	
1114.0	0.14201865584825013	SEQC	permutation	
1115.0	0.1665932192025119	SEQC	permutation	
1116.0	-0.11037017526846027	SEQC	permutation	
1117.0	-0.12454777271167483	SEQC	permutation	
1118.0	0.16457187583630262	SEQC	permutation	
1119.0	-0.14239207701561618	SEQC	permutation	
1120.0	-0.002373201878079101	SEQC	permutation	
1121.0	0.05500856986365932	SEQC	permutation	
1122.0	0.08427738291295617	SEQC	permutation	
1123.0	0.35557363437760925	SEQC	permutation	
1124.0	-0.06747403247008332	SEQC	permutation	
1125.0	-0.010755607869817663	SEQC	permutation	
1126.0	-0.0057771075393291405	SEQC	permutation	
1127.0	0.21323076872798508	SEQC	permutation	
1128.0	-0.046144604161105995	SEQC	permutation	
1129.0	-0.04149023432356458	SEQC	permutation	
1130.0	0.038537615760531274	SEQC	permutation	
1131.0	0.25800103993495105	SEQC	permutation	
1132.0	0.32352631717084224	SEQC	permutation	
1133.0	0.1475847310129632	SEQC	permutation	
1134.0	0.026450890199606114	SEQC	permutation	
1135.0	0.24641855864918405	SEQC	permutation	
1136.0	-0.17548068449928378	SEQC	permutation	
1137.0	0.058591038757402014	SEQC	permutation	
1138.0	0.41811679234882426	SEQC	permutation	
1139.0	0.23116434693961985	SEQC	permutation	
1140.0	0.28414644614587115	SEQC	permutation	
1141.0	0.2500612052533384	SEQC	permutation	
1142.0	-0.11411401673801391	SEQC	permutation	
1143.0	0.18786820578841912	SEQC	permutation	
1144.0	0.029273854362055207	SEQC	permutation	
1145.0	-0.030651603322269683	SEQC	permutation	
1146.0	-0.3406787838509411	SEQC	permutation	
1147.0	0.035346750818435524	SEQC	permutation	
1148.0	-0.23330505550447844	SEQC	permutation	
1149.0	0.06491057843543802	SEQC	permutation	
1150.0	0.11410588781469855	SEQC	permutation	
1151.0	0.07577931799187398	SEQC	permutation	
1152.0	0.21268613981046913	SEQC	permutation	
1153.0	0.014576027133096137	SEQC	permutation	
1154.0	0.2624855808368243	SEQC	permutation	
1155.0	0.2666422474487353	SEQC	permutation	
1156.0	0.07863965317274069	SEQC	permutation	
1157.0	0.18063325932681362	SEQC	permutation	
1158.0	-0.13542004218817727	SEQC	permutation	
1159.0	0.09598938546941405	SEQC	permutation	
1160.0	-0.3685070242331392	SEQC	permutation	
1161.0	0.2183076695728774	SEQC	permutation	
1162.0	-0.11002432041667776	SEQC	permutation	
1163.0	0.1824618103842801	SEQC	permutation	
1164.0	0.12623064588557442	SEQC	permutation	
1165.0	-0.18023960473040646	SEQC	permutation	
1166.0	0.026090272020393268	SEQC	permutation	
1167.0	0.24553806417693957	SEQC	permutation	
1168.0	-0.020762853731920217	SEQC	permutation	
1169.0	0.22813210188665023	SEQC	permutation	
1170.0	0.26409990071976974	SEQC	permutation	
1171.0	-0.11481065742403151	SEQC	permutation	
1172.0	0.07320463750415485	SEQC	permutation	
1173.0	-0.08119887359115152	SEQC	permutation	
1174.0	0.2526789985550586	SEQC	permutation	
1175.0	0.027389082278969745	SEQC	permutation	
1176.0	0.016987953075901174	SEQC	permutation	
1177.0	-0.05020606017698137	SEQC	permutation	
1178.0	0.25411063259593236	SEQC	permutation	
1179.0	-0.16624530552019934	SEQC	permutation	
1180.0	0.25832945022072495	SEQC	permutation	
1181.0	-0.32820711019461646	SEQC	permutation	
1182.0	0.30161317425360545	SEQC	permutation	
1183.0	-0.014314747421858343	SEQC	permutation	
1184.0	0.6080078495325827	SEQC	permutation	
1185.0	0.2097886157020037	SEQC	permutation	
1186.0	0.1190836672570117	SEQC	permutation	
1187.0	-0.04405758213530975	SEQC	permutation	
1188.0	-0.03680376704674737	SEQC	permutation	
1189.0	0.07948608406864377	SEQC	permutation	
1190.0	0.12731278625995124	SEQC	permutation	
1191.0	0.1669204701392175	SEQC	permutation	
1192.0	0.1595725269631374	SEQC	permutation	
1193.0	-0.12317038696553562	SEQC	permutation	
1194.0	0.04170447620967099	SEQC	permutation	
1195.0	0.13823636592520616	SEQC	permutation	
1196.0	-0.2980609447889533	SEQC	permutation	
1197.0	-0.20875827415719117	SEQC	permutation	
1198.0	-0.021702201112547836	SEQC	permutation	
1199.0	0.09787255620151347	SEQC	permutation	
1200.0	0.07897392939042724	SEQC	permutation	
1201.0	0.27372037454585785	SEQC	permutation	
1202.0	0.1407629035256064	SEQC	permutation	
1203.0	0.19388387189279177	SEQC	permutation	
1204.0	0.1679740661488136	SEQC	permutation	
1205.0	0.10709436662871363	SEQC	permutation	
1206.0	0.10529807689835868	SEQC	permutation	
1207.0	0.35166140506981014	SEQC	permutation	
1208.0	-0.04085545279340952	SEQC	permutation	
1209.0	0.10819518706527331	SEQC	permutation	
1210.0	-0.3641745194719661	SEQC	permutation	
1211.0	0.16746197944806474	SEQC	permutation	
1212.0	-0.09246251458720023	SEQC	permutation	
1213.0	-0.16184575547012114	SEQC	permutation	
1214.0	0.21113380597522058	SEQC	permutation	
1215.0	-0.2078119043716744	SEQC	permutation	
1216.0	-0.07355490602362336	SEQC	permutation	
1217.0	0.029934173907478545	SEQC	permutation	
1218.0	0.1813989753405214	SEQC	permutation	
1219.0	-0.09465626380435799	SEQC	permutation	
1220.0	0.10594166233676283	SEQC	permutation	
1221.0	0.027755830980394247	SEQC	permutation	
1222.0	0.23021150983322203	SEQC	permutation	
1223.0	0.15767031549689747	SEQC	permutation	
1224.0	-0.34140356535959837	SEQC	permutation	
1225.0	-0.17181968390197033	SEQC	permutation	
1226.0	-0.038666105771560044	SEQC	permutation	
1227.0	0.16302683567834597	SEQC	permutation	
1228.0	0.06834265375031467	SEQC	permutation	
1229.0	-0.40344091972748375	SEQC	permutation	
1230.0	0.1274914636023845	SEQC	permutation	
1231.0	0.12975475847193074	SEQC	permutation	
1232.0	0.022288102408763333	SEQC	permutation	
1233.0	0.021160542829530282	SEQC	permutation	
1234.0	-0.13005251829266262	SEQC	permutation	
1235.0	0.36347876756934516	SEQC	permutation	
1236.0	0.273180996836786	SEQC	permutation	
1237.0	0.21219147918624692	SEQC	permutation	
1238.0	-0.26178425582615716	SEQC	permutation	
1239.0	-0.04635553351537913	SEQC	permutation	
1240.0	0.2990578748582351	SEQC	permutation	
1241.0	0.10341872201541769	SEQC	permutation	
1242.0	-0.1436533123249797	SEQC	permutation	
1243.0	-0.07525844335909992	SEQC	permutation	
1244.0	-0.10497979008793257	SEQC	permutation	
1245.0	-0.11755661351817714	SEQC	permutation	
1246.0	0.14597583713390128	SEQC	permutation	
1247.0	0.05227818484541391	SEQC	permutation	
1248.0	0.12143467063912095	SEQC	permutation	
1249.0	0.34795212463488134	SEQC	permutation	
1250.0	0.10480612364597652	SEQC	permutation	
1251.0	0.05597017736347576	SEQC	permutation	
1252.0	-0.023754892577935394	SEQC	permutation	
1253.0	-0.2175192359665794	SEQC	permutation	
1254.0	0.07582688548709227	SEQC	permutation	
1255.0	0.09833566344008382	SEQC	permutation	
1256.0	0.04742671720141667	SEQC	permutation	
1257.0	0.39870772981517444	SEQC	permutation	
1258.0	-0.11269133218396732	SEQC	permutation	
1259.0	-0.20731387293172476	SEQC	permutation	
1260.0	0.1599336592571996	SEQC	permutation	
1261.0	0.01221813577744113	SEQC	permutation	
1262.0	-0.11612901670154718	SEQC	permutation	
1263.0	-0.1440133375111894	SEQC	permutation	
1264.0	0.12999334138154373	SEQC	permutation	
1265.0	-0.09177141236380626	SEQC	permutation	
1266.0	0.11696378012742015	SEQC	permutation	
1267.0	0.10169773692896511	SEQC	permutation	
1268.0	0.20479761351021564	SEQC	permutation	
1269.0	0.2450264980218284	SEQC	permutation	
1270.0	-0.1129484712386386	SEQC	permutation	
1271.0	-0.05591622153736786	SEQC	permutation	
1272.0	-0.00495324789528917	SEQC	permutation	
1273.0	-0.28808363371230206	SEQC	permutation	
1274.0	-0.11864707265729857	SEQC	permutation	
1275.0	0.05781062893166977	SEQC	permutation	
1276.0	0.08077327497196629	SEQC	permutation	
1277.0	0.03194623483729542	SEQC	permutation	
1278.0	0.3452082521452593	SEQC	permutation	
1279.0	-0.15578794772236515	SEQC	permutation	
1280.0	-0.08008813679936688	SEQC	permutation	
1281.0	-0.045226678108125196	SEQC	permutation	
1282.0	0.44368509844585846	SEQC	permutation	
1283.0	-0.3586841187167926	SEQC	permutation	
1284.0	0.1678023446242385	SEQC	permutation	
1285.0	-0.048922085118825454	SEQC	permutation	
1286.0	-0.05400247776150957	SEQC	permutation	
1287.0	-0.20311036604411337	SEQC	permutation	
1288.0	-0.06493571465381187	SEQC	permutation	
1289.0	0.4037554353908166	SEQC	permutation	
1290.0	0.17048235285393387	SEQC	permutation	
1291.0	0.0989308252752914	SEQC	permutation	
1292.0	-0.0948359113591537	SEQC	permutation	
1293.0	0.34445480975549003	SEQC	permutation	
1294.0	0.16251725006362694	SEQC	permutation	
1295.0	0.32262098567074915	SEQC	permutation	
1296.0	0.5466507477675506	SEQC	permutation	
1297.0	-0.10188504532320009	SEQC	permutation	
1298.0	0.08383520858447158	SEQC	permutation	
1299.0	0.14617017529434806	SEQC	permutation	
1300.0	0.18095616024444672	SEQC	permutation	
1301.0	-0.06058967508598334	SEQC	permutation	
1302.0	0.005578951300429402	SEQC	permutation	
1303.0	0.1703558349700458	SEQC	permutation	
1304.0	0.21154814983101966	SEQC	permutation	
1305.0	0.16595987201510942	SEQC	permutation	
1306.0	0.18132065894584448	SEQC	permutation	
1307.0	-0.023614171541888496	SEQC	permutation	
1308.0	0.3270341688196807	SEQC	permutation	
1309.0	-0.16075612804706152	SEQC	permutation	
1310.0	-0.18056519365912438	SEQC	permutation	
1311.0	-0.10147881441475537	SEQC	permutation	
1312.0	-0.25895372893404955	SEQC	permutation	
1313.0	-0.25150356104402327	SEQC	permutation	
1314.0	0.33330877774500633	SEQC	permutation	
1315.0	0.1753572792259499	SEQC	permutation	
1316.0	0.04071501846835801	SEQC	permutation	
1317.0	-0.18129155831489552	SEQC	permutation	
1318.0	0.03769456329706511	SEQC	permutation	
1319.0	-0.05462220366499837	SEQC	permutation	
1320.0	-0.14922731431395597	SEQC	permutation	
1321.0	-0.03617837347684638	SEQC	permutation	
1322.0	0.049314320985255566	SEQC	permutation	
1323.0	0.14284237396268207	SEQC	permutation	
1324.0	-0.10880147185380906	SEQC	permutation	
1325.0	-0.10779383238398577	SEQC	permutation	
1326.0	-0.15729910415484882	SEQC	permutation	
1327.0	0.18106964512751178	SEQC	permutation	
1328.0	0.0689181711179403	SEQC	permutation	
1329.0	0.03545906127666276	SEQC	permutation	
1330.0	-0.01692544749335001	SEQC	permutation	
1331.0	0.14786617138387959	SEQC	permutation	
1332.0	0.004677707872378978	SEQC	permutation	
1333.0	0.26481452675287187	SEQC	permutation	
1334.0	0.376124797917631	SEQC	permutation	
1335.0	-0.24276046881261637	SEQC	permutation	
1336.0	-0.08387288191711573	SEQC	permutation	
1337.0	-0.17137594566855796	SEQC	permutation	
1338.0	-0.01673622495922178	SEQC	permutation	
1339.0	0.10852173152104028	SEQC	permutation	
1340.0	-0.3304774373096424	SEQC	permutation	
1341.0	-0.01683759404412921	SEQC	permutation	
1342.0	0.10908571027553515	SEQC	permutation	
1343.0	-0.003505031754400978	SEQC	permutation	
1344.0	0.15720027762824973	SEQC	permutation	
1345.0	0.23148547299086175	SEQC	permutation	
1346.0	0.31003053204350417	SEQC	permutation	
1347.0	-0.023270690189409304	SEQC	permutation	
1348.0	-0.13502310299739317	SEQC	permutation	
1349.0	0.04905846010261161	SEQC	permutation	
1350.0	-0.3550696934784039	SEQC	permutation	
1351.0	0.30117212353333844	SEQC	permutation	
1352.0	0.07027660745735487	SEQC	permutation	
1353.0	0.3574593741112597	SEQC	permutation	
1354.0	0.24120999657264086	SEQC	permutation	
1355.0	0.025125846963217402	SEQC	permutation	
1356.0	0.019592939521152264	SEQC	permutation	
1357.0	-0.14744317661678963	SEQC	permutation	
1358.0	-0.12494252265959505	SEQC	permutation	
1359.0	0.3160438166568893	SEQC	permutation	
1360.0	-0.15745523363044445	SEQC	permutation	
1361.0	-0.028159096784145632	SEQC	permutation	
1362.0	-0.016801792486596856	SEQC	permutation	
1363.0	0.0016238933381966802	SEQC	permutation	
1364.0	0.23919181321368121	SEQC	permutation	
1365.0	0.04162470191713741	SEQC	permutation	
1366.0	0.0798838321289117	SEQC	permutation	
1367.0	0.31392807813719603	SEQC	permutation	
1368.0	-0.05948172886492786	SEQC	permutation	
1369.0	0.25938975024056177	SEQC	permutation	
1370.0	0.3501096329523308	SEQC	permutation	
1371.0	-0.07231720559427579	SEQC	permutation	
1372.0	0.2312675106039932	SEQC	permutation	
1373.0	-0.06405720284078198	SEQC	permutation	
1374.0	0.2253206100320897	SEQC	permutation	
1375.0	0.0020554900944964594	SEQC	permutation	
1376.0	0.12316956241271759	SEQC	permutation	
1377.0	-0.11537169578798068	SEQC	permutation	
1378.0	0.2852161980443966	SEQC	permutation	
1379.0	0.027563487676863563	SEQC	permutation	
1380.0	0.4535120633612286	SEQC	permutation	
1381.0	0.16509511634026852	SEQC	permutation	
1382.0	0.08784700162090697	SEQC	permutation	
1383.0	0.042677570335110104	SEQC	permutation	
1384.0	0.288514727368935	SEQC	permutation	
1385.0	0.12568132215233518	SEQC	permutation	
1386.0	-0.0022924030921398497	SEQC	permutation	
1387.0	0.5112163425391194	SEQC	permutation	
1388.0	-0.15184774997761163	SEQC	permutation	
1389.0	0.43661850463700125	SEQC	permutation	
1390.0	0.08888381816154967	SEQC	permutation	
1391.0	0.15144858386196214	SEQC	permutation	
1392.0	-0.12318678894518698	SEQC	permutation	
1393.0	0.06295934678421222	SEQC	permutation	
1394.0	0.1279845891027005	SEQC	permutation	
1395.0	0.2889592445811404	SEQC	permutation	
1396.0	-0.1379424173790733	SEQC	permutation	
1397.0	0.044455115016896585	SEQC	permutation	
1398.0	0.4113850756346866	SEQC	permutation	
1399.0	-0.05950879896237016	SEQC	permutation	
1400.0	-0.24992651020903223	SEQC	permutation	
1401.0	0.09372699328951084	SEQC	permutation	
1402.0	-0.03873177366492486	SEQC	permutation	
1403.0	0.14026888356503564	SEQC	permutation	
1404.0	0.0668595771699172	SEQC	permutation	
1405.0	0.12129665841188819	SEQC	permutation	
1406.0	0.1959985520709644	SEQC	permutation	
1407.0	-0.015722621746001142	SEQC	permutation	
1408.0	-0.14150492049897512	SEQC	permutation	
1409.0	-0.09631085609287116	SEQC	permutation	
1410.0	0.09912251129859984	SEQC	permutation	
1411.0	0.11214720832435532	SEQC	permutation	
1412.0	-0.018417832152410885	SEQC	permutation	
1413.0	0.10986742619269263	SEQC	permutation	
1414.0	-0.13146436937166772	SEQC	permutation	
1415.0	-0.18622519743443267	SEQC	permutation	
1416.0	-0.08125321450837131	SEQC	permutation	
1417.0	0.10859200051501938	SEQC	permutation	
1418.0	0.2746641987323786	SEQC	permutation	
1419.0	0.4699506447677777	SEQC	permutation	
1420.0	0.1315437365507468	SEQC	permutation	
1421.0	-0.21949065731824025	SEQC	permutation	
1422.0	0.24197763406280082	SEQC	permutation	
1423.0	0.33771900365225527	SEQC	permutation	
1424.0	0.28877275663112245	SEQC	permutation	
1425.0	-0.4995376732877692	SEQC	permutation	
1426.0	0.07504087242638757	SEQC	permutation	
1427.0	-0.0856888763108472	SEQC	permutation	
1428.0	-0.10145304015542767	SEQC	permutation	
1429.0	-0.258893926691131	SEQC	permutation	
1430.0	-0.013365621193470734	SEQC	permutation	
1431.0	-0.2213118735449644	SEQC	permutation	
1432.0	0.03860876144992886	SEQC	permutation	
1433.0	0.028193899952224655	SEQC	permutation	
1434.0	-0.005613866802564704	SEQC	permutation	
1435.0	-0.02753749821450846	SEQC	permutation	
1436.0	0.10706405401079122	SEQC	permutation	
1437.0	0.22666217865348015	SEQC	permutation	
1438.0	0.09968513633622944	SEQC	permutation	
1439.0	0.07783864851746536	SEQC	permutation	
1440.0	-0.11916023143026377	SEQC	permutation	
1441.0	-0.11149274402924414	SEQC	permutation	
1442.0	-0.04203215434514718	SEQC	permutation	
1443.0	0.3281914771363539	SEQC	permutation	
1444.0	-0.44445741936574157	SEQC	permutation	
1445.0	0.018325717071426606	SEQC	permutation	
1446.0	0.04126282676704207	SEQC	permutation	
1447.0	-0.04804093937245435	SEQC	permutation	
1448.0	0.22757321254202	SEQC	permutation	
1449.0	0.10302945534117658	SEQC	permutation	
1450.0	-0.006509550567927125	SEQC	permutation	
1451.0	0.2003096731299392	SEQC	permutation	
1452.0	-0.08265940123550486	SEQC	permutation	
1453.0	0.15318326212155364	SEQC	permutation	
1454.0	-0.3224631171322856	SEQC	permutation	
1455.0	-0.07949721752742667	SEQC	permutation	
1456.0	-0.2899515750538164	SEQC	permutation	
1457.0	-0.2586311268065753	SEQC	permutation	
1458.0	-0.09748791488425912	SEQC	permutation	
1459.0	0.32891015743065166	SEQC	permutation	
1460.0	-0.022424470455049583	SEQC	permutation	
1461.0	0.002136612633967694	SEQC	permutation	
1462.0	0.14731653450964455	SEQC	permutation	
1463.0	0.08462626144964114	SEQC	permutation	
1464.0	-0.004822703266864181	SEQC	permutation	
1465.0	0.25893918601996857	SEQC	permutation	
1466.0	0.20677956536934916	SEQC	permutation	
1467.0	-0.10726248421882856	SEQC	permutation	
1468.0	-0.14103786763010806	SEQC	permutation	
1469.0	0.12027195416132441	SEQC	permutation	
1470.0	0.1555092357998049	SEQC	permutation	
1471.0	0.11630412636739118	SEQC	permutation	
1472.0	-0.4178336979001491	SEQC	permutation	
1473.0	-0.0151478111759209	SEQC	permutation	
1474.0	0.0409272333832873	SEQC	permutation	
1475.0	-0.26631164456102674	SEQC	permutation	
1476.0	0.3909810442369812	SEQC	permutation	
1477.0	0.09876946033735434	SEQC	permutation	
1478.0	-0.1950275610624832	SEQC	permutation	
1479.0	0.10719201077159424	SEQC	permutation	
1480.0	0.13054597595117645	SEQC	permutation	
1481.0	0.1336512726273278	SEQC	permutation	
1482.0	0.06660291446689559	SEQC	permutation	
1483.0	0.1569247280952375	SEQC	permutation	
1484.0	-0.03853876444521731	SEQC	permutation	
1485.0	0.18336794697980796	SEQC	permutation	
1486.0	0.10035157482563406	SEQC	permutation	
1487.0	-0.09962386968590575	SEQC	permutation	
1488.0	-0.007368878141005286	SEQC	permutation	
1489.0	-0.04945931575872331	SEQC	permutation	
1490.0	0.017805875473509314	SEQC	permutation	
1491.0	0.1736739981590243	SEQC	permutation	
1492.0	-0.0997473744557924	SEQC	permutation	
1493.0	0.09119945879492253	SEQC	permutation	
1494.0	-0.21996343759357684	SEQC	permutation	
1495.0	-0.12637748700759133	SEQC	permutation	
1496.0	0.2737597051094114	SEQC	permutation	
1497.0	0.15822185240198028	SEQC	permutation	
1498.0	0.16499205636883563	SEQC	permutation	
1499.0	-0.0835879445188108	SEQC	permutation	
1500.0	-0.06420330561158538	SEQC	permutation	
1501.0	-0.03205420672883186	SEQC	permutation	
1502.0	-0.2175482670629867	SEQC	permutation	
1503.0	-0.040716809782582075	SEQC	permutation	
1504.0	-0.25674012770778143	SEQC	permutation	
1505.0	-0.11618636855058773	SEQC	permutation	
1506.0	0.0025634829156557792	SEQC	permutation	
1507.0	0.21360015610545924	SEQC	permutation	
1508.0	-0.2241768381944893	SEQC	permutation	
1509.0	-0.06995329229712777	SEQC	permutation	
1510.0	0.15383394853774712	SEQC	permutation	
1511.0	0.1016497465368853	SEQC	permutation	
1512.0	-0.06233750998779142	SEQC	permutation	
1513.0	0.2727904504438947	SEQC	permutation	
1514.0	-0.1127500887472781	SEQC	permutation	
1515.0	0.1724954670647274	SEQC	permutation	
1516.0	-0.17497294476395409	SEQC	permutation	
1517.0	0.01155311601360065	SEQC	permutation	
1518.0	-0.11782428414939883	SEQC	permutation	
1519.0	0.0241003065473393	SEQC	permutation	
1520.0	0.07279648621454227	SEQC	permutation	
1521.0	0.12388216094250026	SEQC	permutation	
1522.0	0.09078202642541155	SEQC	permutation	
1523.0	-0.2865149097771762	SEQC	permutation	
1524.0	-0.1537682056620331	SEQC	permutation	
1525.0	-0.29841822811144647	SEQC	permutation	
1526.0	0.10100919799513663	SEQC	permutation	
1527.0	-0.13197924725390608	SEQC	permutation	
1528.0	0.04590886272136352	SEQC	permutation	
1529.0	0.2915780177153229	SEQC	permutation	
1530.0	-0.15684088506448335	SEQC	permutation	
1531.0	0.10760352876348556	SEQC	permutation	
1532.0	0.2243329102023548	SEQC	permutation	
1533.0	0.11612012723393761	SEQC	permutation	
1534.0	0.12982539902084955	SEQC	permutation	
1535.0	-0.059300751268123175	SEQC	permutation	
1536.0	0.06699808568311472	SEQC	permutation	
1537.0	-0.25329658169399005	SEQC	permutation	
1538.0	0.14546987289077462	SEQC	permutation	
1539.0	0.09460628099479251	SEQC	permutation	
1540.0	-0.1562052453831586	SEQC	permutation	
1541.0	0.075526926172921	SEQC	permutation	
1542.0	0.05546049022860933	SEQC	permutation	
1543.0	0.24775022785578793	SEQC	permutation	
1544.0	-0.0001337724939256546	SEQC	permutation	
1545.0	0.5482195960207981	SEQC	permutation	
1546.0	-0.09674279573326006	SEQC	permutation	
1547.0	-0.12147858641847131	SEQC	permutation	
1548.0	-0.04118907183435683	SEQC	permutation	
1549.0	-0.02716117439757504	SEQC	permutation	
1550.0	0.26347409161813795	SEQC	permutation	
1551.0	-0.08941890341026859	SEQC	permutation	
1552.0	0.14017193882325785	SEQC	permutation	
1553.0	0.08856228740759109	SEQC	permutation	
1554.0	0.37189029871619583	SEQC	permutation	
1555.0	-0.009241225216658933	SEQC	permutation	
1556.0	0.07776742516424484	SEQC	permutation	
1557.0	0.03628203137861563	SEQC	permutation	
1558.0	0.10213621088662306	SEQC	permutation	
1559.0	0.1960890162734521	SEQC	permutation	
1560.0	0.05281786947366962	SEQC	permutation	
1561.0	0.12995204542098016	SEQC	permutation	
1562.0	0.16688713977084468	SEQC	permutation	
1563.0	-0.002457609347553902	SEQC	permutation	
1564.0	0.07768919814014019	SEQC	permutation	
1565.0	0.12065842192964205	SEQC	permutation	
1566.0	0.07348526505112485	SEQC	permutation	
1567.0	-0.051540859920701454	SEQC	permutation	
1568.0	0.12708611205620324	SEQC	permutation	
1569.0	0.11998804902180327	SEQC	permutation	
1570.0	0.023202623923107346	SEQC	permutation	
1571.0	-0.4050243091595491	SEQC	permutation	
1572.0	0.3189658989680195	SEQC	permutation	
1573.0	0.12487801840047297	SEQC	permutation	
1574.0	-0.032784316757457965	SEQC	permutation	
1575.0	-0.07909022163495028	SEQC	permutation	
1576.0	-0.027503407812996095	SEQC	permutation	
1577.0	-0.09541546520259692	SEQC	permutation	
1578.0	0.08507261847884307	SEQC	permutation	
1579.0	-0.14171686400202255	SEQC	permutation	
1580.0	0.022529278433416344	SEQC	permutation	
1581.0	-0.12746984192705346	SEQC	permutation	
1582.0	-0.16729283709130627	SEQC	permutation	
1583.0	-0.08620858556478073	SEQC	permutation	
1584.0	0.35473759556449025	SEQC	permutation	
1585.0	0.170780715601063	SEQC	permutation	
1586.0	0.35524972459579685	SEQC	permutation	
1587.0	-0.08657419935797561	SEQC	permutation	
1588.0	0.13436492721050586	SEQC	permutation	
1589.0	0.07955877927651311	SEQC	permutation	
1590.0	-0.1386486115579295	SEQC	permutation	
1591.0	-0.12789923196894337	SEQC	permutation	
1592.0	-0.026439887502395898	SEQC	permutation	
1593.0	-0.10452788249365375	SEQC	permutation	
1594.0	0.08709183501659545	SEQC	permutation	
1595.0	0.14201831315470193	SEQC	permutation	
1596.0	0.019678921989733755	SEQC	permutation	
1597.0	-0.28721488147539365	SEQC	permutation	
1598.0	0.050875257028124565	SEQC	permutation	
1599.0	0.24151121472786352	SEQC	permutation	
1600.0	-0.004354591731457358	SEQC	permutation	
1601.0	0.2237867802188318	SEQC	permutation	
1602.0	-0.010690947638785975	SEQC	permutation	
1603.0	0.06514433553495502	SEQC	permutation	
1604.0	0.1576226242802865	SEQC	permutation	
1605.0	-0.0588423639478739	SEQC	permutation	
1606.0	-0.18667859770343798	SEQC	permutation	
1607.0	0.01132687189028081	SEQC	permutation	
1608.0	-0.10380196616063975	SEQC	permutation	
1609.0	-0.028328377627850454	SEQC	permutation	
1610.0	0.1179667525012702	SEQC	permutation	
1611.0	0.4045680591856411	SEQC	permutation	
1612.0	0.3286675778004913	SEQC	permutation	
1613.0	0.4430057183868339	SEQC	permutation	
1614.0	0.09988698670888096	SEQC	permutation	
1615.0	0.1454114465532892	SEQC	permutation	
1616.0	-0.1361151883757219	SEQC	permutation	
1617.0	0.10139612421621003	SEQC	permutation	
1618.0	0.08203956594193418	SEQC	permutation	
1619.0	-0.16752223100421393	SEQC	permutation	
1620.0	0.206211518303844	SEQC	permutation	
1621.0	-0.04455623550501242	SEQC	permutation	
1622.0	0.2911310981304944	SEQC	permutation	
1623.0	-0.057418088516004495	SEQC	permutation	
1624.0	0.19517154225652789	SEQC	permutation	
1625.0	-0.19408008032934232	SEQC	permutation	
1626.0	-0.07389684650067752	SEQC	permutation	
1627.0	-0.24195276962524526	SEQC	permutation	
1628.0	0.22463682438567556	SEQC	permutation	
1629.0	0.182408505080482	SEQC	permutation	
1630.0	-0.3341580602635572	SEQC	permutation	
1631.0	0.27880047839538813	SEQC	permutation	
1632.0	-0.002575044146260641	SEQC	permutation	
1633.0	-0.04370842698475741	SEQC	permutation	
1634.0	0.047950617760963876	SEQC	permutation	
1635.0	0.06262570014358948	SEQC	permutation	
1636.0	0.03085579021224394	SEQC	permutation	
1637.0	-0.07404685937588074	SEQC	permutation	
1638.0	-0.328810667937379	SEQC	permutation	
1639.0	-0.06283928883745604	SEQC	permutation	
1640.0	-0.14885376887663293	SEQC	permutation	
1641.0	0.11733554475036634	SEQC	permutation	
1642.0	0.32586579470665145	SEQC	permutation	
1643.0	0.31806503236113226	SEQC	permutation	
1644.0	-0.09140045764000826	SEQC	permutation	
1645.0	0.04341382443814101	SEQC	permutation	
1646.0	-0.029046469628899008	SEQC	permutation	
1647.0	0.1303293777359218	SEQC	permutation	
1648.0	-0.12644324570826404	SEQC	permutation	
1649.0	0.10343322982897307	SEQC	permutation	
1650.0	-0.04108321789171132	SEQC	permutation	
1651.0	0.33062014027141373	SEQC	permutation	
1652.0	-0.018119716835105937	SEQC	permutation	
1653.0	0.1503995904718778	SEQC	permutation	
1654.0	0.022804710866648037	SEQC	permutation	
1655.0	-0.13576183752527182	SEQC	permutation	
1656.0	-0.08698674092221115	SEQC	permutation	
1657.0	0.06515821147250245	SEQC	permutation	
1658.0	-0.2675952656601752	SEQC	permutation	
1659.0	0.16288269587269122	SEQC	permutation	
1660.0	-0.029686075224731212	SEQC	permutation	
1661.0	0.10627293294425932	SEQC	permutation	
1662.0	-0.1626338048211644	SEQC	permutation	
1663.0	0.1347902349909118	SEQC	permutation	
1664.0	0.19855794423060402	SEQC	permutation	
1665.0	-0.1084561185998627	SEQC	permutation	
1666.0	0.11095927828150032	SEQC	permutation	
1667.0	0.09825341240292884	SEQC	permutation	
1668.0	0.0808706052177981	SEQC	permutation	
1669.0	0.08736906444087555	SEQC	permutation	
1670.0	0.00933439642010514	SEQC	permutation	
1671.0	0.11200621009323575	SEQC	permutation	
1672.0	-0.12373123148735399	SEQC	permutation	
1673.0	0.01237625853075297	SEQC	permutation	
1674.0	0.3510058869300199	SEQC	permutation	
1675.0	0.2331423074789476	SEQC	permutation	
1676.0	-0.12448534234901887	SEQC	permutation	
1677.0	0.20344238920526214	SEQC	permutation	
1678.0	0.12640424176943998	SEQC	permutation	
1679.0	0.17656603808211502	SEQC	permutation	
1680.0	-0.1863982990062274	SEQC	permutation	
1681.0	-0.11591579443476574	SEQC	permutation	
1682.0	0.17012245514310997	SEQC	permutation	
1683.0	0.11833484329615329	SEQC	permutation	
1684.0	0.4278131730062724	SEQC	permutation	
1685.0	-0.15731058924208075	SEQC	permutation	
1686.0	-0.22321597478190247	SEQC	permutation	
1687.0	0.10580017649324214	SEQC	permutation	
1688.0	0.35548521537086364	SEQC	permutation	
1689.0	-0.0960203414770322	SEQC	permutation	
1690.0	-0.18583396333452606	SEQC	permutation	
1691.0	-0.1276661632369831	SEQC	permutation	
1692.0	0.17089034955164095	SEQC	permutation	
1693.0	0.07366423078233941	SEQC	permutation	
1694.0	-0.0704654349261169	SEQC	permutation	
1695.0	0.3072425167795738	SEQC	permutation	
1696.0	0.11595139871295768	SEQC	permutation	
1697.0	0.11009450430935264	SEQC	permutation	
1698.0	0.45381783220289496	SEQC	permutation	
1699.0	0.15100756781381097	SEQC	permutation	
1700.0	0.20496722675541612	SEQC	permutation	
1701.0	0.1097168791964993	SEQC	permutation	
1702.0	0.010148107691027253	SEQC	permutation	
1703.0	0.08215033078769851	SEQC	permutation	
1704.0	-0.09426272930287594	SEQC	permutation	
1705.0	-0.08590121974801601	SEQC	permutation	
1706.0	0.1932366887967727	SEQC	permutation	
1707.0	0.06309357113246161	SEQC	permutation	
1708.0	0.15486771687992062	SEQC	permutation	
1709.0	0.32188607160027516	SEQC	permutation	
1710.0	0.32564346886586515	SEQC	permutation	
1711.0	-0.14061088401229282	SEQC	permutation	
1712.0	0.3832426091348715	SEQC	permutation	
1713.0	0.18746910852393173	SEQC	permutation	
1714.0	0.3323795807944139	SEQC	permutation	
1715.0	0.08213760642584678	SEQC	permutation	
1716.0	0.17644684690254397	SEQC	permutation	
1717.0	-0.06130547152820709	SEQC	permutation	
1718.0	-0.031063923995549025	SEQC	permutation	
1719.0	0.03239153435347353	SEQC	permutation	
1720.0	-0.07590406566376462	SEQC	permutation	
1721.0	0.24712732688134453	SEQC	permutation	
1722.0	-0.004107274031446284	SEQC	permutation	
1723.0	-0.031382546660691624	SEQC	permutation	
1724.0	0.023410570422028876	SEQC	permutation	
1725.0	-0.07280943301654963	SEQC	permutation	
1726.0	0.19498106909395263	SEQC	permutation	
1727.0	0.4019290143749408	SEQC	permutation	
1728.0	-0.23607041170656595	SEQC	permutation	
1729.0	-0.24553852729903625	SEQC	permutation	
1730.0	-0.0813987876400164	SEQC	permutation	
1731.0	0.3198782901553252	SEQC	permutation	
1732.0	0.1833782180750143	SEQC	permutation	
1733.0	-0.13827394706326945	SEQC	permutation	
1734.0	0.17929560123803068	SEQC	permutation	
1735.0	0.2975380739913289	SEQC	permutation	
1736.0	-0.047330983635871515	SEQC	permutation	
1737.0	-0.055283880382849926	SEQC	permutation	
1738.0	-0.14477697641174192	SEQC	permutation	
1739.0	0.002815328933198913	SEQC	permutation	
1740.0	0.16365354317810166	SEQC	permutation	
1741.0	-0.44049626343854387	SEQC	permutation	
1742.0	-0.1713969755082867	SEQC	permutation	
1743.0	0.1180168150772869	SEQC	permutation	
1744.0	0.043284078126823555	SEQC	permutation	
1745.0	0.1861448218878059	SEQC	permutation	
1746.0	0.1814229090101338	SEQC	permutation	
1747.0	0.08405604181925908	SEQC	permutation	
1748.0	0.021617237926136124	SEQC	permutation	
1749.0	0.3163996895417789	SEQC	permutation	
1750.0	0.009544764543862883	SEQC	permutation	
1751.0	0.013606175566845735	SEQC	permutation	
1752.0	0.12453527025276578	SEQC	permutation	
1753.0	0.19738445901766521	SEQC	permutation	
1754.0	-0.2838173107167159	SEQC	permutation	
1755.0	-0.1677457479405562	SEQC	permutation	
1756.0	0.3989427814155606	SEQC	permutation	
1757.0	0.4302852440408764	SEQC	permutation	
1758.0	0.014789413193312395	SEQC	permutation	
1759.0	0.35350287366864785	SEQC	permutation	
1760.0	-0.045996689954602044	SEQC	permutation	
1761.0	-0.15662721748298658	SEQC	permutation	
1762.0	0.06435947543634457	SEQC	permutation	
1763.0	0.13518308698929538	SEQC	permutation	
1764.0	0.34444453025009736	SEQC	permutation	
1765.0	-0.11439746122429328	SEQC	permutation	
1766.0	0.24330192826049268	SEQC	permutation	
1767.0	-0.08225158217304562	SEQC	permutation	
1768.0	-0.0865048319050965	SEQC	permutation	
1769.0	0.15688945030446977	SEQC	permutation	
1770.0	-0.13349213499076118	SEQC	permutation	
1771.0	0.40230939889168127	SEQC	permutation	
1772.0	0.006854637057490898	SEQC	permutation	
1773.0	0.14337058203289788	SEQC	permutation	
1774.0	0.08131997687975234	SEQC	permutation	
1775.0	-0.14483090146087862	SEQC	permutation	
1776.0	0.3993476444984201	SEQC	permutation	
1777.0	-0.06741906072257242	SEQC	permutation	
1778.0	-0.16302892833756433	SEQC	permutation	
1779.0	-0.03821266516241195	SEQC	permutation	
1780.0	-0.05955640279135599	SEQC	permutation	
1781.0	0.09327639121787534	SEQC	permutation	
1782.0	-0.036576419074936695	SEQC	permutation	
1783.0	-0.11718083174403393	SEQC	permutation	
1784.0	0.11761878262640257	SEQC	permutation	
1785.0	0.2361724211151035	SEQC	permutation	
1786.0	-0.019856053495612258	SEQC	permutation	
1787.0	0.09043967174417666	SEQC	permutation	
1788.0	-0.009890031377450814	SEQC	permutation	
1789.0	0.24980932236907005	SEQC	permutation	
1790.0	0.28641842317202304	SEQC	permutation	
1791.0	0.1807128791026833	SEQC	permutation	
1792.0	0.2909598878010904	SEQC	permutation	
1793.0	0.06375298929703366	SEQC	permutation	
1794.0	0.15059829143475456	SEQC	permutation	
1795.0	0.13773807162843443	SEQC	permutation	
1796.0	0.03714556214702691	SEQC	permutation	
1797.0	-0.06031775890868474	SEQC	permutation	
1798.0	-0.03352128848402547	SEQC	permutation	
1799.0	-0.13575184380257754	SEQC	permutation	
1800.0	0.053107190270950344	SEQC	permutation	
1801.0	-0.22186363692915245	SEQC	permutation	
1802.0	0.21186590255903415	SEQC	permutation	
1803.0	-0.12724737110648787	SEQC	permutation	
1804.0	0.008542235517364105	SEQC	permutation	
1805.0	0.3192093307797661	SEQC	permutation	
1806.0	0.07522179298869158	SEQC	permutation	
1807.0	-0.2042330063048543	SEQC	permutation	
1808.0	-0.16440010222684664	SEQC	permutation	
1809.0	0.060281828311972596	SEQC	permutation	
1810.0	0.08269043711480784	SEQC	permutation	
1811.0	0.13663088790143574	SEQC	permutation	
1812.0	-0.03812567975783665	SEQC	permutation	
1813.0	0.2998592772209343	SEQC	permutation	
1814.0	0.02468361505940564	SEQC	permutation	
1815.0	0.15305736254433455	SEQC	permutation	
1816.0	0.35190310742676756	SEQC	permutation	
1817.0	-0.11585856407747297	SEQC	permutation	
1818.0	0.28028470705807607	SEQC	permutation	
1819.0	0.05368966794927754	SEQC	permutation	
1820.0	-0.08658787829025716	SEQC	permutation	
1821.0	0.1481333582156248	SEQC	permutation	
1822.0	0.038731576976526405	SEQC	permutation	
1823.0	-0.04861025358769888	SEQC	permutation	
1824.0	-0.11280747959073256	SEQC	permutation	
1825.0	0.03256335919157838	SEQC	permutation	
1826.0	0.1460102481442802	SEQC	permutation	
1827.0	-0.022235743110591066	SEQC	permutation	
1828.0	0.15996163287379606	SEQC	permutation	
1829.0	0.2401581542579918	SEQC	permutation	
1830.0	0.40410206513068037	SEQC	permutation	
1831.0	0.009558296242019093	SEQC	permutation	
1832.0	-0.05642467721184907	SEQC	permutation	
1833.0	0.1326781401627497	SEQC	permutation	
1834.0	-0.14285963419958536	SEQC	permutation	
1835.0	-0.15231012732432214	SEQC	permutation	
1836.0	-0.05394770911798474	SEQC	permutation	
1837.0	0.10332481066025156	SEQC	permutation	
1838.0	0.32436785170844873	SEQC	permutation	
1839.0	-0.06834341626807516	SEQC	permutation	
1840.0	0.09658873241919608	SEQC	permutation	
1841.0	0.15897153656898855	SEQC	permutation	
1842.0	0.09633526138287651	SEQC	permutation	
1843.0	0.0911218897206707	SEQC	permutation	
1844.0	0.08450402043459082	SEQC	permutation	
1845.0	-0.062335549161282255	SEQC	permutation	
1846.0	-0.17403397090979222	SEQC	permutation	
1847.0	-0.06482262773691838	SEQC	permutation	
1848.0	-0.08023950254566081	SEQC	permutation	
1849.0	0.17121334709923275	SEQC	permutation	
1850.0	-0.10331358132512936	SEQC	permutation	
1851.0	0.29205125019147316	SEQC	permutation	
1852.0	0.19652826650106103	SEQC	permutation	
1853.0	0.0752734500609642	SEQC	permutation	
1854.0	0.06194655904925339	SEQC	permutation	
1855.0	0.06224490011131545	SEQC	permutation	
1856.0	-0.03046277086480398	SEQC	permutation	
1857.0	-0.003729307103476298	SEQC	permutation	
1858.0	-0.12943614150875815	SEQC	permutation	
1859.0	0.21862743038195287	SEQC	permutation	
1860.0	0.007527094536262879	SEQC	permutation	
1861.0	0.07293961639900282	SEQC	permutation	
1862.0	-0.03820039749407522	SEQC	permutation	
1863.0	-0.01995079224929519	SEQC	permutation	
1864.0	0.009442051982449406	SEQC	permutation	
1865.0	0.1392565126647889	SEQC	permutation	
1866.0	-0.11339564227033883	SEQC	permutation	
1867.0	0.15132630090885568	SEQC	permutation	
1868.0	0.20796966093939728	SEQC	permutation	
1869.0	0.10550397870291794	SEQC	permutation	
1870.0	0.2091612929597404	SEQC	permutation	
1871.0	-0.03901959727853832	SEQC	permutation	
1872.0	0.04814707064565882	SEQC	permutation	
1873.0	-0.05359744698159297	SEQC	permutation	
1874.0	0.09107671275441076	SEQC	permutation	
1875.0	0.22548563563814117	SEQC	permutation	
1876.0	0.052977843500582544	SEQC	permutation	
1877.0	-0.007952575361318548	SEQC	permutation	
1878.0	-0.0881741801942213	SEQC	permutation	
1879.0	-0.22737747787865503	SEQC	permutation	
1880.0	0.0926673342765727	SEQC	permutation	
1881.0	0.28056835500195154	SEQC	permutation	
1882.0	0.05283688993041835	SEQC	permutation	
1883.0	0.2680406043755861	SEQC	permutation	
1884.0	-0.39608463006466055	SEQC	permutation	
1885.0	0.08691037059249673	SEQC	permutation	
1886.0	0.15915822337484453	SEQC	permutation	
1887.0	0.3752808688744831	SEQC	permutation	
1888.0	0.34043795299163815	SEQC	permutation	
1889.0	0.27788538651715644	SEQC	permutation	
1890.0	-0.35680509220161305	SEQC	permutation	
1891.0	-0.19647080091237967	SEQC	permutation	
1892.0	-0.09497196050111967	SEQC	permutation	
1893.0	0.05300163409075598	SEQC	permutation	
1894.0	-0.023329513312845496	SEQC	permutation	
1895.0	-0.09339099831666431	SEQC	permutation	
1896.0	0.06688205170368855	SEQC	permutation	
1897.0	-0.138700320313613	SEQC	permutation	
1898.0	0.21595384514907057	SEQC	permutation	
1899.0	0.24354300782960303	SEQC	permutation	
1900.0	0.10947948738669178	SEQC	permutation	
1901.0	-0.009379272244159242	SEQC	permutation	
1902.0	0.2407687396862075	SEQC	permutation	
1903.0	-0.012062571344580775	SEQC	permutation	
1904.0	0.07134809354857641	SEQC	permutation	
1905.0	0.1853557552184335	SEQC	permutation	
1906.0	-0.009558266072644983	SEQC	permutation	
1907.0	0.1338739032502234	SEQC	permutation	
1908.0	0.03727118811412922	SEQC	permutation	
1909.0	-0.1998880589720291	SEQC	permutation	
1910.0	-0.07067814867632416	SEQC	permutation	
1911.0	0.3101474300993816	SEQC	permutation	
1912.0	0.17376612446938378	SEQC	permutation	
1913.0	-0.33331849888609977	SEQC	permutation	
1914.0	0.19010478056126656	SEQC	permutation	
1915.0	-0.14533596990066888	SEQC	permutation	
1916.0	0.29520678575680614	SEQC	permutation	
1917.0	0.17349586329673494	SEQC	permutation	
1918.0	-0.002644102154748307	SEQC	permutation	
1919.0	0.10427794317504624	SEQC	permutation	
1920.0	-0.09503717372760256	SEQC	permutation	
1921.0	0.027386363486554988	SEQC	permutation	
1922.0	-0.14666205073160432	SEQC	permutation	
1923.0	0.19364836537603614	SEQC	permutation	
1924.0	0.024541809519162516	SEQC	permutation	
1925.0	0.23945948020125307	SEQC	permutation	
1926.0	0.1848139635595274	SEQC	permutation	
1927.0	-0.042735538852241906	SEQC	permutation	
1928.0	0.026764041149926143	SEQC	permutation	
1929.0	-0.07555936763859039	SEQC	permutation	
1930.0	0.05770251870491894	SEQC	permutation	
1931.0	-0.23465605545969392	SEQC	permutation	
1932.0	0.08001264618694037	SEQC	permutation	
1933.0	-0.0005695761065873661	SEQC	permutation	
1934.0	-0.16460337778501577	SEQC	permutation	
1935.0	0.6273474487532833	SEQC	permutation	
1936.0	-0.028253073914508153	SEQC	permutation	
1937.0	-0.007822181049980781	SEQC	permutation	
1938.0	-0.02320689870892778	SEQC	permutation	
1939.0	0.020169850847870485	SEQC	permutation	
1940.0	0.14723054699338922	SEQC	permutation	
1941.0	0.0739572008109648	SEQC	permutation	
1942.0	0.06689135515753009	SEQC	permutation	
1943.0	0.016556182939593267	SEQC	permutation	
1944.0	-0.03568484240065617	SEQC	permutation	
1945.0	-0.2970517959936063	SEQC	permutation	
1946.0	-0.06907524313588054	SEQC	permutation	
1947.0	0.01905004947520572	SEQC	permutation	
1948.0	0.04599205102416537	SEQC	permutation	
1949.0	0.2010049702576162	SEQC	permutation	
1950.0	-0.04953432267648594	SEQC	permutation	
1951.0	-0.275648807787944	SEQC	permutation	
1952.0	-0.07765327324161042	SEQC	permutation	
1953.0	0.05091479250253084	SEQC	permutation	
1954.0	0.1815242027478976	SEQC	permutation	
1955.0	-0.004873674008069706	SEQC	permutation	
1956.0	-0.3349140889170634	SEQC	permutation	
1957.0	0.05165879810149132	SEQC	permutation	
1958.0	0.07778030216240062	SEQC	permutation	
1959.0	0.22236151401389126	SEQC	permutation	
1960.0	0.16906080299531334	SEQC	permutation	
1961.0	-0.36621889352813675	SEQC	permutation	
1962.0	-0.19961371375359338	SEQC	permutation	
1963.0	0.07380128044531498	SEQC	permutation	
1964.0	-0.11609523702398228	SEQC	permutation	
1965.0	0.0646412960865681	SEQC	permutation	
1966.0	0.08511450712202029	SEQC	permutation	
1967.0	0.08133051149460524	SEQC	permutation	
1968.0	0.25178956800993646	SEQC	permutation	
1969.0	-0.03614371181436837	SEQC	permutation	
1970.0	0.18357535081713294	SEQC	permutation	
1971.0	0.02173812385615692	SEQC	permutation	
1972.0	-0.08823045402793861	SEQC	permutation	
1973.0	-0.3091076569597435	SEQC	permutation	
1974.0	-0.021001571203817182	SEQC	permutation	
1975.0	0.24927904549081603	SEQC	permutation	
1976.0	0.0012325402699113752	SEQC	permutation	
1977.0	0.24993233879548837	SEQC	permutation	
1978.0	0.20507189764827105	SEQC	permutation	
1979.0	-0.00010326393889492635	SEQC	permutation	
1980.0	0.12737954091827142	SEQC	permutation	
1981.0	0.28941095422117913	SEQC	permutation	
1982.0	-0.2837310761172054	SEQC	permutation	
1983.0	0.057981942932119335	SEQC	permutation	
1984.0	-0.019298836223400784	SEQC	permutation	
1985.0	0.30825487982643773	SEQC	permutation	
1986.0	-0.20756675441190398	SEQC	permutation	
1987.0	0.11984959868106815	SEQC	permutation	
1988.0	0.06563659881073525	SEQC	permutation	
1989.0	0.0015334426078106311	SEQC	permutation	
1990.0	0.0844858240222166	SEQC	permutation	
1991.0	0.06783620626414688	SEQC	permutation	
1992.0	0.15993174155809964	SEQC	permutation	
1993.0	0.13362149632513987	SEQC	permutation	
1994.0	-0.03806127856668873	SEQC	permutation	
1995.0	-0.126224290596054	SEQC	permutation	
1996.0	0.3203491450336906	SEQC	permutation	
1997.0	0.17755814475988974	SEQC	permutation	
1998.0	0.24751522269742754	SEQC	permutation	
1999.0	0.11581281084118888	SEQC	permutation	
2000.0	0.2489880213636524	SEQC	permutation	
2001.0	0.14780102595082578	SEQC	permutation	
2002.0	0.128094714520123	SEQC	permutation	
2003.0	0.11774741551271228	SEQC	permutation	
2004.0	-0.013746930090487552	SEQC	permutation	
2005.0	0.23412052871807898	SEQC	permutation	
2006.0	-0.07705515544982156	SEQC	permutation	
2007.0	0.27920227807943077	SEQC	permutation	
2008.0	-0.025116891565797772	SEQC	permutation	
2009.0	-0.26756538006026886	SEQC	permutation	
2010.0	0.0686540604851511	SEQC	permutation	
2011.0	-0.017324572738212307	SEQC	permutation	
2012.0	0.12599000490263323	SEQC	permutation	
2013.0	-0.200717045246408	SEQC	permutation	
2014.0	0.2913233917027016	SEQC	permutation	
2015.0	0.3584306056573525	SEQC	permutation	
2016.0	0.09247234141926297	SEQC	permutation	
2017.0	0.05002474928081835	SEQC	permutation	
2018.0	0.2882138524884996	SEQC	permutation	
2019.0	0.06077235326999553	SEQC	permutation	
2020.0	0.2024901258149283	SEQC	permutation	
2021.0	-0.029691545335473357	SEQC	permutation	
2022.0	0.046413829595686185	SEQC	permutation	
2023.0	0.3231221910245101	SEQC	permutation	
2024.0	0.02085161364055077	SEQC	permutation	
2025.0	-0.13473160130290696	SEQC	permutation	
2026.0	0.010590791068066707	SEQC	permutation	
2027.0	-0.11085204507660995	SEQC	permutation	
2028.0	-0.009229202173909545	SEQC	permutation	
2029.0	0.07812981116079332	SEQC	permutation	
2030.0	-0.08692032163582164	SEQC	permutation	
2031.0	0.09934885601892729	SEQC	permutation	
2032.0	0.016462253969047325	SEQC	permutation	
2033.0	-0.17118883244218308	SEQC	permutation	
2034.0	0.01030227584932275	SEQC	permutation	
2035.0	0.14221732953469912	SEQC	permutation	
2036.0	-0.08026896731341271	SEQC	permutation	
2037.0	0.08896624816064902	SEQC	permutation	
2038.0	0.20306072964798627	SEQC	permutation	
2039.0	-0.3712915673064847	SEQC	permutation	
2040.0	0.09834545234630321	SEQC	permutation	
2041.0	0.0954418624460831	SEQC	permutation	
2042.0	0.2251578711856217	SEQC	permutation	
2043.0	0.3261672025146658	SEQC	permutation	
2044.0	0.03770851518563356	SEQC	permutation	
2045.0	0.1059786245177925	SEQC	permutation	
2046.0	-0.017625411739602637	SEQC	permutation	
2047.0	-0.21626988372819156	SEQC	permutation	
2048.0	0.11559613234371069	SEQC	permutation	
2049.0	0.0288062406577696	SEQC	permutation	
2050.0	0.049138494384617815	SEQC	permutation	
2051.0	0.11883135936654066	SEQC	permutation	
2052.0	0.016287752472361472	SEQC	permutation	
2053.0	0.24359771351316484	SEQC	permutation	
2054.0	0.005082528161130639	SEQC	permutation	
2055.0	-0.20496030005895127	SEQC	permutation	
2056.0	0.23430456318225223	SEQC	permutation	
2057.0	0.10986511182709213	SEQC	permutation	
2058.0	0.09850715745820837	SEQC	permutation	
2059.0	-0.011546562557564144	SEQC	permutation	
2060.0	0.33835387187500343	SEQC	permutation	
2061.0	0.20504030535514461	SEQC	permutation	
2062.0	0.004329506759635837	SEQC	permutation	
2063.0	0.40653115727269507	SEQC	permutation	
2064.0	-0.21076066886784828	SEQC	permutation	
2065.0	-0.13305733625163807	SEQC	permutation	
2066.0	-0.26811258308114816	SEQC	permutation	
2067.0	-0.06520321972160703	SEQC	permutation	
2068.0	0.33962240646678943	SEQC	permutation	
2069.0	0.26160045666405773	SEQC	permutation	
2070.0	-0.018477183245138917	SEQC	permutation	
2071.0	-0.27713468517967943	SEQC	permutation	
2072.0	0.148454190230483	SEQC	permutation	
2073.0	0.23046273851571808	SEQC	permutation	
2074.0	-0.19261602078415407	SEQC	permutation	
2075.0	-0.28111848797982564	SEQC	permutation	
2076.0	0.156507725016914	SEQC	permutation	
2077.0	-0.058090000374540374	SEQC	permutation	
2078.0	0.14516949909728094	SEQC	permutation	
2079.0	0.20585727924910646	SEQC	permutation	
2080.0	0.18106405810354653	SEQC	permutation	
2081.0	-0.0818693249920237	SEQC	permutation	
2082.0	-0.0110909298433719	SEQC	permutation	
2083.0	0.10848106098344434	SEQC	permutation	
2084.0	-0.24623638798438874	SEQC	permutation	
2085.0	0.12685099360040608	SEQC	permutation	
2086.0	-0.12895976849223345	SEQC	permutation	
2087.0	0.004543596548848061	SEQC	permutation	
2088.0	0.14407783047372957	SEQC	permutation	
2089.0	-0.12356114017504494	SEQC	permutation	
2090.0	-0.06939620931498425	SEQC	permutation	
2091.0	-0.046223521599423556	SEQC	permutation	
2092.0	0.020725851751775437	SEQC	permutation	
2093.0	-0.08579713849635695	SEQC	permutation	
2094.0	-0.14850440960014488	SEQC	permutation	
2095.0	0.049597600843267475	SEQC	permutation	
2096.0	0.35644953810292623	SEQC	permutation	
2097.0	0.011052937474514302	SEQC	permutation	
2098.0	0.2914642527263296	SEQC	permutation	
2099.0	0.3388939109335989	SEQC	permutation	
2100.0	0.07479620334832093	SEQC	permutation	
2101.0	-0.08393047777854479	SEQC	permutation	
2102.0	0.32986213513399987	SEQC	permutation	
2103.0	-0.07985955999447825	SEQC	permutation	
2104.0	0.11447866271107277	SEQC	permutation	
2105.0	0.01979890584054722	SEQC	permutation	
2106.0	-0.19425371322376517	SEQC	permutation	
2107.0	-0.03167886872311376	SEQC	permutation	
2108.0	-0.20586264075870098	SEQC	permutation	
2109.0	-0.04080567826652892	SEQC	permutation	
2110.0	-0.17432640760166773	SEQC	permutation	
2111.0	0.07177165982694378	SEQC	permutation	
2112.0	0.04201130164285427	SEQC	permutation	
2113.0	0.12153931753753122	SEQC	permutation	
2114.0	0.23973046925119723	SEQC	permutation	
2115.0	-0.028682679958602186	SEQC	permutation	
2116.0	0.21388910382011472	SEQC	permutation	
2117.0	0.6578306131601201	SEQC	permutation	
2118.0	-0.18679253808809548	SEQC	permutation	
2119.0	0.2225949140358301	SEQC	permutation	
2120.0	0.34342519560888984	SEQC	permutation	
2121.0	-0.1115790840045956	SEQC	permutation	
2122.0	-0.21542328896405216	SEQC	permutation	
2123.0	-0.13388609202018253	SEQC	permutation	
2124.0	-0.018390857573921338	SEQC	permutation	
2125.0	0.027652536782376558	SEQC	permutation	
2126.0	-0.02680685683632511	SEQC	permutation	
2127.0	0.08881863696153802	SEQC	permutation	
2128.0	0.05655573207716813	SEQC	permutation	
2129.0	0.08698637241556284	SEQC	permutation	
2130.0	0.22456619198244399	SEQC	permutation	
2131.0	0.10611665382091573	SEQC	permutation	
2132.0	-0.20566135841756816	SEQC	permutation	
2133.0	-0.039643175349866056	SEQC	permutation	
2134.0	-0.2640323355111023	SEQC	permutation	
2135.0	-0.09570125887384107	SEQC	permutation	
2136.0	0.010917067370651345	SEQC	permutation	
2137.0	-0.12844980799988504	SEQC	permutation	
2138.0	-0.09114448473528736	SEQC	permutation	
2139.0	-0.07434843376800249	SEQC	permutation	
2140.0	0.027784614016511	SEQC	permutation	
2141.0	0.06411075586494253	SEQC	permutation	
2142.0	-0.45193088723619157	SEQC	permutation	
2143.0	0.13232052787703985	SEQC	permutation	
2144.0	-0.042046811353840585	SEQC	permutation	
2145.0	0.2214135549758658	SEQC	permutation	
2146.0	0.0407443871649682	SEQC	permutation	
2147.0	0.28235659887486175	SEQC	permutation	
2148.0	-0.10541832767657544	SEQC	permutation	
2149.0	0.23272529209634962	SEQC	permutation	
2150.0	0.05574430731562474	SEQC	permutation	
2151.0	-0.019425614340773834	SEQC	permutation	
2152.0	0.17725721402527173	SEQC	permutation	
2153.0	-0.07187772415314608	SEQC	permutation	
2154.0	0.08296691267900158	SEQC	permutation	
2155.0	-0.0005889856709875296	SEQC	permutation	
2156.0	0.24436267359115638	SEQC	permutation	
2157.0	0.08274015398170409	SEQC	permutation	
2158.0	0.4567596336362789	SEQC	permutation	
2159.0	-0.03909003363714936	SEQC	permutation	
2160.0	0.00788930939066912	SEQC	permutation	
2161.0	-0.10302420678021207	SEQC	permutation	
2162.0	0.2407507066383796	SEQC	permutation	
2163.0	-0.04548990516222329	SEQC	permutation	
2164.0	0.3204791016897661	SEQC	permutation	
2165.0	-0.057288416190360625	SEQC	permutation	
2166.0	0.055860749924055764	SEQC	permutation	
2167.0	-0.1524662975279356	SEQC	permutation	
2168.0	-0.13324030158433153	SEQC	permutation	
2169.0	0.21604626426916296	SEQC	permutation	
2170.0	-0.13597450638576403	SEQC	permutation	
2171.0	-0.1332188250035249	SEQC	permutation	
2172.0	0.04206515722267268	SEQC	permutation	
2173.0	0.3249864400511706	SEQC	permutation	
2174.0	-0.07903018831000264	SEQC	permutation	
2175.0	0.21762417318053373	SEQC	permutation	
2176.0	-0.017232494050136715	SEQC	permutation	
2177.0	0.4544577291726175	SEQC	permutation	
2178.0	-0.022940292699311193	SEQC	permutation	
2179.0	0.2231420085148086	SEQC	permutation	
2180.0	0.014283805930892068	SEQC	permutation	
2181.0	-0.2766882271021487	SEQC	permutation	
2182.0	0.05273630322013201	SEQC	permutation	
2183.0	-0.1582222859258593	SEQC	permutation	
2184.0	-0.06097912626851043	SEQC	permutation	
2185.0	-0.040849800594177754	SEQC	permutation	
2186.0	-0.12774101681290295	SEQC	permutation	
2187.0	0.12166498111281232	SEQC	permutation	
2188.0	0.3710375114019704	SEQC	permutation	
2189.0	0.13014792573104783	SEQC	permutation	
2190.0	-0.15317747189237263	SEQC	permutation	
2191.0	-0.07476011283458073	SEQC	permutation	
2192.0	0.16487486473737611	SEQC	permutation	
2193.0	-0.2031333933942534	SEQC	permutation	
2194.0	0.09210111600994075	SEQC	permutation	
2195.0	0.10593349945466413	SEQC	permutation	
2196.0	-0.08605508078081225	SEQC	permutation	
2197.0	0.07719170223596583	SEQC	permutation	
2198.0	0.34790034486882826	SEQC	permutation	
2199.0	0.09451452299515051	SEQC	permutation	
2200.0	0.00907967321837111	SEQC	permutation	
2201.0	-0.3041881534375146	SEQC	permutation	
2202.0	-0.05399739951888849	SEQC	permutation	
2203.0	0.1562820917112262	SEQC	permutation	
2204.0	0.14626115949464147	SEQC	permutation	
2205.0	-0.07459956768566611	SEQC	permutation	
2206.0	0.07742484618195933	SEQC	permutation	
2207.0	0.1937654396811559	SEQC	permutation	
2208.0	0.24832245349960536	SEQC	permutation	
2209.0	-0.11342008487813215	SEQC	permutation	
2210.0	0.3739671643639082	SEQC	permutation	
2211.0	-0.12031769538743209	SEQC	permutation	
2212.0	-0.18329936483542442	SEQC	permutation	
2213.0	0.14947200597827637	SEQC	permutation	
2214.0	0.19813711999136485	SEQC	permutation	
2215.0	-0.08337653236818587	SEQC	permutation	
2216.0	-0.027118860317288718	SEQC	permutation	
2217.0	0.2650725908122591	SEQC	permutation	
2218.0	0.05848910035122934	SEQC	permutation	
2219.0	0.10373481516349692	SEQC	permutation	
2220.0	-0.08666241637708438	SEQC	permutation	
2221.0	0.08111412503412385	SEQC	permutation	
2222.0	0.1616510673442555	SEQC	permutation	
2223.0	0.02936221982574727	SEQC	permutation	
2224.0	-0.18945057290353784	SEQC	permutation	
2225.0	-0.10601650855331402	SEQC	permutation	
2226.0	0.12173243667951006	SEQC	permutation	
2227.0	0.38137501960190834	SEQC	permutation	
2228.0	0.3057631187497911	SEQC	permutation	
2229.0	-0.23666178604018473	SEQC	permutation	
2230.0	0.0500049500432409	SEQC	permutation	
2231.0	0.001593090739925529	SEQC	permutation	
2232.0	-0.0023079185213408238	SEQC	permutation	
2233.0	0.07820232514087078	SEQC	permutation	
2234.0	0.0633439962314517	SEQC	permutation	
2235.0	0.14400195530834559	SEQC	permutation	
2236.0	0.19890201418157138	SEQC	permutation	
2237.0	0.23218432799619526	SEQC	permutation	
2238.0	0.2461621111331067	SEQC	permutation	
2239.0	0.0401095960099882	SEQC	permutation	
2240.0	-0.21268836523765966	SEQC	permutation	
2241.0	0.398106155276599	SEQC	permutation	
2242.0	-0.043245621216014385	SEQC	permutation	
2243.0	-0.3060056962949842	SEQC	permutation	
2244.0	0.010385893681324365	SEQC	permutation	
2245.0	0.09382604147666829	SEQC	permutation	
2246.0	-0.17942968647919377	SEQC	permutation	
2247.0	-0.05959848010384494	SEQC	permutation	
2248.0	-0.0734967507887272	SEQC	permutation	
2249.0	0.13448271782695365	SEQC	permutation	
2250.0	0.12551440121433588	SEQC	permutation	
2251.0	0.12650772392001475	SEQC	permutation	
2252.0	-0.1383783003706509	SEQC	permutation	
2253.0	0.11499884294269958	SEQC	permutation	
2254.0	0.1576876782223895	SEQC	permutation	
2255.0	-0.5615117958703277	SEQC	permutation	
2256.0	0.2640517337295196	SEQC	permutation	
2257.0	0.089045166880517	SEQC	permutation	
2258.0	-0.14588728919224492	SEQC	permutation	
2259.0	0.5968582100487132	SEQC	permutation	
2260.0	0.1214457703376457	SEQC	permutation	
2261.0	0.03339351848862204	SEQC	permutation	
2262.0	0.05616647140684616	SEQC	permutation	
2263.0	-0.13898036143268344	SEQC	permutation	
2264.0	-0.11025261974724954	SEQC	permutation	
2265.0	0.007392085570095297	SEQC	permutation	
2266.0	0.35667208209176016	SEQC	permutation	
2267.0	0.2534842044550394	SEQC	permutation	
2268.0	0.009300776211531137	SEQC	permutation	
2269.0	0.010913085601419681	SEQC	permutation	
2270.0	0.20744868080372125	SEQC	permutation	
2271.0	0.13246133924367465	SEQC	permutation	
2272.0	-0.22685685621997864	SEQC	permutation	
2273.0	0.20031571078465582	SEQC	permutation	
2274.0	0.33007650935338395	SEQC	permutation	
2275.0	0.33590139385400697	SEQC	permutation	
2276.0	0.15859804196546357	SEQC	permutation	
2277.0	0.1893107095262141	SEQC	permutation	
2278.0	-0.12971337292636376	SEQC	permutation	
2279.0	-0.013686662952929307	SEQC	permutation	
2280.0	0.16005105237995876	SEQC	permutation	
2281.0	0.1790117115170311	SEQC	permutation	
2282.0	-0.1839960957492246	SEQC	permutation	
2283.0	0.08208345734816325	SEQC	permutation	
2284.0	0.10321913187947684	SEQC	permutation	
2285.0	-0.19235341420810714	SEQC	permutation	
2286.0	0.32121514523828454	SEQC	permutation	
2287.0	0.0121902722457512	SEQC	permutation	
2288.0	0.25310606716818285	SEQC	permutation	
2289.0	0.4830736384077685	SEQC	permutation	
2290.0	0.2798492326561246	SEQC	permutation	
2291.0	-0.12842329104938388	SEQC	permutation	
2292.0	0.1293099778393758	SEQC	permutation	
2293.0	0.10539675655147107	SEQC	permutation	
2294.0	0.0009421519356407337	SEQC	permutation	
2295.0	0.02348111511330675	SEQC	permutation	
2296.0	-0.20851723055063864	SEQC	permutation	
2297.0	0.12524885273822894	SEQC	permutation	
2298.0	-0.06404692894992614	SEQC	permutation	
2299.0	-0.1489271707302997	SEQC	permutation	
2300.0	0.09017238630155777	SEQC	permutation	
2301.0	0.2905520461148874	SEQC	permutation	
2302.0	-0.1294076941447866	SEQC	permutation	
2303.0	0.06833466357048135	SEQC	permutation	
2304.0	0.0559913129334868	SEQC	permutation	
2305.0	-0.09210477638805648	SEQC	permutation	
2306.0	0.12291166647359164	SEQC	permutation	
2307.0	0.15795235397195162	SEQC	permutation	
2308.0	0.20771867701410107	SEQC	permutation	
2309.0	-0.0799619597029193	SEQC	permutation	
2310.0	0.46086589460589744	SEQC	permutation	
2311.0	-0.057074601615902054	SEQC	permutation	
2312.0	-0.1751425912386524	SEQC	permutation	
2313.0	-0.1753976763657099	SEQC	permutation	
2314.0	0.13808142104886834	SEQC	permutation	
2315.0	0.08150920560826647	SEQC	permutation	
2316.0	-0.37032750507142875	SEQC	permutation	
2317.0	0.1442894594137769	SEQC	permutation	
2318.0	0.21777933385050385	SEQC	permutation	
2319.0	0.2010968832104143	SEQC	permutation	
2320.0	0.1841138640407145	SEQC	permutation	
2321.0	-0.19330015460234184	SEQC	permutation	
2322.0	0.15447336537230694	SEQC	permutation	
2323.0	0.15999310167117775	SEQC	permutation	
2324.0	-0.11654964454706951	SEQC	permutation	
2325.0	0.12940119794350569	SEQC	permutation	
2326.0	0.07530953172320798	SEQC	permutation	
2327.0	0.10684267358561961	SEQC	permutation	
2328.0	0.024590233650287896	SEQC	permutation	
2329.0	0.03109943205061594	SEQC	permutation	
2330.0	0.09753759731640388	SEQC	permutation	
2331.0	-0.017305162578474143	SEQC	permutation	
2332.0	-0.014779719749710374	SEQC	permutation	
2333.0	0.39750172740623446	SEQC	permutation	
2334.0	0.12712377156424237	SEQC	permutation	
2335.0	-0.40086784807521125	SEQC	permutation	
2336.0	0.30794818130651924	SEQC	permutation	
2337.0	-0.07492998192656275	SEQC	permutation	
2338.0	0.0735039838667344	SEQC	permutation	
2339.0	0.004471176231029883	SEQC	permutation	
2340.0	-0.10499225407832524	SEQC	permutation	
2341.0	-0.03248170118541083	SEQC	permutation	
2342.0	-0.20772081789191343	SEQC	permutation	
2343.0	-0.05234279866318747	SEQC	permutation	
2344.0	0.016665370155497072	SEQC	permutation	
2345.0	0.26276234841389234	SEQC	permutation	
2346.0	-0.16035509719603613	SEQC	permutation	
2347.0	0.13224464504541977	SEQC	permutation	
2348.0	0.1703399085439372	SEQC	permutation	
2349.0	0.07017017790810787	SEQC	permutation	
2350.0	0.20911866821346425	SEQC	permutation	
2351.0	0.48502600766337256	SEQC	permutation	
2352.0	0.007734991197019259	SEQC	permutation	
2353.0	0.16557142219235566	SEQC	permutation	
2354.0	0.237657992901819	SEQC	permutation	
2355.0	-0.18251280281779758	SEQC	permutation	
2356.0	-0.21739818813553935	SEQC	permutation	
2357.0	-0.15167395194270927	SEQC	permutation	
2358.0	-0.302572164657815	SEQC	permutation	
2359.0	-0.5353853745709052	SEQC	permutation	
2360.0	-0.0995268850328741	SEQC	permutation	
2361.0	0.19319461778547575	SEQC	permutation	
2362.0	0.37966797329300883	SEQC	permutation	
2363.0	0.08875823251598902	SEQC	permutation	
2364.0	0.3980358516232756	SEQC	permutation	
2365.0	0.16577188305056545	SEQC	permutation	
2366.0	0.056844921620953226	SEQC	permutation	
2367.0	0.320670461784061	SEQC	permutation	
2368.0	0.12786009048340885	SEQC	permutation	
2369.0	-0.14272494621131226	SEQC	permutation	
2370.0	-0.09694384728038186	SEQC	permutation	
2371.0	0.02549278016465495	SEQC	permutation	
2372.0	-0.03924397121657375	SEQC	permutation	
2373.0	-0.24666003438296524	SEQC	permutation	
2374.0	0.11618754246697272	SEQC	permutation	
2375.0	0.12768836060878286	SEQC	permutation	
2376.0	-0.08880484166675684	SEQC	permutation	
2377.0	0.1330320656563373	SEQC	permutation	
2378.0	-0.37556758022000736	SEQC	permutation	
2379.0	-0.09569061093635511	SEQC	permutation	
2380.0	-0.03115665238312726	SEQC	permutation	
2381.0	0.14757752655289025	SEQC	permutation	
2382.0	0.17542463792029706	SEQC	permutation	
2383.0	-0.1882853180916717	SEQC	permutation	
2384.0	0.3413060172824074	SEQC	permutation	
2385.0	-0.3644061116867343	SEQC	permutation	
2386.0	0.009740931379135453	SEQC	permutation	
2387.0	0.058585060671633826	SEQC	permutation	
2388.0	-0.26359914312447064	SEQC	permutation	
2389.0	-0.004176324173985169	SEQC	permutation	
2390.0	0.316830954297489	SEQC	permutation	
2391.0	0.14051847594556044	SEQC	permutation	
2392.0	0.03738314955280364	SEQC	permutation	
2393.0	0.07124110249782811	SEQC	permutation	
2394.0	0.05976924448356025	SEQC	permutation	
2395.0	-0.0659428572545333	SEQC	permutation	
2396.0	-0.04849730280608355	SEQC	permutation	
2397.0	0.41449476889393155	SEQC	permutation	
2398.0	0.07413296715790052	SEQC	permutation	
2399.0	-0.13517166959606852	SEQC	permutation	
2400.0	0.21629755925310468	SEQC	permutation	
2401.0	-0.05578708466336124	SEQC	permutation	
2402.0	-0.02306414365377707	SEQC	permutation	
2403.0	0.13153332724482114	SEQC	permutation	
2404.0	-0.24237505334434672	SEQC	permutation	
2405.0	0.050240774640739616	SEQC	permutation	
2406.0	0.2376811664146694	SEQC	permutation	
2407.0	0.08751111559214353	SEQC	permutation	
2408.0	0.1476569238209855	SEQC	permutation	
2409.0	0.09821476262121909	SEQC	permutation	
2410.0	0.2382919001152617	SEQC	permutation	
2411.0	0.04848504106558016	SEQC	permutation	
2412.0	-0.03260120640968189	SEQC	permutation	
2413.0	0.20378293860002605	SEQC	permutation	
2414.0	0.14700012391294281	SEQC	permutation	
2415.0	0.03651568825050244	SEQC	permutation	
2416.0	0.2844088792175392	SEQC	permutation	
2417.0	0.4376895935649081	SEQC	permutation	
2418.0	0.04362139869320236	SEQC	permutation	
2419.0	-0.06828929478823831	SEQC	permutation	
2420.0	0.12898206098170872	SEQC	permutation	
2421.0	0.045695147017987825	SEQC	permutation	
2422.0	0.043716160339184906	SEQC	permutation	
2423.0	0.09392328076790779	SEQC	permutation	
2424.0	0.11242628169248725	SEQC	permutation	
2425.0	0.15428542082643482	SEQC	permutation	
2426.0	0.053010090466209636	SEQC	permutation	
2427.0	0.20650314069500908	SEQC	permutation	
2428.0	-0.05971083215919215	SEQC	permutation	
2429.0	0.46222721695884994	SEQC	permutation	
2430.0	0.2237160554667299	SEQC	permutation	
2431.0	-0.3971719438295196	SEQC	permutation	
2432.0	0.033851984391954915	SEQC	permutation	
2433.0	-0.10732745933701038	SEQC	permutation	
2434.0	0.0020451831539078924	SEQC	permutation	
2435.0	-0.13416989187792927	SEQC	permutation	
2436.0	0.08285477142015196	SEQC	permutation	
2437.0	-0.4737200260821628	SEQC	permutation	
2438.0	-0.30738496601693344	SEQC	permutation	
2439.0	0.10855835579913409	SEQC	permutation	
2440.0	0.020015479389431157	SEQC	permutation	
2441.0	0.02187841183767647	SEQC	permutation	
2442.0	0.06729854564950344	SEQC	permutation	
2443.0	0.06846073064498359	SEQC	permutation	
2444.0	0.2109414935269731	SEQC	permutation	
2445.0	-0.20105351194460352	SEQC	permutation	
2446.0	0.029901566322212858	SEQC	permutation	
2447.0	0.10438401624598592	SEQC	permutation	
2448.0	0.09726126231908783	SEQC	permutation	
2449.0	0.10984715837424597	SEQC	permutation	
2450.0	0.14972050900215006	SEQC	permutation	
2451.0	0.2432615024477287	SEQC	permutation	
2452.0	0.11357580382509269	SEQC	permutation	
2453.0	0.12723244836875436	SEQC	permutation	
2454.0	-0.37146751945802325	SEQC	permutation	
2455.0	0.29087901662079263	SEQC	permutation	
2456.0	-0.3161597258281428	SEQC	permutation	
2457.0	0.04931075267102303	SEQC	permutation	
2458.0	0.011516876275032839	SEQC	permutation	
2459.0	0.48902556557139	SEQC	permutation	
2460.0	-0.1358530646027818	SEQC	permutation	
2461.0	0.0021884055575074335	SEQC	permutation	
2462.0	-0.10499152514290833	SEQC	permutation	
2463.0	0.12347060585370029	SEQC	permutation	
2464.0	0.24589148245573567	SEQC	permutation	
2465.0	-0.04014182679676681	SEQC	permutation	
2466.0	0.09062933298846065	SEQC	permutation	
2467.0	0.2049322152784443	SEQC	permutation	
2468.0	-0.07402828406388018	SEQC	permutation	
2469.0	-0.10951122882804531	SEQC	permutation	
2470.0	-0.034988891677781186	SEQC	permutation	
2471.0	0.15950304568151452	SEQC	permutation	
2472.0	0.03532363069444511	SEQC	permutation	
2473.0	-0.14683475206268248	SEQC	permutation	
2474.0	-0.08167976501775254	SEQC	permutation	
2475.0	-0.04970765176820757	SEQC	permutation	
2476.0	0.1287959086900221	SEQC	permutation	
2477.0	-0.07380411548277088	SEQC	permutation	
2478.0	-0.1006659929592284	SEQC	permutation	
2479.0	0.10946052285951735	SEQC	permutation	
2480.0	0.29263649199944997	SEQC	permutation	
2481.0	-0.01330917774835294	SEQC	permutation	
2482.0	-0.15451711730710205	SEQC	permutation	
2483.0	0.04310799167022594	SEQC	permutation	
2484.0	0.05441376186737612	SEQC	permutation	
2485.0	-0.14001519431928333	SEQC	permutation	
2486.0	-0.147593938012466	SEQC	permutation	
2487.0	0.20634389582037294	SEQC	permutation	
2488.0	0.09310958897586685	SEQC	permutation	
2489.0	-0.08575531696194316	SEQC	permutation	
2490.0	0.08878501736040834	SEQC	permutation	
2491.0	0.4663459238226717	SEQC	permutation	
2492.0	0.01671396959579141	SEQC	permutation	
2493.0	0.14706685456534663	SEQC	permutation	
2494.0	-0.2416911973108129	SEQC	permutation	
2495.0	-0.027342418355002174	SEQC	permutation	
2496.0	-0.06760696848526315	SEQC	permutation	
2497.0	0.2787073757024179	SEQC	permutation	
2498.0	0.143264718040657	SEQC	permutation	
2499.0	-0.02140423815113257	SEQC	permutation	
2500.0	0.19639439856011576	SEQC	permutation	
2501.0	0.19259028530022793	SEQC	permutation	
2502.0	0.1710169337898857	SEQC	permutation	
2503.0	-0.013213754768681252	SEQC	permutation	
2504.0	0.17754008024716939	SEQC	permutation	
2505.0	0.04097532982411911	SEQC	permutation	
2506.0	-0.019543706868760946	SEQC	permutation	
2507.0	-0.07959884995938626	SEQC	permutation	
2508.0	-0.08595550985063305	SEQC	permutation	
2509.0	-0.03610629523718378	SEQC	permutation	
2510.0	-0.036769542652722365	SEQC	permutation	
2511.0	0.18755175329287876	SEQC	permutation	
2512.0	-0.11768747732542506	SEQC	permutation	
2513.0	-0.12731977264509364	SEQC	permutation	
2514.0	-0.14727654351682196	SEQC	permutation	
2515.0	-0.018306720679081234	SEQC	permutation	
2516.0	0.06804549712742558	SEQC	permutation	
2517.0	-0.1213260244686345	SEQC	permutation	
2518.0	0.17667075431120693	SEQC	permutation	
2519.0	0.14980432677921485	SEQC	permutation	
2520.0	0.07110531657321273	SEQC	permutation	
2521.0	0.25370655449811474	SEQC	permutation	
2522.0	0.05822009318399557	SEQC	permutation	
2523.0	0.0064916072242189315	SEQC	permutation	
2524.0	-0.08260431154857528	SEQC	permutation	
2525.0	0.08508197927553729	SEQC	permutation	
2526.0	0.37941512534954214	SEQC	permutation	
2527.0	-0.20915712751917725	SEQC	permutation	
2528.0	-0.3420291451296795	SEQC	permutation	
2529.0	0.036462594537325366	SEQC	permutation	
2530.0	0.4177575084536085	SEQC	permutation	
2531.0	-0.15883059475840522	SEQC	permutation	
2532.0	-0.27279116886227506	SEQC	permutation	
2533.0	0.02127700665804566	SEQC	permutation	
2534.0	-0.11134956364622228	SEQC	permutation	
2535.0	0.37812556428548927	SEQC	permutation	
2536.0	0.1357185202691693	SEQC	permutation	
2537.0	0.06671007330766576	SEQC	permutation	
2538.0	0.03710018980193386	SEQC	permutation	
2539.0	0.09147744209359754	SEQC	permutation	
2540.0	-0.14418215391505518	SEQC	permutation	
2541.0	0.009143828076440208	SEQC	permutation	
2542.0	-0.0683490667954052	SEQC	permutation	
2543.0	-0.21115647604060506	SEQC	permutation	
2544.0	0.17963008630497201	SEQC	permutation	
2545.0	-0.1094795027014479	SEQC	permutation	
2546.0	0.08356966888149175	SEQC	permutation	
2547.0	0.16027295008597386	SEQC	permutation	
2548.0	0.5354420725866103	SEQC	permutation	
2549.0	0.05423059381153594	SEQC	permutation	
2550.0	-0.04201404634711636	SEQC	permutation	
2551.0	0.38279486730149737	SEQC	permutation	
2552.0	0.15552208018177893	SEQC	permutation	
2553.0	0.11616660439891513	SEQC	permutation	
2554.0	0.08742471641211846	SEQC	permutation	
2555.0	0.16490248397983542	SEQC	permutation	
2556.0	-0.07846965458323973	SEQC	permutation	
2557.0	0.1950786148851007	SEQC	permutation	
2558.0	0.03950276022123944	SEQC	permutation	
2559.0	0.044212170081469715	SEQC	permutation	
2560.0	0.28154758326718365	SEQC	permutation	
2561.0	0.011445898878522875	SEQC	permutation	
2562.0	0.3155356639581992	SEQC	permutation	
2563.0	0.33384466004360647	SEQC	permutation	
2564.0	0.046687455301956504	SEQC	permutation	
2565.0	-0.0442231422116941	SEQC	permutation	
2566.0	0.23278285796066545	SEQC	permutation	
2567.0	-0.12128928904887415	SEQC	permutation	
2568.0	0.013457796571382907	SEQC	permutation	
2569.0	0.38223323700764533	SEQC	permutation	
2570.0	0.22653618444885115	SEQC	permutation	
2571.0	-0.08973626408993773	SEQC	permutation	
2572.0	-0.004433643218496375	SEQC	permutation	
2573.0	-0.18317690433496336	SEQC	permutation	
2574.0	-0.03573380141106908	SEQC	permutation	
2575.0	-0.09939822917622454	SEQC	permutation	
2576.0	0.33865011138684853	SEQC	permutation	
2577.0	0.20124595308513982	SEQC	permutation	
2578.0	-0.1594812051947363	SEQC	permutation	
2579.0	-0.1808776934363312	SEQC	permutation	
2580.0	0.07159927747848593	SEQC	permutation	
2581.0	0.01495000386585632	SEQC	permutation	
2582.0	0.04855354758270014	SEQC	permutation	
2583.0	0.21295714120445464	SEQC	permutation	
2584.0	0.027068020440217833	SEQC	permutation	
2585.0	0.178133857146483	SEQC	permutation	
2586.0	0.14822843860293666	SEQC	permutation	
2587.0	0.38866404371687935	SEQC	permutation	
2588.0	-0.08743453083102137	SEQC	permutation	
2589.0	-0.12101156898594434	SEQC	permutation	
2590.0	0.3017681442693414	SEQC	permutation	
2591.0	-0.28773027492587566	SEQC	permutation	
2592.0	0.33479370034777833	SEQC	permutation	
2593.0	0.057555130249861364	SEQC	permutation	
2594.0	-0.006451262655437606	SEQC	permutation	
2595.0	-0.17196304600100865	SEQC	permutation	
2596.0	0.055676636914758326	SEQC	permutation	
2597.0	0.053168703497793235	SEQC	permutation	
2598.0	0.290644602358042	SEQC	permutation	
2599.0	0.1674951551060353	SEQC	permutation	
2600.0	-0.006894115692613223	SEQC	permutation	
2601.0	-0.2138988067737544	SEQC	permutation	
2602.0	-0.0003958982475511519	SEQC	permutation	
2603.0	-0.09475705173562243	SEQC	permutation	
2604.0	0.058979266183074586	SEQC	permutation	
2605.0	-0.08344017846395646	SEQC	permutation	
2606.0	0.029171274140450176	SEQC	permutation	
2607.0	0.223926223518224	SEQC	permutation	
2608.0	-0.05122047482207881	SEQC	permutation	
2609.0	-0.027425297806924487	SEQC	permutation	
2610.0	0.34014760442932657	SEQC	permutation	
2611.0	-0.020478129391821476	SEQC	permutation	
2612.0	0.045806346126502806	SEQC	permutation	
2613.0	0.3924540354521908	SEQC	permutation	
2614.0	0.28299869054919746	SEQC	permutation	
2615.0	0.1899783296273938	SEQC	permutation	
2616.0	0.21013319159199506	SEQC	permutation	
2617.0	0.06407589550583914	SEQC	permutation	
2618.0	0.3304854686908443	SEQC	permutation	
2619.0	-0.14344765767567136	SEQC	permutation	
2620.0	0.07848291665055473	SEQC	permutation	
2621.0	0.10570701618758882	SEQC	permutation	
2622.0	0.3151175785554252	SEQC	permutation	
2623.0	0.08617864928221675	SEQC	permutation	
2624.0	-0.06461374172176093	SEQC	permutation	
2625.0	0.03440163764087556	SEQC	permutation	
2626.0	0.13124905338762494	SEQC	permutation	
2627.0	0.15821650591125636	SEQC	permutation	
2628.0	-0.10313546047660971	SEQC	permutation	
2629.0	-0.2560898734389201	SEQC	permutation	
2630.0	0.011294701334848778	SEQC	permutation	
2631.0	-0.015635809145565727	SEQC	permutation	
2632.0	0.4159108135797971	SEQC	permutation	
2633.0	-0.0874516751119061	SEQC	permutation	
2634.0	-0.41675971898503317	SEQC	permutation	
2635.0	0.4151898171342192	SEQC	permutation	
2636.0	0.19373340889659207	SEQC	permutation	
2637.0	-0.017208272484606546	SEQC	permutation	
2638.0	0.014648539478040679	SEQC	permutation	
2639.0	0.18416076184973118	SEQC	permutation	
2640.0	-0.10793695180822338	SEQC	permutation	
2641.0	-0.012776348475584953	SEQC	permutation	
2642.0	0.36964876635263133	SEQC	permutation	
2643.0	-0.2952860864448592	SEQC	permutation	
2644.0	-0.023823960395541466	SEQC	permutation	
2645.0	0.05060870305654541	SEQC	permutation	
2646.0	0.1630970163373493	SEQC	permutation	
2647.0	0.10325462568907273	SEQC	permutation	
2648.0	-0.00527310018923588	SEQC	permutation	
2649.0	0.04656812200324012	SEQC	permutation	
2650.0	0.09887604245109971	SEQC	permutation	
2651.0	-0.1591615863145308	SEQC	permutation	
2652.0	0.1004606494234106	SEQC	permutation	
2653.0	-0.1795040630011675	SEQC	permutation	
2654.0	0.22540522596661905	SEQC	permutation	
2655.0	0.10886320788371595	SEQC	permutation	
2656.0	0.07179967489746897	SEQC	permutation	
2657.0	0.10052940693085555	SEQC	permutation	
2658.0	-0.11256667327089609	SEQC	permutation	
2659.0	0.10980062586272776	SEQC	permutation	
2660.0	0.28994614492247806	SEQC	permutation	
2661.0	0.0029303742544311007	SEQC	permutation	
2662.0	0.2992100213704676	SEQC	permutation	
2663.0	-0.0149612969771038	SEQC	permutation	
2664.0	0.12705816350263932	SEQC	permutation	
2665.0	-0.08719980870538047	SEQC	permutation	
2666.0	0.135082274194386	SEQC	permutation	
2667.0	-0.041663223380195014	SEQC	permutation	
2668.0	0.24583224680441695	SEQC	permutation	
2669.0	-0.17180191374039566	SEQC	permutation	
2670.0	0.2827117429143966	SEQC	permutation	
2671.0	0.2654041291785627	SEQC	permutation	
2672.0	0.3490583207984992	SEQC	permutation	
2673.0	0.0698098347569509	SEQC	permutation	
2674.0	0.2747192511644929	SEQC	permutation	
2675.0	-0.03188007712161367	SEQC	permutation	
2676.0	-0.09393249320576524	SEQC	permutation	
2677.0	-0.1647327489394339	SEQC	permutation	
2678.0	-0.21458122541279634	SEQC	permutation	
2679.0	0.24142625059697753	SEQC	permutation	
2680.0	0.15846746223540498	SEQC	permutation	
2681.0	-0.10216693711813951	SEQC	permutation	
2682.0	0.10666390750926036	SEQC	permutation	
2683.0	0.1994515405966295	SEQC	permutation	
2684.0	0.17395681707857324	SEQC	permutation	
2685.0	-0.10241034409774663	SEQC	permutation	
2686.0	0.24042330538031154	SEQC	permutation	
2687.0	0.033421155288886784	SEQC	permutation	
2688.0	-0.016060389241111306	SEQC	permutation	
2689.0	-0.1285615227843815	SEQC	permutation	
2690.0	-0.013441111300342534	SEQC	permutation	
2691.0	0.03457606513760503	SEQC	permutation	
2692.0	-0.00752645096771154	SEQC	permutation	
2693.0	0.02206990163609923	SEQC	permutation	
2694.0	-0.006518055942926093	SEQC	permutation	
2695.0	0.331769395153501	SEQC	permutation	
2696.0	-0.2087060753848453	SEQC	permutation	
2697.0	0.05837168587594377	SEQC	permutation	
2698.0	-0.08964174827290661	SEQC	permutation	
2699.0	0.2805588719188963	SEQC	permutation	
2700.0	0.28616234411201935	SEQC	permutation	
2701.0	-0.0333814127433274	SEQC	permutation	
2702.0	0.1234562612578447	SEQC	permutation	
2703.0	0.3713176577228241	SEQC	permutation	
2704.0	0.045414184575693906	SEQC	permutation	
2705.0	0.07597495908431506	SEQC	permutation	
2706.0	0.21008391358423895	SEQC	permutation	
2707.0	0.010995849013268444	SEQC	permutation	
2708.0	-0.01648192659142511	SEQC	permutation	
2709.0	-0.010260861644829422	SEQC	permutation	
2710.0	0.18936150329291568	SEQC	permutation	
2711.0	-0.09628019367920126	SEQC	permutation	
2712.0	-0.36052156219573694	SEQC	permutation	
2713.0	0.15575816444181534	SEQC	permutation	
2714.0	0.0671541082037459	SEQC	permutation	
2715.0	0.15191487579704832	SEQC	permutation	
2716.0	0.22446344535575724	SEQC	permutation	
2717.0	-0.16755551556531234	SEQC	permutation	
2718.0	0.07679581332230212	SEQC	permutation	
2719.0	-0.3407880592417061	SEQC	permutation	
2720.0	0.31653295431613593	SEQC	permutation	
2721.0	-0.08134988363554863	SEQC	permutation	
2722.0	-0.0715810314206804	SEQC	permutation	
2723.0	-0.05543373902054016	SEQC	permutation	
2724.0	-0.11597130863291838	SEQC	permutation	
2725.0	0.14547636934230557	SEQC	permutation	
2726.0	0.10379859210488274	SEQC	permutation	
2727.0	0.08344940132686496	SEQC	permutation	
2728.0	0.10913733916496549	SEQC	permutation	
2729.0	-0.12262347951422292	SEQC	permutation	
2730.0	0.28742168709312566	SEQC	permutation	
2731.0	-0.017848760650837292	SEQC	permutation	
2732.0	-0.02336835563371631	SEQC	permutation	
2733.0	-0.03625363288958283	SEQC	permutation	
2734.0	0.08124711083358482	SEQC	permutation	
2735.0	0.030835821056686807	SEQC	permutation	
2736.0	0.08219230777201814	SEQC	permutation	
2737.0	-0.08923494660028153	SEQC	permutation	
2738.0	0.0333547549084412	SEQC	permutation	
2739.0	0.1516251721529498	SEQC	permutation	
2740.0	-0.07427080376830997	SEQC	permutation	
2741.0	0.1455532959567818	SEQC	permutation	
2742.0	0.7614376363146862	SEQC	permutation	
2743.0	-0.07376449411215003	SEQC	permutation	
2744.0	-0.331872338569021	SEQC	permutation	
2745.0	0.17692773298655728	SEQC	permutation	
2746.0	0.2647944752805844	SEQC	permutation	
2747.0	-0.060379820171698295	SEQC	permutation	
2748.0	0.15026772133985977	SEQC	permutation	
2749.0	0.16322261432531837	SEQC	permutation	
2750.0	-0.08975065855691966	SEQC	permutation	
2751.0	0.17110995401100926	SEQC	permutation	
2752.0	0.01812890221057506	SEQC	permutation	
2753.0	-0.1667535271629248	SEQC	permutation	
2754.0	0.02444849843613639	SEQC	permutation	
2755.0	0.4014518974223429	SEQC	permutation	
2756.0	0.008440341779249128	SEQC	permutation	
2757.0	0.08255143820893229	SEQC	permutation	
2758.0	-0.016232948675240166	SEQC	permutation	
2759.0	0.13014775639903675	SEQC	permutation	
2760.0	-0.09770652511596234	SEQC	permutation	
2761.0	-0.020890225759393033	SEQC	permutation	
2762.0	0.0846558217682567	SEQC	permutation	
2763.0	-0.09426981704453663	SEQC	permutation	
2764.0	-0.03816818282906631	SEQC	permutation	
2765.0	0.14648048009334547	SEQC	permutation	
2766.0	0.1442945468406034	SEQC	permutation	
2767.0	-0.17384766904288673	SEQC	permutation	
2768.0	0.09107358833924861	SEQC	permutation	
2769.0	0.21546941704660316	SEQC	permutation	
2770.0	0.21969349963143214	SEQC	permutation	
2771.0	0.10477720319362271	SEQC	permutation	
2772.0	-0.08707579689788014	SEQC	permutation	
2773.0	0.25553817453446337	SEQC	permutation	
2774.0	-0.061679273790842704	SEQC	permutation	
2775.0	0.2883103470211892	SEQC	permutation	
2776.0	0.06864890733900131	SEQC	permutation	
2777.0	0.3238299886636624	SEQC	permutation	
2778.0	0.10168693736568724	SEQC	permutation	
2779.0	-0.1678893887182622	SEQC	permutation	
2780.0	0.2217495828894802	SEQC	permutation	
2781.0	-0.1444434122407765	SEQC	permutation	
2782.0	-0.048012766821422304	SEQC	permutation	
2783.0	0.2364055865001884	SEQC	permutation	
2784.0	-0.04777072176112407	SEQC	permutation	
2785.0	0.09602200393348648	SEQC	permutation	
2786.0	0.14061536167193767	SEQC	permutation	
2787.0	0.3374269204624696	SEQC	permutation	
2788.0	-0.16274082713661686	SEQC	permutation	
2789.0	-0.2720741566628577	SEQC	permutation	
2790.0	0.34714604109578406	SEQC	permutation	
2791.0	0.33098822948387285	SEQC	permutation	
2792.0	0.01945115621548288	SEQC	permutation	
2793.0	0.029464687747188023	SEQC	permutation	
2794.0	0.03129964609718616	SEQC	permutation	
2795.0	-0.027781933340105258	SEQC	permutation	
2796.0	0.16753607867352205	SEQC	permutation	
2797.0	-0.11583065222384636	SEQC	permutation	
2798.0	0.08608052587527748	SEQC	permutation	
2799.0	-0.06456639841299472	SEQC	permutation	
2800.0	0.07608197920035131	SEQC	permutation	
2801.0	0.2254218657617404	SEQC	permutation	
2802.0	0.062138540955513744	SEQC	permutation	
2803.0	0.346529669926515	SEQC	permutation	
2804.0	0.10841492170978118	SEQC	permutation	
2805.0	0.2541694694933452	SEQC	permutation	
2806.0	0.16385089458106483	SEQC	permutation	
2807.0	-0.081096135215875	SEQC	permutation	
2808.0	0.004152940535823824	SEQC	permutation	
2809.0	0.19233172220022787	SEQC	permutation	
2810.0	0.22762067764712457	SEQC	permutation	
2811.0	0.1772188462817308	SEQC	permutation	
2812.0	0.23624678298863344	SEQC	permutation	
2813.0	0.21495460528636157	SEQC	permutation	
2814.0	-0.20540591747535242	SEQC	permutation	
2815.0	0.013298680606602886	SEQC	permutation	
2816.0	-0.0003324019222761265	SEQC	permutation	
2817.0	0.1452556593984382	SEQC	permutation	
2818.0	-0.09835404546309778	SEQC	permutation	
2819.0	-0.31239071615223857	SEQC	permutation	
2820.0	0.16968202970463375	SEQC	permutation	
2821.0	-0.1083253657956873	SEQC	permutation	
2822.0	0.07740979827745109	SEQC	permutation	
2823.0	-0.06447672381876135	SEQC	permutation	
2824.0	0.006410050189084693	SEQC	permutation	
2825.0	0.004865478756005626	SEQC	permutation	
2826.0	-0.39618574451854016	SEQC	permutation	
2827.0	0.05045900724217489	SEQC	permutation	
2828.0	0.3721114662008702	SEQC	permutation	
2829.0	0.0350628208942565	SEQC	permutation	
2830.0	-0.09613971574144387	SEQC	permutation	
2831.0	-0.07301274769147348	SEQC	permutation	
2832.0	0.13357907294309967	SEQC	permutation	
2833.0	-0.0057313468761903685	SEQC	permutation	
2834.0	-0.029344162449135958	SEQC	permutation	
2835.0	-0.07600679320045778	SEQC	permutation	
2836.0	-0.2786714084843176	SEQC	permutation	
2837.0	0.16263164543940167	SEQC	permutation	
2838.0	0.05174351849536141	SEQC	permutation	
2839.0	-0.050046903130518405	SEQC	permutation	
2840.0	0.046922206805784406	SEQC	permutation	
2841.0	-0.13284278658632376	SEQC	permutation	
2842.0	-0.24100244895231215	SEQC	permutation	
2843.0	-0.005253982182011896	SEQC	permutation	
2844.0	0.0507930800627987	SEQC	permutation	
2845.0	0.02586125078781798	SEQC	permutation	
2846.0	0.15291426307846523	SEQC	permutation	
2847.0	0.164568285901177	SEQC	permutation	
2848.0	-0.12619783284737807	SEQC	permutation	
2849.0	-0.0014872193664263733	SEQC	permutation	
2850.0	0.008580128543052012	SEQC	permutation	
2851.0	0.07848979695861713	SEQC	permutation	
2852.0	-0.07428011471154461	SEQC	permutation	
2853.0	0.26656467899789416	SEQC	permutation	
2854.0	0.15711152965749475	SEQC	permutation	
2855.0	-0.07312926411195475	SEQC	permutation	
2856.0	0.1129398083903781	SEQC	permutation	
2857.0	0.006542520072125413	SEQC	permutation	
2858.0	0.030758502065561633	SEQC	permutation	
2859.0	0.007734791055220125	SEQC	permutation	
2860.0	-0.07903040525559568	SEQC	permutation	
2861.0	0.1806101850617181	SEQC	permutation	
2862.0	0.27288472810020714	SEQC	permutation	
2863.0	0.28293093027648775	SEQC	permutation	
2864.0	0.014121120632337725	SEQC	permutation	
2865.0	0.2839198278076336	SEQC	permutation	
2866.0	-0.08488011856226718	SEQC	permutation	
2867.0	0.1468699254216257	SEQC	permutation	
2868.0	0.03333195984469306	SEQC	permutation	
2869.0	0.14408596275392727	SEQC	permutation	
2870.0	0.08919018341917484	SEQC	permutation	
2871.0	0.1070041952322045	SEQC	permutation	
2872.0	0.3830146484340826	SEQC	permutation	
2873.0	-0.10034615044104633	SEQC	permutation	
2874.0	0.3953943921546399	SEQC	permutation	
2875.0	0.48492247217635054	SEQC	permutation	
2876.0	0.07699271950334552	SEQC	permutation	
2877.0	0.14443293440447702	SEQC	permutation	
2878.0	0.009384181824481974	SEQC	permutation	
2879.0	0.018318900408281102	SEQC	permutation	
2880.0	0.0361432830936641	SEQC	permutation	
2881.0	-0.01621540548666678	SEQC	permutation	
2882.0	0.44195238184342855	SEQC	permutation	
2883.0	-0.0056920270855655986	SEQC	permutation	
2884.0	-0.0021790940689436766	SEQC	permutation	
2885.0	0.27107686422876176	SEQC	permutation	
2886.0	0.04058213005388067	SEQC	permutation	
2887.0	0.2548528621623811	SEQC	permutation	
2888.0	-0.056550569758591074	SEQC	permutation	
2889.0	0.07406795781003384	SEQC	permutation	
2890.0	-0.20519874015008632	SEQC	permutation	
2891.0	-0.1514873650298516	SEQC	permutation	
2892.0	0.009148113698979277	SEQC	permutation	
2893.0	-0.0507690461623338	SEQC	permutation	
2894.0	-0.04934105764963448	SEQC	permutation	
2895.0	0.03533923664462213	SEQC	permutation	
2896.0	-0.020388581814176465	SEQC	permutation	
2897.0	0.4461602425053939	SEQC	permutation	
2898.0	0.1950465562490038	SEQC	permutation	
2899.0	0.1887729437511414	SEQC	permutation	
2900.0	0.20821988248182288	SEQC	permutation	
2901.0	0.06140111703325779	SEQC	permutation	
2902.0	0.29514889290110435	SEQC	permutation	
2903.0	-0.13051732995887244	SEQC	permutation	
2904.0	0.30873674082528924	SEQC	permutation	
2905.0	0.1849878716937563	SEQC	permutation	
2906.0	0.16959743794698534	SEQC	permutation	
2907.0	0.11804655555258936	SEQC	permutation	
2908.0	0.07810066770092527	SEQC	permutation	
2909.0	0.24413731920156811	SEQC	permutation	
2910.0	0.21693868946264816	SEQC	permutation	
2911.0	-0.18357763943460403	SEQC	permutation	
2912.0	-0.2114967283984468	SEQC	permutation	
2913.0	0.17204436878541163	SEQC	permutation	
2914.0	0.14982080601587677	SEQC	permutation	
2915.0	0.3409832145051146	SEQC	permutation	
2916.0	0.025459481405071482	SEQC	permutation	
2917.0	0.16705228626936686	SEQC	permutation	
2918.0	0.17561786136468083	SEQC	permutation	
2919.0	0.09916962779585958	SEQC	permutation	
2920.0	-0.0982658895117332	SEQC	permutation	
2921.0	0.06579048496353668	SEQC	permutation	
2922.0	-0.03791484401500522	SEQC	permutation	
2923.0	0.28935021738366196	SEQC	permutation	
2924.0	0.2162649363219873	SEQC	permutation	
2925.0	-0.1694804886080572	SEQC	permutation	
2926.0	-0.035118014479173176	SEQC	permutation	
2927.0	0.0236950077908733	SEQC	permutation	
2928.0	-0.12560585999997942	SEQC	permutation	
2929.0	0.06804810426964591	SEQC	permutation	
2930.0	0.36012092751468705	SEQC	permutation	
2931.0	-0.13557765228904817	SEQC	permutation	
2932.0	0.08726124550124892	SEQC	permutation	
2933.0	0.055864589554333044	SEQC	permutation	
2934.0	0.12261136396300287	SEQC	permutation	
2935.0	-0.0811074491728414	SEQC	permutation	
2936.0	0.28198879454079595	SEQC	permutation	
2937.0	0.02537983463708704	SEQC	permutation	
2938.0	0.28892222054497685	SEQC	permutation	
2939.0	-0.029187391727257594	SEQC	permutation	
2940.0	-0.33365413110733977	SEQC	permutation	
2941.0	0.05890789305963695	SEQC	permutation	
2942.0	0.1317929214397302	SEQC	permutation	
2943.0	0.01613629688237106	SEQC	permutation	
2944.0	0.20154778777247007	SEQC	permutation	
2945.0	0.04310262287001709	SEQC	permutation	
2946.0	0.07038367779945709	SEQC	permutation	
2947.0	0.09568526818250334	SEQC	permutation	
2948.0	0.28503932073842897	SEQC	permutation	
2949.0	0.33074756327912347	SEQC	permutation	
2950.0	0.0012022223114125374	SEQC	permutation	
2951.0	-0.012042267896561043	SEQC	permutation	
2952.0	-0.04732199684500671	SEQC	permutation	
2953.0	-0.032577566077325315	SEQC	permutation	
2954.0	-0.1035424169716892	SEQC	permutation	
2955.0	-0.16931171537832368	SEQC	permutation	
2956.0	-0.017479083955121766	SEQC	permutation	
2957.0	-0.01971404002994337	SEQC	permutation	
2958.0	0.2209077576292522	SEQC	permutation	
2959.0	-0.16987854637343158	SEQC	permutation	
2960.0	-0.21594860607065236	SEQC	permutation	
2961.0	0.013218260844006124	SEQC	permutation	
2962.0	-0.06506726749454517	SEQC	permutation	
2963.0	-0.07387762223541383	SEQC	permutation	
2964.0	0.25904239978483057	SEQC	permutation	
2965.0	0.10389340552148374	SEQC	permutation	
2966.0	-0.23101081389448286	SEQC	permutation	
2967.0	-0.02787456860456583	SEQC	permutation	
2968.0	0.10485497396654075	SEQC	permutation	
2969.0	-0.028832576771142815	SEQC	permutation	
2970.0	0.3371511813143693	SEQC	permutation	
2971.0	0.4747826995079292	SEQC	permutation	
2972.0	0.06381832706208446	SEQC	permutation	
2973.0	0.11658812773165961	SEQC	permutation	
2974.0	0.0724476765625699	SEQC	permutation	
2975.0	-0.03981257222418044	SEQC	permutation	
2976.0	-0.18394578754249746	SEQC	permutation	
2977.0	0.14947321320203777	SEQC	permutation	
2978.0	-0.19311286119112747	SEQC	permutation	
2979.0	0.14961698320536465	SEQC	permutation	
2980.0	-0.01228865717852523	SEQC	permutation	
2981.0	-0.03257217590275907	SEQC	permutation	
2982.0	0.28977703465811455	SEQC	permutation	
2983.0	0.17554312870414712	SEQC	permutation	
2984.0	-0.06293909753288762	SEQC	permutation	
2985.0	0.1280900439283732	SEQC	permutation	
2986.0	0.07004262752545642	SEQC	permutation	
2987.0	0.23749900478386632	SEQC	permutation	
2988.0	0.0876842048870321	SEQC	permutation	
2989.0	-0.15833401012710668	SEQC	permutation	
2990.0	0.30960713418698127	SEQC	permutation	
2991.0	-0.03149848666264132	SEQC	permutation	
2992.0	-0.09741986048251583	SEQC	permutation	
2993.0	0.114592935541447	SEQC	permutation	
2994.0	-0.20121968890691244	SEQC	permutation	
2995.0	-0.2883093309696019	SEQC	permutation	
2996.0	0.1182896348351643	SEQC	permutation	
2997.0	0.00406659450946556	SEQC	permutation	
2998.0	0.22771762211027013	SEQC	permutation	
2999.0	-0.0620661449901827	SEQC	permutation	
3000.0	-0.06084249496188976	SEQC	permutation	
3001.0	-0.013175970222047972	SEQC	permutation	
3002.0	0.10502413469378924	SEQC	permutation	
3003.0	0.13038603922492298	SEQC	permutation	
3004.0	-0.10295959158560875	SEQC	permutation	
3005.0	-0.01948310773387485	SEQC	permutation	
3006.0	0.04350001031575523	SEQC	permutation	
3007.0	0.08194395085333683	SEQC	permutation	
3008.0	0.13091521130308736	SEQC	permutation	
3009.0	-0.005824690720156678	SEQC	permutation	
3010.0	-0.232297966618769	SEQC	permutation	
3011.0	0.05455852750625567	SEQC	permutation	
3012.0	0.19139331909056878	SEQC	permutation	
3013.0	-0.10783344126479122	SEQC	permutation	
3014.0	0.2598903668028911	SEQC	permutation	
3015.0	0.2495799893486157	SEQC	permutation	
3016.0	-0.1252004292148743	SEQC	permutation	
3017.0	-0.00715618669414253	SEQC	permutation	
3018.0	0.15164277952406957	SEQC	permutation	
3019.0	0.017443900616367802	SEQC	permutation	
3020.0	-0.05333561013362731	SEQC	permutation	
3021.0	-0.10412891612559916	SEQC	permutation	
3022.0	-0.038196187984615104	SEQC	permutation	
3023.0	0.10682692323190279	SEQC	permutation	
3024.0	-0.13847006774522885	SEQC	permutation	
3025.0	-0.13388897780862097	SEQC	permutation	
3026.0	-0.04240536760353253	SEQC	permutation	
3027.0	-0.06444231303462322	SEQC	permutation	
3028.0	0.08737715920574951	SEQC	permutation	
3029.0	-0.01773960622212334	SEQC	permutation	
3030.0	0.22781422807678453	SEQC	permutation	
3031.0	-0.24356277219689293	SEQC	permutation	
3032.0	-0.21179348136676168	SEQC	permutation	
3033.0	0.11321948079290589	SEQC	permutation	
3034.0	-0.18904448413783337	SEQC	permutation	
3035.0	0.15574962918357738	SEQC	permutation	
3036.0	0.06932195107365846	SEQC	permutation	
3037.0	0.35333905241264496	SEQC	permutation	
3038.0	-0.07143062093659802	SEQC	permutation	
3039.0	-0.013691374891059649	SEQC	permutation	
3040.0	-0.17104439973997243	SEQC	permutation	
3041.0	-0.07937309916678181	SEQC	permutation	
3042.0	-0.14366419364552563	SEQC	permutation	
3043.0	0.1166032630718914	SEQC	permutation	
3044.0	0.17845093174053916	SEQC	permutation	
3045.0	0.158237753408772	SEQC	permutation	
3046.0	0.39643576776166434	SEQC	permutation	
3047.0	0.18760150769452233	SEQC	permutation	
3048.0	0.3212547193575248	SEQC	permutation	
3049.0	0.18179348324268352	SEQC	permutation	
3050.0	0.10684663454946097	SEQC	permutation	
3051.0	0.04625703307311824	SEQC	permutation	
3052.0	0.11316350229351091	SEQC	permutation	
3053.0	-0.006624692415015954	SEQC	permutation	
3054.0	-0.15505672688881722	SEQC	permutation	
3055.0	-0.019381372117103002	SEQC	permutation	
3056.0	0.006259619135611683	SEQC	permutation	
3057.0	0.007631722426028276	SEQC	permutation	
3058.0	0.040628483490674494	SEQC	permutation	
3059.0	0.024874616832380347	SEQC	permutation	
3060.0	0.10938648615096058	SEQC	permutation	
3061.0	0.05059639772890412	SEQC	permutation	
3062.0	0.11429090228700112	SEQC	permutation	
3063.0	0.2702341968133628	SEQC	permutation	
3064.0	-0.08576151921931885	SEQC	permutation	
3065.0	0.1558143221954693	SEQC	permutation	
3066.0	0.20102587296031071	SEQC	permutation	
3067.0	0.0055565210053512	SEQC	permutation	
3068.0	-0.020380878325741314	SEQC	permutation	
3069.0	0.09590942575718753	SEQC	permutation	
3070.0	0.00911052497324949	SEQC	permutation	
3071.0	-0.24854569412020755	SEQC	permutation	
3072.0	0.31161835834718676	SEQC	permutation	
3073.0	0.37709959172518026	SEQC	permutation	
3074.0	0.09710764738619071	SEQC	permutation	
3075.0	0.09136511209182308	SEQC	permutation	
3076.0	0.13088317468646604	SEQC	permutation	
3077.0	0.1353618472360094	SEQC	permutation	
3078.0	0.3081721195376397	SEQC	permutation	
3079.0	-0.12727564233396294	SEQC	permutation	
3080.0	-0.09530689842170048	SEQC	permutation	
3081.0	0.09199607443613189	SEQC	permutation	
3082.0	-0.23197657206793476	SEQC	permutation	
3083.0	-0.03723683080550222	SEQC	permutation	
3084.0	-0.032940361543259744	SEQC	permutation	
3085.0	0.2343801264866041	SEQC	permutation	
3086.0	0.25736330742964153	SEQC	permutation	
3087.0	0.08879131448285227	SEQC	permutation	
3088.0	0.04535094889899671	SEQC	permutation	
3089.0	-0.054292866310211796	SEQC	permutation	
3090.0	0.15109789038777022	SEQC	permutation	
3091.0	-0.021480352300236483	SEQC	permutation	
3092.0	-0.19189796410154925	SEQC	permutation	
3093.0	0.29614903742047183	SEQC	permutation	
3094.0	0.07094523183867363	SEQC	permutation	
3095.0	0.28165962973053427	SEQC	permutation	
3096.0	0.07886621152027384	SEQC	permutation	
3097.0	0.21039951797914513	SEQC	permutation	
3098.0	-0.016594072123498727	SEQC	permutation	
3099.0	-0.039604094383852484	SEQC	permutation	
3100.0	-0.030406767608215368	SEQC	permutation	
3101.0	-0.24789447764968742	SEQC	permutation	
3102.0	0.21176700013054717	SEQC	permutation	
3103.0	0.12358069758159607	SEQC	permutation	
3104.0	0.15458459699325822	SEQC	permutation	
3105.0	0.2841973069516186	SEQC	permutation	
3106.0	-0.060610284345712806	SEQC	permutation	
3107.0	-0.21353763137888793	SEQC	permutation	
3108.0	-0.14337539026168322	SEQC	permutation	
3109.0	0.23720600958514826	SEQC	permutation	
3110.0	0.03225938067931011	SEQC	permutation	
3111.0	0.05311545796831307	SEQC	permutation	
3112.0	-0.0034857615478145476	SEQC	permutation	
3113.0	0.06391480435562613	SEQC	permutation	
3114.0	-0.21323298502934973	SEQC	permutation	
3115.0	-0.1693606508815897	SEQC	permutation	
3116.0	-0.12741672934395565	SEQC	permutation	
3117.0	0.09763101297751042	SEQC	permutation	
3118.0	-0.016531663090921356	SEQC	permutation	
3119.0	-0.3495059498599997	SEQC	permutation	
3120.0	0.0633292581554099	SEQC	permutation	
3121.0	-0.03046159436939666	SEQC	permutation	
3122.0	-0.1259180666896702	SEQC	permutation	
3123.0	-0.0006029524095532146	SEQC	permutation	
3124.0	0.22834585856752065	SEQC	permutation	
3125.0	0.13134184823145212	SEQC	permutation	
3126.0	0.08627834063225714	SEQC	permutation	
3127.0	0.34263288370539113	SEQC	permutation	
3128.0	0.08732411541362284	SEQC	permutation	
3129.0	0.055917558774718046	SEQC	permutation	
3130.0	0.001539660318261138	SEQC	permutation	
3131.0	0.11077608835066988	SEQC	permutation	
3132.0	0.013878455978315163	SEQC	permutation	
3133.0	0.07603838766352933	SEQC	permutation	
3134.0	-0.054261204113357664	SEQC	permutation	
3135.0	0.24833357361155217	SEQC	permutation	
3136.0	-0.0011181761337724083	SEQC	permutation	
3137.0	0.15515482779118583	SEQC	permutation	
3138.0	0.10006896187912773	SEQC	permutation	
3139.0	0.006350861993156265	SEQC	permutation	
3140.0	-0.0935435740180175	SEQC	permutation	
3141.0	0.23406627271035507	SEQC	permutation	
3142.0	-0.20077015047391855	SEQC	permutation	
3143.0	0.16528532852149747	SEQC	permutation	
3144.0	0.3167332532552649	SEQC	permutation	
3145.0	0.04329842051174859	SEQC	permutation	
3146.0	-0.13514737281680977	SEQC	permutation	
3147.0	0.08800772792823741	SEQC	permutation	
3148.0	-0.12338877153691374	SEQC	permutation	
3149.0	0.24025355471275045	SEQC	permutation	
3150.0	0.21754141736282362	SEQC	permutation	
3151.0	0.028781418735589703	SEQC	permutation	
3152.0	0.17759922431576447	SEQC	permutation	
3153.0	-0.18194081182136346	SEQC	permutation	
3154.0	-0.03322542543547202	SEQC	permutation	
3155.0	-0.17897496141208746	SEQC	permutation	
3156.0	0.3201763842264369	SEQC	permutation	
3157.0	0.054327865382939766	SEQC	permutation	
3158.0	0.08498017396096769	SEQC	permutation	
3159.0	0.31831689172718436	SEQC	permutation	
3160.0	-0.15234068196007344	SEQC	permutation	
3161.0	-0.12980619729741383	SEQC	permutation	
3162.0	0.11780033470183904	SEQC	permutation	
3163.0	-0.025322876972177166	SEQC	permutation	
3164.0	-0.1995895293955976	SEQC	permutation	
3165.0	0.29549906331665454	SEQC	permutation	
3166.0	-0.166292972948896	SEQC	permutation	
3167.0	0.08528196419820855	SEQC	permutation	
3168.0	0.1520157547560781	SEQC	permutation	
3169.0	-0.0023893861554880047	SEQC	permutation	
3170.0	0.06724980574223549	SEQC	permutation	
3171.0	0.04828099459593327	SEQC	permutation	
3172.0	-0.026080420589650544	SEQC	permutation	
3173.0	0.26098064615869765	SEQC	permutation	
3174.0	0.305455434713763	SEQC	permutation	
3175.0	-0.23852993792150068	SEQC	permutation	
3176.0	-0.10464300872007026	SEQC	permutation	
3177.0	-0.022520510307725505	SEQC	permutation	
3178.0	0.11972153919112172	SEQC	permutation	
3179.0	-0.22368809599162676	SEQC	permutation	
3180.0	0.5672079700747208	SEQC	permutation	
3181.0	0.055543789764978424	SEQC	permutation	
3182.0	0.019677181690958	SEQC	permutation	
3183.0	0.3427313792246096	SEQC	permutation	
3184.0	0.09666901524255511	SEQC	permutation	
3185.0	0.187556365249812	SEQC	permutation	
3186.0	0.030080556109306933	SEQC	permutation	
3187.0	-0.07508120468795898	SEQC	permutation	
3188.0	0.15259672565782578	SEQC	permutation	
3189.0	0.0957239890597501	SEQC	permutation	
3190.0	0.07770624728752162	SEQC	permutation	
3191.0	0.1960780472659409	SEQC	permutation	
3192.0	0.27319759557860124	SEQC	permutation	
3193.0	-0.02313180188707209	SEQC	permutation	
3194.0	-0.07660113340938368	SEQC	permutation	
3195.0	0.22720566348978188	SEQC	permutation	
3196.0	-0.07735030137507781	SEQC	permutation	
3197.0	0.014171681184315776	SEQC	permutation	
3198.0	0.27876604347266376	SEQC	permutation	
3199.0	0.19226386992894584	SEQC	permutation	
3200.0	-0.19830177880789623	SEQC	permutation	
3201.0	-0.11261404594328317	SEQC	permutation	
3202.0	0.11008966164118261	SEQC	permutation	
3203.0	0.10868470398719543	SEQC	permutation	
3204.0	-0.11916819521057764	SEQC	permutation	
3205.0	0.265631350229242	SEQC	permutation	
3206.0	-0.1078165651459031	SEQC	permutation	
3207.0	0.1272413506540282	SEQC	permutation	
3208.0	0.2057616099440711	SEQC	permutation	
3209.0	0.06714709656686368	SEQC	permutation	
3210.0	-0.3999364947989372	SEQC	permutation	
3211.0	0.2261210854008251	SEQC	permutation	
3212.0	-0.09799663969138006	SEQC	permutation	
3213.0	-0.04171872581146552	SEQC	permutation	
3214.0	0.24726540469178193	SEQC	permutation	
3215.0	0.18682682666299621	SEQC	permutation	
3216.0	-0.14696726379404534	SEQC	permutation	
3217.0	0.12905390646190407	SEQC	permutation	
3218.0	-0.1306317599503486	SEQC	permutation	
3219.0	0.20262996150575496	SEQC	permutation	
3220.0	0.00496652346266524	SEQC	permutation	
3221.0	0.15399086165232623	SEQC	permutation	
3222.0	0.21924732838729266	SEQC	permutation	
3223.0	0.14597538492525164	SEQC	permutation	
3224.0	0.21958787542465918	SEQC	permutation	
3225.0	0.026073744924419717	SEQC	permutation	
3226.0	0.11803095224571791	SEQC	permutation	
3227.0	0.18141152183643205	SEQC	permutation	
3228.0	0.3293033553916471	SEQC	permutation	
3229.0	0.14563948451269404	SEQC	permutation	
3230.0	-0.11928277023113054	SEQC	permutation	
3231.0	-0.033680391408714705	SEQC	permutation	
3232.0	0.19937608693138564	SEQC	permutation	
3233.0	0.21515082548975695	SEQC	permutation	
3234.0	-0.019625642073815452	SEQC	permutation	
3235.0	-0.2422412097740958	SEQC	permutation	
3236.0	0.27635969334160126	SEQC	permutation	
3237.0	0.3385524098048798	SEQC	permutation	
3238.0	-0.07176906635996838	SEQC	permutation	
3239.0	-0.2918009828447068	SEQC	permutation	
3240.0	0.0806856352759242	SEQC	permutation	
3241.0	0.204480347553595	SEQC	permutation	
3242.0	0.3463552396256908	SEQC	permutation	
3243.0	-0.2854304580923306	SEQC	permutation	
3244.0	-0.03928947100282132	SEQC	permutation	
3245.0	-0.06465614091185401	SEQC	permutation	
3246.0	0.11849211119969638	SEQC	permutation	
3247.0	-0.040676133913692514	SEQC	permutation	
3248.0	0.04831210102916339	SEQC	permutation	
3249.0	0.25986980620068056	SEQC	permutation	
3250.0	0.026977760143515273	SEQC	permutation	
3251.0	0.23426078032019282	SEQC	permutation	
3252.0	0.003594647028597464	SEQC	permutation	
3253.0	0.07784904104003054	SEQC	permutation	
3254.0	0.017362613550671924	SEQC	permutation	
3255.0	0.16300125296030732	SEQC	permutation	
3256.0	0.16625914095527516	SEQC	permutation	
3257.0	-0.050875914094845154	SEQC	permutation	
3258.0	0.27981194171429324	SEQC	permutation	
3259.0	0.1284527063218981	SEQC	permutation	
3260.0	-0.05603931002314111	SEQC	permutation	
3261.0	0.025440322671993254	SEQC	permutation	
3262.0	0.3389490874469505	SEQC	permutation	
3263.0	-0.14731031719505827	SEQC	permutation	
3264.0	-0.05436779314142237	SEQC	permutation	
3265.0	-0.051115066518268915	SEQC	permutation	
3266.0	0.3719139406021821	SEQC	permutation	
3267.0	0.1358676020055829	SEQC	permutation	
3268.0	0.015723974581651756	SEQC	permutation	
3269.0	0.2226155052343839	SEQC	permutation	
3270.0	-0.044345095811680224	SEQC	permutation	
3271.0	-0.042065425077393304	SEQC	permutation	
3272.0	0.3999118971755271	SEQC	permutation	
3273.0	0.02028114006508197	SEQC	permutation	
3274.0	0.19336493122001341	SEQC	permutation	
3275.0	-0.04014417773296586	SEQC	permutation	
3276.0	-0.1662772777336432	SEQC	permutation	
3277.0	0.27007761099634653	SEQC	permutation	
3278.0	-0.059010055184153476	SEQC	permutation	
3279.0	-0.359864118715592	SEQC	permutation	
3280.0	0.1957537941854297	SEQC	permutation	
3281.0	0.237156893025964	SEQC	permutation	
3282.0	0.08450620854736401	SEQC	permutation	
3283.0	0.030037157803962433	SEQC	permutation	
3284.0	-0.039442887582483266	SEQC	permutation	
3285.0	-0.13426043543805077	SEQC	permutation	
3286.0	0.2991409005036152	SEQC	permutation	
3287.0	0.05223183475261983	SEQC	permutation	
3288.0	0.10096205849582773	SEQC	permutation	
3289.0	-0.0920132998807528	SEQC	permutation	
3290.0	0.04800389328674459	SEQC	permutation	
3291.0	0.09930645203735766	SEQC	permutation	
3292.0	0.18914782207928083	SEQC	permutation	
3293.0	0.05745338313165238	SEQC	permutation	
3294.0	0.17164492935159714	SEQC	permutation	
3295.0	0.10031922714155606	SEQC	permutation	
3296.0	0.0977429843801545	SEQC	permutation	
3297.0	0.06352912291919965	SEQC	permutation	
3298.0	0.2462256371663356	SEQC	permutation	
3299.0	0.0875915031276242	SEQC	permutation	
3300.0	-0.021229866161978972	SEQC	permutation	
3301.0	0.27600697516311223	SEQC	permutation	
3302.0	-0.021415109325554127	SEQC	permutation	
3303.0	0.09154836674400357	SEQC	permutation	
3304.0	0.09355158825977927	SEQC	permutation	
3305.0	0.027629961505823086	SEQC	permutation	
3306.0	0.06594983074481142	SEQC	permutation	
3307.0	-0.03915376962907091	SEQC	permutation	
3308.0	0.33298253577041326	SEQC	permutation	
3309.0	0.192268196293079	SEQC	permutation	
3310.0	-0.12423348862071393	SEQC	permutation	
3311.0	-0.19748097477247883	SEQC	permutation	
3312.0	-0.3011126317574888	SEQC	permutation	
3313.0	0.30434842540487494	SEQC	permutation	
3314.0	-0.268429703095844	SEQC	permutation	
3315.0	0.17820553027727515	SEQC	permutation	
3316.0	0.0034574463396084276	SEQC	permutation	
3317.0	0.04717946866681011	SEQC	permutation	
3318.0	0.21752413165227136	SEQC	permutation	
3319.0	-0.43199551371893374	SEQC	permutation	
3320.0	-0.0030697724836730167	SEQC	permutation	
3321.0	0.09436425420781713	SEQC	permutation	
3322.0	0.03114478271766208	SEQC	permutation	
3323.0	-0.19510149729970783	SEQC	permutation	
3324.0	-0.04429584815237542	SEQC	permutation	
3325.0	0.3653825218206803	SEQC	permutation	
3326.0	-0.1680872251137262	SEQC	permutation	
3327.0	0.08752785077239533	SEQC	permutation	
3328.0	0.0004996893684516834	SEQC	permutation	
3329.0	0.22547873763768722	SEQC	permutation	
3330.0	0.11477100108601856	SEQC	permutation	
3331.0	0.07060828451150325	SEQC	permutation	
3332.0	-0.02080451386603599	SEQC	permutation	
3333.0	-0.03276994837784741	SEQC	permutation	
3334.0	0.1125377341542051	SEQC	permutation	
3335.0	0.027658980181268777	SEQC	permutation	
3336.0	0.024196515743851066	SEQC	permutation	
3337.0	0.15078915477438004	SEQC	permutation	
3338.0	-0.022867180185875746	SEQC	permutation	
3339.0	-0.043560918285781014	SEQC	permutation	
3340.0	0.09404697277232987	SEQC	permutation	
3341.0	-0.0016211010295541506	SEQC	permutation	
3342.0	-0.03891210697611447	SEQC	permutation	
3343.0	0.21612637703777482	SEQC	permutation	
3344.0	-0.36246599179490246	SEQC	permutation	
3345.0	-0.01144171994241594	SEQC	permutation	
3346.0	0.23239974986098533	SEQC	permutation	
3347.0	0.05523563983592972	SEQC	permutation	
3348.0	0.15914682422305315	SEQC	permutation	
3349.0	-0.053268000100850976	SEQC	permutation	
3350.0	-0.19709739832087747	SEQC	permutation	
3351.0	-0.00414745104117431	SEQC	permutation	
3352.0	-0.19738642273271356	SEQC	permutation	
3353.0	0.27377050518930046	SEQC	permutation	
3354.0	0.17510619803020866	SEQC	permutation	
3355.0	0.1979931748158048	SEQC	permutation	
3356.0	0.0283346161242366	SEQC	permutation	
3357.0	0.11190284145062712	SEQC	permutation	
3358.0	0.5748566999805802	SEQC	permutation	
3359.0	0.09049875886848158	SEQC	permutation	
3360.0	-0.18420304965827095	SEQC	permutation	
3361.0	-0.03227436738252676	SEQC	permutation	
3362.0	0.03484859418490327	SEQC	permutation	
3363.0	0.09943508669338108	SEQC	permutation	
3364.0	0.13856385298588725	SEQC	permutation	
3365.0	0.20537801390546484	SEQC	permutation	
3366.0	0.3439854154797981	SEQC	permutation	
3367.0	-0.00011383984634827371	SEQC	permutation	
3368.0	-0.2027138076309818	SEQC	permutation	
3369.0	0.09460360474757179	SEQC	permutation	
3370.0	0.3889177681873903	SEQC	permutation	
3371.0	0.1979186476393373	SEQC	permutation	
3372.0	-0.0101858208093204	SEQC	permutation	
3373.0	0.4233120332614133	SEQC	permutation	
3374.0	0.13325901180989863	SEQC	permutation	
3375.0	0.1404878912415679	SEQC	permutation	
3376.0	0.26627904088952636	SEQC	permutation	
3377.0	0.20006351241329456	SEQC	permutation	
3378.0	0.01276617383510592	SEQC	permutation	
3379.0	-0.009210614359064007	SEQC	permutation	
3380.0	0.2363190438443401	SEQC	permutation	
3381.0	0.024128825630401973	SEQC	permutation	
3382.0	0.22425808102836253	SEQC	permutation	
3383.0	0.1801648644782068	SEQC	permutation	
3384.0	0.016221173743993234	SEQC	permutation	
3385.0	0.11302878241567793	SEQC	permutation	
3386.0	0.25331615417074094	SEQC	permutation	
3387.0	0.24879830526487012	SEQC	permutation	
3388.0	0.203565861723916	SEQC	permutation	
3389.0	0.2244792370421056	SEQC	permutation	
3390.0	-0.007434996595176102	SEQC	permutation	
3391.0	0.02097576808765078	SEQC	permutation	
3392.0	0.3010797537661176	SEQC	permutation	
3393.0	0.3938618149950943	SEQC	permutation	
3394.0	0.1474492217012182	SEQC	permutation	
3395.0	-0.20731825098528756	SEQC	permutation	
3396.0	-0.014371367645417799	SEQC	permutation	
3397.0	0.2429930811354275	SEQC	permutation	
3398.0	0.5051107731698692	SEQC	permutation	
3399.0	0.10958354006875926	SEQC	permutation	
3400.0	0.0019850476266780603	SEQC	permutation	
3401.0	0.20979325117932968	SEQC	permutation	
3402.0	0.27430711763222115	SEQC	permutation	
3403.0	-0.02089488870920153	SEQC	permutation	
3404.0	-0.01483226088838574	SEQC	permutation	
3405.0	0.11977943066053776	SEQC	permutation	
3406.0	0.35744332900576836	SEQC	permutation	
3407.0	-0.04475681346247917	SEQC	permutation	
3408.0	-0.26564426479481673	SEQC	permutation	
3409.0	0.04446954503814071	SEQC	permutation	
3410.0	-0.31056128387459125	SEQC	permutation	
3411.0	0.15280833430464424	SEQC	permutation	
3412.0	-0.17734283760647251	SEQC	permutation	
3413.0	-0.15119277451252033	SEQC	permutation	
3414.0	0.032702352402346424	SEQC	permutation	
3415.0	0.1009110870837997	SEQC	permutation	
3416.0	-0.08463871936916334	SEQC	permutation	
3417.0	0.2325729914014163	SEQC	permutation	
3418.0	0.22267661255815874	SEQC	permutation	
3419.0	-0.0372936582821457	SEQC	permutation	
3420.0	-0.02639752228704939	SEQC	permutation	
3421.0	0.0053770491367854945	SEQC	permutation	
3422.0	-0.1392926235129246	SEQC	permutation	
3423.0	-0.2496426732730499	SEQC	permutation	
3424.0	0.10530818603806891	SEQC	permutation	
3425.0	0.22171167627158495	SEQC	permutation	
3426.0	-0.11638559101762835	SEQC	permutation	
3427.0	0.012983877780340602	SEQC	permutation	
3428.0	0.011577138198166192	SEQC	permutation	
3429.0	0.1814424476064933	SEQC	permutation	
3430.0	0.045203354133219964	SEQC	permutation	
3431.0	0.002211074517612044	SEQC	permutation	
3432.0	-0.069567342934159	SEQC	permutation	
3433.0	0.1805708985116259	SEQC	permutation	
3434.0	0.04951809878139635	SEQC	permutation	
3435.0	-0.09452335653481736	SEQC	permutation	
3436.0	0.10772651549070744	SEQC	permutation	
3437.0	0.05743545663821692	SEQC	permutation	
3438.0	0.08528903166055679	SEQC	permutation	
3439.0	0.1702922099539972	SEQC	permutation	
3440.0	-0.155766024089532	SEQC	permutation	
3441.0	0.2827963817259258	SEQC	permutation	
3442.0	-0.07523358239720634	SEQC	permutation	
3443.0	0.02688869265905014	SEQC	permutation	
3444.0	0.024054931560769877	SEQC	permutation	
3445.0	-0.14106556170009776	SEQC	permutation	
3446.0	0.06168852263944036	SEQC	permutation	
3447.0	-0.2381331941332956	SEQC	permutation	
3448.0	-0.23204835810864477	SEQC	permutation	
3449.0	0.043523922822024996	SEQC	permutation	
3450.0	-0.21171795453396225	SEQC	permutation	
3451.0	-0.24280307933217804	SEQC	permutation	
3452.0	-0.20463595740598706	SEQC	permutation	
3453.0	-0.1335274132679709	SEQC	permutation	
3454.0	0.15950041075639643	SEQC	permutation	
3455.0	-0.14231991307502279	SEQC	permutation	
3456.0	0.21334139511301764	SEQC	permutation	
3457.0	0.13770665768202273	SEQC	permutation	
3458.0	0.06990166183414992	SEQC	permutation	
3459.0	0.009308145961969938	SEQC	permutation	
3460.0	-0.03949122175404485	SEQC	permutation	
3461.0	0.3365245120489182	SEQC	permutation	
3462.0	0.03595322745661944	SEQC	permutation	
3463.0	0.28555606014293256	SEQC	permutation	
3464.0	0.2854429550929054	SEQC	permutation	
3465.0	0.23390089627322208	SEQC	permutation	
3466.0	-0.21148755893102678	SEQC	permutation	
3467.0	0.041380823584999504	SEQC	permutation	
3468.0	-0.08525180129187726	SEQC	permutation	
3469.0	-0.08522765793265163	SEQC	permutation	
3470.0	-0.05711245954750055	SEQC	permutation	
3471.0	0.20330669804598234	SEQC	permutation	
3472.0	0.34228582312991396	SEQC	permutation	
3473.0	0.16124099853553675	SEQC	permutation	
3474.0	0.22429555015131397	SEQC	permutation	
3475.0	0.11896894263338931	SEQC	permutation	
3476.0	0.08095613569573823	SEQC	permutation	
3477.0	-0.03418225387994722	SEQC	permutation	
3478.0	-0.11652895087339354	SEQC	permutation	
3479.0	0.15436666319153103	SEQC	permutation	
3480.0	0.1200697385416527	SEQC	permutation	
3481.0	-0.054130821745422164	SEQC	permutation	
3482.0	0.04632443518780027	SEQC	permutation	
3483.0	-0.029150295796994463	SEQC	permutation	
3484.0	-0.008486114525119604	SEQC	permutation	
3485.0	0.4264047512231901	SEQC	permutation	
3486.0	0.16714249219983923	SEQC	permutation	
3487.0	-0.09702575087852905	SEQC	permutation	
3488.0	0.07585500493833708	SEQC	permutation	
3489.0	-0.08749862456394997	SEQC	permutation	
3490.0	0.16978682606597362	SEQC	permutation	
3491.0	-0.18673175651144236	SEQC	permutation	
3492.0	0.4418540373746014	SEQC	permutation	
3493.0	-0.4831149934823369	SEQC	permutation	
3494.0	-0.00846845176362132	SEQC	permutation	
3495.0	-0.06877839393732943	SEQC	permutation	
3496.0	0.15133325648949114	SEQC	permutation	
3497.0	0.19315888153468475	SEQC	permutation	
3498.0	0.08207906104517626	SEQC	permutation	
3499.0	-0.04879703653586631	SEQC	permutation	
3500.0	-0.06658909293301951	SEQC	permutation	
3501.0	0.029554502848022857	SEQC	permutation	
3502.0	0.40513817149777553	SEQC	permutation	
3503.0	-0.13666313184337664	SEQC	permutation	
3504.0	0.08045837393384137	SEQC	permutation	
3505.0	0.30881822772230816	SEQC	permutation	
3506.0	-0.2289775422993321	SEQC	permutation	
3507.0	0.028170816107476515	SEQC	permutation	
3508.0	-0.15699775998711596	SEQC	permutation	
3509.0	0.09434492371324099	SEQC	permutation	
3510.0	-0.06666055728076037	SEQC	permutation	
3511.0	0.12075209138356557	SEQC	permutation	
3512.0	0.3502630645604752	SEQC	permutation	
3513.0	0.00479007158604583	SEQC	permutation	
3514.0	0.11689637771276118	SEQC	permutation	
3515.0	0.14180933022178444	SEQC	permutation	
3516.0	0.03799314135042264	SEQC	permutation	
3517.0	0.0652381195350209	SEQC	permutation	
3518.0	0.01739327015290204	SEQC	permutation	
3519.0	-0.11637633758475063	SEQC	permutation	
3520.0	-0.028817209581490033	SEQC	permutation	
3521.0	0.1812178544648373	SEQC	permutation	
3522.0	-0.017843435129844654	SEQC	permutation	
3523.0	0.21941053488490603	SEQC	permutation	
3524.0	-0.2406674976403358	SEQC	permutation	
3525.0	0.127411769614016	SEQC	permutation	
3526.0	0.09296607496962794	SEQC	permutation	
3527.0	0.05244800092187463	SEQC	permutation	
3528.0	0.20746679568684634	SEQC	permutation	
3529.0	-0.18896258167645286	SEQC	permutation	
3530.0	0.3121826496732081	SEQC	permutation	
3531.0	-0.191489766099592	SEQC	permutation	
3532.0	0.05674109339066069	SEQC	permutation	
3533.0	-0.1115586855333115	SEQC	permutation	
3534.0	0.03353819927263446	SEQC	permutation	
3535.0	0.02309428276603631	SEQC	permutation	
3536.0	-0.002422435397082534	SEQC	permutation	
3537.0	0.0990173942789303	SEQC	permutation	
3538.0	0.4013487721663429	SEQC	permutation	
3539.0	0.2025848569025661	SEQC	permutation	
3540.0	-0.19937526582623422	SEQC	permutation	
3541.0	-0.32373510693252516	SEQC	permutation	
3542.0	0.18669019735592896	SEQC	permutation	
3543.0	-0.24192153977205733	SEQC	permutation	
3544.0	0.06613808631082074	SEQC	permutation	
3545.0	0.35247206558262345	SEQC	permutation	
3546.0	0.29118716738136685	SEQC	permutation	
3547.0	-0.31423670902486833	SEQC	permutation	
3548.0	0.3690312955623356	SEQC	permutation	
3549.0	-0.17346975586299296	SEQC	permutation	
3550.0	0.03471309040953674	SEQC	permutation	
3551.0	-0.2294031976891775	SEQC	permutation	
3552.0	0.2663703485203808	SEQC	permutation	
3553.0	-0.05607706666648271	SEQC	permutation	
3554.0	-0.11788821970256524	SEQC	permutation	
3555.0	0.0030396244375534565	SEQC	permutation	
3556.0	0.20225425944394937	SEQC	permutation	
3557.0	0.009893155681889088	SEQC	permutation	
3558.0	-0.25555423569947067	SEQC	permutation	
3559.0	-0.2008971870758418	SEQC	permutation	
3560.0	0.10005946224115148	SEQC	permutation	
3561.0	0.1312024169789976	SEQC	permutation	
3562.0	-0.14069191918469404	SEQC	permutation	
3563.0	-0.06227425340252646	SEQC	permutation	
3564.0	0.20913542029122567	SEQC	permutation	
3565.0	0.08547039573334114	SEQC	permutation	
3566.0	-0.010526325046765095	SEQC	permutation	
3567.0	0.14319410887002793	SEQC	permutation	
3568.0	0.1506607457556277	SEQC	permutation	
3569.0	0.008507755794833205	SEQC	permutation	
3570.0	0.0859955398104777	SEQC	permutation	
3571.0	0.28893514674710996	SEQC	permutation	
3572.0	0.10870632390380308	SEQC	permutation	
3573.0	-0.025012853234008592	SEQC	permutation	
3574.0	0.3553367566877057	SEQC	permutation	
3575.0	0.045040836353238856	SEQC	permutation	
3576.0	0.1786183619390771	SEQC	permutation	
3577.0	-0.11028246973275424	SEQC	permutation	
3578.0	-0.17887511917077248	SEQC	permutation	
3579.0	-0.08302165259810801	SEQC	permutation	
3580.0	-0.19215972416175298	SEQC	permutation	
3581.0	0.07018168768173627	SEQC	permutation	
3582.0	0.06153396248922105	SEQC	permutation	
3583.0	-0.008842373325167685	SEQC	permutation	
3584.0	-0.10759845787267075	SEQC	permutation	
3585.0	-0.09534297245612233	SEQC	permutation	
3586.0	0.16684765095100884	SEQC	permutation	
3587.0	-0.15048996931767977	SEQC	permutation	
3588.0	0.15861403022963483	SEQC	permutation	
3589.0	0.07684095720745665	SEQC	permutation	
3590.0	0.13574591737846164	SEQC	permutation	
3591.0	-0.06403977470458333	SEQC	permutation	
3592.0	0.0441521061957344	SEQC	permutation	
3593.0	0.009702634162765289	SEQC	permutation	
3594.0	0.20776489206659443	SEQC	permutation	
3595.0	0.18408677330898593	SEQC	permutation	
3596.0	-0.07848993446303032	SEQC	permutation	
3597.0	0.309943114332901	SEQC	permutation	
3598.0	0.024647051835223532	SEQC	permutation	
3599.0	-0.12514637721860522	SEQC	permutation	
3600.0	0.24241721244629755	SEQC	permutation	
3601.0	0.07276827760109317	SEQC	permutation	
3602.0	-0.018853579999080328	SEQC	permutation	
3603.0	0.002428694662649722	SEQC	permutation	
3604.0	-0.05248240018817674	SEQC	permutation	
3605.0	0.17367094665036165	SEQC	permutation	
3606.0	-0.3183835154510075	SEQC	permutation	
3607.0	-0.008123178655325969	SEQC	permutation	
3608.0	-0.03515519471429762	SEQC	permutation	
3609.0	-0.024706672607926805	SEQC	permutation	
3610.0	-0.02813089160204507	SEQC	permutation	
3611.0	0.24280481617714633	SEQC	permutation	
3612.0	0.24038661760107738	SEQC	permutation	
3613.0	0.10652747204008062	SEQC	permutation	
3614.0	0.09660230449705187	SEQC	permutation	
3615.0	0.15300972464581264	SEQC	permutation	
3616.0	-0.006293731103259592	SEQC	permutation	
3617.0	0.10797212138700774	SEQC	permutation	
3618.0	0.2495870229172743	SEQC	permutation	
3619.0	0.390478223907996	SEQC	permutation	
3620.0	0.17747487964544018	SEQC	permutation	
3621.0	0.20754155759291804	SEQC	permutation	
3622.0	-0.07710147555080615	SEQC	permutation	
3623.0	0.15448138528070032	SEQC	permutation	
3624.0	-0.011889747156774266	SEQC	permutation	
3625.0	-0.0003999379481465226	SEQC	permutation	
3626.0	0.03960935172543456	SEQC	permutation	
3627.0	0.05630759904575244	SEQC	permutation	
3628.0	0.049505968252025134	SEQC	permutation	
3629.0	-0.03088464753310216	SEQC	permutation	
3630.0	0.1129731388462103	SEQC	permutation	
3631.0	0.09081327937847039	SEQC	permutation	
3632.0	0.11843351242991051	SEQC	permutation	
3633.0	0.039070052631259955	SEQC	permutation	
3634.0	-0.33608653224270535	SEQC	permutation	
3635.0	-0.06719762386967121	SEQC	permutation	
3636.0	-0.09823255835688816	SEQC	permutation	
3637.0	0.23046257220519006	SEQC	permutation	
3638.0	-0.04944400310498853	SEQC	permutation	
3639.0	-0.06448529389686941	SEQC	permutation	
3640.0	0.23801361007367472	SEQC	permutation	
3641.0	0.09856865611274168	SEQC	permutation	
3642.0	-0.1045431195759412	SEQC	permutation	
3643.0	-0.11943257906849558	SEQC	permutation	
3644.0	0.0899405198457166	SEQC	permutation	
3645.0	-0.00142340061161228	SEQC	permutation	
3646.0	0.0572943518280975	SEQC	permutation	
3647.0	0.38894796074437865	SEQC	permutation	
3648.0	0.11987585746140716	SEQC	permutation	
3649.0	0.016133968866105075	SEQC	permutation	
3650.0	0.20129168104369377	SEQC	permutation	
3651.0	0.15212769503149248	SEQC	permutation	
3652.0	-0.10072583429482496	SEQC	permutation	
3653.0	0.3918745313352088	SEQC	permutation	
3654.0	0.22114581609660533	SEQC	permutation	
3655.0	-0.2248913299948332	SEQC	permutation	
3656.0	0.2933982696677462	SEQC	permutation	
3657.0	0.2407797255206625	SEQC	permutation	
3658.0	-0.16138221741283454	SEQC	permutation	
3659.0	0.0022211670670206907	SEQC	permutation	
3660.0	-0.17109380969723498	SEQC	permutation	
3661.0	0.03938590311250012	SEQC	permutation	
3662.0	0.15900812107291973	SEQC	permutation	
3663.0	-0.020614361891417854	SEQC	permutation	
3664.0	-0.0684686551387359	SEQC	permutation	
3665.0	-0.0437860842767579	SEQC	permutation	
3666.0	0.23814811099147581	SEQC	permutation	
3667.0	0.09471101315994623	SEQC	permutation	
3668.0	0.01827267127212817	SEQC	permutation	
3669.0	-0.1871419797976448	SEQC	permutation	
3670.0	-0.16824895039942778	SEQC	permutation	
3671.0	0.1139606137901894	SEQC	permutation	
3672.0	-0.11120053327982538	SEQC	permutation	
3673.0	0.012064485569897254	SEQC	permutation	
3674.0	0.22181988201732317	SEQC	permutation	
3675.0	0.052815197529437086	SEQC	permutation	
3676.0	0.13854558939241013	SEQC	permutation	
3677.0	0.1606860602670217	SEQC	permutation	
3678.0	-0.05003955775643654	SEQC	permutation	
3679.0	0.36381734333292215	SEQC	permutation	
3680.0	0.039961955509911995	SEQC	permutation	
3681.0	0.2159743038251576	SEQC	permutation	
3682.0	0.14063158291678945	SEQC	permutation	
3683.0	0.062415868616980674	SEQC	permutation	
3684.0	0.28084932919010663	SEQC	permutation	
3685.0	0.1438669053202033	SEQC	permutation	
3686.0	-0.02297682797984546	SEQC	permutation	
3687.0	-0.012383494211540835	SEQC	permutation	
3688.0	-0.13439611641132743	SEQC	permutation	
3689.0	0.4344713720761435	SEQC	permutation	
3690.0	-0.1349598451036238	SEQC	permutation	
3691.0	0.3170528052591899	SEQC	permutation	
3692.0	0.04159091184738495	SEQC	permutation	
3693.0	0.20910979503515525	SEQC	permutation	
3694.0	0.12323498034853353	SEQC	permutation	
3695.0	-0.06252306251585038	SEQC	permutation	
3696.0	0.09708595528679442	SEQC	permutation	
3697.0	-0.14744687569246295	SEQC	permutation	
3698.0	-0.11375585677011202	SEQC	permutation	
3699.0	-0.2379563682112975	SEQC	permutation	
3700.0	0.28239934312754666	SEQC	permutation	
3701.0	0.14408271140808093	SEQC	permutation	
3702.0	-0.14723362280721863	SEQC	permutation	
3703.0	0.13464309863995805	SEQC	permutation	
3704.0	0.10796454890659835	SEQC	permutation	
3705.0	0.07122869891088479	SEQC	permutation	
3706.0	0.16780903188540375	SEQC	permutation	
3707.0	-0.0812136628423219	SEQC	permutation	
3708.0	-0.2855771971184651	SEQC	permutation	
3709.0	0.19026803937708392	SEQC	permutation	
3710.0	0.18522026383794987	SEQC	permutation	
3711.0	0.2334956093720164	SEQC	permutation	
3712.0	-0.10800746210301515	SEQC	permutation	
3713.0	0.03253958848462224	SEQC	permutation	
3714.0	-0.19618711306352887	SEQC	permutation	
3715.0	0.07488875594463229	SEQC	permutation	
3716.0	0.14302409608914957	SEQC	permutation	
3717.0	0.2742542889856292	SEQC	permutation	
3718.0	-0.039472063751275765	SEQC	permutation	
3719.0	0.0499173787512861	SEQC	permutation	
3720.0	-0.20117648679266287	SEQC	permutation	
3721.0	-0.18132129048360968	SEQC	permutation	
3722.0	0.2555592372618043	SEQC	permutation	
3723.0	0.06859576569684522	SEQC	permutation	
3724.0	0.15665334281879817	SEQC	permutation	
3725.0	0.2272961343224984	SEQC	permutation	
3726.0	-0.21985867789366642	SEQC	permutation	
3727.0	-0.0016323768506891767	SEQC	permutation	
3728.0	-0.23366078210253605	SEQC	permutation	
3729.0	-0.009391419090606146	SEQC	permutation	
3730.0	0.07430510255607059	SEQC	permutation	
3731.0	0.0196822474644609	SEQC	permutation	
3732.0	0.059277627533736776	SEQC	permutation	
3733.0	-0.04994097757795135	SEQC	permutation	
3734.0	0.16859900184130838	SEQC	permutation	
3735.0	0.0055852311120760945	SEQC	permutation	
3736.0	-0.3145746562174745	SEQC	permutation	
3737.0	-0.2556666131410479	SEQC	permutation	
3738.0	-0.04138568571194945	SEQC	permutation	
3739.0	0.27224375732487616	SEQC	permutation	
3740.0	-0.1660141029283153	SEQC	permutation	
3741.0	-0.13603826260619112	SEQC	permutation	
3742.0	0.17942107581888234	SEQC	permutation	
3743.0	0.033257373352634456	SEQC	permutation	
3744.0	-0.0543297035690955	SEQC	permutation	
3745.0	0.25994041788914357	SEQC	permutation	
3746.0	0.3486214588859995	SEQC	permutation	
3747.0	-0.3102411812961128	SEQC	permutation	
3748.0	0.18626593842023098	SEQC	permutation	
3749.0	-0.035460241402867076	SEQC	permutation	
3750.0	0.09212085426257088	SEQC	permutation	
3751.0	0.006209918017684224	SEQC	permutation	
3752.0	0.0646192923595752	SEQC	permutation	
3753.0	0.10788246177241634	SEQC	permutation	
3754.0	0.43526686630440015	SEQC	permutation	
3755.0	0.07447781835999034	SEQC	permutation	
3756.0	0.2105116390123274	SEQC	permutation	
3757.0	-0.07059382653285251	SEQC	permutation	
3758.0	0.1488315340574231	SEQC	permutation	
3759.0	0.09457087733906189	SEQC	permutation	
3760.0	0.14257273676062887	SEQC	permutation	
3761.0	0.3913059257336249	SEQC	permutation	
3762.0	0.1343520875356079	SEQC	permutation	
3763.0	0.007645546835401085	SEQC	permutation	
3764.0	-0.06398034597476254	SEQC	permutation	
3765.0	0.07519663929254428	SEQC	permutation	
3766.0	-0.15111287832394593	SEQC	permutation	
3767.0	-0.043462652989133765	SEQC	permutation	
3768.0	0.23888779170163854	SEQC	permutation	
3769.0	0.03718873090664099	SEQC	permutation	
3770.0	0.02592794773889695	SEQC	permutation	
3771.0	0.034844018532926846	SEQC	permutation	
3772.0	-0.010700300902083182	SEQC	permutation	
3773.0	0.057544594480673616	SEQC	permutation	
3774.0	-0.11329677537483773	SEQC	permutation	
3775.0	0.02366367185472873	SEQC	permutation	
3776.0	0.19449179421320606	SEQC	permutation	
3777.0	-0.061516863261362076	SEQC	permutation	
3778.0	0.3586602246211168	SEQC	permutation	
3779.0	-0.05956797675335901	SEQC	permutation	
3780.0	-0.22357535019347585	SEQC	permutation	
3781.0	-0.08816421775525995	SEQC	permutation	
3782.0	-0.39905657742055034	SEQC	permutation	
3783.0	0.2601290305840762	SEQC	permutation	
3784.0	0.3466409323976585	SEQC	permutation	
3785.0	-0.09945539999346087	SEQC	permutation	
3786.0	0.10823022838850083	SEQC	permutation	
3787.0	0.10019418806423985	SEQC	permutation	
3788.0	0.3716401282875381	SEQC	permutation	
3789.0	-0.009824431121551847	SEQC	permutation	
3790.0	-0.14625339498712497	SEQC	permutation	
3791.0	0.04224629705921501	SEQC	permutation	
3792.0	0.1553812742731444	SEQC	permutation	
3793.0	-0.10032891721999082	SEQC	permutation	
3794.0	0.1343771044690798	SEQC	permutation	
3795.0	-0.07767009299110317	SEQC	permutation	
3796.0	0.45722036388491105	SEQC	permutation	
3797.0	-0.18983388579458227	SEQC	permutation	
3798.0	0.11172835948557669	SEQC	permutation	
3799.0	-0.10816925989350956	SEQC	permutation	
3800.0	0.34188930545999296	SEQC	permutation	
3801.0	0.27814171091627804	SEQC	permutation	
3802.0	0.16569083303356802	SEQC	permutation	
3803.0	-0.009671013914154702	SEQC	permutation	
3804.0	0.14882242209356855	SEQC	permutation	
3805.0	-0.09573113878615125	SEQC	permutation	
3806.0	0.3614195717874642	SEQC	permutation	
3807.0	0.14735066553514198	SEQC	permutation	
3808.0	-0.06951758716332801	SEQC	permutation	
3809.0	0.30004767822202805	SEQC	permutation	
3810.0	-0.2419159129448052	SEQC	permutation	
3811.0	-0.1992665543084784	SEQC	permutation	
3812.0	-0.34483664366020017	SEQC	permutation	
3813.0	0.37768603815457436	SEQC	permutation	
3814.0	0.2455148230981914	SEQC	permutation	
3815.0	-0.06778699836590896	SEQC	permutation	
3816.0	0.06845584481835054	SEQC	permutation	
3817.0	0.006497013034909571	SEQC	permutation	
3818.0	-0.14187076824620837	SEQC	permutation	
3819.0	0.02773505867125614	SEQC	permutation	
3820.0	0.038386878123074286	SEQC	permutation	
3821.0	-0.035755027326392685	SEQC	permutation	
3822.0	-0.19950084626855347	SEQC	permutation	
3823.0	-0.17366273102677132	SEQC	permutation	
3824.0	0.15674260192291634	SEQC	permutation	
3825.0	0.12280393340779039	SEQC	permutation	
3826.0	-0.1755816573130211	SEQC	permutation	
3827.0	-0.01168878102659976	SEQC	permutation	
3828.0	0.0177017211695345	SEQC	permutation	
3829.0	0.02540751138668096	SEQC	permutation	
3830.0	0.07197312500874631	SEQC	permutation	
3831.0	-0.12540087586051518	SEQC	permutation	
3832.0	0.13715792020899453	SEQC	permutation	
3833.0	-0.11158543832719836	SEQC	permutation	
3834.0	-0.27659577576249195	SEQC	permutation	
3835.0	0.17128255180144247	SEQC	permutation	
3836.0	0.17670709883338587	SEQC	permutation	
3837.0	0.374182299939144	SEQC	permutation	
3838.0	0.10961259873133589	SEQC	permutation	
3839.0	0.11015071616427763	SEQC	permutation	
3840.0	0.25980920715317657	SEQC	permutation	
3841.0	0.11400261391903754	SEQC	permutation	
3842.0	-0.2204587493218617	SEQC	permutation	
3843.0	0.06833269931282482	SEQC	permutation	
3844.0	0.1819447057226431	SEQC	permutation	
3845.0	0.06187193533411106	SEQC	permutation	
3846.0	0.18691796180263287	SEQC	permutation	
3847.0	0.37284597925962126	SEQC	permutation	
3848.0	0.27482490236412893	SEQC	permutation	
3849.0	0.22627189219406763	SEQC	permutation	
3850.0	-0.06077318131983578	SEQC	permutation	
3851.0	-0.19636312780101273	SEQC	permutation	
3852.0	0.06089201045712489	SEQC	permutation	
3853.0	0.2374003529417945	SEQC	permutation	
3854.0	-0.01953645795495884	SEQC	permutation	
3855.0	-0.2919541752160977	SEQC	permutation	
3856.0	0.09473012571102046	SEQC	permutation	
3857.0	-0.0959024186685502	SEQC	permutation	
3858.0	0.08987961110063525	SEQC	permutation	
3859.0	0.18412966267074893	SEQC	permutation	
3860.0	-0.16360301380328712	SEQC	permutation	
3861.0	0.16639518230492012	SEQC	permutation	
3862.0	-0.3468178640386341	SEQC	permutation	
3863.0	-0.007611854827171971	SEQC	permutation	
3864.0	0.07134809302401779	SEQC	permutation	
3865.0	0.14180648911646054	SEQC	permutation	
3866.0	0.050166648478765286	SEQC	permutation	
3867.0	0.5896127155813016	SEQC	permutation	
3868.0	0.22671999475526272	SEQC	permutation	
3869.0	0.14742007916034838	SEQC	permutation	
3870.0	-0.07712855103835103	SEQC	permutation	
3871.0	0.1778495148236785	SEQC	permutation	
3872.0	0.10568998178500477	SEQC	permutation	
3873.0	0.06513076665987416	SEQC	permutation	
3874.0	0.05281402709863192	SEQC	permutation	
3875.0	-0.11781124759784678	SEQC	permutation	
3876.0	0.2260866837415607	SEQC	permutation	
3877.0	0.19384259587241504	SEQC	permutation	
3878.0	-0.04144464071546583	SEQC	permutation	
3879.0	0.2990942222215289	SEQC	permutation	
3880.0	0.240953964607189	SEQC	permutation	
3881.0	0.08255094223617698	SEQC	permutation	
3882.0	0.04579264466932642	SEQC	permutation	
3883.0	-0.07193823881869399	SEQC	permutation	
3884.0	0.16867785960826032	SEQC	permutation	
3885.0	0.00720769604467586	SEQC	permutation	
3886.0	-0.037467856132995525	SEQC	permutation	
3887.0	0.0862327316727809	SEQC	permutation	
3888.0	-0.2162164815628742	SEQC	permutation	
3889.0	0.050841986306665365	SEQC	permutation	
3890.0	-0.000542322658127592	SEQC	permutation	
3891.0	0.1497052783318944	SEQC	permutation	
3892.0	-0.2730757147676801	SEQC	permutation	
3893.0	0.09487883944048603	SEQC	permutation	
3894.0	0.1881885572924551	SEQC	permutation	
3895.0	0.10272940678440312	SEQC	permutation	
3896.0	0.1819365700428781	SEQC	permutation	
3897.0	0.16249310327460087	SEQC	permutation	
3898.0	-0.20628973924292016	SEQC	permutation	
3899.0	0.009380745578520422	SEQC	permutation	
3900.0	-0.3102506746824947	SEQC	permutation	
3901.0	0.07236182886125953	SEQC	permutation	
3902.0	0.08833242253218732	SEQC	permutation	
3903.0	0.08747270468771884	SEQC	permutation	
3904.0	0.14463685623379963	SEQC	permutation	
3905.0	0.195746503807968	SEQC	permutation	
3906.0	0.10112134415942053	SEQC	permutation	
3907.0	0.0753887838445566	SEQC	permutation	
3908.0	0.1384512418389141	SEQC	permutation	
3909.0	0.2820738086247503	SEQC	permutation	
3910.0	-0.08351842511664476	SEQC	permutation	
3911.0	0.1083623292824436	SEQC	permutation	
3912.0	0.37522344416685893	SEQC	permutation	
3913.0	-0.11257309860960651	SEQC	permutation	
3914.0	0.10099417128049515	SEQC	permutation	
3915.0	0.22072829240671243	SEQC	permutation	
3916.0	0.0009060181313005344	SEQC	permutation	
3917.0	-0.3073864494690426	SEQC	permutation	
3918.0	0.1423394118410961	SEQC	permutation	
3919.0	0.15943766579330942	SEQC	permutation	
3920.0	0.040686279116735946	SEQC	permutation	
3921.0	0.12574136416602366	SEQC	permutation	
3922.0	0.24620355802971705	SEQC	permutation	
3923.0	0.3436619920163655	SEQC	permutation	
3924.0	-0.05714020598579106	SEQC	permutation	
3925.0	0.06998997215938774	SEQC	permutation	
3926.0	-0.0015769457538716836	SEQC	permutation	
3927.0	-0.10969291246280433	SEQC	permutation	
3928.0	-0.0281781471952951	SEQC	permutation	
3929.0	0.013313848694968211	SEQC	permutation	
3930.0	0.14915271915190198	SEQC	permutation	
3931.0	0.0040449260040262836	SEQC	permutation	
3932.0	-0.1794736427296737	SEQC	permutation	
3933.0	0.10659958520172452	SEQC	permutation	
3934.0	-0.3322278356761954	SEQC	permutation	
3935.0	0.08455143884530703	SEQC	permutation	
3936.0	-0.09554389358271242	SEQC	permutation	
3937.0	0.16701658791025675	SEQC	permutation	
3938.0	-0.004123276885561911	SEQC	permutation	
3939.0	-0.0034105541650473192	SEQC	permutation	
3940.0	-0.16955489488326014	SEQC	permutation	
3941.0	-0.001847128050358915	SEQC	permutation	
3942.0	-0.016983268262452	SEQC	permutation	
3943.0	0.1583871476899077	SEQC	permutation	
3944.0	-0.025212891077543542	SEQC	permutation	
3945.0	0.016438669457013777	SEQC	permutation	
3946.0	-0.256702266094726	SEQC	permutation	
3947.0	-0.009623691765842324	SEQC	permutation	
3948.0	0.004192394165587476	SEQC	permutation	
3949.0	-0.20279449786856496	SEQC	permutation	
3950.0	0.12861802022141555	SEQC	permutation	
3951.0	0.10290167805552475	SEQC	permutation	
3952.0	0.0473657434051491	SEQC	permutation	
3953.0	-0.0752489313597704	SEQC	permutation	
3954.0	-0.021893723875730853	SEQC	permutation	
3955.0	-0.026266956143742082	SEQC	permutation	
3956.0	0.2516552524145599	SEQC	permutation	
3957.0	-0.02531966762455129	SEQC	permutation	
3958.0	-0.22250327395595138	SEQC	permutation	
3959.0	0.10329742965841371	SEQC	permutation	
3960.0	0.08200347821768172	SEQC	permutation	
3961.0	0.10449107133471403	SEQC	permutation	
3962.0	0.21464562412536736	SEQC	permutation	
3963.0	0.017324121773833134	SEQC	permutation	
3964.0	-0.07467634845446591	SEQC	permutation	
3965.0	-0.06523385509042878	SEQC	permutation	
3966.0	0.0023880482518778834	SEQC	permutation	
3967.0	0.1598899494110575	SEQC	permutation	
3968.0	-0.042494608330323036	SEQC	permutation	
3969.0	-0.022239787531991073	SEQC	permutation	
3970.0	0.2868973442070404	SEQC	permutation	
3971.0	0.1599483559083903	SEQC	permutation	
3972.0	-0.06153724606685618	SEQC	permutation	
3973.0	-0.3048862661589897	SEQC	permutation	
3974.0	-0.19006660324403235	SEQC	permutation	
3975.0	0.10229920690173433	SEQC	permutation	
3976.0	-0.10150846025180194	SEQC	permutation	
3977.0	-0.11660781532052455	SEQC	permutation	
3978.0	0.057497255564229466	SEQC	permutation	
3979.0	0.10951948508118514	SEQC	permutation	
3980.0	0.18096814629674407	SEQC	permutation	
3981.0	-0.06504140297958916	SEQC	permutation	
3982.0	0.09584706564945034	SEQC	permutation	
3983.0	-0.15957322965401044	SEQC	permutation	
3984.0	0.0425422139096896	SEQC	permutation	
3985.0	-0.4701268643523582	SEQC	permutation	
3986.0	0.0693945242930698	SEQC	permutation	
3987.0	-0.1627842192361415	SEQC	permutation	
3988.0	0.12934611138757868	SEQC	permutation	
3989.0	-0.0935544661912715	SEQC	permutation	
3990.0	0.2758764039825814	SEQC	permutation	
3991.0	-0.05535759192607248	SEQC	permutation	
3992.0	-0.09863044290437895	SEQC	permutation	
3993.0	0.3493769688417201	SEQC	permutation	
3994.0	-0.1538144039141871	SEQC	permutation	
3995.0	-0.08362720005044544	SEQC	permutation	
3996.0	-0.0048484874013317025	SEQC	permutation	
3997.0	-0.17227804830585658	SEQC	permutation	
3998.0	-0.16072381716433704	SEQC	permutation	
3999.0	-0.28699586646386344	SEQC	permutation	
4000.0	-0.06072524896570197	SEQC	permutation	
4001.0	0.16753997135430243	SEQC	permutation	
4002.0	0.08883572691362218	SEQC	permutation	
4003.0	0.2450333131902931	SEQC	permutation	
4004.0	-0.04762412383800907	SEQC	permutation	
4005.0	-0.09800680935977013	SEQC	permutation	
4006.0	0.1173947954432153	SEQC	permutation	
4007.0	0.22427903272724947	SEQC	permutation	
4008.0	0.11672662627549402	SEQC	permutation	
4009.0	-0.018392569955422378	SEQC	permutation	
4010.0	0.12693988276910417	SEQC	permutation	
4011.0	-0.020621445142716688	SEQC	permutation	
4012.0	0.010929987164108201	SEQC	permutation	
4013.0	-0.09260882301696327	SEQC	permutation	
4014.0	0.04483299728977741	SEQC	permutation	
4015.0	0.32207740804365637	SEQC	permutation	
4016.0	0.14715922740128118	SEQC	permutation	
4017.0	0.28457022905991103	SEQC	permutation	
4018.0	0.15817115366924517	SEQC	permutation	
4019.0	-0.030062135614995267	SEQC	permutation	
4020.0	0.08497225389438956	SEQC	permutation	
4021.0	-0.23547711715018238	SEQC	permutation	
4022.0	0.053785077253377	SEQC	permutation	
4023.0	0.06109344119248128	SEQC	permutation	
4024.0	0.08772503498575546	SEQC	permutation	
4025.0	0.25280975975567754	SEQC	permutation	
4026.0	-0.054619241914065864	SEQC	permutation	
4027.0	-0.03307977431005327	SEQC	permutation	
4028.0	0.1899830873923012	SEQC	permutation	
4029.0	-0.09546819765678682	SEQC	permutation	
4030.0	0.3231032787456045	SEQC	permutation	
4031.0	-0.019327835024970152	SEQC	permutation	
4032.0	-0.04069495021206482	SEQC	permutation	
4033.0	0.060773329909503904	SEQC	permutation	
4034.0	-0.05631412689507975	SEQC	permutation	
4035.0	0.4339434788682017	SEQC	permutation	
4036.0	0.1400776048188508	SEQC	permutation	
4037.0	0.058096058746369916	SEQC	permutation	
4038.0	-0.11525729843279375	SEQC	permutation	
4039.0	0.1376708600254295	SEQC	permutation	
4040.0	0.3774597408725242	SEQC	permutation	
4041.0	-0.22100841772972935	SEQC	permutation	
4042.0	0.1494552021109561	SEQC	permutation	
4043.0	-0.3063831843736331	SEQC	permutation	
4044.0	-0.06596115993758733	SEQC	permutation	
4045.0	0.16628394261329849	SEQC	permutation	
4046.0	-0.0566004291591109	SEQC	permutation	
4047.0	0.2170694897806804	SEQC	permutation	
4048.0	0.19422060156323262	SEQC	permutation	
4049.0	0.21754807227307316	SEQC	permutation	
4050.0	-0.10420216045343755	SEQC	permutation	
4051.0	0.21722952609916035	SEQC	permutation	
4052.0	0.18787639761621255	SEQC	permutation	
4053.0	0.07106409082918752	SEQC	permutation	
4054.0	0.13285719052805156	SEQC	permutation	
4055.0	0.05544253967196733	SEQC	permutation	
4056.0	0.057958833769756524	SEQC	permutation	
4057.0	-0.10065285962172954	SEQC	permutation	
4058.0	0.188144279797136	SEQC	permutation	
4059.0	0.2757285448479503	SEQC	permutation	
4060.0	-0.19726432218892986	SEQC	permutation	
4061.0	0.11242850042357544	SEQC	permutation	
4062.0	0.08462893323257781	SEQC	permutation	
4063.0	0.000371445834774331	SEQC	permutation	
4064.0	-0.13837324549949503	SEQC	permutation	
4065.0	0.04233990781983188	SEQC	permutation	
4066.0	0.010816186776648085	SEQC	permutation	
4067.0	-0.20985303208316353	SEQC	permutation	
4068.0	-0.1409704577652291	SEQC	permutation	
4069.0	-0.1206795829088434	SEQC	permutation	
4070.0	0.26948988727274914	SEQC	permutation	
4071.0	-0.008936320186760494	SEQC	permutation	
4072.0	-0.08737363565235867	SEQC	permutation	
4073.0	-0.043656899955336836	SEQC	permutation	
4074.0	-0.1796652120055926	SEQC	permutation	
4075.0	-0.13641593532237906	SEQC	permutation	
4076.0	0.349020945436882	SEQC	permutation	
4077.0	0.3178781376550881	SEQC	permutation	
4078.0	-0.10163958077649049	SEQC	permutation	
4079.0	-0.009545293716093806	SEQC	permutation	
4080.0	0.23069867026820923	SEQC	permutation	
4081.0	-0.011089358566931384	SEQC	permutation	
4082.0	0.18015432835615863	SEQC	permutation	
4083.0	0.4682167949033498	SEQC	permutation	
4084.0	0.00247498000412838	SEQC	permutation	
4085.0	0.07652443855828439	SEQC	permutation	
4086.0	0.1084430817543307	SEQC	permutation	
4087.0	-0.032450198063533886	SEQC	permutation	
4088.0	-0.12235613347303831	SEQC	permutation	
4089.0	-0.15258075049047637	SEQC	permutation	
4090.0	0.23608651405895786	SEQC	permutation	
4091.0	0.1078524227795361	SEQC	permutation	
4092.0	0.035306442122442494	SEQC	permutation	
4093.0	0.006713547719670476	SEQC	permutation	
4094.0	-0.03284992913754747	SEQC	permutation	
4095.0	-0.18228632930077637	SEQC	permutation	
4096.0	-0.05115847693409581	SEQC	permutation	
4097.0	0.07726344298982513	SEQC	permutation	
4098.0	0.2199282707007475	SEQC	permutation	
4099.0	-0.15257892858452893	SEQC	permutation	
4100.0	0.17839436453432267	SEQC	permutation	
4101.0	0.01580624031001765	SEQC	permutation	
4102.0	0.29181568548515324	SEQC	permutation	
4103.0	-0.05702719070199036	SEQC	permutation	
4104.0	0.22210344242771862	SEQC	permutation	
4105.0	0.15017853519645552	SEQC	permutation	
4106.0	0.2623745191881315	SEQC	permutation	
4107.0	-0.09776059275779092	SEQC	permutation	
4108.0	-0.10860203170752847	SEQC	permutation	
4109.0	0.17384275606899813	SEQC	permutation	
4110.0	0.31167598538111774	SEQC	permutation	
4111.0	0.0682344232251908	SEQC	permutation	
4112.0	0.24839813528165067	SEQC	permutation	
4113.0	0.1656556854042477	SEQC	permutation	
4114.0	-0.09507814513071633	SEQC	permutation	
4115.0	0.051868042752114984	SEQC	permutation	
4116.0	0.35492843254486406	SEQC	permutation	
4117.0	0.25562298939647876	SEQC	permutation	
4118.0	-0.05937198053985204	SEQC	permutation	
4119.0	0.43916953426235894	SEQC	permutation	
4120.0	0.25171732055764284	SEQC	permutation	
4121.0	0.11172633014160072	SEQC	permutation	
4122.0	-0.18191920265997163	SEQC	permutation	
4123.0	0.05902535583438606	SEQC	permutation	
4124.0	-0.12287545478274753	SEQC	permutation	
4125.0	0.20782787641801237	SEQC	permutation	
4126.0	-0.029301564939421265	SEQC	permutation	
4127.0	0.23592891988385478	SEQC	permutation	
4128.0	0.12742795776900673	SEQC	permutation	
4129.0	-0.11277722181015637	SEQC	permutation	
4130.0	0.11774435452133591	SEQC	permutation	
4131.0	0.22202554597695823	SEQC	permutation	
4132.0	0.0013482371957369566	SEQC	permutation	
4133.0	0.0025634430121819207	SEQC	permutation	
4134.0	-0.007881781774262908	SEQC	permutation	
4135.0	0.04760710246156785	SEQC	permutation	
4136.0	0.025650975175754542	SEQC	permutation	
4137.0	-0.16230509517878922	SEQC	permutation	
4138.0	0.49656859215556004	SEQC	permutation	
4139.0	0.05250988687841884	SEQC	permutation	
4140.0	-0.06738172973911816	SEQC	permutation	
4141.0	0.10988010424150829	SEQC	permutation	
4142.0	0.2379805414596734	SEQC	permutation	
4143.0	0.12710667634725548	SEQC	permutation	
4144.0	0.03605481050596149	SEQC	permutation	
4145.0	0.04033461520751125	SEQC	permutation	
4146.0	0.21143948944889246	SEQC	permutation	
4147.0	0.1928150000212363	SEQC	permutation	
4148.0	0.25914978239351294	SEQC	permutation	
4149.0	-0.14136551648758156	SEQC	permutation	
4150.0	0.330689906950306	SEQC	permutation	
4151.0	-0.15621232849646027	SEQC	permutation	
4152.0	0.2504529479637001	SEQC	permutation	
4153.0	-0.11003663252758988	SEQC	permutation	
4154.0	0.10966222629899924	SEQC	permutation	
4155.0	-0.03732944754195655	SEQC	permutation	
4156.0	0.40429446948503767	SEQC	permutation	
4157.0	-0.10569037890338029	SEQC	permutation	
4158.0	-0.0013764323618472574	SEQC	permutation	
4159.0	0.3705105553021779	SEQC	permutation	
4160.0	-0.25994548834544107	SEQC	permutation	
4161.0	-0.04325767789208923	SEQC	permutation	
4162.0	0.23185291979969103	SEQC	permutation	
4163.0	0.2983452396950175	SEQC	permutation	
4164.0	0.2487582173737084	SEQC	permutation	
4165.0	0.4471503037785092	SEQC	permutation	
4166.0	0.19844385900371186	SEQC	permutation	
4167.0	-0.03763666498486362	SEQC	permutation	
4168.0	-0.08145338215468723	SEQC	permutation	
4169.0	0.3048578300289746	SEQC	permutation	
4170.0	-0.08710936230888633	SEQC	permutation	
4171.0	0.07870592358635387	SEQC	permutation	
4172.0	0.32231398164309244	SEQC	permutation	
4173.0	0.26511387202996683	SEQC	permutation	
4174.0	0.05977834521136671	SEQC	permutation	
4175.0	0.29048417621173295	SEQC	permutation	
4176.0	-0.0025844084401596135	SEQC	permutation	
4177.0	0.27196623185253	SEQC	permutation	
4178.0	-0.1509617068884359	SEQC	permutation	
4179.0	0.11200863053013688	SEQC	permutation	
4180.0	0.08766012814168045	SEQC	permutation	
4181.0	-0.09612807669454027	SEQC	permutation	
4182.0	0.33382236417815836	SEQC	permutation	
4183.0	0.2281422231900967	SEQC	permutation	
4184.0	0.15509394914608743	SEQC	permutation	
4185.0	-0.07609731925565999	SEQC	permutation	
4186.0	-0.05129925402076729	SEQC	permutation	
4187.0	0.3187242101458505	SEQC	permutation	
4188.0	0.34673702937352324	SEQC	permutation	
4189.0	0.16035723316100947	SEQC	permutation	
4190.0	0.05358849039616809	SEQC	permutation	
4191.0	0.11236650818025318	SEQC	permutation	
4192.0	0.23451195175002137	SEQC	permutation	
4193.0	0.1736106746005439	SEQC	permutation	
4194.0	0.05181161926701794	SEQC	permutation	
4195.0	-0.25528065112651577	SEQC	permutation	
4196.0	-0.009010720393826332	SEQC	permutation	
4197.0	-0.18350748025187835	SEQC	permutation	
4198.0	0.01557832276284632	SEQC	permutation	
4199.0	-0.016578526970329133	SEQC	permutation	
4200.0	0.08022506653629069	SEQC	permutation	
4201.0	-0.11993822946679433	SEQC	permutation	
4202.0	0.03644511513309201	SEQC	permutation	
4203.0	-0.025049881795634388	SEQC	permutation	
4204.0	-0.002661521277770529	SEQC	permutation	
4205.0	0.1131808005106052	SEQC	permutation	
4206.0	-0.0010385308230640433	SEQC	permutation	
4207.0	-0.08109185923674467	SEQC	permutation	
4208.0	0.017455440259740662	SEQC	permutation	
4209.0	0.22017661048503934	SEQC	permutation	
4210.0	0.18016736561395197	SEQC	permutation	
4211.0	-0.13122155633326438	SEQC	permutation	
4212.0	-0.004272070574511844	SEQC	permutation	
4213.0	-0.01630460780645837	SEQC	permutation	
4214.0	-0.24409054920485573	SEQC	permutation	
4215.0	0.3724948158093624	SEQC	permutation	
4216.0	0.039383644851650246	SEQC	permutation	
4217.0	-0.10954464840370637	SEQC	permutation	
4218.0	0.28975609926906687	SEQC	permutation	
4219.0	-0.04760818337643569	SEQC	permutation	
4220.0	-0.18314632337192993	SEQC	permutation	
4221.0	0.14234605634678177	SEQC	permutation	
4222.0	0.3135385477278527	SEQC	permutation	
4223.0	0.07471353647767565	SEQC	permutation	
4224.0	-0.010769242722161287	SEQC	permutation	
4225.0	0.09401964807511254	SEQC	permutation	
4226.0	-0.03090713481601659	SEQC	permutation	
4227.0	0.10189795488381748	SEQC	permutation	
4228.0	0.09351721667223734	SEQC	permutation	
4229.0	-0.3215943756165487	SEQC	permutation	
4230.0	-0.01898626313909757	SEQC	permutation	
4231.0	-0.1351203424020886	SEQC	permutation	
4232.0	0.025869673381581748	SEQC	permutation	
4233.0	0.07354998163650128	SEQC	permutation	
4234.0	-0.4027449503413907	SEQC	permutation	
4235.0	-0.05566398308260512	SEQC	permutation	
4236.0	-0.21810359285403358	SEQC	permutation	
4237.0	0.27598156595987033	SEQC	permutation	
4238.0	0.2811396253125036	SEQC	permutation	
4239.0	-0.11098781695954774	SEQC	permutation	
4240.0	0.12336591684515108	SEQC	permutation	
4241.0	0.07665256484795391	SEQC	permutation	
4242.0	0.04553045218285057	SEQC	permutation	
4243.0	0.2964560864439738	SEQC	permutation	
4244.0	0.15082003797831733	SEQC	permutation	
4245.0	0.11309966539158633	SEQC	permutation	
4246.0	-0.041175084572887766	SEQC	permutation	
4247.0	0.2441440499791372	SEQC	permutation	
4248.0	0.2429685716473462	SEQC	permutation	
4249.0	0.22597677954450335	SEQC	permutation	
4250.0	0.03932516828395327	SEQC	permutation	
4251.0	0.14528214234702563	SEQC	permutation	
4252.0	-0.3139731909443637	SEQC	permutation	
4253.0	-0.46377151651461546	SEQC	permutation	
4254.0	0.003955822685834498	SEQC	permutation	
4255.0	0.25621317253271725	SEQC	permutation	
4256.0	0.2942363402331387	SEQC	permutation	
4257.0	0.0799130096053684	SEQC	permutation	
4258.0	0.06835461353106265	SEQC	permutation	
4259.0	0.06020480437159703	SEQC	permutation	
4260.0	-0.2175559050757805	SEQC	permutation	
4261.0	-0.04032072898028005	SEQC	permutation	
4262.0	0.07580119876795477	SEQC	permutation	
4263.0	-0.12244567670866768	SEQC	permutation	
4264.0	0.12395612431062286	SEQC	permutation	
4265.0	0.01887182218898875	SEQC	permutation	
4266.0	0.08891525277798173	SEQC	permutation	
4267.0	0.01575769721543363	SEQC	permutation	
4268.0	0.304388772196436	SEQC	permutation	
4269.0	0.13875182767555438	SEQC	permutation	
4270.0	0.1765958066790656	SEQC	permutation	
4271.0	0.27227331538400934	SEQC	permutation	
4272.0	0.11987564457790656	SEQC	permutation	
4273.0	0.30235919451550997	SEQC	permutation	
4274.0	0.15301886846194623	SEQC	permutation	
4275.0	-0.19183957070999336	SEQC	permutation	
4276.0	0.13429785851298837	SEQC	permutation	
4277.0	0.04743949791380464	SEQC	permutation	
4278.0	-0.09796005000774066	SEQC	permutation	
4279.0	0.2918751102330175	SEQC	permutation	
4280.0	-0.1255596790417539	SEQC	permutation	
4281.0	0.2818246562984359	SEQC	permutation	
4282.0	0.008332027674424758	SEQC	permutation	
4283.0	-0.07902669011145846	SEQC	permutation	
4284.0	-0.06521854502753399	SEQC	permutation	
4285.0	0.40770942312760816	SEQC	permutation	
4286.0	-0.017571295540344423	SEQC	permutation	
4287.0	0.15934282333928884	SEQC	permutation	
4288.0	-0.2679945958969885	SEQC	permutation	
4289.0	-0.06691153010141049	SEQC	permutation	
4290.0	0.32827387788482376	SEQC	permutation	
4291.0	-0.023994239256948102	SEQC	permutation	
4292.0	0.012459708960814275	SEQC	permutation	
4293.0	0.029619551252501264	SEQC	permutation	
4294.0	-0.10462868821327564	SEQC	permutation	
4295.0	0.10298378355581228	SEQC	permutation	
4296.0	0.2733906062885598	SEQC	permutation	
4297.0	0.21138642691417386	SEQC	permutation	
4298.0	-0.0664419827748719	SEQC	permutation	
4299.0	-0.06107925205765996	SEQC	permutation	
4300.0	-0.16601679897345312	SEQC	permutation	
4301.0	0.31984552952057976	SEQC	permutation	
4302.0	0.010013201375665304	SEQC	permutation	
4303.0	-0.05242809442947172	SEQC	permutation	
4304.0	0.20313394786975048	SEQC	permutation	
4305.0	0.08248615960378203	SEQC	permutation	
4306.0	0.14286956377460092	SEQC	permutation	
4307.0	-0.059266779292775684	SEQC	permutation	
4308.0	-0.23304008097359485	SEQC	permutation	
4309.0	0.14396101713103304	SEQC	permutation	
4310.0	0.2436404564499246	SEQC	permutation	
4311.0	0.0001450289228603907	SEQC	permutation	
4312.0	-0.13407532170602154	SEQC	permutation	
4313.0	-0.17840071405983737	SEQC	permutation	
4314.0	-0.20127704772304433	SEQC	permutation	
4315.0	-0.043083608538573515	SEQC	permutation	
4316.0	0.1507834535410013	SEQC	permutation	
4317.0	-0.21845082436008223	SEQC	permutation	
4318.0	-0.37234848813031673	SEQC	permutation	
4319.0	0.16070765361879147	SEQC	permutation	
4320.0	0.12379323204864745	SEQC	permutation	
4321.0	0.21459822926271066	SEQC	permutation	
4322.0	-0.09916240144964128	SEQC	permutation	
4323.0	0.13549877431542967	SEQC	permutation	
4324.0	-0.12053627838309655	SEQC	permutation	
4325.0	-0.08413973747895875	SEQC	permutation	
4326.0	-0.0827397927879292	SEQC	permutation	
4327.0	0.26308573846282046	SEQC	permutation	
4328.0	-0.11580473204791852	SEQC	permutation	
4329.0	-0.03349633760874271	SEQC	permutation	
4330.0	-0.12932626761275046	SEQC	permutation	
4331.0	0.11812775041791834	SEQC	permutation	
4332.0	-0.006047666651602501	SEQC	permutation	
4333.0	0.09198600527247836	SEQC	permutation	
4334.0	-0.19883943049470787	SEQC	permutation	
4335.0	0.08956453083673432	SEQC	permutation	
4336.0	0.09745414012295761	SEQC	permutation	
4337.0	0.013140409528790808	SEQC	permutation	
4338.0	-0.028046458913251637	SEQC	permutation	
4339.0	0.2493885266397382	SEQC	permutation	
4340.0	0.0670530955170694	SEQC	permutation	
4341.0	-0.3118216805547447	SEQC	permutation	
4342.0	0.08266931867566774	SEQC	permutation	
4343.0	-0.008508052377933062	SEQC	permutation	
4344.0	0.02407145298554303	SEQC	permutation	
4345.0	-0.05511591246865688	SEQC	permutation	
4346.0	0.0013784945482999689	SEQC	permutation	
4347.0	0.24534816120656133	SEQC	permutation	
4348.0	0.05169558285334874	SEQC	permutation	
4349.0	0.36164701908751873	SEQC	permutation	
4350.0	0.07832005696771605	SEQC	permutation	
4351.0	0.23819910105528486	SEQC	permutation	
4352.0	-0.16094465820383252	SEQC	permutation	
4353.0	-0.19548359583526587	SEQC	permutation	
4354.0	0.16271261253338398	SEQC	permutation	
4355.0	0.17850695974538056	SEQC	permutation	
4356.0	0.04947115703850402	SEQC	permutation	
4357.0	0.24593855725628266	SEQC	permutation	
4358.0	0.33135307902058875	SEQC	permutation	
4359.0	0.2712531791100443	SEQC	permutation	
4360.0	0.5824348725256132	SEQC	permutation	
4361.0	-0.050833926806169494	SEQC	permutation	
4362.0	0.29140783260368286	SEQC	permutation	
4363.0	-0.04599307620154525	SEQC	permutation	
4364.0	0.19580470690953256	SEQC	permutation	
4365.0	0.16617935249775773	SEQC	permutation	
4366.0	0.045228477633151076	SEQC	permutation	
4367.0	-0.11238874132036747	SEQC	permutation	
4368.0	-0.10589936059032956	SEQC	permutation	
4369.0	0.024728381340123562	SEQC	permutation	
4370.0	-0.08652211146600086	SEQC	permutation	
4371.0	0.05158789728351687	SEQC	permutation	
4372.0	0.380471320983482	SEQC	permutation	
4373.0	0.16839145158322788	SEQC	permutation	
4374.0	-0.0509804824911777	SEQC	permutation	
4375.0	0.01681086281364763	SEQC	permutation	
4376.0	0.1476861311557034	SEQC	permutation	
4377.0	0.30563109084778306	SEQC	permutation	
4378.0	0.007473982690413994	SEQC	permutation	
4379.0	0.29280683846493627	SEQC	permutation	
4380.0	-0.08253816133789238	SEQC	permutation	
4381.0	-0.11553345674793869	SEQC	permutation	
4382.0	-0.02706697798230806	SEQC	permutation	
4383.0	-0.13119332408004247	SEQC	permutation	
4384.0	0.06419908953319409	SEQC	permutation	
4385.0	0.05841880636499752	SEQC	permutation	
4386.0	-0.05486546138582726	SEQC	permutation	
4387.0	0.16611244195074581	SEQC	permutation	
4388.0	0.08598149234623165	SEQC	permutation	
4389.0	0.05828609892000891	SEQC	permutation	
4390.0	0.19157748169246425	SEQC	permutation	
4391.0	0.48205685278807797	SEQC	permutation	
4392.0	0.15836209969198434	SEQC	permutation	
4393.0	0.021418260571480552	SEQC	permutation	
4394.0	-0.11503309222465452	SEQC	permutation	
4395.0	0.009769171973316393	SEQC	permutation	
4396.0	-0.006875885934910286	SEQC	permutation	
4397.0	0.006938996162841438	SEQC	permutation	
4398.0	0.09764909522621323	SEQC	permutation	
4399.0	0.12652315566639682	SEQC	permutation	
4400.0	0.2703438095909303	SEQC	permutation	
4401.0	0.14617105319036483	SEQC	permutation	
4402.0	0.11479125559790226	SEQC	permutation	
4403.0	-0.25156072746484837	SEQC	permutation	
4404.0	0.15529127253927166	SEQC	permutation	
4405.0	-0.0950659843785071	SEQC	permutation	
4406.0	0.15736180575560565	SEQC	permutation	
4407.0	-0.014346945189191995	SEQC	permutation	
4408.0	0.4042112727452616	SEQC	permutation	
4409.0	-0.22410972971350196	SEQC	permutation	
4410.0	0.1738259619529643	SEQC	permutation	
4411.0	0.12638820682265495	SEQC	permutation	
4412.0	-0.13656644252132333	SEQC	permutation	
4413.0	-0.1138500196278307	SEQC	permutation	
4414.0	0.1519685657062011	SEQC	permutation	
4415.0	0.06475743589492744	SEQC	permutation	
4416.0	-0.07429893112036456	SEQC	permutation	
4417.0	-0.12551193837645158	SEQC	permutation	
4418.0	0.2807621061361698	SEQC	permutation	
4419.0	0.26153883513948406	SEQC	permutation	
4420.0	0.09270253421337049	SEQC	permutation	
4421.0	0.11360703671980454	SEQC	permutation	
4422.0	0.13780044853976525	SEQC	permutation	
4423.0	-0.00574350447423333	SEQC	permutation	
4424.0	-0.005630217653970426	SEQC	permutation	
4425.0	0.24875099543216628	SEQC	permutation	
4426.0	0.2492055186012827	SEQC	permutation	
4427.0	-0.07792438869359275	SEQC	permutation	
4428.0	-0.021003359918018827	SEQC	permutation	
4429.0	0.22190032238393975	SEQC	permutation	
4430.0	0.029798090087377993	SEQC	permutation	
4431.0	-0.21188065645504617	SEQC	permutation	
4432.0	-0.08647373597798724	SEQC	permutation	
4433.0	0.2857957392806143	SEQC	permutation	
4434.0	0.04143092057908815	SEQC	permutation	
4435.0	0.019226947836215036	SEQC	permutation	
4436.0	0.4828155851099929	SEQC	permutation	
4437.0	-0.16805315989692637	SEQC	permutation	
4438.0	0.07205988259516571	SEQC	permutation	
4439.0	0.22470418043364182	SEQC	permutation	
4440.0	-0.011998937071096893	SEQC	permutation	
4441.0	0.19691297966130428	SEQC	permutation	
4442.0	-0.11918045815849343	SEQC	permutation	
4443.0	0.023370600927210994	SEQC	permutation	
4444.0	0.21144523141121585	SEQC	permutation	
4445.0	0.0762050158522718	SEQC	permutation	
4446.0	0.039143168411137186	SEQC	permutation	
4447.0	-0.06400343892830573	SEQC	permutation	
4448.0	-0.08173835950363229	SEQC	permutation	
4449.0	-0.04318401855335807	SEQC	permutation	
4450.0	0.03322172754839725	SEQC	permutation	
4451.0	0.13634327894930465	SEQC	permutation	
4452.0	0.0765147665035224	SEQC	permutation	
4453.0	0.10599675405998177	SEQC	permutation	
4454.0	0.0661929790835587	SEQC	permutation	
4455.0	-0.13019576541078903	SEQC	permutation	
4456.0	-0.30556217621312376	SEQC	permutation	
4457.0	0.1780340859174938	SEQC	permutation	
4458.0	-0.06985603993583434	SEQC	permutation	
4459.0	-0.3194630723439138	SEQC	permutation	
4460.0	0.07043143822739673	SEQC	permutation	
4461.0	-0.0869694501483127	SEQC	permutation	
4462.0	0.1820382059053074	SEQC	permutation	
4463.0	-0.03078690802202866	SEQC	permutation	
4464.0	0.0758477552148662	SEQC	permutation	
4465.0	0.09421166012323745	SEQC	permutation	
4466.0	0.03560749193530244	SEQC	permutation	
4467.0	0.170094440695562	SEQC	permutation	
4468.0	-0.02981811116568034	SEQC	permutation	
4469.0	0.09113893459915268	SEQC	permutation	
4470.0	0.04108999288708626	SEQC	permutation	
4471.0	-0.21002187013531426	SEQC	permutation	
4472.0	-0.12762240411721093	SEQC	permutation	
4473.0	0.024486868975446274	SEQC	permutation	
4474.0	-0.18859363793210493	SEQC	permutation	
4475.0	-0.019226951712777218	SEQC	permutation	
4476.0	-0.29985871304995726	SEQC	permutation	
4477.0	-0.014208453182538605	SEQC	permutation	
4478.0	-0.3290240452933624	SEQC	permutation	
4479.0	-0.18284386160580057	SEQC	permutation	
4480.0	0.1443495927245131	SEQC	permutation	
4481.0	-0.03481970212270369	SEQC	permutation	
4482.0	0.13153252973736862	SEQC	permutation	
4483.0	0.30011852006070106	SEQC	permutation	
4484.0	0.1508618194648208	SEQC	permutation	
4485.0	-0.18377708302749562	SEQC	permutation	
4486.0	0.10449705905561624	SEQC	permutation	
4487.0	-0.04005114177933855	SEQC	permutation	
4488.0	0.166465289015707	SEQC	permutation	
4489.0	-0.18502106923856454	SEQC	permutation	
4490.0	0.2880538205989507	SEQC	permutation	
4491.0	-0.11447982843923077	SEQC	permutation	
4492.0	0.21635243136322613	SEQC	permutation	
4493.0	0.14960883390150315	SEQC	permutation	
4494.0	0.035582502686929196	SEQC	permutation	
4495.0	0.1268880631749485	SEQC	permutation	
4496.0	-0.09177450663064057	SEQC	permutation	
4497.0	0.042253478432153546	SEQC	permutation	
4498.0	0.15111044784623306	SEQC	permutation	
4499.0	0.03273821511378916	SEQC	permutation	
4500.0	-0.3248378457187018	SEQC	permutation	
4501.0	0.043222646542807386	SEQC	permutation	
4502.0	-0.13077969435428294	SEQC	permutation	
4503.0	-0.0544584261075971	SEQC	permutation	
4504.0	-0.13459427165961113	SEQC	permutation	
4505.0	-0.07259190840535501	SEQC	permutation	
4506.0	-0.09045191560754517	SEQC	permutation	
4507.0	-0.22299486926227896	SEQC	permutation	
4508.0	0.27253166821331964	SEQC	permutation	
4509.0	-0.010061741214207665	SEQC	permutation	
4510.0	0.14237460699932747	SEQC	permutation	
4511.0	0.33127859797208314	SEQC	permutation	
4512.0	-0.21552875131637528	SEQC	permutation	
4513.0	0.05113675046617061	SEQC	permutation	
4514.0	0.11486676499797133	SEQC	permutation	
4515.0	-0.10185366780367433	SEQC	permutation	
4516.0	-0.00992720612113196	SEQC	permutation	
4517.0	0.3188124940569419	SEQC	permutation	
4518.0	0.06706185476802906	SEQC	permutation	
4519.0	0.0716016920155158	SEQC	permutation	
4520.0	0.06870434358368627	SEQC	permutation	
4521.0	0.0234064880912781	SEQC	permutation	
4522.0	0.01351385022727758	SEQC	permutation	
4523.0	0.06908812913548834	SEQC	permutation	
4524.0	0.046461603968185106	SEQC	permutation	
4525.0	-0.11558175580128793	SEQC	permutation	
4526.0	-0.25776460152590097	SEQC	permutation	
4527.0	0.06816788904691551	SEQC	permutation	
4528.0	0.020428379751501247	SEQC	permutation	
4529.0	0.18947023111736128	SEQC	permutation	
4530.0	-0.14238013262678662	SEQC	permutation	
4531.0	0.2703891671100651	SEQC	permutation	
4532.0	0.06891432473217352	SEQC	permutation	
4533.0	0.16580189738502948	SEQC	permutation	
4534.0	-0.044374870945645295	SEQC	permutation	
4535.0	-0.3015925650868798	SEQC	permutation	
4536.0	-0.18078912355008958	SEQC	permutation	
4537.0	0.2562044135749284	SEQC	permutation	
4538.0	-0.16239338559679695	SEQC	permutation	
4539.0	0.06539581267902861	SEQC	permutation	
4540.0	0.14719609011519452	SEQC	permutation	
4541.0	-0.18001637144706084	SEQC	permutation	
4542.0	0.23456752655049495	SEQC	permutation	
4543.0	0.05787674331382808	SEQC	permutation	
4544.0	0.24475697579991618	SEQC	permutation	
4545.0	-0.28295859055870753	SEQC	permutation	
4546.0	0.06617331173938767	SEQC	permutation	
4547.0	0.05795375778295586	SEQC	permutation	
4548.0	0.048895584182971685	SEQC	permutation	
4549.0	0.0853109805562231	SEQC	permutation	
4550.0	0.2225232974113891	SEQC	permutation	
4551.0	0.1184892706392513	SEQC	permutation	
4552.0	0.14374323205162476	SEQC	permutation	
4553.0	0.17592969298698424	SEQC	permutation	
4554.0	-0.01456530192478711	SEQC	permutation	
4555.0	0.051721853972723775	SEQC	permutation	
4556.0	0.16630075141224765	SEQC	permutation	
4557.0	-0.33086631730499994	SEQC	permutation	
4558.0	0.17258551910725517	SEQC	permutation	
4559.0	-0.17217675267266896	SEQC	permutation	
4560.0	-0.10613475118508475	SEQC	permutation	
4561.0	0.13822979548503778	SEQC	permutation	
4562.0	0.18582072902954216	SEQC	permutation	
4563.0	-0.3665482445788091	SEQC	permutation	
4564.0	0.025734278379032638	SEQC	permutation	
4565.0	0.16785396604967673	SEQC	permutation	
4566.0	-0.0340639290445095	SEQC	permutation	
4567.0	-0.23254689912774884	SEQC	permutation	
4568.0	0.03901560599131315	SEQC	permutation	
4569.0	0.22277179507477074	SEQC	permutation	
4570.0	-0.022679622466139193	SEQC	permutation	
4571.0	0.22561779602816268	SEQC	permutation	
4572.0	-0.04898282920049413	SEQC	permutation	
4573.0	0.043191817067008476	SEQC	permutation	
4574.0	0.1913337594043436	SEQC	permutation	
4575.0	-0.11616161575987194	SEQC	permutation	
4576.0	0.02194747968252031	SEQC	permutation	
4577.0	-0.029170802355653613	SEQC	permutation	
4578.0	0.053825688377878045	SEQC	permutation	
4579.0	-0.03393357716325873	SEQC	permutation	
4580.0	-0.010766850258320915	SEQC	permutation	
4581.0	0.07917900478684237	SEQC	permutation	
4582.0	-0.035834137693931734	SEQC	permutation	
4583.0	0.10253142341816357	SEQC	permutation	
4584.0	-0.016626411174446076	SEQC	permutation	
4585.0	0.026439658935113464	SEQC	permutation	
4586.0	-0.23535679198362658	SEQC	permutation	
4587.0	0.2779053491008803	SEQC	permutation	
4588.0	-0.011453289833068148	SEQC	permutation	
4589.0	0.10282285723022211	SEQC	permutation	
4590.0	0.03482544373891017	SEQC	permutation	
4591.0	-0.027108642042014797	SEQC	permutation	
4592.0	0.0989551054677098	SEQC	permutation	
4593.0	0.1012954058347888	SEQC	permutation	
4594.0	0.38609981494347645	SEQC	permutation	
4595.0	0.09881727182842193	SEQC	permutation	
4596.0	0.003923876957223182	SEQC	permutation	
4597.0	0.3056959093593523	SEQC	permutation	
4598.0	0.09579595830952625	SEQC	permutation	
4599.0	0.11369142057360548	SEQC	permutation	
4600.0	0.003928341289747728	SEQC	permutation	
4601.0	-0.20922067141180634	SEQC	permutation	
4602.0	0.10479375397427404	SEQC	permutation	
4603.0	0.28400001997858393	SEQC	permutation	
4604.0	-0.013828393207743428	SEQC	permutation	
4605.0	-0.16820097991831462	SEQC	permutation	
4606.0	-0.22981346686461324	SEQC	permutation	
4607.0	0.32005088780040625	SEQC	permutation	
4608.0	-0.16843168220790838	SEQC	permutation	
4609.0	-0.09997413179509573	SEQC	permutation	
4610.0	0.0890310599142965	SEQC	permutation	
4611.0	0.029134705019930873	SEQC	permutation	
4612.0	0.2434765266476666	SEQC	permutation	
4613.0	0.05016168513439734	SEQC	permutation	
4614.0	0.10300224510620248	SEQC	permutation	
4615.0	0.020784367704835383	SEQC	permutation	
4616.0	-0.07406655615669644	SEQC	permutation	
4617.0	0.049269089593812154	SEQC	permutation	
4618.0	-0.058293407499391936	SEQC	permutation	
4619.0	-0.01683467120970361	SEQC	permutation	
4620.0	0.06853629173698517	SEQC	permutation	
4621.0	-0.04385746931837664	SEQC	permutation	
4622.0	-0.02140730793636836	SEQC	permutation	
4623.0	0.2235047714191034	SEQC	permutation	
4624.0	0.40963541028947903	SEQC	permutation	
4625.0	0.31104701785707656	SEQC	permutation	
4626.0	-0.1112462021100118	SEQC	permutation	
4627.0	-0.07098961933719661	SEQC	permutation	
4628.0	0.09267764346474072	SEQC	permutation	
4629.0	-0.03733388032776652	SEQC	permutation	
4630.0	-0.1282042303621953	SEQC	permutation	
4631.0	-0.29583526661824155	SEQC	permutation	
4632.0	0.13205172106957308	SEQC	permutation	
4633.0	0.29492455683819463	SEQC	permutation	
4634.0	-0.08934591212083731	SEQC	permutation	
4635.0	0.2771746545732272	SEQC	permutation	
4636.0	0.07502863809667115	SEQC	permutation	
4637.0	0.02807597489399427	SEQC	permutation	
4638.0	0.1351703623136591	SEQC	permutation	
4639.0	-0.23345375923103395	SEQC	permutation	
4640.0	0.11703416828756419	SEQC	permutation	
4641.0	0.10559985276225525	SEQC	permutation	
4642.0	0.024189136081806062	SEQC	permutation	
4643.0	-0.16767823991865782	SEQC	permutation	
4644.0	0.02806452386399494	SEQC	permutation	
4645.0	0.42440621181823124	SEQC	permutation	
4646.0	0.08491700223874687	SEQC	permutation	
4647.0	-0.1422673779207697	SEQC	permutation	
4648.0	0.15469799447654875	SEQC	permutation	
4649.0	0.153692428146754	SEQC	permutation	
4650.0	0.41069218981251465	SEQC	permutation	
4651.0	-0.11764864607934067	SEQC	permutation	
4652.0	0.11992917844613293	SEQC	permutation	
4653.0	0.04516205868850065	SEQC	permutation	
4654.0	0.16317956123889976	SEQC	permutation	
4655.0	0.035756530789440966	SEQC	permutation	
4656.0	-0.021626553920929936	SEQC	permutation	
4657.0	-0.08058402563257783	SEQC	permutation	
4658.0	0.17524530801124039	SEQC	permutation	
4659.0	-0.026585617748148938	SEQC	permutation	
4660.0	0.20662313933624876	SEQC	permutation	
4661.0	0.21518192655912927	SEQC	permutation	
4662.0	0.3998483958360768	SEQC	permutation	
4663.0	-0.1159952248785645	SEQC	permutation	
4664.0	-0.29917936352449637	SEQC	permutation	
4665.0	0.049027211424572226	SEQC	permutation	
4666.0	0.29966930121491586	SEQC	permutation	
4667.0	-0.18073192607931743	SEQC	permutation	
4668.0	0.2648295953175688	SEQC	permutation	
4669.0	-0.2878780031350443	SEQC	permutation	
4670.0	0.04972321862169915	SEQC	permutation	
4671.0	-0.02910590211853714	SEQC	permutation	
4672.0	-0.15343471286791166	SEQC	permutation	
4673.0	-0.1565601275902897	SEQC	permutation	
4674.0	0.07961497883644464	SEQC	permutation	
4675.0	-0.07439428492039868	SEQC	permutation	
4676.0	-0.07690746977553209	SEQC	permutation	
4677.0	0.16260080272678712	SEQC	permutation	
4678.0	0.15788322036094016	SEQC	permutation	
4679.0	-0.08142582231666973	SEQC	permutation	
4680.0	0.22603951619161133	SEQC	permutation	
4681.0	-0.04477834099747113	SEQC	permutation	
4682.0	0.26641522768939474	SEQC	permutation	
4683.0	0.03433976985303078	SEQC	permutation	
4684.0	0.17786142082142264	SEQC	permutation	
4685.0	-0.020404080347783182	SEQC	permutation	
4686.0	0.14319765724613243	SEQC	permutation	
4687.0	0.24283113738827344	SEQC	permutation	
4688.0	0.37038071817854235	SEQC	permutation	
4689.0	0.3733360726026933	SEQC	permutation	
4690.0	0.05481187806517562	SEQC	permutation	
4691.0	-0.07421117348925277	SEQC	permutation	
4692.0	0.08835725196674904	SEQC	permutation	
4693.0	-0.22329010364855284	SEQC	permutation	
4694.0	0.1595345244708084	SEQC	permutation	
4695.0	-0.0203436526909595	SEQC	permutation	
4696.0	-0.26071804102419005	SEQC	permutation	
4697.0	0.10176430894227417	SEQC	permutation	
4698.0	0.1776225903645301	SEQC	permutation	
4699.0	0.02428156151402394	SEQC	permutation	
4700.0	-0.0938271808713651	SEQC	permutation	
4701.0	-0.1243142831070263	SEQC	permutation	
4702.0	-0.22435938504809005	SEQC	permutation	
4703.0	0.11688154453167243	SEQC	permutation	
4704.0	-0.1452755381326436	SEQC	permutation	
4705.0	0.046553324626551706	SEQC	permutation	
4706.0	0.1998160333876582	SEQC	permutation	
4707.0	0.1856201316969477	SEQC	permutation	
4708.0	0.17228915941192113	SEQC	permutation	
4709.0	0.30630329735343187	SEQC	permutation	
4710.0	-0.1336324536141964	SEQC	permutation	
4711.0	-0.3369680294622097	SEQC	permutation	
4712.0	0.55370447676207	SEQC	permutation	
4713.0	0.023655549206512916	SEQC	permutation	
4714.0	-0.410076175687212	SEQC	permutation	
4715.0	-0.06286507742671832	SEQC	permutation	
4716.0	0.01296195921077814	SEQC	permutation	
4717.0	0.0554807137579143	SEQC	permutation	
4718.0	-0.06953682431094421	SEQC	permutation	
4719.0	0.26508317837566775	SEQC	permutation	
4720.0	0.0664877738176557	SEQC	permutation	
4721.0	0.06814610515359609	SEQC	permutation	
4722.0	0.1915611562277113	SEQC	permutation	
4723.0	0.12874331258413685	SEQC	permutation	
4724.0	0.14371905131587814	SEQC	permutation	
4725.0	0.08972429169821483	SEQC	permutation	
4726.0	-0.12833796356126204	SEQC	permutation	
4727.0	0.05621436853957196	SEQC	permutation	
4728.0	0.13110215057061314	SEQC	permutation	
4729.0	0.19167664490830782	SEQC	permutation	
4730.0	0.029240776227173804	SEQC	permutation	
4731.0	0.07674173079903213	SEQC	permutation	
4732.0	-0.02674181512348417	SEQC	permutation	
4733.0	0.010131708784125948	SEQC	permutation	
4734.0	0.04540641945442436	SEQC	permutation	
4735.0	-0.3633053656858083	SEQC	permutation	
4736.0	0.17306182474163956	SEQC	permutation	
4737.0	-0.0450743472216959	SEQC	permutation	
4738.0	-0.13073974698959123	SEQC	permutation	
4739.0	-0.19098095403436322	SEQC	permutation	
4740.0	0.5390334707992297	SEQC	permutation	
4741.0	0.302746973195434	SEQC	permutation	
4742.0	-0.06210819598788042	SEQC	permutation	
4743.0	0.0035262275001173293	SEQC	permutation	
4744.0	-0.18313244081612767	SEQC	permutation	
4745.0	0.15666764096908725	SEQC	permutation	
4746.0	-0.15940712174178984	SEQC	permutation	
4747.0	-0.02391221104846286	SEQC	permutation	
4748.0	0.27516433602167867	SEQC	permutation	
4749.0	0.1255173510380141	SEQC	permutation	
4750.0	0.028438440817718735	SEQC	permutation	
4751.0	0.08486343070743985	SEQC	permutation	
4752.0	-0.17999700654374573	SEQC	permutation	
4753.0	0.48538690911297167	SEQC	permutation	
4754.0	0.1854285442399406	SEQC	permutation	
4755.0	-0.11719893571432971	SEQC	permutation	
4756.0	0.13954531766442235	SEQC	permutation	
4757.0	0.32881965001134184	SEQC	permutation	
4758.0	-0.16098208321197616	SEQC	permutation	
4759.0	0.06933276852954862	SEQC	permutation	
4760.0	0.16862979375999076	SEQC	permutation	
4761.0	0.060045424433033734	SEQC	permutation	
4762.0	0.22591775072607367	SEQC	permutation	
4763.0	-0.2165960863282459	SEQC	permutation	
4764.0	-0.15696543128765583	SEQC	permutation	
4765.0	0.13707408917570474	SEQC	permutation	
4766.0	0.07248027135895319	SEQC	permutation	
4767.0	0.05373330802355358	SEQC	permutation	
4768.0	-0.2141447172804556	SEQC	permutation	
4769.0	0.015242184334594455	SEQC	permutation	
4770.0	0.09239831330959003	SEQC	permutation	
4771.0	0.0686475468631067	SEQC	permutation	
4772.0	0.10745581882929978	SEQC	permutation	
4773.0	0.37525901410102325	SEQC	permutation	
4774.0	0.4387620122730138	SEQC	permutation	
4775.0	-0.14876103151533915	SEQC	permutation	
4776.0	0.05148791374375028	SEQC	permutation	
4777.0	-0.302337829889892	SEQC	permutation	
4778.0	0.024161968571196013	SEQC	permutation	
4779.0	0.07792932844897038	SEQC	permutation	
4780.0	0.0515273586649756	SEQC	permutation	
4781.0	0.004048331041561326	SEQC	permutation	
4782.0	0.043225843570755096	SEQC	permutation	
4783.0	0.13225825058817842	SEQC	permutation	
4784.0	-0.11173608923497191	SEQC	permutation	
4785.0	0.06298856369377637	SEQC	permutation	
4786.0	-0.14151485316382884	SEQC	permutation	
4787.0	-0.08250535579795626	SEQC	permutation	
4788.0	-0.0796252508959876	SEQC	permutation	
4789.0	-0.027383140570742093	SEQC	permutation	
4790.0	0.2545193837858566	SEQC	permutation	
4791.0	-0.18687276831942023	SEQC	permutation	
4792.0	0.0876158562136351	SEQC	permutation	
4793.0	0.12005307902581697	SEQC	permutation	
4794.0	-0.1205151856436868	SEQC	permutation	
4795.0	0.1367687177274033	SEQC	permutation	
4796.0	0.12977342459598962	SEQC	permutation	
4797.0	-0.012121519685991622	SEQC	permutation	
4798.0	-0.08224711409922492	SEQC	permutation	
4799.0	-0.029738647267611107	SEQC	permutation	
4800.0	0.1729744255426442	SEQC	permutation	
4801.0	-0.18376642099339424	SEQC	permutation	
4802.0	-0.032120962276268816	SEQC	permutation	
4803.0	0.2729315954598346	SEQC	permutation	
4804.0	-0.07250977076545873	SEQC	permutation	
4805.0	0.12426667749063114	SEQC	permutation	
4806.0	0.09038381698287257	SEQC	permutation	
4807.0	-0.06977750543026762	SEQC	permutation	
4808.0	0.2629009876491928	SEQC	permutation	
4809.0	-0.16105660186141302	SEQC	permutation	
4810.0	-0.05123194896213956	SEQC	permutation	
4811.0	-0.11702723482594468	SEQC	permutation	
4812.0	0.11980399603958736	SEQC	permutation	
4813.0	0.08300148447507238	SEQC	permutation	
4814.0	0.010362130825945393	SEQC	permutation	
4815.0	0.11007792549690842	SEQC	permutation	
4816.0	0.02293558715896893	SEQC	permutation	
4817.0	-0.04573448711090311	SEQC	permutation	
4818.0	0.07639476512685617	SEQC	permutation	
4819.0	-0.08379992875114484	SEQC	permutation	
4820.0	0.3939443969272318	SEQC	permutation	
4821.0	0.0048237117869534	SEQC	permutation	
4822.0	0.31641425878284224	SEQC	permutation	
4823.0	-0.02105189861572665	SEQC	permutation	
4824.0	-0.23142490976091334	SEQC	permutation	
4825.0	0.31333817287887067	SEQC	permutation	
4826.0	0.040964739695810604	SEQC	permutation	
4827.0	-0.07935984437548838	SEQC	permutation	
4828.0	0.07307898186043715	SEQC	permutation	
4829.0	0.22684126086676226	SEQC	permutation	
4830.0	0.14334636979538695	SEQC	permutation	
4831.0	-0.07309841787088445	SEQC	permutation	
4832.0	-0.013412622606665536	SEQC	permutation	
4833.0	-0.16742641756746668	SEQC	permutation	
4834.0	-0.027352945676390128	SEQC	permutation	
4835.0	-0.3302253504856001	SEQC	permutation	
4836.0	-0.34187317548019003	SEQC	permutation	
4837.0	0.1892456837885117	SEQC	permutation	
4838.0	0.04964149183765976	SEQC	permutation	
4839.0	0.16648374364107132	SEQC	permutation	
4840.0	0.1597785850034099	SEQC	permutation	
4841.0	0.12613010067607444	SEQC	permutation	
4842.0	-0.1572694201093663	SEQC	permutation	
4843.0	0.2520871958213049	SEQC	permutation	
4844.0	-0.3485240381099035	SEQC	permutation	
4845.0	0.06703429102953118	SEQC	permutation	
4846.0	0.031981907916336816	SEQC	permutation	
4847.0	0.18020829217463197	SEQC	permutation	
4848.0	-0.15901238280404684	SEQC	permutation	
4849.0	0.18803045183305933	SEQC	permutation	
4850.0	0.08009619433143023	SEQC	permutation	
4851.0	0.039129970989889795	SEQC	permutation	
4852.0	-0.0731160442313934	SEQC	permutation	
4853.0	-0.05434283696698605	SEQC	permutation	
4854.0	-0.07532327016300755	SEQC	permutation	
4855.0	0.03433307652907658	SEQC	permutation	
4856.0	0.14970593533622578	SEQC	permutation	
4857.0	0.01779678731958123	SEQC	permutation	
4858.0	-0.08866782747073154	SEQC	permutation	
4859.0	-0.07874892437658021	SEQC	permutation	
4860.0	0.12383639347554576	SEQC	permutation	
4861.0	-0.10460342213023743	SEQC	permutation	
4862.0	-0.027525225555571353	SEQC	permutation	
4863.0	-0.07149520595396641	SEQC	permutation	
4864.0	0.09869151280873201	SEQC	permutation	
4865.0	0.1435220668299757	SEQC	permutation	
4866.0	-0.30999017145064256	SEQC	permutation	
4867.0	-0.10912461631799175	SEQC	permutation	
4868.0	-0.04173217281754216	SEQC	permutation	
4869.0	0.13193532936504493	SEQC	permutation	
4870.0	-0.12692426506067056	SEQC	permutation	
4871.0	-0.28671109064641387	SEQC	permutation	
4872.0	0.07330655811408704	SEQC	permutation	
4873.0	-0.0352580672413314	SEQC	permutation	
4874.0	-0.06105342184359941	SEQC	permutation	
4875.0	-0.01532737606313761	SEQC	permutation	
4876.0	0.3098496579165566	SEQC	permutation	
4877.0	0.09901535347683632	SEQC	permutation	
4878.0	0.16171305571210803	SEQC	permutation	
4879.0	-0.14952491291976688	SEQC	permutation	
4880.0	-0.2787081259777282	SEQC	permutation	
4881.0	0.09542355623454446	SEQC	permutation	
4882.0	0.12422761205274213	SEQC	permutation	
4883.0	0.31158601366823824	SEQC	permutation	
4884.0	0.3159220984436888	SEQC	permutation	
4885.0	-0.15502894662804545	SEQC	permutation	
4886.0	-0.15356512545913947	SEQC	permutation	
4887.0	0.10856402186007763	SEQC	permutation	
4888.0	0.2746137638948891	SEQC	permutation	
4889.0	-0.10415337642025202	SEQC	permutation	
4890.0	-0.14847222034357355	SEQC	permutation	
4891.0	0.2813274556099623	SEQC	permutation	
4892.0	0.2767228164152753	SEQC	permutation	
4893.0	-0.10483797665497185	SEQC	permutation	
4894.0	0.06546226942191513	SEQC	permutation	
4895.0	-0.10252206633312566	SEQC	permutation	
4896.0	0.4543311295447485	SEQC	permutation	
4897.0	0.022053859290866118	SEQC	permutation	
4898.0	0.20734767869691773	SEQC	permutation	
4899.0	-0.09919913064924568	SEQC	permutation	
4900.0	0.5467954864759235	SEQC	permutation	
4901.0	-0.08422324146305948	SEQC	permutation	
4902.0	-0.026478110477168304	SEQC	permutation	
4903.0	0.48317772714024176	SEQC	permutation	
4904.0	-0.18690291022409378	SEQC	permutation	
4905.0	0.3247523700146844	SEQC	permutation	
4906.0	0.15367397331572752	SEQC	permutation	
4907.0	-0.33970343178482176	SEQC	permutation	
4908.0	-0.08900085359906162	SEQC	permutation	
4909.0	0.3622176072517247	SEQC	permutation	
4910.0	0.0076970408364616105	SEQC	permutation	
4911.0	0.16044920121361583	SEQC	permutation	
4912.0	0.2641702977032385	SEQC	permutation	
4913.0	-0.19869200215475802	SEQC	permutation	
4914.0	0.1402916602200004	SEQC	permutation	
4915.0	0.19424271237403534	SEQC	permutation	
4916.0	0.10349284794121738	SEQC	permutation	
4917.0	0.09813724219704012	SEQC	permutation	
4918.0	0.2900137829584608	SEQC	permutation	
4919.0	0.13878502773293633	SEQC	permutation	
4920.0	-0.14533813839263043	SEQC	permutation	
4921.0	-0.1306998507564492	SEQC	permutation	
4922.0	0.2368468123507541	SEQC	permutation	
4923.0	0.0814726327554629	SEQC	permutation	
4924.0	0.25589638332180353	SEQC	permutation	
4925.0	0.21977086138005708	SEQC	permutation	
4926.0	0.07814705701225089	SEQC	permutation	
4927.0	0.13536709370780553	SEQC	permutation	
4928.0	-0.0008568467668288449	SEQC	permutation	
4929.0	0.10139187914750902	SEQC	permutation	
4930.0	0.033267020273123116	SEQC	permutation	
4931.0	-0.010004762380967591	SEQC	permutation	
4932.0	-0.06181624643464856	SEQC	permutation	
4933.0	-0.09378481638365654	SEQC	permutation	
4934.0	-0.16978296003590776	SEQC	permutation	
4935.0	-0.0747201785992444	SEQC	permutation	
4936.0	0.20196571899090676	SEQC	permutation	
4937.0	0.16426204676830913	SEQC	permutation	
4938.0	-0.004781511508479497	SEQC	permutation	
4939.0	0.16145120436771387	SEQC	permutation	
4940.0	0.13257996532444638	SEQC	permutation	
4941.0	-0.11734962569756124	SEQC	permutation	
4942.0	0.2293822771066587	SEQC	permutation	
4943.0	-0.0897974851215797	SEQC	permutation	
4944.0	-0.10146994608504922	SEQC	permutation	
4945.0	0.0047644169246137125	SEQC	permutation	
4946.0	0.054945101204393776	SEQC	permutation	
4947.0	0.4185455534024749	SEQC	permutation	
4948.0	0.17309583366785386	SEQC	permutation	
4949.0	0.03904107807659685	SEQC	permutation	
4950.0	0.1754269248686029	SEQC	permutation	
4951.0	-0.04190869386166041	SEQC	permutation	
4952.0	-0.18847644598426383	SEQC	permutation	
4953.0	0.11928140552830602	SEQC	permutation	
4954.0	0.2375402776156177	SEQC	permutation	
4955.0	-0.014058948788188808	SEQC	permutation	
4956.0	-0.15504876768063003	SEQC	permutation	
4957.0	-0.03328600529582726	SEQC	permutation	
4958.0	0.10263833721574356	SEQC	permutation	
4959.0	0.03647566400011515	SEQC	permutation	
4960.0	-0.09472329852859751	SEQC	permutation	
4961.0	0.08985802161329692	SEQC	permutation	
4962.0	-0.3067010334495488	SEQC	permutation	
4963.0	-0.19515877809858528	SEQC	permutation	
4964.0	0.1798119164840335	SEQC	permutation	
4965.0	-0.22425787159360677	SEQC	permutation	
4966.0	-0.012800879145736577	SEQC	permutation	
4967.0	-0.05098630966719986	SEQC	permutation	
4968.0	0.14562496092359334	SEQC	permutation	
4969.0	-0.05222763463223856	SEQC	permutation	
4970.0	-0.058034970830764365	SEQC	permutation	
4971.0	0.017727609566457136	SEQC	permutation	
4972.0	-0.029267743201355945	SEQC	permutation	
4973.0	0.42019494571265703	SEQC	permutation	
4974.0	-0.2500064352281268	SEQC	permutation	
4975.0	0.0750382350646066	SEQC	permutation	
4976.0	-0.1890329793889567	SEQC	permutation	
4977.0	0.19018405039480868	SEQC	permutation	
4978.0	-0.16703721222823775	SEQC	permutation	
4979.0	0.4232759812002911	SEQC	permutation	
4980.0	0.07088672563067355	SEQC	permutation	
4981.0	-0.2882701504631564	SEQC	permutation	
4982.0	-0.1373126924971073	SEQC	permutation	
4983.0	0.35745999504118364	SEQC	permutation	
4984.0	0.15034432801841158	SEQC	permutation	
4985.0	-0.18900368404857293	SEQC	permutation	
4986.0	0.0727010054524353	SEQC	permutation	
4987.0	0.06963246682443991	SEQC	permutation	
4988.0	-0.2977682309149401	SEQC	permutation	
4989.0	-0.09674248325061274	SEQC	permutation	
4990.0	0.08768087989372031	SEQC	permutation	
4991.0	0.17117828656544365	SEQC	permutation	
4992.0	0.3198360624452561	SEQC	permutation	
4993.0	-0.017147669264244048	SEQC	permutation	
4994.0	-0.062317004826647704	SEQC	permutation	
4995.0	0.2642187827131406	SEQC	permutation	
4996.0	-0.11723847616264127	SEQC	permutation	
4997.0	0.09173107584752405	SEQC	permutation	
4998.0	0.04061201553238991	SEQC	permutation	
4999.0	0.027767264610817133	SEQC	permutation	
5000.0	0.38673950379791133	SEQC	permutation	
	0.21402679964446403	SEQC	bootstrap	1.0
	0.21658276848291047	SEQC	bootstrap	2.0
	0.2993374557897419	SEQC	bootstrap	3.0
	0.38975365194259926	SEQC	bootstrap	4.0
	0.30632444717178364	SEQC	bootstrap	5.0
	0.3253347573666385	SEQC	bootstrap	6.0
	0.3511267185633198	SEQC	bootstrap	7.0
	0.07010802286328888	SEQC	bootstrap	8.0
	0.47331883172465306	SEQC	bootstrap	9.0
	0.2591548476118697	SEQC	bootstrap	10.0
	0.17236996516084346	SEQC	bootstrap	11.0
	0.4013903088541242	SEQC	bootstrap	12.0
	0.22701152950654846	SEQC	bootstrap	13.0
	0.5794971558890021	SEQC	bootstrap	14.0
	0.06060316853354486	SEQC	bootstrap	15.0
	-0.014031338509935765	SEQC	bootstrap	16.0
	0.22340302870848916	SEQC	bootstrap	17.0
	0.0067134373162156535	SEQC	bootstrap	18.0
	0.1527860252752391	SEQC	bootstrap	19.0
	0.27124645151810967	SEQC	bootstrap	20.0
	0.2773235035683044	SEQC	bootstrap	21.0
	0.3482773785171718	SEQC	bootstrap	22.0
	0.4978474474773318	SEQC	bootstrap	23.0
	0.23835098531179666	SEQC	bootstrap	24.0
	0.3742520981491282	SEQC	bootstrap	25.0
	0.3848448326018623	SEQC	bootstrap	26.0
	0.19931123228467484	SEQC	bootstrap	27.0
	-0.038505492913661676	SEQC	bootstrap	28.0
	0.26366083729443535	SEQC	bootstrap	29.0
	0.30190561473427957	SEQC	bootstrap	30.0
	0.32943554115904616	SEQC	bootstrap	31.0
	0.3906681516417865	SEQC	bootstrap	32.0
	0.0558046317895915	SEQC	bootstrap	33.0
	0.3847475170770518	SEQC	bootstrap	34.0
	0.18400430593027206	SEQC	bootstrap	35.0
	0.4668928738348339	SEQC	bootstrap	36.0
	0.16746794503176243	SEQC	bootstrap	37.0
	0.1816068936316162	SEQC	bootstrap	38.0
	0.20055847964666684	SEQC	bootstrap	39.0
	0.15340193620806453	SEQC	bootstrap	40.0
	0.3277635389064941	SEQC	bootstrap	41.0
	0.3790512767219667	SEQC	bootstrap	42.0
	0.3023278236930169	SEQC	bootstrap	43.0
	0.1303344659748742	SEQC	bootstrap	44.0
	0.19455874319118083	SEQC	bootstrap	45.0
	0.3433121198209452	SEQC	bootstrap	46.0
	0.18395259178938916	SEQC	bootstrap	47.0
	-0.03208535022877834	SEQC	bootstrap	48.0
	0.10464962446772841	SEQC	bootstrap	49.0
	0.09482128976702953	SEQC	bootstrap	50.0
	0.042839961700516405	SEQC	bootstrap	51.0
	0.10804562902089732	SEQC	bootstrap	52.0
	0.6074855440179383	SEQC	bootstrap	53.0
	0.2809583208560973	SEQC	bootstrap	54.0
	0.5820182164690699	SEQC	bootstrap	55.0
	0.16173503265196265	SEQC	bootstrap	56.0
	0.18117706162345293	SEQC	bootstrap	57.0
	0.4732508248479159	SEQC	bootstrap	58.0
	0.22319499871353177	SEQC	bootstrap	59.0
	0.26310429656289314	SEQC	bootstrap	60.0
	0.2967633772660596	SEQC	bootstrap	61.0
	0.04364401152998543	SEQC	bootstrap	62.0
	0.32562131590949717	SEQC	bootstrap	63.0
	-0.007667939664926404	SEQC	bootstrap	64.0
	0.2979698340096619	SEQC	bootstrap	65.0
	0.2835500311324459	SEQC	bootstrap	66.0
	0.26812268873631995	SEQC	bootstrap	67.0
	0.20263324151958884	SEQC	bootstrap	68.0
	0.034781448386010716	SEQC	bootstrap	69.0
	0.12807534137672327	SEQC	bootstrap	70.0
	0.13102791293669025	SEQC	bootstrap	71.0
	0.45304593387376624	SEQC	bootstrap	72.0
	0.4332135808463087	SEQC	bootstrap	73.0
	0.2067062447523922	SEQC	bootstrap	74.0
	0.4106282682799831	SEQC	bootstrap	75.0
	0.15743486494603287	SEQC	bootstrap	76.0
	0.6803658035758722	SEQC	bootstrap	77.0
	0.3879016433176541	SEQC	bootstrap	78.0
	0.399592392948493	SEQC	bootstrap	79.0
	0.1675287664192	SEQC	bootstrap	80.0
	0.25870240048329585	SEQC	bootstrap	81.0
	0.12663694691797955	SEQC	bootstrap	82.0
	0.33854099424474837	SEQC	bootstrap	83.0
	0.22714425216429657	SEQC	bootstrap	84.0
	0.08964938584232662	SEQC	bootstrap	85.0
	0.22238566014260241	SEQC	bootstrap	86.0
	0.25705605966414424	SEQC	bootstrap	87.0
	0.4678163241103368	SEQC	bootstrap	88.0
	0.0519986434400157	SEQC	bootstrap	89.0
	0.12112829257535607	SEQC	bootstrap	90.0
	0.1377990562423257	SEQC	bootstrap	91.0
	0.09864270640085948	SEQC	bootstrap	92.0
	0.07794025789399495	SEQC	bootstrap	93.0
	0.1201834694556414	SEQC	bootstrap	94.0
	0.2431594251267768	SEQC	bootstrap	95.0
	0.2538986318795118	SEQC	bootstrap	96.0
	0.5055678060710909	SEQC	bootstrap	97.0
	0.11855331494830779	SEQC	bootstrap	98.0
	0.19203038820820595	SEQC	bootstrap	99.0
	0.20167290705474894	SEQC	bootstrap	100.0
	0.2565269927981464	SEQC	bootstrap	101.0
	0.5132431825162684	SEQC	bootstrap	102.0
	0.135739482450131	SEQC	bootstrap	103.0
	0.3525344125691001	SEQC	bootstrap	104.0
	0.3869220415002945	SEQC	bootstrap	105.0
	0.30469748433899513	SEQC	bootstrap	106.0
	0.3058571577087954	SEQC	bootstrap	107.0
	0.18541993890922104	SEQC	bootstrap	108.0
	-0.2315262101079738	SEQC	bootstrap	109.0
	0.2645906458615013	SEQC	bootstrap	110.0
	0.24791654149151432	SEQC	bootstrap	111.0
	0.17614434705024484	SEQC	bootstrap	112.0
	0.4972765312933314	SEQC	bootstrap	113.0
	0.46204598630430205	SEQC	bootstrap	114.0
	0.33355287840166836	SEQC	bootstrap	115.0
	0.09155135401241754	SEQC	bootstrap	116.0
	0.20287223036730007	SEQC	bootstrap	117.0
	0.4006366596602269	SEQC	bootstrap	118.0
	0.4541861379779144	SEQC	bootstrap	119.0
	0.32083549425582136	SEQC	bootstrap	120.0
	0.34088376999867886	SEQC	bootstrap	121.0
	0.16997578185078233	SEQC	bootstrap	122.0
	0.3823630772898561	SEQC	bootstrap	123.0
	0.13492465697263079	SEQC	bootstrap	124.0
	0.18026833276495413	SEQC	bootstrap	125.0
	0.18492544373104192	SEQC	bootstrap	126.0
	0.4565818268039763	SEQC	bootstrap	127.0
	0.30362292869619534	SEQC	bootstrap	128.0
	0.1670960221888973	SEQC	bootstrap	129.0
	0.11908327001774222	SEQC	bootstrap	130.0
	0.2905482918739777	SEQC	bootstrap	131.0
	0.28011359865228425	SEQC	bootstrap	132.0
	0.5391498661389216	SEQC	bootstrap	133.0
	0.2648301934392272	SEQC	bootstrap	134.0
	0.5038683350119451	SEQC	bootstrap	135.0
	0.1191676755465223	SEQC	bootstrap	136.0
	0.3784884296377995	SEQC	bootstrap	137.0
	0.32988417389721825	SEQC	bootstrap	138.0
	0.2852140822056275	SEQC	bootstrap	139.0
	0.19677943466253334	SEQC	bootstrap	140.0
	0.4737835051413457	SEQC	bootstrap	141.0
	0.3754855856154231	SEQC	bootstrap	142.0
	0.10302190942009881	SEQC	bootstrap	143.0
	0.24488947674356876	SEQC	bootstrap	144.0
	0.09250402024156834	SEQC	bootstrap	145.0
	0.17556128690174688	SEQC	bootstrap	146.0
	0.2918167979049566	SEQC	bootstrap	147.0
	0.22316691330537974	SEQC	bootstrap	148.0
	0.3609831099588976	SEQC	bootstrap	149.0
	0.35974248272660514	SEQC	bootstrap	150.0
	0.28060005420312706	SEQC	bootstrap	151.0
	0.653887292528962	SEQC	bootstrap	152.0
	0.4464730972152311	SEQC	bootstrap	153.0
	0.3149577222196136	SEQC	bootstrap	154.0
	0.39779609173920916	SEQC	bootstrap	155.0
	0.09180009943068956	SEQC	bootstrap	156.0
	0.12489630460519896	SEQC	bootstrap	157.0
	0.6370662452252751	SEQC	bootstrap	158.0
	0.10629512312254485	SEQC	bootstrap	159.0
	0.34846286241661417	SEQC	bootstrap	160.0
	0.27623378529058495	SEQC	bootstrap	161.0
	0.32698016889382275	SEQC	bootstrap	162.0
	0.19686763510417382	SEQC	bootstrap	163.0
	0.24078045282634175	SEQC	bootstrap	164.0
	0.002940448159346687	SEQC	bootstrap	165.0
	0.38000226207423804	SEQC	bootstrap	166.0
	0.13069318156869247	SEQC	bootstrap	167.0
	0.2968506282147496	SEQC	bootstrap	168.0
	0.44356188368046157	SEQC	bootstrap	169.0
	0.15480257051200752	SEQC	bootstrap	170.0
	0.43127354002155194	SEQC	bootstrap	171.0
	0.16563048053381646	SEQC	bootstrap	172.0
	0.6490551387570074	SEQC	bootstrap	173.0
	0.3759248552588992	SEQC	bootstrap	174.0
	0.3738448852300733	SEQC	bootstrap	175.0
	0.08930425655434826	SEQC	bootstrap	176.0
	0.06535234329111894	SEQC	bootstrap	177.0
	0.38466070503132466	SEQC	bootstrap	178.0
	0.2783320920923944	SEQC	bootstrap	179.0
	-0.11734253254285676	SEQC	bootstrap	180.0
	-0.02503906122165933	SEQC	bootstrap	181.0
	0.4062823407663254	SEQC	bootstrap	182.0
	0.060373535626062846	SEQC	bootstrap	183.0
	-0.06097228350814232	SEQC	bootstrap	184.0
	-0.0075886243553950905	SEQC	bootstrap	185.0
	0.625674441683028	SEQC	bootstrap	186.0
	0.2156123056991408	SEQC	bootstrap	187.0
	0.16988110865817596	SEQC	bootstrap	188.0
	0.36054072158374595	SEQC	bootstrap	189.0
	-0.09929626067330677	SEQC	bootstrap	190.0
	0.1928704035460802	SEQC	bootstrap	191.0
	0.1045254730755194	SEQC	bootstrap	192.0
	0.262701271397102	SEQC	bootstrap	193.0
	0.31944048299246575	SEQC	bootstrap	194.0
	0.21403332122726582	SEQC	bootstrap	195.0
	0.3690910333031088	SEQC	bootstrap	196.0
	0.6537089543363441	SEQC	bootstrap	197.0
	0.2753793961939728	SEQC	bootstrap	198.0
	0.6553209900406691	SEQC	bootstrap	199.0
	0.23539917957566248	SEQC	bootstrap	200.0
	0.2636220889555787	SEQC	bootstrap	201.0
	0.21443774074959654	SEQC	bootstrap	202.0
	0.4099293836371407	SEQC	bootstrap	203.0
	0.14924551446585044	SEQC	bootstrap	204.0
	0.31732899350909927	SEQC	bootstrap	205.0
	-0.10434732816975334	SEQC	bootstrap	206.0
	0.1257018068040754	SEQC	bootstrap	207.0
	0.45095985104009184	SEQC	bootstrap	208.0
	0.5958171897272955	SEQC	bootstrap	209.0
	0.34276533039969515	SEQC	bootstrap	210.0
	0.11463300237111618	SEQC	bootstrap	211.0
	0.3905597595860195	SEQC	bootstrap	212.0
	0.05824894101151745	SEQC	bootstrap	213.0
	0.40411427263696886	SEQC	bootstrap	214.0
	0.22963382385845676	SEQC	bootstrap	215.0
	0.03455980134095071	SEQC	bootstrap	216.0
	0.290375667006153	SEQC	bootstrap	217.0
	0.2045137459668367	SEQC	bootstrap	218.0
	0.2417546618330002	SEQC	bootstrap	219.0
	0.19149940173802582	SEQC	bootstrap	220.0
	0.26430518896551725	SEQC	bootstrap	221.0
	0.2529738827806125	SEQC	bootstrap	222.0
	0.3308892263974901	SEQC	bootstrap	223.0
	0.16191237474535303	SEQC	bootstrap	224.0
	0.09767800896177858	SEQC	bootstrap	225.0
	0.26192191414887267	SEQC	bootstrap	226.0
	0.41792899055256116	SEQC	bootstrap	227.0
	0.24476709040394917	SEQC	bootstrap	228.0
	0.7385866506091854	SEQC	bootstrap	229.0
	0.21156131593212812	SEQC	bootstrap	230.0
	0.30868559338742996	SEQC	bootstrap	231.0
	0.3639696927436211	SEQC	bootstrap	232.0
	0.3883475231093394	SEQC	bootstrap	233.0
	0.2627984840821065	SEQC	bootstrap	234.0
	0.01968431808602844	SEQC	bootstrap	235.0
	0.37650273423081293	SEQC	bootstrap	236.0
	0.15813647406625897	SEQC	bootstrap	237.0
	0.28510467662348216	SEQC	bootstrap	238.0
	0.22987326692407573	SEQC	bootstrap	239.0
	0.30054911953483376	SEQC	bootstrap	240.0
	0.3874736067810822	SEQC	bootstrap	241.0
	0.19099389866646055	SEQC	bootstrap	242.0
	0.2433112530350714	SEQC	bootstrap	243.0
	0.25323798646590046	SEQC	bootstrap	244.0
	0.15285988099377157	SEQC	bootstrap	245.0
	0.33107428745278744	SEQC	bootstrap	246.0
	0.3014780535919299	SEQC	bootstrap	247.0
	0.44292897546250876	SEQC	bootstrap	248.0
	0.2515710333876906	SEQC	bootstrap	249.0
	0.2145875626987932	SEQC	bootstrap	250.0
	0.18668009664639262	SEQC	bootstrap	251.0
	0.3675233225903578	SEQC	bootstrap	252.0
	0.2856218865737463	SEQC	bootstrap	253.0
	0.09138929182671163	SEQC	bootstrap	254.0
	0.17812976305668782	SEQC	bootstrap	255.0
	0.24363782433252323	SEQC	bootstrap	256.0
	0.0013811670379890728	SEQC	bootstrap	257.0
	0.02309275490113638	SEQC	bootstrap	258.0
	0.0031340683925327184	SEQC	bootstrap	259.0
	0.04183129028919952	SEQC	bootstrap	260.0
	0.12135821633598098	SEQC	bootstrap	261.0
	0.2785825436200047	SEQC	bootstrap	262.0
	0.19353267838177768	SEQC	bootstrap	263.0
	0.42080852101387967	SEQC	bootstrap	264.0
	0.27391252668108157	SEQC	bootstrap	265.0
	0.27649195345191435	SEQC	bootstrap	266.0
	0.22524431764897956	SEQC	bootstrap	267.0
	0.08617359346022457	SEQC	bootstrap	268.0
	0.18109129745607166	SEQC	bootstrap	269.0
	0.34593443093961174	SEQC	bootstrap	270.0
	-0.014412016178396492	SEQC	bootstrap	271.0
	0.25518683063706593	SEQC	bootstrap	272.0
	0.4457613902652482	SEQC	bootstrap	273.0
	0.20361080168904477	SEQC	bootstrap	274.0
	0.397479011447194	SEQC	bootstrap	275.0
	0.12517757110839067	SEQC	bootstrap	276.0
	0.034220828833027905	SEQC	bootstrap	277.0
	0.35813776366651773	SEQC	bootstrap	278.0
	0.3593911133096146	SEQC	bootstrap	279.0
	0.2454971915216504	SEQC	bootstrap	280.0
	0.16267771370558304	SEQC	bootstrap	281.0
	0.15203337439252262	SEQC	bootstrap	282.0
	0.24993275084340238	SEQC	bootstrap	283.0
	0.42698631076755955	SEQC	bootstrap	284.0
	0.38667686554400404	SEQC	bootstrap	285.0
	0.5022179339108481	SEQC	bootstrap	286.0
	0.03440731851845191	SEQC	bootstrap	287.0
	0.34249538592867745	SEQC	bootstrap	288.0
	0.04834177029318054	SEQC	bootstrap	289.0
	0.15380463442566183	SEQC	bootstrap	290.0
	0.2610313946481613	SEQC	bootstrap	291.0
	0.1261611716423321	SEQC	bootstrap	292.0
	0.43765586402840473	SEQC	bootstrap	293.0
	0.42770003366742104	SEQC	bootstrap	294.0
	0.339780313144038	SEQC	bootstrap	295.0
	0.2818689643185621	SEQC	bootstrap	296.0
	0.1166058328922599	SEQC	bootstrap	297.0
	0.63875159041753	SEQC	bootstrap	298.0
	0.2346577833404102	SEQC	bootstrap	299.0
	0.21171510167650398	SEQC	bootstrap	300.0
	0.23773498448053498	SEQC	bootstrap	301.0
	0.21824369588624526	SEQC	bootstrap	302.0
	0.41238341093556397	SEQC	bootstrap	303.0
	0.21404256732460336	SEQC	bootstrap	304.0
	0.47524050505793136	SEQC	bootstrap	305.0
	0.07226453988627402	SEQC	bootstrap	306.0
	0.35380114811564134	SEQC	bootstrap	307.0
	0.4883416887876595	SEQC	bootstrap	308.0
	0.0865791178454196	SEQC	bootstrap	309.0
	0.3415480694340305	SEQC	bootstrap	310.0
	0.20199838746664422	SEQC	bootstrap	311.0
	0.3093998293722926	SEQC	bootstrap	312.0
	0.23970886088679588	SEQC	bootstrap	313.0
	0.4011149250563113	SEQC	bootstrap	314.0
	0.41037709334482386	SEQC	bootstrap	315.0
	0.15519468465340935	SEQC	bootstrap	316.0
	0.26627288731235366	SEQC	bootstrap	317.0
	0.2582313604254325	SEQC	bootstrap	318.0
	-0.09801639305659515	SEQC	bootstrap	319.0
	0.40231383978334323	SEQC	bootstrap	320.0
	0.38204468707699757	SEQC	bootstrap	321.0
	0.5503295367779688	SEQC	bootstrap	322.0
	0.34836144496051835	SEQC	bootstrap	323.0
	0.32056256574487607	SEQC	bootstrap	324.0
	0.24245733875348074	SEQC	bootstrap	325.0
	0.239639667839751	SEQC	bootstrap	326.0
	0.44496861198160254	SEQC	bootstrap	327.0
	0.20185539100903283	SEQC	bootstrap	328.0
	0.0433673818391922	SEQC	bootstrap	329.0
	0.4599519203270299	SEQC	bootstrap	330.0
	0.24079699707067936	SEQC	bootstrap	331.0
	0.5237894194836299	SEQC	bootstrap	332.0
	0.22659660102060064	SEQC	bootstrap	333.0
	0.10812634903548535	SEQC	bootstrap	334.0
	0.14943098211671701	SEQC	bootstrap	335.0
	0.36886883540450643	SEQC	bootstrap	336.0
	0.024815125001850014	SEQC	bootstrap	337.0
	0.20468612382766738	SEQC	bootstrap	338.0
	0.3648302806231154	SEQC	bootstrap	339.0
	0.04095859859351769	SEQC	bootstrap	340.0
	0.4785372065945346	SEQC	bootstrap	341.0
	0.05431243395031693	SEQC	bootstrap	342.0
	0.3579438345299266	SEQC	bootstrap	343.0
	0.5500773169953224	SEQC	bootstrap	344.0
	0.13721249493357934	SEQC	bootstrap	345.0
	0.3454618978605515	SEQC	bootstrap	346.0
	0.20919029356005936	SEQC	bootstrap	347.0
	0.3767250350263547	SEQC	bootstrap	348.0
	0.11806798098105542	SEQC	bootstrap	349.0
	0.23050808223982644	SEQC	bootstrap	350.0
	0.33266155639521333	SEQC	bootstrap	351.0
	0.5767592775626125	SEQC	bootstrap	352.0
	0.40909728530521017	SEQC	bootstrap	353.0
	0.5166833396247483	SEQC	bootstrap	354.0
	0.24479076582267822	SEQC	bootstrap	355.0
	-0.019001701374253166	SEQC	bootstrap	356.0
	0.457097223956624	SEQC	bootstrap	357.0
	0.5896307648001131	SEQC	bootstrap	358.0
	0.21242590904783132	SEQC	bootstrap	359.0
	0.0377504297571698	SEQC	bootstrap	360.0
	0.38027697712093644	SEQC	bootstrap	361.0
	-0.013098795955588383	SEQC	bootstrap	362.0
	0.3714023453552504	SEQC	bootstrap	363.0
	0.0961453925251683	SEQC	bootstrap	364.0
	0.36662295303569703	SEQC	bootstrap	365.0
	0.26571673678106755	SEQC	bootstrap	366.0
	0.3112569353791885	SEQC	bootstrap	367.0
	0.24666540851442598	SEQC	bootstrap	368.0
	0.12994210423715602	SEQC	bootstrap	369.0
	0.33910686228423614	SEQC	bootstrap	370.0
	0.43106928803013655	SEQC	bootstrap	371.0
	-0.1379161537528173	SEQC	bootstrap	372.0
	0.2550456553069411	SEQC	bootstrap	373.0
	0.2737460618045304	SEQC	bootstrap	374.0
	0.36215359045840767	SEQC	bootstrap	375.0
	0.1719691695806942	SEQC	bootstrap	376.0
	0.3519817875281106	SEQC	bootstrap	377.0
	0.32595229910946477	SEQC	bootstrap	378.0
	0.2944356428000736	SEQC	bootstrap	379.0
	0.35889928513672587	SEQC	bootstrap	380.0
	0.17908844361139975	SEQC	bootstrap	381.0
	0.14288370914370896	SEQC	bootstrap	382.0
	0.21359150157890916	SEQC	bootstrap	383.0
	0.3011411939849582	SEQC	bootstrap	384.0
	0.008753347379917287	SEQC	bootstrap	385.0
	0.41015827090248935	SEQC	bootstrap	386.0
	0.19647000529307723	SEQC	bootstrap	387.0
	0.1998037493150555	SEQC	bootstrap	388.0
	0.027054939056187166	SEQC	bootstrap	389.0
	0.3057819241916282	SEQC	bootstrap	390.0
	0.3761994540888747	SEQC	bootstrap	391.0
	0.11453245918624244	SEQC	bootstrap	392.0
	0.29435619632138454	SEQC	bootstrap	393.0
	0.1562332043780419	SEQC	bootstrap	394.0
	0.2734710129914899	SEQC	bootstrap	395.0
	0.1486156054015213	SEQC	bootstrap	396.0
	0.3024064321977278	SEQC	bootstrap	397.0
	0.5304662866736911	SEQC	bootstrap	398.0
	0.36182179789335756	SEQC	bootstrap	399.0
	0.26791134156606145	SEQC	bootstrap	400.0
	-0.07312371315254707	SEQC	bootstrap	401.0
	0.16397642129364076	SEQC	bootstrap	402.0
	0.41439800067507626	SEQC	bootstrap	403.0
	0.3947809655110852	SEQC	bootstrap	404.0
	0.4139192329416508	SEQC	bootstrap	405.0
	0.1539455565137109	SEQC	bootstrap	406.0
	0.11398064241319172	SEQC	bootstrap	407.0
	0.19139481329660057	SEQC	bootstrap	408.0
	0.3658237161540643	SEQC	bootstrap	409.0
	0.19658591621935173	SEQC	bootstrap	410.0
	0.2671543528089888	SEQC	bootstrap	411.0
	0.24804592613769216	SEQC	bootstrap	412.0
	0.28463890768845035	SEQC	bootstrap	413.0
	0.435126730146298	SEQC	bootstrap	414.0
	0.27304952576289443	SEQC	bootstrap	415.0
	-0.09746926561178704	SEQC	bootstrap	416.0
	0.2634914073180781	SEQC	bootstrap	417.0
	0.20701911581000765	SEQC	bootstrap	418.0
	0.36350267248959334	SEQC	bootstrap	419.0
	-0.0498977523755153	SEQC	bootstrap	420.0
	0.49038794309501155	SEQC	bootstrap	421.0
	0.5055535543539884	SEQC	bootstrap	422.0
	-0.05681199414836868	SEQC	bootstrap	423.0
	0.44171870282417736	SEQC	bootstrap	424.0
	0.28197287642283	SEQC	bootstrap	425.0
	0.300669560846786	SEQC	bootstrap	426.0
	0.3507365627753489	SEQC	bootstrap	427.0
	0.5446808138346007	SEQC	bootstrap	428.0
	0.18657751452341564	SEQC	bootstrap	429.0
	0.5646179283391626	SEQC	bootstrap	430.0
	0.21225192393121084	SEQC	bootstrap	431.0
	-0.032839657590872484	SEQC	bootstrap	432.0
	0.0976543637607592	SEQC	bootstrap	433.0
	0.49774922515088127	SEQC	bootstrap	434.0
	0.1395145676863061	SEQC	bootstrap	435.0
	0.09576071241072404	SEQC	bootstrap	436.0
	-0.021506903846705505	SEQC	bootstrap	437.0
	0.40963345009900776	SEQC	bootstrap	438.0
	0.32260241313667404	SEQC	bootstrap	439.0
	0.5006298405392213	SEQC	bootstrap	440.0
	0.3144897823298982	SEQC	bootstrap	441.0
	0.24365942812596497	SEQC	bootstrap	442.0
	0.44713667052797934	SEQC	bootstrap	443.0
	0.3342722833397911	SEQC	bootstrap	444.0
	0.3984832989821565	SEQC	bootstrap	445.0
	0.18804618691325414	SEQC	bootstrap	446.0
	0.6024325548879417	SEQC	bootstrap	447.0
	0.0848508207194687	SEQC	bootstrap	448.0
	0.49175625312823046	SEQC	bootstrap	449.0
	0.019939796858298386	SEQC	bootstrap	450.0
	0.10646769375389109	SEQC	bootstrap	451.0
	0.301965484746356	SEQC	bootstrap	452.0
	0.28179545616918267	SEQC	bootstrap	453.0
	0.23950467963739186	SEQC	bootstrap	454.0
	0.3815218764615782	SEQC	bootstrap	455.0
	-0.060150877600124275	SEQC	bootstrap	456.0
	0.3140566020439395	SEQC	bootstrap	457.0
	0.2289981316149028	SEQC	bootstrap	458.0
	0.1650854958343828	SEQC	bootstrap	459.0
	0.32683793519879867	SEQC	bootstrap	460.0
	0.05130404596833893	SEQC	bootstrap	461.0
	0.06790592871079726	SEQC	bootstrap	462.0
	0.34717041254176095	SEQC	bootstrap	463.0
	0.47402030953085683	SEQC	bootstrap	464.0
	0.2409350132728214	SEQC	bootstrap	465.0
	0.36708760040899513	SEQC	bootstrap	466.0
	-0.08794575155403095	SEQC	bootstrap	467.0
	0.06659581634905498	SEQC	bootstrap	468.0
	0.007666838237416762	SEQC	bootstrap	469.0
	0.2887796029157137	SEQC	bootstrap	470.0
	0.32742583013359416	SEQC	bootstrap	471.0
	0.3758982623025262	SEQC	bootstrap	472.0
	0.41748784540743333	SEQC	bootstrap	473.0
	0.24512959218123376	SEQC	bootstrap	474.0
	0.2937617300667257	SEQC	bootstrap	475.0
	0.4832522365759564	SEQC	bootstrap	476.0
	0.5047439985542583	SEQC	bootstrap	477.0
	-0.14692718419045026	SEQC	bootstrap	478.0
	0.31624763144766943	SEQC	bootstrap	479.0
	0.16028861097404823	SEQC	bootstrap	480.0
	0.5830240659839414	SEQC	bootstrap	481.0
	0.1879382817868569	SEQC	bootstrap	482.0
	0.3419900869170629	SEQC	bootstrap	483.0
	-0.14621381118351895	SEQC	bootstrap	484.0
	0.505611135558278	SEQC	bootstrap	485.0
	0.6223820706868759	SEQC	bootstrap	486.0
	0.10678314797267419	SEQC	bootstrap	487.0
	0.41370728346871166	SEQC	bootstrap	488.0
	0.18540618126128905	SEQC	bootstrap	489.0
	0.1157666485271287	SEQC	bootstrap	490.0
	0.20965352531640624	SEQC	bootstrap	491.0
	0.46216139299727654	SEQC	bootstrap	492.0
	0.0814454662539692	SEQC	bootstrap	493.0
	0.20579851920027536	SEQC	bootstrap	494.0
	0.10750482504051373	SEQC	bootstrap	495.0
	0.42047426188598536	SEQC	bootstrap	496.0
	0.4353394955049854	SEQC	bootstrap	497.0
	0.2074763477044348	SEQC	bootstrap	498.0
	0.2110337442306891	SEQC	bootstrap	499.0
	0.2522124536294901	SEQC	bootstrap	500.0
	0.07873839280725825	SEQC	bootstrap	501.0
	0.30101877613400063	SEQC	bootstrap	502.0
	0.2947206153928641	SEQC	bootstrap	503.0
	0.18143379327839604	SEQC	bootstrap	504.0
	0.30909964851428917	SEQC	bootstrap	505.0
	0.23787789906150092	SEQC	bootstrap	506.0
	0.27958158078874673	SEQC	bootstrap	507.0
	0.4697062692012097	SEQC	bootstrap	508.0
	-0.08465690610259013	SEQC	bootstrap	509.0
	0.23723192787912772	SEQC	bootstrap	510.0
	0.4231301667697607	SEQC	bootstrap	511.0
	0.23103090887321942	SEQC	bootstrap	512.0
	0.0583826854196543	SEQC	bootstrap	513.0
	0.41634188000388406	SEQC	bootstrap	514.0
	0.3592012829529576	SEQC	bootstrap	515.0
	0.4318194176596801	SEQC	bootstrap	516.0
	0.4656945512946562	SEQC	bootstrap	517.0
	0.24805617295940863	SEQC	bootstrap	518.0
	0.20700986872301597	SEQC	bootstrap	519.0
	0.30639244099635077	SEQC	bootstrap	520.0
	0.4301145324543234	SEQC	bootstrap	521.0
	-0.02296352763177545	SEQC	bootstrap	522.0
	0.14479745948117317	SEQC	bootstrap	523.0
	0.3869386145612794	SEQC	bootstrap	524.0
	0.3577479320761925	SEQC	bootstrap	525.0
	0.20346439891542545	SEQC	bootstrap	526.0
	0.16348278947368522	SEQC	bootstrap	527.0
	0.2575158273077798	SEQC	bootstrap	528.0
	0.31442132181759375	SEQC	bootstrap	529.0
	0.20688943312768338	SEQC	bootstrap	530.0
	0.21623523493087315	SEQC	bootstrap	531.0
	0.26620168036229996	SEQC	bootstrap	532.0
	0.0879427721241397	SEQC	bootstrap	533.0
	0.004752888589497406	SEQC	bootstrap	534.0
	0.2612681196515836	SEQC	bootstrap	535.0
	0.37101802895657876	SEQC	bootstrap	536.0
	0.28650487881149767	SEQC	bootstrap	537.0
	0.43983993661252185	SEQC	bootstrap	538.0
	0.21311745103367796	SEQC	bootstrap	539.0
	0.5167459966701942	SEQC	bootstrap	540.0
	0.05374620569366417	SEQC	bootstrap	541.0
	0.1631564867015749	SEQC	bootstrap	542.0
	-0.009957147252674048	SEQC	bootstrap	543.0
	0.15578391662913038	SEQC	bootstrap	544.0
	0.3013532983338343	SEQC	bootstrap	545.0
	0.27202028717245685	SEQC	bootstrap	546.0
	0.41211839462627164	SEQC	bootstrap	547.0
	0.4823007113972877	SEQC	bootstrap	548.0
	0.3166301258831985	SEQC	bootstrap	549.0
	0.375359763570172	SEQC	bootstrap	550.0
	0.5712741290989305	SEQC	bootstrap	551.0
	0.4125083702052206	SEQC	bootstrap	552.0
	0.4973627221537238	SEQC	bootstrap	553.0
	0.24253612857797524	SEQC	bootstrap	554.0
	0.10631966594216058	SEQC	bootstrap	555.0
	0.3367590313306055	SEQC	bootstrap	556.0
	0.24706977862509572	SEQC	bootstrap	557.0
	0.3421271956379348	SEQC	bootstrap	558.0
	0.22520099657531967	SEQC	bootstrap	559.0
	0.42300449436317056	SEQC	bootstrap	560.0
	0.4924024128098803	SEQC	bootstrap	561.0
	0.39947995911534573	SEQC	bootstrap	562.0
	-0.06064842412469851	SEQC	bootstrap	563.0
	0.4841959439380239	SEQC	bootstrap	564.0
	0.2928498213140833	SEQC	bootstrap	565.0
	0.4043104833217117	SEQC	bootstrap	566.0
	0.19133727420872448	SEQC	bootstrap	567.0
	0.17363989972573712	SEQC	bootstrap	568.0
	0.06771210244992387	SEQC	bootstrap	569.0
	0.1446033894950962	SEQC	bootstrap	570.0
	0.33052514030269586	SEQC	bootstrap	571.0
	0.12157052754801079	SEQC	bootstrap	572.0
	0.32105017364705635	SEQC	bootstrap	573.0
	0.18561992249392834	SEQC	bootstrap	574.0
	0.4897191308982629	SEQC	bootstrap	575.0
	0.5087373507489157	SEQC	bootstrap	576.0
	0.386107122629757	SEQC	bootstrap	577.0
	0.3876959987876476	SEQC	bootstrap	578.0
	0.05014585979500108	SEQC	bootstrap	579.0
	0.45202887118296964	SEQC	bootstrap	580.0
	0.21044304557059146	SEQC	bootstrap	581.0
	0.03132306937262719	SEQC	bootstrap	582.0
	0.28781096365270553	SEQC	bootstrap	583.0
	0.30616692077686114	SEQC	bootstrap	584.0
	0.37707978710569057	SEQC	bootstrap	585.0
	0.43885162921582666	SEQC	bootstrap	586.0
	0.18572119652956953	SEQC	bootstrap	587.0
	0.3784686867055056	SEQC	bootstrap	588.0
	0.17146386998485497	SEQC	bootstrap	589.0
	0.2796159144371182	SEQC	bootstrap	590.0
	-0.018674020329283447	SEQC	bootstrap	591.0
	0.2903159742328034	SEQC	bootstrap	592.0
	0.3459027585834522	SEQC	bootstrap	593.0
	0.1328273983108117	SEQC	bootstrap	594.0
	0.2666049823375647	SEQC	bootstrap	595.0
	0.4403126650027174	SEQC	bootstrap	596.0
	0.24781782433290145	SEQC	bootstrap	597.0
	0.22500076718484596	SEQC	bootstrap	598.0
	0.43643380947847055	SEQC	bootstrap	599.0
	0.4115628219975762	SEQC	bootstrap	600.0
	0.15503447688690697	SEQC	bootstrap	601.0
	0.41368343240621197	SEQC	bootstrap	602.0
	0.16724873099940307	SEQC	bootstrap	603.0
	0.11699729551199178	SEQC	bootstrap	604.0
	0.22169495089555546	SEQC	bootstrap	605.0
	0.19230483331250126	SEQC	bootstrap	606.0
	0.34884317893521555	SEQC	bootstrap	607.0
	0.3785151192278211	SEQC	bootstrap	608.0
	0.41466230320680353	SEQC	bootstrap	609.0
	0.20001260469705562	SEQC	bootstrap	610.0
	0.041268454918839126	SEQC	bootstrap	611.0
	0.39376285785231513	SEQC	bootstrap	612.0
	0.09443192506306453	SEQC	bootstrap	613.0
	0.22019580231588654	SEQC	bootstrap	614.0
	0.22470008341814474	SEQC	bootstrap	615.0
	0.1673150607675269	SEQC	bootstrap	616.0
	0.1623147768011446	SEQC	bootstrap	617.0
	0.13403600436146856	SEQC	bootstrap	618.0
	0.3133211306032688	SEQC	bootstrap	619.0
	0.2706762593996035	SEQC	bootstrap	620.0
	0.0139053367536075	SEQC	bootstrap	621.0
	0.22646319744545185	SEQC	bootstrap	622.0
	0.2892888313122932	SEQC	bootstrap	623.0
	0.47049428153839257	SEQC	bootstrap	624.0
	0.3307636808546217	SEQC	bootstrap	625.0
	0.41666732695597863	SEQC	bootstrap	626.0
	0.0283668829566599	SEQC	bootstrap	627.0
	-0.06590573085945506	SEQC	bootstrap	628.0
	0.4574698560954089	SEQC	bootstrap	629.0
	0.2770959187810309	SEQC	bootstrap	630.0
	0.16373274727779297	SEQC	bootstrap	631.0
	0.32845305743019493	SEQC	bootstrap	632.0
	0.3234705052043716	SEQC	bootstrap	633.0
	0.2147010718149298	SEQC	bootstrap	634.0
	0.136803231533698	SEQC	bootstrap	635.0
	0.25329030607411873	SEQC	bootstrap	636.0
	0.3524721579204644	SEQC	bootstrap	637.0
	0.21065480129788172	SEQC	bootstrap	638.0
	0.41449255211817393	SEQC	bootstrap	639.0
	0.033649436659026755	SEQC	bootstrap	640.0
	0.4081015119449338	SEQC	bootstrap	641.0
	0.4423982103243249	SEQC	bootstrap	642.0
	0.5032936375314763	SEQC	bootstrap	643.0
	0.4433890265209337	SEQC	bootstrap	644.0
	0.0629094289908192	SEQC	bootstrap	645.0
	0.5874283929658461	SEQC	bootstrap	646.0
	0.06958790538976789	SEQC	bootstrap	647.0
	0.16855654098303674	SEQC	bootstrap	648.0
	0.22251784349797088	SEQC	bootstrap	649.0
	0.44345581297398384	SEQC	bootstrap	650.0
	0.3126348175024849	SEQC	bootstrap	651.0
	0.6335534428094514	SEQC	bootstrap	652.0
	0.546376593096559	SEQC	bootstrap	653.0
	0.4009096665389582	SEQC	bootstrap	654.0
	0.24532175449097338	SEQC	bootstrap	655.0
	0.36172110829265947	SEQC	bootstrap	656.0
	0.2663020847766324	SEQC	bootstrap	657.0
	0.21212681823591373	SEQC	bootstrap	658.0
	0.25401243572358423	SEQC	bootstrap	659.0
	0.46681380755692414	SEQC	bootstrap	660.0
	0.11421649519662624	SEQC	bootstrap	661.0
	0.15035951667156855	SEQC	bootstrap	662.0
	0.3328527019798653	SEQC	bootstrap	663.0
	0.2473732898423946	SEQC	bootstrap	664.0
	0.08443735947624198	SEQC	bootstrap	665.0
	0.39392450519738054	SEQC	bootstrap	666.0
	0.26217136499501104	SEQC	bootstrap	667.0
	0.28436659428878164	SEQC	bootstrap	668.0
	0.21876415814502703	SEQC	bootstrap	669.0
	0.392795579730731	SEQC	bootstrap	670.0
	0.5262542456835932	SEQC	bootstrap	671.0
	0.24200251738572032	SEQC	bootstrap	672.0
	0.150999302924129	SEQC	bootstrap	673.0
	0.2286217264544459	SEQC	bootstrap	674.0
	0.24994213178225522	SEQC	bootstrap	675.0
	0.3082910255206208	SEQC	bootstrap	676.0
	0.2519920980032535	SEQC	bootstrap	677.0
	0.2781082400857722	SEQC	bootstrap	678.0
	0.23753592843037685	SEQC	bootstrap	679.0
	0.16561104698557472	SEQC	bootstrap	680.0
	-0.027907219173992637	SEQC	bootstrap	681.0
	0.6525658497187954	SEQC	bootstrap	682.0
	0.38922692843230733	SEQC	bootstrap	683.0
	0.04429603245620317	SEQC	bootstrap	684.0
	0.05492816754675722	SEQC	bootstrap	685.0
	0.6016847495121191	SEQC	bootstrap	686.0
	0.11420585702672437	SEQC	bootstrap	687.0
	0.10350968016882778	SEQC	bootstrap	688.0
	0.46335957088298585	SEQC	bootstrap	689.0
	0.2734026210370515	SEQC	bootstrap	690.0
	-0.019855171763168755	SEQC	bootstrap	691.0
	0.34789960832515154	SEQC	bootstrap	692.0
	0.13629701530297256	SEQC	bootstrap	693.0
	0.11525213806960277	SEQC	bootstrap	694.0
	0.2545791325618647	SEQC	bootstrap	695.0
	0.24766258616966708	SEQC	bootstrap	696.0
	0.3907566965878675	SEQC	bootstrap	697.0
	0.28138163559517304	SEQC	bootstrap	698.0
	0.42939418464651746	SEQC	bootstrap	699.0
	0.3267783470284624	SEQC	bootstrap	700.0
	0.19587810850215615	SEQC	bootstrap	701.0
	0.2190123790128493	SEQC	bootstrap	702.0
	0.20935931196152957	SEQC	bootstrap	703.0
	0.06338217915060351	SEQC	bootstrap	704.0
	0.38134959764762044	SEQC	bootstrap	705.0
	0.52447549448009	SEQC	bootstrap	706.0
	0.1825282603248235	SEQC	bootstrap	707.0
	0.18579268946277594	SEQC	bootstrap	708.0
	0.21959478479244376	SEQC	bootstrap	709.0
	0.39438384350181144	SEQC	bootstrap	710.0
	0.5586609149749231	SEQC	bootstrap	711.0
	0.23106080039190457	SEQC	bootstrap	712.0
	0.38684131044545866	SEQC	bootstrap	713.0
	0.2624005249734571	SEQC	bootstrap	714.0
	0.19153568289576217	SEQC	bootstrap	715.0
	0.36902107840167897	SEQC	bootstrap	716.0
	0.38090367458858854	SEQC	bootstrap	717.0
	0.3848634358554959	SEQC	bootstrap	718.0
	0.3626841758502355	SEQC	bootstrap	719.0
	0.4750086862316678	SEQC	bootstrap	720.0
	0.3824175379293857	SEQC	bootstrap	721.0
	-0.08149167750163633	SEQC	bootstrap	722.0
	0.12186986294713709	SEQC	bootstrap	723.0
	0.4953314513376701	SEQC	bootstrap	724.0
	0.26757760156799826	SEQC	bootstrap	725.0
	0.3260074393272232	SEQC	bootstrap	726.0
	0.4281472194136082	SEQC	bootstrap	727.0
	0.4071618979757856	SEQC	bootstrap	728.0
	0.33551890382185157	SEQC	bootstrap	729.0
	0.32081706721655046	SEQC	bootstrap	730.0
	0.30595969397826384	SEQC	bootstrap	731.0
	0.3011770465725436	SEQC	bootstrap	732.0
	0.4848622053583789	SEQC	bootstrap	733.0
	0.212624397508951	SEQC	bootstrap	734.0
	0.10889847502212202	SEQC	bootstrap	735.0
	0.1554569291896346	SEQC	bootstrap	736.0
	0.497224781354495	SEQC	bootstrap	737.0
	0.15455556802767578	SEQC	bootstrap	738.0
	0.37367641336840807	SEQC	bootstrap	739.0
	0.45286721738469815	SEQC	bootstrap	740.0
	0.021115344792283608	SEQC	bootstrap	741.0
	0.1861242564379073	SEQC	bootstrap	742.0
	0.12253564777321513	SEQC	bootstrap	743.0
	0.19168641945344955	SEQC	bootstrap	744.0
	0.1180704377263968	SEQC	bootstrap	745.0
	0.3952578129158719	SEQC	bootstrap	746.0
	0.14016285381376647	SEQC	bootstrap	747.0
	0.2540492072803291	SEQC	bootstrap	748.0
	0.5003866513629358	SEQC	bootstrap	749.0
	0.3196776084966242	SEQC	bootstrap	750.0
	0.467678517744758	SEQC	bootstrap	751.0
	0.28574107990850806	SEQC	bootstrap	752.0
	0.09607755280435937	SEQC	bootstrap	753.0
	0.39071229770864857	SEQC	bootstrap	754.0
	0.5788229400010523	SEQC	bootstrap	755.0
	0.41083800434136286	SEQC	bootstrap	756.0
	0.5867595680494624	SEQC	bootstrap	757.0
	0.16922490150749692	SEQC	bootstrap	758.0
	0.31616460421861836	SEQC	bootstrap	759.0
	0.3324500300303166	SEQC	bootstrap	760.0
	0.14480407986395294	SEQC	bootstrap	761.0
	0.20241061172036012	SEQC	bootstrap	762.0
	0.2252281637548572	SEQC	bootstrap	763.0
	0.46253450260918916	SEQC	bootstrap	764.0
	0.3314534993389908	SEQC	bootstrap	765.0
	0.39072168198037005	SEQC	bootstrap	766.0
	0.2337279256194944	SEQC	bootstrap	767.0
	0.30928124709991867	SEQC	bootstrap	768.0
	0.38126646466782255	SEQC	bootstrap	769.0
	0.3825403902807025	SEQC	bootstrap	770.0
	0.3811166126385581	SEQC	bootstrap	771.0
	0.12914229826915768	SEQC	bootstrap	772.0
	0.3033960356652332	SEQC	bootstrap	773.0
	0.11230376772201467	SEQC	bootstrap	774.0
	0.20988622058070172	SEQC	bootstrap	775.0
	0.3144897693044446	SEQC	bootstrap	776.0
	0.46061118487816577	SEQC	bootstrap	777.0
	0.21313908274808435	SEQC	bootstrap	778.0
	0.2280552991072997	SEQC	bootstrap	779.0
	-0.08142641141343487	SEQC	bootstrap	780.0
	0.221235814475357	SEQC	bootstrap	781.0
	0.031109229225601887	SEQC	bootstrap	782.0
	0.004026548897697602	SEQC	bootstrap	783.0
	0.31411139107399144	SEQC	bootstrap	784.0
	0.1645646114684216	SEQC	bootstrap	785.0
	0.24963460780772717	SEQC	bootstrap	786.0
	0.3249054388566939	SEQC	bootstrap	787.0
	0.5218307602608467	SEQC	bootstrap	788.0
	0.2509221642895456	SEQC	bootstrap	789.0
	0.21295654094859096	SEQC	bootstrap	790.0
	0.3661154165990528	SEQC	bootstrap	791.0
	0.06967876123309269	SEQC	bootstrap	792.0
	0.27993921809188915	SEQC	bootstrap	793.0
	0.2857156091565103	SEQC	bootstrap	794.0
	0.2224734814204128	SEQC	bootstrap	795.0
	0.08972067146361917	SEQC	bootstrap	796.0
	0.29855269517054017	SEQC	bootstrap	797.0
	0.19951456549948743	SEQC	bootstrap	798.0
	0.08348654109363274	SEQC	bootstrap	799.0
	0.25131025590802203	SEQC	bootstrap	800.0
	0.11877788924325694	SEQC	bootstrap	801.0
	0.27257474402007986	SEQC	bootstrap	802.0
	0.23183824652808926	SEQC	bootstrap	803.0
	0.4385020999363731	SEQC	bootstrap	804.0
	0.19552533311413622	SEQC	bootstrap	805.0
	0.15477045678554546	SEQC	bootstrap	806.0
	0.008675183486100302	SEQC	bootstrap	807.0
	0.2190538625567804	SEQC	bootstrap	808.0
	0.4646500806646965	SEQC	bootstrap	809.0
	0.27071298327906756	SEQC	bootstrap	810.0
	0.3765485746614372	SEQC	bootstrap	811.0
	0.04426716948582232	SEQC	bootstrap	812.0
	0.20991967446425264	SEQC	bootstrap	813.0
	0.22370756277702064	SEQC	bootstrap	814.0
	0.21433940641921279	SEQC	bootstrap	815.0
	0.41642696903139287	SEQC	bootstrap	816.0
	0.4683963367570665	SEQC	bootstrap	817.0
	0.29767132839709154	SEQC	bootstrap	818.0
	0.03293761996799116	SEQC	bootstrap	819.0
	0.1283725591153848	SEQC	bootstrap	820.0
	0.3690612744816839	SEQC	bootstrap	821.0
	-0.04550551153982685	SEQC	bootstrap	822.0
	0.18399350635501754	SEQC	bootstrap	823.0
	0.41014376192820556	SEQC	bootstrap	824.0
	0.14850563377118586	SEQC	bootstrap	825.0
	0.6492087735060013	SEQC	bootstrap	826.0
	0.2693630124770685	SEQC	bootstrap	827.0
	0.18224135881379588	SEQC	bootstrap	828.0
	0.2332288220820642	SEQC	bootstrap	829.0
	0.018260379883876965	SEQC	bootstrap	830.0
	0.4659971726327634	SEQC	bootstrap	831.0
	0.14459599762035102	SEQC	bootstrap	832.0
	0.36929038344261444	SEQC	bootstrap	833.0
	0.43292130542783047	SEQC	bootstrap	834.0
	0.38594003847561753	SEQC	bootstrap	835.0
	0.478872410345764	SEQC	bootstrap	836.0
	0.39675104285648555	SEQC	bootstrap	837.0
	0.22285313007996388	SEQC	bootstrap	838.0
	0.3836549303252621	SEQC	bootstrap	839.0
	0.4339806803559796	SEQC	bootstrap	840.0
	0.011499917702505691	SEQC	bootstrap	841.0
	0.39936522017744736	SEQC	bootstrap	842.0
	0.5032595651642935	SEQC	bootstrap	843.0
	0.13205862984021177	SEQC	bootstrap	844.0
	0.19742088790882217	SEQC	bootstrap	845.0
	0.31947247354785624	SEQC	bootstrap	846.0
	0.21562705634492518	SEQC	bootstrap	847.0
	0.5035265073363941	SEQC	bootstrap	848.0
	0.2856373108241641	SEQC	bootstrap	849.0
	0.2354153632137379	SEQC	bootstrap	850.0
	-0.11650918589024073	SEQC	bootstrap	851.0
	0.34331116735524514	SEQC	bootstrap	852.0
	0.10303752344248096	SEQC	bootstrap	853.0
	0.20991327718752073	SEQC	bootstrap	854.0
	0.1993224491703529	SEQC	bootstrap	855.0
	0.3440763943470029	SEQC	bootstrap	856.0
	0.37213021145785374	SEQC	bootstrap	857.0
	0.26558243484146526	SEQC	bootstrap	858.0
	0.21089555872952825	SEQC	bootstrap	859.0
	0.3200584212562312	SEQC	bootstrap	860.0
	0.3187146563221619	SEQC	bootstrap	861.0
	0.28371885093241955	SEQC	bootstrap	862.0
	0.5760674281553118	SEQC	bootstrap	863.0
	0.1311725695231747	SEQC	bootstrap	864.0
	0.44766915909987537	SEQC	bootstrap	865.0
	0.35305723276357215	SEQC	bootstrap	866.0
	0.30178893686938046	SEQC	bootstrap	867.0
	0.46543694611438813	SEQC	bootstrap	868.0
	0.3256956964514721	SEQC	bootstrap	869.0
	0.24198686332475017	SEQC	bootstrap	870.0
	0.30287907798743463	SEQC	bootstrap	871.0
	0.24436384248739706	SEQC	bootstrap	872.0
	0.21525863573147586	SEQC	bootstrap	873.0
	0.11819271555503263	SEQC	bootstrap	874.0
	0.4972288046559892	SEQC	bootstrap	875.0
	0.11491596804762771	SEQC	bootstrap	876.0
	0.2837379227426249	SEQC	bootstrap	877.0
	-0.09195916674853866	SEQC	bootstrap	878.0
	0.5767925823441913	SEQC	bootstrap	879.0
	0.12136167469798487	SEQC	bootstrap	880.0
	0.5793272184639098	SEQC	bootstrap	881.0
	0.09041761523451175	SEQC	bootstrap	882.0
	0.10448794712540455	SEQC	bootstrap	883.0
	0.19071769832127483	SEQC	bootstrap	884.0
	0.3783326153701192	SEQC	bootstrap	885.0
	0.134704014325016	SEQC	bootstrap	886.0
	0.34921666959681197	SEQC	bootstrap	887.0
	0.2822168489507586	SEQC	bootstrap	888.0
	0.2600013689779619	SEQC	bootstrap	889.0
	0.46662370013636467	SEQC	bootstrap	890.0
	0.7132040986818615	SEQC	bootstrap	891.0
	0.5319469221042463	SEQC	bootstrap	892.0
	0.280340671226214	SEQC	bootstrap	893.0
	0.1474031396568969	SEQC	bootstrap	894.0
	0.3833935214897908	SEQC	bootstrap	895.0
	0.15252380532564214	SEQC	bootstrap	896.0
	0.5303990699677978	SEQC	bootstrap	897.0
	0.48968978587015943	SEQC	bootstrap	898.0
	0.11063275735805966	SEQC	bootstrap	899.0
	0.4468016915443491	SEQC	bootstrap	900.0
	0.2865083071752621	SEQC	bootstrap	901.0
	0.13682278038513962	SEQC	bootstrap	902.0
	0.1569106935313247	SEQC	bootstrap	903.0
	0.32998130462299935	SEQC	bootstrap	904.0
	0.17794899673776676	SEQC	bootstrap	905.0
	0.24753113522401726	SEQC	bootstrap	906.0
	0.09497310468449349	SEQC	bootstrap	907.0
	0.586812535535207	SEQC	bootstrap	908.0
	0.37526682750044804	SEQC	bootstrap	909.0
	0.124798799412563	SEQC	bootstrap	910.0
	0.22601995031897193	SEQC	bootstrap	911.0
	0.605897700367533	SEQC	bootstrap	912.0
	0.06957033787236533	SEQC	bootstrap	913.0
	0.1478946707688844	SEQC	bootstrap	914.0
	0.4534534339902172	SEQC	bootstrap	915.0
	0.3989255246318004	SEQC	bootstrap	916.0
	0.6465896246648888	SEQC	bootstrap	917.0
	0.12121368771471364	SEQC	bootstrap	918.0
	0.41635767481120833	SEQC	bootstrap	919.0
	0.2106297526870624	SEQC	bootstrap	920.0
	0.016504773761996994	SEQC	bootstrap	921.0
	0.4248452397254998	SEQC	bootstrap	922.0
	0.10465455228135845	SEQC	bootstrap	923.0
	0.06423294692946024	SEQC	bootstrap	924.0
	0.44078247388765446	SEQC	bootstrap	925.0
	0.47906374180450984	SEQC	bootstrap	926.0
	0.5242407940889162	SEQC	bootstrap	927.0
	0.3191250040688822	SEQC	bootstrap	928.0
	0.18700340034360874	SEQC	bootstrap	929.0
	0.4526105998247587	SEQC	bootstrap	930.0
	0.3725767570728298	SEQC	bootstrap	931.0
	0.19424035830932507	SEQC	bootstrap	932.0
	0.3399959501013998	SEQC	bootstrap	933.0
	-0.1161448930882969	SEQC	bootstrap	934.0
	0.15809319948584166	SEQC	bootstrap	935.0
	0.0819635340088598	SEQC	bootstrap	936.0
	0.3746860318738774	SEQC	bootstrap	937.0
	0.6895980878244092	SEQC	bootstrap	938.0
	-0.07083273616569574	SEQC	bootstrap	939.0
	0.40834434380296436	SEQC	bootstrap	940.0
	0.4268597224749895	SEQC	bootstrap	941.0
	0.4160902064776577	SEQC	bootstrap	942.0
	0.08370858137110737	SEQC	bootstrap	943.0
	0.2133646024664535	SEQC	bootstrap	944.0
	0.2886434640606179	SEQC	bootstrap	945.0
	-0.05321806411601049	SEQC	bootstrap	946.0
	-0.01141810693410017	SEQC	bootstrap	947.0
	0.15758761421812162	SEQC	bootstrap	948.0
	0.32661480004930077	SEQC	bootstrap	949.0
	0.16819357322549777	SEQC	bootstrap	950.0
	0.1259932334100462	SEQC	bootstrap	951.0
	0.1708949614414954	SEQC	bootstrap	952.0
	-0.009736268825099703	SEQC	bootstrap	953.0
	0.13163935798058635	SEQC	bootstrap	954.0
	0.5742323675959482	SEQC	bootstrap	955.0
	0.0035481379342807706	SEQC	bootstrap	956.0
	0.6113091213770381	SEQC	bootstrap	957.0
	0.201436046485866	SEQC	bootstrap	958.0
	0.3582146719197654	SEQC	bootstrap	959.0
	0.0969811430165417	SEQC	bootstrap	960.0
	0.28269639155274673	SEQC	bootstrap	961.0
	0.05355422242600305	SEQC	bootstrap	962.0
	0.15306616890150027	SEQC	bootstrap	963.0
	0.31293101535096435	SEQC	bootstrap	964.0
	0.31551975240576935	SEQC	bootstrap	965.0
	0.3672955793735122	SEQC	bootstrap	966.0
	0.05869158321326928	SEQC	bootstrap	967.0
	0.29810929093974003	SEQC	bootstrap	968.0
	0.39287517840108777	SEQC	bootstrap	969.0
	0.5029369434346811	SEQC	bootstrap	970.0
	0.3674786143973008	SEQC	bootstrap	971.0
	0.3554993356259635	SEQC	bootstrap	972.0
	0.26700322261394227	SEQC	bootstrap	973.0
	0.02148974749561905	SEQC	bootstrap	974.0
	0.22882538639715522	SEQC	bootstrap	975.0
	0.1874141532304061	SEQC	bootstrap	976.0
	0.22058871442232952	SEQC	bootstrap	977.0
	0.11880434025411901	SEQC	bootstrap	978.0
	0.4093754412465027	SEQC	bootstrap	979.0
	0.39591135315954196	SEQC	bootstrap	980.0
	0.2661533228792341	SEQC	bootstrap	981.0
	0.023461248415502567	SEQC	bootstrap	982.0
	0.3435117123337639	SEQC	bootstrap	983.0
	0.21912882072797846	SEQC	bootstrap	984.0
	0.11688406391641415	SEQC	bootstrap	985.0
	0.40555110916243997	SEQC	bootstrap	986.0
	0.4215416652576214	SEQC	bootstrap	987.0
	0.41873104999424005	SEQC	bootstrap	988.0
	0.19091041264927444	SEQC	bootstrap	989.0
	0.1460621495106027	SEQC	bootstrap	990.0
	0.23131593139779483	SEQC	bootstrap	991.0
	0.45912695083532995	SEQC	bootstrap	992.0
	0.5735601794307761	SEQC	bootstrap	993.0
	0.620561017403293	SEQC	bootstrap	994.0
	0.23683702924850358	SEQC	bootstrap	995.0
	0.447626520866387	SEQC	bootstrap	996.0
	0.4082847567396217	SEQC	bootstrap	997.0
	0.1424854110152216	SEQC	bootstrap	998.0
	0.3051871140293394	SEQC	bootstrap	999.0
	0.22557531012750465	SEQC	bootstrap	1000.0
	0.4559776963704967	SEQC	bootstrap	1001.0
	0.219706531849289	SEQC	bootstrap	1002.0
	0.4470656291486117	SEQC	bootstrap	1003.0
	0.3673987382578301	SEQC	bootstrap	1004.0
	0.19723381260662798	SEQC	bootstrap	1005.0
	0.18252869508340286	SEQC	bootstrap	1006.0
	0.24251265246571663	SEQC	bootstrap	1007.0
	0.26740140867398754	SEQC	bootstrap	1008.0
	0.21580300816481612	SEQC	bootstrap	1009.0
	0.31200139455983233	SEQC	bootstrap	1010.0
	0.25606809090153027	SEQC	bootstrap	1011.0
	0.3308381833958034	SEQC	bootstrap	1012.0
	0.24457209862272267	SEQC	bootstrap	1013.0
	0.3333979161324283	SEQC	bootstrap	1014.0
	0.044431874325217	SEQC	bootstrap	1015.0
	0.48674396856810764	SEQC	bootstrap	1016.0
	0.371054880521684	SEQC	bootstrap	1017.0
	0.5103169431205612	SEQC	bootstrap	1018.0
	0.22963037128130015	SEQC	bootstrap	1019.0
	0.22079910016052473	SEQC	bootstrap	1020.0
	0.21045794320491673	SEQC	bootstrap	1021.0
	0.1997660330138764	SEQC	bootstrap	1022.0
	0.24840000118087158	SEQC	bootstrap	1023.0
	0.22349317008118685	SEQC	bootstrap	1024.0
	0.30884861911047556	SEQC	bootstrap	1025.0
	0.4595812451366208	SEQC	bootstrap	1026.0
	0.28165303808465536	SEQC	bootstrap	1027.0
	0.1946873588592899	SEQC	bootstrap	1028.0
	0.19768863197135556	SEQC	bootstrap	1029.0
	0.26692481675475443	SEQC	bootstrap	1030.0
	0.3344635876118609	SEQC	bootstrap	1031.0
	0.4744645034281616	SEQC	bootstrap	1032.0
	-0.010840768875758133	SEQC	bootstrap	1033.0
	0.2189454178333623	SEQC	bootstrap	1034.0
	0.23947231914357836	SEQC	bootstrap	1035.0
	-0.04444002265144187	SEQC	bootstrap	1036.0
	0.3277376593195864	SEQC	bootstrap	1037.0
	0.5196098941587439	SEQC	bootstrap	1038.0
	0.2927877482079544	SEQC	bootstrap	1039.0
	0.582833003159942	SEQC	bootstrap	1040.0
	0.3613695620441004	SEQC	bootstrap	1041.0
	-0.06084417402013731	SEQC	bootstrap	1042.0
	0.1146881025406925	SEQC	bootstrap	1043.0
	0.14409710481889126	SEQC	bootstrap	1044.0
	0.014331603624256228	SEQC	bootstrap	1045.0
	0.1636765253022019	SEQC	bootstrap	1046.0
	0.6201670571255713	SEQC	bootstrap	1047.0
	0.20154272370940607	SEQC	bootstrap	1048.0
	0.05769150509786236	SEQC	bootstrap	1049.0
	0.17079016095648125	SEQC	bootstrap	1050.0
	0.30280383644315334	SEQC	bootstrap	1051.0
	0.057065943635645766	SEQC	bootstrap	1052.0
	0.23847230464266378	SEQC	bootstrap	1053.0
	0.322083630083549	SEQC	bootstrap	1054.0
	0.1818258220628608	SEQC	bootstrap	1055.0
	0.1657482821259162	SEQC	bootstrap	1056.0
	0.6252108224077704	SEQC	bootstrap	1057.0
	0.08112374143330348	SEQC	bootstrap	1058.0
	0.0910410646244677	SEQC	bootstrap	1059.0
	0.1352947573623111	SEQC	bootstrap	1060.0
	0.06046667537509842	SEQC	bootstrap	1061.0
	0.2114539487660454	SEQC	bootstrap	1062.0
	0.40018910993551504	SEQC	bootstrap	1063.0
	0.2980098461254652	SEQC	bootstrap	1064.0
	0.569410997023367	SEQC	bootstrap	1065.0
	0.3699679606240247	SEQC	bootstrap	1066.0
	0.005852587380731578	SEQC	bootstrap	1067.0
	0.18750365916611988	SEQC	bootstrap	1068.0
	0.14190800700421358	SEQC	bootstrap	1069.0
	0.23517685187330706	SEQC	bootstrap	1070.0
	0.2458909791163335	SEQC	bootstrap	1071.0
	0.10081074988995109	SEQC	bootstrap	1072.0
	0.43416187827083297	SEQC	bootstrap	1073.0
	0.33900201735936886	SEQC	bootstrap	1074.0
	0.2844775552476553	SEQC	bootstrap	1075.0
	0.3111398289038543	SEQC	bootstrap	1076.0
	0.05462920772801194	SEQC	bootstrap	1077.0
	0.17056354927871142	SEQC	bootstrap	1078.0
	0.24940278416868544	SEQC	bootstrap	1079.0
	0.3511210468127737	SEQC	bootstrap	1080.0
	0.12462160900400221	SEQC	bootstrap	1081.0
	0.35199781053266177	SEQC	bootstrap	1082.0
	0.6172834467190675	SEQC	bootstrap	1083.0
	0.38372816057741765	SEQC	bootstrap	1084.0
	0.3628024999870094	SEQC	bootstrap	1085.0
	0.3183689328112802	SEQC	bootstrap	1086.0
	0.033294729750766194	SEQC	bootstrap	1087.0
	0.3214419942816322	SEQC	bootstrap	1088.0
	0.29973447232346295	SEQC	bootstrap	1089.0
	0.19643020784805243	SEQC	bootstrap	1090.0
	0.06833185970263456	SEQC	bootstrap	1091.0
	0.6342846434669682	SEQC	bootstrap	1092.0
	0.21193610808653496	SEQC	bootstrap	1093.0
	0.23765231257825992	SEQC	bootstrap	1094.0
	0.09295766064436828	SEQC	bootstrap	1095.0
	0.3184233829005283	SEQC	bootstrap	1096.0
	0.29781718368891186	SEQC	bootstrap	1097.0
	0.19979201718645356	SEQC	bootstrap	1098.0
	-0.03917968387738835	SEQC	bootstrap	1099.0
	0.31307616517732484	SEQC	bootstrap	1100.0
	0.4836878807505931	SEQC	bootstrap	1101.0
	0.1611240700240164	SEQC	bootstrap	1102.0
	-0.0057142311809688096	SEQC	bootstrap	1103.0
	0.5675948075865769	SEQC	bootstrap	1104.0
	0.19247455270687652	SEQC	bootstrap	1105.0
	0.1171017937319423	SEQC	bootstrap	1106.0
	0.35742752546417256	SEQC	bootstrap	1107.0
	0.21642864954749852	SEQC	bootstrap	1108.0
	0.3092709719046316	SEQC	bootstrap	1109.0
	0.6498905678103171	SEQC	bootstrap	1110.0
	0.22535641951857333	SEQC	bootstrap	1111.0
	0.21830668335848724	SEQC	bootstrap	1112.0
	0.22910402744349945	SEQC	bootstrap	1113.0
	0.306744074062975	SEQC	bootstrap	1114.0
	0.20246452862964404	SEQC	bootstrap	1115.0
	0.2616323544674146	SEQC	bootstrap	1116.0
	0.10416853427314532	SEQC	bootstrap	1117.0
	0.341577206266622	SEQC	bootstrap	1118.0
	0.3904167675885595	SEQC	bootstrap	1119.0
	0.1991715585918854	SEQC	bootstrap	1120.0
	0.3118975679035523	SEQC	bootstrap	1121.0
	0.4432521532657976	SEQC	bootstrap	1122.0
	0.2211828010400385	SEQC	bootstrap	1123.0
	0.19094020194704786	SEQC	bootstrap	1124.0
	-0.20682620035482513	SEQC	bootstrap	1125.0
	0.48194152261384016	SEQC	bootstrap	1126.0
	0.13942236891615556	SEQC	bootstrap	1127.0
	0.11450140777537765	SEQC	bootstrap	1128.0
	0.4199971257682238	SEQC	bootstrap	1129.0
	0.46759975436131995	SEQC	bootstrap	1130.0
	0.29221967436805896	SEQC	bootstrap	1131.0
	-0.026122044477411954	SEQC	bootstrap	1132.0
	0.33787855820882395	SEQC	bootstrap	1133.0
	0.09902138951258976	SEQC	bootstrap	1134.0
	0.5184446791669957	SEQC	bootstrap	1135.0
	0.2241427999799579	SEQC	bootstrap	1136.0
	0.009966644818718784	SEQC	bootstrap	1137.0
	0.5618004647895605	SEQC	bootstrap	1138.0
	0.33969079257736334	SEQC	bootstrap	1139.0
	-0.12392340014086489	SEQC	bootstrap	1140.0
	0.24441312814526572	SEQC	bootstrap	1141.0
	0.47892059950978094	SEQC	bootstrap	1142.0
	0.5045998680017343	SEQC	bootstrap	1143.0
	0.07961291320645492	SEQC	bootstrap	1144.0
	0.42222891895224324	SEQC	bootstrap	1145.0
	0.0986991277412752	SEQC	bootstrap	1146.0
	0.11102360623860719	SEQC	bootstrap	1147.0
	0.11226537261566971	SEQC	bootstrap	1148.0
	0.21032261727373935	SEQC	bootstrap	1149.0
	0.6593718102585502	SEQC	bootstrap	1150.0
	0.2406438820535568	SEQC	bootstrap	1151.0
	0.3767106271859877	SEQC	bootstrap	1152.0
	-0.03812539145454519	SEQC	bootstrap	1153.0
	0.017044796719514643	SEQC	bootstrap	1154.0
	0.23061687370361872	SEQC	bootstrap	1155.0
	0.11739399057965372	SEQC	bootstrap	1156.0
	-0.04087727317838974	SEQC	bootstrap	1157.0
	0.3767946180951456	SEQC	bootstrap	1158.0
	-0.021638911230132507	SEQC	bootstrap	1159.0
	0.31408773199887374	SEQC	bootstrap	1160.0
	0.38086336273043075	SEQC	bootstrap	1161.0
	0.5352348306541157	SEQC	bootstrap	1162.0
	0.4121960478334885	SEQC	bootstrap	1163.0
	0.13445438563094347	SEQC	bootstrap	1164.0
	0.5156132903020079	SEQC	bootstrap	1165.0
	0.44549841155464165	SEQC	bootstrap	1166.0
	0.2481886158791311	SEQC	bootstrap	1167.0
	0.3600691659195103	SEQC	bootstrap	1168.0
	0.0776329205209021	SEQC	bootstrap	1169.0
	0.4066735107089765	SEQC	bootstrap	1170.0
	0.23727732519857891	SEQC	bootstrap	1171.0
	-0.031301928435721216	SEQC	bootstrap	1172.0
	0.5875198059960405	SEQC	bootstrap	1173.0
	0.15022509266684514	SEQC	bootstrap	1174.0
	0.19255671301096156	SEQC	bootstrap	1175.0
	0.34260275228958603	SEQC	bootstrap	1176.0
	0.37745456185061865	SEQC	bootstrap	1177.0
	0.4362252628828043	SEQC	bootstrap	1178.0
	0.15555482855206293	SEQC	bootstrap	1179.0
	0.5122356972560667	SEQC	bootstrap	1180.0
	0.13938171191910786	SEQC	bootstrap	1181.0
	0.3881301079895536	SEQC	bootstrap	1182.0
	0.1521967014633714	SEQC	bootstrap	1183.0
	0.052321501916402724	SEQC	bootstrap	1184.0
	0.26952707006418253	SEQC	bootstrap	1185.0
	0.12241755402056453	SEQC	bootstrap	1186.0
	0.26053261542835093	SEQC	bootstrap	1187.0
	0.22477784421155844	SEQC	bootstrap	1188.0
	-0.12397713131949661	SEQC	bootstrap	1189.0
	0.19740260617789662	SEQC	bootstrap	1190.0
	0.12316256462757158	SEQC	bootstrap	1191.0
	0.004734185670681512	SEQC	bootstrap	1192.0
	0.15408486142138367	SEQC	bootstrap	1193.0
	0.20474225525340106	SEQC	bootstrap	1194.0
	0.15733101906611946	SEQC	bootstrap	1195.0
	0.41844757720418624	SEQC	bootstrap	1196.0
	-0.023009946545901272	SEQC	bootstrap	1197.0
	0.5571049312608198	SEQC	bootstrap	1198.0
	0.36594953808274866	SEQC	bootstrap	1199.0
	0.1900684665189445	SEQC	bootstrap	1200.0
	0.2858266312530482	SEQC	bootstrap	1201.0
	0.37657088948387996	SEQC	bootstrap	1202.0
	0.33665109366246426	SEQC	bootstrap	1203.0
	0.34398638181280417	SEQC	bootstrap	1204.0
	0.12960438508259964	SEQC	bootstrap	1205.0
	0.13980580251309682	SEQC	bootstrap	1206.0
	0.27419353620768705	SEQC	bootstrap	1207.0
	0.19003373393763212	SEQC	bootstrap	1208.0
	0.15928095800981623	SEQC	bootstrap	1209.0
	0.3395575476281647	SEQC	bootstrap	1210.0
	0.2798675705854885	SEQC	bootstrap	1211.0
	0.13398730543043946	SEQC	bootstrap	1212.0
	0.06415896488554473	SEQC	bootstrap	1213.0
	0.44521820921640654	SEQC	bootstrap	1214.0
	0.1901680870646949	SEQC	bootstrap	1215.0
	0.20517751357004022	SEQC	bootstrap	1216.0
	0.39634072611384585	SEQC	bootstrap	1217.0
	0.02371737322619394	SEQC	bootstrap	1218.0
	0.17206640050816802	SEQC	bootstrap	1219.0
	0.23814860112335046	SEQC	bootstrap	1220.0
	0.24429837298526325	SEQC	bootstrap	1221.0
	0.3774034837733353	SEQC	bootstrap	1222.0
	0.13248217824054365	SEQC	bootstrap	1223.0
	0.36828335290713854	SEQC	bootstrap	1224.0
	0.3763284522367143	SEQC	bootstrap	1225.0
	0.32454764071415676	SEQC	bootstrap	1226.0
	0.5163550821832934	SEQC	bootstrap	1227.0
	0.45942310623831695	SEQC	bootstrap	1228.0
	0.4947228063281637	SEQC	bootstrap	1229.0
	-0.008791531698325361	SEQC	bootstrap	1230.0
	0.08003365093173898	SEQC	bootstrap	1231.0
	0.21263192511516582	SEQC	bootstrap	1232.0
	0.17171802037979722	SEQC	bootstrap	1233.0
	0.29096646779245194	SEQC	bootstrap	1234.0
	0.1581557560967437	SEQC	bootstrap	1235.0
	0.1644500590328266	SEQC	bootstrap	1236.0
	0.14885332119971206	SEQC	bootstrap	1237.0
	0.24766979943688971	SEQC	bootstrap	1238.0
	0.39239864171409256	SEQC	bootstrap	1239.0
	0.6923400596680236	SEQC	bootstrap	1240.0
	0.3917041480539556	SEQC	bootstrap	1241.0
	0.08589214486393093	SEQC	bootstrap	1242.0
	0.3148851370790666	SEQC	bootstrap	1243.0
	0.5114703307755835	SEQC	bootstrap	1244.0
	0.29885528649909876	SEQC	bootstrap	1245.0
	0.09882345827150063	SEQC	bootstrap	1246.0
	0.12302957920161273	SEQC	bootstrap	1247.0
	0.1478817489475337	SEQC	bootstrap	1248.0
	0.43590977090960736	SEQC	bootstrap	1249.0
	-0.1262806330664552	SEQC	bootstrap	1250.0
	0.18571543538301327	SEQC	bootstrap	1251.0
	0.09889218864428262	SEQC	bootstrap	1252.0
	0.29680984636042185	SEQC	bootstrap	1253.0
	0.225943292089696	SEQC	bootstrap	1254.0
	0.27283079361499185	SEQC	bootstrap	1255.0
	0.21454013486163115	SEQC	bootstrap	1256.0
	0.3969438919265489	SEQC	bootstrap	1257.0
	0.5947088803843812	SEQC	bootstrap	1258.0
	0.3854020560651388	SEQC	bootstrap	1259.0
	0.6563500949434489	SEQC	bootstrap	1260.0
	0.2460719381021086	SEQC	bootstrap	1261.0
	0.39722938743049996	SEQC	bootstrap	1262.0
	0.3113208483515004	SEQC	bootstrap	1263.0
	0.29699850846753284	SEQC	bootstrap	1264.0
	0.2314904033802314	SEQC	bootstrap	1265.0
	0.06985486286590215	SEQC	bootstrap	1266.0
	0.47879478128996444	SEQC	bootstrap	1267.0
	0.5534329363684001	SEQC	bootstrap	1268.0
	0.24616454971354074	SEQC	bootstrap	1269.0
	0.026022390748368984	SEQC	bootstrap	1270.0
	-0.09136196056586599	SEQC	bootstrap	1271.0
	0.017175628473544258	SEQC	bootstrap	1272.0
	0.4257405705761128	SEQC	bootstrap	1273.0
	0.5055195431561339	SEQC	bootstrap	1274.0
	0.14720674925819432	SEQC	bootstrap	1275.0
	0.4089424515518463	SEQC	bootstrap	1276.0
	0.2629564830463438	SEQC	bootstrap	1277.0
	0.07405632534428719	SEQC	bootstrap	1278.0
	0.2683277736538692	SEQC	bootstrap	1279.0
	0.2654046567548205	SEQC	bootstrap	1280.0
	0.29074607946748277	SEQC	bootstrap	1281.0
	0.32637668645434026	SEQC	bootstrap	1282.0
	0.16961930089818056	SEQC	bootstrap	1283.0
	0.21980281567483262	SEQC	bootstrap	1284.0
	0.025028415617174282	SEQC	bootstrap	1285.0
	0.22509653204959346	SEQC	bootstrap	1286.0
	0.22025059717323225	SEQC	bootstrap	1287.0
	0.29294371415859066	SEQC	bootstrap	1288.0
	0.4973460839673889	SEQC	bootstrap	1289.0
	0.3892483116624308	SEQC	bootstrap	1290.0
	0.3612836969171638	SEQC	bootstrap	1291.0
	0.18494603895888106	SEQC	bootstrap	1292.0
	0.21957653633781238	SEQC	bootstrap	1293.0
	0.2107193080327705	SEQC	bootstrap	1294.0
	0.12349292671612044	SEQC	bootstrap	1295.0
	0.12734187971727629	SEQC	bootstrap	1296.0
	0.12751843511287486	SEQC	bootstrap	1297.0
	0.2123065228550125	SEQC	bootstrap	1298.0
	0.21229088648937822	SEQC	bootstrap	1299.0
	0.5820096195582405	SEQC	bootstrap	1300.0
	0.11308611530435098	SEQC	bootstrap	1301.0
	0.31567527187827604	SEQC	bootstrap	1302.0
	0.3389108468519968	SEQC	bootstrap	1303.0
	0.3074318652318757	SEQC	bootstrap	1304.0
	0.3375950228655791	SEQC	bootstrap	1305.0
	-0.0803434904747804	SEQC	bootstrap	1306.0
	0.19862137433396754	SEQC	bootstrap	1307.0
	0.4215354357583454	SEQC	bootstrap	1308.0
	0.22847286773025077	SEQC	bootstrap	1309.0
	0.09916427281605822	SEQC	bootstrap	1310.0
	0.3630262819906722	SEQC	bootstrap	1311.0
	0.044365619736087325	SEQC	bootstrap	1312.0
	0.2425035051801867	SEQC	bootstrap	1313.0
	0.16531368529975232	SEQC	bootstrap	1314.0
	0.2136709793651086	SEQC	bootstrap	1315.0
	0.09519092058790246	SEQC	bootstrap	1316.0
	0.18830424393882206	SEQC	bootstrap	1317.0
	-0.017934946100700344	SEQC	bootstrap	1318.0
	0.35391738902150394	SEQC	bootstrap	1319.0
	0.40052140850879336	SEQC	bootstrap	1320.0
	0.1668422673941441	SEQC	bootstrap	1321.0
	0.3927508794901593	SEQC	bootstrap	1322.0
	0.4180702847772002	SEQC	bootstrap	1323.0
	0.35536426464156357	SEQC	bootstrap	1324.0
	0.3850068180793689	SEQC	bootstrap	1325.0
	0.602994477365828	SEQC	bootstrap	1326.0
	0.2709452212486365	SEQC	bootstrap	1327.0
	0.26170232367797164	SEQC	bootstrap	1328.0
	0.32426909843016105	SEQC	bootstrap	1329.0
	-0.03805668690437347	SEQC	bootstrap	1330.0
	0.17451876219649964	SEQC	bootstrap	1331.0
	0.0284420431040453	SEQC	bootstrap	1332.0
	0.22618876051176562	SEQC	bootstrap	1333.0
	-0.022654198281397697	SEQC	bootstrap	1334.0
	0.4467521941201542	SEQC	bootstrap	1335.0
	0.3519048167480645	SEQC	bootstrap	1336.0
	0.12899239899877157	SEQC	bootstrap	1337.0
	0.1767515397357604	SEQC	bootstrap	1338.0
	0.10238285019767357	SEQC	bootstrap	1339.0
	-0.01949487172972919	SEQC	bootstrap	1340.0
	0.1494803256990136	SEQC	bootstrap	1341.0
	0.03046878977935963	SEQC	bootstrap	1342.0
	0.45648237499169175	SEQC	bootstrap	1343.0
	0.036209631858958424	SEQC	bootstrap	1344.0
	0.034182807636784496	SEQC	bootstrap	1345.0
	0.18376017377690346	SEQC	bootstrap	1346.0
	0.594343879631821	SEQC	bootstrap	1347.0
	0.1756267544421859	SEQC	bootstrap	1348.0
	0.2013901294468714	SEQC	bootstrap	1349.0
	0.2368042305236977	SEQC	bootstrap	1350.0
	0.2218659359490447	SEQC	bootstrap	1351.0
	0.24833765884083547	SEQC	bootstrap	1352.0
	0.31505841023124637	SEQC	bootstrap	1353.0
	0.37980888882084907	SEQC	bootstrap	1354.0
	0.06457142563616491	SEQC	bootstrap	1355.0
	0.207382349524055	SEQC	bootstrap	1356.0
	0.2547071773017793	SEQC	bootstrap	1357.0
	0.0894972345023497	SEQC	bootstrap	1358.0
	0.15917869943246998	SEQC	bootstrap	1359.0
	0.3039509080131224	SEQC	bootstrap	1360.0
	0.045528762780563614	SEQC	bootstrap	1361.0
	0.0026398607575659483	SEQC	bootstrap	1362.0
	0.37803222028633243	SEQC	bootstrap	1363.0
	0.13850955037740498	SEQC	bootstrap	1364.0
	0.34159949907405407	SEQC	bootstrap	1365.0
	0.352612967720769	SEQC	bootstrap	1366.0
	0.19466658227503686	SEQC	bootstrap	1367.0
	0.2816146814171021	SEQC	bootstrap	1368.0
	0.4243819634065842	SEQC	bootstrap	1369.0
	0.31792368648039115	SEQC	bootstrap	1370.0
	0.31695320947843975	SEQC	bootstrap	1371.0
	0.023474498158998713	SEQC	bootstrap	1372.0
	0.3322607171870513	SEQC	bootstrap	1373.0
	0.1721747021656741	SEQC	bootstrap	1374.0
	0.3162525229982114	SEQC	bootstrap	1375.0
	0.09658744056990809	SEQC	bootstrap	1376.0
	0.27623443382168356	SEQC	bootstrap	1377.0
	0.06936149187770901	SEQC	bootstrap	1378.0
	0.2450599480186728	SEQC	bootstrap	1379.0
	0.2971572402271909	SEQC	bootstrap	1380.0
	-0.04884986864880503	SEQC	bootstrap	1381.0
	0.1387215516503706	SEQC	bootstrap	1382.0
	0.5776573189428067	SEQC	bootstrap	1383.0
	0.3322562766282582	SEQC	bootstrap	1384.0
	0.40609289284473293	SEQC	bootstrap	1385.0
	0.4112532660568511	SEQC	bootstrap	1386.0
	0.25608413707958855	SEQC	bootstrap	1387.0
	0.5714253908536056	SEQC	bootstrap	1388.0
	0.3688964648698221	SEQC	bootstrap	1389.0
	0.3693282429822964	SEQC	bootstrap	1390.0
	0.25783572794274967	SEQC	bootstrap	1391.0
	-0.07696217570132058	SEQC	bootstrap	1392.0
	0.1801942251221922	SEQC	bootstrap	1393.0
	0.3039381111851016	SEQC	bootstrap	1394.0
	-0.04816645961964339	SEQC	bootstrap	1395.0
	0.061057190889150625	SEQC	bootstrap	1396.0
	0.28857772207805255	SEQC	bootstrap	1397.0
	0.3964905478599752	SEQC	bootstrap	1398.0
	0.3158324427874657	SEQC	bootstrap	1399.0
	0.008306340861623518	SEQC	bootstrap	1400.0
	0.26692739910842	SEQC	bootstrap	1401.0
	0.040547934804335384	SEQC	bootstrap	1402.0
	0.2539065408630501	SEQC	bootstrap	1403.0
	0.37878266533031013	SEQC	bootstrap	1404.0
	0.2614598036504945	SEQC	bootstrap	1405.0
	-0.02927721521694382	SEQC	bootstrap	1406.0
	0.24949903159202558	SEQC	bootstrap	1407.0
	0.27701327505660434	SEQC	bootstrap	1408.0
	0.09880097851658842	SEQC	bootstrap	1409.0
	0.14680462210718925	SEQC	bootstrap	1410.0
	0.5672483688121086	SEQC	bootstrap	1411.0
	0.2026403968501591	SEQC	bootstrap	1412.0
	0.23403441373999279	SEQC	bootstrap	1413.0
	0.5112424218500924	SEQC	bootstrap	1414.0
	0.3860200559537179	SEQC	bootstrap	1415.0
	0.056768552679964834	SEQC	bootstrap	1416.0
	0.39445695078371834	SEQC	bootstrap	1417.0
	0.3073203559264819	SEQC	bootstrap	1418.0
	0.2546104694478939	SEQC	bootstrap	1419.0
	0.11033278015479375	SEQC	bootstrap	1420.0
	0.2671752557685547	SEQC	bootstrap	1421.0
	0.34470080369356504	SEQC	bootstrap	1422.0
	0.472364754884691	SEQC	bootstrap	1423.0
	-0.08324864126914289	SEQC	bootstrap	1424.0
	0.18790639483488114	SEQC	bootstrap	1425.0
	0.4832636733424862	SEQC	bootstrap	1426.0
	-0.056408072941065424	SEQC	bootstrap	1427.0
	0.31149830658981204	SEQC	bootstrap	1428.0
	0.2500023590523073	SEQC	bootstrap	1429.0
	0.23198143468915688	SEQC	bootstrap	1430.0
	0.15501936654355308	SEQC	bootstrap	1431.0
	0.2824492750498169	SEQC	bootstrap	1432.0
	0.265835287566516	SEQC	bootstrap	1433.0
	0.28807224569906387	SEQC	bootstrap	1434.0
	0.39313790919183633	SEQC	bootstrap	1435.0
	0.38669766156080243	SEQC	bootstrap	1436.0
	0.2539099104136442	SEQC	bootstrap	1437.0
	0.31905667539679916	SEQC	bootstrap	1438.0
	0.11103525994794339	SEQC	bootstrap	1439.0
	-0.002864825509801605	SEQC	bootstrap	1440.0
	0.1107902274696877	SEQC	bootstrap	1441.0
	0.5301897022583644	SEQC	bootstrap	1442.0
	0.38631152924544176	SEQC	bootstrap	1443.0
	0.35645601794848325	SEQC	bootstrap	1444.0
	0.2533929582206964	SEQC	bootstrap	1445.0
	0.4674465961282399	SEQC	bootstrap	1446.0
	0.2029463671111733	SEQC	bootstrap	1447.0
	0.439913947773952	SEQC	bootstrap	1448.0
	0.34704631729474933	SEQC	bootstrap	1449.0
	0.21823308731369861	SEQC	bootstrap	1450.0
	0.5383953638267616	SEQC	bootstrap	1451.0
	0.31415242019410083	SEQC	bootstrap	1452.0
	0.4059692545386566	SEQC	bootstrap	1453.0
	0.07175862580898107	SEQC	bootstrap	1454.0
	-0.008593145562243443	SEQC	bootstrap	1455.0
	0.18274947925354557	SEQC	bootstrap	1456.0
	0.37870981243342206	SEQC	bootstrap	1457.0
	0.34409202908799097	SEQC	bootstrap	1458.0
	0.34216473934263636	SEQC	bootstrap	1459.0
	0.3406344069737566	SEQC	bootstrap	1460.0
	0.15018815484055237	SEQC	bootstrap	1461.0
	0.0905142810581232	SEQC	bootstrap	1462.0
	0.21198762719543263	SEQC	bootstrap	1463.0
	0.2685862974274049	SEQC	bootstrap	1464.0
	0.43218342469293924	SEQC	bootstrap	1465.0
	0.09420309067187738	SEQC	bootstrap	1466.0
	0.56876479120554	SEQC	bootstrap	1467.0
	0.19524165511624858	SEQC	bootstrap	1468.0
	0.11150891101276272	SEQC	bootstrap	1469.0
	0.29434013833106754	SEQC	bootstrap	1470.0
	0.28062431484779404	SEQC	bootstrap	1471.0
	0.32429698186010114	SEQC	bootstrap	1472.0
	0.5649897070518533	SEQC	bootstrap	1473.0
	0.29139695887047967	SEQC	bootstrap	1474.0
	0.20726754266965086	SEQC	bootstrap	1475.0
	0.38326342502733945	SEQC	bootstrap	1476.0
	0.21858316629738983	SEQC	bootstrap	1477.0
	0.05102100285685163	SEQC	bootstrap	1478.0
	0.0882214192038715	SEQC	bootstrap	1479.0
	0.4183709623313616	SEQC	bootstrap	1480.0
	0.4189692159542098	SEQC	bootstrap	1481.0
	0.3012855637720113	SEQC	bootstrap	1482.0
	0.3129411653288754	SEQC	bootstrap	1483.0
	0.37178136657793637	SEQC	bootstrap	1484.0
	0.4153486626415779	SEQC	bootstrap	1485.0
	0.015174777582291021	SEQC	bootstrap	1486.0
	0.3524181680439247	SEQC	bootstrap	1487.0
	0.3042820171222296	SEQC	bootstrap	1488.0
	0.3695788696995641	SEQC	bootstrap	1489.0
	0.15250934729426202	SEQC	bootstrap	1490.0
	0.11172371491651623	SEQC	bootstrap	1491.0
	0.1687328466493474	SEQC	bootstrap	1492.0
	0.12888254327394844	SEQC	bootstrap	1493.0
	0.2270377698492556	SEQC	bootstrap	1494.0
	0.22327249485520806	SEQC	bootstrap	1495.0
	-0.03148198631728949	SEQC	bootstrap	1496.0
	0.3048228564367652	SEQC	bootstrap	1497.0
	0.48314638694542555	SEQC	bootstrap	1498.0
	0.3459659246289699	SEQC	bootstrap	1499.0
	0.03777849544908207	SEQC	bootstrap	1500.0
	0.22623181056082098	SEQC	bootstrap	1501.0
	0.38902421418215694	SEQC	bootstrap	1502.0
	0.27302058806823126	SEQC	bootstrap	1503.0
	0.20986227244154687	SEQC	bootstrap	1504.0
	0.38607633978958456	SEQC	bootstrap	1505.0
	0.4576761721340734	SEQC	bootstrap	1506.0
	0.4195245775445757	SEQC	bootstrap	1507.0
	0.36227765758839947	SEQC	bootstrap	1508.0
	0.40690430491600926	SEQC	bootstrap	1509.0
	0.4495155060083791	SEQC	bootstrap	1510.0
	-0.026829156237622165	SEQC	bootstrap	1511.0
	0.10091159798950144	SEQC	bootstrap	1512.0
	-0.04884384814642573	SEQC	bootstrap	1513.0
	0.35875318600430806	SEQC	bootstrap	1514.0
	0.09759566589948854	SEQC	bootstrap	1515.0
	0.18273082643862182	SEQC	bootstrap	1516.0
	0.2955924903091067	SEQC	bootstrap	1517.0
	0.21102113418489044	SEQC	bootstrap	1518.0
	-0.10533379555401057	SEQC	bootstrap	1519.0
	0.49294750283536093	SEQC	bootstrap	1520.0
	0.3126636215414682	SEQC	bootstrap	1521.0
	-0.010907825089810252	SEQC	bootstrap	1522.0
	-0.20544290153825218	SEQC	bootstrap	1523.0
	0.39657681776844633	SEQC	bootstrap	1524.0
	-0.028759898537479955	SEQC	bootstrap	1525.0
	0.46959218856793816	SEQC	bootstrap	1526.0
	0.05345877695582146	SEQC	bootstrap	1527.0
	0.07328029466118346	SEQC	bootstrap	1528.0
	0.35944512498550196	SEQC	bootstrap	1529.0
	0.1089624265717557	SEQC	bootstrap	1530.0
	0.24554877184693824	SEQC	bootstrap	1531.0
	0.19596101215837525	SEQC	bootstrap	1532.0
	0.17048719922405642	SEQC	bootstrap	1533.0
	0.4006544170931732	SEQC	bootstrap	1534.0
	0.39765296524322036	SEQC	bootstrap	1535.0
	0.2408661649583408	SEQC	bootstrap	1536.0
	0.20152428067675876	SEQC	bootstrap	1537.0
	0.1927217403754251	SEQC	bootstrap	1538.0
	0.17868133991673885	SEQC	bootstrap	1539.0
	0.5161046349206582	SEQC	bootstrap	1540.0
	0.36974913640008245	SEQC	bootstrap	1541.0
	0.4502181281277857	SEQC	bootstrap	1542.0
	0.09496448579046479	SEQC	bootstrap	1543.0
	0.3016539291735203	SEQC	bootstrap	1544.0
	0.380470462889968	SEQC	bootstrap	1545.0
	0.4834739665262644	SEQC	bootstrap	1546.0
	0.3951401857796135	SEQC	bootstrap	1547.0
	0.28903348283443897	SEQC	bootstrap	1548.0
	0.6741887337441428	SEQC	bootstrap	1549.0
	0.4781678533855662	SEQC	bootstrap	1550.0
	0.29334438281181185	SEQC	bootstrap	1551.0
	0.11711439239354826	SEQC	bootstrap	1552.0
	0.3374320292685411	SEQC	bootstrap	1553.0
	0.004585002348627576	SEQC	bootstrap	1554.0
	0.16381137710338223	SEQC	bootstrap	1555.0
	0.11048392587782807	SEQC	bootstrap	1556.0
	0.3744018561245346	SEQC	bootstrap	1557.0
	0.04061214596107643	SEQC	bootstrap	1558.0
	-0.09664124763692783	SEQC	bootstrap	1559.0
	0.29681150332280204	SEQC	bootstrap	1560.0
	0.39768330110202665	SEQC	bootstrap	1561.0
	0.322721230979818	SEQC	bootstrap	1562.0
	0.15006242098586497	SEQC	bootstrap	1563.0
	0.015654483486480242	SEQC	bootstrap	1564.0
	0.07121049153083359	SEQC	bootstrap	1565.0
	0.36677749914168833	SEQC	bootstrap	1566.0
	0.1955171822858217	SEQC	bootstrap	1567.0
	0.14697210350755485	SEQC	bootstrap	1568.0
	0.28012781965874645	SEQC	bootstrap	1569.0
	0.2859325539373634	SEQC	bootstrap	1570.0
	0.18170480470990968	SEQC	bootstrap	1571.0
	0.05507462819762221	SEQC	bootstrap	1572.0
	0.2062845187670317	SEQC	bootstrap	1573.0
	0.21692733735619685	SEQC	bootstrap	1574.0
	0.2733642259971436	SEQC	bootstrap	1575.0
	0.2898413713766752	SEQC	bootstrap	1576.0
	0.38456442198369656	SEQC	bootstrap	1577.0
	0.45148114320286536	SEQC	bootstrap	1578.0
	0.31651923470684196	SEQC	bootstrap	1579.0
	0.26451807316954756	SEQC	bootstrap	1580.0
	0.09432338239733662	SEQC	bootstrap	1581.0
	0.4194686437579658	SEQC	bootstrap	1582.0
	0.37208743767427466	SEQC	bootstrap	1583.0
	0.12555163858300578	SEQC	bootstrap	1584.0
	0.3353670051589752	SEQC	bootstrap	1585.0
	0.5410546491965262	SEQC	bootstrap	1586.0
	-0.10883584823776804	SEQC	bootstrap	1587.0
	-0.11025059558092254	SEQC	bootstrap	1588.0
	0.0005547169042454669	SEQC	bootstrap	1589.0
	0.5022745331599512	SEQC	bootstrap	1590.0
	0.5619970918148263	SEQC	bootstrap	1591.0
	0.2969736364354798	SEQC	bootstrap	1592.0
	0.28987982939739343	SEQC	bootstrap	1593.0
	0.5028450098343766	SEQC	bootstrap	1594.0
	0.12367280335405928	SEQC	bootstrap	1595.0
	0.1797012952592696	SEQC	bootstrap	1596.0
	0.38512830888494864	SEQC	bootstrap	1597.0
	0.46535133265366957	SEQC	bootstrap	1598.0
	0.26206878513460685	SEQC	bootstrap	1599.0
	0.6074161444411814	SEQC	bootstrap	1600.0
	0.10853058801836157	SEQC	bootstrap	1601.0
	0.4661246630766609	SEQC	bootstrap	1602.0
	0.12332806004237717	SEQC	bootstrap	1603.0
	-0.02118574950128327	SEQC	bootstrap	1604.0
	0.13073134248928753	SEQC	bootstrap	1605.0
	0.34930993411378086	SEQC	bootstrap	1606.0
	0.6530416726277122	SEQC	bootstrap	1607.0
	0.473757083994375	SEQC	bootstrap	1608.0
	0.1865916429743799	SEQC	bootstrap	1609.0
	0.3139624337530691	SEQC	bootstrap	1610.0
	0.4023153839830602	SEQC	bootstrap	1611.0
	0.2982663471109017	SEQC	bootstrap	1612.0
	-0.07362834979906108	SEQC	bootstrap	1613.0
	0.19420794390388263	SEQC	bootstrap	1614.0
	0.48085768914665783	SEQC	bootstrap	1615.0
	0.3114075189093164	SEQC	bootstrap	1616.0
	0.40981549677258666	SEQC	bootstrap	1617.0
	0.1971737762685235	SEQC	bootstrap	1618.0
	0.5511699360692313	SEQC	bootstrap	1619.0
	0.13064704405713456	SEQC	bootstrap	1620.0
	0.051601247623166646	SEQC	bootstrap	1621.0
	0.24767014173210367	SEQC	bootstrap	1622.0
	0.7554886541735004	SEQC	bootstrap	1623.0
	0.5424672623638869	SEQC	bootstrap	1624.0
	-0.2009464368454954	SEQC	bootstrap	1625.0
	0.38557875971515765	SEQC	bootstrap	1626.0
	0.39541088153020487	SEQC	bootstrap	1627.0
	0.2712470213842715	SEQC	bootstrap	1628.0
	0.2841199632625284	SEQC	bootstrap	1629.0
	0.08913595456933088	SEQC	bootstrap	1630.0
	0.3068731535053342	SEQC	bootstrap	1631.0
	0.37854233163812756	SEQC	bootstrap	1632.0
	0.22949878626752085	SEQC	bootstrap	1633.0
	0.26132775925983287	SEQC	bootstrap	1634.0
	0.15298414795631565	SEQC	bootstrap	1635.0
	0.35976402508007244	SEQC	bootstrap	1636.0
	0.18684961357904317	SEQC	bootstrap	1637.0
	0.3947584103287616	SEQC	bootstrap	1638.0
	0.04299258460495414	SEQC	bootstrap	1639.0
	0.18835415821156154	SEQC	bootstrap	1640.0
	0.25175791975005657	SEQC	bootstrap	1641.0
	0.3997494327586497	SEQC	bootstrap	1642.0
	0.3759811495772549	SEQC	bootstrap	1643.0
	0.11261125726483812	SEQC	bootstrap	1644.0
	0.24766497108628371	SEQC	bootstrap	1645.0
	0.15896354867232	SEQC	bootstrap	1646.0
	-0.006984626991831888	SEQC	bootstrap	1647.0
	0.07238571647114878	SEQC	bootstrap	1648.0
	0.5402797291626249	SEQC	bootstrap	1649.0
	0.1876935677881666	SEQC	bootstrap	1650.0
	0.07227669007432702	SEQC	bootstrap	1651.0
	0.4357840186251214	SEQC	bootstrap	1652.0
	0.38845008309439066	SEQC	bootstrap	1653.0
	0.038041107080276415	SEQC	bootstrap	1654.0
	0.3946554268895488	SEQC	bootstrap	1655.0
	0.28457323987811467	SEQC	bootstrap	1656.0
	0.22654374056648052	SEQC	bootstrap	1657.0
	0.1366679172569918	SEQC	bootstrap	1658.0
	0.08530009268529692	SEQC	bootstrap	1659.0
	0.4402690484716225	SEQC	bootstrap	1660.0
	0.3387858105281438	SEQC	bootstrap	1661.0
	0.20352721604777946	SEQC	bootstrap	1662.0
	0.09176035060376186	SEQC	bootstrap	1663.0
	0.1937895227947246	SEQC	bootstrap	1664.0
	0.49079660308702566	SEQC	bootstrap	1665.0
	0.05901216252548913	SEQC	bootstrap	1666.0
	0.3876241192223686	SEQC	bootstrap	1667.0
	-0.13848777718026595	SEQC	bootstrap	1668.0
	-0.007407468125022909	SEQC	bootstrap	1669.0
	0.29659721053793797	SEQC	bootstrap	1670.0
	0.2629951313621257	SEQC	bootstrap	1671.0
	0.27902387989714494	SEQC	bootstrap	1672.0
	0.19848314645992904	SEQC	bootstrap	1673.0
	0.32658744867987144	SEQC	bootstrap	1674.0
	0.45353926719720805	SEQC	bootstrap	1675.0
	0.3763936620364148	SEQC	bootstrap	1676.0
	0.29609217864425963	SEQC	bootstrap	1677.0
	0.22298786043889907	SEQC	bootstrap	1678.0
	-0.07450701202730547	SEQC	bootstrap	1679.0
	0.43672067218935373	SEQC	bootstrap	1680.0
	0.02926689448769082	SEQC	bootstrap	1681.0
	0.21756200348300236	SEQC	bootstrap	1682.0
	0.1205413206890924	SEQC	bootstrap	1683.0
	0.4652228606909987	SEQC	bootstrap	1684.0
	0.14530784350714132	SEQC	bootstrap	1685.0
	-0.2227695027002543	SEQC	bootstrap	1686.0
	0.6558733400797836	SEQC	bootstrap	1687.0
	0.2643921072435247	SEQC	bootstrap	1688.0
	0.027557305647423203	SEQC	bootstrap	1689.0
	0.4698635597659897	SEQC	bootstrap	1690.0
	0.5806140065571124	SEQC	bootstrap	1691.0
	0.3007937582505469	SEQC	bootstrap	1692.0
	0.519561793497866	SEQC	bootstrap	1693.0
	0.3494179236265724	SEQC	bootstrap	1694.0
	0.8195430772724506	SEQC	bootstrap	1695.0
	0.4950679347511313	SEQC	bootstrap	1696.0
	0.5690242923926716	SEQC	bootstrap	1697.0
	0.5385403297236482	SEQC	bootstrap	1698.0
	0.47138173913928005	SEQC	bootstrap	1699.0
	-0.13628329928771477	SEQC	bootstrap	1700.0
	0.1383989647075925	SEQC	bootstrap	1701.0
	0.2947840216246336	SEQC	bootstrap	1702.0
	0.41252254568987645	SEQC	bootstrap	1703.0
	0.409248522703491	SEQC	bootstrap	1704.0
	0.477536637090084	SEQC	bootstrap	1705.0
	0.17909132008997286	SEQC	bootstrap	1706.0
	0.034855146855472086	SEQC	bootstrap	1707.0
	0.4499439549660078	SEQC	bootstrap	1708.0
	0.018921456720161878	SEQC	bootstrap	1709.0
	0.16844443337024906	SEQC	bootstrap	1710.0
	0.3453101953805593	SEQC	bootstrap	1711.0
	0.20345603271971457	SEQC	bootstrap	1712.0
	0.26204501980728523	SEQC	bootstrap	1713.0
	0.38277994736125365	SEQC	bootstrap	1714.0
	0.32651872218685574	SEQC	bootstrap	1715.0
	0.3189518395896416	SEQC	bootstrap	1716.0
	0.36621014338340174	SEQC	bootstrap	1717.0
	0.1341391788214139	SEQC	bootstrap	1718.0
	0.3208618399204042	SEQC	bootstrap	1719.0
	0.30847660269095334	SEQC	bootstrap	1720.0
	0.3583721679541587	SEQC	bootstrap	1721.0
	0.3659570042350473	SEQC	bootstrap	1722.0
	0.10265950685990965	SEQC	bootstrap	1723.0
	0.42934962794205234	SEQC	bootstrap	1724.0
	0.3574810599198961	SEQC	bootstrap	1725.0
	0.15498916182885836	SEQC	bootstrap	1726.0
	0.37714060569198615	SEQC	bootstrap	1727.0
	0.46693034030670866	SEQC	bootstrap	1728.0
	0.5115652942330464	SEQC	bootstrap	1729.0
	0.15109507351346396	SEQC	bootstrap	1730.0
	0.27658659649203	SEQC	bootstrap	1731.0
	0.11826183957424208	SEQC	bootstrap	1732.0
	0.4994979242903841	SEQC	bootstrap	1733.0
	0.2695270449636604	SEQC	bootstrap	1734.0
	0.07887188278104595	SEQC	bootstrap	1735.0
	0.2678430103921903	SEQC	bootstrap	1736.0
	0.22052150062523568	SEQC	bootstrap	1737.0
	0.23748777244379582	SEQC	bootstrap	1738.0
	0.3406466661586096	SEQC	bootstrap	1739.0
	0.4860228969322895	SEQC	bootstrap	1740.0
	0.014822332887404421	SEQC	bootstrap	1741.0
	0.1731795364661428	SEQC	bootstrap	1742.0
	0.05605770373963015	SEQC	bootstrap	1743.0
	0.2918597175066444	SEQC	bootstrap	1744.0
	0.2407032899414845	SEQC	bootstrap	1745.0
	0.23077498376370542	SEQC	bootstrap	1746.0
	0.528516287877292	SEQC	bootstrap	1747.0
	0.35232806848595954	SEQC	bootstrap	1748.0
	0.28923129655612545	SEQC	bootstrap	1749.0
	0.2947863848153611	SEQC	bootstrap	1750.0
	0.22635545464542828	SEQC	bootstrap	1751.0
	0.15084210337978554	SEQC	bootstrap	1752.0
	0.30373382266859306	SEQC	bootstrap	1753.0
	0.13245381041271997	SEQC	bootstrap	1754.0
	0.3224126433753054	SEQC	bootstrap	1755.0
	0.37431790768338846	SEQC	bootstrap	1756.0
	0.2013515449303025	SEQC	bootstrap	1757.0
	0.34689906940107607	SEQC	bootstrap	1758.0
	0.19470705131518873	SEQC	bootstrap	1759.0
	-0.07498213615827076	SEQC	bootstrap	1760.0
	0.10742170725016464	SEQC	bootstrap	1761.0
	0.1933196234617971	SEQC	bootstrap	1762.0
	0.4055033265617709	SEQC	bootstrap	1763.0
	-0.19838658666893272	SEQC	bootstrap	1764.0
	0.5896268514171505	SEQC	bootstrap	1765.0
	0.33825853170767584	SEQC	bootstrap	1766.0
	-0.07600042044138089	SEQC	bootstrap	1767.0
	0.29262621612879736	SEQC	bootstrap	1768.0
	0.4239082759371655	SEQC	bootstrap	1769.0
	0.27635257444007966	SEQC	bootstrap	1770.0
	0.15694406170672792	SEQC	bootstrap	1771.0
	0.40025670934895263	SEQC	bootstrap	1772.0
	0.36706804778478297	SEQC	bootstrap	1773.0
	0.2573053063936621	SEQC	bootstrap	1774.0
	0.7180771882294508	SEQC	bootstrap	1775.0
	0.46290628236384546	SEQC	bootstrap	1776.0
	0.5392712012078467	SEQC	bootstrap	1777.0
	0.4122736043789086	SEQC	bootstrap	1778.0
	0.15216657703068392	SEQC	bootstrap	1779.0
	0.4173698335698184	SEQC	bootstrap	1780.0
	0.3756850723724994	SEQC	bootstrap	1781.0
	0.0975166121801605	SEQC	bootstrap	1782.0
	0.48684182912533247	SEQC	bootstrap	1783.0
	0.12767943608788457	SEQC	bootstrap	1784.0
	0.3031069606961072	SEQC	bootstrap	1785.0
	0.35033190915799706	SEQC	bootstrap	1786.0
	0.3686024082057253	SEQC	bootstrap	1787.0
	0.4586119305542109	SEQC	bootstrap	1788.0
	0.10754944458199756	SEQC	bootstrap	1789.0
	0.4339959990120188	SEQC	bootstrap	1790.0
	0.5190017661359647	SEQC	bootstrap	1791.0
	0.41561312497418523	SEQC	bootstrap	1792.0
	0.40861699333377777	SEQC	bootstrap	1793.0
	0.47095694255214404	SEQC	bootstrap	1794.0
	0.20893184926252317	SEQC	bootstrap	1795.0
	0.39404250792199935	SEQC	bootstrap	1796.0
	0.2166800027738045	SEQC	bootstrap	1797.0
	0.11132763189302164	SEQC	bootstrap	1798.0
	0.3241326055024927	SEQC	bootstrap	1799.0
	0.5215870213760656	SEQC	bootstrap	1800.0
	0.2888724236070024	SEQC	bootstrap	1801.0
	0.34500510647900917	SEQC	bootstrap	1802.0
	0.34807021447859876	SEQC	bootstrap	1803.0
	0.19867887413512353	SEQC	bootstrap	1804.0
	0.4495316361850339	SEQC	bootstrap	1805.0
	0.5187009382824797	SEQC	bootstrap	1806.0
	0.27126831605752777	SEQC	bootstrap	1807.0
	0.5666531656547664	SEQC	bootstrap	1808.0
	0.37307793683519463	SEQC	bootstrap	1809.0
	0.21166870813538985	SEQC	bootstrap	1810.0
	0.303532395822542	SEQC	bootstrap	1811.0
	0.2053484856586456	SEQC	bootstrap	1812.0
	-0.20528721931300087	SEQC	bootstrap	1813.0
	0.22773444846573465	SEQC	bootstrap	1814.0
	0.2575568083754032	SEQC	bootstrap	1815.0
	0.005892698359736492	SEQC	bootstrap	1816.0
	0.10504538260630625	SEQC	bootstrap	1817.0
	0.47264309007261396	SEQC	bootstrap	1818.0
	0.4001831198364263	SEQC	bootstrap	1819.0
	0.11819449589099795	SEQC	bootstrap	1820.0
	0.24916042460671806	SEQC	bootstrap	1821.0
	0.2831062039242491	SEQC	bootstrap	1822.0
	0.1623138724866391	SEQC	bootstrap	1823.0
	0.32308569469780135	SEQC	bootstrap	1824.0
	0.345439124558633	SEQC	bootstrap	1825.0
	0.04739909633413575	SEQC	bootstrap	1826.0
	0.4340043805969849	SEQC	bootstrap	1827.0
	-0.056741141079719615	SEQC	bootstrap	1828.0
	0.1471145514809682	SEQC	bootstrap	1829.0
	0.5205985920638345	SEQC	bootstrap	1830.0
	0.4233990784586532	SEQC	bootstrap	1831.0
	0.18478648436084644	SEQC	bootstrap	1832.0
	0.37089222205508543	SEQC	bootstrap	1833.0
	0.16831067023441149	SEQC	bootstrap	1834.0
	0.26038357645738497	SEQC	bootstrap	1835.0
	0.4909136521295876	SEQC	bootstrap	1836.0
	0.2072333737383496	SEQC	bootstrap	1837.0
	0.0645836774295363	SEQC	bootstrap	1838.0
	0.20719348772177915	SEQC	bootstrap	1839.0
	0.15305787537042947	SEQC	bootstrap	1840.0
	0.25196395466039956	SEQC	bootstrap	1841.0
	0.06257390489539727	SEQC	bootstrap	1842.0
	0.42047248493128553	SEQC	bootstrap	1843.0
	0.2883967188337211	SEQC	bootstrap	1844.0
	0.40128401806964176	SEQC	bootstrap	1845.0
	0.5186484748507465	SEQC	bootstrap	1846.0
	0.40949246580836407	SEQC	bootstrap	1847.0
	0.20611702134789933	SEQC	bootstrap	1848.0
	0.26220429784246413	SEQC	bootstrap	1849.0
	0.44469877657662105	SEQC	bootstrap	1850.0
	0.2860546369461856	SEQC	bootstrap	1851.0
	0.2962757082643144	SEQC	bootstrap	1852.0
	0.3846711582320288	SEQC	bootstrap	1853.0
	0.15806904316375414	SEQC	bootstrap	1854.0
	-0.03513313314453281	SEQC	bootstrap	1855.0
	0.2833656420080892	SEQC	bootstrap	1856.0
	0.4522435917310763	SEQC	bootstrap	1857.0
	0.08327229584073192	SEQC	bootstrap	1858.0
	0.3439812515271221	SEQC	bootstrap	1859.0
	-0.1818557091327948	SEQC	bootstrap	1860.0
	0.3102806074048119	SEQC	bootstrap	1861.0
	0.302880195366817	SEQC	bootstrap	1862.0
	0.3678990398922779	SEQC	bootstrap	1863.0
	0.21435718991066732	SEQC	bootstrap	1864.0
	0.21483684810632298	SEQC	bootstrap	1865.0
	0.16024620635436904	SEQC	bootstrap	1866.0
	0.5035174972581742	SEQC	bootstrap	1867.0
	0.24083958083041246	SEQC	bootstrap	1868.0
	0.07030844483241161	SEQC	bootstrap	1869.0
	-0.08693562777304997	SEQC	bootstrap	1870.0
	0.2793423404622164	SEQC	bootstrap	1871.0
	0.04818450107008676	SEQC	bootstrap	1872.0
	0.28976735866828385	SEQC	bootstrap	1873.0
	0.31853972180535317	SEQC	bootstrap	1874.0
	0.28945907596239673	SEQC	bootstrap	1875.0
	0.5130356498250181	SEQC	bootstrap	1876.0
	0.20058144615342766	SEQC	bootstrap	1877.0
	0.011755216476086794	SEQC	bootstrap	1878.0
	0.28008777894957904	SEQC	bootstrap	1879.0
	0.3029256555378539	SEQC	bootstrap	1880.0
	0.3070745761776319	SEQC	bootstrap	1881.0
	0.5167245249052601	SEQC	bootstrap	1882.0
	0.18484414479287725	SEQC	bootstrap	1883.0
	0.19645601797447565	SEQC	bootstrap	1884.0
	0.33121405141775284	SEQC	bootstrap	1885.0
	0.4308028026256778	SEQC	bootstrap	1886.0
	0.19542731309079908	SEQC	bootstrap	1887.0
	0.32728788416678434	SEQC	bootstrap	1888.0
	0.42040714811867996	SEQC	bootstrap	1889.0
	0.07150268925043868	SEQC	bootstrap	1890.0
	0.06763105117942114	SEQC	bootstrap	1891.0
	0.36397227926485165	SEQC	bootstrap	1892.0
	0.2794975390940202	SEQC	bootstrap	1893.0
	0.21769460945859853	SEQC	bootstrap	1894.0
	0.31396142643788894	SEQC	bootstrap	1895.0
	0.06136035739244328	SEQC	bootstrap	1896.0
	0.1183435976436793	SEQC	bootstrap	1897.0
	0.3746354178130167	SEQC	bootstrap	1898.0
	0.045534143071526145	SEQC	bootstrap	1899.0
	0.030883028579869354	SEQC	bootstrap	1900.0
	0.006306689864634674	SEQC	bootstrap	1901.0
	0.27051220524284947	SEQC	bootstrap	1902.0
	0.3407772659390602	SEQC	bootstrap	1903.0
	0.2501790990967585	SEQC	bootstrap	1904.0
	0.4603837383951581	SEQC	bootstrap	1905.0
	0.34831237415814664	SEQC	bootstrap	1906.0
	0.5607441504679525	SEQC	bootstrap	1907.0
	0.49919680155651225	SEQC	bootstrap	1908.0
	0.13841770951644783	SEQC	bootstrap	1909.0
	0.07352803897735694	SEQC	bootstrap	1910.0
	0.32783920248160703	SEQC	bootstrap	1911.0
	0.26239863759980775	SEQC	bootstrap	1912.0
	0.3424338387653787	SEQC	bootstrap	1913.0
	0.4460815700000125	SEQC	bootstrap	1914.0
	0.2956631573555284	SEQC	bootstrap	1915.0
	0.29975727154913034	SEQC	bootstrap	1916.0
	0.3476039124941259	SEQC	bootstrap	1917.0
	0.14970892865311125	SEQC	bootstrap	1918.0
	0.20069944210835766	SEQC	bootstrap	1919.0
	0.5199486973319325	SEQC	bootstrap	1920.0
	0.06768709878417356	SEQC	bootstrap	1921.0
	0.4191522884287249	SEQC	bootstrap	1922.0
	0.4177505148872336	SEQC	bootstrap	1923.0
	0.4052627751988438	SEQC	bootstrap	1924.0
	0.11908657381960719	SEQC	bootstrap	1925.0
	0.22084461534786248	SEQC	bootstrap	1926.0
	0.49869642094820854	SEQC	bootstrap	1927.0
	0.5427936848927479	SEQC	bootstrap	1928.0
	0.5799513994510326	SEQC	bootstrap	1929.0
	0.23821868643307553	SEQC	bootstrap	1930.0
	0.4428615261434241	SEQC	bootstrap	1931.0
	0.5223421916791664	SEQC	bootstrap	1932.0
	0.046827924016943356	SEQC	bootstrap	1933.0
	0.35244138331455943	SEQC	bootstrap	1934.0
	0.5239198683044268	SEQC	bootstrap	1935.0
	0.2622334144706824	SEQC	bootstrap	1936.0
	0.1440321776483593	SEQC	bootstrap	1937.0
	0.4919793956985501	SEQC	bootstrap	1938.0
	0.2653115419406671	SEQC	bootstrap	1939.0
	0.4743273169994038	SEQC	bootstrap	1940.0
	0.21744719773531962	SEQC	bootstrap	1941.0
	-0.0163777514637391	SEQC	bootstrap	1942.0
	0.4193384297197915	SEQC	bootstrap	1943.0
	0.3050076913514199	SEQC	bootstrap	1944.0
	-0.011599102402473527	SEQC	bootstrap	1945.0
	0.31935847202809553	SEQC	bootstrap	1946.0
	0.08621821160188325	SEQC	bootstrap	1947.0
	0.134254142225247	SEQC	bootstrap	1948.0
	-0.046264152530780756	SEQC	bootstrap	1949.0
	-0.06839217332312852	SEQC	bootstrap	1950.0
	0.25417131382914926	SEQC	bootstrap	1951.0
	0.020743326624678815	SEQC	bootstrap	1952.0
	0.503342354175877	SEQC	bootstrap	1953.0
	0.3048836981268517	SEQC	bootstrap	1954.0
	0.01074143813356887	SEQC	bootstrap	1955.0
	0.33166807259531517	SEQC	bootstrap	1956.0
	0.454595266351987	SEQC	bootstrap	1957.0
	0.49935345891457583	SEQC	bootstrap	1958.0
	0.2744162280470839	SEQC	bootstrap	1959.0
	0.10770364260093634	SEQC	bootstrap	1960.0
	0.1443267914574755	SEQC	bootstrap	1961.0
	0.11978151354712496	SEQC	bootstrap	1962.0
	0.3406444144509502	SEQC	bootstrap	1963.0
	0.47035443404940835	SEQC	bootstrap	1964.0
	-0.09822280033145958	SEQC	bootstrap	1965.0
	0.26143311249915024	SEQC	bootstrap	1966.0
	0.5575300096506122	SEQC	bootstrap	1967.0
	0.31907200366004584	SEQC	bootstrap	1968.0
	0.1796430138092644	SEQC	bootstrap	1969.0
	0.3028086703126873	SEQC	bootstrap	1970.0
	0.1322521620898538	SEQC	bootstrap	1971.0
	0.16584009768930352	SEQC	bootstrap	1972.0
	-0.19067390149123886	SEQC	bootstrap	1973.0
	0.3767901213991074	SEQC	bootstrap	1974.0
	0.12683283574620274	SEQC	bootstrap	1975.0
	0.028820919844095627	SEQC	bootstrap	1976.0
	-0.07299813121753207	SEQC	bootstrap	1977.0
	0.2547559768074823	SEQC	bootstrap	1978.0
	0.2165978844265295	SEQC	bootstrap	1979.0
	0.48743452531758313	SEQC	bootstrap	1980.0
	0.6179072237217715	SEQC	bootstrap	1981.0
	0.25144070142268315	SEQC	bootstrap	1982.0
	-0.010165740829169323	SEQC	bootstrap	1983.0
	0.2306120800632394	SEQC	bootstrap	1984.0
	0.261896175700862	SEQC	bootstrap	1985.0
	0.3229724276085144	SEQC	bootstrap	1986.0
	0.22868692338563612	SEQC	bootstrap	1987.0
	0.06522388761751952	SEQC	bootstrap	1988.0
	0.03169095010065881	SEQC	bootstrap	1989.0
	0.27519264722762493	SEQC	bootstrap	1990.0
	0.36589034858763636	SEQC	bootstrap	1991.0
	0.3875036901373141	SEQC	bootstrap	1992.0
	0.3621693392909564	SEQC	bootstrap	1993.0
	0.3454526496421324	SEQC	bootstrap	1994.0
	0.1775396302226966	SEQC	bootstrap	1995.0
	0.2891354353478848	SEQC	bootstrap	1996.0
	0.3040390519482217	SEQC	bootstrap	1997.0
	0.2820920622737937	SEQC	bootstrap	1998.0
	0.3296124747943727	SEQC	bootstrap	1999.0
	0.11090950554089485	SEQC	bootstrap	2000.0
1.0	0.21704613985824928	Kocak	permutation	
2.0	0.07125679202455792	Kocak	permutation	
3.0	0.5008586503465704	Kocak	permutation	
4.0	0.0941377781344146	Kocak	permutation	
5.0	0.20449250293305976	Kocak	permutation	
6.0	-0.39539223578634	Kocak	permutation	
7.0	0.17860492413104012	Kocak	permutation	
8.0	0.2679048018557024	Kocak	permutation	
9.0	0.2316482529535122	Kocak	permutation	
10.0	0.055618571598644806	Kocak	permutation	
11.0	-0.02448200847258164	Kocak	permutation	
12.0	-0.1344759998581928	Kocak	permutation	
13.0	0.20291796182108968	Kocak	permutation	
14.0	0.07430447593629896	Kocak	permutation	
15.0	-0.012014765636531699	Kocak	permutation	
16.0	0.16714593743808326	Kocak	permutation	
17.0	0.0667819731886512	Kocak	permutation	
18.0	-0.04664639765292655	Kocak	permutation	
19.0	-0.23991727992841705	Kocak	permutation	
20.0	-0.29884978001238016	Kocak	permutation	
21.0	0.2655606984077261	Kocak	permutation	
22.0	0.21733698010768343	Kocak	permutation	
23.0	0.05591269397275678	Kocak	permutation	
24.0	0.1058298936540698	Kocak	permutation	
25.0	-0.05264888741364171	Kocak	permutation	
26.0	0.3701194834598489	Kocak	permutation	
27.0	0.3174976529280569	Kocak	permutation	
28.0	0.096190823441904	Kocak	permutation	
29.0	0.10929105048906607	Kocak	permutation	
30.0	0.14551875244246748	Kocak	permutation	
31.0	0.03745027235622711	Kocak	permutation	
32.0	-0.0461482395431112	Kocak	permutation	
33.0	-0.2567304154954644	Kocak	permutation	
34.0	0.14814435549133087	Kocak	permutation	
35.0	0.056845128351945995	Kocak	permutation	
36.0	0.2931414875156442	Kocak	permutation	
37.0	0.4209153922794693	Kocak	permutation	
38.0	0.28139684718274616	Kocak	permutation	
39.0	0.2066956151529702	Kocak	permutation	
40.0	0.07244850391194824	Kocak	permutation	
41.0	-0.09044761869621709	Kocak	permutation	
42.0	-0.02831120944427301	Kocak	permutation	
43.0	-0.023515564774729825	Kocak	permutation	
44.0	0.011298507932993473	Kocak	permutation	
45.0	0.06264815766763743	Kocak	permutation	
46.0	0.141114402559543	Kocak	permutation	
47.0	-0.040803900071715304	Kocak	permutation	
48.0	-0.10566549003857251	Kocak	permutation	
49.0	0.38683095717675275	Kocak	permutation	
50.0	-0.25532214414600496	Kocak	permutation	
51.0	0.3444259880798839	Kocak	permutation	
52.0	0.02989281388330145	Kocak	permutation	
53.0	-0.033895006608305245	Kocak	permutation	
54.0	-0.03798313589542879	Kocak	permutation	
55.0	0.4410160548551385	Kocak	permutation	
56.0	0.08832662721905127	Kocak	permutation	
57.0	0.09173015566438547	Kocak	permutation	
58.0	-0.05159800964604688	Kocak	permutation	
59.0	0.0719129667469316	Kocak	permutation	
60.0	0.13482229341490104	Kocak	permutation	
61.0	0.006055902415991632	Kocak	permutation	
62.0	0.3909006384812237	Kocak	permutation	
63.0	0.1906217954606264	Kocak	permutation	
64.0	-0.040396298120684015	Kocak	permutation	
65.0	-0.3985891357852931	Kocak	permutation	
66.0	-0.20127714956756027	Kocak	permutation	
67.0	0.4069038400642908	Kocak	permutation	
68.0	0.23994478102686667	Kocak	permutation	
69.0	0.24009554327421512	Kocak	permutation	
70.0	-0.18702630359676897	Kocak	permutation	
71.0	0.28435959079100037	Kocak	permutation	
72.0	0.3649542464937561	Kocak	permutation	
73.0	0.04174746622831016	Kocak	permutation	
74.0	0.09429290070636842	Kocak	permutation	
75.0	0.14858399778816977	Kocak	permutation	
76.0	0.3173073319114925	Kocak	permutation	
77.0	0.0921886267924874	Kocak	permutation	
78.0	-0.02990655947501697	Kocak	permutation	
79.0	0.17779556673966646	Kocak	permutation	
80.0	-0.4387920139096555	Kocak	permutation	
81.0	-0.1097366432892537	Kocak	permutation	
82.0	0.348080564115425	Kocak	permutation	
83.0	0.2793544903333922	Kocak	permutation	
84.0	0.06671025192518254	Kocak	permutation	
85.0	0.21888317470279173	Kocak	permutation	
86.0	0.282283076458997	Kocak	permutation	
87.0	0.16444427582117438	Kocak	permutation	
88.0	-0.14319430642806186	Kocak	permutation	
89.0	-0.21803856390564125	Kocak	permutation	
90.0	-0.126396184220245	Kocak	permutation	
91.0	0.001078248060916387	Kocak	permutation	
92.0	-0.11186240111277801	Kocak	permutation	
93.0	-0.2511345300524077	Kocak	permutation	
94.0	-0.10447017467541553	Kocak	permutation	
95.0	-0.031284929522551685	Kocak	permutation	
96.0	0.1516452573154803	Kocak	permutation	
97.0	0.12974333426682705	Kocak	permutation	
98.0	0.01412922635022884	Kocak	permutation	
99.0	-0.29170377482967647	Kocak	permutation	
100.0	0.37742503927718474	Kocak	permutation	
101.0	-0.1586311081189251	Kocak	permutation	
102.0	-0.09587070647913176	Kocak	permutation	
103.0	0.22020341312406888	Kocak	permutation	
104.0	0.14052972647855633	Kocak	permutation	
105.0	0.23240983440009444	Kocak	permutation	
106.0	0.03984730178648643	Kocak	permutation	
107.0	-0.3844551424170266	Kocak	permutation	
108.0	0.06516596653640505	Kocak	permutation	
109.0	-0.025840692557719258	Kocak	permutation	
110.0	0.0242200847905778	Kocak	permutation	
111.0	-0.002834244195064173	Kocak	permutation	
112.0	-0.229547699340225	Kocak	permutation	
113.0	-0.07901648619498403	Kocak	permutation	
114.0	-0.22582817331231775	Kocak	permutation	
115.0	0.1200354597211879	Kocak	permutation	
116.0	-0.05904420854747894	Kocak	permutation	
117.0	-0.006490528630171077	Kocak	permutation	
118.0	-0.014850184611477246	Kocak	permutation	
119.0	0.23853484086610077	Kocak	permutation	
120.0	-0.044282543351207515	Kocak	permutation	
121.0	0.34114881230090077	Kocak	permutation	
122.0	0.24222343521456846	Kocak	permutation	
123.0	0.13143752994876312	Kocak	permutation	
124.0	-0.08691270347056168	Kocak	permutation	
125.0	0.12426681528148542	Kocak	permutation	
126.0	0.198847038782616	Kocak	permutation	
127.0	0.24392333159620616	Kocak	permutation	
128.0	-0.228453715390327	Kocak	permutation	
129.0	0.2681000036020347	Kocak	permutation	
130.0	0.05635843348021741	Kocak	permutation	
131.0	-0.0004827132301103987	Kocak	permutation	
132.0	-0.027311721208310935	Kocak	permutation	
133.0	0.011040884300772547	Kocak	permutation	
134.0	-0.4319928121885801	Kocak	permutation	
135.0	0.14417939717962636	Kocak	permutation	
136.0	0.05993586045374677	Kocak	permutation	
137.0	0.3397632008391769	Kocak	permutation	
138.0	0.1290572781769539	Kocak	permutation	
139.0	-0.1313393088653907	Kocak	permutation	
140.0	0.04739596570004867	Kocak	permutation	
141.0	0.06752353115807352	Kocak	permutation	
142.0	0.2658988971581504	Kocak	permutation	
143.0	0.1855692123882129	Kocak	permutation	
144.0	-0.06276394591412782	Kocak	permutation	
145.0	-0.1246634687584427	Kocak	permutation	
146.0	0.02718949886258759	Kocak	permutation	
147.0	0.2324266207168595	Kocak	permutation	
148.0	-0.019581345602664335	Kocak	permutation	
149.0	0.010090655729777964	Kocak	permutation	
150.0	0.277637005635202	Kocak	permutation	
151.0	-0.06083934194817342	Kocak	permutation	
152.0	0.3227913194009897	Kocak	permutation	
153.0	-0.03667547819978001	Kocak	permutation	
154.0	-0.2593675032288614	Kocak	permutation	
155.0	-0.023683499144353526	Kocak	permutation	
156.0	-0.23726593892849923	Kocak	permutation	
157.0	0.053365124187290114	Kocak	permutation	
158.0	0.14973891063358202	Kocak	permutation	
159.0	0.47750155936578764	Kocak	permutation	
160.0	0.5797549607701882	Kocak	permutation	
161.0	0.3152019415516589	Kocak	permutation	
162.0	-0.35387316591645934	Kocak	permutation	
163.0	0.0750084724247504	Kocak	permutation	
164.0	0.03984616603204749	Kocak	permutation	
165.0	-0.13185012692535025	Kocak	permutation	
166.0	0.05439473864912081	Kocak	permutation	
167.0	-0.03261421398791331	Kocak	permutation	
168.0	-0.19299958323952904	Kocak	permutation	
169.0	0.1352386047542593	Kocak	permutation	
170.0	-0.0592375032898218	Kocak	permutation	
171.0	0.198597710782062	Kocak	permutation	
172.0	-0.10697393196054783	Kocak	permutation	
173.0	0.09386933478652182	Kocak	permutation	
174.0	0.029083553653140193	Kocak	permutation	
175.0	0.1010320112498384	Kocak	permutation	
176.0	0.35957667224453704	Kocak	permutation	
177.0	0.4661911290337848	Kocak	permutation	
178.0	0.2729800339470083	Kocak	permutation	
179.0	-0.16634250689923702	Kocak	permutation	
180.0	0.21244037363402946	Kocak	permutation	
181.0	0.18284360727802174	Kocak	permutation	
182.0	-0.12285227002624399	Kocak	permutation	
183.0	-0.13409116846042135	Kocak	permutation	
184.0	-0.036109485510644745	Kocak	permutation	
185.0	0.2731594308131333	Kocak	permutation	
186.0	-0.0546184607172604	Kocak	permutation	
187.0	0.15465993942110412	Kocak	permutation	
188.0	0.07778034521657595	Kocak	permutation	
189.0	-0.13178591442191845	Kocak	permutation	
190.0	0.19011491369506306	Kocak	permutation	
191.0	-0.15988779636060357	Kocak	permutation	
192.0	-0.35054473645240325	Kocak	permutation	
193.0	0.156420872407101	Kocak	permutation	
194.0	0.16382881765149904	Kocak	permutation	
195.0	-0.009185332057219497	Kocak	permutation	
196.0	0.007478037679230276	Kocak	permutation	
197.0	0.22459274486990655	Kocak	permutation	
198.0	0.09327118782638255	Kocak	permutation	
199.0	0.16393529281694352	Kocak	permutation	
200.0	-0.2747358847886905	Kocak	permutation	
201.0	-0.07892506064933436	Kocak	permutation	
202.0	0.13857305484924431	Kocak	permutation	
203.0	0.1078077664265713	Kocak	permutation	
204.0	-0.011366349808069387	Kocak	permutation	
205.0	-0.08693691479381105	Kocak	permutation	
206.0	0.2532343701467097	Kocak	permutation	
207.0	-0.12911473762818027	Kocak	permutation	
208.0	-0.16403421527431927	Kocak	permutation	
209.0	-0.032032832548056334	Kocak	permutation	
210.0	0.11211868454731366	Kocak	permutation	
211.0	0.11061720146935983	Kocak	permutation	
212.0	0.18196434998310895	Kocak	permutation	
213.0	0.12152586569630053	Kocak	permutation	
214.0	0.2350084277367861	Kocak	permutation	
215.0	0.2833043808272757	Kocak	permutation	
216.0	-0.0685310839844222	Kocak	permutation	
217.0	0.12521071085459567	Kocak	permutation	
218.0	0.18179689088789797	Kocak	permutation	
219.0	0.20935101682520507	Kocak	permutation	
220.0	0.2780534645320083	Kocak	permutation	
221.0	0.11567104696348007	Kocak	permutation	
222.0	0.09510129413932056	Kocak	permutation	
223.0	0.14226383562486777	Kocak	permutation	
224.0	-0.039515520461448794	Kocak	permutation	
225.0	0.021216005125023862	Kocak	permutation	
226.0	-0.251273772996218	Kocak	permutation	
227.0	-0.06867347552200531	Kocak	permutation	
228.0	0.14003887864255216	Kocak	permutation	
229.0	-0.15987942914024877	Kocak	permutation	
230.0	0.2277547314603714	Kocak	permutation	
231.0	-0.7817123133061599	Kocak	permutation	
232.0	0.16028935859566928	Kocak	permutation	
233.0	0.007258469859164229	Kocak	permutation	
234.0	-0.15970541650838044	Kocak	permutation	
235.0	-0.37990672070105136	Kocak	permutation	
236.0	0.21273083522839364	Kocak	permutation	
237.0	-0.02411015390277793	Kocak	permutation	
238.0	-0.10630035541690575	Kocak	permutation	
239.0	0.23862781299999636	Kocak	permutation	
240.0	0.4072033500167409	Kocak	permutation	
241.0	0.2832266996485897	Kocak	permutation	
242.0	0.04512745881141811	Kocak	permutation	
243.0	0.09923939783693303	Kocak	permutation	
244.0	0.04691500922516756	Kocak	permutation	
245.0	-0.05691206694168294	Kocak	permutation	
246.0	0.16601763168232253	Kocak	permutation	
247.0	-0.008258009849782866	Kocak	permutation	
248.0	0.2527747559627551	Kocak	permutation	
249.0	0.15329282032285896	Kocak	permutation	
250.0	0.13162429818155452	Kocak	permutation	
251.0	-0.2400903037822082	Kocak	permutation	
252.0	-0.2924887570221699	Kocak	permutation	
253.0	0.3367244576732986	Kocak	permutation	
254.0	-0.04081124053079588	Kocak	permutation	
255.0	0.12541035840542758	Kocak	permutation	
256.0	0.4038609025192832	Kocak	permutation	
257.0	0.10892635383772209	Kocak	permutation	
258.0	-0.15353892793387747	Kocak	permutation	
259.0	0.012223581845325349	Kocak	permutation	
260.0	0.19159535842739306	Kocak	permutation	
261.0	0.24266799627829805	Kocak	permutation	
262.0	-0.10776306821321668	Kocak	permutation	
263.0	0.24479211380511412	Kocak	permutation	
264.0	-0.1483983094352359	Kocak	permutation	
265.0	0.21315322141243076	Kocak	permutation	
266.0	0.04945375444683986	Kocak	permutation	
267.0	0.08889346558417799	Kocak	permutation	
268.0	0.06952574888844953	Kocak	permutation	
269.0	0.11340875578731957	Kocak	permutation	
270.0	0.24912284334929335	Kocak	permutation	
271.0	0.1725242532971265	Kocak	permutation	
272.0	0.10227761125390877	Kocak	permutation	
273.0	0.12589618216426768	Kocak	permutation	
274.0	0.09220054325383398	Kocak	permutation	
275.0	0.3980850222137571	Kocak	permutation	
276.0	-0.3011861394659592	Kocak	permutation	
277.0	-0.18603722796257216	Kocak	permutation	
278.0	0.14518331254271732	Kocak	permutation	
279.0	0.07529886654636897	Kocak	permutation	
280.0	0.1642051839726424	Kocak	permutation	
281.0	-0.1846452222271151	Kocak	permutation	
282.0	0.15636775491449662	Kocak	permutation	
283.0	-0.3662917404771142	Kocak	permutation	
284.0	0.16662936610816903	Kocak	permutation	
285.0	-0.10175577315501716	Kocak	permutation	
286.0	-0.011144741371644784	Kocak	permutation	
287.0	0.34066280642809765	Kocak	permutation	
288.0	0.12262533939551545	Kocak	permutation	
289.0	-0.04399772354395459	Kocak	permutation	
290.0	-0.36490360974714786	Kocak	permutation	
291.0	0.4557269493642524	Kocak	permutation	
292.0	-0.1321126421821015	Kocak	permutation	
293.0	-0.5436304013844797	Kocak	permutation	
294.0	0.30058876982022653	Kocak	permutation	
295.0	0.039327297118918025	Kocak	permutation	
296.0	0.067609472027506	Kocak	permutation	
297.0	-0.041414305243471894	Kocak	permutation	
298.0	0.16485125395603806	Kocak	permutation	
299.0	0.037894432839024716	Kocak	permutation	
300.0	-0.40796373951507725	Kocak	permutation	
301.0	0.27112196854841475	Kocak	permutation	
302.0	-0.4103612869897204	Kocak	permutation	
303.0	0.0954754876851327	Kocak	permutation	
304.0	-0.15412266161496735	Kocak	permutation	
305.0	0.28171757973358513	Kocak	permutation	
306.0	-0.1590595790468825	Kocak	permutation	
307.0	0.15080182232154904	Kocak	permutation	
308.0	-0.09424109547468351	Kocak	permutation	
309.0	-0.07168842547391385	Kocak	permutation	
310.0	0.01554715181531563	Kocak	permutation	
311.0	0.338016815356851	Kocak	permutation	
312.0	0.6480050827990338	Kocak	permutation	
313.0	-0.024145123937071133	Kocak	permutation	
314.0	0.1548525942823309	Kocak	permutation	
315.0	-0.25998994044439083	Kocak	permutation	
316.0	0.3922596540786767	Kocak	permutation	
317.0	-0.01709245047065	Kocak	permutation	
318.0	-0.05205068136675717	Kocak	permutation	
319.0	0.2788296484081023	Kocak	permutation	
320.0	0.39613450340525524	Kocak	permutation	
321.0	-0.47391002248064185	Kocak	permutation	
322.0	-0.08013773047419726	Kocak	permutation	
323.0	-0.14205074989178268	Kocak	permutation	
324.0	0.426430512152181	Kocak	permutation	
325.0	-0.13678456042396547	Kocak	permutation	
326.0	0.15870637105542862	Kocak	permutation	
327.0	0.2841330337743111	Kocak	permutation	
328.0	0.033121580895756786	Kocak	permutation	
329.0	0.05600466335148013	Kocak	permutation	
330.0	0.26823037242186043	Kocak	permutation	
331.0	-0.1829374916287354	Kocak	permutation	
332.0	0.26111132129544856	Kocak	permutation	
333.0	-0.17029756349166103	Kocak	permutation	
334.0	0.22762108904584188	Kocak	permutation	
335.0	0.31135748205430325	Kocak	permutation	
336.0	0.2377296254472494	Kocak	permutation	
337.0	-0.09846376337763907	Kocak	permutation	
338.0	-0.02617869135618367	Kocak	permutation	
339.0	-0.13900234335183193	Kocak	permutation	
340.0	0.11331529191786682	Kocak	permutation	
341.0	-0.328355369672205	Kocak	permutation	
342.0	0.24682415139374925	Kocak	permutation	
343.0	-0.28926820578857537	Kocak	permutation	
344.0	0.10494275662891894	Kocak	permutation	
345.0	0.19879226785727067	Kocak	permutation	
346.0	-0.4514253842403284	Kocak	permutation	
347.0	-0.043688420429438324	Kocak	permutation	
348.0	-0.4117835743004199	Kocak	permutation	
349.0	0.147177273727908	Kocak	permutation	
350.0	0.3859987926514217	Kocak	permutation	
351.0	0.10611804959614268	Kocak	permutation	
352.0	0.14639519716263205	Kocak	permutation	
353.0	-0.19083643023778096	Kocak	permutation	
354.0	-0.10839484810785116	Kocak	permutation	
355.0	0.2401382248318562	Kocak	permutation	
356.0	-0.09679238893825115	Kocak	permutation	
357.0	-0.17669483712406198	Kocak	permutation	
358.0	0.07907044245324713	Kocak	permutation	
359.0	-0.035470955966467876	Kocak	permutation	
360.0	-0.15086718951354694	Kocak	permutation	
361.0	0.10306195796954754	Kocak	permutation	
362.0	0.07109202772593637	Kocak	permutation	
363.0	-0.020270559551402556	Kocak	permutation	
364.0	0.23905700626475124	Kocak	permutation	
365.0	-0.03534429610002565	Kocak	permutation	
366.0	0.02501664273875548	Kocak	permutation	
367.0	0.07214081594976385	Kocak	permutation	
368.0	-0.014701327695771482	Kocak	permutation	
369.0	0.06605764445066509	Kocak	permutation	
370.0	-0.23811521806155111	Kocak	permutation	
371.0	0.37640878299298386	Kocak	permutation	
372.0	0.3905728402711599	Kocak	permutation	
373.0	-0.17839852170085857	Kocak	permutation	
374.0	0.05209263294035793	Kocak	permutation	
375.0	0.15996300957923193	Kocak	permutation	
376.0	0.21070039626990233	Kocak	permutation	
377.0	-0.2978187998107322	Kocak	permutation	
378.0	0.02830183015897969	Kocak	permutation	
379.0	0.005065587009077888	Kocak	permutation	
380.0	-0.055318300098197604	Kocak	permutation	
381.0	0.0541420604677878	Kocak	permutation	
382.0	-0.257224182394832	Kocak	permutation	
383.0	0.1511187155247482	Kocak	permutation	
384.0	0.2671782402134699	Kocak	permutation	
385.0	0.23744244551504412	Kocak	permutation	
386.0	0.16413773850216895	Kocak	permutation	
387.0	0.062444017480199676	Kocak	permutation	
388.0	-0.2387843024261751	Kocak	permutation	
389.0	0.06080543986906761	Kocak	permutation	
390.0	-0.1689720381223343	Kocak	permutation	
391.0	-0.15351389631216605	Kocak	permutation	
392.0	0.05712672524604656	Kocak	permutation	
393.0	0.13649328063740995	Kocak	permutation	
394.0	-0.15994776949254685	Kocak	permutation	
395.0	0.35098828798001946	Kocak	permutation	
396.0	-0.15719916116865473	Kocak	permutation	
397.0	0.35320950009656915	Kocak	permutation	
398.0	0.38623862184946933	Kocak	permutation	
399.0	-0.04245072573338682	Kocak	permutation	
400.0	-0.035081029359121274	Kocak	permutation	
401.0	0.09819629519577244	Kocak	permutation	
402.0	-0.14569756088433827	Kocak	permutation	
403.0	0.2023587888350029	Kocak	permutation	
404.0	0.09034797510831805	Kocak	permutation	
405.0	0.18181719459571433	Kocak	permutation	
406.0	-0.36763448760751105	Kocak	permutation	
407.0	0.2769574277781208	Kocak	permutation	
408.0	0.09933578033103618	Kocak	permutation	
409.0	0.15262421906709367	Kocak	permutation	
410.0	-0.3243442651185897	Kocak	permutation	
411.0	-0.07053171510113199	Kocak	permutation	
412.0	-0.06827739809894418	Kocak	permutation	
413.0	0.26156330471765	Kocak	permutation	
414.0	0.11200723061538209	Kocak	permutation	
415.0	0.08572257834215335	Kocak	permutation	
416.0	-0.02747310420468896	Kocak	permutation	
417.0	-0.24571084825700273	Kocak	permutation	
418.0	0.29454465376535666	Kocak	permutation	
419.0	0.004079498566666118	Kocak	permutation	
420.0	0.25804542562960897	Kocak	permutation	
421.0	0.2822927609451371	Kocak	permutation	
422.0	0.15756168757074462	Kocak	permutation	
423.0	0.0886021647019497	Kocak	permutation	
424.0	-0.20733802721259487	Kocak	permutation	
425.0	0.1002590360950375	Kocak	permutation	
426.0	-0.026672452899019206	Kocak	permutation	
427.0	-0.20834416280547874	Kocak	permutation	
428.0	0.2584441170525382	Kocak	permutation	
429.0	-0.07947839156589431	Kocak	permutation	
430.0	-0.09064560273890176	Kocak	permutation	
431.0	-0.040424361162360256	Kocak	permutation	
432.0	0.13617015041669323	Kocak	permutation	
433.0	-0.45793198561954895	Kocak	permutation	
434.0	0.19564776353753288	Kocak	permutation	
435.0	-0.29063598613181574	Kocak	permutation	
436.0	0.0237695481040765	Kocak	permutation	
437.0	0.20194112276609655	Kocak	permutation	
438.0	0.1660556302197458	Kocak	permutation	
439.0	0.10267228707924758	Kocak	permutation	
440.0	-0.25462209925112766	Kocak	permutation	
441.0	-0.07348083302362518	Kocak	permutation	
442.0	0.17840486702642266	Kocak	permutation	
443.0	0.03990171493782757	Kocak	permutation	
444.0	0.29992501860530574	Kocak	permutation	
445.0	0.1542912465571602	Kocak	permutation	
446.0	-0.4079761772041164	Kocak	permutation	
447.0	0.49525671413172034	Kocak	permutation	
448.0	0.07775615299094518	Kocak	permutation	
449.0	0.004908243135499646	Kocak	permutation	
450.0	-0.07196250750289668	Kocak	permutation	
451.0	-0.2211013050161741	Kocak	permutation	
452.0	-0.22987093017319182	Kocak	permutation	
453.0	0.05592403151712588	Kocak	permutation	
454.0	0.087411634525564	Kocak	permutation	
455.0	0.40749478825203855	Kocak	permutation	
456.0	0.05618122292684724	Kocak	permutation	
457.0	0.1530880321739163	Kocak	permutation	
458.0	-0.16705475583459428	Kocak	permutation	
459.0	-0.05634214696360118	Kocak	permutation	
460.0	0.07099665867101734	Kocak	permutation	
461.0	0.0940638647192662	Kocak	permutation	
462.0	0.04899869750555119	Kocak	permutation	
463.0	-0.044768551665629985	Kocak	permutation	
464.0	0.523223756426261	Kocak	permutation	
465.0	0.1804573162338894	Kocak	permutation	
466.0	-0.05511169852659936	Kocak	permutation	
467.0	0.08349688621014995	Kocak	permutation	
468.0	0.09373373379144567	Kocak	permutation	
469.0	-0.0026466622398917394	Kocak	permutation	
470.0	-0.10324679788583868	Kocak	permutation	
471.0	-0.08021884349330755	Kocak	permutation	
472.0	0.12347237576819925	Kocak	permutation	
473.0	-0.27727874819472564	Kocak	permutation	
474.0	0.1005866625379408	Kocak	permutation	
475.0	-0.1548570636594846	Kocak	permutation	
476.0	0.3405235062202454	Kocak	permutation	
477.0	-0.3221013317725827	Kocak	permutation	
478.0	0.412129568415053	Kocak	permutation	
479.0	0.35908524178430135	Kocak	permutation	
480.0	0.026609887070722316	Kocak	permutation	
481.0	0.06077683626707131	Kocak	permutation	
482.0	-0.018729170836095932	Kocak	permutation	
483.0	-0.0023227675203241205	Kocak	permutation	
484.0	-0.04071306464006064	Kocak	permutation	
485.0	0.26133642545907687	Kocak	permutation	
486.0	-0.08836361821800764	Kocak	permutation	
487.0	0.41784724053809263	Kocak	permutation	
488.0	0.23271312749472184	Kocak	permutation	
489.0	0.012740099576047825	Kocak	permutation	
490.0	0.07876538568065072	Kocak	permutation	
491.0	0.23301953303811107	Kocak	permutation	
492.0	0.29704655249192413	Kocak	permutation	
493.0	-0.22496344944419233	Kocak	permutation	
494.0	-0.16588242581948487	Kocak	permutation	
495.0	0.013658362518369493	Kocak	permutation	
496.0	-0.20165379825930918	Kocak	permutation	
497.0	0.03612817197042073	Kocak	permutation	
498.0	0.16483887524053298	Kocak	permutation	
499.0	0.2882492590361716	Kocak	permutation	
500.0	-0.051200593310080755	Kocak	permutation	
501.0	0.5104470314810206	Kocak	permutation	
502.0	0.2770974232714565	Kocak	permutation	
503.0	0.16882612641821915	Kocak	permutation	
504.0	0.00932642263685235	Kocak	permutation	
505.0	-0.13964315045355136	Kocak	permutation	
506.0	0.030417174375371836	Kocak	permutation	
507.0	0.09364887980050884	Kocak	permutation	
508.0	0.1550787807140308	Kocak	permutation	
509.0	0.16554198124890718	Kocak	permutation	
510.0	0.08424665053809033	Kocak	permutation	
511.0	0.11389281392963024	Kocak	permutation	
512.0	-0.16067103066969501	Kocak	permutation	
513.0	0.3517785726442213	Kocak	permutation	
514.0	0.44233658411927834	Kocak	permutation	
515.0	-0.0045981770844445435	Kocak	permutation	
516.0	0.1905867826157044	Kocak	permutation	
517.0	-0.09893121088354473	Kocak	permutation	
518.0	-0.07659706760323814	Kocak	permutation	
519.0	-0.018873682496917787	Kocak	permutation	
520.0	-0.12442864948225019	Kocak	permutation	
521.0	-0.3259024930302963	Kocak	permutation	
522.0	-0.12434088095967244	Kocak	permutation	
523.0	0.09277153124090809	Kocak	permutation	
524.0	-0.14911742059272726	Kocak	permutation	
525.0	0.2633629304405112	Kocak	permutation	
526.0	-0.29132161844479487	Kocak	permutation	
527.0	-0.013090868896076913	Kocak	permutation	
528.0	-0.09558424563204948	Kocak	permutation	
529.0	0.3018904374479119	Kocak	permutation	
530.0	-0.06687891946001301	Kocak	permutation	
531.0	-0.13300939803199263	Kocak	permutation	
532.0	-0.3026991783332438	Kocak	permutation	
533.0	0.4681880111218524	Kocak	permutation	
534.0	0.12220937754094585	Kocak	permutation	
535.0	-0.14787106665678174	Kocak	permutation	
536.0	0.1219259264651944	Kocak	permutation	
537.0	0.02054870299760747	Kocak	permutation	
538.0	0.31118410345826586	Kocak	permutation	
539.0	0.39708111061100837	Kocak	permutation	
540.0	-0.29883426154699366	Kocak	permutation	
541.0	-0.014282851848637534	Kocak	permutation	
542.0	0.03925734261785685	Kocak	permutation	
543.0	0.0371407115419542	Kocak	permutation	
544.0	0.1446951140522561	Kocak	permutation	
545.0	0.0026342229310847287	Kocak	permutation	
546.0	0.03723116062843346	Kocak	permutation	
547.0	0.4865562836521269	Kocak	permutation	
548.0	0.11159791619274273	Kocak	permutation	
549.0	0.05919792280745639	Kocak	permutation	
550.0	0.07154275151846878	Kocak	permutation	
551.0	0.39646100361647374	Kocak	permutation	
552.0	0.019762778398522585	Kocak	permutation	
553.0	0.4234886956332522	Kocak	permutation	
554.0	-0.3069207777343901	Kocak	permutation	
555.0	0.12541759842700362	Kocak	permutation	
556.0	-0.20646558570634133	Kocak	permutation	
557.0	0.07743930108131991	Kocak	permutation	
558.0	0.004529279415993237	Kocak	permutation	
559.0	0.07566273119640687	Kocak	permutation	
560.0	0.09454177773239181	Kocak	permutation	
561.0	0.0695616911610859	Kocak	permutation	
562.0	0.12186402256873485	Kocak	permutation	
563.0	0.07443852938049922	Kocak	permutation	
564.0	0.21807201631984707	Kocak	permutation	
565.0	0.4021030916946753	Kocak	permutation	
566.0	-0.029546115658948047	Kocak	permutation	
567.0	0.17809478768528297	Kocak	permutation	
568.0	0.2345702246049708	Kocak	permutation	
569.0	0.017571631703367174	Kocak	permutation	
570.0	-0.09891220203560813	Kocak	permutation	
571.0	0.06550363607558563	Kocak	permutation	
572.0	0.04125239465657149	Kocak	permutation	
573.0	0.001801542306433923	Kocak	permutation	
574.0	0.16085934316735173	Kocak	permutation	
575.0	0.3215718291418561	Kocak	permutation	
576.0	0.29180919190843024	Kocak	permutation	
577.0	0.444868675339273	Kocak	permutation	
578.0	0.2470239461672632	Kocak	permutation	
579.0	0.2506718254020255	Kocak	permutation	
580.0	0.0760085677975022	Kocak	permutation	
581.0	0.165865002074713	Kocak	permutation	
582.0	0.030969366744554527	Kocak	permutation	
583.0	0.21739685372766893	Kocak	permutation	
584.0	-0.36868005974021845	Kocak	permutation	
585.0	-0.14982858356213224	Kocak	permutation	
586.0	0.21407408557937657	Kocak	permutation	
587.0	-0.011778969316715404	Kocak	permutation	
588.0	0.17066435749032038	Kocak	permutation	
589.0	0.05691039114673302	Kocak	permutation	
590.0	-0.16014283579392874	Kocak	permutation	
591.0	0.27540192973509203	Kocak	permutation	
592.0	-0.010753985117957221	Kocak	permutation	
593.0	-0.17200113864636135	Kocak	permutation	
594.0	-0.03882261788284325	Kocak	permutation	
595.0	0.2824457261395832	Kocak	permutation	
596.0	-0.08511285281118752	Kocak	permutation	
597.0	-0.0801146915852815	Kocak	permutation	
598.0	0.13715097070191273	Kocak	permutation	
599.0	-0.016456809163800656	Kocak	permutation	
600.0	0.023282129224286408	Kocak	permutation	
601.0	-0.10952336570524768	Kocak	permutation	
602.0	-0.08511376074898802	Kocak	permutation	
603.0	0.18137975894509406	Kocak	permutation	
604.0	0.40946553120771156	Kocak	permutation	
605.0	0.3208725006106645	Kocak	permutation	
606.0	-0.003837829832051831	Kocak	permutation	
607.0	0.04172062454255965	Kocak	permutation	
608.0	0.16835781514253068	Kocak	permutation	
609.0	-0.03583859113543841	Kocak	permutation	
610.0	0.09205584185956539	Kocak	permutation	
611.0	0.17604897853798018	Kocak	permutation	
612.0	0.119058983341092	Kocak	permutation	
613.0	-0.07045949921728667	Kocak	permutation	
614.0	0.22152352705878364	Kocak	permutation	
615.0	-0.08854838916556584	Kocak	permutation	
616.0	0.05572367948565571	Kocak	permutation	
617.0	-0.11803438817239886	Kocak	permutation	
618.0	-0.11351551413184957	Kocak	permutation	
619.0	0.14195331202939876	Kocak	permutation	
620.0	-0.2271580313949797	Kocak	permutation	
621.0	0.12322578931954453	Kocak	permutation	
622.0	0.021736103057012457	Kocak	permutation	
623.0	-0.03881395974501611	Kocak	permutation	
624.0	0.05526382462419921	Kocak	permutation	
625.0	-0.08394899126975464	Kocak	permutation	
626.0	-0.18824120975080527	Kocak	permutation	
627.0	0.1901115284407009	Kocak	permutation	
628.0	0.024461330317696373	Kocak	permutation	
629.0	0.07559031502894875	Kocak	permutation	
630.0	0.14772972646348137	Kocak	permutation	
631.0	0.1602270285432077	Kocak	permutation	
632.0	0.0922350714234037	Kocak	permutation	
633.0	-0.014928115484317495	Kocak	permutation	
634.0	0.20290931241989796	Kocak	permutation	
635.0	0.24418346875536567	Kocak	permutation	
636.0	0.4848664595274714	Kocak	permutation	
637.0	0.19627750277799194	Kocak	permutation	
638.0	0.2035641112965898	Kocak	permutation	
639.0	0.15620082966532145	Kocak	permutation	
640.0	-0.14390959404280768	Kocak	permutation	
641.0	-0.5866457829259444	Kocak	permutation	
642.0	0.13200394154305517	Kocak	permutation	
643.0	0.3700597111329671	Kocak	permutation	
644.0	0.20191840775338665	Kocak	permutation	
645.0	0.07260632799460875	Kocak	permutation	
646.0	-0.18029112313762985	Kocak	permutation	
647.0	-0.0541480463291002	Kocak	permutation	
648.0	0.27404057570046625	Kocak	permutation	
649.0	-0.023496033962891794	Kocak	permutation	
650.0	0.07140168240223765	Kocak	permutation	
651.0	-0.010444219209884587	Kocak	permutation	
652.0	0.26052898390171375	Kocak	permutation	
653.0	0.2697578026654446	Kocak	permutation	
654.0	-0.034140882459730015	Kocak	permutation	
655.0	-0.039922407856606945	Kocak	permutation	
656.0	-0.07729322963472551	Kocak	permutation	
657.0	-0.05708570939813917	Kocak	permutation	
658.0	0.08680859759826642	Kocak	permutation	
659.0	0.2045414751405703	Kocak	permutation	
660.0	0.20979553970782483	Kocak	permutation	
661.0	-0.13157357580544904	Kocak	permutation	
662.0	0.10063680479410309	Kocak	permutation	
663.0	0.15195806935000356	Kocak	permutation	
664.0	0.3961882865344615	Kocak	permutation	
665.0	-0.25985617054158716	Kocak	permutation	
666.0	-0.43633424132545695	Kocak	permutation	
667.0	-0.01739300818025491	Kocak	permutation	
668.0	0.2759670039990416	Kocak	permutation	
669.0	-0.14463615438906707	Kocak	permutation	
670.0	0.23119998550023002	Kocak	permutation	
671.0	0.07841833104371787	Kocak	permutation	
672.0	0.3218851312619586	Kocak	permutation	
673.0	0.26680051781503966	Kocak	permutation	
674.0	-0.010860502115232151	Kocak	permutation	
675.0	0.08422107034412196	Kocak	permutation	
676.0	0.06545552516957631	Kocak	permutation	
677.0	-0.45319032518254243	Kocak	permutation	
678.0	0.13730039209759592	Kocak	permutation	
679.0	0.022831206686452887	Kocak	permutation	
680.0	0.3002651940132415	Kocak	permutation	
681.0	-0.22132726483479237	Kocak	permutation	
682.0	-0.03562509240677425	Kocak	permutation	
683.0	0.21145955386657267	Kocak	permutation	
684.0	-0.2612496272124085	Kocak	permutation	
685.0	0.00511435972562424	Kocak	permutation	
686.0	0.041381765273275306	Kocak	permutation	
687.0	-0.13389211394574296	Kocak	permutation	
688.0	0.19308946970874796	Kocak	permutation	
689.0	-0.13961059217469796	Kocak	permutation	
690.0	-0.0951278650183296	Kocak	permutation	
691.0	-0.05054281035592556	Kocak	permutation	
692.0	-0.46856351874284563	Kocak	permutation	
693.0	-0.02564787667234114	Kocak	permutation	
694.0	-0.053744488900401066	Kocak	permutation	
695.0	-0.012799722791709378	Kocak	permutation	
696.0	-0.11161443667417359	Kocak	permutation	
697.0	0.32014337100282564	Kocak	permutation	
698.0	0.4422461466808869	Kocak	permutation	
699.0	-0.2223258997561004	Kocak	permutation	
700.0	-0.009544260177877462	Kocak	permutation	
701.0	0.2853057773819758	Kocak	permutation	
702.0	-0.16192078815371724	Kocak	permutation	
703.0	0.28080578582088833	Kocak	permutation	
704.0	0.11255647111691847	Kocak	permutation	
705.0	0.24288562893917298	Kocak	permutation	
706.0	-0.07865366562347731	Kocak	permutation	
707.0	0.27135254075680404	Kocak	permutation	
708.0	0.4121772003812314	Kocak	permutation	
709.0	-0.20161173800005594	Kocak	permutation	
710.0	-0.03766505413735288	Kocak	permutation	
711.0	0.1491884850019325	Kocak	permutation	
712.0	0.09525329788398995	Kocak	permutation	
713.0	-0.144198532290984	Kocak	permutation	
714.0	0.05937946187305876	Kocak	permutation	
715.0	0.06548116791788416	Kocak	permutation	
716.0	0.22126282942720277	Kocak	permutation	
717.0	0.009669817858461549	Kocak	permutation	
718.0	-0.22387216161403867	Kocak	permutation	
719.0	0.06536839587111576	Kocak	permutation	
720.0	-0.013166220003654416	Kocak	permutation	
721.0	0.10503404678669703	Kocak	permutation	
722.0	0.09317435052728662	Kocak	permutation	
723.0	0.1712920006206211	Kocak	permutation	
724.0	0.13614765479060953	Kocak	permutation	
725.0	-0.08091598664180832	Kocak	permutation	
726.0	0.21184496602828862	Kocak	permutation	
727.0	0.11230221607020319	Kocak	permutation	
728.0	0.004488797842927106	Kocak	permutation	
729.0	0.26886270270188906	Kocak	permutation	
730.0	-0.4046922662901298	Kocak	permutation	
731.0	0.07379604506599602	Kocak	permutation	
732.0	0.23372944695718534	Kocak	permutation	
733.0	0.27381337437990183	Kocak	permutation	
734.0	0.26913169012307936	Kocak	permutation	
735.0	-0.13927312230004762	Kocak	permutation	
736.0	0.07277916897394121	Kocak	permutation	
737.0	-0.02579272655620013	Kocak	permutation	
738.0	-0.25743821053616944	Kocak	permutation	
739.0	-0.08768259395992573	Kocak	permutation	
740.0	0.16473405688174392	Kocak	permutation	
741.0	0.31357578025747745	Kocak	permutation	
742.0	0.31925025782149064	Kocak	permutation	
743.0	-0.001308214017335274	Kocak	permutation	
744.0	0.14994270215994643	Kocak	permutation	
745.0	0.10671894697191053	Kocak	permutation	
746.0	0.144310064776473	Kocak	permutation	
747.0	0.0544617194470467	Kocak	permutation	
748.0	-0.1585445546254336	Kocak	permutation	
749.0	0.1685237156221291	Kocak	permutation	
750.0	-0.12666471256391976	Kocak	permutation	
751.0	-0.04173216103552413	Kocak	permutation	
752.0	0.3001990511848378	Kocak	permutation	
753.0	-0.14049974411785815	Kocak	permutation	
754.0	-0.027804604421256762	Kocak	permutation	
755.0	-0.33066437880306987	Kocak	permutation	
756.0	-0.010781357302269257	Kocak	permutation	
757.0	0.1367735649445292	Kocak	permutation	
758.0	0.27618257991687756	Kocak	permutation	
759.0	0.2348489290425464	Kocak	permutation	
760.0	-0.02792162712544588	Kocak	permutation	
761.0	-0.05175707958121212	Kocak	permutation	
762.0	0.18605292025744635	Kocak	permutation	
763.0	0.1253986526519002	Kocak	permutation	
764.0	0.1585554517306056	Kocak	permutation	
765.0	0.0007693296918453996	Kocak	permutation	
766.0	0.04218164106469935	Kocak	permutation	
767.0	0.060822459009660435	Kocak	permutation	
768.0	-0.13477605442441654	Kocak	permutation	
769.0	-0.29378509937571495	Kocak	permutation	
770.0	-0.15880143179140305	Kocak	permutation	
771.0	0.3217486600515507	Kocak	permutation	
772.0	-0.397700723691528	Kocak	permutation	
773.0	-0.13802550357620103	Kocak	permutation	
774.0	-0.032401690150010154	Kocak	permutation	
775.0	-0.08812571569744332	Kocak	permutation	
776.0	0.1762720506940818	Kocak	permutation	
777.0	0.2201734145945995	Kocak	permutation	
778.0	0.23086813626403568	Kocak	permutation	
779.0	0.12025701143450629	Kocak	permutation	
780.0	0.16925102767782807	Kocak	permutation	
781.0	0.2863536729454603	Kocak	permutation	
782.0	0.10887865338686975	Kocak	permutation	
783.0	0.07459194562514515	Kocak	permutation	
784.0	-0.11862782898136892	Kocak	permutation	
785.0	0.2679568790924147	Kocak	permutation	
786.0	0.3082517224281158	Kocak	permutation	
787.0	0.19578242428841097	Kocak	permutation	
788.0	-0.2354366852892147	Kocak	permutation	
789.0	0.4084624877461289	Kocak	permutation	
790.0	0.17710206094634184	Kocak	permutation	
791.0	0.13741133275729478	Kocak	permutation	
792.0	0.11038953190602196	Kocak	permutation	
793.0	-0.2038476026917473	Kocak	permutation	
794.0	-0.0036508747393471097	Kocak	permutation	
795.0	0.06197425954447233	Kocak	permutation	
796.0	-0.035952898858183424	Kocak	permutation	
797.0	-0.008067272999609187	Kocak	permutation	
798.0	-0.005076766219350937	Kocak	permutation	
799.0	0.21418692783455917	Kocak	permutation	
800.0	0.2852283001278302	Kocak	permutation	
801.0	0.13014251455293824	Kocak	permutation	
802.0	0.18682695947858896	Kocak	permutation	
803.0	0.02075594197883035	Kocak	permutation	
804.0	0.00017423021018725393	Kocak	permutation	
805.0	-0.20053328642427282	Kocak	permutation	
806.0	0.12876449657025013	Kocak	permutation	
807.0	-0.3207690911419876	Kocak	permutation	
808.0	0.047706978170140246	Kocak	permutation	
809.0	0.20249974587060215	Kocak	permutation	
810.0	-0.19352249874827754	Kocak	permutation	
811.0	0.21044863202252273	Kocak	permutation	
812.0	0.13458190437544637	Kocak	permutation	
813.0	0.07384110589048198	Kocak	permutation	
814.0	0.32499530788233777	Kocak	permutation	
815.0	0.2864767854063608	Kocak	permutation	
816.0	0.3481168127423304	Kocak	permutation	
817.0	0.10002392211823707	Kocak	permutation	
818.0	0.23032053821236875	Kocak	permutation	
819.0	-0.40827623181808725	Kocak	permutation	
820.0	0.2291696773149381	Kocak	permutation	
821.0	0.027377242045720784	Kocak	permutation	
822.0	-0.0785075763828047	Kocak	permutation	
823.0	-0.041977933825578795	Kocak	permutation	
824.0	0.2995512008595611	Kocak	permutation	
825.0	0.07046651177155372	Kocak	permutation	
826.0	0.1955688262827726	Kocak	permutation	
827.0	0.23282542011638618	Kocak	permutation	
828.0	-0.035870032676281305	Kocak	permutation	
829.0	-0.1679819181051707	Kocak	permutation	
830.0	0.25328868930933	Kocak	permutation	
831.0	0.15469695129228	Kocak	permutation	
832.0	0.02483488309705173	Kocak	permutation	
833.0	0.15454236626925688	Kocak	permutation	
834.0	0.15747182402110482	Kocak	permutation	
835.0	0.29565106652320683	Kocak	permutation	
836.0	-0.05545212284973111	Kocak	permutation	
837.0	0.2386765867390812	Kocak	permutation	
838.0	-0.010197740365717856	Kocak	permutation	
839.0	-0.020633203666385214	Kocak	permutation	
840.0	0.0015822853389879654	Kocak	permutation	
841.0	-0.08224921039287292	Kocak	permutation	
842.0	0.2198937382481132	Kocak	permutation	
843.0	0.19086939726609398	Kocak	permutation	
844.0	0.09790944605414786	Kocak	permutation	
845.0	0.3339445994203478	Kocak	permutation	
846.0	0.15039251907740958	Kocak	permutation	
847.0	-0.1352794280143721	Kocak	permutation	
848.0	0.0888197388374028	Kocak	permutation	
849.0	-0.1778018196632778	Kocak	permutation	
850.0	0.1482223756754104	Kocak	permutation	
851.0	0.1775166638554282	Kocak	permutation	
852.0	0.13317501718025593	Kocak	permutation	
853.0	0.18158473556860066	Kocak	permutation	
854.0	0.220850218255074	Kocak	permutation	
855.0	-0.04447150390346888	Kocak	permutation	
856.0	-0.08514531863257968	Kocak	permutation	
857.0	-0.00981625102187067	Kocak	permutation	
858.0	0.281714161211128	Kocak	permutation	
859.0	0.08137865873592798	Kocak	permutation	
860.0	-0.08206018358420142	Kocak	permutation	
861.0	-0.10139750618037358	Kocak	permutation	
862.0	0.21332932298533347	Kocak	permutation	
863.0	-0.03674566986847072	Kocak	permutation	
864.0	0.1417512096296294	Kocak	permutation	
865.0	0.15886792197143418	Kocak	permutation	
866.0	0.15099768560476878	Kocak	permutation	
867.0	0.0493822978557521	Kocak	permutation	
868.0	0.06313880854532439	Kocak	permutation	
869.0	0.11718147108121535	Kocak	permutation	
870.0	-0.0028715486813970514	Kocak	permutation	
871.0	0.11348428730374138	Kocak	permutation	
872.0	-0.2779564877927596	Kocak	permutation	
873.0	-0.04849985509739252	Kocak	permutation	
874.0	0.04691650008712145	Kocak	permutation	
875.0	0.16428088643364536	Kocak	permutation	
876.0	0.14078919897597686	Kocak	permutation	
877.0	0.02257519251926343	Kocak	permutation	
878.0	0.12924529081142033	Kocak	permutation	
879.0	0.3603381045886387	Kocak	permutation	
880.0	0.34233242097308025	Kocak	permutation	
881.0	0.08796692939621131	Kocak	permutation	
882.0	-0.31314053506091444	Kocak	permutation	
883.0	0.038803433610167026	Kocak	permutation	
884.0	-0.08328832799681152	Kocak	permutation	
885.0	0.3605494737545234	Kocak	permutation	
886.0	0.20116615475560806	Kocak	permutation	
887.0	-0.05548857308689925	Kocak	permutation	
888.0	0.07980664197607457	Kocak	permutation	
889.0	-0.03571721651283699	Kocak	permutation	
890.0	0.018336774122586164	Kocak	permutation	
891.0	0.055767924662732504	Kocak	permutation	
892.0	0.1243233910764614	Kocak	permutation	
893.0	0.10108415321101116	Kocak	permutation	
894.0	0.19589398752628284	Kocak	permutation	
895.0	0.031190361394044075	Kocak	permutation	
896.0	0.2804516425218644	Kocak	permutation	
897.0	-0.30394286192896125	Kocak	permutation	
898.0	0.26117237014667705	Kocak	permutation	
899.0	-0.35278093498535235	Kocak	permutation	
900.0	0.21176413902886626	Kocak	permutation	
901.0	-0.22854668613528295	Kocak	permutation	
902.0	0.021808953513735574	Kocak	permutation	
903.0	-0.23123308968551015	Kocak	permutation	
904.0	-0.28969389058046735	Kocak	permutation	
905.0	-0.11492482120714431	Kocak	permutation	
906.0	0.23977303430694175	Kocak	permutation	
907.0	-0.13512618139145527	Kocak	permutation	
908.0	-0.006247977955111672	Kocak	permutation	
909.0	0.15664861130002716	Kocak	permutation	
910.0	-0.13573514663902753	Kocak	permutation	
911.0	-0.11971571493748279	Kocak	permutation	
912.0	0.158403995509369	Kocak	permutation	
913.0	0.278628821829944	Kocak	permutation	
914.0	0.07410356828699172	Kocak	permutation	
915.0	-0.24515060889892526	Kocak	permutation	
916.0	0.411285988363681	Kocak	permutation	
917.0	-0.09631654605572226	Kocak	permutation	
918.0	0.024074540661767507	Kocak	permutation	
919.0	0.11126447410085394	Kocak	permutation	
920.0	0.14217565534667287	Kocak	permutation	
921.0	-0.004221676384879913	Kocak	permutation	
922.0	0.4540723124915491	Kocak	permutation	
923.0	0.2912239583098337	Kocak	permutation	
924.0	-0.09925728459180228	Kocak	permutation	
925.0	0.1985919647854466	Kocak	permutation	
926.0	-0.33610764933331394	Kocak	permutation	
927.0	0.07799774232256418	Kocak	permutation	
928.0	-0.003325493857006201	Kocak	permutation	
929.0	0.1954301496898605	Kocak	permutation	
930.0	0.22039529560536142	Kocak	permutation	
931.0	0.03752143547668929	Kocak	permutation	
932.0	0.05604941524254059	Kocak	permutation	
933.0	0.08511837070727957	Kocak	permutation	
934.0	0.1376411190028879	Kocak	permutation	
935.0	0.19320116850189883	Kocak	permutation	
936.0	0.06699996240686712	Kocak	permutation	
937.0	0.32355860607314924	Kocak	permutation	
938.0	0.20489068865280835	Kocak	permutation	
939.0	0.019126215749023956	Kocak	permutation	
940.0	0.019286441055985648	Kocak	permutation	
941.0	-0.1928447312199486	Kocak	permutation	
942.0	0.12582673187824778	Kocak	permutation	
943.0	0.058449814898564156	Kocak	permutation	
944.0	0.3449827126737883	Kocak	permutation	
945.0	0.0707611482305106	Kocak	permutation	
946.0	0.14265857272477067	Kocak	permutation	
947.0	0.15905461493684392	Kocak	permutation	
948.0	0.03238324117717539	Kocak	permutation	
949.0	0.13314785251335515	Kocak	permutation	
950.0	-0.18955916470628953	Kocak	permutation	
951.0	0.10644002366930572	Kocak	permutation	
952.0	0.11099906928976022	Kocak	permutation	
953.0	-0.0813644676816132	Kocak	permutation	
954.0	0.06310942533591746	Kocak	permutation	
955.0	-0.10086662817957581	Kocak	permutation	
956.0	0.4042632941159017	Kocak	permutation	
957.0	-0.025805109587050623	Kocak	permutation	
958.0	-0.3677898906253625	Kocak	permutation	
959.0	-0.09386684393070333	Kocak	permutation	
960.0	-0.1668633652570799	Kocak	permutation	
961.0	0.2942820454728041	Kocak	permutation	
962.0	-0.10675645804583134	Kocak	permutation	
963.0	-0.002483747113078749	Kocak	permutation	
964.0	-0.1476658567141893	Kocak	permutation	
965.0	-0.045078120442767045	Kocak	permutation	
966.0	0.2957605880800953	Kocak	permutation	
967.0	0.003578523617924212	Kocak	permutation	
968.0	0.3072070843489092	Kocak	permutation	
969.0	-0.2388069136012132	Kocak	permutation	
970.0	0.15430667917963437	Kocak	permutation	
971.0	-0.06569138519915807	Kocak	permutation	
972.0	-0.29536526528913765	Kocak	permutation	
973.0	0.10744284805852011	Kocak	permutation	
974.0	-0.06170573775891075	Kocak	permutation	
975.0	0.14472065305936255	Kocak	permutation	
976.0	-0.12135432857808759	Kocak	permutation	
977.0	0.09392939089200425	Kocak	permutation	
978.0	0.21420195630370742	Kocak	permutation	
979.0	0.24139107719803832	Kocak	permutation	
980.0	0.24012522026481342	Kocak	permutation	
981.0	-0.0071600473829462885	Kocak	permutation	
982.0	-0.024567422915859005	Kocak	permutation	
983.0	-0.2387674386617764	Kocak	permutation	
984.0	0.39175659338190805	Kocak	permutation	
985.0	0.02308798169886561	Kocak	permutation	
986.0	0.21107794185873452	Kocak	permutation	
987.0	0.27959267664474563	Kocak	permutation	
988.0	-0.20482313156134957	Kocak	permutation	
989.0	0.03398112572112311	Kocak	permutation	
990.0	-0.2513225777567518	Kocak	permutation	
991.0	0.02591431346323514	Kocak	permutation	
992.0	0.01431490272250624	Kocak	permutation	
993.0	0.3604982366607441	Kocak	permutation	
994.0	-0.2921512773475201	Kocak	permutation	
995.0	0.043148718128491304	Kocak	permutation	
996.0	0.06606287203477912	Kocak	permutation	
997.0	0.05846581788597405	Kocak	permutation	
998.0	0.05830401233189342	Kocak	permutation	
999.0	0.20382778512710686	Kocak	permutation	
1000.0	0.026985501392085	Kocak	permutation	
1001.0	0.2199484739872215	Kocak	permutation	
1002.0	-0.10016492993647752	Kocak	permutation	
1003.0	0.033118612318089546	Kocak	permutation	
1004.0	-0.12404170740135889	Kocak	permutation	
1005.0	-0.15864105793644612	Kocak	permutation	
1006.0	-0.278753196087953	Kocak	permutation	
1007.0	0.12688730242797508	Kocak	permutation	
1008.0	0.24014092567311618	Kocak	permutation	
1009.0	0.1554696862984537	Kocak	permutation	
1010.0	-0.2637433775285274	Kocak	permutation	
1011.0	0.1461973101058005	Kocak	permutation	
1012.0	-0.13606780760769244	Kocak	permutation	
1013.0	-0.0822961091700023	Kocak	permutation	
1014.0	-0.01081061678748707	Kocak	permutation	
1015.0	0.3669229333449513	Kocak	permutation	
1016.0	-0.21518259650509997	Kocak	permutation	
1017.0	-0.2832063032447545	Kocak	permutation	
1018.0	-0.1811712622630659	Kocak	permutation	
1019.0	-0.019066338381701797	Kocak	permutation	
1020.0	-0.3266385048046647	Kocak	permutation	
1021.0	0.2436154259708907	Kocak	permutation	
1022.0	0.473065543843429	Kocak	permutation	
1023.0	-0.07385699292176806	Kocak	permutation	
1024.0	-0.5449693734848564	Kocak	permutation	
1025.0	0.12107747303182936	Kocak	permutation	
1026.0	-0.11016434954060816	Kocak	permutation	
1027.0	-0.09419366364710058	Kocak	permutation	
1028.0	0.04933363966069049	Kocak	permutation	
1029.0	0.15124237013336383	Kocak	permutation	
1030.0	0.08192233361531898	Kocak	permutation	
1031.0	0.12473674718014127	Kocak	permutation	
1032.0	0.27786293203438106	Kocak	permutation	
1033.0	-0.18466971202556648	Kocak	permutation	
1034.0	-0.11965700012543579	Kocak	permutation	
1035.0	0.2019467319780004	Kocak	permutation	
1036.0	-0.05524183187791021	Kocak	permutation	
1037.0	0.3573856181210635	Kocak	permutation	
1038.0	0.04570602188243367	Kocak	permutation	
1039.0	0.04025424106390041	Kocak	permutation	
1040.0	-0.059993728578103145	Kocak	permutation	
1041.0	-0.1999899585792857	Kocak	permutation	
1042.0	0.1444335850289411	Kocak	permutation	
1043.0	0.11650883991385186	Kocak	permutation	
1044.0	0.34573969177802066	Kocak	permutation	
1045.0	0.011722266832966177	Kocak	permutation	
1046.0	-0.24833879535585268	Kocak	permutation	
1047.0	0.09769388165005388	Kocak	permutation	
1048.0	0.20724537090371875	Kocak	permutation	
1049.0	-0.0225360854883494	Kocak	permutation	
1050.0	0.19957781475891778	Kocak	permutation	
1051.0	-0.207418515557654	Kocak	permutation	
1052.0	-0.2303362841677128	Kocak	permutation	
1053.0	0.2288283615601312	Kocak	permutation	
1054.0	0.17834943369527423	Kocak	permutation	
1055.0	0.3892019890531868	Kocak	permutation	
1056.0	-0.16982451667368892	Kocak	permutation	
1057.0	0.15888771121694667	Kocak	permutation	
1058.0	0.212446701164005	Kocak	permutation	
1059.0	0.19956929220649844	Kocak	permutation	
1060.0	-0.09080459559448073	Kocak	permutation	
1061.0	0.3682976544924923	Kocak	permutation	
1062.0	0.43473524202122427	Kocak	permutation	
1063.0	0.16970836247577825	Kocak	permutation	
1064.0	-0.05005971224499728	Kocak	permutation	
1065.0	0.07446437253573102	Kocak	permutation	
1066.0	-0.1806209614941734	Kocak	permutation	
1067.0	0.2678099527471023	Kocak	permutation	
1068.0	0.20374512480648033	Kocak	permutation	
1069.0	0.15825258661325847	Kocak	permutation	
1070.0	0.0854765773380155	Kocak	permutation	
1071.0	0.1168313561912564	Kocak	permutation	
1072.0	-0.01680167435582902	Kocak	permutation	
1073.0	-0.08078262782404888	Kocak	permutation	
1074.0	-0.28117089479864976	Kocak	permutation	
1075.0	0.3067000781688147	Kocak	permutation	
1076.0	0.14050222002218238	Kocak	permutation	
1077.0	-0.028918923039317868	Kocak	permutation	
1078.0	0.517131170708149	Kocak	permutation	
1079.0	0.19063995432945724	Kocak	permutation	
1080.0	-0.22627815848955501	Kocak	permutation	
1081.0	-0.23394212996055552	Kocak	permutation	
1082.0	0.14218403648648703	Kocak	permutation	
1083.0	-0.06829874394616109	Kocak	permutation	
1084.0	0.10695836415652682	Kocak	permutation	
1085.0	-0.007090826091246782	Kocak	permutation	
1086.0	-0.12049897978553048	Kocak	permutation	
1087.0	-0.04356938328219062	Kocak	permutation	
1088.0	-0.22608993923413	Kocak	permutation	
1089.0	0.058679548981372065	Kocak	permutation	
1090.0	-0.26371800641075893	Kocak	permutation	
1091.0	0.28027959610442377	Kocak	permutation	
1092.0	-0.05854682018079416	Kocak	permutation	
1093.0	0.16881940767269032	Kocak	permutation	
1094.0	0.0606598190712484	Kocak	permutation	
1095.0	0.1137495507537798	Kocak	permutation	
1096.0	0.04004805650543375	Kocak	permutation	
1097.0	0.040906055728591184	Kocak	permutation	
1098.0	0.020634359082526643	Kocak	permutation	
1099.0	-0.2447656899966444	Kocak	permutation	
1100.0	-0.0002979131173521665	Kocak	permutation	
1101.0	0.1670553543563722	Kocak	permutation	
1102.0	0.28071696814303504	Kocak	permutation	
1103.0	0.014823061731418008	Kocak	permutation	
1104.0	-0.14177050417585946	Kocak	permutation	
1105.0	0.27020464954532386	Kocak	permutation	
1106.0	-0.10005824001166719	Kocak	permutation	
1107.0	-0.11637298442218569	Kocak	permutation	
1108.0	0.08047006258319289	Kocak	permutation	
1109.0	-0.0661993461843462	Kocak	permutation	
1110.0	0.19239947250695977	Kocak	permutation	
1111.0	-0.2488851675171717	Kocak	permutation	
1112.0	-0.17140002415779865	Kocak	permutation	
1113.0	-0.1121353750641978	Kocak	permutation	
1114.0	0.1809824103966431	Kocak	permutation	
1115.0	0.27165010233205145	Kocak	permutation	
1116.0	0.007988495284362962	Kocak	permutation	
1117.0	-0.1458189081563699	Kocak	permutation	
1118.0	-0.09440266970127453	Kocak	permutation	
1119.0	0.12468526495042198	Kocak	permutation	
1120.0	0.042877170872878345	Kocak	permutation	
1121.0	-0.01735870080312729	Kocak	permutation	
1122.0	-0.54620884384983	Kocak	permutation	
1123.0	0.3274920737713565	Kocak	permutation	
1124.0	0.409506224886095	Kocak	permutation	
1125.0	0.19591750654007	Kocak	permutation	
1126.0	-0.1967361617221095	Kocak	permutation	
1127.0	0.3159719052698584	Kocak	permutation	
1128.0	0.05787544575901915	Kocak	permutation	
1129.0	0.029454777603421967	Kocak	permutation	
1130.0	0.1477712030711933	Kocak	permutation	
1131.0	0.42531350497723075	Kocak	permutation	
1132.0	-0.050957388365425516	Kocak	permutation	
1133.0	-0.1725616988930616	Kocak	permutation	
1134.0	-0.12226024877154806	Kocak	permutation	
1135.0	-0.24013362612381606	Kocak	permutation	
1136.0	0.170540659304371	Kocak	permutation	
1137.0	0.04457238033497557	Kocak	permutation	
1138.0	0.036264936653426894	Kocak	permutation	
1139.0	0.3087521749437725	Kocak	permutation	
1140.0	0.03757362021013311	Kocak	permutation	
1141.0	0.24214039865321002	Kocak	permutation	
1142.0	-0.19264894794677279	Kocak	permutation	
1143.0	0.22897764034999835	Kocak	permutation	
1144.0	0.3817062846990176	Kocak	permutation	
1145.0	-0.04095069351103309	Kocak	permutation	
1146.0	0.1877062511782306	Kocak	permutation	
1147.0	0.42924770035807835	Kocak	permutation	
1148.0	0.3254192257066242	Kocak	permutation	
1149.0	0.07778837309349473	Kocak	permutation	
1150.0	0.21386688181539615	Kocak	permutation	
1151.0	0.011606075034757524	Kocak	permutation	
1152.0	-0.016464607242446583	Kocak	permutation	
1153.0	0.20595225622054603	Kocak	permutation	
1154.0	0.21909533557311622	Kocak	permutation	
1155.0	0.021830700789838176	Kocak	permutation	
1156.0	-0.026903303182677085	Kocak	permutation	
1157.0	-0.28838841771340107	Kocak	permutation	
1158.0	0.24350729306360552	Kocak	permutation	
1159.0	0.20231910634248607	Kocak	permutation	
1160.0	0.024286609635632672	Kocak	permutation	
1161.0	-0.27997088160471995	Kocak	permutation	
1162.0	-0.051952289535348584	Kocak	permutation	
1163.0	0.12553266008093278	Kocak	permutation	
1164.0	0.4060616821621936	Kocak	permutation	
1165.0	0.02968190229605927	Kocak	permutation	
1166.0	-0.3201105957047927	Kocak	permutation	
1167.0	-0.03688994770690002	Kocak	permutation	
1168.0	0.031390667355175594	Kocak	permutation	
1169.0	-0.2800246574673593	Kocak	permutation	
1170.0	-0.049790989006509356	Kocak	permutation	
1171.0	0.14650328282478586	Kocak	permutation	
1172.0	0.013128487117703536	Kocak	permutation	
1173.0	0.15182505512027422	Kocak	permutation	
1174.0	0.30231628775450226	Kocak	permutation	
1175.0	-0.01831637469449543	Kocak	permutation	
1176.0	0.24062430858336192	Kocak	permutation	
1177.0	0.17472705424993418	Kocak	permutation	
1178.0	-0.07859118731986303	Kocak	permutation	
1179.0	-0.05152139752178719	Kocak	permutation	
1180.0	-0.16526173459044768	Kocak	permutation	
1181.0	0.1511892370004828	Kocak	permutation	
1182.0	0.038701236694578256	Kocak	permutation	
1183.0	0.1374872911283873	Kocak	permutation	
1184.0	0.29378430327731664	Kocak	permutation	
1185.0	0.14799496851197524	Kocak	permutation	
1186.0	-0.012096438401414389	Kocak	permutation	
1187.0	0.05689906524083277	Kocak	permutation	
1188.0	0.030314002359249415	Kocak	permutation	
1189.0	0.3130251699964628	Kocak	permutation	
1190.0	0.06530805442068033	Kocak	permutation	
1191.0	0.19686382683972958	Kocak	permutation	
1192.0	-0.1467488778287862	Kocak	permutation	
1193.0	-0.07729409371825025	Kocak	permutation	
1194.0	0.1190534460161734	Kocak	permutation	
1195.0	0.19724571036059135	Kocak	permutation	
1196.0	-0.15664109259366388	Kocak	permutation	
1197.0	-0.289303414949972	Kocak	permutation	
1198.0	-0.02833430501731815	Kocak	permutation	
1199.0	-0.3517667485541387	Kocak	permutation	
1200.0	0.23635636420330375	Kocak	permutation	
1201.0	0.02603833492002039	Kocak	permutation	
1202.0	0.12772075014040318	Kocak	permutation	
1203.0	-0.18414416855283644	Kocak	permutation	
1204.0	0.05500542693365862	Kocak	permutation	
1205.0	0.12320446582702793	Kocak	permutation	
1206.0	0.1784912564094876	Kocak	permutation	
1207.0	0.0668983296044603	Kocak	permutation	
1208.0	-0.03821036799926425	Kocak	permutation	
1209.0	0.08390079711195586	Kocak	permutation	
1210.0	-0.271966554213813	Kocak	permutation	
1211.0	0.23130495225016556	Kocak	permutation	
1212.0	0.18233929920613523	Kocak	permutation	
1213.0	0.03795566813564122	Kocak	permutation	
1214.0	0.08575230878894047	Kocak	permutation	
1215.0	-0.07402415426772979	Kocak	permutation	
1216.0	0.21409908577068393	Kocak	permutation	
1217.0	0.11654969958147543	Kocak	permutation	
1218.0	-0.1360361359854183	Kocak	permutation	
1219.0	-0.10523554947128932	Kocak	permutation	
1220.0	0.2218715464043335	Kocak	permutation	
1221.0	0.16031999224285087	Kocak	permutation	
1222.0	0.024449194218483683	Kocak	permutation	
1223.0	-0.11767165515678357	Kocak	permutation	
1224.0	0.04912519732782261	Kocak	permutation	
1225.0	-0.0599012045723164	Kocak	permutation	
1226.0	0.19647036409314023	Kocak	permutation	
1227.0	0.4173350529964983	Kocak	permutation	
1228.0	0.24386945951901584	Kocak	permutation	
1229.0	0.08370206063210972	Kocak	permutation	
1230.0	0.18148325915563301	Kocak	permutation	
1231.0	-0.13543734277709163	Kocak	permutation	
1232.0	0.4367338392059663	Kocak	permutation	
1233.0	0.2820426063257626	Kocak	permutation	
1234.0	0.004759202412011554	Kocak	permutation	
1235.0	0.07082624893897727	Kocak	permutation	
1236.0	-0.17220026778421582	Kocak	permutation	
1237.0	0.28179848513088146	Kocak	permutation	
1238.0	-0.2721144051140012	Kocak	permutation	
1239.0	-0.01295196845057145	Kocak	permutation	
1240.0	0.23323453724166132	Kocak	permutation	
1241.0	-0.181989696521637	Kocak	permutation	
1242.0	0.26028187099265665	Kocak	permutation	
1243.0	-0.02096004266657303	Kocak	permutation	
1244.0	0.25421457185494223	Kocak	permutation	
1245.0	0.0046423279261214034	Kocak	permutation	
1246.0	-0.043465349776033335	Kocak	permutation	
1247.0	0.0318282196407953	Kocak	permutation	
1248.0	0.2841368687649197	Kocak	permutation	
1249.0	-0.008682472273320307	Kocak	permutation	
1250.0	0.2235689442154527	Kocak	permutation	
1251.0	-0.012614102751663303	Kocak	permutation	
1252.0	-0.1361393885399078	Kocak	permutation	
1253.0	0.3652672210423509	Kocak	permutation	
1254.0	0.10360425216095681	Kocak	permutation	
1255.0	0.3569698271285109	Kocak	permutation	
1256.0	0.3464108115053195	Kocak	permutation	
1257.0	0.17161485764222473	Kocak	permutation	
1258.0	0.22444768937873594	Kocak	permutation	
1259.0	-0.03158696363825353	Kocak	permutation	
1260.0	0.1956659361672628	Kocak	permutation	
1261.0	-0.06183232536152605	Kocak	permutation	
1262.0	0.514706959557409	Kocak	permutation	
1263.0	-0.17805733772827326	Kocak	permutation	
1264.0	0.21456670443059966	Kocak	permutation	
1265.0	-0.20732285585769583	Kocak	permutation	
1266.0	0.3935317707583694	Kocak	permutation	
1267.0	0.03689790361971923	Kocak	permutation	
1268.0	0.023109107514042826	Kocak	permutation	
1269.0	-0.16110114860219582	Kocak	permutation	
1270.0	-0.025402058119087023	Kocak	permutation	
1271.0	0.3241362755225268	Kocak	permutation	
1272.0	0.15301968319004722	Kocak	permutation	
1273.0	0.06306736775118171	Kocak	permutation	
1274.0	0.06511760820873214	Kocak	permutation	
1275.0	0.06457197868857278	Kocak	permutation	
1276.0	0.2458444211776012	Kocak	permutation	
1277.0	0.26564459665598594	Kocak	permutation	
1278.0	0.1796804008723356	Kocak	permutation	
1279.0	0.5300612355175325	Kocak	permutation	
1280.0	0.30540738120421196	Kocak	permutation	
1281.0	0.08627442097375138	Kocak	permutation	
1282.0	0.08350961994995121	Kocak	permutation	
1283.0	-0.01638960889215646	Kocak	permutation	
1284.0	0.1487600031062417	Kocak	permutation	
1285.0	0.14890212877492903	Kocak	permutation	
1286.0	0.14330227002394658	Kocak	permutation	
1287.0	-0.18858789496043515	Kocak	permutation	
1288.0	0.13622461381877748	Kocak	permutation	
1289.0	0.0060505531639289956	Kocak	permutation	
1290.0	-0.017386504918534662	Kocak	permutation	
1291.0	0.1371002793881102	Kocak	permutation	
1292.0	0.29298066556086955	Kocak	permutation	
1293.0	-0.13695520137763761	Kocak	permutation	
1294.0	-0.03576477034126846	Kocak	permutation	
1295.0	-0.20107894240446322	Kocak	permutation	
1296.0	-0.08624720553324394	Kocak	permutation	
1297.0	-0.09482979456379681	Kocak	permutation	
1298.0	0.4227031628201088	Kocak	permutation	
1299.0	0.2862528009225018	Kocak	permutation	
1300.0	-0.2957358736136011	Kocak	permutation	
1301.0	0.4328497208775275	Kocak	permutation	
1302.0	-0.1445109506455191	Kocak	permutation	
1303.0	-0.1229665824996351	Kocak	permutation	
1304.0	0.090171306811345	Kocak	permutation	
1305.0	-0.027339265646966204	Kocak	permutation	
1306.0	0.4051585631769141	Kocak	permutation	
1307.0	0.134850372381484	Kocak	permutation	
1308.0	0.15328648575262438	Kocak	permutation	
1309.0	0.0023289187746522444	Kocak	permutation	
1310.0	0.41436752792250875	Kocak	permutation	
1311.0	0.40523809586053616	Kocak	permutation	
1312.0	0.2963097594998132	Kocak	permutation	
1313.0	0.2897601647919297	Kocak	permutation	
1314.0	0.2474224007697483	Kocak	permutation	
1315.0	0.5018730484865808	Kocak	permutation	
1316.0	0.2777980424222024	Kocak	permutation	
1317.0	0.0511877052057681	Kocak	permutation	
1318.0	0.3260656548653946	Kocak	permutation	
1319.0	-0.007929315352596333	Kocak	permutation	
1320.0	-0.00216284881101636	Kocak	permutation	
1321.0	-0.03765155359657513	Kocak	permutation	
1322.0	-0.06184627743242288	Kocak	permutation	
1323.0	0.12491280897140467	Kocak	permutation	
1324.0	0.0931155650144806	Kocak	permutation	
1325.0	0.20225676653200697	Kocak	permutation	
1326.0	0.3805640511307882	Kocak	permutation	
1327.0	-0.11053687990925631	Kocak	permutation	
1328.0	0.2445828034549642	Kocak	permutation	
1329.0	0.2232388101737559	Kocak	permutation	
1330.0	0.06882932306311407	Kocak	permutation	
1331.0	-0.13694930010879425	Kocak	permutation	
1332.0	0.2464822135677327	Kocak	permutation	
1333.0	-0.24776686822535554	Kocak	permutation	
1334.0	0.1873554318475188	Kocak	permutation	
1335.0	-0.14756015291908398	Kocak	permutation	
1336.0	0.07024920031946813	Kocak	permutation	
1337.0	-0.05180169701289117	Kocak	permutation	
1338.0	-0.1659841289364694	Kocak	permutation	
1339.0	-0.011586775931507809	Kocak	permutation	
1340.0	-0.014471921428870438	Kocak	permutation	
1341.0	-0.011109327392363255	Kocak	permutation	
1342.0	0.013748447086199711	Kocak	permutation	
1343.0	0.2042839732391286	Kocak	permutation	
1344.0	0.06739755715563334	Kocak	permutation	
1345.0	-0.09463193315786356	Kocak	permutation	
1346.0	0.13734840597207665	Kocak	permutation	
1347.0	0.3452805063653086	Kocak	permutation	
1348.0	0.14418547757582534	Kocak	permutation	
1349.0	-0.08399131949613015	Kocak	permutation	
1350.0	0.306034545871281	Kocak	permutation	
1351.0	0.01761689089660834	Kocak	permutation	
1352.0	0.21628522207384648	Kocak	permutation	
1353.0	-0.19771320567756678	Kocak	permutation	
1354.0	0.15154934303749634	Kocak	permutation	
1355.0	0.08695333729283039	Kocak	permutation	
1356.0	0.09127325391691876	Kocak	permutation	
1357.0	-0.14010484061328565	Kocak	permutation	
1358.0	-0.4913843620033562	Kocak	permutation	
1359.0	0.2695359055860056	Kocak	permutation	
1360.0	0.2952890629934668	Kocak	permutation	
1361.0	0.3791108899671718	Kocak	permutation	
1362.0	0.1163832085298564	Kocak	permutation	
1363.0	0.013208930282129216	Kocak	permutation	
1364.0	-0.017331993624443598	Kocak	permutation	
1365.0	-0.13034193717700848	Kocak	permutation	
1366.0	-0.1522335714648495	Kocak	permutation	
1367.0	0.16156543318486882	Kocak	permutation	
1368.0	-0.04119880452230351	Kocak	permutation	
1369.0	0.1546414599450081	Kocak	permutation	
1370.0	0.2798611580463666	Kocak	permutation	
1371.0	0.5926548203348112	Kocak	permutation	
1372.0	0.09198186807773823	Kocak	permutation	
1373.0	-0.06340834942946483	Kocak	permutation	
1374.0	0.039399307445701304	Kocak	permutation	
1375.0	-0.08226584526571479	Kocak	permutation	
1376.0	0.07301825237679882	Kocak	permutation	
1377.0	0.12201249547990223	Kocak	permutation	
1378.0	-0.17842575901015145	Kocak	permutation	
1379.0	0.21635086542666926	Kocak	permutation	
1380.0	-0.11731209205915949	Kocak	permutation	
1381.0	-0.23587203419401526	Kocak	permutation	
1382.0	0.04291717086038194	Kocak	permutation	
1383.0	0.12342702641075753	Kocak	permutation	
1384.0	0.05021659659579303	Kocak	permutation	
1385.0	0.24099916009326527	Kocak	permutation	
1386.0	-0.06788104212911694	Kocak	permutation	
1387.0	0.34766163065320477	Kocak	permutation	
1388.0	-0.04602000176150778	Kocak	permutation	
1389.0	-0.39972694293482247	Kocak	permutation	
1390.0	-0.03459485788179517	Kocak	permutation	
1391.0	0.21972162240090753	Kocak	permutation	
1392.0	-0.23257523034732586	Kocak	permutation	
1393.0	0.0053759039874732295	Kocak	permutation	
1394.0	0.1315104794785391	Kocak	permutation	
1395.0	0.08532092338881991	Kocak	permutation	
1396.0	0.19394730412386174	Kocak	permutation	
1397.0	0.308256066214204	Kocak	permutation	
1398.0	-0.09591186163058119	Kocak	permutation	
1399.0	0.01865111412651732	Kocak	permutation	
1400.0	0.012177277797941422	Kocak	permutation	
1401.0	0.1663828055297003	Kocak	permutation	
1402.0	0.22203255637247565	Kocak	permutation	
1403.0	0.06867067153476203	Kocak	permutation	
1404.0	0.036495749224735086	Kocak	permutation	
1405.0	0.046894018434799456	Kocak	permutation	
1406.0	-0.0059436661176253125	Kocak	permutation	
1407.0	-0.07211329451666959	Kocak	permutation	
1408.0	0.007845909817103092	Kocak	permutation	
1409.0	0.13229626638951952	Kocak	permutation	
1410.0	-0.25459096877357545	Kocak	permutation	
1411.0	0.1642419384986642	Kocak	permutation	
1412.0	-0.1683697783997533	Kocak	permutation	
1413.0	0.4339335422542989	Kocak	permutation	
1414.0	0.12692493940935723	Kocak	permutation	
1415.0	-0.07129287525277572	Kocak	permutation	
1416.0	0.10632330889755881	Kocak	permutation	
1417.0	0.25249294385424115	Kocak	permutation	
1418.0	0.41716896859652497	Kocak	permutation	
1419.0	0.0005463577365354411	Kocak	permutation	
1420.0	0.0557007672135823	Kocak	permutation	
1421.0	0.3444067466945615	Kocak	permutation	
1422.0	0.2443432313444056	Kocak	permutation	
1423.0	0.010311632720458874	Kocak	permutation	
1424.0	0.22677873170640517	Kocak	permutation	
1425.0	0.20219152390395312	Kocak	permutation	
1426.0	0.3617968387830892	Kocak	permutation	
1427.0	0.18471761294656108	Kocak	permutation	
1428.0	0.18555275475609978	Kocak	permutation	
1429.0	0.02252370801406567	Kocak	permutation	
1430.0	-0.006569215060685529	Kocak	permutation	
1431.0	0.16861414191765078	Kocak	permutation	
1432.0	0.18518671757649496	Kocak	permutation	
1433.0	-0.05472154484600722	Kocak	permutation	
1434.0	-0.004080261398044627	Kocak	permutation	
1435.0	0.0772138413094714	Kocak	permutation	
1436.0	0.09915722471503763	Kocak	permutation	
1437.0	0.0954478116143429	Kocak	permutation	
1438.0	0.20474470574826853	Kocak	permutation	
1439.0	0.07985536345387612	Kocak	permutation	
1440.0	0.07801293830682443	Kocak	permutation	
1441.0	-0.15756869594902145	Kocak	permutation	
1442.0	-0.27272340460023603	Kocak	permutation	
1443.0	-0.17752054360788438	Kocak	permutation	
1444.0	0.13368871637368152	Kocak	permutation	
1445.0	-0.032125806182107475	Kocak	permutation	
1446.0	-0.16209894486847798	Kocak	permutation	
1447.0	0.11160556045894854	Kocak	permutation	
1448.0	0.05859319028941279	Kocak	permutation	
1449.0	-0.06176809557722773	Kocak	permutation	
1450.0	0.2423695192767461	Kocak	permutation	
1451.0	0.2451600454722902	Kocak	permutation	
1452.0	-0.10878559239584007	Kocak	permutation	
1453.0	-0.07655541036594737	Kocak	permutation	
1454.0	0.0483590333873547	Kocak	permutation	
1455.0	0.4490100785768547	Kocak	permutation	
1456.0	-0.07652469101282833	Kocak	permutation	
1457.0	-0.2975367933835038	Kocak	permutation	
1458.0	0.02755613702677806	Kocak	permutation	
1459.0	0.22709974931210475	Kocak	permutation	
1460.0	-0.15824380641930436	Kocak	permutation	
1461.0	0.24057817459769382	Kocak	permutation	
1462.0	-0.0002646663111880443	Kocak	permutation	
1463.0	0.14810310054346676	Kocak	permutation	
1464.0	-0.21390214683259368	Kocak	permutation	
1465.0	0.41842399458103685	Kocak	permutation	
1466.0	-0.3825749307797941	Kocak	permutation	
1467.0	0.1472622618537205	Kocak	permutation	
1468.0	0.17712707022579632	Kocak	permutation	
1469.0	-0.18133863346360402	Kocak	permutation	
1470.0	0.09826907152315023	Kocak	permutation	
1471.0	0.0034653106036932613	Kocak	permutation	
1472.0	0.35082629181290326	Kocak	permutation	
1473.0	-0.17127274806561577	Kocak	permutation	
1474.0	0.20476790728215644	Kocak	permutation	
1475.0	0.17231600986339934	Kocak	permutation	
1476.0	-0.009674186906428517	Kocak	permutation	
1477.0	0.12715361828361704	Kocak	permutation	
1478.0	0.15423951724434204	Kocak	permutation	
1479.0	0.003633572644324623	Kocak	permutation	
1480.0	0.18593886899548728	Kocak	permutation	
1481.0	0.07814348967765916	Kocak	permutation	
1482.0	0.18935198309678647	Kocak	permutation	
1483.0	-0.23928962166710166	Kocak	permutation	
1484.0	0.06032862337672551	Kocak	permutation	
1485.0	0.10672819679699863	Kocak	permutation	
1486.0	-0.13770543326675444	Kocak	permutation	
1487.0	0.1543815175546941	Kocak	permutation	
1488.0	0.3988747184658168	Kocak	permutation	
1489.0	0.08726914196573432	Kocak	permutation	
1490.0	0.2386176707635821	Kocak	permutation	
1491.0	0.2614374404004769	Kocak	permutation	
1492.0	0.06893392527243591	Kocak	permutation	
1493.0	0.21443212943005552	Kocak	permutation	
1494.0	-0.1934839573122593	Kocak	permutation	
1495.0	0.18613195103092472	Kocak	permutation	
1496.0	-0.16307467556947186	Kocak	permutation	
1497.0	0.09434270309704296	Kocak	permutation	
1498.0	0.16353035554684237	Kocak	permutation	
1499.0	0.18482516093597923	Kocak	permutation	
1500.0	0.02969696469060512	Kocak	permutation	
1501.0	0.11801441846981753	Kocak	permutation	
1502.0	-0.028752857435779156	Kocak	permutation	
1503.0	0.5325745824459034	Kocak	permutation	
1504.0	-0.015599692015006106	Kocak	permutation	
1505.0	-0.07241264747462406	Kocak	permutation	
1506.0	0.3291544500067438	Kocak	permutation	
1507.0	-0.07433621759326847	Kocak	permutation	
1508.0	-0.28175522531295716	Kocak	permutation	
1509.0	-0.0035749565216596224	Kocak	permutation	
1510.0	0.3590454625819328	Kocak	permutation	
1511.0	0.22150233544277498	Kocak	permutation	
1512.0	-0.05380381101798548	Kocak	permutation	
1513.0	0.1687005007218243	Kocak	permutation	
1514.0	-0.045568008448708675	Kocak	permutation	
1515.0	-0.12426584709098076	Kocak	permutation	
1516.0	0.02640447886639663	Kocak	permutation	
1517.0	0.28488223412012204	Kocak	permutation	
1518.0	-0.3145722260081856	Kocak	permutation	
1519.0	0.38372487865380567	Kocak	permutation	
1520.0	0.08541108296233357	Kocak	permutation	
1521.0	-0.0844369087856327	Kocak	permutation	
1522.0	0.5654088651873712	Kocak	permutation	
1523.0	-0.26935407250305365	Kocak	permutation	
1524.0	0.0267796995675873	Kocak	permutation	
1525.0	-0.31286650029047447	Kocak	permutation	
1526.0	-0.05175124677399001	Kocak	permutation	
1527.0	0.01799507579624482	Kocak	permutation	
1528.0	-0.07112281178383384	Kocak	permutation	
1529.0	0.16970176212835142	Kocak	permutation	
1530.0	0.14454773585293523	Kocak	permutation	
1531.0	-0.08885759686540773	Kocak	permutation	
1532.0	0.10899275781704088	Kocak	permutation	
1533.0	0.1748768733751822	Kocak	permutation	
1534.0	0.06880639269085442	Kocak	permutation	
1535.0	0.1430231506731925	Kocak	permutation	
1536.0	0.21747552751413046	Kocak	permutation	
1537.0	0.10863426169986479	Kocak	permutation	
1538.0	-0.17454706505188033	Kocak	permutation	
1539.0	0.25056438560947747	Kocak	permutation	
1540.0	-0.18953108180037548	Kocak	permutation	
1541.0	0.07622902563098943	Kocak	permutation	
1542.0	0.07284346912643258	Kocak	permutation	
1543.0	-0.15494744962721363	Kocak	permutation	
1544.0	0.060147133770557915	Kocak	permutation	
1545.0	0.2648474385251731	Kocak	permutation	
1546.0	-0.3906508518998191	Kocak	permutation	
1547.0	-0.23129118784601443	Kocak	permutation	
1548.0	0.4665290109575917	Kocak	permutation	
1549.0	-0.06531808065348699	Kocak	permutation	
1550.0	-0.05649246853090073	Kocak	permutation	
1551.0	0.30025559403833224	Kocak	permutation	
1552.0	-0.12211596079040099	Kocak	permutation	
1553.0	-0.028943714520996977	Kocak	permutation	
1554.0	0.16452448621012472	Kocak	permutation	
1555.0	-0.25746840374775193	Kocak	permutation	
1556.0	-0.09233126385975599	Kocak	permutation	
1557.0	-0.008519154666762674	Kocak	permutation	
1558.0	0.06695569220964437	Kocak	permutation	
1559.0	0.05834371224442947	Kocak	permutation	
1560.0	-0.0026898158432802077	Kocak	permutation	
1561.0	0.2928881900029694	Kocak	permutation	
1562.0	-0.07950871963005657	Kocak	permutation	
1563.0	0.31069443326460355	Kocak	permutation	
1564.0	0.015814544613941273	Kocak	permutation	
1565.0	0.1174264049101783	Kocak	permutation	
1566.0	0.2049226493283003	Kocak	permutation	
1567.0	-0.31759475812252624	Kocak	permutation	
1568.0	0.19909537038152347	Kocak	permutation	
1569.0	0.25155045537074194	Kocak	permutation	
1570.0	0.15495693176622627	Kocak	permutation	
1571.0	0.5277825213037834	Kocak	permutation	
1572.0	-0.18248462282760292	Kocak	permutation	
1573.0	-0.19002208595649428	Kocak	permutation	
1574.0	-0.2749228516148805	Kocak	permutation	
1575.0	0.11211925278398116	Kocak	permutation	
1576.0	0.15608634560395718	Kocak	permutation	
1577.0	0.5213510994621249	Kocak	permutation	
1578.0	0.04872725377164144	Kocak	permutation	
1579.0	0.02674800798414889	Kocak	permutation	
1580.0	-0.1641171001760826	Kocak	permutation	
1581.0	-0.1140022351491119	Kocak	permutation	
1582.0	-0.015645888299534505	Kocak	permutation	
1583.0	-0.08493580774504483	Kocak	permutation	
1584.0	-0.07304533814618797	Kocak	permutation	
1585.0	0.07946480010181389	Kocak	permutation	
1586.0	0.3204052517564735	Kocak	permutation	
1587.0	0.33290321020967273	Kocak	permutation	
1588.0	-0.06348140478001163	Kocak	permutation	
1589.0	0.3268663327976329	Kocak	permutation	
1590.0	0.4365418827253533	Kocak	permutation	
1591.0	0.33455412013072916	Kocak	permutation	
1592.0	0.0023727523561616337	Kocak	permutation	
1593.0	0.04301223386710262	Kocak	permutation	
1594.0	0.21765390012014318	Kocak	permutation	
1595.0	-0.1540344163445475	Kocak	permutation	
1596.0	0.11242114531419922	Kocak	permutation	
1597.0	0.20720848301909633	Kocak	permutation	
1598.0	0.015851917695245632	Kocak	permutation	
1599.0	0.10547210475401947	Kocak	permutation	
1600.0	0.26764231709146546	Kocak	permutation	
1601.0	0.18350705916890497	Kocak	permutation	
1602.0	0.007456313323553232	Kocak	permutation	
1603.0	-0.23240176239402155	Kocak	permutation	
1604.0	-0.4171201196117562	Kocak	permutation	
1605.0	0.37389662578514926	Kocak	permutation	
1606.0	-0.34868249196244516	Kocak	permutation	
1607.0	0.2337431395799472	Kocak	permutation	
1608.0	0.22664741558628432	Kocak	permutation	
1609.0	0.1044504471971921	Kocak	permutation	
1610.0	0.15651889247100836	Kocak	permutation	
1611.0	0.15177893035507584	Kocak	permutation	
1612.0	0.09549784129506023	Kocak	permutation	
1613.0	0.25342683245616104	Kocak	permutation	
1614.0	0.34336117020129375	Kocak	permutation	
1615.0	-0.03417837467536877	Kocak	permutation	
1616.0	0.2503080082449305	Kocak	permutation	
1617.0	0.3718206798758077	Kocak	permutation	
1618.0	-0.14070366540693513	Kocak	permutation	
1619.0	0.22006710859312495	Kocak	permutation	
1620.0	0.1184344855333812	Kocak	permutation	
1621.0	-0.025108131866105943	Kocak	permutation	
1622.0	-0.14585928382267088	Kocak	permutation	
1623.0	-0.0822008371044074	Kocak	permutation	
1624.0	0.044786392153937093	Kocak	permutation	
1625.0	-0.06816619750268504	Kocak	permutation	
1626.0	-0.23098233290262327	Kocak	permutation	
1627.0	-0.0830171588590245	Kocak	permutation	
1628.0	0.18832234061647135	Kocak	permutation	
1629.0	0.19906223504186293	Kocak	permutation	
1630.0	0.02844437688852519	Kocak	permutation	
1631.0	0.06209492943630668	Kocak	permutation	
1632.0	0.12746262047989987	Kocak	permutation	
1633.0	0.5301332609391469	Kocak	permutation	
1634.0	0.19653367561217294	Kocak	permutation	
1635.0	0.22761336590666215	Kocak	permutation	
1636.0	-0.05640500151661243	Kocak	permutation	
1637.0	-0.17207926523255956	Kocak	permutation	
1638.0	-0.16939529899734884	Kocak	permutation	
1639.0	-0.0772818503163979	Kocak	permutation	
1640.0	-0.15697454972373492	Kocak	permutation	
1641.0	-0.15546523660557998	Kocak	permutation	
1642.0	0.1658884073326723	Kocak	permutation	
1643.0	0.15598682712577805	Kocak	permutation	
1644.0	0.3575245729710428	Kocak	permutation	
1645.0	0.0018438289906352878	Kocak	permutation	
1646.0	0.21358183788470697	Kocak	permutation	
1647.0	-0.23417764519813167	Kocak	permutation	
1648.0	0.13435126346595716	Kocak	permutation	
1649.0	0.16953613345534357	Kocak	permutation	
1650.0	0.3352808710492292	Kocak	permutation	
1651.0	-0.0314454970766862	Kocak	permutation	
1652.0	-0.07650856010053264	Kocak	permutation	
1653.0	-0.11267913728212875	Kocak	permutation	
1654.0	0.05276398854076625	Kocak	permutation	
1655.0	0.08182871145146908	Kocak	permutation	
1656.0	-0.0784072821333206	Kocak	permutation	
1657.0	-0.21725176365563748	Kocak	permutation	
1658.0	0.20998594563224326	Kocak	permutation	
1659.0	0.011604158913679719	Kocak	permutation	
1660.0	0.2131027005403734	Kocak	permutation	
1661.0	0.04846944267604947	Kocak	permutation	
1662.0	-0.07051105393393442	Kocak	permutation	
1663.0	0.028530249042309386	Kocak	permutation	
1664.0	0.33577897752401054	Kocak	permutation	
1665.0	0.3143066696201764	Kocak	permutation	
1666.0	0.1113952971197456	Kocak	permutation	
1667.0	0.2642799525808437	Kocak	permutation	
1668.0	0.25777912835069383	Kocak	permutation	
1669.0	0.29708726380975214	Kocak	permutation	
1670.0	0.07115294230067182	Kocak	permutation	
1671.0	-0.31666716265302197	Kocak	permutation	
1672.0	-0.012056963319496461	Kocak	permutation	
1673.0	-0.14788854762155168	Kocak	permutation	
1674.0	0.1557731061047285	Kocak	permutation	
1675.0	-0.15723030501395474	Kocak	permutation	
1676.0	0.11676152557394204	Kocak	permutation	
1677.0	0.29401420473922	Kocak	permutation	
1678.0	-0.3089368612261625	Kocak	permutation	
1679.0	0.2207191233959085	Kocak	permutation	
1680.0	-0.03646774596023317	Kocak	permutation	
1681.0	-0.45317217906455776	Kocak	permutation	
1682.0	0.05431400002677389	Kocak	permutation	
1683.0	0.32553041283909767	Kocak	permutation	
1684.0	0.2595613652405113	Kocak	permutation	
1685.0	0.1734923740573251	Kocak	permutation	
1686.0	0.01796800199219284	Kocak	permutation	
1687.0	-0.19825976922443544	Kocak	permutation	
1688.0	-0.08536174573364619	Kocak	permutation	
1689.0	0.09269088617325938	Kocak	permutation	
1690.0	0.09295135452977199	Kocak	permutation	
1691.0	-0.3184221912767984	Kocak	permutation	
1692.0	0.028348650768132977	Kocak	permutation	
1693.0	-0.3346092824383824	Kocak	permutation	
1694.0	-0.3073748601048556	Kocak	permutation	
1695.0	0.1881495159730946	Kocak	permutation	
1696.0	-0.03869300042920365	Kocak	permutation	
1697.0	0.03283194470394335	Kocak	permutation	
1698.0	-0.2224840613263961	Kocak	permutation	
1699.0	0.027236173713584222	Kocak	permutation	
1700.0	-0.21666885460446483	Kocak	permutation	
1701.0	-0.09257074706054524	Kocak	permutation	
1702.0	-0.15506598094560697	Kocak	permutation	
1703.0	-0.008827323814370125	Kocak	permutation	
1704.0	0.3570812499885587	Kocak	permutation	
1705.0	-0.1637066838078276	Kocak	permutation	
1706.0	-0.2024930507186431	Kocak	permutation	
1707.0	0.182913783758063	Kocak	permutation	
1708.0	0.19234811343377434	Kocak	permutation	
1709.0	0.24718177940987207	Kocak	permutation	
1710.0	0.2475621217584676	Kocak	permutation	
1711.0	0.11796708605360617	Kocak	permutation	
1712.0	0.3014181279481507	Kocak	permutation	
1713.0	0.012249955783081745	Kocak	permutation	
1714.0	-0.026001770951985748	Kocak	permutation	
1715.0	0.17658245040954768	Kocak	permutation	
1716.0	0.016306458728538864	Kocak	permutation	
1717.0	0.3559518587348478	Kocak	permutation	
1718.0	-0.020727088820336803	Kocak	permutation	
1719.0	0.03839641649817871	Kocak	permutation	
1720.0	-0.4815579475755749	Kocak	permutation	
1721.0	-0.024120770334675967	Kocak	permutation	
1722.0	-0.19992245087323557	Kocak	permutation	
1723.0	0.07551829614345706	Kocak	permutation	
1724.0	0.166249829500698	Kocak	permutation	
1725.0	0.5980526064573599	Kocak	permutation	
1726.0	-0.33553050308558285	Kocak	permutation	
1727.0	0.3104024380217174	Kocak	permutation	
1728.0	-0.05159670314818765	Kocak	permutation	
1729.0	-0.10545779268984123	Kocak	permutation	
1730.0	-0.2995459211824745	Kocak	permutation	
1731.0	-0.18705022550049133	Kocak	permutation	
1732.0	0.1635051447434508	Kocak	permutation	
1733.0	0.14567883774012635	Kocak	permutation	
1734.0	0.10125275937510203	Kocak	permutation	
1735.0	0.34204457289115364	Kocak	permutation	
1736.0	0.18439069899478877	Kocak	permutation	
1737.0	-0.10502324498360505	Kocak	permutation	
1738.0	0.16490446431919192	Kocak	permutation	
1739.0	-0.151952485505503	Kocak	permutation	
1740.0	0.0493803938114441	Kocak	permutation	
1741.0	0.010818401458725369	Kocak	permutation	
1742.0	0.05453072705117634	Kocak	permutation	
1743.0	0.28046831742427436	Kocak	permutation	
1744.0	-0.09538135008807469	Kocak	permutation	
1745.0	-0.11843186808856032	Kocak	permutation	
1746.0	0.04073690294828669	Kocak	permutation	
1747.0	0.1748298753658979	Kocak	permutation	
1748.0	-0.4120552747636901	Kocak	permutation	
1749.0	-0.38847115203007476	Kocak	permutation	
1750.0	0.1602787855716299	Kocak	permutation	
1751.0	-0.08644618673937998	Kocak	permutation	
1752.0	0.08558740997686964	Kocak	permutation	
1753.0	-0.0780641269905411	Kocak	permutation	
1754.0	-0.027261629048958902	Kocak	permutation	
1755.0	0.13324269232947827	Kocak	permutation	
1756.0	0.4102384379973447	Kocak	permutation	
1757.0	-0.14760572910673986	Kocak	permutation	
1758.0	-0.10079337102036412	Kocak	permutation	
1759.0	-0.03440467459322338	Kocak	permutation	
1760.0	0.278401759744872	Kocak	permutation	
1761.0	-0.19971493004121044	Kocak	permutation	
1762.0	-0.0005114442343865377	Kocak	permutation	
1763.0	0.01888783335611688	Kocak	permutation	
1764.0	0.23726927316513446	Kocak	permutation	
1765.0	-0.2144716205012278	Kocak	permutation	
1766.0	-0.19085705097175776	Kocak	permutation	
1767.0	0.10881595394354981	Kocak	permutation	
1768.0	0.1327329985288337	Kocak	permutation	
1769.0	-0.12736748725687086	Kocak	permutation	
1770.0	0.053973779043516856	Kocak	permutation	
1771.0	0.20609962202801668	Kocak	permutation	
1772.0	0.2900663661935594	Kocak	permutation	
1773.0	-0.2067410870171984	Kocak	permutation	
1774.0	-0.18374652313610573	Kocak	permutation	
1775.0	-0.021362313826286616	Kocak	permutation	
1776.0	-0.17369891735410148	Kocak	permutation	
1777.0	0.24909990727794362	Kocak	permutation	
1778.0	-0.030522827314128698	Kocak	permutation	
1779.0	0.0672062223205101	Kocak	permutation	
1780.0	0.037353588415307115	Kocak	permutation	
1781.0	-0.19870873806260292	Kocak	permutation	
1782.0	0.09678435840787802	Kocak	permutation	
1783.0	0.31576021735438964	Kocak	permutation	
1784.0	0.3657453794779366	Kocak	permutation	
1785.0	-0.3739813333460167	Kocak	permutation	
1786.0	-0.0804658728752754	Kocak	permutation	
1787.0	0.09291012387138409	Kocak	permutation	
1788.0	0.3390590858581861	Kocak	permutation	
1789.0	-0.18613924064590393	Kocak	permutation	
1790.0	-0.19445578063093283	Kocak	permutation	
1791.0	-0.22017864619629757	Kocak	permutation	
1792.0	0.19408660424696933	Kocak	permutation	
1793.0	0.04531100407119215	Kocak	permutation	
1794.0	-0.055037191232123917	Kocak	permutation	
1795.0	0.2995488673894027	Kocak	permutation	
1796.0	-0.03415324207286741	Kocak	permutation	
1797.0	0.12303676478986869	Kocak	permutation	
1798.0	0.05741708203956186	Kocak	permutation	
1799.0	0.4823917962844009	Kocak	permutation	
1800.0	0.1043117253277206	Kocak	permutation	
1801.0	0.2739790040950121	Kocak	permutation	
1802.0	-0.2738415551726403	Kocak	permutation	
1803.0	0.03488172633730802	Kocak	permutation	
1804.0	-0.17463934134095993	Kocak	permutation	
1805.0	0.06560252717574766	Kocak	permutation	
1806.0	0.15582304251977774	Kocak	permutation	
1807.0	0.028102145580800375	Kocak	permutation	
1808.0	-0.16193607323555304	Kocak	permutation	
1809.0	0.10810786091953872	Kocak	permutation	
1810.0	0.02832784934544552	Kocak	permutation	
1811.0	-0.07408052186926728	Kocak	permutation	
1812.0	-0.2968576819175004	Kocak	permutation	
1813.0	-0.0920456107863954	Kocak	permutation	
1814.0	-0.11163500392627768	Kocak	permutation	
1815.0	0.11451474366873615	Kocak	permutation	
1816.0	0.16339624980030187	Kocak	permutation	
1817.0	0.14706410579616858	Kocak	permutation	
1818.0	0.06471713705546112	Kocak	permutation	
1819.0	0.1985551929902707	Kocak	permutation	
1820.0	-0.14481685671209288	Kocak	permutation	
1821.0	-0.16766656899216725	Kocak	permutation	
1822.0	0.09618602045497227	Kocak	permutation	
1823.0	0.4177925175661912	Kocak	permutation	
1824.0	0.2229236597225004	Kocak	permutation	
1825.0	0.1337918838315746	Kocak	permutation	
1826.0	0.44623182339964274	Kocak	permutation	
1827.0	-0.034065354236068046	Kocak	permutation	
1828.0	0.07458924484281315	Kocak	permutation	
1829.0	0.1084469098025993	Kocak	permutation	
1830.0	-0.05649732478824632	Kocak	permutation	
1831.0	0.17563475118363137	Kocak	permutation	
1832.0	-0.057489962893220614	Kocak	permutation	
1833.0	0.01806984711916826	Kocak	permutation	
1834.0	0.36669773802080385	Kocak	permutation	
1835.0	0.11356113049241667	Kocak	permutation	
1836.0	-0.25361049372169386	Kocak	permutation	
1837.0	-0.2456249731218465	Kocak	permutation	
1838.0	0.014460607906627843	Kocak	permutation	
1839.0	-0.06634037310954621	Kocak	permutation	
1840.0	-0.1817957834687176	Kocak	permutation	
1841.0	-0.08517472123193404	Kocak	permutation	
1842.0	0.012517533736827069	Kocak	permutation	
1843.0	0.18356105112128418	Kocak	permutation	
1844.0	0.13500234689580992	Kocak	permutation	
1845.0	0.03474405111134349	Kocak	permutation	
1846.0	-0.20205838023230305	Kocak	permutation	
1847.0	-0.23721458768674397	Kocak	permutation	
1848.0	0.017877631457477783	Kocak	permutation	
1849.0	-0.06961189472778173	Kocak	permutation	
1850.0	0.2350994991487676	Kocak	permutation	
1851.0	-0.031121395808888508	Kocak	permutation	
1852.0	0.08262360550455838	Kocak	permutation	
1853.0	0.5017838280083913	Kocak	permutation	
1854.0	0.056324845609090346	Kocak	permutation	
1855.0	0.28821232714247724	Kocak	permutation	
1856.0	0.26635019849372377	Kocak	permutation	
1857.0	0.10850270432578402	Kocak	permutation	
1858.0	0.1730088664829692	Kocak	permutation	
1859.0	0.03579212285830824	Kocak	permutation	
1860.0	0.22048434226780866	Kocak	permutation	
1861.0	0.07589707293927095	Kocak	permutation	
1862.0	0.23867123472694374	Kocak	permutation	
1863.0	0.1702193733090116	Kocak	permutation	
1864.0	-0.09882632357770404	Kocak	permutation	
1865.0	0.3556956523303345	Kocak	permutation	
1866.0	0.3816919028076482	Kocak	permutation	
1867.0	0.08900924399922516	Kocak	permutation	
1868.0	0.029007604025011346	Kocak	permutation	
1869.0	0.22480741151306027	Kocak	permutation	
1870.0	0.1851061755284995	Kocak	permutation	
1871.0	0.09253115765164122	Kocak	permutation	
1872.0	0.19473889217742002	Kocak	permutation	
1873.0	0.3618423634312151	Kocak	permutation	
1874.0	-0.4136111174304067	Kocak	permutation	
1875.0	0.2342676308020577	Kocak	permutation	
1876.0	0.25512973391481	Kocak	permutation	
1877.0	-0.3153784696778015	Kocak	permutation	
1878.0	0.3550201302094633	Kocak	permutation	
1879.0	0.022850142708509935	Kocak	permutation	
1880.0	-0.07649736772013949	Kocak	permutation	
1881.0	0.4487802070998663	Kocak	permutation	
1882.0	0.0411725324128831	Kocak	permutation	
1883.0	-0.06394483457608136	Kocak	permutation	
1884.0	-0.3809368747644104	Kocak	permutation	
1885.0	0.02405804415582402	Kocak	permutation	
1886.0	0.13217901426421808	Kocak	permutation	
1887.0	0.12903899177967304	Kocak	permutation	
1888.0	0.039819635062775305	Kocak	permutation	
1889.0	-0.32668916151720095	Kocak	permutation	
1890.0	0.31805744422111104	Kocak	permutation	
1891.0	0.1846556108329338	Kocak	permutation	
1892.0	0.09242072003319812	Kocak	permutation	
1893.0	0.03831523020301919	Kocak	permutation	
1894.0	0.359059327859911	Kocak	permutation	
1895.0	0.024837808320800292	Kocak	permutation	
1896.0	0.03950653641372348	Kocak	permutation	
1897.0	-0.061456412671659244	Kocak	permutation	
1898.0	0.23373641756271546	Kocak	permutation	
1899.0	0.12776745997900374	Kocak	permutation	
1900.0	-0.04751488296910811	Kocak	permutation	
1901.0	-0.04749143404468281	Kocak	permutation	
1902.0	0.08933226258988913	Kocak	permutation	
1903.0	-0.1738994690849749	Kocak	permutation	
1904.0	0.19719653430715756	Kocak	permutation	
1905.0	0.08316380495020503	Kocak	permutation	
1906.0	-0.21929163472683477	Kocak	permutation	
1907.0	-0.0810520002444024	Kocak	permutation	
1908.0	0.024051530889801498	Kocak	permutation	
1909.0	0.09941963608837767	Kocak	permutation	
1910.0	0.0981175992560459	Kocak	permutation	
1911.0	0.0774082664511484	Kocak	permutation	
1912.0	-0.045016356580783956	Kocak	permutation	
1913.0	0.021412011453723068	Kocak	permutation	
1914.0	0.22659127577105842	Kocak	permutation	
1915.0	0.06078605952111005	Kocak	permutation	
1916.0	-0.04117228116919591	Kocak	permutation	
1917.0	0.26602685070540755	Kocak	permutation	
1918.0	0.26242301211458763	Kocak	permutation	
1919.0	-0.0007298634839143503	Kocak	permutation	
1920.0	-0.08680477912287454	Kocak	permutation	
1921.0	0.2356950579648398	Kocak	permutation	
1922.0	-0.48618749259700156	Kocak	permutation	
1923.0	0.2244215039008033	Kocak	permutation	
1924.0	0.1861671019544726	Kocak	permutation	
1925.0	0.11273761601143306	Kocak	permutation	
1926.0	0.0608363144368127	Kocak	permutation	
1927.0	0.2798671429010513	Kocak	permutation	
1928.0	-0.07305704904778398	Kocak	permutation	
1929.0	0.09419979855477578	Kocak	permutation	
1930.0	-0.016615673658519903	Kocak	permutation	
1931.0	0.03711804697081167	Kocak	permutation	
1932.0	0.05345444098488361	Kocak	permutation	
1933.0	-0.10191756424713372	Kocak	permutation	
1934.0	0.29341008859911355	Kocak	permutation	
1935.0	0.13657292333746263	Kocak	permutation	
1936.0	-0.10181672565950972	Kocak	permutation	
1937.0	0.15227437457718018	Kocak	permutation	
1938.0	0.12310679674942193	Kocak	permutation	
1939.0	-0.2694032281392844	Kocak	permutation	
1940.0	0.038677090443282935	Kocak	permutation	
1941.0	0.24956731998404802	Kocak	permutation	
1942.0	-0.12278292703752225	Kocak	permutation	
1943.0	-0.10141142786673196	Kocak	permutation	
1944.0	0.19157653092025662	Kocak	permutation	
1945.0	0.014663708047425672	Kocak	permutation	
1946.0	-0.12778399641405702	Kocak	permutation	
1947.0	-0.027790277972670197	Kocak	permutation	
1948.0	-0.0795613535497699	Kocak	permutation	
1949.0	0.1314459600174498	Kocak	permutation	
1950.0	0.24817954688018684	Kocak	permutation	
1951.0	0.014936145478699814	Kocak	permutation	
1952.0	0.13572252486404146	Kocak	permutation	
1953.0	0.14686482745967577	Kocak	permutation	
1954.0	-0.07877974705583846	Kocak	permutation	
1955.0	0.06620040777428748	Kocak	permutation	
1956.0	-0.31730257454875943	Kocak	permutation	
1957.0	-0.0037871682331704903	Kocak	permutation	
1958.0	0.226733941074845	Kocak	permutation	
1959.0	-0.24220826627178482	Kocak	permutation	
1960.0	-0.27599325494144455	Kocak	permutation	
1961.0	0.19645882866827424	Kocak	permutation	
1962.0	-0.12458529391478912	Kocak	permutation	
1963.0	-0.0668325031349255	Kocak	permutation	
1964.0	0.12275735292041823	Kocak	permutation	
1965.0	0.0781949827947841	Kocak	permutation	
1966.0	-0.13787466454266006	Kocak	permutation	
1967.0	-0.0558031750281609	Kocak	permutation	
1968.0	0.15526598893222499	Kocak	permutation	
1969.0	0.274626287349677	Kocak	permutation	
1970.0	0.2278722287294812	Kocak	permutation	
1971.0	0.27466006527357933	Kocak	permutation	
1972.0	-0.26761435693031155	Kocak	permutation	
1973.0	-0.018209584053272998	Kocak	permutation	
1974.0	-0.3977905652882785	Kocak	permutation	
1975.0	0.18331485625190247	Kocak	permutation	
1976.0	0.05061552279752579	Kocak	permutation	
1977.0	0.10329436506006573	Kocak	permutation	
1978.0	-0.08720351703358364	Kocak	permutation	
1979.0	0.05334175300020938	Kocak	permutation	
1980.0	0.07008610527976078	Kocak	permutation	
1981.0	0.08069976505126242	Kocak	permutation	
1982.0	-0.32184254543718893	Kocak	permutation	
1983.0	0.07011639025760985	Kocak	permutation	
1984.0	0.04180009583541722	Kocak	permutation	
1985.0	0.30342565573787805	Kocak	permutation	
1986.0	-0.02708035255487662	Kocak	permutation	
1987.0	0.16734918043173952	Kocak	permutation	
1988.0	-0.08628732658358107	Kocak	permutation	
1989.0	0.2829415015903516	Kocak	permutation	
1990.0	-0.22243985812734035	Kocak	permutation	
1991.0	-0.028277812903860777	Kocak	permutation	
1992.0	-0.1909552812612807	Kocak	permutation	
1993.0	0.2788017975437702	Kocak	permutation	
1994.0	-0.23045705814446205	Kocak	permutation	
1995.0	0.0047602321306641215	Kocak	permutation	
1996.0	-0.18916321957216953	Kocak	permutation	
1997.0	-0.13255889877758698	Kocak	permutation	
1998.0	0.12946408826268652	Kocak	permutation	
1999.0	0.1955570597521179	Kocak	permutation	
2000.0	-0.5289931322125594	Kocak	permutation	
2001.0	0.14763076353327342	Kocak	permutation	
2002.0	-0.024237665934064623	Kocak	permutation	
2003.0	-0.07716130967637724	Kocak	permutation	
2004.0	0.0015349515179137185	Kocak	permutation	
2005.0	0.1803598386870533	Kocak	permutation	
2006.0	0.1066744177206802	Kocak	permutation	
2007.0	0.24163941421536617	Kocak	permutation	
2008.0	0.23915908653006568	Kocak	permutation	
2009.0	0.11760721175193112	Kocak	permutation	
2010.0	0.3313951639495816	Kocak	permutation	
2011.0	0.12673059761811878	Kocak	permutation	
2012.0	0.23894483384782905	Kocak	permutation	
2013.0	0.008661035962600927	Kocak	permutation	
2014.0	-0.2233899599137974	Kocak	permutation	
2015.0	0.029932991272502818	Kocak	permutation	
2016.0	-0.021041844886512173	Kocak	permutation	
2017.0	0.2787049322271491	Kocak	permutation	
2018.0	0.017586365781519397	Kocak	permutation	
2019.0	-0.00419721462485434	Kocak	permutation	
2020.0	-0.016219305463227585	Kocak	permutation	
2021.0	-0.0814712747923414	Kocak	permutation	
2022.0	-0.11722168641943576	Kocak	permutation	
2023.0	0.17219806401836202	Kocak	permutation	
2024.0	0.3500195538263151	Kocak	permutation	
2025.0	0.14003614170628165	Kocak	permutation	
2026.0	-0.2676365655453439	Kocak	permutation	
2027.0	0.5197811605559517	Kocak	permutation	
2028.0	-0.07433552843851654	Kocak	permutation	
2029.0	0.14422678052193305	Kocak	permutation	
2030.0	-0.08472855351327269	Kocak	permutation	
2031.0	0.45047872015826673	Kocak	permutation	
2032.0	0.3057966791984805	Kocak	permutation	
2033.0	-0.06401304917166328	Kocak	permutation	
2034.0	-0.22373594740362135	Kocak	permutation	
2035.0	0.03911539048727697	Kocak	permutation	
2036.0	-0.18594219007368906	Kocak	permutation	
2037.0	0.24394418970930332	Kocak	permutation	
2038.0	-0.2833997323454809	Kocak	permutation	
2039.0	-0.08698964343026283	Kocak	permutation	
2040.0	-0.037303443438386985	Kocak	permutation	
2041.0	0.21712704224691493	Kocak	permutation	
2042.0	-0.10178265844298107	Kocak	permutation	
2043.0	-0.056014496095771804	Kocak	permutation	
2044.0	0.3209942218959494	Kocak	permutation	
2045.0	-0.11973390394478312	Kocak	permutation	
2046.0	0.32633560614026536	Kocak	permutation	
2047.0	0.47876757094954403	Kocak	permutation	
2048.0	-0.02813970432860824	Kocak	permutation	
2049.0	0.0034550494903209383	Kocak	permutation	
2050.0	0.06566007823290665	Kocak	permutation	
2051.0	0.0006254548918160907	Kocak	permutation	
2052.0	-0.15281418325550256	Kocak	permutation	
2053.0	0.04797648812276112	Kocak	permutation	
2054.0	-0.0026947137027955037	Kocak	permutation	
2055.0	-0.0057591096466458325	Kocak	permutation	
2056.0	0.21565388371414418	Kocak	permutation	
2057.0	-0.1848724379591955	Kocak	permutation	
2058.0	0.09601982580823076	Kocak	permutation	
2059.0	-0.1376403717511412	Kocak	permutation	
2060.0	0.10385007362885901	Kocak	permutation	
2061.0	0.005649498345421833	Kocak	permutation	
2062.0	-0.12829155890352162	Kocak	permutation	
2063.0	0.22488578169531515	Kocak	permutation	
2064.0	0.009690348307561436	Kocak	permutation	
2065.0	-0.13954903413739128	Kocak	permutation	
2066.0	0.09457615193603353	Kocak	permutation	
2067.0	-0.2095427396000189	Kocak	permutation	
2068.0	0.10825715283789172	Kocak	permutation	
2069.0	0.25614345713449804	Kocak	permutation	
2070.0	0.034801427986738354	Kocak	permutation	
2071.0	0.044599408588246625	Kocak	permutation	
2072.0	0.16023164792345934	Kocak	permutation	
2073.0	0.2307552460309763	Kocak	permutation	
2074.0	0.09814915021840864	Kocak	permutation	
2075.0	0.3526076434988825	Kocak	permutation	
2076.0	0.21874474569727287	Kocak	permutation	
2077.0	0.048546470979894174	Kocak	permutation	
2078.0	-0.02575081185042105	Kocak	permutation	
2079.0	0.16494783961265647	Kocak	permutation	
2080.0	-0.0779474948580905	Kocak	permutation	
2081.0	0.036938464837134255	Kocak	permutation	
2082.0	-0.0692658098286767	Kocak	permutation	
2083.0	0.20861507752745112	Kocak	permutation	
2084.0	0.08394149632263304	Kocak	permutation	
2085.0	0.02085854766439965	Kocak	permutation	
2086.0	0.2441427592485681	Kocak	permutation	
2087.0	-0.05741211847084848	Kocak	permutation	
2088.0	0.07434146996921065	Kocak	permutation	
2089.0	0.31933990957984904	Kocak	permutation	
2090.0	-0.030886161477314822	Kocak	permutation	
2091.0	-0.015946214800237613	Kocak	permutation	
2092.0	-0.0717439874279977	Kocak	permutation	
2093.0	-0.09019089850022066	Kocak	permutation	
2094.0	-0.1752772706277148	Kocak	permutation	
2095.0	0.1727376721989211	Kocak	permutation	
2096.0	0.4202368227493656	Kocak	permutation	
2097.0	-0.10013302314413064	Kocak	permutation	
2098.0	0.08030847424597187	Kocak	permutation	
2099.0	-0.23925910302068987	Kocak	permutation	
2100.0	0.10480656314989112	Kocak	permutation	
2101.0	0.25042919928931795	Kocak	permutation	
2102.0	-0.07465233438072971	Kocak	permutation	
2103.0	0.3225796332357227	Kocak	permutation	
2104.0	0.16341018956560838	Kocak	permutation	
2105.0	0.2780715186685345	Kocak	permutation	
2106.0	0.2085828859696619	Kocak	permutation	
2107.0	0.01847219214668705	Kocak	permutation	
2108.0	0.0764274163599028	Kocak	permutation	
2109.0	0.060566002090982174	Kocak	permutation	
2110.0	0.17352753192258952	Kocak	permutation	
2111.0	-0.003812325332965827	Kocak	permutation	
2112.0	0.31137746262234867	Kocak	permutation	
2113.0	0.203486269735226	Kocak	permutation	
2114.0	-0.13083725059480145	Kocak	permutation	
2115.0	-0.03776737570917543	Kocak	permutation	
2116.0	0.1704509958738445	Kocak	permutation	
2117.0	0.07126617508315292	Kocak	permutation	
2118.0	-0.17180197377379747	Kocak	permutation	
2119.0	0.1646330077252811	Kocak	permutation	
2120.0	0.16017380441108298	Kocak	permutation	
2121.0	-0.11892948626793132	Kocak	permutation	
2122.0	-0.15132059357560657	Kocak	permutation	
2123.0	0.1716576691281535	Kocak	permutation	
2124.0	0.22778048579372356	Kocak	permutation	
2125.0	-0.0100621543585806	Kocak	permutation	
2126.0	0.21679738412417304	Kocak	permutation	
2127.0	0.1376379265641905	Kocak	permutation	
2128.0	0.18373844973661058	Kocak	permutation	
2129.0	-0.31021542208329267	Kocak	permutation	
2130.0	0.1929455385040626	Kocak	permutation	
2131.0	-0.11719931457573463	Kocak	permutation	
2132.0	-0.044364798746741485	Kocak	permutation	
2133.0	0.41353726016253844	Kocak	permutation	
2134.0	-0.08711248285562156	Kocak	permutation	
2135.0	0.23696501600556008	Kocak	permutation	
2136.0	-0.04975844713882793	Kocak	permutation	
2137.0	-0.10553752339311817	Kocak	permutation	
2138.0	0.09298044397845207	Kocak	permutation	
2139.0	0.18358623651338046	Kocak	permutation	
2140.0	-0.012591877678670649	Kocak	permutation	
2141.0	0.06730640899894169	Kocak	permutation	
2142.0	-0.041209306517489885	Kocak	permutation	
2143.0	0.05761007724384193	Kocak	permutation	
2144.0	-0.10749684911446522	Kocak	permutation	
2145.0	-0.08027700081126188	Kocak	permutation	
2146.0	0.0810750619175078	Kocak	permutation	
2147.0	0.18982202895611877	Kocak	permutation	
2148.0	-0.22239902517168808	Kocak	permutation	
2149.0	-0.05342336354494126	Kocak	permutation	
2150.0	0.016360573748099405	Kocak	permutation	
2151.0	0.1715577668898236	Kocak	permutation	
2152.0	0.013464002343188675	Kocak	permutation	
2153.0	0.17457839810920284	Kocak	permutation	
2154.0	0.12475144137695882	Kocak	permutation	
2155.0	-0.1645365613297276	Kocak	permutation	
2156.0	0.0014904442822016861	Kocak	permutation	
2157.0	-0.2815569272512599	Kocak	permutation	
2158.0	0.10519969712315635	Kocak	permutation	
2159.0	0.2724754660886646	Kocak	permutation	
2160.0	0.27350107617399555	Kocak	permutation	
2161.0	-0.002247491244031785	Kocak	permutation	
2162.0	-0.09621380635277177	Kocak	permutation	
2163.0	0.37389415632863354	Kocak	permutation	
2164.0	-0.20775581033533808	Kocak	permutation	
2165.0	0.12122204395106184	Kocak	permutation	
2166.0	0.02770624149274159	Kocak	permutation	
2167.0	-0.01909220332482775	Kocak	permutation	
2168.0	0.023106003926232965	Kocak	permutation	
2169.0	0.16987510514886228	Kocak	permutation	
2170.0	-0.07989680131267551	Kocak	permutation	
2171.0	0.1693663669517571	Kocak	permutation	
2172.0	-0.271786734344309	Kocak	permutation	
2173.0	0.11073012302606156	Kocak	permutation	
2174.0	-0.1386655873700171	Kocak	permutation	
2175.0	-0.2153124695401445	Kocak	permutation	
2176.0	0.27413537047932124	Kocak	permutation	
2177.0	-0.4115213070399313	Kocak	permutation	
2178.0	-0.03149745760703837	Kocak	permutation	
2179.0	0.19652628609061562	Kocak	permutation	
2180.0	-0.009527355876235433	Kocak	permutation	
2181.0	0.44475817082030833	Kocak	permutation	
2182.0	-0.12183141654286622	Kocak	permutation	
2183.0	-0.02628042074136072	Kocak	permutation	
2184.0	-0.041322015000409884	Kocak	permutation	
2185.0	-0.09209218477151815	Kocak	permutation	
2186.0	0.26987625054721764	Kocak	permutation	
2187.0	-0.2724590239969067	Kocak	permutation	
2188.0	0.1358000535059798	Kocak	permutation	
2189.0	-0.022572725082278033	Kocak	permutation	
2190.0	0.024184930689014728	Kocak	permutation	
2191.0	-0.0837783100388716	Kocak	permutation	
2192.0	0.21611105417409604	Kocak	permutation	
2193.0	0.3529045678249094	Kocak	permutation	
2194.0	-0.08130746418555024	Kocak	permutation	
2195.0	0.24241851172224038	Kocak	permutation	
2196.0	0.03332540807623818	Kocak	permutation	
2197.0	-0.05761421988494142	Kocak	permutation	
2198.0	0.42443559713766454	Kocak	permutation	
2199.0	-0.29625597627770395	Kocak	permutation	
2200.0	-0.24806892066247377	Kocak	permutation	
2201.0	0.28714961824440444	Kocak	permutation	
2202.0	-0.2971523573800203	Kocak	permutation	
2203.0	-0.21014265983523028	Kocak	permutation	
2204.0	0.2874417724313254	Kocak	permutation	
2205.0	0.043851254826243746	Kocak	permutation	
2206.0	-0.24267245548826955	Kocak	permutation	
2207.0	-0.0039028130736609157	Kocak	permutation	
2208.0	0.3172297043892849	Kocak	permutation	
2209.0	0.08628123688761757	Kocak	permutation	
2210.0	0.14574026839952037	Kocak	permutation	
2211.0	0.13325845382689216	Kocak	permutation	
2212.0	-0.21038964808859895	Kocak	permutation	
2213.0	0.05255081133543804	Kocak	permutation	
2214.0	-0.0812901940609887	Kocak	permutation	
2215.0	-0.057309343015171876	Kocak	permutation	
2216.0	0.07975676842859958	Kocak	permutation	
2217.0	-0.19409688648651224	Kocak	permutation	
2218.0	0.33609892684202514	Kocak	permutation	
2219.0	-0.10453314788881585	Kocak	permutation	
2220.0	0.15056565052729098	Kocak	permutation	
2221.0	0.2543425045023229	Kocak	permutation	
2222.0	0.13685091170043417	Kocak	permutation	
2223.0	0.36630588505365047	Kocak	permutation	
2224.0	-0.21834455326840585	Kocak	permutation	
2225.0	0.011286405582784376	Kocak	permutation	
2226.0	0.0006591979576162643	Kocak	permutation	
2227.0	-0.23874467484355977	Kocak	permutation	
2228.0	-0.2129334727540133	Kocak	permutation	
2229.0	-0.03116733624749024	Kocak	permutation	
2230.0	0.21535970060956888	Kocak	permutation	
2231.0	-0.07057931926205185	Kocak	permutation	
2232.0	-0.2955218643593036	Kocak	permutation	
2233.0	0.22501503896640251	Kocak	permutation	
2234.0	0.1561336157271329	Kocak	permutation	
2235.0	0.21272633697063004	Kocak	permutation	
2236.0	0.05869435835448389	Kocak	permutation	
2237.0	0.12446127681955854	Kocak	permutation	
2238.0	0.33663712649646005	Kocak	permutation	
2239.0	-0.15827711977310965	Kocak	permutation	
2240.0	0.1668892506716979	Kocak	permutation	
2241.0	-0.26675562465788216	Kocak	permutation	
2242.0	-0.13713523174451492	Kocak	permutation	
2243.0	0.17519060984757662	Kocak	permutation	
2244.0	0.36606774384650187	Kocak	permutation	
2245.0	0.13364883509938075	Kocak	permutation	
2246.0	0.2775252963521453	Kocak	permutation	
2247.0	-0.25774219400457454	Kocak	permutation	
2248.0	0.05919266605537565	Kocak	permutation	
2249.0	-0.20958504802909106	Kocak	permutation	
2250.0	-0.5171992339771934	Kocak	permutation	
2251.0	0.23645959320518095	Kocak	permutation	
2252.0	-0.0041307735321609584	Kocak	permutation	
2253.0	0.1331458327204036	Kocak	permutation	
2254.0	0.11717722862815716	Kocak	permutation	
2255.0	0.00954908782502173	Kocak	permutation	
2256.0	0.11306493295398834	Kocak	permutation	
2257.0	0.03848053634505533	Kocak	permutation	
2258.0	0.34680212631997165	Kocak	permutation	
2259.0	0.4279941708768433	Kocak	permutation	
2260.0	0.09338907148988707	Kocak	permutation	
2261.0	0.05872051588484162	Kocak	permutation	
2262.0	0.3417532226043578	Kocak	permutation	
2263.0	0.09758235785230074	Kocak	permutation	
2264.0	-0.07683580109269528	Kocak	permutation	
2265.0	0.40256945183821546	Kocak	permutation	
2266.0	-0.1671628835780985	Kocak	permutation	
2267.0	0.16221570319405565	Kocak	permutation	
2268.0	0.336590566104519	Kocak	permutation	
2269.0	-0.009722605675555052	Kocak	permutation	
2270.0	0.033377929065236955	Kocak	permutation	
2271.0	0.0627818730694143	Kocak	permutation	
2272.0	0.21136532781406014	Kocak	permutation	
2273.0	-0.2564614514647463	Kocak	permutation	
2274.0	0.06699302578887423	Kocak	permutation	
2275.0	0.1608929387373177	Kocak	permutation	
2276.0	0.06909447145941172	Kocak	permutation	
2277.0	-0.10586711730661591	Kocak	permutation	
2278.0	0.12506540874580185	Kocak	permutation	
2279.0	0.01755243799713213	Kocak	permutation	
2280.0	-0.18679924605045395	Kocak	permutation	
2281.0	-0.191424682357606	Kocak	permutation	
2282.0	0.11919979048682716	Kocak	permutation	
2283.0	-0.3324831114613733	Kocak	permutation	
2284.0	0.25126069535155793	Kocak	permutation	
2285.0	-0.25882016273652386	Kocak	permutation	
2286.0	0.001335610844868107	Kocak	permutation	
2287.0	0.1723544212423409	Kocak	permutation	
2288.0	0.20685677496189925	Kocak	permutation	
2289.0	-0.13062651708932105	Kocak	permutation	
2290.0	-0.06002671078594979	Kocak	permutation	
2291.0	-0.0031853118453186724	Kocak	permutation	
2292.0	0.07091486376132394	Kocak	permutation	
2293.0	0.22946969097583825	Kocak	permutation	
2294.0	0.2860050495469286	Kocak	permutation	
2295.0	-0.07102583940109497	Kocak	permutation	
2296.0	0.06478625532053872	Kocak	permutation	
2297.0	-0.13093554393693196	Kocak	permutation	
2298.0	0.2972084056378206	Kocak	permutation	
2299.0	-0.4066544271788666	Kocak	permutation	
2300.0	-0.08541280874308654	Kocak	permutation	
2301.0	0.07963066927790319	Kocak	permutation	
2302.0	0.21943965447023306	Kocak	permutation	
2303.0	-0.11323487783403952	Kocak	permutation	
2304.0	0.06440400152010639	Kocak	permutation	
2305.0	0.09224860253837441	Kocak	permutation	
2306.0	0.19972682551461585	Kocak	permutation	
2307.0	0.045677943606466265	Kocak	permutation	
2308.0	0.0592080385221152	Kocak	permutation	
2309.0	-0.11011563738581742	Kocak	permutation	
2310.0	-0.05347345458799335	Kocak	permutation	
2311.0	0.08347914438673865	Kocak	permutation	
2312.0	-0.05404792873977726	Kocak	permutation	
2313.0	-0.15594118674226642	Kocak	permutation	
2314.0	-0.22290645581025004	Kocak	permutation	
2315.0	-0.5108651497411363	Kocak	permutation	
2316.0	0.031076702306138237	Kocak	permutation	
2317.0	-0.24078474034720054	Kocak	permutation	
2318.0	0.24256094413889961	Kocak	permutation	
2319.0	0.005125069207842614	Kocak	permutation	
2320.0	0.15684549422733696	Kocak	permutation	
2321.0	-0.03516145039448926	Kocak	permutation	
2322.0	0.29464335881480963	Kocak	permutation	
2323.0	0.16825699215335188	Kocak	permutation	
2324.0	-0.20621989495671667	Kocak	permutation	
2325.0	0.05542326288122634	Kocak	permutation	
2326.0	0.4242069955335328	Kocak	permutation	
2327.0	-0.044587084405292465	Kocak	permutation	
2328.0	-0.3496904967056884	Kocak	permutation	
2329.0	0.0014365002933534043	Kocak	permutation	
2330.0	0.2684356817780982	Kocak	permutation	
2331.0	0.16731684386658596	Kocak	permutation	
2332.0	0.06338455474587246	Kocak	permutation	
2333.0	0.11337992330570668	Kocak	permutation	
2334.0	-0.07456856173551873	Kocak	permutation	
2335.0	-0.021917490053019684	Kocak	permutation	
2336.0	0.06478979431979148	Kocak	permutation	
2337.0	0.007758304341180633	Kocak	permutation	
2338.0	-0.4214461245295058	Kocak	permutation	
2339.0	0.03376060351423771	Kocak	permutation	
2340.0	0.4002500771357722	Kocak	permutation	
2341.0	-0.07696306852134249	Kocak	permutation	
2342.0	-0.11832516791030301	Kocak	permutation	
2343.0	0.09396671244712351	Kocak	permutation	
2344.0	-0.024463758256835888	Kocak	permutation	
2345.0	0.00787324564936398	Kocak	permutation	
2346.0	0.11368965998107505	Kocak	permutation	
2347.0	-0.11413956013456783	Kocak	permutation	
2348.0	-0.036062497678161165	Kocak	permutation	
2349.0	0.1643615189449621	Kocak	permutation	
2350.0	0.18306716894343023	Kocak	permutation	
2351.0	0.12318425304920488	Kocak	permutation	
2352.0	0.2314522833014525	Kocak	permutation	
2353.0	-0.14547589460975985	Kocak	permutation	
2354.0	0.23429607558218812	Kocak	permutation	
2355.0	0.39514737631839303	Kocak	permutation	
2356.0	-0.15808038713304828	Kocak	permutation	
2357.0	0.20078633686506908	Kocak	permutation	
2358.0	0.29606321876924735	Kocak	permutation	
2359.0	0.028392662990093243	Kocak	permutation	
2360.0	-0.40468538363325246	Kocak	permutation	
2361.0	0.15080470858996442	Kocak	permutation	
2362.0	-0.16469925651842843	Kocak	permutation	
2363.0	0.16834393598229003	Kocak	permutation	
2364.0	0.29431690148407963	Kocak	permutation	
2365.0	0.051619505435288815	Kocak	permutation	
2366.0	0.20481983217332012	Kocak	permutation	
2367.0	0.006368922422240075	Kocak	permutation	
2368.0	-0.08380724080729784	Kocak	permutation	
2369.0	0.11273069807520386	Kocak	permutation	
2370.0	0.11054362020495212	Kocak	permutation	
2371.0	-0.4062842863767857	Kocak	permutation	
2372.0	0.24282377268612354	Kocak	permutation	
2373.0	-0.21948933812432747	Kocak	permutation	
2374.0	0.12663648066513922	Kocak	permutation	
2375.0	0.1356999398573837	Kocak	permutation	
2376.0	-0.28632058635994095	Kocak	permutation	
2377.0	-0.26222764301102286	Kocak	permutation	
2378.0	0.24608084854918033	Kocak	permutation	
2379.0	0.0536816211055271	Kocak	permutation	
2380.0	-0.02961681977624231	Kocak	permutation	
2381.0	0.19871233985037673	Kocak	permutation	
2382.0	-0.17289269912804528	Kocak	permutation	
2383.0	-0.12879077285007234	Kocak	permutation	
2384.0	-0.14481572185835212	Kocak	permutation	
2385.0	0.12571898049378927	Kocak	permutation	
2386.0	-0.04909014146804669	Kocak	permutation	
2387.0	-0.029133196799467242	Kocak	permutation	
2388.0	0.03334450380846121	Kocak	permutation	
2389.0	-0.29941376977773704	Kocak	permutation	
2390.0	0.11328033417645056	Kocak	permutation	
2391.0	0.11340870377279533	Kocak	permutation	
2392.0	-0.1466335868740103	Kocak	permutation	
2393.0	-0.06742639737808975	Kocak	permutation	
2394.0	0.39114163879613884	Kocak	permutation	
2395.0	0.28987920691677616	Kocak	permutation	
2396.0	-0.024160775151285563	Kocak	permutation	
2397.0	0.36757185261301206	Kocak	permutation	
2398.0	-0.07227688082205841	Kocak	permutation	
2399.0	0.03574432448160891	Kocak	permutation	
2400.0	0.1118822346327315	Kocak	permutation	
2401.0	0.11476397673836036	Kocak	permutation	
2402.0	0.044180768939548365	Kocak	permutation	
2403.0	0.35280624102741864	Kocak	permutation	
2404.0	-0.2801944436404722	Kocak	permutation	
2405.0	-1.6023161464318036e-07	Kocak	permutation	
2406.0	0.28902441091926434	Kocak	permutation	
2407.0	0.14281032459042375	Kocak	permutation	
2408.0	0.10426384296669955	Kocak	permutation	
2409.0	-0.17045645982565416	Kocak	permutation	
2410.0	0.11740356097779614	Kocak	permutation	
2411.0	0.45599733234825734	Kocak	permutation	
2412.0	-0.35239033779124007	Kocak	permutation	
2413.0	-0.2931456258629148	Kocak	permutation	
2414.0	0.0064569083544459005	Kocak	permutation	
2415.0	0.24995305668316092	Kocak	permutation	
2416.0	0.1929778581647934	Kocak	permutation	
2417.0	0.22179096664686604	Kocak	permutation	
2418.0	0.088318278001557	Kocak	permutation	
2419.0	-0.019570545344500978	Kocak	permutation	
2420.0	0.009876126109326755	Kocak	permutation	
2421.0	-0.499670506452508	Kocak	permutation	
2422.0	-0.13833010988368954	Kocak	permutation	
2423.0	-0.07559977893675285	Kocak	permutation	
2424.0	0.15275915252458372	Kocak	permutation	
2425.0	-0.13581365587058514	Kocak	permutation	
2426.0	-0.18448548275791277	Kocak	permutation	
2427.0	0.20671363923427322	Kocak	permutation	
2428.0	-0.25932331288078636	Kocak	permutation	
2429.0	0.0646664240381849	Kocak	permutation	
2430.0	-0.15212647046337757	Kocak	permutation	
2431.0	-0.2911711786152855	Kocak	permutation	
2432.0	0.022749236798716765	Kocak	permutation	
2433.0	0.48528898441352375	Kocak	permutation	
2434.0	0.024357794317541703	Kocak	permutation	
2435.0	0.27272658534981353	Kocak	permutation	
2436.0	-0.23021567918044017	Kocak	permutation	
2437.0	-0.1641283575980106	Kocak	permutation	
2438.0	0.17304310922453947	Kocak	permutation	
2439.0	0.06619240151282835	Kocak	permutation	
2440.0	0.10036308817375605	Kocak	permutation	
2441.0	0.15764115816857416	Kocak	permutation	
2442.0	0.07766565087495625	Kocak	permutation	
2443.0	-0.19314475409723908	Kocak	permutation	
2444.0	0.17572945127044104	Kocak	permutation	
2445.0	0.17688882293308783	Kocak	permutation	
2446.0	-0.007128140453497522	Kocak	permutation	
2447.0	-0.008216602083363611	Kocak	permutation	
2448.0	0.028835644984477327	Kocak	permutation	
2449.0	0.3498931891083661	Kocak	permutation	
2450.0	0.2048921658347327	Kocak	permutation	
2451.0	0.20962352304447762	Kocak	permutation	
2452.0	-0.08163011625433825	Kocak	permutation	
2453.0	-0.05024469713108992	Kocak	permutation	
2454.0	-0.24975614774442256	Kocak	permutation	
2455.0	0.09372141288244773	Kocak	permutation	
2456.0	-0.01227095407801837	Kocak	permutation	
2457.0	-0.2700082183401422	Kocak	permutation	
2458.0	0.28812182356304916	Kocak	permutation	
2459.0	0.1947319218046868	Kocak	permutation	
2460.0	-0.12182622796388287	Kocak	permutation	
2461.0	0.06776294252564163	Kocak	permutation	
2462.0	-0.021988679373126985	Kocak	permutation	
2463.0	0.0814945903663169	Kocak	permutation	
2464.0	0.10920392086589192	Kocak	permutation	
2465.0	0.17902282901055955	Kocak	permutation	
2466.0	0.2023572126462687	Kocak	permutation	
2467.0	-0.3020246847568515	Kocak	permutation	
2468.0	0.1792888761541347	Kocak	permutation	
2469.0	0.355940923267835	Kocak	permutation	
2470.0	-0.11322191467804554	Kocak	permutation	
2471.0	-0.25733987347477605	Kocak	permutation	
2472.0	-0.04584856768878609	Kocak	permutation	
2473.0	0.062297904204378085	Kocak	permutation	
2474.0	0.10513131837287304	Kocak	permutation	
2475.0	-0.032646921659610584	Kocak	permutation	
2476.0	-0.1315682400079723	Kocak	permutation	
2477.0	0.20675247485306691	Kocak	permutation	
2478.0	-0.2691741549107589	Kocak	permutation	
2479.0	0.13473749046980021	Kocak	permutation	
2480.0	-0.2648628372075428	Kocak	permutation	
2481.0	-0.2349131877112023	Kocak	permutation	
2482.0	0.22313698124912218	Kocak	permutation	
2483.0	-0.349719542855222	Kocak	permutation	
2484.0	0.0073204662347690075	Kocak	permutation	
2485.0	-0.04003558474681235	Kocak	permutation	
2486.0	0.056424936853484375	Kocak	permutation	
2487.0	-0.0036194399042539516	Kocak	permutation	
2488.0	0.17331666473972263	Kocak	permutation	
2489.0	0.29855313988660637	Kocak	permutation	
2490.0	0.25781168352508743	Kocak	permutation	
2491.0	-0.028027854706680344	Kocak	permutation	
2492.0	0.05689798888959974	Kocak	permutation	
2493.0	-0.06979753635730379	Kocak	permutation	
2494.0	-0.013531277327508029	Kocak	permutation	
2495.0	-0.13800916740451274	Kocak	permutation	
2496.0	-0.10659193812626189	Kocak	permutation	
2497.0	0.0741966504223166	Kocak	permutation	
2498.0	-0.21290982881142728	Kocak	permutation	
2499.0	0.4871344932485693	Kocak	permutation	
2500.0	-0.16690825567340672	Kocak	permutation	
2501.0	-0.32610764890028276	Kocak	permutation	
2502.0	-0.17780646155885815	Kocak	permutation	
2503.0	0.28112203616495	Kocak	permutation	
2504.0	0.3734201754017281	Kocak	permutation	
2505.0	0.035465839239517294	Kocak	permutation	
2506.0	-0.015955965633260405	Kocak	permutation	
2507.0	0.016246516098456176	Kocak	permutation	
2508.0	0.31823343480109934	Kocak	permutation	
2509.0	0.12171071416507218	Kocak	permutation	
2510.0	-0.13669707185756952	Kocak	permutation	
2511.0	-0.3093388316297294	Kocak	permutation	
2512.0	0.3523007459090213	Kocak	permutation	
2513.0	-0.040692704002376345	Kocak	permutation	
2514.0	-0.005648118668521995	Kocak	permutation	
2515.0	0.05765464730455072	Kocak	permutation	
2516.0	0.034256305199344084	Kocak	permutation	
2517.0	0.12099977798610961	Kocak	permutation	
2518.0	0.3732049892786451	Kocak	permutation	
2519.0	-0.0679861029642792	Kocak	permutation	
2520.0	0.2913380200699365	Kocak	permutation	
2521.0	0.010702285606566164	Kocak	permutation	
2522.0	0.05816377514437754	Kocak	permutation	
2523.0	0.03478965540000445	Kocak	permutation	
2524.0	0.024383389736263972	Kocak	permutation	
2525.0	-0.2850381192985365	Kocak	permutation	
2526.0	0.3153531846323716	Kocak	permutation	
2527.0	0.3995196912578418	Kocak	permutation	
2528.0	0.29820126470375463	Kocak	permutation	
2529.0	0.04127876182409107	Kocak	permutation	
2530.0	0.12574660296789553	Kocak	permutation	
2531.0	0.1254556457037035	Kocak	permutation	
2532.0	-0.09785214816186016	Kocak	permutation	
2533.0	0.11809073991288077	Kocak	permutation	
2534.0	0.40175180197404003	Kocak	permutation	
2535.0	-0.22726236807805167	Kocak	permutation	
2536.0	0.16337855485097386	Kocak	permutation	
2537.0	0.08021041069266222	Kocak	permutation	
2538.0	0.4357415845030417	Kocak	permutation	
2539.0	-0.13145377197413843	Kocak	permutation	
2540.0	-0.14858758229156788	Kocak	permutation	
2541.0	0.22009640588000856	Kocak	permutation	
2542.0	-0.17040935601223284	Kocak	permutation	
2543.0	-0.05401596803854147	Kocak	permutation	
2544.0	-0.06880693255978088	Kocak	permutation	
2545.0	0.5097653602236685	Kocak	permutation	
2546.0	0.14802849762907933	Kocak	permutation	
2547.0	-0.06420023377635342	Kocak	permutation	
2548.0	-0.012258976016605416	Kocak	permutation	
2549.0	0.17893566341399492	Kocak	permutation	
2550.0	-0.1011381769187043	Kocak	permutation	
2551.0	-0.06505484437345288	Kocak	permutation	
2552.0	-0.11220023539639001	Kocak	permutation	
2553.0	-0.049449503078991874	Kocak	permutation	
2554.0	0.3078690443499852	Kocak	permutation	
2555.0	0.04791030205102409	Kocak	permutation	
2556.0	0.08964364757790833	Kocak	permutation	
2557.0	-0.05847886449981754	Kocak	permutation	
2558.0	0.08058071224317764	Kocak	permutation	
2559.0	0.22166478274685986	Kocak	permutation	
2560.0	0.41339745223574376	Kocak	permutation	
2561.0	0.4009746605837652	Kocak	permutation	
2562.0	0.0695475019366576	Kocak	permutation	
2563.0	-0.024480031597132523	Kocak	permutation	
2564.0	0.1757670484344258	Kocak	permutation	
2565.0	0.35862564409734166	Kocak	permutation	
2566.0	0.296219001218085	Kocak	permutation	
2567.0	-0.11386844584118538	Kocak	permutation	
2568.0	-0.1721267889368927	Kocak	permutation	
2569.0	-0.16648097599974854	Kocak	permutation	
2570.0	0.09932061330708741	Kocak	permutation	
2571.0	0.15442113333313312	Kocak	permutation	
2572.0	0.11497396889159184	Kocak	permutation	
2573.0	0.2964944552439137	Kocak	permutation	
2574.0	-0.2811970702043838	Kocak	permutation	
2575.0	-0.05866559524229409	Kocak	permutation	
2576.0	0.3278154417128665	Kocak	permutation	
2577.0	0.34340777561911207	Kocak	permutation	
2578.0	0.08192570760115103	Kocak	permutation	
2579.0	0.07926831831404701	Kocak	permutation	
2580.0	-0.04525363082002265	Kocak	permutation	
2581.0	-0.12015843172901874	Kocak	permutation	
2582.0	-0.39369671000665596	Kocak	permutation	
2583.0	0.016431163660211467	Kocak	permutation	
2584.0	0.09112631748425848	Kocak	permutation	
2585.0	0.20546604659038525	Kocak	permutation	
2586.0	0.17364690666884375	Kocak	permutation	
2587.0	-0.07102385363833985	Kocak	permutation	
2588.0	0.2610111037695786	Kocak	permutation	
2589.0	-0.11588967409053907	Kocak	permutation	
2590.0	0.011731138911317274	Kocak	permutation	
2591.0	0.053798426923124865	Kocak	permutation	
2592.0	0.5037942180144839	Kocak	permutation	
2593.0	0.025912540464903877	Kocak	permutation	
2594.0	0.09000997497217966	Kocak	permutation	
2595.0	-0.1869624789514992	Kocak	permutation	
2596.0	0.10831989739913883	Kocak	permutation	
2597.0	0.0038079827037931224	Kocak	permutation	
2598.0	-0.34846661634449916	Kocak	permutation	
2599.0	0.03681219475285413	Kocak	permutation	
2600.0	0.17137041632296057	Kocak	permutation	
2601.0	-0.04785708185445614	Kocak	permutation	
2602.0	0.11145583186004693	Kocak	permutation	
2603.0	-0.3421735292807031	Kocak	permutation	
2604.0	-0.027231635809950028	Kocak	permutation	
2605.0	0.09168059432712994	Kocak	permutation	
2606.0	-0.3841275721170665	Kocak	permutation	
2607.0	-0.48489749174342434	Kocak	permutation	
2608.0	0.00597967261678356	Kocak	permutation	
2609.0	0.10469338451186427	Kocak	permutation	
2610.0	0.08636097259429576	Kocak	permutation	
2611.0	0.2504623225388798	Kocak	permutation	
2612.0	0.32231461140136464	Kocak	permutation	
2613.0	0.23645903597218876	Kocak	permutation	
2614.0	-0.00526856522897301	Kocak	permutation	
2615.0	0.22646372417736416	Kocak	permutation	
2616.0	0.23210476573958516	Kocak	permutation	
2617.0	-0.17846785886911487	Kocak	permutation	
2618.0	-0.10710452677583948	Kocak	permutation	
2619.0	0.14017104246347856	Kocak	permutation	
2620.0	-0.0830209612321875	Kocak	permutation	
2621.0	0.16453012851113957	Kocak	permutation	
2622.0	-0.45224607703844155	Kocak	permutation	
2623.0	-0.15189919602664315	Kocak	permutation	
2624.0	0.07857183974889637	Kocak	permutation	
2625.0	0.4113217147163928	Kocak	permutation	
2626.0	0.31281493355771683	Kocak	permutation	
2627.0	-0.1522416168682197	Kocak	permutation	
2628.0	-0.20483267916285985	Kocak	permutation	
2629.0	0.08950672443021812	Kocak	permutation	
2630.0	-0.04380557041373212	Kocak	permutation	
2631.0	-0.044189100303807294	Kocak	permutation	
2632.0	-0.1362695431956107	Kocak	permutation	
2633.0	-0.2026474811860144	Kocak	permutation	
2634.0	0.08227036255873799	Kocak	permutation	
2635.0	0.13392607973912884	Kocak	permutation	
2636.0	0.1204702477851134	Kocak	permutation	
2637.0	-0.2429631620868915	Kocak	permutation	
2638.0	0.40890211580270464	Kocak	permutation	
2639.0	0.5155198996416113	Kocak	permutation	
2640.0	0.25461771356803187	Kocak	permutation	
2641.0	-0.012066915772547482	Kocak	permutation	
2642.0	0.13732373511250895	Kocak	permutation	
2643.0	0.058474297236468686	Kocak	permutation	
2644.0	0.17769088852249837	Kocak	permutation	
2645.0	-0.014368719959056087	Kocak	permutation	
2646.0	0.26651757712417457	Kocak	permutation	
2647.0	0.21432850832225636	Kocak	permutation	
2648.0	0.07836692527145317	Kocak	permutation	
2649.0	-0.003956406376545374	Kocak	permutation	
2650.0	0.09410089280144707	Kocak	permutation	
2651.0	0.26828578053044616	Kocak	permutation	
2652.0	0.02450029549547672	Kocak	permutation	
2653.0	-0.05073509490061756	Kocak	permutation	
2654.0	0.06683845167315194	Kocak	permutation	
2655.0	0.26925845318499597	Kocak	permutation	
2656.0	0.08847791128189719	Kocak	permutation	
2657.0	-0.1820798645660786	Kocak	permutation	
2658.0	0.03473634857655927	Kocak	permutation	
2659.0	0.010342711890634959	Kocak	permutation	
2660.0	-0.11860772955839138	Kocak	permutation	
2661.0	0.03497869160873268	Kocak	permutation	
2662.0	0.19877663847060312	Kocak	permutation	
2663.0	-0.18937462912020786	Kocak	permutation	
2664.0	0.05848559498636252	Kocak	permutation	
2665.0	-0.011494914070087958	Kocak	permutation	
2666.0	0.04139126783835945	Kocak	permutation	
2667.0	0.15379937970778013	Kocak	permutation	
2668.0	-0.4148099002112815	Kocak	permutation	
2669.0	-0.11374256000613325	Kocak	permutation	
2670.0	0.1043067448029733	Kocak	permutation	
2671.0	0.04757611114244131	Kocak	permutation	
2672.0	0.08527009814866204	Kocak	permutation	
2673.0	0.1457319334205307	Kocak	permutation	
2674.0	-0.021356342266735773	Kocak	permutation	
2675.0	0.06778920894824303	Kocak	permutation	
2676.0	0.43138531191622853	Kocak	permutation	
2677.0	0.0961505948717587	Kocak	permutation	
2678.0	0.09351151379813238	Kocak	permutation	
2679.0	-0.008844818773687813	Kocak	permutation	
2680.0	0.2400518401288183	Kocak	permutation	
2681.0	-0.005905615877572323	Kocak	permutation	
2682.0	0.0732852953946761	Kocak	permutation	
2683.0	-0.3086597956216166	Kocak	permutation	
2684.0	0.10453048685349309	Kocak	permutation	
2685.0	-0.02678323432002294	Kocak	permutation	
2686.0	0.0561746020108993	Kocak	permutation	
2687.0	0.2502817051932116	Kocak	permutation	
2688.0	0.01615631644269655	Kocak	permutation	
2689.0	0.060062529710422474	Kocak	permutation	
2690.0	0.2286508633785509	Kocak	permutation	
2691.0	-0.23607321282489702	Kocak	permutation	
2692.0	0.031629701857064596	Kocak	permutation	
2693.0	0.2875348795788657	Kocak	permutation	
2694.0	0.25515381243692836	Kocak	permutation	
2695.0	0.09813226367117966	Kocak	permutation	
2696.0	0.15825175349877618	Kocak	permutation	
2697.0	-0.31371200804794785	Kocak	permutation	
2698.0	0.17804714651678477	Kocak	permutation	
2699.0	-0.01813457637712723	Kocak	permutation	
2700.0	-0.005270457319645594	Kocak	permutation	
2701.0	0.17412526683145924	Kocak	permutation	
2702.0	0.07039493421422183	Kocak	permutation	
2703.0	0.31639283292647935	Kocak	permutation	
2704.0	0.18709653478479904	Kocak	permutation	
2705.0	0.02336364423995807	Kocak	permutation	
2706.0	0.16042076168848762	Kocak	permutation	
2707.0	0.14543507605105965	Kocak	permutation	
2708.0	0.24150657219327254	Kocak	permutation	
2709.0	-0.011577101865079875	Kocak	permutation	
2710.0	0.016723219465131223	Kocak	permutation	
2711.0	0.5309196590604506	Kocak	permutation	
2712.0	0.31475986775914677	Kocak	permutation	
2713.0	0.210199670496805	Kocak	permutation	
2714.0	-0.06840437182117842	Kocak	permutation	
2715.0	-0.004889526202343397	Kocak	permutation	
2716.0	-0.3264465892508319	Kocak	permutation	
2717.0	0.1977428994801942	Kocak	permutation	
2718.0	0.17966298900567246	Kocak	permutation	
2719.0	0.0579699095985724	Kocak	permutation	
2720.0	-0.12555177660626704	Kocak	permutation	
2721.0	0.37617605208357485	Kocak	permutation	
2722.0	0.0941462334973604	Kocak	permutation	
2723.0	0.2617905691833018	Kocak	permutation	
2724.0	0.2668111212865121	Kocak	permutation	
2725.0	0.14938982291186598	Kocak	permutation	
2726.0	0.01628660871066767	Kocak	permutation	
2727.0	0.23941521159500212	Kocak	permutation	
2728.0	-0.2545315443985192	Kocak	permutation	
2729.0	0.10291063038306536	Kocak	permutation	
2730.0	-0.13989179733905566	Kocak	permutation	
2731.0	0.01437798681060265	Kocak	permutation	
2732.0	0.09130226879259418	Kocak	permutation	
2733.0	-0.3277943578601712	Kocak	permutation	
2734.0	0.13992885820355117	Kocak	permutation	
2735.0	-0.013814443229531292	Kocak	permutation	
2736.0	0.2542011225341003	Kocak	permutation	
2737.0	0.03127857410126911	Kocak	permutation	
2738.0	0.19542072606683725	Kocak	permutation	
2739.0	0.2078219326904156	Kocak	permutation	
2740.0	0.3149029767256577	Kocak	permutation	
2741.0	0.1032146021261644	Kocak	permutation	
2742.0	-0.4071821849751074	Kocak	permutation	
2743.0	0.11156623387289244	Kocak	permutation	
2744.0	0.07178016572749613	Kocak	permutation	
2745.0	-0.12436062773817103	Kocak	permutation	
2746.0	0.24978103803780005	Kocak	permutation	
2747.0	0.21936095667978073	Kocak	permutation	
2748.0	-0.09437528026858111	Kocak	permutation	
2749.0	0.12944492282975517	Kocak	permutation	
2750.0	-0.015718967595398148	Kocak	permutation	
2751.0	0.012228513405031727	Kocak	permutation	
2752.0	0.10422244050831164	Kocak	permutation	
2753.0	0.1195771961243901	Kocak	permutation	
2754.0	0.30270920191209605	Kocak	permutation	
2755.0	0.19975728562506578	Kocak	permutation	
2756.0	0.027008184815627168	Kocak	permutation	
2757.0	0.1453562057234281	Kocak	permutation	
2758.0	-0.06835208271303816	Kocak	permutation	
2759.0	0.09625473492392533	Kocak	permutation	
2760.0	0.0644774175692655	Kocak	permutation	
2761.0	0.08785375042167853	Kocak	permutation	
2762.0	0.09652307209403865	Kocak	permutation	
2763.0	0.18751240953153214	Kocak	permutation	
2764.0	0.3684088104303056	Kocak	permutation	
2765.0	-0.013189927826491754	Kocak	permutation	
2766.0	0.15059433871034855	Kocak	permutation	
2767.0	0.24898565912612458	Kocak	permutation	
2768.0	0.36305999507422104	Kocak	permutation	
2769.0	0.05700922721622437	Kocak	permutation	
2770.0	-0.03571210615881082	Kocak	permutation	
2771.0	-0.06380829208031624	Kocak	permutation	
2772.0	-0.06868852873949471	Kocak	permutation	
2773.0	-0.09132639105411577	Kocak	permutation	
2774.0	0.17576059297655533	Kocak	permutation	
2775.0	-0.06169830558198619	Kocak	permutation	
2776.0	-0.08515026540746806	Kocak	permutation	
2777.0	0.1510863204014754	Kocak	permutation	
2778.0	0.08408341432109712	Kocak	permutation	
2779.0	-0.17186268951975725	Kocak	permutation	
2780.0	0.16195326042557312	Kocak	permutation	
2781.0	-0.1344505201185333	Kocak	permutation	
2782.0	0.18685957560208344	Kocak	permutation	
2783.0	0.13367147001364454	Kocak	permutation	
2784.0	0.07659392713952773	Kocak	permutation	
2785.0	0.19640498879132462	Kocak	permutation	
2786.0	0.22040177590373666	Kocak	permutation	
2787.0	0.06406819467193703	Kocak	permutation	
2788.0	0.15702966267534268	Kocak	permutation	
2789.0	-0.14443074758309837	Kocak	permutation	
2790.0	-0.0701579830551875	Kocak	permutation	
2791.0	0.16658983791749993	Kocak	permutation	
2792.0	0.11160727001317383	Kocak	permutation	
2793.0	0.011725793481462965	Kocak	permutation	
2794.0	-0.03638736591226266	Kocak	permutation	
2795.0	0.3360572571732394	Kocak	permutation	
2796.0	0.1612247026617526	Kocak	permutation	
2797.0	0.059718784228286026	Kocak	permutation	
2798.0	-0.44921063987007726	Kocak	permutation	
2799.0	-0.01923654455298429	Kocak	permutation	
2800.0	0.2467280991373748	Kocak	permutation	
2801.0	-0.08802541296050581	Kocak	permutation	
2802.0	0.354837590096837	Kocak	permutation	
2803.0	0.18857243554889092	Kocak	permutation	
2804.0	0.2831641405730805	Kocak	permutation	
2805.0	-0.008537357386171784	Kocak	permutation	
2806.0	-0.08939534567130814	Kocak	permutation	
2807.0	0.24734513772938893	Kocak	permutation	
2808.0	0.2879752368019455	Kocak	permutation	
2809.0	0.05845841248961925	Kocak	permutation	
2810.0	-0.03789252797461096	Kocak	permutation	
2811.0	0.09298417567315287	Kocak	permutation	
2812.0	-0.15456151903285065	Kocak	permutation	
2813.0	-0.12623015187010456	Kocak	permutation	
2814.0	0.31559539968203953	Kocak	permutation	
2815.0	0.1272705800657441	Kocak	permutation	
2816.0	0.22863262591657918	Kocak	permutation	
2817.0	-0.10160165050550951	Kocak	permutation	
2818.0	0.3979959974533358	Kocak	permutation	
2819.0	0.409849951612971	Kocak	permutation	
2820.0	-0.38824838953549	Kocak	permutation	
2821.0	-0.03981580357482084	Kocak	permutation	
2822.0	-0.012832003447721618	Kocak	permutation	
2823.0	0.39837382791739717	Kocak	permutation	
2824.0	-0.05395930102828306	Kocak	permutation	
2825.0	0.1267008148397899	Kocak	permutation	
2826.0	0.10143939656633272	Kocak	permutation	
2827.0	0.2320111769883244	Kocak	permutation	
2828.0	-0.008749297174963644	Kocak	permutation	
2829.0	0.21512955188391825	Kocak	permutation	
2830.0	0.021878705707809587	Kocak	permutation	
2831.0	0.32005478062204507	Kocak	permutation	
2832.0	0.08930036467312785	Kocak	permutation	
2833.0	-0.017772399520102233	Kocak	permutation	
2834.0	0.005812747384192463	Kocak	permutation	
2835.0	0.31388221689743023	Kocak	permutation	
2836.0	-0.08409851300383675	Kocak	permutation	
2837.0	0.02947522169706751	Kocak	permutation	
2838.0	0.1891047042410019	Kocak	permutation	
2839.0	-0.030491097504729225	Kocak	permutation	
2840.0	0.05674496538375706	Kocak	permutation	
2841.0	0.04887037976644937	Kocak	permutation	
2842.0	0.19039875395046124	Kocak	permutation	
2843.0	-0.1522057104793113	Kocak	permutation	
2844.0	0.23687629686773626	Kocak	permutation	
2845.0	-0.09251512955448238	Kocak	permutation	
2846.0	-0.01699537785008154	Kocak	permutation	
2847.0	-0.1465850902574326	Kocak	permutation	
2848.0	0.18823771944695178	Kocak	permutation	
2849.0	0.03543547675934544	Kocak	permutation	
2850.0	-0.1192928882165516	Kocak	permutation	
2851.0	0.2674845969787567	Kocak	permutation	
2852.0	0.1796594940450964	Kocak	permutation	
2853.0	-0.2059450744256437	Kocak	permutation	
2854.0	0.37047261778118123	Kocak	permutation	
2855.0	0.13366465555692741	Kocak	permutation	
2856.0	0.16868156248577115	Kocak	permutation	
2857.0	0.17934822791659766	Kocak	permutation	
2858.0	-0.095750651556199	Kocak	permutation	
2859.0	0.08677496304956112	Kocak	permutation	
2860.0	-0.03617094261542686	Kocak	permutation	
2861.0	0.323637661078207	Kocak	permutation	
2862.0	0.13244451586689632	Kocak	permutation	
2863.0	0.2933985795929237	Kocak	permutation	
2864.0	-0.040270809771543625	Kocak	permutation	
2865.0	0.3037168946843396	Kocak	permutation	
2866.0	0.2886541174458417	Kocak	permutation	
2867.0	-0.3125244905653255	Kocak	permutation	
2868.0	0.11724826667655286	Kocak	permutation	
2869.0	-0.00373053574388571	Kocak	permutation	
2870.0	0.15678861367014374	Kocak	permutation	
2871.0	0.20155897860369532	Kocak	permutation	
2872.0	0.3205305175524451	Kocak	permutation	
2873.0	-0.1877131215906962	Kocak	permutation	
2874.0	0.04155038329630134	Kocak	permutation	
2875.0	0.11070407559054374	Kocak	permutation	
2876.0	0.08958290767352128	Kocak	permutation	
2877.0	-0.18773041791989398	Kocak	permutation	
2878.0	-0.10306092065594097	Kocak	permutation	
2879.0	0.052650880620629614	Kocak	permutation	
2880.0	-0.05390853366448933	Kocak	permutation	
2881.0	0.2471748795878641	Kocak	permutation	
2882.0	-0.0297033704550973	Kocak	permutation	
2883.0	0.3950168091973314	Kocak	permutation	
2884.0	0.17032953466286394	Kocak	permutation	
2885.0	-0.1097042481632311	Kocak	permutation	
2886.0	-0.07084919643457344	Kocak	permutation	
2887.0	0.032610334488383685	Kocak	permutation	
2888.0	-0.1093011401027848	Kocak	permutation	
2889.0	0.129496835921306	Kocak	permutation	
2890.0	-0.10844306352989985	Kocak	permutation	
2891.0	-0.1766822764439957	Kocak	permutation	
2892.0	0.34820577158792254	Kocak	permutation	
2893.0	-0.19867740399440903	Kocak	permutation	
2894.0	0.1917550034431832	Kocak	permutation	
2895.0	-0.17446058671065634	Kocak	permutation	
2896.0	0.16351667496047018	Kocak	permutation	
2897.0	-0.4484285897940534	Kocak	permutation	
2898.0	0.12159636918299288	Kocak	permutation	
2899.0	-5.9755853956566796e-05	Kocak	permutation	
2900.0	-0.076403674051428	Kocak	permutation	
2901.0	0.3040034579811248	Kocak	permutation	
2902.0	-0.23295165620901592	Kocak	permutation	
2903.0	0.021984053665629055	Kocak	permutation	
2904.0	0.34443839742574056	Kocak	permutation	
2905.0	0.1878860011241752	Kocak	permutation	
2906.0	0.13951432226540383	Kocak	permutation	
2907.0	-0.043584347355271724	Kocak	permutation	
2908.0	0.09297812896603386	Kocak	permutation	
2909.0	-0.45186150603603403	Kocak	permutation	
2910.0	0.013778047299102703	Kocak	permutation	
2911.0	0.30387349048660095	Kocak	permutation	
2912.0	-0.048905241560567525	Kocak	permutation	
2913.0	0.37486896948430104	Kocak	permutation	
2914.0	0.1937468159122817	Kocak	permutation	
2915.0	0.1972204843264178	Kocak	permutation	
2916.0	-0.061253262462903635	Kocak	permutation	
2917.0	0.13143559692848505	Kocak	permutation	
2918.0	-0.08460281703956785	Kocak	permutation	
2919.0	0.26155999706478195	Kocak	permutation	
2920.0	0.014485583832788862	Kocak	permutation	
2921.0	-0.0267780835881819	Kocak	permutation	
2922.0	-0.2473095661935849	Kocak	permutation	
2923.0	-0.1252491879042994	Kocak	permutation	
2924.0	-0.22934694740905393	Kocak	permutation	
2925.0	0.12689139498425206	Kocak	permutation	
2926.0	-0.0799543005612744	Kocak	permutation	
2927.0	0.21765429913938572	Kocak	permutation	
2928.0	0.04166966405309935	Kocak	permutation	
2929.0	-0.20212454177318273	Kocak	permutation	
2930.0	0.37222183739968884	Kocak	permutation	
2931.0	-0.3341524825854778	Kocak	permutation	
2932.0	0.10489050222551288	Kocak	permutation	
2933.0	0.5020254643588551	Kocak	permutation	
2934.0	0.287927201857511	Kocak	permutation	
2935.0	-0.05050417956345932	Kocak	permutation	
2936.0	-0.20480575928029543	Kocak	permutation	
2937.0	-0.14033512289714878	Kocak	permutation	
2938.0	0.06367923463083347	Kocak	permutation	
2939.0	-0.10634988515811195	Kocak	permutation	
2940.0	-0.07952575112900195	Kocak	permutation	
2941.0	0.3610553234230185	Kocak	permutation	
2942.0	0.20484173674580042	Kocak	permutation	
2943.0	-0.3139829139293071	Kocak	permutation	
2944.0	0.3194476754491937	Kocak	permutation	
2945.0	-0.1924640556455044	Kocak	permutation	
2946.0	0.2833219590622429	Kocak	permutation	
2947.0	0.5383464650868808	Kocak	permutation	
2948.0	-0.1412017237794876	Kocak	permutation	
2949.0	0.056457857271043466	Kocak	permutation	
2950.0	0.29177316725693103	Kocak	permutation	
2951.0	-0.027952618856749822	Kocak	permutation	
2952.0	0.21238606461411091	Kocak	permutation	
2953.0	0.07908959657809689	Kocak	permutation	
2954.0	0.04581347723906948	Kocak	permutation	
2955.0	0.005779425651763148	Kocak	permutation	
2956.0	0.20292819709177223	Kocak	permutation	
2957.0	0.22965153886463252	Kocak	permutation	
2958.0	0.02684573196297535	Kocak	permutation	
2959.0	0.06118286044235166	Kocak	permutation	
2960.0	0.22255388217294314	Kocak	permutation	
2961.0	0.3229293742862396	Kocak	permutation	
2962.0	0.20195766512628488	Kocak	permutation	
2963.0	-0.057597649285660246	Kocak	permutation	
2964.0	0.24144179302963842	Kocak	permutation	
2965.0	0.18093510671320345	Kocak	permutation	
2966.0	0.20947048382994637	Kocak	permutation	
2967.0	-0.06993296750787081	Kocak	permutation	
2968.0	0.10302880404417358	Kocak	permutation	
2969.0	0.23596027277722875	Kocak	permutation	
2970.0	0.5905808631679257	Kocak	permutation	
2971.0	0.36847857737436485	Kocak	permutation	
2972.0	-0.03186318858521009	Kocak	permutation	
2973.0	0.16281195934233494	Kocak	permutation	
2974.0	-0.00933079380293833	Kocak	permutation	
2975.0	0.28596870628233706	Kocak	permutation	
2976.0	0.040919313681938796	Kocak	permutation	
2977.0	0.11248952979836879	Kocak	permutation	
2978.0	-0.012825205036389065	Kocak	permutation	
2979.0	0.14414315986456216	Kocak	permutation	
2980.0	0.2381541509233056	Kocak	permutation	
2981.0	0.17006670996565543	Kocak	permutation	
2982.0	0.13625773392112883	Kocak	permutation	
2983.0	-0.335802694329566	Kocak	permutation	
2984.0	0.005232426970652959	Kocak	permutation	
2985.0	-0.11457548142036433	Kocak	permutation	
2986.0	0.16697522199997117	Kocak	permutation	
2987.0	-0.3055919212796421	Kocak	permutation	
2988.0	-0.017809695922850644	Kocak	permutation	
2989.0	0.13202039452001824	Kocak	permutation	
2990.0	-0.23113622207531792	Kocak	permutation	
2991.0	0.08120684642956011	Kocak	permutation	
2992.0	0.06159592326476471	Kocak	permutation	
2993.0	-0.010874464289980956	Kocak	permutation	
2994.0	0.25421062767945735	Kocak	permutation	
2995.0	0.11932266243935441	Kocak	permutation	
2996.0	0.11571962461110896	Kocak	permutation	
2997.0	0.08861107358071507	Kocak	permutation	
2998.0	0.17717183795304514	Kocak	permutation	
2999.0	0.08254811543921026	Kocak	permutation	
3000.0	0.06491743974716524	Kocak	permutation	
3001.0	0.004209990252273421	Kocak	permutation	
3002.0	0.012317880212897592	Kocak	permutation	
3003.0	0.2712554932682876	Kocak	permutation	
3004.0	-0.1036770235898743	Kocak	permutation	
3005.0	0.34580976361702476	Kocak	permutation	
3006.0	0.022678448033580878	Kocak	permutation	
3007.0	-0.05861220347771212	Kocak	permutation	
3008.0	-0.12015338211293969	Kocak	permutation	
3009.0	0.27971431717346373	Kocak	permutation	
3010.0	0.31905577237049965	Kocak	permutation	
3011.0	0.27233919743888	Kocak	permutation	
3012.0	0.18446627521562853	Kocak	permutation	
3013.0	0.1571981126213382	Kocak	permutation	
3014.0	-0.07154668178275969	Kocak	permutation	
3015.0	0.12057789643252992	Kocak	permutation	
3016.0	-0.5068363665886229	Kocak	permutation	
3017.0	-0.244279512293486	Kocak	permutation	
3018.0	-0.06596214262351463	Kocak	permutation	
3019.0	0.04161065363964944	Kocak	permutation	
3020.0	0.17557662748701208	Kocak	permutation	
3021.0	0.3357763501310389	Kocak	permutation	
3022.0	0.07287124318674643	Kocak	permutation	
3023.0	0.1692787244841094	Kocak	permutation	
3024.0	0.12820674744867944	Kocak	permutation	
3025.0	0.2507527557873672	Kocak	permutation	
3026.0	0.260165811330447	Kocak	permutation	
3027.0	-0.07578852230344424	Kocak	permutation	
3028.0	-0.337268676902688	Kocak	permutation	
3029.0	0.05301830476081726	Kocak	permutation	
3030.0	0.05788132208581942	Kocak	permutation	
3031.0	0.026754127294241314	Kocak	permutation	
3032.0	-0.021181198322189232	Kocak	permutation	
3033.0	-0.0537856694328811	Kocak	permutation	
3034.0	0.029816326974290597	Kocak	permutation	
3035.0	-0.11439324493925263	Kocak	permutation	
3036.0	0.22950514007210465	Kocak	permutation	
3037.0	0.13358914216006745	Kocak	permutation	
3038.0	-0.006914836469269936	Kocak	permutation	
3039.0	0.3734345954284377	Kocak	permutation	
3040.0	-0.009820430842005123	Kocak	permutation	
3041.0	-0.07294002429139024	Kocak	permutation	
3042.0	0.18533400460601435	Kocak	permutation	
3043.0	0.04622900263434815	Kocak	permutation	
3044.0	-0.0756782503426674	Kocak	permutation	
3045.0	0.15978973049496048	Kocak	permutation	
3046.0	0.17202936369695365	Kocak	permutation	
3047.0	0.11249466842475897	Kocak	permutation	
3048.0	0.02545837601844614	Kocak	permutation	
3049.0	0.05103140339670098	Kocak	permutation	
3050.0	0.3502717889667597	Kocak	permutation	
3051.0	-0.3345369974821608	Kocak	permutation	
3052.0	-0.49372668169638434	Kocak	permutation	
3053.0	0.02969791861672455	Kocak	permutation	
3054.0	0.09796383513937634	Kocak	permutation	
3055.0	-0.30825121297076263	Kocak	permutation	
3056.0	-0.2288643248439466	Kocak	permutation	
3057.0	0.11792092835964407	Kocak	permutation	
3058.0	0.002184138426264859	Kocak	permutation	
3059.0	0.067211798127226	Kocak	permutation	
3060.0	0.3822211852634112	Kocak	permutation	
3061.0	-0.17642982946477348	Kocak	permutation	
3062.0	0.14785338832396366	Kocak	permutation	
3063.0	-0.0815886904278793	Kocak	permutation	
3064.0	0.13028445150526213	Kocak	permutation	
3065.0	-0.024586395689864204	Kocak	permutation	
3066.0	0.029491005160994455	Kocak	permutation	
3067.0	0.10017267751281533	Kocak	permutation	
3068.0	0.1955190124638726	Kocak	permutation	
3069.0	0.21879243858146502	Kocak	permutation	
3070.0	0.0796368592673824	Kocak	permutation	
3071.0	-0.013202462603850051	Kocak	permutation	
3072.0	-0.11245343269171304	Kocak	permutation	
3073.0	0.0261885289218986	Kocak	permutation	
3074.0	0.2481836366651855	Kocak	permutation	
3075.0	-0.16847355098054662	Kocak	permutation	
3076.0	-0.0845871079240883	Kocak	permutation	
3077.0	0.18554082565427787	Kocak	permutation	
3078.0	0.17253338873560953	Kocak	permutation	
3079.0	0.43105240420383684	Kocak	permutation	
3080.0	0.4285927790687136	Kocak	permutation	
3081.0	-0.1832916871847292	Kocak	permutation	
3082.0	-0.02182163068728382	Kocak	permutation	
3083.0	0.24287247435552572	Kocak	permutation	
3084.0	0.1453133427561646	Kocak	permutation	
3085.0	0.14280736908860003	Kocak	permutation	
3086.0	0.0630939471495573	Kocak	permutation	
3087.0	-0.10238828033660141	Kocak	permutation	
3088.0	-0.11650492685459124	Kocak	permutation	
3089.0	0.369785476261022	Kocak	permutation	
3090.0	0.15273877848395578	Kocak	permutation	
3091.0	0.17838603371494788	Kocak	permutation	
3092.0	-0.04540874776079473	Kocak	permutation	
3093.0	0.0029436004963567797	Kocak	permutation	
3094.0	0.11016464774706591	Kocak	permutation	
3095.0	0.07165388513300641	Kocak	permutation	
3096.0	0.05973366930106838	Kocak	permutation	
3097.0	-0.04765651714982244	Kocak	permutation	
3098.0	0.4363983422889719	Kocak	permutation	
3099.0	0.3025750936833216	Kocak	permutation	
3100.0	0.21067059507442742	Kocak	permutation	
3101.0	-0.16444444370007183	Kocak	permutation	
3102.0	-0.21559406328495223	Kocak	permutation	
3103.0	0.12987508881295096	Kocak	permutation	
3104.0	-0.09825078326244174	Kocak	permutation	
3105.0	0.06091073043012152	Kocak	permutation	
3106.0	-0.07701238355769746	Kocak	permutation	
3107.0	0.531689373560364	Kocak	permutation	
3108.0	-0.11113935365407634	Kocak	permutation	
3109.0	-0.2930106394668561	Kocak	permutation	
3110.0	0.4481383171701898	Kocak	permutation	
3111.0	0.24033413703665474	Kocak	permutation	
3112.0	-0.006753373101259008	Kocak	permutation	
3113.0	0.15427494888295445	Kocak	permutation	
3114.0	-0.2243110943496962	Kocak	permutation	
3115.0	-0.08081007041721655	Kocak	permutation	
3116.0	0.20752501537998302	Kocak	permutation	
3117.0	0.012519205672568923	Kocak	permutation	
3118.0	-0.33774643798820714	Kocak	permutation	
3119.0	-0.14327920305690256	Kocak	permutation	
3120.0	0.48830080658353037	Kocak	permutation	
3121.0	-0.006936001976237449	Kocak	permutation	
3122.0	-0.060773933543974756	Kocak	permutation	
3123.0	0.014285771516925116	Kocak	permutation	
3124.0	0.25752642093687506	Kocak	permutation	
3125.0	0.1417354356798537	Kocak	permutation	
3126.0	0.22494808116299048	Kocak	permutation	
3127.0	-0.10540802269084537	Kocak	permutation	
3128.0	0.14898919289105095	Kocak	permutation	
3129.0	0.11590867717337261	Kocak	permutation	
3130.0	-0.05464615506976678	Kocak	permutation	
3131.0	0.09183883929601411	Kocak	permutation	
3132.0	0.1364204738491379	Kocak	permutation	
3133.0	-0.0873100054266942	Kocak	permutation	
3134.0	0.09282202104718795	Kocak	permutation	
3135.0	0.24175106999867335	Kocak	permutation	
3136.0	-0.2508664218993002	Kocak	permutation	
3137.0	0.10118269693561288	Kocak	permutation	
3138.0	-0.044054390556910406	Kocak	permutation	
3139.0	0.3583344826164412	Kocak	permutation	
3140.0	-0.27513500208292463	Kocak	permutation	
3141.0	0.46734565310544607	Kocak	permutation	
3142.0	0.16466115622001265	Kocak	permutation	
3143.0	0.20653360353126526	Kocak	permutation	
3144.0	-0.05736214266870565	Kocak	permutation	
3145.0	-0.07273608771152329	Kocak	permutation	
3146.0	-0.21221653159480347	Kocak	permutation	
3147.0	-0.09154337500184884	Kocak	permutation	
3148.0	-0.027347835399661236	Kocak	permutation	
3149.0	-0.06432148193746379	Kocak	permutation	
3150.0	-0.03401284122038728	Kocak	permutation	
3151.0	-0.16066643272435588	Kocak	permutation	
3152.0	0.14335332630850406	Kocak	permutation	
3153.0	0.34821123755045313	Kocak	permutation	
3154.0	-0.032979960245367756	Kocak	permutation	
3155.0	-0.20614464756728612	Kocak	permutation	
3156.0	0.020966714558065647	Kocak	permutation	
3157.0	-0.29532693111157027	Kocak	permutation	
3158.0	0.16035071147122704	Kocak	permutation	
3159.0	-0.38297804433613614	Kocak	permutation	
3160.0	0.36492218989021286	Kocak	permutation	
3161.0	-0.02192470830418447	Kocak	permutation	
3162.0	0.13119954836849335	Kocak	permutation	
3163.0	-0.1560118788400615	Kocak	permutation	
3164.0	-0.05003160547718455	Kocak	permutation	
3165.0	-0.2174072256891182	Kocak	permutation	
3166.0	0.10998530654571859	Kocak	permutation	
3167.0	0.1640418115514466	Kocak	permutation	
3168.0	-0.31072837729509395	Kocak	permutation	
3169.0	0.15509642763906317	Kocak	permutation	
3170.0	0.007708406100361387	Kocak	permutation	
3171.0	-0.028529504231142866	Kocak	permutation	
3172.0	0.14072976682740634	Kocak	permutation	
3173.0	-0.15464585040273526	Kocak	permutation	
3174.0	0.038141922932227956	Kocak	permutation	
3175.0	0.14461504731862007	Kocak	permutation	
3176.0	0.09181106199415723	Kocak	permutation	
3177.0	-0.06821566147548985	Kocak	permutation	
3178.0	0.05136212105162308	Kocak	permutation	
3179.0	-0.41386817432484024	Kocak	permutation	
3180.0	0.3747772317843445	Kocak	permutation	
3181.0	-0.4022086059068095	Kocak	permutation	
3182.0	0.19495883755237742	Kocak	permutation	
3183.0	0.09059255535003796	Kocak	permutation	
3184.0	0.16292666015305368	Kocak	permutation	
3185.0	0.2382510006766303	Kocak	permutation	
3186.0	-0.11693039741966071	Kocak	permutation	
3187.0	-0.2709304210876251	Kocak	permutation	
3188.0	-0.20273854775536915	Kocak	permutation	
3189.0	0.2556504993186781	Kocak	permutation	
3190.0	-0.14960033167215414	Kocak	permutation	
3191.0	0.21364258116239476	Kocak	permutation	
3192.0	0.3885284302965335	Kocak	permutation	
3193.0	-0.39229242250889707	Kocak	permutation	
3194.0	-0.23014181238028497	Kocak	permutation	
3195.0	0.02164082380559673	Kocak	permutation	
3196.0	0.15250517689264242	Kocak	permutation	
3197.0	-0.12148891510984061	Kocak	permutation	
3198.0	0.14172071619743942	Kocak	permutation	
3199.0	-0.031996719870120316	Kocak	permutation	
3200.0	0.19013072740593895	Kocak	permutation	
3201.0	-0.13844888074714135	Kocak	permutation	
3202.0	0.1240134225769447	Kocak	permutation	
3203.0	-0.3411976572082769	Kocak	permutation	
3204.0	0.20867328764113413	Kocak	permutation	
3205.0	-0.059774935607761925	Kocak	permutation	
3206.0	-0.14556597391618098	Kocak	permutation	
3207.0	0.04182407242187569	Kocak	permutation	
3208.0	-0.20188721437079504	Kocak	permutation	
3209.0	0.22080982893217627	Kocak	permutation	
3210.0	0.22093692999673387	Kocak	permutation	
3211.0	-0.13658536651537379	Kocak	permutation	
3212.0	-0.12840736755778526	Kocak	permutation	
3213.0	0.2141250268155579	Kocak	permutation	
3214.0	0.30898999649069125	Kocak	permutation	
3215.0	0.009871797639825708	Kocak	permutation	
3216.0	0.2047679023273936	Kocak	permutation	
3217.0	0.21254435659836712	Kocak	permutation	
3218.0	0.38731939085926737	Kocak	permutation	
3219.0	-0.2096514716117306	Kocak	permutation	
3220.0	0.08433731233650832	Kocak	permutation	
3221.0	-0.45945496610752157	Kocak	permutation	
3222.0	0.024040067849530722	Kocak	permutation	
3223.0	-0.0030355132463899537	Kocak	permutation	
3224.0	0.004605002860762042	Kocak	permutation	
3225.0	0.1546056768773756	Kocak	permutation	
3226.0	-0.28839398495810764	Kocak	permutation	
3227.0	0.05310933721648059	Kocak	permutation	
3228.0	-0.09298162470673432	Kocak	permutation	
3229.0	-0.04640454490327972	Kocak	permutation	
3230.0	-0.21958969869320644	Kocak	permutation	
3231.0	0.3676596909697274	Kocak	permutation	
3232.0	0.43697508833458354	Kocak	permutation	
3233.0	-0.2715170085770775	Kocak	permutation	
3234.0	0.0001475985204173469	Kocak	permutation	
3235.0	-0.06961141064158394	Kocak	permutation	
3236.0	-0.1781971319393838	Kocak	permutation	
3237.0	0.3204087020536486	Kocak	permutation	
3238.0	0.38928845797169487	Kocak	permutation	
3239.0	0.1330318283364864	Kocak	permutation	
3240.0	0.22527247949150908	Kocak	permutation	
3241.0	0.2941516764195313	Kocak	permutation	
3242.0	0.10415919408428032	Kocak	permutation	
3243.0	0.0730360317466685	Kocak	permutation	
3244.0	0.15663390214401662	Kocak	permutation	
3245.0	0.07414219408262568	Kocak	permutation	
3246.0	-0.25161264573620024	Kocak	permutation	
3247.0	0.2240676500760861	Kocak	permutation	
3248.0	-0.04756580079716688	Kocak	permutation	
3249.0	0.03932954842321035	Kocak	permutation	
3250.0	0.07992614285411381	Kocak	permutation	
3251.0	0.2950959279184495	Kocak	permutation	
3252.0	-0.09593104005375697	Kocak	permutation	
3253.0	-0.2953923207265592	Kocak	permutation	
3254.0	-0.008749236562670681	Kocak	permutation	
3255.0	0.3810332357065098	Kocak	permutation	
3256.0	0.22297037840572909	Kocak	permutation	
3257.0	-0.18460272960884216	Kocak	permutation	
3258.0	-0.19436120847225924	Kocak	permutation	
3259.0	0.08491204019802634	Kocak	permutation	
3260.0	-0.08053959218891116	Kocak	permutation	
3261.0	0.09736433113911236	Kocak	permutation	
3262.0	-0.05348399458572306	Kocak	permutation	
3263.0	-0.041147657352742506	Kocak	permutation	
3264.0	0.12282188245121173	Kocak	permutation	
3265.0	0.018931349859276025	Kocak	permutation	
3266.0	0.08238785839280904	Kocak	permutation	
3267.0	0.2207676321680152	Kocak	permutation	
3268.0	0.11890783976535957	Kocak	permutation	
3269.0	0.07993311615914145	Kocak	permutation	
3270.0	-0.14836971315988556	Kocak	permutation	
3271.0	0.23357281858725276	Kocak	permutation	
3272.0	-0.0513673262795038	Kocak	permutation	
3273.0	-0.09911286149893428	Kocak	permutation	
3274.0	0.012930566005051602	Kocak	permutation	
3275.0	-0.025044133031781435	Kocak	permutation	
3276.0	-0.1729190696117282	Kocak	permutation	
3277.0	-0.18055311840541233	Kocak	permutation	
3278.0	-0.1264679007226439	Kocak	permutation	
3279.0	-0.20131786049232225	Kocak	permutation	
3280.0	-0.013066427819845572	Kocak	permutation	
3281.0	-0.03967157926675924	Kocak	permutation	
3282.0	0.04505791631091238	Kocak	permutation	
3283.0	0.4683928024128461	Kocak	permutation	
3284.0	0.15751691198295337	Kocak	permutation	
3285.0	0.08732723243807872	Kocak	permutation	
3286.0	-0.15390872654221166	Kocak	permutation	
3287.0	-0.0613705641917246	Kocak	permutation	
3288.0	-0.14070545198362705	Kocak	permutation	
3289.0	-0.11297485658099493	Kocak	permutation	
3290.0	0.38803678268543695	Kocak	permutation	
3291.0	0.28135086140811083	Kocak	permutation	
3292.0	0.5202363063649251	Kocak	permutation	
3293.0	0.12957720286587104	Kocak	permutation	
3294.0	-0.023739636191758784	Kocak	permutation	
3295.0	0.12305940310172225	Kocak	permutation	
3296.0	0.22944635028295224	Kocak	permutation	
3297.0	-0.06336788456264486	Kocak	permutation	
3298.0	0.0791275599013499	Kocak	permutation	
3299.0	-0.08210135272171293	Kocak	permutation	
3300.0	0.12220385559986102	Kocak	permutation	
3301.0	-0.12922462940222523	Kocak	permutation	
3302.0	-0.007683306263754908	Kocak	permutation	
3303.0	0.21110841017616266	Kocak	permutation	
3304.0	-0.21666470089003997	Kocak	permutation	
3305.0	0.3062459732435947	Kocak	permutation	
3306.0	0.002506623941614272	Kocak	permutation	
3307.0	0.26272566301389855	Kocak	permutation	
3308.0	0.04379909540419202	Kocak	permutation	
3309.0	-0.13799760308503028	Kocak	permutation	
3310.0	-0.07792573623595711	Kocak	permutation	
3311.0	0.14044019384510875	Kocak	permutation	
3312.0	-0.04852572218499418	Kocak	permutation	
3313.0	0.3060643588202341	Kocak	permutation	
3314.0	0.0432126977900662	Kocak	permutation	
3315.0	-0.04904902897600394	Kocak	permutation	
3316.0	-0.3320632563177508	Kocak	permutation	
3317.0	0.26403036768535504	Kocak	permutation	
3318.0	-0.1008059190740056	Kocak	permutation	
3319.0	-0.0605240030854759	Kocak	permutation	
3320.0	0.055430480432682394	Kocak	permutation	
3321.0	0.041685520618685246	Kocak	permutation	
3322.0	-0.004710324207627181	Kocak	permutation	
3323.0	0.08873754754866692	Kocak	permutation	
3324.0	0.4118721157276344	Kocak	permutation	
3325.0	-0.20523535653306757	Kocak	permutation	
3326.0	-0.024603325903381545	Kocak	permutation	
3327.0	0.16281819587277013	Kocak	permutation	
3328.0	0.10905012632667876	Kocak	permutation	
3329.0	0.4665997390951109	Kocak	permutation	
3330.0	-0.09005421311721218	Kocak	permutation	
3331.0	0.25742321101187216	Kocak	permutation	
3332.0	0.03629280471839191	Kocak	permutation	
3333.0	0.4974951756621824	Kocak	permutation	
3334.0	0.06969254648989409	Kocak	permutation	
3335.0	0.30487140138843927	Kocak	permutation	
3336.0	-0.08684336529590997	Kocak	permutation	
3337.0	0.11520060892814499	Kocak	permutation	
3338.0	-0.20266785026491663	Kocak	permutation	
3339.0	0.07940308242024763	Kocak	permutation	
3340.0	-0.12990601378128108	Kocak	permutation	
3341.0	0.1372016338953479	Kocak	permutation	
3342.0	-0.20100162166434377	Kocak	permutation	
3343.0	0.09502215847869255	Kocak	permutation	
3344.0	-0.10193425869971406	Kocak	permutation	
3345.0	0.15822381786293516	Kocak	permutation	
3346.0	0.21488054672575174	Kocak	permutation	
3347.0	0.0671707698347852	Kocak	permutation	
3348.0	0.12489200199899297	Kocak	permutation	
3349.0	0.1365104527477019	Kocak	permutation	
3350.0	0.11411158185621595	Kocak	permutation	
3351.0	0.056655395092136906	Kocak	permutation	
3352.0	-0.11466230659127064	Kocak	permutation	
3353.0	0.10650347881922873	Kocak	permutation	
3354.0	0.20147985909791188	Kocak	permutation	
3355.0	0.23331819733116532	Kocak	permutation	
3356.0	0.4231921067380373	Kocak	permutation	
3357.0	0.1722720246919387	Kocak	permutation	
3358.0	-0.18387670891688357	Kocak	permutation	
3359.0	0.08147114745341444	Kocak	permutation	
3360.0	0.24857782389915695	Kocak	permutation	
3361.0	0.28606769901963247	Kocak	permutation	
3362.0	-0.08336772302324658	Kocak	permutation	
3363.0	0.3360731632280416	Kocak	permutation	
3364.0	-0.1622211331701049	Kocak	permutation	
3365.0	-0.19592907403178073	Kocak	permutation	
3366.0	0.21188080359764605	Kocak	permutation	
3367.0	-0.17125377818666232	Kocak	permutation	
3368.0	0.2118014897903091	Kocak	permutation	
3369.0	0.2416925840034292	Kocak	permutation	
3370.0	-0.19677470279761922	Kocak	permutation	
3371.0	-0.0334011170657913	Kocak	permutation	
3372.0	0.2223789060544119	Kocak	permutation	
3373.0	0.19524156647698376	Kocak	permutation	
3374.0	-0.17504524063197024	Kocak	permutation	
3375.0	0.010825705203819425	Kocak	permutation	
3376.0	0.41557859996175495	Kocak	permutation	
3377.0	0.19772869140918736	Kocak	permutation	
3378.0	-0.2113644359341844	Kocak	permutation	
3379.0	0.35039172559395926	Kocak	permutation	
3380.0	-0.03908834513018622	Kocak	permutation	
3381.0	-0.00029704688688525493	Kocak	permutation	
3382.0	0.42525744762267603	Kocak	permutation	
3383.0	0.18946723344560557	Kocak	permutation	
3384.0	0.2316377250908621	Kocak	permutation	
3385.0	-0.09320620110024258	Kocak	permutation	
3386.0	0.22612013269996556	Kocak	permutation	
3387.0	-0.15590297157001487	Kocak	permutation	
3388.0	0.11954656116840212	Kocak	permutation	
3389.0	0.05666154772569065	Kocak	permutation	
3390.0	-0.009540403037113343	Kocak	permutation	
3391.0	0.040478404220099407	Kocak	permutation	
3392.0	0.09801702680132163	Kocak	permutation	
3393.0	0.24717600130578887	Kocak	permutation	
3394.0	0.1486525659250688	Kocak	permutation	
3395.0	-0.17795901452232155	Kocak	permutation	
3396.0	0.11198249318026043	Kocak	permutation	
3397.0	0.3609269711540106	Kocak	permutation	
3398.0	0.3074263568732878	Kocak	permutation	
3399.0	-0.14143051065296763	Kocak	permutation	
3400.0	-0.5709269586977777	Kocak	permutation	
3401.0	0.22031720146951717	Kocak	permutation	
3402.0	0.1844386242613636	Kocak	permutation	
3403.0	-0.14628786239591118	Kocak	permutation	
3404.0	0.08278169487725329	Kocak	permutation	
3405.0	0.15643210333140534	Kocak	permutation	
3406.0	0.12122313663643958	Kocak	permutation	
3407.0	0.034277526399996816	Kocak	permutation	
3408.0	0.04058910178503172	Kocak	permutation	
3409.0	0.23714453390882095	Kocak	permutation	
3410.0	-0.16831125144732573	Kocak	permutation	
3411.0	-0.15677367524700303	Kocak	permutation	
3412.0	-0.1327687106471851	Kocak	permutation	
3413.0	0.06564767670864846	Kocak	permutation	
3414.0	0.5254111393708678	Kocak	permutation	
3415.0	-0.057255294217366526	Kocak	permutation	
3416.0	0.03192517298629838	Kocak	permutation	
3417.0	-0.11857739821340108	Kocak	permutation	
3418.0	0.2676113179509034	Kocak	permutation	
3419.0	0.0016158380202355715	Kocak	permutation	
3420.0	0.1284220962935798	Kocak	permutation	
3421.0	0.10871589901362277	Kocak	permutation	
3422.0	0.16217932302479632	Kocak	permutation	
3423.0	-0.11294614095913236	Kocak	permutation	
3424.0	-0.1068700688387203	Kocak	permutation	
3425.0	0.3222374362284519	Kocak	permutation	
3426.0	-0.0850804642775902	Kocak	permutation	
3427.0	0.1520450970548266	Kocak	permutation	
3428.0	0.2696899178441914	Kocak	permutation	
3429.0	-0.15851966097463688	Kocak	permutation	
3430.0	0.3690351450958316	Kocak	permutation	
3431.0	-0.08151711680519114	Kocak	permutation	
3432.0	0.3597442121914183	Kocak	permutation	
3433.0	0.1714689934007101	Kocak	permutation	
3434.0	-0.2436702946190965	Kocak	permutation	
3435.0	0.24094212931694514	Kocak	permutation	
3436.0	0.06574609619230198	Kocak	permutation	
3437.0	-0.23835036766597906	Kocak	permutation	
3438.0	-0.12776686506891455	Kocak	permutation	
3439.0	-0.07921519825794832	Kocak	permutation	
3440.0	0.006040486686564428	Kocak	permutation	
3441.0	0.31627195484586323	Kocak	permutation	
3442.0	0.20112349064335522	Kocak	permutation	
3443.0	0.18294840235798837	Kocak	permutation	
3444.0	0.03345289291021736	Kocak	permutation	
3445.0	-0.04280703184236945	Kocak	permutation	
3446.0	0.12911295303286519	Kocak	permutation	
3447.0	0.07889240588519364	Kocak	permutation	
3448.0	0.11218735028398807	Kocak	permutation	
3449.0	0.05654991213196414	Kocak	permutation	
3450.0	0.04177273038366547	Kocak	permutation	
3451.0	0.21704001447774157	Kocak	permutation	
3452.0	-0.19875655897697175	Kocak	permutation	
3453.0	-0.05202586425545519	Kocak	permutation	
3454.0	0.07890683042630631	Kocak	permutation	
3455.0	0.025321327897565027	Kocak	permutation	
3456.0	0.12866788741252044	Kocak	permutation	
3457.0	0.2665295846053244	Kocak	permutation	
3458.0	0.025919901794627442	Kocak	permutation	
3459.0	0.03600066644502231	Kocak	permutation	
3460.0	0.09427717395651758	Kocak	permutation	
3461.0	-0.26790707228432975	Kocak	permutation	
3462.0	-0.21434978401780258	Kocak	permutation	
3463.0	0.17451663120233096	Kocak	permutation	
3464.0	0.14358156223191187	Kocak	permutation	
3465.0	0.21769219744053903	Kocak	permutation	
3466.0	0.06699165621397452	Kocak	permutation	
3467.0	0.22720571090810449	Kocak	permutation	
3468.0	0.2824860969460721	Kocak	permutation	
3469.0	0.24352947002024017	Kocak	permutation	
3470.0	0.466334946269626	Kocak	permutation	
3471.0	-0.06476295088489259	Kocak	permutation	
3472.0	0.0980246226105903	Kocak	permutation	
3473.0	0.10875154593990288	Kocak	permutation	
3474.0	0.2625643158180946	Kocak	permutation	
3475.0	-0.38756636497042285	Kocak	permutation	
3476.0	0.10836712286653061	Kocak	permutation	
3477.0	-0.029253053854934485	Kocak	permutation	
3478.0	0.08665592999519145	Kocak	permutation	
3479.0	0.36237601373955286	Kocak	permutation	
3480.0	-0.09913007716590627	Kocak	permutation	
3481.0	0.230268375708075	Kocak	permutation	
3482.0	-0.11013182222259665	Kocak	permutation	
3483.0	-0.06205993158099243	Kocak	permutation	
3484.0	0.038659594316995616	Kocak	permutation	
3485.0	-0.0008648437276077559	Kocak	permutation	
3486.0	0.4302974024695132	Kocak	permutation	
3487.0	-0.04428642933017901	Kocak	permutation	
3488.0	0.2998434570903763	Kocak	permutation	
3489.0	0.24738786708483662	Kocak	permutation	
3490.0	0.09481307020067842	Kocak	permutation	
3491.0	0.06444234797167514	Kocak	permutation	
3492.0	0.09743743254173065	Kocak	permutation	
3493.0	0.0757745307937645	Kocak	permutation	
3494.0	0.05427532080034414	Kocak	permutation	
3495.0	0.07331206904176124	Kocak	permutation	
3496.0	-0.32607578461464115	Kocak	permutation	
3497.0	0.10635240352928665	Kocak	permutation	
3498.0	-0.2267542733748451	Kocak	permutation	
3499.0	-0.07377349611462769	Kocak	permutation	
3500.0	-0.15039907060770563	Kocak	permutation	
3501.0	-0.13908321561704629	Kocak	permutation	
3502.0	0.27266683842941664	Kocak	permutation	
3503.0	0.24512328348208445	Kocak	permutation	
3504.0	0.10047374279366839	Kocak	permutation	
3505.0	0.2227412448295798	Kocak	permutation	
3506.0	-0.2523928653897216	Kocak	permutation	
3507.0	0.3187830491930361	Kocak	permutation	
3508.0	0.23325674148626252	Kocak	permutation	
3509.0	0.3065267175722468	Kocak	permutation	
3510.0	-0.040850012336552055	Kocak	permutation	
3511.0	-0.027650340672202844	Kocak	permutation	
3512.0	0.16254185371941343	Kocak	permutation	
3513.0	-0.14304896742461182	Kocak	permutation	
3514.0	0.5934837351556341	Kocak	permutation	
3515.0	0.036409272512834434	Kocak	permutation	
3516.0	0.08627583389063531	Kocak	permutation	
3517.0	-0.0723480010841211	Kocak	permutation	
3518.0	0.018674433183050176	Kocak	permutation	
3519.0	-0.14629097355241338	Kocak	permutation	
3520.0	0.057088581364791224	Kocak	permutation	
3521.0	0.2692825765188207	Kocak	permutation	
3522.0	-0.11220274465686408	Kocak	permutation	
3523.0	0.05835534633239714	Kocak	permutation	
3524.0	0.2400976591656443	Kocak	permutation	
3525.0	0.022866806135523277	Kocak	permutation	
3526.0	0.043643814589017005	Kocak	permutation	
3527.0	0.19809653763249102	Kocak	permutation	
3528.0	0.20866048728492181	Kocak	permutation	
3529.0	0.009252703638297888	Kocak	permutation	
3530.0	-0.2092492927116174	Kocak	permutation	
3531.0	-0.05308604368288883	Kocak	permutation	
3532.0	0.02613271814099072	Kocak	permutation	
3533.0	0.30662078738966425	Kocak	permutation	
3534.0	-0.21885166261151623	Kocak	permutation	
3535.0	0.08509138100420888	Kocak	permutation	
3536.0	0.07931782076343996	Kocak	permutation	
3537.0	0.16979456501792356	Kocak	permutation	
3538.0	0.12280162649882342	Kocak	permutation	
3539.0	-0.36198664894151156	Kocak	permutation	
3540.0	-0.08346837025312581	Kocak	permutation	
3541.0	-0.07594298274682743	Kocak	permutation	
3542.0	0.27697500843170086	Kocak	permutation	
3543.0	-0.10560015081970064	Kocak	permutation	
3544.0	0.18110927604718352	Kocak	permutation	
3545.0	-0.13702574762705844	Kocak	permutation	
3546.0	0.13907298845465643	Kocak	permutation	
3547.0	0.007263357200521625	Kocak	permutation	
3548.0	0.24510875149186884	Kocak	permutation	
3549.0	0.10279089347298509	Kocak	permutation	
3550.0	0.060854371720149736	Kocak	permutation	
3551.0	-0.017099919877603398	Kocak	permutation	
3552.0	-0.09320899451505049	Kocak	permutation	
3553.0	0.35064526522485817	Kocak	permutation	
3554.0	-0.04155728403110359	Kocak	permutation	
3555.0	-0.015119250590999833	Kocak	permutation	
3556.0	-0.2890242856402119	Kocak	permutation	
3557.0	0.06270396408722956	Kocak	permutation	
3558.0	0.27612544134433037	Kocak	permutation	
3559.0	-0.13464686505630485	Kocak	permutation	
3560.0	-0.29041589204079843	Kocak	permutation	
3561.0	-0.3523640386610092	Kocak	permutation	
3562.0	0.1701566525682381	Kocak	permutation	
3563.0	0.046819102585093475	Kocak	permutation	
3564.0	-0.16926147083847276	Kocak	permutation	
3565.0	-0.05712868645452396	Kocak	permutation	
3566.0	0.256245945817974	Kocak	permutation	
3567.0	0.04869982442773857	Kocak	permutation	
3568.0	0.11302971254437644	Kocak	permutation	
3569.0	0.05275691237388269	Kocak	permutation	
3570.0	-0.2616883726771668	Kocak	permutation	
3571.0	0.08722184339725825	Kocak	permutation	
3572.0	0.4082273016667779	Kocak	permutation	
3573.0	0.05914344425024165	Kocak	permutation	
3574.0	0.004045925642032877	Kocak	permutation	
3575.0	-0.1192771426710797	Kocak	permutation	
3576.0	0.021593378006607544	Kocak	permutation	
3577.0	0.14731963031472706	Kocak	permutation	
3578.0	0.07474138652551332	Kocak	permutation	
3579.0	0.15727323583630604	Kocak	permutation	
3580.0	-0.05098068514266618	Kocak	permutation	
3581.0	-0.21936896017191998	Kocak	permutation	
3582.0	0.4705186073330454	Kocak	permutation	
3583.0	0.12428239519632545	Kocak	permutation	
3584.0	0.10922350607522535	Kocak	permutation	
3585.0	0.41087833521675865	Kocak	permutation	
3586.0	0.10752016847634405	Kocak	permutation	
3587.0	0.11676271917739278	Kocak	permutation	
3588.0	0.38540634005596797	Kocak	permutation	
3589.0	0.18240117744321793	Kocak	permutation	
3590.0	0.45554020505919635	Kocak	permutation	
3591.0	-0.4221688234712815	Kocak	permutation	
3592.0	-0.005549017586568006	Kocak	permutation	
3593.0	-0.023039344370499037	Kocak	permutation	
3594.0	0.21757761217250415	Kocak	permutation	
3595.0	0.04521100212724516	Kocak	permutation	
3596.0	0.22371729308417798	Kocak	permutation	
3597.0	0.33169964241321903	Kocak	permutation	
3598.0	-0.1052355592870926	Kocak	permutation	
3599.0	-0.1574210460264327	Kocak	permutation	
3600.0	-0.03241353008931558	Kocak	permutation	
3601.0	-0.041565719622104425	Kocak	permutation	
3602.0	0.2590207854559283	Kocak	permutation	
3603.0	-0.026604268256598118	Kocak	permutation	
3604.0	0.08448199728373762	Kocak	permutation	
3605.0	-0.15450818197970673	Kocak	permutation	
3606.0	0.20083498213276574	Kocak	permutation	
3607.0	0.05471590175806451	Kocak	permutation	
3608.0	0.050863828938298994	Kocak	permutation	
3609.0	0.08943962577635922	Kocak	permutation	
3610.0	0.3370089526833224	Kocak	permutation	
3611.0	0.024900738106134135	Kocak	permutation	
3612.0	-0.344425033035066	Kocak	permutation	
3613.0	0.08909056228335466	Kocak	permutation	
3614.0	-0.07364930877545195	Kocak	permutation	
3615.0	0.1449300049105764	Kocak	permutation	
3616.0	-0.10554832171821449	Kocak	permutation	
3617.0	0.09194141964615721	Kocak	permutation	
3618.0	-0.051033989058881346	Kocak	permutation	
3619.0	-0.17460021504266132	Kocak	permutation	
3620.0	-0.17424285368009995	Kocak	permutation	
3621.0	0.16780211766245845	Kocak	permutation	
3622.0	-0.04252776613032072	Kocak	permutation	
3623.0	0.04400398554757068	Kocak	permutation	
3624.0	0.05019542116045006	Kocak	permutation	
3625.0	0.3160723889318069	Kocak	permutation	
3626.0	0.1700178732189963	Kocak	permutation	
3627.0	-0.06894377566364174	Kocak	permutation	
3628.0	0.3138893039688071	Kocak	permutation	
3629.0	0.2769654515613089	Kocak	permutation	
3630.0	0.07909946194351392	Kocak	permutation	
3631.0	0.10141078157851968	Kocak	permutation	
3632.0	0.2099980099421499	Kocak	permutation	
3633.0	-0.25874220027667905	Kocak	permutation	
3634.0	0.2062887367707713	Kocak	permutation	
3635.0	-0.17956978568367887	Kocak	permutation	
3636.0	0.12176236556550801	Kocak	permutation	
3637.0	-0.048494435802365565	Kocak	permutation	
3638.0	-0.0842525425234415	Kocak	permutation	
3639.0	-0.12027797821499675	Kocak	permutation	
3640.0	-0.04209213546243262	Kocak	permutation	
3641.0	-0.050773370390934325	Kocak	permutation	
3642.0	-0.003739132240983878	Kocak	permutation	
3643.0	0.24772802191380272	Kocak	permutation	
3644.0	-0.15620666568701935	Kocak	permutation	
3645.0	-0.05687653038703466	Kocak	permutation	
3646.0	0.05723392472512412	Kocak	permutation	
3647.0	0.18387885659943226	Kocak	permutation	
3648.0	0.08060552899006712	Kocak	permutation	
3649.0	0.43893880967523735	Kocak	permutation	
3650.0	0.06989424372505049	Kocak	permutation	
3651.0	0.3650230922664077	Kocak	permutation	
3652.0	0.06595903639601719	Kocak	permutation	
3653.0	-0.16070754162376133	Kocak	permutation	
3654.0	-0.28034636735547913	Kocak	permutation	
3655.0	0.28080219253708183	Kocak	permutation	
3656.0	0.27626033298959296	Kocak	permutation	
3657.0	0.1718501453963306	Kocak	permutation	
3658.0	0.11347121851813124	Kocak	permutation	
3659.0	-0.22595637984285633	Kocak	permutation	
3660.0	0.020762348490591442	Kocak	permutation	
3661.0	0.0062082447939886265	Kocak	permutation	
3662.0	0.4343115035165397	Kocak	permutation	
3663.0	-0.06945839955984834	Kocak	permutation	
3664.0	0.08941406267736962	Kocak	permutation	
3665.0	0.21166255356026298	Kocak	permutation	
3666.0	0.24797742165580683	Kocak	permutation	
3667.0	0.1499100806198097	Kocak	permutation	
3668.0	0.1105253805026587	Kocak	permutation	
3669.0	0.250390924325524	Kocak	permutation	
3670.0	0.03673251012546519	Kocak	permutation	
3671.0	-0.10749274865261071	Kocak	permutation	
3672.0	-0.1599670016638921	Kocak	permutation	
3673.0	0.27066433576848503	Kocak	permutation	
3674.0	-0.2197362463914896	Kocak	permutation	
3675.0	0.23433083738733984	Kocak	permutation	
3676.0	0.05263865548576874	Kocak	permutation	
3677.0	0.2046800079780935	Kocak	permutation	
3678.0	-0.41737368824528387	Kocak	permutation	
3679.0	-0.17927985870066587	Kocak	permutation	
3680.0	0.06568228204692428	Kocak	permutation	
3681.0	0.22632058366006458	Kocak	permutation	
3682.0	-0.28859619703421213	Kocak	permutation	
3683.0	0.03157023048785401	Kocak	permutation	
3684.0	0.21187002326583393	Kocak	permutation	
3685.0	-0.13525708852438	Kocak	permutation	
3686.0	0.12116302629556763	Kocak	permutation	
3687.0	0.19840654956226267	Kocak	permutation	
3688.0	0.005742123691343082	Kocak	permutation	
3689.0	0.25126881920232513	Kocak	permutation	
3690.0	-0.09284521594959028	Kocak	permutation	
3691.0	0.025357971979394378	Kocak	permutation	
3692.0	0.21874145319565663	Kocak	permutation	
3693.0	-0.06403842619235078	Kocak	permutation	
3694.0	0.2161943230082395	Kocak	permutation	
3695.0	-0.29361383232948146	Kocak	permutation	
3696.0	-0.13795931558088448	Kocak	permutation	
3697.0	0.300119720905176	Kocak	permutation	
3698.0	0.12637749278753674	Kocak	permutation	
3699.0	0.28112783300737654	Kocak	permutation	
3700.0	0.15920706245452987	Kocak	permutation	
3701.0	0.4827270922505633	Kocak	permutation	
3702.0	0.2825684562755404	Kocak	permutation	
3703.0	0.09078164527938437	Kocak	permutation	
3704.0	0.5570625789110064	Kocak	permutation	
3705.0	0.20146159482859805	Kocak	permutation	
3706.0	0.2328683612477258	Kocak	permutation	
3707.0	0.21377054974758725	Kocak	permutation	
3708.0	0.2769155940346799	Kocak	permutation	
3709.0	0.0718605158498491	Kocak	permutation	
3710.0	-0.1647148241271612	Kocak	permutation	
3711.0	0.3128961848503433	Kocak	permutation	
3712.0	0.06470906844300384	Kocak	permutation	
3713.0	0.17391281538113645	Kocak	permutation	
3714.0	-0.17436736517690443	Kocak	permutation	
3715.0	0.07242271015285695	Kocak	permutation	
3716.0	-0.050854419440837795	Kocak	permutation	
3717.0	0.01689807181762326	Kocak	permutation	
3718.0	0.2397820673220652	Kocak	permutation	
3719.0	0.3464093065233529	Kocak	permutation	
3720.0	0.1717677710088239	Kocak	permutation	
3721.0	-0.4563248506239481	Kocak	permutation	
3722.0	0.37463842787143786	Kocak	permutation	
3723.0	0.15381425691054762	Kocak	permutation	
3724.0	0.17438035601721324	Kocak	permutation	
3725.0	0.11334024236505957	Kocak	permutation	
3726.0	-0.01096670146958445	Kocak	permutation	
3727.0	0.188924927728503	Kocak	permutation	
3728.0	-0.02389641384570318	Kocak	permutation	
3729.0	0.1770052711522787	Kocak	permutation	
3730.0	-0.03210568355300314	Kocak	permutation	
3731.0	-0.1663656700834939	Kocak	permutation	
3732.0	0.033290040882002714	Kocak	permutation	
3733.0	0.14980164825458697	Kocak	permutation	
3734.0	0.033766618141831906	Kocak	permutation	
3735.0	-0.030692521254045424	Kocak	permutation	
3736.0	0.38716251418156133	Kocak	permutation	
3737.0	-0.12918457821757467	Kocak	permutation	
3738.0	0.11582522793978267	Kocak	permutation	
3739.0	0.13289574919620328	Kocak	permutation	
3740.0	-0.17587199658011743	Kocak	permutation	
3741.0	0.3453234854666345	Kocak	permutation	
3742.0	0.2910697075130564	Kocak	permutation	
3743.0	0.02312218232151242	Kocak	permutation	
3744.0	0.10855024295389626	Kocak	permutation	
3745.0	0.1996050052590519	Kocak	permutation	
3746.0	-0.0604567541220149	Kocak	permutation	
3747.0	0.29101190729769577	Kocak	permutation	
3748.0	0.24979730758621876	Kocak	permutation	
3749.0	-0.2006303437722332	Kocak	permutation	
3750.0	0.2771643781647928	Kocak	permutation	
3751.0	0.07885839659172333	Kocak	permutation	
3752.0	-0.0991412228340609	Kocak	permutation	
3753.0	0.11127298780997386	Kocak	permutation	
3754.0	0.08360907270578988	Kocak	permutation	
3755.0	0.4006027028402368	Kocak	permutation	
3756.0	0.06852384570648162	Kocak	permutation	
3757.0	-0.04086463435542509	Kocak	permutation	
3758.0	-0.12281920532084545	Kocak	permutation	
3759.0	0.1683179337661569	Kocak	permutation	
3760.0	0.12235028607151399	Kocak	permutation	
3761.0	0.18540918724427424	Kocak	permutation	
3762.0	-0.01982682955520776	Kocak	permutation	
3763.0	0.2201414830983195	Kocak	permutation	
3764.0	-0.10578387827935476	Kocak	permutation	
3765.0	-0.029302518397804178	Kocak	permutation	
3766.0	0.39737851120389767	Kocak	permutation	
3767.0	-0.031571419805330514	Kocak	permutation	
3768.0	-0.1090908240125632	Kocak	permutation	
3769.0	0.14961317952937936	Kocak	permutation	
3770.0	0.18774722041774883	Kocak	permutation	
3771.0	-0.2013334350108824	Kocak	permutation	
3772.0	-0.0662626751984261	Kocak	permutation	
3773.0	-0.01995292253555192	Kocak	permutation	
3774.0	0.179994708387742	Kocak	permutation	
3775.0	0.023000443050006147	Kocak	permutation	
3776.0	0.08318338778752654	Kocak	permutation	
3777.0	-0.04766841591965498	Kocak	permutation	
3778.0	0.009561911269042156	Kocak	permutation	
3779.0	0.04178184958590414	Kocak	permutation	
3780.0	0.008699397565640865	Kocak	permutation	
3781.0	-0.21366206085222972	Kocak	permutation	
3782.0	-0.3637575174694452	Kocak	permutation	
3783.0	0.2603873299214641	Kocak	permutation	
3784.0	-0.2827001257294519	Kocak	permutation	
3785.0	-0.015863218870335594	Kocak	permutation	
3786.0	0.2969134356352301	Kocak	permutation	
3787.0	0.25680798360416723	Kocak	permutation	
3788.0	0.09851446092949967	Kocak	permutation	
3789.0	-0.0987548878489708	Kocak	permutation	
3790.0	0.0871558338209315	Kocak	permutation	
3791.0	0.09041309777036055	Kocak	permutation	
3792.0	0.09681673152584036	Kocak	permutation	
3793.0	0.16182186295255274	Kocak	permutation	
3794.0	0.346360519844116	Kocak	permutation	
3795.0	0.1332921270471017	Kocak	permutation	
3796.0	0.03142227249734031	Kocak	permutation	
3797.0	-0.11249310681907954	Kocak	permutation	
3798.0	0.17325779328462865	Kocak	permutation	
3799.0	0.2507735838190177	Kocak	permutation	
3800.0	-0.12170429282519724	Kocak	permutation	
3801.0	0.28499091936162557	Kocak	permutation	
3802.0	-0.015159833385197885	Kocak	permutation	
3803.0	0.011894150793571256	Kocak	permutation	
3804.0	-0.2838816557078512	Kocak	permutation	
3805.0	0.03643076799548872	Kocak	permutation	
3806.0	0.10009385131872417	Kocak	permutation	
3807.0	0.0659623285449058	Kocak	permutation	
3808.0	0.40017841759765105	Kocak	permutation	
3809.0	0.0062171974761229265	Kocak	permutation	
3810.0	0.1907873930512478	Kocak	permutation	
3811.0	0.0992230828898677	Kocak	permutation	
3812.0	-0.15060933930656084	Kocak	permutation	
3813.0	0.0407088197885388	Kocak	permutation	
3814.0	-0.25165855138827853	Kocak	permutation	
3815.0	0.3548598976439221	Kocak	permutation	
3816.0	-0.023424338414479884	Kocak	permutation	
3817.0	0.27464132800459407	Kocak	permutation	
3818.0	0.1322603141366292	Kocak	permutation	
3819.0	0.03692684143562541	Kocak	permutation	
3820.0	0.1692006408138278	Kocak	permutation	
3821.0	0.1787022393063884	Kocak	permutation	
3822.0	0.006699094542208961	Kocak	permutation	
3823.0	-0.08710242775705268	Kocak	permutation	
3824.0	0.05272834800803761	Kocak	permutation	
3825.0	0.05653105182079887	Kocak	permutation	
3826.0	0.2540802007815337	Kocak	permutation	
3827.0	-0.19027355711204574	Kocak	permutation	
3828.0	0.19464473545453664	Kocak	permutation	
3829.0	0.22623870001213753	Kocak	permutation	
3830.0	-0.20457731651433697	Kocak	permutation	
3831.0	0.14710342221561845	Kocak	permutation	
3832.0	0.2540694358150768	Kocak	permutation	
3833.0	0.40209763003267085	Kocak	permutation	
3834.0	0.12866280789682172	Kocak	permutation	
3835.0	-0.03599502492487616	Kocak	permutation	
3836.0	-0.041206481105723114	Kocak	permutation	
3837.0	0.3712719503622379	Kocak	permutation	
3838.0	-0.0682746479739933	Kocak	permutation	
3839.0	0.17528248011517444	Kocak	permutation	
3840.0	-0.18267989134916762	Kocak	permutation	
3841.0	0.25013453920489503	Kocak	permutation	
3842.0	-0.24333166719990906	Kocak	permutation	
3843.0	0.06740343471590649	Kocak	permutation	
3844.0	0.10314218936289876	Kocak	permutation	
3845.0	0.14671347055012163	Kocak	permutation	
3846.0	0.12127348670126548	Kocak	permutation	
3847.0	0.050251414605878786	Kocak	permutation	
3848.0	0.06364494652922126	Kocak	permutation	
3849.0	0.22445229118983434	Kocak	permutation	
3850.0	-0.17015583014206292	Kocak	permutation	
3851.0	-0.050585864855285934	Kocak	permutation	
3852.0	-0.09746364547341013	Kocak	permutation	
3853.0	0.2189809462492578	Kocak	permutation	
3854.0	0.17898622145963383	Kocak	permutation	
3855.0	0.2680757609961617	Kocak	permutation	
3856.0	0.05438994668184449	Kocak	permutation	
3857.0	0.17999350154858007	Kocak	permutation	
3858.0	-0.17581629602723314	Kocak	permutation	
3859.0	0.013893963161413225	Kocak	permutation	
3860.0	0.3224245643150345	Kocak	permutation	
3861.0	-0.1313568628073769	Kocak	permutation	
3862.0	0.18571486014606275	Kocak	permutation	
3863.0	0.17164885920846729	Kocak	permutation	
3864.0	-0.13443939237198865	Kocak	permutation	
3865.0	0.06907369749525483	Kocak	permutation	
3866.0	-0.19360604836694773	Kocak	permutation	
3867.0	0.025075419081686867	Kocak	permutation	
3868.0	-0.14634798012205774	Kocak	permutation	
3869.0	-0.06100544916519812	Kocak	permutation	
3870.0	0.11471500698262549	Kocak	permutation	
3871.0	0.263997807889516	Kocak	permutation	
3872.0	0.13552706918877444	Kocak	permutation	
3873.0	0.35121990424745864	Kocak	permutation	
3874.0	0.14317486342485441	Kocak	permutation	
3875.0	0.16052047286527493	Kocak	permutation	
3876.0	-0.12833567920414257	Kocak	permutation	
3877.0	0.05002470956630223	Kocak	permutation	
3878.0	0.26561104628711085	Kocak	permutation	
3879.0	-0.0644774774703869	Kocak	permutation	
3880.0	0.01257735529400339	Kocak	permutation	
3881.0	-0.29596772372023006	Kocak	permutation	
3882.0	-0.08002097728079072	Kocak	permutation	
3883.0	0.32544451255805473	Kocak	permutation	
3884.0	0.1765420082910989	Kocak	permutation	
3885.0	-0.09671520459676852	Kocak	permutation	
3886.0	0.10199421995595337	Kocak	permutation	
3887.0	-0.3599114580570988	Kocak	permutation	
3888.0	-0.024630131914985753	Kocak	permutation	
3889.0	0.30323623473559635	Kocak	permutation	
3890.0	-0.06046844221335945	Kocak	permutation	
3891.0	0.11419254290038872	Kocak	permutation	
3892.0	0.01178866742868312	Kocak	permutation	
3893.0	-0.0396915758601013	Kocak	permutation	
3894.0	0.02069192612692561	Kocak	permutation	
3895.0	-0.011244729161771438	Kocak	permutation	
3896.0	-0.08742592589830434	Kocak	permutation	
3897.0	0.41531193382744824	Kocak	permutation	
3898.0	-0.21592045970319562	Kocak	permutation	
3899.0	-0.18100346753287733	Kocak	permutation	
3900.0	0.1503668546949628	Kocak	permutation	
3901.0	-0.024352710309487158	Kocak	permutation	
3902.0	0.3792751082793222	Kocak	permutation	
3903.0	0.1328241425331358	Kocak	permutation	
3904.0	0.1906469722921873	Kocak	permutation	
3905.0	0.024668138581875	Kocak	permutation	
3906.0	0.21030815080256549	Kocak	permutation	
3907.0	0.08591689827179394	Kocak	permutation	
3908.0	-0.21881980959888514	Kocak	permutation	
3909.0	0.21986862544069563	Kocak	permutation	
3910.0	0.0638297228948339	Kocak	permutation	
3911.0	0.24754925352417878	Kocak	permutation	
3912.0	-0.07307702572331198	Kocak	permutation	
3913.0	0.16977440552137502	Kocak	permutation	
3914.0	-0.010598912983249775	Kocak	permutation	
3915.0	0.15185413744052134	Kocak	permutation	
3916.0	-0.28263240755440755	Kocak	permutation	
3917.0	0.06359931688905096	Kocak	permutation	
3918.0	0.01302430727060333	Kocak	permutation	
3919.0	-0.027698389316788585	Kocak	permutation	
3920.0	0.33246299622731623	Kocak	permutation	
3921.0	-0.5343002276706881	Kocak	permutation	
3922.0	0.34462258101807475	Kocak	permutation	
3923.0	0.13531638243569333	Kocak	permutation	
3924.0	-0.10114637439360852	Kocak	permutation	
3925.0	-0.32819429005362366	Kocak	permutation	
3926.0	0.0969861870796862	Kocak	permutation	
3927.0	-0.002767514097668844	Kocak	permutation	
3928.0	0.004041665587580567	Kocak	permutation	
3929.0	0.28456217743992696	Kocak	permutation	
3930.0	0.40615989075253367	Kocak	permutation	
3931.0	0.10193150099720594	Kocak	permutation	
3932.0	0.0012066299031525674	Kocak	permutation	
3933.0	0.1942847207737568	Kocak	permutation	
3934.0	0.25531704768248886	Kocak	permutation	
3935.0	0.07726152348435278	Kocak	permutation	
3936.0	0.16876149347805658	Kocak	permutation	
3937.0	0.26162436773358344	Kocak	permutation	
3938.0	-0.15220535072182706	Kocak	permutation	
3939.0	0.264432639433716	Kocak	permutation	
3940.0	0.3384458331978646	Kocak	permutation	
3941.0	0.03328518635391298	Kocak	permutation	
3942.0	0.22859587062860776	Kocak	permutation	
3943.0	-0.08701071611480682	Kocak	permutation	
3944.0	-0.061061183172246736	Kocak	permutation	
3945.0	0.14477022926491934	Kocak	permutation	
3946.0	0.15667665233149286	Kocak	permutation	
3947.0	0.10750387159035757	Kocak	permutation	
3948.0	0.020427941156302865	Kocak	permutation	
3949.0	0.050022285394729415	Kocak	permutation	
3950.0	0.021405947543149395	Kocak	permutation	
3951.0	0.12882984197242564	Kocak	permutation	
3952.0	0.2553320937871115	Kocak	permutation	
3953.0	0.5278079227425359	Kocak	permutation	
3954.0	0.11403182077431939	Kocak	permutation	
3955.0	0.12277688389571662	Kocak	permutation	
3956.0	-0.37542605271256324	Kocak	permutation	
3957.0	0.26311934998913244	Kocak	permutation	
3958.0	0.02959545834581867	Kocak	permutation	
3959.0	-0.23231195810727012	Kocak	permutation	
3960.0	0.22190209299290853	Kocak	permutation	
3961.0	-0.1223397794359613	Kocak	permutation	
3962.0	-0.14036551728537905	Kocak	permutation	
3963.0	-0.3282501305352854	Kocak	permutation	
3964.0	0.2043471927941516	Kocak	permutation	
3965.0	-0.20065849205202957	Kocak	permutation	
3966.0	-0.014962433486097382	Kocak	permutation	
3967.0	0.1115954516604587	Kocak	permutation	
3968.0	0.12534814069923694	Kocak	permutation	
3969.0	0.2490736419076054	Kocak	permutation	
3970.0	0.15741532862036323	Kocak	permutation	
3971.0	0.008258573825751014	Kocak	permutation	
3972.0	-0.07592141377099448	Kocak	permutation	
3973.0	-0.17684334222199283	Kocak	permutation	
3974.0	0.17252024529516774	Kocak	permutation	
3975.0	-0.21221728367979242	Kocak	permutation	
3976.0	-0.14518132548662344	Kocak	permutation	
3977.0	-0.004308165631949912	Kocak	permutation	
3978.0	-0.06746129613389851	Kocak	permutation	
3979.0	0.47582064593782203	Kocak	permutation	
3980.0	-0.3071730133869468	Kocak	permutation	
3981.0	-0.03695883666426081	Kocak	permutation	
3982.0	0.18171342217449826	Kocak	permutation	
3983.0	-0.37357454547559277	Kocak	permutation	
3984.0	0.34756166531273625	Kocak	permutation	
3985.0	-0.2672496876893158	Kocak	permutation	
3986.0	-0.1847392187386805	Kocak	permutation	
3987.0	0.1288905524115629	Kocak	permutation	
3988.0	0.04301478348607368	Kocak	permutation	
3989.0	-0.06394370876591893	Kocak	permutation	
3990.0	0.2136559523945678	Kocak	permutation	
3991.0	-0.14064082495454855	Kocak	permutation	
3992.0	0.053699699748562146	Kocak	permutation	
3993.0	0.14009408266621648	Kocak	permutation	
3994.0	0.513767774821952	Kocak	permutation	
3995.0	-0.07476253438437741	Kocak	permutation	
3996.0	-0.024978199033527382	Kocak	permutation	
3997.0	0.15060033217260926	Kocak	permutation	
3998.0	0.3303198552404858	Kocak	permutation	
3999.0	0.3495904933845688	Kocak	permutation	
4000.0	-0.17308204810640193	Kocak	permutation	
4001.0	0.10533721987907896	Kocak	permutation	
4002.0	-0.25556260996343827	Kocak	permutation	
4003.0	0.22418819798078626	Kocak	permutation	
4004.0	-0.002363713892904684	Kocak	permutation	
4005.0	0.24768679431813112	Kocak	permutation	
4006.0	-0.22099570809294855	Kocak	permutation	
4007.0	-0.11228401755836526	Kocak	permutation	
4008.0	0.008259311537242908	Kocak	permutation	
4009.0	-0.1743108065771577	Kocak	permutation	
4010.0	-0.25374252268536557	Kocak	permutation	
4011.0	-0.038112517595968676	Kocak	permutation	
4012.0	0.7590612008569799	Kocak	permutation	
4013.0	-0.1363081176528267	Kocak	permutation	
4014.0	0.17501705817904067	Kocak	permutation	
4015.0	0.26948614677322524	Kocak	permutation	
4016.0	0.0019135852603238135	Kocak	permutation	
4017.0	-0.2443444011402751	Kocak	permutation	
4018.0	0.03969363331458542	Kocak	permutation	
4019.0	0.4657166664112511	Kocak	permutation	
4020.0	-0.07342150651320978	Kocak	permutation	
4021.0	0.2053633371446102	Kocak	permutation	
4022.0	-0.1033912118483169	Kocak	permutation	
4023.0	-0.040946320915513645	Kocak	permutation	
4024.0	-0.29050675844250184	Kocak	permutation	
4025.0	-0.287769485504497	Kocak	permutation	
4026.0	-0.28716044810147023	Kocak	permutation	
4027.0	-0.0772457827905848	Kocak	permutation	
4028.0	0.05966959639102409	Kocak	permutation	
4029.0	0.25036588215457556	Kocak	permutation	
4030.0	0.4555954610030861	Kocak	permutation	
4031.0	0.011161572285205423	Kocak	permutation	
4032.0	-0.0987647572064061	Kocak	permutation	
4033.0	0.04376175131532456	Kocak	permutation	
4034.0	-0.06327020461400235	Kocak	permutation	
4035.0	-0.3073464379123245	Kocak	permutation	
4036.0	-0.16777623750034198	Kocak	permutation	
4037.0	-0.06599098059931041	Kocak	permutation	
4038.0	-0.16105565935703847	Kocak	permutation	
4039.0	0.2634160980378386	Kocak	permutation	
4040.0	0.14898986089023758	Kocak	permutation	
4041.0	0.1388382648681592	Kocak	permutation	
4042.0	-0.022723050389338084	Kocak	permutation	
4043.0	-0.02472102089375383	Kocak	permutation	
4044.0	0.09670502881044385	Kocak	permutation	
4045.0	0.07456510245979064	Kocak	permutation	
4046.0	0.1346865121976073	Kocak	permutation	
4047.0	0.11566099399557483	Kocak	permutation	
4048.0	-0.02525671910213667	Kocak	permutation	
4049.0	0.16118768184174304	Kocak	permutation	
4050.0	0.22842971262180978	Kocak	permutation	
4051.0	-0.0936569410779633	Kocak	permutation	
4052.0	0.12657060339597415	Kocak	permutation	
4053.0	-0.35190739621450184	Kocak	permutation	
4054.0	0.2813324065013916	Kocak	permutation	
4055.0	0.40099645960298513	Kocak	permutation	
4056.0	0.15526080815985832	Kocak	permutation	
4057.0	-0.19890397820586792	Kocak	permutation	
4058.0	0.28497713898135224	Kocak	permutation	
4059.0	-0.14529904298095353	Kocak	permutation	
4060.0	0.10131238891123129	Kocak	permutation	
4061.0	0.40118143385941796	Kocak	permutation	
4062.0	-0.23232058714151194	Kocak	permutation	
4063.0	0.02283542368101532	Kocak	permutation	
4064.0	0.18612522612326998	Kocak	permutation	
4065.0	0.3001186468326198	Kocak	permutation	
4066.0	-0.3158800041567442	Kocak	permutation	
4067.0	0.05601194205582516	Kocak	permutation	
4068.0	0.12176935448894355	Kocak	permutation	
4069.0	0.08021563626224992	Kocak	permutation	
4070.0	0.3895872439626862	Kocak	permutation	
4071.0	-0.015274203728547597	Kocak	permutation	
4072.0	-0.1924125820938234	Kocak	permutation	
4073.0	0.15519851474289226	Kocak	permutation	
4074.0	0.037431138216715176	Kocak	permutation	
4075.0	-0.02686709100867901	Kocak	permutation	
4076.0	-0.2437060473307313	Kocak	permutation	
4077.0	-0.03316511296232605	Kocak	permutation	
4078.0	-0.013083437667262388	Kocak	permutation	
4079.0	0.602692120646199	Kocak	permutation	
4080.0	0.009956964559454384	Kocak	permutation	
4081.0	0.10910316336476722	Kocak	permutation	
4082.0	-0.18052359019995068	Kocak	permutation	
4083.0	-0.054964081150465915	Kocak	permutation	
4084.0	0.19606182205017575	Kocak	permutation	
4085.0	0.014945943751458302	Kocak	permutation	
4086.0	0.21461028120441572	Kocak	permutation	
4087.0	0.27859344768560224	Kocak	permutation	
4088.0	-0.14160465885108664	Kocak	permutation	
4089.0	0.12349253336635879	Kocak	permutation	
4090.0	-0.144940918393476	Kocak	permutation	
4091.0	-0.018451411355398406	Kocak	permutation	
4092.0	0.15641639307452326	Kocak	permutation	
4093.0	0.05747843522028884	Kocak	permutation	
4094.0	0.1095750861357212	Kocak	permutation	
4095.0	0.11213021835890125	Kocak	permutation	
4096.0	0.05964948382936708	Kocak	permutation	
4097.0	-0.11036845943478024	Kocak	permutation	
4098.0	0.3145588379481108	Kocak	permutation	
4099.0	0.07819714248773568	Kocak	permutation	
4100.0	-0.046102459977149124	Kocak	permutation	
4101.0	-0.0406007052153754	Kocak	permutation	
4102.0	0.1434312887620166	Kocak	permutation	
4103.0	0.33347918558731937	Kocak	permutation	
4104.0	0.09412456971809124	Kocak	permutation	
4105.0	-0.003265262051722395	Kocak	permutation	
4106.0	0.26809897899161506	Kocak	permutation	
4107.0	0.2292847208396358	Kocak	permutation	
4108.0	-0.28841365763906035	Kocak	permutation	
4109.0	0.28751414283847954	Kocak	permutation	
4110.0	-0.056440755915288854	Kocak	permutation	
4111.0	-0.2326973033091302	Kocak	permutation	
4112.0	-0.021857825880878146	Kocak	permutation	
4113.0	-0.033371887795704325	Kocak	permutation	
4114.0	0.10150526968162055	Kocak	permutation	
4115.0	-0.3727459648123208	Kocak	permutation	
4116.0	-0.07620736061370259	Kocak	permutation	
4117.0	0.12872373903313594	Kocak	permutation	
4118.0	-0.14183699091496127	Kocak	permutation	
4119.0	0.11448384825627933	Kocak	permutation	
4120.0	-0.2005535957548914	Kocak	permutation	
4121.0	-0.010969633653550304	Kocak	permutation	
4122.0	0.15111180637424315	Kocak	permutation	
4123.0	0.14876683107528788	Kocak	permutation	
4124.0	0.5452781625063734	Kocak	permutation	
4125.0	0.1278148771240799	Kocak	permutation	
4126.0	-0.1733122785354464	Kocak	permutation	
4127.0	0.27918908007250565	Kocak	permutation	
4128.0	-0.06695315055653328	Kocak	permutation	
4129.0	0.08271803433331826	Kocak	permutation	
4130.0	0.31943773846871437	Kocak	permutation	
4131.0	-0.28041755031991356	Kocak	permutation	
4132.0	-0.26182225461018316	Kocak	permutation	
4133.0	-0.19215059956811897	Kocak	permutation	
4134.0	0.18731951473560304	Kocak	permutation	
4135.0	0.3441695064492114	Kocak	permutation	
4136.0	0.16382207506717084	Kocak	permutation	
4137.0	0.011394520282217435	Kocak	permutation	
4138.0	0.052041542291374476	Kocak	permutation	
4139.0	-0.033104113231868126	Kocak	permutation	
4140.0	0.053519314909733495	Kocak	permutation	
4141.0	0.004666859690268588	Kocak	permutation	
4142.0	-0.007412256336462697	Kocak	permutation	
4143.0	0.05737550217653631	Kocak	permutation	
4144.0	-0.30510730719836676	Kocak	permutation	
4145.0	-0.07721857988313818	Kocak	permutation	
4146.0	0.059039709010250796	Kocak	permutation	
4147.0	0.013803159558990252	Kocak	permutation	
4148.0	0.2660248005576369	Kocak	permutation	
4149.0	0.12024027119343916	Kocak	permutation	
4150.0	0.16607950337124766	Kocak	permutation	
4151.0	-0.2261122244024052	Kocak	permutation	
4152.0	-0.14538499679863826	Kocak	permutation	
4153.0	0.0894295022089171	Kocak	permutation	
4154.0	-0.07703468069097408	Kocak	permutation	
4155.0	-0.058117478081710416	Kocak	permutation	
4156.0	0.07291630315105646	Kocak	permutation	
4157.0	-0.24418693478829478	Kocak	permutation	
4158.0	0.3006484391621198	Kocak	permutation	
4159.0	0.2264709249276553	Kocak	permutation	
4160.0	0.23522003476041675	Kocak	permutation	
4161.0	0.24339458821472082	Kocak	permutation	
4162.0	-0.24018773779985336	Kocak	permutation	
4163.0	0.28439094271395327	Kocak	permutation	
4164.0	0.06774343376569725	Kocak	permutation	
4165.0	0.38168858318882215	Kocak	permutation	
4166.0	-0.26838213825324475	Kocak	permutation	
4167.0	0.2684875854107247	Kocak	permutation	
4168.0	0.015807861804904455	Kocak	permutation	
4169.0	-0.1407763903590311	Kocak	permutation	
4170.0	-0.19030253935268382	Kocak	permutation	
4171.0	0.46080109146664405	Kocak	permutation	
4172.0	0.055503983833126824	Kocak	permutation	
4173.0	-0.038388076525959214	Kocak	permutation	
4174.0	-0.4317984062654645	Kocak	permutation	
4175.0	0.08964241465550682	Kocak	permutation	
4176.0	-0.12819978013116362	Kocak	permutation	
4177.0	-0.14195097581916283	Kocak	permutation	
4178.0	0.3629413389148901	Kocak	permutation	
4179.0	-0.18800079611073484	Kocak	permutation	
4180.0	-0.25056130411700384	Kocak	permutation	
4181.0	0.24405441599284305	Kocak	permutation	
4182.0	0.27301264456456575	Kocak	permutation	
4183.0	-0.429252040464585	Kocak	permutation	
4184.0	0.19848635476068122	Kocak	permutation	
4185.0	-0.10806303873196477	Kocak	permutation	
4186.0	0.11297716561609761	Kocak	permutation	
4187.0	0.15547183829307087	Kocak	permutation	
4188.0	0.0945634739412542	Kocak	permutation	
4189.0	0.06923702946840304	Kocak	permutation	
4190.0	0.48464699603225814	Kocak	permutation	
4191.0	0.4933419913177035	Kocak	permutation	
4192.0	0.1284084096847522	Kocak	permutation	
4193.0	0.22053650270685132	Kocak	permutation	
4194.0	-0.06123985746924099	Kocak	permutation	
4195.0	0.18557920231578784	Kocak	permutation	
4196.0	0.07692231573533359	Kocak	permutation	
4197.0	-0.035823290179331835	Kocak	permutation	
4198.0	-0.012370017373374509	Kocak	permutation	
4199.0	-0.06972933650041124	Kocak	permutation	
4200.0	0.5353468238758854	Kocak	permutation	
4201.0	0.14880850306249283	Kocak	permutation	
4202.0	0.14374246457543993	Kocak	permutation	
4203.0	0.3439194259346854	Kocak	permutation	
4204.0	-0.05201245193932014	Kocak	permutation	
4205.0	-0.07016676129667498	Kocak	permutation	
4206.0	0.2106300385219253	Kocak	permutation	
4207.0	0.08218738848881468	Kocak	permutation	
4208.0	0.13394769389462624	Kocak	permutation	
4209.0	0.2727995274623929	Kocak	permutation	
4210.0	0.10020279141069821	Kocak	permutation	
4211.0	-0.03860347434508338	Kocak	permutation	
4212.0	-0.3902256327052349	Kocak	permutation	
4213.0	0.31996145867615056	Kocak	permutation	
4214.0	0.0005038918510917867	Kocak	permutation	
4215.0	0.11967244805747157	Kocak	permutation	
4216.0	0.14347136132651261	Kocak	permutation	
4217.0	0.262666382619714	Kocak	permutation	
4218.0	-0.15105475841183225	Kocak	permutation	
4219.0	-0.17365707265848496	Kocak	permutation	
4220.0	0.10702121719525337	Kocak	permutation	
4221.0	-0.026662863852359386	Kocak	permutation	
4222.0	0.13763830911126895	Kocak	permutation	
4223.0	0.08255763088350054	Kocak	permutation	
4224.0	-0.09304840510636225	Kocak	permutation	
4225.0	0.13744247084042627	Kocak	permutation	
4226.0	-0.22183603651163342	Kocak	permutation	
4227.0	-0.04462127859902765	Kocak	permutation	
4228.0	-0.07028986498131662	Kocak	permutation	
4229.0	0.3076194535283232	Kocak	permutation	
4230.0	0.2632457657831937	Kocak	permutation	
4231.0	0.38849430532992013	Kocak	permutation	
4232.0	-0.18269271888225935	Kocak	permutation	
4233.0	0.3995526659821147	Kocak	permutation	
4234.0	0.024863648324466858	Kocak	permutation	
4235.0	0.07152523118480136	Kocak	permutation	
4236.0	0.3421713764643908	Kocak	permutation	
4237.0	-0.0879533328094455	Kocak	permutation	
4238.0	-0.060236166115798184	Kocak	permutation	
4239.0	-0.042435166472696295	Kocak	permutation	
4240.0	0.11647732251622589	Kocak	permutation	
4241.0	0.11575900767900649	Kocak	permutation	
4242.0	0.06894438725242313	Kocak	permutation	
4243.0	-0.1246269910240283	Kocak	permutation	
4244.0	0.09780918302771546	Kocak	permutation	
4245.0	0.20742784631633615	Kocak	permutation	
4246.0	-0.27345633280907444	Kocak	permutation	
4247.0	0.31284047245658986	Kocak	permutation	
4248.0	0.19383096621916351	Kocak	permutation	
4249.0	0.25624031700465455	Kocak	permutation	
4250.0	-0.17497377819668358	Kocak	permutation	
4251.0	-0.0020668728175268214	Kocak	permutation	
4252.0	0.10319222248283655	Kocak	permutation	
4253.0	-0.02112005006050577	Kocak	permutation	
4254.0	0.24233302732485118	Kocak	permutation	
4255.0	0.2968627466037814	Kocak	permutation	
4256.0	0.0626837751365672	Kocak	permutation	
4257.0	0.06571831309349818	Kocak	permutation	
4258.0	-0.2258328595024155	Kocak	permutation	
4259.0	-0.04914589689307469	Kocak	permutation	
4260.0	0.4767406663671059	Kocak	permutation	
4261.0	0.1588742685280442	Kocak	permutation	
4262.0	0.05673841708203131	Kocak	permutation	
4263.0	0.22532873434442813	Kocak	permutation	
4264.0	-0.1527806464645387	Kocak	permutation	
4265.0	0.05487914689236284	Kocak	permutation	
4266.0	0.2795537273103905	Kocak	permutation	
4267.0	0.10687840068883947	Kocak	permutation	
4268.0	0.19312815482966972	Kocak	permutation	
4269.0	0.04221948943460685	Kocak	permutation	
4270.0	-0.06757635481491775	Kocak	permutation	
4271.0	-0.10878952605192804	Kocak	permutation	
4272.0	0.003019387799058748	Kocak	permutation	
4273.0	0.019644707859544752	Kocak	permutation	
4274.0	0.06121241096721608	Kocak	permutation	
4275.0	0.16544617870391676	Kocak	permutation	
4276.0	0.37084190115000215	Kocak	permutation	
4277.0	0.05242092475379856	Kocak	permutation	
4278.0	-0.11507735505520511	Kocak	permutation	
4279.0	-0.12127956337368406	Kocak	permutation	
4280.0	0.19907742317841226	Kocak	permutation	
4281.0	0.2365225187923583	Kocak	permutation	
4282.0	0.2721831186005712	Kocak	permutation	
4283.0	-0.16516207739795874	Kocak	permutation	
4284.0	0.30541491447159697	Kocak	permutation	
4285.0	0.04329608331514834	Kocak	permutation	
4286.0	-0.16702699704509083	Kocak	permutation	
4287.0	0.12458857917433885	Kocak	permutation	
4288.0	-0.3796750217536373	Kocak	permutation	
4289.0	-0.1643814788879956	Kocak	permutation	
4290.0	0.0002487167797804446	Kocak	permutation	
4291.0	0.040996340592746705	Kocak	permutation	
4292.0	0.09314344627292392	Kocak	permutation	
4293.0	-0.1354255968263729	Kocak	permutation	
4294.0	0.0024826340951662473	Kocak	permutation	
4295.0	0.020222146231276383	Kocak	permutation	
4296.0	-0.12175625833783066	Kocak	permutation	
4297.0	-0.44230006907501496	Kocak	permutation	
4298.0	0.08659407326299906	Kocak	permutation	
4299.0	0.07841798032632852	Kocak	permutation	
4300.0	0.1491221091864965	Kocak	permutation	
4301.0	-0.3841937497135022	Kocak	permutation	
4302.0	-0.15134568264856618	Kocak	permutation	
4303.0	0.23582908323676932	Kocak	permutation	
4304.0	0.07778347954603682	Kocak	permutation	
4305.0	0.1601914169797114	Kocak	permutation	
4306.0	0.23006343487693925	Kocak	permutation	
4307.0	0.05737337943169152	Kocak	permutation	
4308.0	0.04403819813850074	Kocak	permutation	
4309.0	-0.08423940961871956	Kocak	permutation	
4310.0	0.03893641667580283	Kocak	permutation	
4311.0	-0.1192856829557547	Kocak	permutation	
4312.0	0.00434073050276762	Kocak	permutation	
4313.0	-0.16793530726183548	Kocak	permutation	
4314.0	0.30399169336286036	Kocak	permutation	
4315.0	0.4475844688583823	Kocak	permutation	
4316.0	0.029941688172645087	Kocak	permutation	
4317.0	0.12139333496592286	Kocak	permutation	
4318.0	-0.11672982909008489	Kocak	permutation	
4319.0	-0.021436433653365228	Kocak	permutation	
4320.0	-0.18330515400712777	Kocak	permutation	
4321.0	0.1938642892912199	Kocak	permutation	
4322.0	-0.0659427408221136	Kocak	permutation	
4323.0	-0.39689307785061834	Kocak	permutation	
4324.0	-0.15458177865110834	Kocak	permutation	
4325.0	0.13617232021947778	Kocak	permutation	
4326.0	0.17744242000546517	Kocak	permutation	
4327.0	0.3275475789556985	Kocak	permutation	
4328.0	-0.0015154550535028122	Kocak	permutation	
4329.0	0.07125862167664465	Kocak	permutation	
4330.0	0.06272145501125692	Kocak	permutation	
4331.0	-0.2873385873596237	Kocak	permutation	
4332.0	-0.17267148422025302	Kocak	permutation	
4333.0	-0.014771697261371841	Kocak	permutation	
4334.0	0.08200539688438369	Kocak	permutation	
4335.0	0.2438955825546989	Kocak	permutation	
4336.0	-0.37535200697483395	Kocak	permutation	
4337.0	0.32977040042572003	Kocak	permutation	
4338.0	0.17908617043787967	Kocak	permutation	
4339.0	0.3437766770631123	Kocak	permutation	
4340.0	-0.21869728645794417	Kocak	permutation	
4341.0	0.035359948078422576	Kocak	permutation	
4342.0	-0.16021880686662548	Kocak	permutation	
4343.0	0.18079486061136496	Kocak	permutation	
4344.0	-0.4095464553787189	Kocak	permutation	
4345.0	-0.0935360696207912	Kocak	permutation	
4346.0	-0.07370410612385214	Kocak	permutation	
4347.0	0.02339428949118716	Kocak	permutation	
4348.0	0.3774647280278991	Kocak	permutation	
4349.0	0.09082863727841595	Kocak	permutation	
4350.0	0.005017120180621504	Kocak	permutation	
4351.0	0.15029673616995343	Kocak	permutation	
4352.0	0.292903515168045	Kocak	permutation	
4353.0	0.20282324129513452	Kocak	permutation	
4354.0	0.023474648230764394	Kocak	permutation	
4355.0	0.02451255169534683	Kocak	permutation	
4356.0	0.04784859540013642	Kocak	permutation	
4357.0	-0.10700410373496361	Kocak	permutation	
4358.0	-0.19321606157615445	Kocak	permutation	
4359.0	-0.2411022993183023	Kocak	permutation	
4360.0	0.09763113596153161	Kocak	permutation	
4361.0	-0.010188280878775657	Kocak	permutation	
4362.0	0.08114656943260012	Kocak	permutation	
4363.0	0.016662262802383587	Kocak	permutation	
4364.0	-0.051398123324516654	Kocak	permutation	
4365.0	0.018207177072918412	Kocak	permutation	
4366.0	0.0070361572755262	Kocak	permutation	
4367.0	-0.05927681026282805	Kocak	permutation	
4368.0	-0.20325265805975645	Kocak	permutation	
4369.0	0.26093212825745393	Kocak	permutation	
4370.0	0.14002701782013283	Kocak	permutation	
4371.0	0.2146519121255519	Kocak	permutation	
4372.0	0.14844382861645133	Kocak	permutation	
4373.0	-0.34459083989494355	Kocak	permutation	
4374.0	0.03633705049842462	Kocak	permutation	
4375.0	0.37665904702025976	Kocak	permutation	
4376.0	0.11657760345409951	Kocak	permutation	
4377.0	0.16042967683686093	Kocak	permutation	
4378.0	0.2918951677916377	Kocak	permutation	
4379.0	-0.15191959955641376	Kocak	permutation	
4380.0	0.2560584996907638	Kocak	permutation	
4381.0	-0.08617319986606375	Kocak	permutation	
4382.0	0.4076853658414832	Kocak	permutation	
4383.0	0.13887116992303117	Kocak	permutation	
4384.0	0.2499510870270436	Kocak	permutation	
4385.0	0.213664565946714	Kocak	permutation	
4386.0	-0.21589694886318478	Kocak	permutation	
4387.0	0.10045782681693893	Kocak	permutation	
4388.0	0.017272833753995798	Kocak	permutation	
4389.0	0.34297555824823167	Kocak	permutation	
4390.0	-0.32280153245749776	Kocak	permutation	
4391.0	-0.11007854336196665	Kocak	permutation	
4392.0	0.21295446395286355	Kocak	permutation	
4393.0	0.016202426685744342	Kocak	permutation	
4394.0	0.19888029534707385	Kocak	permutation	
4395.0	0.060762697582958936	Kocak	permutation	
4396.0	0.1801269663925158	Kocak	permutation	
4397.0	0.3182298321663053	Kocak	permutation	
4398.0	-0.5502529379475014	Kocak	permutation	
4399.0	0.051458862819477424	Kocak	permutation	
4400.0	0.18344195478218417	Kocak	permutation	
4401.0	0.018486064958564086	Kocak	permutation	
4402.0	0.4765742070063963	Kocak	permutation	
4403.0	-0.29198472567148803	Kocak	permutation	
4404.0	-0.03288965118174847	Kocak	permutation	
4405.0	0.12330851986021596	Kocak	permutation	
4406.0	-0.07003319256564389	Kocak	permutation	
4407.0	0.2834783241490433	Kocak	permutation	
4408.0	-0.33373308963117676	Kocak	permutation	
4409.0	0.02441968041922493	Kocak	permutation	
4410.0	-0.03169604625699307	Kocak	permutation	
4411.0	-0.0335895517519571	Kocak	permutation	
4412.0	-0.14525764957822052	Kocak	permutation	
4413.0	0.19628142701592743	Kocak	permutation	
4414.0	-0.04614836103254749	Kocak	permutation	
4415.0	0.28849629179625147	Kocak	permutation	
4416.0	0.22162288769449479	Kocak	permutation	
4417.0	-0.15578396933392913	Kocak	permutation	
4418.0	-0.11843110075459329	Kocak	permutation	
4419.0	-0.055958563269270734	Kocak	permutation	
4420.0	0.05747031585991991	Kocak	permutation	
4421.0	0.27269343808814916	Kocak	permutation	
4422.0	0.34620720573344954	Kocak	permutation	
4423.0	0.24593697294202244	Kocak	permutation	
4424.0	0.194435352464013	Kocak	permutation	
4425.0	0.03382963213953971	Kocak	permutation	
4426.0	-0.10044066866567825	Kocak	permutation	
4427.0	0.39597486937858495	Kocak	permutation	
4428.0	0.20631125925677374	Kocak	permutation	
4429.0	-0.009358565577952227	Kocak	permutation	
4430.0	0.338506790325769	Kocak	permutation	
4431.0	0.2901784395056852	Kocak	permutation	
4432.0	0.2954272459022462	Kocak	permutation	
4433.0	-0.0666411302163663	Kocak	permutation	
4434.0	0.5268587327250804	Kocak	permutation	
4435.0	0.04909643259845442	Kocak	permutation	
4436.0	0.23216380609481302	Kocak	permutation	
4437.0	-0.12298473301236346	Kocak	permutation	
4438.0	0.08311100421836493	Kocak	permutation	
4439.0	0.05548541032454413	Kocak	permutation	
4440.0	0.11205294941598609	Kocak	permutation	
4441.0	-0.1905102828863825	Kocak	permutation	
4442.0	0.1114063540455561	Kocak	permutation	
4443.0	-0.23296233517157683	Kocak	permutation	
4444.0	0.15535229795301397	Kocak	permutation	
4445.0	0.17904488140586583	Kocak	permutation	
4446.0	-0.26181859968831	Kocak	permutation	
4447.0	0.16001459588252764	Kocak	permutation	
4448.0	-0.12118289907624469	Kocak	permutation	
4449.0	-0.008350659128869786	Kocak	permutation	
4450.0	0.5699516693849791	Kocak	permutation	
4451.0	-0.08154558795068656	Kocak	permutation	
4452.0	0.33075066194847746	Kocak	permutation	
4453.0	-0.16139120453866962	Kocak	permutation	
4454.0	0.20452544405946416	Kocak	permutation	
4455.0	-0.5234513018822735	Kocak	permutation	
4456.0	-0.18410025765262938	Kocak	permutation	
4457.0	0.2849599335135826	Kocak	permutation	
4458.0	-0.15213321845335503	Kocak	permutation	
4459.0	0.47862150522207436	Kocak	permutation	
4460.0	-0.017175478942156097	Kocak	permutation	
4461.0	0.11223607546967251	Kocak	permutation	
4462.0	-0.07036116855230556	Kocak	permutation	
4463.0	0.17901236990782898	Kocak	permutation	
4464.0	-0.0474143242811218	Kocak	permutation	
4465.0	-0.01761058472180821	Kocak	permutation	
4466.0	0.17884326274811801	Kocak	permutation	
4467.0	-0.10262119151399318	Kocak	permutation	
4468.0	-0.10208110388048741	Kocak	permutation	
4469.0	-0.007951794437631499	Kocak	permutation	
4470.0	0.01247784986048206	Kocak	permutation	
4471.0	-0.2819186203411137	Kocak	permutation	
4472.0	0.20734308187544048	Kocak	permutation	
4473.0	0.019429778897009697	Kocak	permutation	
4474.0	0.20573315392434033	Kocak	permutation	
4475.0	-0.018140140187338893	Kocak	permutation	
4476.0	0.15355825737527606	Kocak	permutation	
4477.0	0.4953882083055996	Kocak	permutation	
4478.0	0.2908142752105993	Kocak	permutation	
4479.0	0.19042601376816304	Kocak	permutation	
4480.0	-0.24390373292264256	Kocak	permutation	
4481.0	-0.14895969250251717	Kocak	permutation	
4482.0	0.14015540175459318	Kocak	permutation	
4483.0	-0.03871533113956804	Kocak	permutation	
4484.0	0.2080864331275043	Kocak	permutation	
4485.0	0.00766155457175266	Kocak	permutation	
4486.0	0.013210926687108326	Kocak	permutation	
4487.0	-0.02456124347488675	Kocak	permutation	
4488.0	-0.24952969172404194	Kocak	permutation	
4489.0	0.012974025677252143	Kocak	permutation	
4490.0	-0.07105887002594624	Kocak	permutation	
4491.0	0.40782085150973746	Kocak	permutation	
4492.0	-0.16436603603292754	Kocak	permutation	
4493.0	0.12927953391251812	Kocak	permutation	
4494.0	-0.1899025714416216	Kocak	permutation	
4495.0	0.5009340556165336	Kocak	permutation	
4496.0	0.11976111715034321	Kocak	permutation	
4497.0	0.2755029036126677	Kocak	permutation	
4498.0	0.2940523993143751	Kocak	permutation	
4499.0	0.2076906783484187	Kocak	permutation	
4500.0	-0.17994985972004995	Kocak	permutation	
4501.0	0.030392354472226657	Kocak	permutation	
4502.0	0.34698476374449516	Kocak	permutation	
4503.0	0.2515539759628451	Kocak	permutation	
4504.0	-0.11926646671731866	Kocak	permutation	
4505.0	0.1146011989321769	Kocak	permutation	
4506.0	0.08167849600091959	Kocak	permutation	
4507.0	-0.24259709514637962	Kocak	permutation	
4508.0	0.3669018314951096	Kocak	permutation	
4509.0	0.014471058670149084	Kocak	permutation	
4510.0	-0.06321131840162497	Kocak	permutation	
4511.0	0.10172317462867486	Kocak	permutation	
4512.0	0.2904977171294778	Kocak	permutation	
4513.0	0.03246078996151969	Kocak	permutation	
4514.0	0.4886009886103393	Kocak	permutation	
4515.0	0.29211945228491043	Kocak	permutation	
4516.0	-0.08206397959394085	Kocak	permutation	
4517.0	-0.2890023511903981	Kocak	permutation	
4518.0	0.24307644227683411	Kocak	permutation	
4519.0	-0.30656100394428254	Kocak	permutation	
4520.0	-0.10449757604932142	Kocak	permutation	
4521.0	0.23848523038266212	Kocak	permutation	
4522.0	0.33208902320406164	Kocak	permutation	
4523.0	-0.07673915013589205	Kocak	permutation	
4524.0	0.22556531805957736	Kocak	permutation	
4525.0	0.1948244683239988	Kocak	permutation	
4526.0	0.16229914988994842	Kocak	permutation	
4527.0	0.04532940705419275	Kocak	permutation	
4528.0	0.04986328462752798	Kocak	permutation	
4529.0	-0.24371658207147284	Kocak	permutation	
4530.0	0.13754816951561288	Kocak	permutation	
4531.0	-0.15671662815401266	Kocak	permutation	
4532.0	0.03192382707252861	Kocak	permutation	
4533.0	-0.17286167718742185	Kocak	permutation	
4534.0	0.308258351067896	Kocak	permutation	
4535.0	0.26755910984062226	Kocak	permutation	
4536.0	0.3210044935459093	Kocak	permutation	
4537.0	0.24071917893765526	Kocak	permutation	
4538.0	-0.13832639773356714	Kocak	permutation	
4539.0	0.1732111546334263	Kocak	permutation	
4540.0	0.5169352106474676	Kocak	permutation	
4541.0	0.03115360108246712	Kocak	permutation	
4542.0	-0.05942913887213841	Kocak	permutation	
4543.0	0.2148061662277332	Kocak	permutation	
4544.0	0.13365184585401302	Kocak	permutation	
4545.0	0.08924622209870225	Kocak	permutation	
4546.0	-0.22663937707518	Kocak	permutation	
4547.0	0.09917658718044908	Kocak	permutation	
4548.0	-0.12412039977485723	Kocak	permutation	
4549.0	0.15290489405651986	Kocak	permutation	
4550.0	-0.2414022932403923	Kocak	permutation	
4551.0	0.1699473129079303	Kocak	permutation	
4552.0	-0.30802092693782335	Kocak	permutation	
4553.0	-0.29676039036097634	Kocak	permutation	
4554.0	0.4107312982047642	Kocak	permutation	
4555.0	0.30495374241725326	Kocak	permutation	
4556.0	0.1595856703861509	Kocak	permutation	
4557.0	-0.5136205867239174	Kocak	permutation	
4558.0	0.09452779524126953	Kocak	permutation	
4559.0	-0.28943491145232203	Kocak	permutation	
4560.0	-0.021876597169649514	Kocak	permutation	
4561.0	0.5613672615377316	Kocak	permutation	
4562.0	0.02433298963575581	Kocak	permutation	
4563.0	-0.1145771940570679	Kocak	permutation	
4564.0	-0.12318834962723546	Kocak	permutation	
4565.0	-0.1164442432513697	Kocak	permutation	
4566.0	-0.08890959493332584	Kocak	permutation	
4567.0	-0.06538441273406637	Kocak	permutation	
4568.0	0.14050337594606255	Kocak	permutation	
4569.0	0.40789153596448635	Kocak	permutation	
4570.0	0.11745922533752928	Kocak	permutation	
4571.0	0.0704000671221241	Kocak	permutation	
4572.0	0.15075216800353886	Kocak	permutation	
4573.0	-0.04183243148254778	Kocak	permutation	
4574.0	0.017319851977655176	Kocak	permutation	
4575.0	0.18176166403369187	Kocak	permutation	
4576.0	0.0024540269962152195	Kocak	permutation	
4577.0	0.36088613367587197	Kocak	permutation	
4578.0	-0.15608151666178927	Kocak	permutation	
4579.0	0.1915704848492492	Kocak	permutation	
4580.0	-0.030764403466521095	Kocak	permutation	
4581.0	-0.4604380653558291	Kocak	permutation	
4582.0	-0.0021152379015809686	Kocak	permutation	
4583.0	0.12959495689394984	Kocak	permutation	
4584.0	0.08394696470700858	Kocak	permutation	
4585.0	-0.002724295095522855	Kocak	permutation	
4586.0	-0.24292060559636486	Kocak	permutation	
4587.0	0.18457740213125096	Kocak	permutation	
4588.0	0.12718666329934436	Kocak	permutation	
4589.0	0.22891162488851613	Kocak	permutation	
4590.0	-0.2899083416128394	Kocak	permutation	
4591.0	0.2024415444837766	Kocak	permutation	
4592.0	-0.3886460260739222	Kocak	permutation	
4593.0	0.20523891296469543	Kocak	permutation	
4594.0	0.017306250781791377	Kocak	permutation	
4595.0	0.021427955597055792	Kocak	permutation	
4596.0	0.007382762834794221	Kocak	permutation	
4597.0	-0.03028766862214116	Kocak	permutation	
4598.0	0.353201554401533	Kocak	permutation	
4599.0	0.37403458900711684	Kocak	permutation	
4600.0	0.06629367528728647	Kocak	permutation	
4601.0	0.13253699170489242	Kocak	permutation	
4602.0	0.23628554743378238	Kocak	permutation	
4603.0	-0.13384871305987645	Kocak	permutation	
4604.0	0.0058820449693257615	Kocak	permutation	
4605.0	0.07594719014969531	Kocak	permutation	
4606.0	0.17421996682355978	Kocak	permutation	
4607.0	0.04222875761116551	Kocak	permutation	
4608.0	0.10008593710671754	Kocak	permutation	
4609.0	0.019253760445796964	Kocak	permutation	
4610.0	0.18087186348414974	Kocak	permutation	
4611.0	0.042006060841639936	Kocak	permutation	
4612.0	0.22743879986676596	Kocak	permutation	
4613.0	0.30682765849710325	Kocak	permutation	
4614.0	0.05192150500923809	Kocak	permutation	
4615.0	0.0016906573522001977	Kocak	permutation	
4616.0	0.2352150771741064	Kocak	permutation	
4617.0	0.12827011815528078	Kocak	permutation	
4618.0	0.3212850530665934	Kocak	permutation	
4619.0	0.45036103536580185	Kocak	permutation	
4620.0	0.04312371629607181	Kocak	permutation	
4621.0	0.29319304290409676	Kocak	permutation	
4622.0	0.32688232640005044	Kocak	permutation	
4623.0	0.20094260516291218	Kocak	permutation	
4624.0	-0.2420542747870642	Kocak	permutation	
4625.0	0.130069982523338	Kocak	permutation	
4626.0	0.10769677889025431	Kocak	permutation	
4627.0	-0.01645049420000877	Kocak	permutation	
4628.0	0.07149699876531557	Kocak	permutation	
4629.0	0.019504201110239094	Kocak	permutation	
4630.0	-0.11092458467803645	Kocak	permutation	
4631.0	0.07506665662684053	Kocak	permutation	
4632.0	0.12501562476105477	Kocak	permutation	
4633.0	0.019403266108909634	Kocak	permutation	
4634.0	-0.11208393852278409	Kocak	permutation	
4635.0	-0.27411380961508147	Kocak	permutation	
4636.0	-0.6251262143621803	Kocak	permutation	
4637.0	0.004887344837407603	Kocak	permutation	
4638.0	-0.2739075596025824	Kocak	permutation	
4639.0	-0.21910461879970633	Kocak	permutation	
4640.0	0.036711620336713935	Kocak	permutation	
4641.0	-0.12933981123779859	Kocak	permutation	
4642.0	-0.025216769721429166	Kocak	permutation	
4643.0	-0.266809145129836	Kocak	permutation	
4644.0	0.12183947960304664	Kocak	permutation	
4645.0	0.22471346286128568	Kocak	permutation	
4646.0	0.21514155077093466	Kocak	permutation	
4647.0	0.12113007167821621	Kocak	permutation	
4648.0	0.3358490438906072	Kocak	permutation	
4649.0	0.3661250152715567	Kocak	permutation	
4650.0	0.11671596081791247	Kocak	permutation	
4651.0	-0.035809293859860425	Kocak	permutation	
4652.0	-0.01933885188596207	Kocak	permutation	
4653.0	0.033986686698164625	Kocak	permutation	
4654.0	-0.22223659224895487	Kocak	permutation	
4655.0	0.19008803017131992	Kocak	permutation	
4656.0	0.2513714307051824	Kocak	permutation	
4657.0	0.2783970696107563	Kocak	permutation	
4658.0	0.18035879114826692	Kocak	permutation	
4659.0	-0.04970878565663028	Kocak	permutation	
4660.0	0.2560104209985079	Kocak	permutation	
4661.0	0.1966652395554931	Kocak	permutation	
4662.0	-0.04763433996342492	Kocak	permutation	
4663.0	-0.006985761470529539	Kocak	permutation	
4664.0	-0.06842901030416648	Kocak	permutation	
4665.0	-0.1232382589163743	Kocak	permutation	
4666.0	-0.005060996916265381	Kocak	permutation	
4667.0	-0.3418309269635196	Kocak	permutation	
4668.0	0.22550887467438496	Kocak	permutation	
4669.0	-0.007145218127863728	Kocak	permutation	
4670.0	0.5413428476266908	Kocak	permutation	
4671.0	0.001700033484364205	Kocak	permutation	
4672.0	-0.15982130745795153	Kocak	permutation	
4673.0	-0.33158912417539543	Kocak	permutation	
4674.0	-0.15713628816878522	Kocak	permutation	
4675.0	0.2995762179888626	Kocak	permutation	
4676.0	-0.2195621931471714	Kocak	permutation	
4677.0	0.12343872332282668	Kocak	permutation	
4678.0	-0.24140935416972775	Kocak	permutation	
4679.0	-0.0441909188229932	Kocak	permutation	
4680.0	-0.1767247996033654	Kocak	permutation	
4681.0	0.08005682671714975	Kocak	permutation	
4682.0	-0.09394118967827136	Kocak	permutation	
4683.0	0.2711832886446093	Kocak	permutation	
4684.0	0.07553717963289142	Kocak	permutation	
4685.0	0.07971561316222431	Kocak	permutation	
4686.0	-0.02759068884587368	Kocak	permutation	
4687.0	0.05774939290212178	Kocak	permutation	
4688.0	0.14004090435923544	Kocak	permutation	
4689.0	-0.21096728834483391	Kocak	permutation	
4690.0	-0.03840590587795489	Kocak	permutation	
4691.0	-0.2547227482536596	Kocak	permutation	
4692.0	-0.08216699400269611	Kocak	permutation	
4693.0	-0.17199700852938715	Kocak	permutation	
4694.0	0.12290838473235777	Kocak	permutation	
4695.0	0.19406482023245264	Kocak	permutation	
4696.0	0.10111643699334572	Kocak	permutation	
4697.0	0.1743514290946866	Kocak	permutation	
4698.0	0.07572439497482808	Kocak	permutation	
4699.0	-0.09235946372683834	Kocak	permutation	
4700.0	-0.10857265734906552	Kocak	permutation	
4701.0	0.13344673183741662	Kocak	permutation	
4702.0	-0.4105339586165231	Kocak	permutation	
4703.0	-0.09360264294305409	Kocak	permutation	
4704.0	-0.08124703944057465	Kocak	permutation	
4705.0	0.4114833765779169	Kocak	permutation	
4706.0	-0.0918371679615051	Kocak	permutation	
4707.0	0.13858540835026556	Kocak	permutation	
4708.0	-0.18883558217890162	Kocak	permutation	
4709.0	-0.22671021195140018	Kocak	permutation	
4710.0	0.5005138577724884	Kocak	permutation	
4711.0	0.36914318101780985	Kocak	permutation	
4712.0	0.17334178718695803	Kocak	permutation	
4713.0	0.0822766415820011	Kocak	permutation	
4714.0	0.12788204395590963	Kocak	permutation	
4715.0	0.007533734414528759	Kocak	permutation	
4716.0	0.061366332163360404	Kocak	permutation	
4717.0	-0.01982758618570113	Kocak	permutation	
4718.0	0.10574305864129574	Kocak	permutation	
4719.0	0.07888475208034951	Kocak	permutation	
4720.0	0.31050682863421475	Kocak	permutation	
4721.0	-0.3559987457596434	Kocak	permutation	
4722.0	0.04627275366228556	Kocak	permutation	
4723.0	0.28242909087796964	Kocak	permutation	
4724.0	0.21808821095519626	Kocak	permutation	
4725.0	-0.2347392512792581	Kocak	permutation	
4726.0	-0.03567209827049478	Kocak	permutation	
4727.0	-0.05947847299108222	Kocak	permutation	
4728.0	0.027350737615138954	Kocak	permutation	
4729.0	0.06029586918770047	Kocak	permutation	
4730.0	0.17261071125103644	Kocak	permutation	
4731.0	0.019102425564956782	Kocak	permutation	
4732.0	-0.2097803067521573	Kocak	permutation	
4733.0	0.15246863679378997	Kocak	permutation	
4734.0	-0.30148398872757687	Kocak	permutation	
4735.0	-0.08632005197801895	Kocak	permutation	
4736.0	0.31409305209938587	Kocak	permutation	
4737.0	0.3115126295229471	Kocak	permutation	
4738.0	0.09907810713472553	Kocak	permutation	
4739.0	0.06784622904333837	Kocak	permutation	
4740.0	-0.020271900142919463	Kocak	permutation	
4741.0	-0.09293171024035463	Kocak	permutation	
4742.0	0.10920157868218006	Kocak	permutation	
4743.0	0.11867272255127848	Kocak	permutation	
4744.0	0.12101386283047066	Kocak	permutation	
4745.0	0.05375199312878731	Kocak	permutation	
4746.0	0.03180227340549546	Kocak	permutation	
4747.0	0.22335933207652747	Kocak	permutation	
4748.0	0.18625267563209125	Kocak	permutation	
4749.0	0.30445458704386485	Kocak	permutation	
4750.0	0.151511394669539	Kocak	permutation	
4751.0	0.23046950899366614	Kocak	permutation	
4752.0	0.15196347068159088	Kocak	permutation	
4753.0	0.03810042525315005	Kocak	permutation	
4754.0	-0.0260151897524743	Kocak	permutation	
4755.0	0.39114388227103625	Kocak	permutation	
4756.0	-0.33469338552336936	Kocak	permutation	
4757.0	-0.23166668775390642	Kocak	permutation	
4758.0	0.3714736470778286	Kocak	permutation	
4759.0	0.12515610998065885	Kocak	permutation	
4760.0	0.15014736226631697	Kocak	permutation	
4761.0	0.08229622822499039	Kocak	permutation	
4762.0	-0.3191681578816028	Kocak	permutation	
4763.0	0.03674204235042833	Kocak	permutation	
4764.0	-0.06100940530116805	Kocak	permutation	
4765.0	0.27234925562438583	Kocak	permutation	
4766.0	0.14595328019593268	Kocak	permutation	
4767.0	-0.003650564570799375	Kocak	permutation	
4768.0	0.08745309127730305	Kocak	permutation	
4769.0	-0.26856717882737025	Kocak	permutation	
4770.0	-0.34052496102814533	Kocak	permutation	
4771.0	0.18644229299521253	Kocak	permutation	
4772.0	-0.11654552690636866	Kocak	permutation	
4773.0	0.2728695526670455	Kocak	permutation	
4774.0	0.09241278320622026	Kocak	permutation	
4775.0	0.26901193045617156	Kocak	permutation	
4776.0	0.11402602684988583	Kocak	permutation	
4777.0	-0.08591582306988688	Kocak	permutation	
4778.0	0.4130645631692964	Kocak	permutation	
4779.0	-0.007407526556240107	Kocak	permutation	
4780.0	0.17383636856121232	Kocak	permutation	
4781.0	0.06934153547984234	Kocak	permutation	
4782.0	0.27546001300781775	Kocak	permutation	
4783.0	-0.0001242505998657606	Kocak	permutation	
4784.0	-0.2546175004203919	Kocak	permutation	
4785.0	0.043914357124984704	Kocak	permutation	
4786.0	0.09933928777235757	Kocak	permutation	
4787.0	0.07437855870477339	Kocak	permutation	
4788.0	0.15429878411366005	Kocak	permutation	
4789.0	-0.15596067493179255	Kocak	permutation	
4790.0	-0.23693592350930803	Kocak	permutation	
4791.0	-0.09581337544239865	Kocak	permutation	
4792.0	0.11437793810529673	Kocak	permutation	
4793.0	-0.047623254819190386	Kocak	permutation	
4794.0	-0.04570123532783299	Kocak	permutation	
4795.0	0.023609601602202268	Kocak	permutation	
4796.0	-0.21421296968580927	Kocak	permutation	
4797.0	0.21235508685918258	Kocak	permutation	
4798.0	0.2664236365553476	Kocak	permutation	
4799.0	-0.19402789319113412	Kocak	permutation	
4800.0	0.4355696973947554	Kocak	permutation	
4801.0	0.18657717859463396	Kocak	permutation	
4802.0	0.19449803044324376	Kocak	permutation	
4803.0	-0.12639945551863807	Kocak	permutation	
4804.0	-0.15731233761871	Kocak	permutation	
4805.0	0.1711175482035392	Kocak	permutation	
4806.0	-0.1373340552199096	Kocak	permutation	
4807.0	-0.1751656682144116	Kocak	permutation	
4808.0	-0.355549700710617	Kocak	permutation	
4809.0	0.2513585978912012	Kocak	permutation	
4810.0	0.009714111183062535	Kocak	permutation	
4811.0	0.06772202821826934	Kocak	permutation	
4812.0	-0.14129590534519654	Kocak	permutation	
4813.0	-0.06002830738487486	Kocak	permutation	
4814.0	-0.1455922405876482	Kocak	permutation	
4815.0	-0.17890149564624025	Kocak	permutation	
4816.0	0.20875100214698428	Kocak	permutation	
4817.0	-0.021470901941191833	Kocak	permutation	
4818.0	0.057945668427747954	Kocak	permutation	
4819.0	-0.007459150575261475	Kocak	permutation	
4820.0	0.21093701835249057	Kocak	permutation	
4821.0	0.1761222782814338	Kocak	permutation	
4822.0	0.2727414013070373	Kocak	permutation	
4823.0	-0.06582051939955225	Kocak	permutation	
4824.0	0.10712130244498752	Kocak	permutation	
4825.0	0.22959130708639286	Kocak	permutation	
4826.0	0.26640517550239995	Kocak	permutation	
4827.0	0.019367784188339066	Kocak	permutation	
4828.0	0.13328459533421189	Kocak	permutation	
4829.0	0.017666131498423	Kocak	permutation	
4830.0	0.21583793027245957	Kocak	permutation	
4831.0	0.1077656546029031	Kocak	permutation	
4832.0	-0.012393837942770602	Kocak	permutation	
4833.0	0.23212043116508418	Kocak	permutation	
4834.0	-0.050339370829071584	Kocak	permutation	
4835.0	0.152304210279131	Kocak	permutation	
4836.0	0.18393781998868697	Kocak	permutation	
4837.0	0.12444996283885956	Kocak	permutation	
4838.0	0.2707453894328191	Kocak	permutation	
4839.0	0.2534727327004571	Kocak	permutation	
4840.0	0.40418579742013705	Kocak	permutation	
4841.0	0.2167625904835413	Kocak	permutation	
4842.0	-0.14000699089984092	Kocak	permutation	
4843.0	0.15995867107523498	Kocak	permutation	
4844.0	-0.022976960698755988	Kocak	permutation	
4845.0	0.2552430945054205	Kocak	permutation	
4846.0	0.41603608647811896	Kocak	permutation	
4847.0	0.4155431305402342	Kocak	permutation	
4848.0	-0.17817115820872687	Kocak	permutation	
4849.0	0.3336876285049204	Kocak	permutation	
4850.0	-0.0574649222481991	Kocak	permutation	
4851.0	0.006289658445113311	Kocak	permutation	
4852.0	0.08615921040726437	Kocak	permutation	
4853.0	0.2868571940577551	Kocak	permutation	
4854.0	0.273418050049953	Kocak	permutation	
4855.0	0.2532256882765269	Kocak	permutation	
4856.0	0.09413064501568158	Kocak	permutation	
4857.0	0.0968684449536994	Kocak	permutation	
4858.0	-0.06363139706935783	Kocak	permutation	
4859.0	-0.09250247651346477	Kocak	permutation	
4860.0	-0.20517926369086537	Kocak	permutation	
4861.0	-0.47681270348700133	Kocak	permutation	
4862.0	0.27460042953657293	Kocak	permutation	
4863.0	-0.33304045265702786	Kocak	permutation	
4864.0	0.24627022050998182	Kocak	permutation	
4865.0	-0.2753052988936493	Kocak	permutation	
4866.0	0.1239734174516034	Kocak	permutation	
4867.0	-0.2029570696392642	Kocak	permutation	
4868.0	0.0030871803314598267	Kocak	permutation	
4869.0	-0.20123125580027468	Kocak	permutation	
4870.0	-0.00901091152745348	Kocak	permutation	
4871.0	0.16792233267267154	Kocak	permutation	
4872.0	0.01979507283838	Kocak	permutation	
4873.0	-0.05181168074025688	Kocak	permutation	
4874.0	0.057044917025769415	Kocak	permutation	
4875.0	0.043576200055601255	Kocak	permutation	
4876.0	0.1636636859509828	Kocak	permutation	
4877.0	-0.00853135765110924	Kocak	permutation	
4878.0	0.08411860680945171	Kocak	permutation	
4879.0	0.026084919437016296	Kocak	permutation	
4880.0	-0.07685468589675892	Kocak	permutation	
4881.0	0.0509275727466143	Kocak	permutation	
4882.0	0.19712731511479653	Kocak	permutation	
4883.0	-0.0030376370402818154	Kocak	permutation	
4884.0	0.03392506190038169	Kocak	permutation	
4885.0	0.4267528712717299	Kocak	permutation	
4886.0	-0.13325728118820734	Kocak	permutation	
4887.0	0.17951015630560985	Kocak	permutation	
4888.0	0.003869280283016252	Kocak	permutation	
4889.0	0.01641823932450137	Kocak	permutation	
4890.0	0.34190741234596445	Kocak	permutation	
4891.0	0.22977437387652433	Kocak	permutation	
4892.0	0.2667060779064627	Kocak	permutation	
4893.0	0.0008243331829405065	Kocak	permutation	
4894.0	0.16262365125927136	Kocak	permutation	
4895.0	-0.029040149686779593	Kocak	permutation	
4896.0	0.11206054339017957	Kocak	permutation	
4897.0	-0.20071565942969327	Kocak	permutation	
4898.0	-0.12220893450306836	Kocak	permutation	
4899.0	0.0010803722888672596	Kocak	permutation	
4900.0	-0.005847014173078868	Kocak	permutation	
4901.0	0.1714884275752251	Kocak	permutation	
4902.0	-0.008667511253472426	Kocak	permutation	
4903.0	0.11252505914436917	Kocak	permutation	
4904.0	0.3250753431595479	Kocak	permutation	
4905.0	0.018841059495780854	Kocak	permutation	
4906.0	0.03524405462488822	Kocak	permutation	
4907.0	0.016808295309967747	Kocak	permutation	
4908.0	0.5421725034097742	Kocak	permutation	
4909.0	0.21444122685348077	Kocak	permutation	
4910.0	-0.0029321818369396624	Kocak	permutation	
4911.0	-0.2726210348281879	Kocak	permutation	
4912.0	0.3614069866537202	Kocak	permutation	
4913.0	0.006505647579023055	Kocak	permutation	
4914.0	0.09619413137520905	Kocak	permutation	
4915.0	0.11203468970189423	Kocak	permutation	
4916.0	0.2397854337045997	Kocak	permutation	
4917.0	0.31793555161386955	Kocak	permutation	
4918.0	0.23373455925026754	Kocak	permutation	
4919.0	-0.08623771629375643	Kocak	permutation	
4920.0	0.09446666340944532	Kocak	permutation	
4921.0	0.05015354064745736	Kocak	permutation	
4922.0	0.0211488118015124	Kocak	permutation	
4923.0	-0.07847748062694393	Kocak	permutation	
4924.0	0.48507558209518287	Kocak	permutation	
4925.0	-0.025798004840687838	Kocak	permutation	
4926.0	0.25244912994072344	Kocak	permutation	
4927.0	0.06726824494236983	Kocak	permutation	
4928.0	0.3210167341599304	Kocak	permutation	
4929.0	0.1324341034547567	Kocak	permutation	
4930.0	0.09887959874429164	Kocak	permutation	
4931.0	0.1910253473013599	Kocak	permutation	
4932.0	-0.0949070083120569	Kocak	permutation	
4933.0	0.10994874823710976	Kocak	permutation	
4934.0	-0.05608569143553854	Kocak	permutation	
4935.0	0.4121993045140977	Kocak	permutation	
4936.0	0.44655930324406157	Kocak	permutation	
4937.0	0.18008145503846507	Kocak	permutation	
4938.0	0.244307979001392	Kocak	permutation	
4939.0	-0.11890015388307162	Kocak	permutation	
4940.0	-0.0469762426177196	Kocak	permutation	
4941.0	-0.005334894109473076	Kocak	permutation	
4942.0	0.2297287880046781	Kocak	permutation	
4943.0	0.2795861166903171	Kocak	permutation	
4944.0	-0.18059669396043088	Kocak	permutation	
4945.0	-0.030957694776490463	Kocak	permutation	
4946.0	0.059765615671250494	Kocak	permutation	
4947.0	-0.02735586420317304	Kocak	permutation	
4948.0	0.040737820724068285	Kocak	permutation	
4949.0	0.1821954952026772	Kocak	permutation	
4950.0	-0.10176953322881843	Kocak	permutation	
4951.0	0.3240458757751137	Kocak	permutation	
4952.0	0.30144381153297495	Kocak	permutation	
4953.0	-0.326122482380629	Kocak	permutation	
4954.0	0.07193242095896135	Kocak	permutation	
4955.0	0.03665498597797878	Kocak	permutation	
4956.0	0.06460283490490948	Kocak	permutation	
4957.0	0.16975671658447933	Kocak	permutation	
4958.0	0.0820265653178156	Kocak	permutation	
4959.0	0.014282903673452196	Kocak	permutation	
4960.0	-0.07574508020445592	Kocak	permutation	
4961.0	0.4564024216288409	Kocak	permutation	
4962.0	-0.18850351949118327	Kocak	permutation	
4963.0	-0.11136637910609348	Kocak	permutation	
4964.0	-0.13227875679234558	Kocak	permutation	
4965.0	-0.21609206194820185	Kocak	permutation	
4966.0	-0.06324265568045018	Kocak	permutation	
4967.0	0.20474803772171057	Kocak	permutation	
4968.0	0.1693209514586318	Kocak	permutation	
4969.0	0.1707227541368841	Kocak	permutation	
4970.0	-0.31039817289432126	Kocak	permutation	
4971.0	0.20097484509610908	Kocak	permutation	
4972.0	0.02039917425770632	Kocak	permutation	
4973.0	0.11069341103237917	Kocak	permutation	
4974.0	0.3094951855200003	Kocak	permutation	
4975.0	0.14933468554062213	Kocak	permutation	
4976.0	0.19917345883508908	Kocak	permutation	
4977.0	0.047647034437192204	Kocak	permutation	
4978.0	0.18321338872673465	Kocak	permutation	
4979.0	0.2704067948534279	Kocak	permutation	
4980.0	-0.030007090456042995	Kocak	permutation	
4981.0	0.38571218564417364	Kocak	permutation	
4982.0	0.11075799532171704	Kocak	permutation	
4983.0	0.02494991093955168	Kocak	permutation	
4984.0	-0.1469724678796469	Kocak	permutation	
4985.0	-0.17240674082604723	Kocak	permutation	
4986.0	0.024240283649876737	Kocak	permutation	
4987.0	0.11481036179079496	Kocak	permutation	
4988.0	0.15261892833372492	Kocak	permutation	
4989.0	-0.33360297755921664	Kocak	permutation	
4990.0	0.05713162213099121	Kocak	permutation	
4991.0	0.25044863953059515	Kocak	permutation	
4992.0	0.11824297774341375	Kocak	permutation	
4993.0	0.2193421426415174	Kocak	permutation	
4994.0	-0.20655582213119894	Kocak	permutation	
4995.0	0.17282491671332245	Kocak	permutation	
4996.0	0.1274015750772266	Kocak	permutation	
4997.0	0.2776628498147966	Kocak	permutation	
4998.0	0.1878714439077438	Kocak	permutation	
4999.0	-0.11043630989201958	Kocak	permutation	
5000.0	0.07907108656847939	Kocak	permutation	
	0.18390824294907482	Kocak	bootstrap	1.0
	0.006758212603244829	Kocak	bootstrap	2.0
	0.07598385850209599	Kocak	bootstrap	3.0
	0.07750001750274116	Kocak	bootstrap	4.0
	-0.010266229887541556	Kocak	bootstrap	5.0
	0.19251965765082701	Kocak	bootstrap	6.0
	-0.07624686531703251	Kocak	bootstrap	7.0
	-0.06365338078082683	Kocak	bootstrap	8.0
	0.18745269219159866	Kocak	bootstrap	9.0
	0.04768322417585935	Kocak	bootstrap	10.0
	0.10917932417706044	Kocak	bootstrap	11.0
	0.015350807212842987	Kocak	bootstrap	12.0
	0.18924403134855616	Kocak	bootstrap	13.0
	-0.03274917273104627	Kocak	bootstrap	14.0
	-0.011753786398037036	Kocak	bootstrap	15.0
	0.02998469360478584	Kocak	bootstrap	16.0
	-0.12075954280274281	Kocak	bootstrap	17.0
	-0.20101966222676015	Kocak	bootstrap	18.0
	-0.2915222457764215	Kocak	bootstrap	19.0
	0.1535965389351519	Kocak	bootstrap	20.0
	-0.1744563458786148	Kocak	bootstrap	21.0
	0.3317021076354978	Kocak	bootstrap	22.0
	0.24194953620275417	Kocak	bootstrap	23.0
	-0.35536071339832764	Kocak	bootstrap	24.0
	0.041912831048335875	Kocak	bootstrap	25.0
	0.05427200725318038	Kocak	bootstrap	26.0
	0.042194159051613056	Kocak	bootstrap	27.0
	0.05418900017655304	Kocak	bootstrap	28.0
	0.29933844974056534	Kocak	bootstrap	29.0
	0.11599226788590844	Kocak	bootstrap	30.0
	-0.14437400048067062	Kocak	bootstrap	31.0
	-0.27771105559398723	Kocak	bootstrap	32.0
	0.08196718786685953	Kocak	bootstrap	33.0
	0.13948427048971013	Kocak	bootstrap	34.0
	0.2019170500391878	Kocak	bootstrap	35.0
	0.14906706369009548	Kocak	bootstrap	36.0
	0.03349814135580864	Kocak	bootstrap	37.0
	0.09200899967811527	Kocak	bootstrap	38.0
	0.23856710139359816	Kocak	bootstrap	39.0
	-0.13390331965334745	Kocak	bootstrap	40.0
	-0.20132537884258106	Kocak	bootstrap	41.0
	0.1708575752771333	Kocak	bootstrap	42.0
	-0.16668785288719956	Kocak	bootstrap	43.0
	0.1293794655891798	Kocak	bootstrap	44.0
	0.26185781656050544	Kocak	bootstrap	45.0
	0.015181673102455662	Kocak	bootstrap	46.0
	0.2805140171702485	Kocak	bootstrap	47.0
	0.12975920367936933	Kocak	bootstrap	48.0
	0.29729076409480193	Kocak	bootstrap	49.0
	-0.008728836544504404	Kocak	bootstrap	50.0
	0.20116405508163826	Kocak	bootstrap	51.0
	-0.10495638344117886	Kocak	bootstrap	52.0
	-0.14163129182112577	Kocak	bootstrap	53.0
	0.43371332526526807	Kocak	bootstrap	54.0
	-0.4236223339405978	Kocak	bootstrap	55.0
	0.16999361496788268	Kocak	bootstrap	56.0
	0.05645288908560353	Kocak	bootstrap	57.0
	-0.32784664567897437	Kocak	bootstrap	58.0
	0.6730761489466595	Kocak	bootstrap	59.0
	0.3612531869420321	Kocak	bootstrap	60.0
	-0.07585276197459745	Kocak	bootstrap	61.0
	-0.03223658875078694	Kocak	bootstrap	62.0
	-0.021979442215913636	Kocak	bootstrap	63.0
	0.22030128817036587	Kocak	bootstrap	64.0
	0.4760866253335765	Kocak	bootstrap	65.0
	0.24720982200082098	Kocak	bootstrap	66.0
	0.16074918173990138	Kocak	bootstrap	67.0
	0.09604248592144415	Kocak	bootstrap	68.0
	0.12598721857700035	Kocak	bootstrap	69.0
	-0.20109196213027403	Kocak	bootstrap	70.0
	0.2621124186125847	Kocak	bootstrap	71.0
	0.12375156996209835	Kocak	bootstrap	72.0
	0.1622058792882921	Kocak	bootstrap	73.0
	0.08132389225354242	Kocak	bootstrap	74.0
	0.35385590654710875	Kocak	bootstrap	75.0
	0.07461763757048256	Kocak	bootstrap	76.0
	0.04460771554645504	Kocak	bootstrap	77.0
	0.07585216848893239	Kocak	bootstrap	78.0
	0.33284314879502297	Kocak	bootstrap	79.0
	-0.04907521800199355	Kocak	bootstrap	80.0
	-0.14710755078371474	Kocak	bootstrap	81.0
	-0.4588956962392481	Kocak	bootstrap	82.0
	-0.07232006019112447	Kocak	bootstrap	83.0
	-0.1738023230184247	Kocak	bootstrap	84.0
	0.06933408287506637	Kocak	bootstrap	85.0
	-0.13918959331366	Kocak	bootstrap	86.0
	-0.08533894932159036	Kocak	bootstrap	87.0
	0.36789398008622776	Kocak	bootstrap	88.0
	0.13790527178029954	Kocak	bootstrap	89.0
	0.19363946962985423	Kocak	bootstrap	90.0
	0.2865103119987884	Kocak	bootstrap	91.0
	0.267426041867064	Kocak	bootstrap	92.0
	0.2680751394141474	Kocak	bootstrap	93.0
	0.25575527450292235	Kocak	bootstrap	94.0
	0.5555511558841086	Kocak	bootstrap	95.0
	0.005310564964319475	Kocak	bootstrap	96.0
	0.3389546906888432	Kocak	bootstrap	97.0
	0.204712470226319	Kocak	bootstrap	98.0
	-0.20464989478759632	Kocak	bootstrap	99.0
	0.0614309530636552	Kocak	bootstrap	100.0
	-0.16409021050238382	Kocak	bootstrap	101.0
	0.13041096202320546	Kocak	bootstrap	102.0
	0.18391211903158666	Kocak	bootstrap	103.0
	-0.4223993745029273	Kocak	bootstrap	104.0
	0.399853781774981	Kocak	bootstrap	105.0
	-0.49570730976784905	Kocak	bootstrap	106.0
	0.0681672777170732	Kocak	bootstrap	107.0
	-0.1489040143856024	Kocak	bootstrap	108.0
	-0.06041602933331003	Kocak	bootstrap	109.0
	0.0007103183416976577	Kocak	bootstrap	110.0
	0.25269655336577035	Kocak	bootstrap	111.0
	0.33427030991999285	Kocak	bootstrap	112.0
	0.281852484169562	Kocak	bootstrap	113.0
	0.14426422228397673	Kocak	bootstrap	114.0
	0.1730758574903124	Kocak	bootstrap	115.0
	0.16700786091361408	Kocak	bootstrap	116.0
	-0.14082785816016585	Kocak	bootstrap	117.0
	0.3223089638847094	Kocak	bootstrap	118.0
	0.22600160486690246	Kocak	bootstrap	119.0
	-0.1792280778323323	Kocak	bootstrap	120.0
	0.2121269324516959	Kocak	bootstrap	121.0
	0.39901414312213035	Kocak	bootstrap	122.0
	0.07419943036946197	Kocak	bootstrap	123.0
	0.13112915244971646	Kocak	bootstrap	124.0
	0.282467971633781	Kocak	bootstrap	125.0
	0.11004714771850033	Kocak	bootstrap	126.0
	0.09533997011098982	Kocak	bootstrap	127.0
	-0.16439441134158495	Kocak	bootstrap	128.0
	-0.3262369814791719	Kocak	bootstrap	129.0
	0.10915146385684249	Kocak	bootstrap	130.0
	0.13102494516484775	Kocak	bootstrap	131.0
	0.3622315033736463	Kocak	bootstrap	132.0
	0.3981013721891884	Kocak	bootstrap	133.0
	0.21944668312986249	Kocak	bootstrap	134.0
	0.2853096808792319	Kocak	bootstrap	135.0
	0.11276689797046924	Kocak	bootstrap	136.0
	0.4175215929350715	Kocak	bootstrap	137.0
	0.373191583178361	Kocak	bootstrap	138.0
	0.2517191006779047	Kocak	bootstrap	139.0
	0.33816849311947106	Kocak	bootstrap	140.0
	0.269660076429421	Kocak	bootstrap	141.0
	0.26041724285596146	Kocak	bootstrap	142.0
	0.1710451718129553	Kocak	bootstrap	143.0
	0.09762919264188685	Kocak	bootstrap	144.0
	0.13094814863270443	Kocak	bootstrap	145.0
	0.2808010530526275	Kocak	bootstrap	146.0
	0.14486428922960837	Kocak	bootstrap	147.0
	-0.2361742516630123	Kocak	bootstrap	148.0
	0.37463883695246913	Kocak	bootstrap	149.0
	0.24070347904359402	Kocak	bootstrap	150.0
	0.0981635040359432	Kocak	bootstrap	151.0
	0.18063261127890406	Kocak	bootstrap	152.0
	-0.07021805639077794	Kocak	bootstrap	153.0
	-0.47044179939310693	Kocak	bootstrap	154.0
	-0.03234793303815575	Kocak	bootstrap	155.0
	0.12609154304235215	Kocak	bootstrap	156.0
	-0.2034274882542153	Kocak	bootstrap	157.0
	0.0028528596089918423	Kocak	bootstrap	158.0
	0.1623905451069012	Kocak	bootstrap	159.0
	0.05983225660775915	Kocak	bootstrap	160.0
	0.4331155731976377	Kocak	bootstrap	161.0
	0.052965702840277906	Kocak	bootstrap	162.0
	0.30824543104875435	Kocak	bootstrap	163.0
	0.17067709500297124	Kocak	bootstrap	164.0
	0.1194794332642406	Kocak	bootstrap	165.0
	0.42289846171914336	Kocak	bootstrap	166.0
	-0.10418667537068682	Kocak	bootstrap	167.0
	0.014057794739627205	Kocak	bootstrap	168.0
	0.34733718066950026	Kocak	bootstrap	169.0
	0.11569346164470318	Kocak	bootstrap	170.0
	0.1559768596573785	Kocak	bootstrap	171.0
	0.1086310253774716	Kocak	bootstrap	172.0
	0.16194705561964007	Kocak	bootstrap	173.0
	0.498900506093257	Kocak	bootstrap	174.0
	-0.1383556272022659	Kocak	bootstrap	175.0
	0.5072183800233558	Kocak	bootstrap	176.0
	-0.10264345844495892	Kocak	bootstrap	177.0
	0.12476852968738772	Kocak	bootstrap	178.0
	-0.42729513265356633	Kocak	bootstrap	179.0
	0.1990503141911013	Kocak	bootstrap	180.0
	-0.11745017196584406	Kocak	bootstrap	181.0
	-0.07796789273625393	Kocak	bootstrap	182.0
	0.16632028881483674	Kocak	bootstrap	183.0
	-0.18264848870706807	Kocak	bootstrap	184.0
	0.23765019815044575	Kocak	bootstrap	185.0
	0.39566373637720176	Kocak	bootstrap	186.0
	0.13235563634106384	Kocak	bootstrap	187.0
	0.26400466868254924	Kocak	bootstrap	188.0
	-0.21445451727971232	Kocak	bootstrap	189.0
	0.15938389691229116	Kocak	bootstrap	190.0
	0.2148392982665932	Kocak	bootstrap	191.0
	0.3570813005608082	Kocak	bootstrap	192.0
	0.11397727687070347	Kocak	bootstrap	193.0
	0.3025774580417977	Kocak	bootstrap	194.0
	0.027152936069535727	Kocak	bootstrap	195.0
	0.43323292872812225	Kocak	bootstrap	196.0
	-0.04126800546516751	Kocak	bootstrap	197.0
	0.10827707930242791	Kocak	bootstrap	198.0
	-0.3019994107741373	Kocak	bootstrap	199.0
	0.2438971789497817	Kocak	bootstrap	200.0
	0.4254965726609248	Kocak	bootstrap	201.0
	0.17604832949596982	Kocak	bootstrap	202.0
	-0.13311729857358046	Kocak	bootstrap	203.0
	0.4013570914368936	Kocak	bootstrap	204.0
	0.08594441568889444	Kocak	bootstrap	205.0
	0.2510903422981796	Kocak	bootstrap	206.0
	-0.04189581496991579	Kocak	bootstrap	207.0
	0.2591835481226621	Kocak	bootstrap	208.0
	0.18361215818282073	Kocak	bootstrap	209.0
	0.10358931905564717	Kocak	bootstrap	210.0
	0.10754722308613474	Kocak	bootstrap	211.0
	0.12093906867469428	Kocak	bootstrap	212.0
	-0.05133895682329648	Kocak	bootstrap	213.0
	-0.027529505190223347	Kocak	bootstrap	214.0
	0.11499633161956879	Kocak	bootstrap	215.0
	0.10903447448451331	Kocak	bootstrap	216.0
	-0.014598841765312898	Kocak	bootstrap	217.0
	0.417666517825908	Kocak	bootstrap	218.0
	0.10476471234559881	Kocak	bootstrap	219.0
	0.2830239002818278	Kocak	bootstrap	220.0
	-0.2669899515862597	Kocak	bootstrap	221.0
	0.5305578166652607	Kocak	bootstrap	222.0
	-0.08895881015941853	Kocak	bootstrap	223.0
	-0.009972359049942092	Kocak	bootstrap	224.0
	0.17159821025704236	Kocak	bootstrap	225.0
	0.07357711933128463	Kocak	bootstrap	226.0
	-0.06198650294299313	Kocak	bootstrap	227.0
	-0.11409489069126977	Kocak	bootstrap	228.0
	0.33176449534122465	Kocak	bootstrap	229.0
	0.14110230474585528	Kocak	bootstrap	230.0
	0.19015338861173436	Kocak	bootstrap	231.0
	-0.003060499740402456	Kocak	bootstrap	232.0
	-0.19276169162084678	Kocak	bootstrap	233.0
	0.25505200223705327	Kocak	bootstrap	234.0
	0.07416540237785707	Kocak	bootstrap	235.0
	0.0723250625816041	Kocak	bootstrap	236.0
	-0.02471583397580357	Kocak	bootstrap	237.0
	0.2058481269131045	Kocak	bootstrap	238.0
	0.11782411691891337	Kocak	bootstrap	239.0
	-0.00523337412790692	Kocak	bootstrap	240.0
	0.006466731710123241	Kocak	bootstrap	241.0
	0.24374038665980002	Kocak	bootstrap	242.0
	-0.15484273634638068	Kocak	bootstrap	243.0
	0.24395594838940138	Kocak	bootstrap	244.0
	0.23413208522479945	Kocak	bootstrap	245.0
	0.008587185620013926	Kocak	bootstrap	246.0
	0.2696251460512604	Kocak	bootstrap	247.0
	0.3977432682513369	Kocak	bootstrap	248.0
	0.11718210472446522	Kocak	bootstrap	249.0
	-0.05207545782088019	Kocak	bootstrap	250.0
	0.25272499165061557	Kocak	bootstrap	251.0
	0.09486876691727275	Kocak	bootstrap	252.0
	0.07124725976926705	Kocak	bootstrap	253.0
	0.17260877242118777	Kocak	bootstrap	254.0
	0.31702498982149585	Kocak	bootstrap	255.0
	-0.030035936855994372	Kocak	bootstrap	256.0
	0.1008998430974195	Kocak	bootstrap	257.0
	0.19231073147038913	Kocak	bootstrap	258.0
	0.002983909813146113	Kocak	bootstrap	259.0
	0.24931359684955545	Kocak	bootstrap	260.0
	0.08518404168949445	Kocak	bootstrap	261.0
	0.1407555776441347	Kocak	bootstrap	262.0
	-0.05317628066238278	Kocak	bootstrap	263.0
	0.2772514808644022	Kocak	bootstrap	264.0
	0.13922136978069322	Kocak	bootstrap	265.0
	-0.18222634801640192	Kocak	bootstrap	266.0
	-0.2723644194974906	Kocak	bootstrap	267.0
	0.08533118244884097	Kocak	bootstrap	268.0
	0.24170117174975037	Kocak	bootstrap	269.0
	0.06274580938426588	Kocak	bootstrap	270.0
	0.2720322219646487	Kocak	bootstrap	271.0
	0.47746520749679	Kocak	bootstrap	272.0
	0.16814577518161222	Kocak	bootstrap	273.0
	0.32073003444266135	Kocak	bootstrap	274.0
	0.09535279202592406	Kocak	bootstrap	275.0
	0.30792741555472336	Kocak	bootstrap	276.0
	0.15050089819279133	Kocak	bootstrap	277.0
	-0.0029701207515708816	Kocak	bootstrap	278.0
	0.16863368630356224	Kocak	bootstrap	279.0
	0.2899531856399902	Kocak	bootstrap	280.0
	0.0631719971619571	Kocak	bootstrap	281.0
	0.003022728609345826	Kocak	bootstrap	282.0
	0.36365354294160657	Kocak	bootstrap	283.0
	0.31795778188342183	Kocak	bootstrap	284.0
	0.37188350378164525	Kocak	bootstrap	285.0
	0.1666890773083205	Kocak	bootstrap	286.0
	0.18575542929699296	Kocak	bootstrap	287.0
	-0.18492317682691795	Kocak	bootstrap	288.0
	0.30668708175651815	Kocak	bootstrap	289.0
	0.29129919676336247	Kocak	bootstrap	290.0
	0.5031715737814286	Kocak	bootstrap	291.0
	0.1380420206658739	Kocak	bootstrap	292.0
	0.0033293386161590277	Kocak	bootstrap	293.0
	0.3571162683086335	Kocak	bootstrap	294.0
	0.006499537799160571	Kocak	bootstrap	295.0
	0.25087726186783854	Kocak	bootstrap	296.0
	0.1741107131999975	Kocak	bootstrap	297.0
	-0.07603780006456073	Kocak	bootstrap	298.0
	0.10221005049707177	Kocak	bootstrap	299.0
	0.2968917381867051	Kocak	bootstrap	300.0
	0.2829532313580554	Kocak	bootstrap	301.0
	-0.2136036170643254	Kocak	bootstrap	302.0
	0.11295361961532091	Kocak	bootstrap	303.0
	0.379744432626131	Kocak	bootstrap	304.0
	0.1609984113660463	Kocak	bootstrap	305.0
	0.32403598736535244	Kocak	bootstrap	306.0
	-0.309870192121076	Kocak	bootstrap	307.0
	-0.3501164189564099	Kocak	bootstrap	308.0
	0.3919503867868954	Kocak	bootstrap	309.0
	0.2644334758143003	Kocak	bootstrap	310.0
	-0.19583030863468665	Kocak	bootstrap	311.0
	0.232548316886664	Kocak	bootstrap	312.0
	0.026604059600280117	Kocak	bootstrap	313.0
	0.14304276325288168	Kocak	bootstrap	314.0
	-0.25152515317066815	Kocak	bootstrap	315.0
	0.36035473367650983	Kocak	bootstrap	316.0
	0.22190031245013309	Kocak	bootstrap	317.0
	0.26843960213063234	Kocak	bootstrap	318.0
	-0.13284366004342285	Kocak	bootstrap	319.0
	-0.39277969756281284	Kocak	bootstrap	320.0
	0.0317562553968731	Kocak	bootstrap	321.0
	-0.1866793433273335	Kocak	bootstrap	322.0
	0.22536199146986213	Kocak	bootstrap	323.0
	-0.12587625743278252	Kocak	bootstrap	324.0
	-0.08102708641324785	Kocak	bootstrap	325.0
	0.1359019035963991	Kocak	bootstrap	326.0
	-0.1522076155231753	Kocak	bootstrap	327.0
	0.20571370528400834	Kocak	bootstrap	328.0
	-0.037463044136107015	Kocak	bootstrap	329.0
	0.21323965028292768	Kocak	bootstrap	330.0
	0.2087702078141307	Kocak	bootstrap	331.0
	-0.2652788077065007	Kocak	bootstrap	332.0
	0.18884181842641468	Kocak	bootstrap	333.0
	-0.09013513706851572	Kocak	bootstrap	334.0
	-0.06514399420563555	Kocak	bootstrap	335.0
	-0.06418249242067997	Kocak	bootstrap	336.0
	0.19270620311620945	Kocak	bootstrap	337.0
	-0.26845603682733543	Kocak	bootstrap	338.0
	0.10100476620066345	Kocak	bootstrap	339.0
	0.09421908641321508	Kocak	bootstrap	340.0
	0.3638317979039476	Kocak	bootstrap	341.0
	0.2630632747223185	Kocak	bootstrap	342.0
	0.2116916288790387	Kocak	bootstrap	343.0
	-0.14841447582306344	Kocak	bootstrap	344.0
	0.13636362396103863	Kocak	bootstrap	345.0
	-0.08147239239603188	Kocak	bootstrap	346.0
	0.13120524041493375	Kocak	bootstrap	347.0
	0.13572324304655492	Kocak	bootstrap	348.0
	0.21028924936709448	Kocak	bootstrap	349.0
	0.04246056459520986	Kocak	bootstrap	350.0
	0.13912781109484573	Kocak	bootstrap	351.0
	-0.04001467006584036	Kocak	bootstrap	352.0
	-0.08239698028889642	Kocak	bootstrap	353.0
	0.5029620447894665	Kocak	bootstrap	354.0
	0.22265797766215645	Kocak	bootstrap	355.0
	-0.109133979924672	Kocak	bootstrap	356.0
	-0.004555541388324258	Kocak	bootstrap	357.0
	-0.04599490408787421	Kocak	bootstrap	358.0
	0.30029801306982185	Kocak	bootstrap	359.0
	0.4602558961542105	Kocak	bootstrap	360.0
	0.6248967618588561	Kocak	bootstrap	361.0
	0.08490792413032544	Kocak	bootstrap	362.0
	0.022043929289615072	Kocak	bootstrap	363.0
	-0.08193133183394163	Kocak	bootstrap	364.0
	0.13738577994619927	Kocak	bootstrap	365.0
	0.15464399706389376	Kocak	bootstrap	366.0
	-0.12342175357053797	Kocak	bootstrap	367.0
	0.2009089802335513	Kocak	bootstrap	368.0
	-0.10495762007287279	Kocak	bootstrap	369.0
	0.3507045320660165	Kocak	bootstrap	370.0
	-0.33501674519968283	Kocak	bootstrap	371.0
	0.02348726008570967	Kocak	bootstrap	372.0
	0.2877591532933277	Kocak	bootstrap	373.0
	0.22506971919335328	Kocak	bootstrap	374.0
	-0.13576573768344513	Kocak	bootstrap	375.0
	-0.1667168693675274	Kocak	bootstrap	376.0
	0.0611500664238962	Kocak	bootstrap	377.0
	0.1914156499782118	Kocak	bootstrap	378.0
	-0.110952048247837	Kocak	bootstrap	379.0
	0.41094730927336354	Kocak	bootstrap	380.0
	0.2702205887965219	Kocak	bootstrap	381.0
	0.1204936135054222	Kocak	bootstrap	382.0
	0.1951336433450379	Kocak	bootstrap	383.0
	0.2774721462557874	Kocak	bootstrap	384.0
	0.04553500698382873	Kocak	bootstrap	385.0
	0.04966245751156695	Kocak	bootstrap	386.0
	0.3746472452070124	Kocak	bootstrap	387.0
	0.12343167954791756	Kocak	bootstrap	388.0
	0.004280885868194417	Kocak	bootstrap	389.0
	0.3373029207571001	Kocak	bootstrap	390.0
	0.024702581124259382	Kocak	bootstrap	391.0
	0.0738870465549546	Kocak	bootstrap	392.0
	0.34139917297291156	Kocak	bootstrap	393.0
	0.42221103699592	Kocak	bootstrap	394.0
	0.08454990055305078	Kocak	bootstrap	395.0
	-0.03530463839712361	Kocak	bootstrap	396.0
	-0.22856914738655476	Kocak	bootstrap	397.0
	-0.09998934777464008	Kocak	bootstrap	398.0
	0.13666174617999438	Kocak	bootstrap	399.0
	0.12200523567859012	Kocak	bootstrap	400.0
	-0.19470236836193333	Kocak	bootstrap	401.0
	0.3923593402923995	Kocak	bootstrap	402.0
	0.34324759779260106	Kocak	bootstrap	403.0
	-0.21516125968223054	Kocak	bootstrap	404.0
	0.5055319397057838	Kocak	bootstrap	405.0
	0.04244887869795466	Kocak	bootstrap	406.0
	0.12772889110888652	Kocak	bootstrap	407.0
	0.06908591322324131	Kocak	bootstrap	408.0
	-0.27260822597728485	Kocak	bootstrap	409.0
	-0.011739275324746501	Kocak	bootstrap	410.0
	0.01310511579232898	Kocak	bootstrap	411.0
	0.5325112520516431	Kocak	bootstrap	412.0
	-0.10826267613112428	Kocak	bootstrap	413.0
	0.47281922627795225	Kocak	bootstrap	414.0
	0.028336331330910625	Kocak	bootstrap	415.0
	0.42218319557389083	Kocak	bootstrap	416.0
	0.040025292189735495	Kocak	bootstrap	417.0
	-0.15949993081608982	Kocak	bootstrap	418.0
	0.05384547341882673	Kocak	bootstrap	419.0
	-0.03951505122807619	Kocak	bootstrap	420.0
	-0.08901533340501322	Kocak	bootstrap	421.0
	-0.014943738581416177	Kocak	bootstrap	422.0
	0.4375173995287991	Kocak	bootstrap	423.0
	0.022423830765696096	Kocak	bootstrap	424.0
	0.24059346972680373	Kocak	bootstrap	425.0
	0.25142230640601504	Kocak	bootstrap	426.0
	0.26985154783823084	Kocak	bootstrap	427.0
	-0.025378146777116584	Kocak	bootstrap	428.0
	-0.011411678777068168	Kocak	bootstrap	429.0
	0.5079166038227343	Kocak	bootstrap	430.0
	0.26080511653983773	Kocak	bootstrap	431.0
	-0.28086462312740634	Kocak	bootstrap	432.0
	-0.29748283910703277	Kocak	bootstrap	433.0
	0.17792766509078328	Kocak	bootstrap	434.0
	0.10939791030440293	Kocak	bootstrap	435.0
	0.2884848132989184	Kocak	bootstrap	436.0
	0.15889706358493383	Kocak	bootstrap	437.0
	-0.021378259604324157	Kocak	bootstrap	438.0
	0.10595514539711814	Kocak	bootstrap	439.0
	0.2219923941134967	Kocak	bootstrap	440.0
	0.05909387177865888	Kocak	bootstrap	441.0
	0.4805525832479951	Kocak	bootstrap	442.0
	-0.028289692102015707	Kocak	bootstrap	443.0
	0.0062282775428528225	Kocak	bootstrap	444.0
	0.166844202308293	Kocak	bootstrap	445.0
	0.07092783073711928	Kocak	bootstrap	446.0
	-0.20205184460804038	Kocak	bootstrap	447.0
	0.0031595163659510206	Kocak	bootstrap	448.0
	0.05159982492726911	Kocak	bootstrap	449.0
	0.3725398599016829	Kocak	bootstrap	450.0
	0.2417037501252155	Kocak	bootstrap	451.0
	0.09169719166191648	Kocak	bootstrap	452.0
	-0.056180523289064865	Kocak	bootstrap	453.0
	-0.4407770124475232	Kocak	bootstrap	454.0
	0.2148849701147455	Kocak	bootstrap	455.0
	-0.14549470044757395	Kocak	bootstrap	456.0
	-0.0012010504879604866	Kocak	bootstrap	457.0
	0.03394307125283191	Kocak	bootstrap	458.0
	0.17460267432737897	Kocak	bootstrap	459.0
	0.12640071449809476	Kocak	bootstrap	460.0
	0.11583090173603416	Kocak	bootstrap	461.0
	-0.11073166599422102	Kocak	bootstrap	462.0
	0.06119959741532188	Kocak	bootstrap	463.0
	0.3366089018274412	Kocak	bootstrap	464.0
	0.04412691711261285	Kocak	bootstrap	465.0
	0.3505291300036095	Kocak	bootstrap	466.0
	0.12786866264654861	Kocak	bootstrap	467.0
	0.04631054388513167	Kocak	bootstrap	468.0
	-0.046239509860866335	Kocak	bootstrap	469.0
	-0.10126481824138267	Kocak	bootstrap	470.0
	-0.1505429586984448	Kocak	bootstrap	471.0
	0.23452910266599236	Kocak	bootstrap	472.0
	-0.046381559027567576	Kocak	bootstrap	473.0
	-0.15194515893526717	Kocak	bootstrap	474.0
	-0.037674187851655105	Kocak	bootstrap	475.0
	0.047152231228203334	Kocak	bootstrap	476.0
	0.33043120844698937	Kocak	bootstrap	477.0
	-0.14731538198112792	Kocak	bootstrap	478.0
	0.25093457793565843	Kocak	bootstrap	479.0
	0.5090396140294144	Kocak	bootstrap	480.0
	-0.17458820426875477	Kocak	bootstrap	481.0
	0.2799553833664259	Kocak	bootstrap	482.0
	0.24505757003620943	Kocak	bootstrap	483.0
	0.09256702742059453	Kocak	bootstrap	484.0
	0.3805753303020891	Kocak	bootstrap	485.0
	-0.014060566861822998	Kocak	bootstrap	486.0
	0.06079392467578426	Kocak	bootstrap	487.0
	0.17810218285178614	Kocak	bootstrap	488.0
	0.22726804454309146	Kocak	bootstrap	489.0
	0.1610575957320508	Kocak	bootstrap	490.0
	0.07115664067563099	Kocak	bootstrap	491.0
	-0.18573714551396403	Kocak	bootstrap	492.0
	-0.454359241205172	Kocak	bootstrap	493.0
	0.7016866340934023	Kocak	bootstrap	494.0
	-0.5273627110309915	Kocak	bootstrap	495.0
	0.0865978284687916	Kocak	bootstrap	496.0
	-0.12733938558854252	Kocak	bootstrap	497.0
	-0.09559458762096806	Kocak	bootstrap	498.0
	0.241669466471238	Kocak	bootstrap	499.0
	0.19737490587517303	Kocak	bootstrap	500.0
	0.3842635428054644	Kocak	bootstrap	501.0
	0.0711610468706505	Kocak	bootstrap	502.0
	0.22791035042059793	Kocak	bootstrap	503.0
	0.23748023864233136	Kocak	bootstrap	504.0
	-0.03824027649551365	Kocak	bootstrap	505.0
	0.3724120665544328	Kocak	bootstrap	506.0
	0.033592911950096394	Kocak	bootstrap	507.0
	0.30994917271459954	Kocak	bootstrap	508.0
	0.06168436653629161	Kocak	bootstrap	509.0
	-0.09066942323357763	Kocak	bootstrap	510.0
	-0.14125046510078398	Kocak	bootstrap	511.0
	0.09759990829305121	Kocak	bootstrap	512.0
	-0.06559973604276337	Kocak	bootstrap	513.0
	0.4937257903168426	Kocak	bootstrap	514.0
	0.02717350606486857	Kocak	bootstrap	515.0
	-0.22102009049301818	Kocak	bootstrap	516.0
	0.12391032924592782	Kocak	bootstrap	517.0
	0.15755728284967319	Kocak	bootstrap	518.0
	0.3313089484867504	Kocak	bootstrap	519.0
	0.0754485522055921	Kocak	bootstrap	520.0
	0.26508810916059655	Kocak	bootstrap	521.0
	0.060789447289566034	Kocak	bootstrap	522.0
	0.08080069074213014	Kocak	bootstrap	523.0
	0.3287079128669932	Kocak	bootstrap	524.0
	0.377435289849422	Kocak	bootstrap	525.0
	0.031908783552175635	Kocak	bootstrap	526.0
	0.011050690785959993	Kocak	bootstrap	527.0
	0.26839797614776906	Kocak	bootstrap	528.0
	-0.03390753525178658	Kocak	bootstrap	529.0
	0.3499617214164479	Kocak	bootstrap	530.0
	0.11097767627621291	Kocak	bootstrap	531.0
	-0.06454932888619691	Kocak	bootstrap	532.0
	0.08939670055087579	Kocak	bootstrap	533.0
	0.1476683369618499	Kocak	bootstrap	534.0
	0.26057203455478906	Kocak	bootstrap	535.0
	-0.30327930961523153	Kocak	bootstrap	536.0
	0.06245654231077147	Kocak	bootstrap	537.0
	0.014090541307379745	Kocak	bootstrap	538.0
	-0.017655580983693575	Kocak	bootstrap	539.0
	0.05428012026299278	Kocak	bootstrap	540.0
	-0.12416699529972242	Kocak	bootstrap	541.0
	-0.12071485052814257	Kocak	bootstrap	542.0
	-0.15300595559543684	Kocak	bootstrap	543.0
	0.14825941979411184	Kocak	bootstrap	544.0
	0.3541099924778104	Kocak	bootstrap	545.0
	0.4160708325442881	Kocak	bootstrap	546.0
	-0.008810287451693988	Kocak	bootstrap	547.0
	-0.43577621829891067	Kocak	bootstrap	548.0
	0.07820919921062508	Kocak	bootstrap	549.0
	0.5938241056697589	Kocak	bootstrap	550.0
	0.4825585322483841	Kocak	bootstrap	551.0
	0.045445265203306384	Kocak	bootstrap	552.0
	0.3390861165482528	Kocak	bootstrap	553.0
	-0.017660463850382335	Kocak	bootstrap	554.0
	0.24342567178008423	Kocak	bootstrap	555.0
	0.2978806750324363	Kocak	bootstrap	556.0
	0.023984465969233426	Kocak	bootstrap	557.0
	0.35107722847048795	Kocak	bootstrap	558.0
	0.11272626674327668	Kocak	bootstrap	559.0
	-0.23327218193641563	Kocak	bootstrap	560.0
	0.04478955152495523	Kocak	bootstrap	561.0
	-0.04071962401210616	Kocak	bootstrap	562.0
	-0.27376627379719887	Kocak	bootstrap	563.0
	0.03846035414590432	Kocak	bootstrap	564.0
	-0.09474610689379492	Kocak	bootstrap	565.0
	0.07769608547121631	Kocak	bootstrap	566.0
	0.09660273313500323	Kocak	bootstrap	567.0
	0.4119799531712136	Kocak	bootstrap	568.0
	0.09382462014712889	Kocak	bootstrap	569.0
	0.22344132349665458	Kocak	bootstrap	570.0
	0.28804194887805856	Kocak	bootstrap	571.0
	0.25515703437977155	Kocak	bootstrap	572.0
	-0.2075689400865155	Kocak	bootstrap	573.0
	0.28869479472903103	Kocak	bootstrap	574.0
	-0.516867066252896	Kocak	bootstrap	575.0
	0.2798292556540405	Kocak	bootstrap	576.0
	0.07753753648742112	Kocak	bootstrap	577.0
	0.007373534055045816	Kocak	bootstrap	578.0
	0.030615174390572264	Kocak	bootstrap	579.0
	0.5094229788673106	Kocak	bootstrap	580.0
	-0.030922556035410942	Kocak	bootstrap	581.0
	0.23552116254640776	Kocak	bootstrap	582.0
	0.03746171742978177	Kocak	bootstrap	583.0
	0.25717269152458044	Kocak	bootstrap	584.0
	0.2614238640132367	Kocak	bootstrap	585.0
	0.09852858485926586	Kocak	bootstrap	586.0
	0.4497605646659695	Kocak	bootstrap	587.0
	0.4482469519162162	Kocak	bootstrap	588.0
	0.006842788603318439	Kocak	bootstrap	589.0
	0.18259479071724982	Kocak	bootstrap	590.0
	0.26893906171350146	Kocak	bootstrap	591.0
	0.1301078164757392	Kocak	bootstrap	592.0
	-0.2213798145364505	Kocak	bootstrap	593.0
	0.26276274944052336	Kocak	bootstrap	594.0
	0.02006205573334441	Kocak	bootstrap	595.0
	-0.3043829228954835	Kocak	bootstrap	596.0
	0.0900391343122191	Kocak	bootstrap	597.0
	0.05814165780074987	Kocak	bootstrap	598.0
	0.10984653972511627	Kocak	bootstrap	599.0
	0.38973805214933943	Kocak	bootstrap	600.0
	0.20920112943325364	Kocak	bootstrap	601.0
	0.3420309467045346	Kocak	bootstrap	602.0
	-0.09851958671549221	Kocak	bootstrap	603.0
	0.12850323782436934	Kocak	bootstrap	604.0
	-0.2278205211172919	Kocak	bootstrap	605.0
	-0.19642075309297802	Kocak	bootstrap	606.0
	0.18448762457018475	Kocak	bootstrap	607.0
	0.3105981298201117	Kocak	bootstrap	608.0
	0.14712430542508326	Kocak	bootstrap	609.0
	-0.10549429013568146	Kocak	bootstrap	610.0
	0.38735357130544834	Kocak	bootstrap	611.0
	0.1855874976021905	Kocak	bootstrap	612.0
	0.13587854810037125	Kocak	bootstrap	613.0
	0.3013130205074077	Kocak	bootstrap	614.0
	0.32572971913592497	Kocak	bootstrap	615.0
	-0.37181588282012257	Kocak	bootstrap	616.0
	0.11518822779056315	Kocak	bootstrap	617.0
	-0.044451845413633784	Kocak	bootstrap	618.0
	0.14302632947849325	Kocak	bootstrap	619.0
	-0.058938886310159866	Kocak	bootstrap	620.0
	0.32342337883262484	Kocak	bootstrap	621.0
	0.11763505915458428	Kocak	bootstrap	622.0
	0.3278808983418786	Kocak	bootstrap	623.0
	-0.03499629670973725	Kocak	bootstrap	624.0
	0.34201325787500636	Kocak	bootstrap	625.0
	0.15598230113208178	Kocak	bootstrap	626.0
	0.20503133664557538	Kocak	bootstrap	627.0
	0.042826216703129916	Kocak	bootstrap	628.0
	0.12040321769292728	Kocak	bootstrap	629.0
	0.09913062533947947	Kocak	bootstrap	630.0
	-0.2533448202744286	Kocak	bootstrap	631.0
	0.06438363296341176	Kocak	bootstrap	632.0
	0.08711663125719316	Kocak	bootstrap	633.0
	-0.4622581687968168	Kocak	bootstrap	634.0
	-0.1751888512320816	Kocak	bootstrap	635.0
	0.40750759857395025	Kocak	bootstrap	636.0
	0.29299541917259564	Kocak	bootstrap	637.0
	0.10352070561809867	Kocak	bootstrap	638.0
	0.08950037441029579	Kocak	bootstrap	639.0
	-0.011934913889418475	Kocak	bootstrap	640.0
	-0.3531121516936464	Kocak	bootstrap	641.0
	-0.11501477913902836	Kocak	bootstrap	642.0
	0.21251512282949392	Kocak	bootstrap	643.0
	0.43157909806482664	Kocak	bootstrap	644.0
	0.23233760193498476	Kocak	bootstrap	645.0
	0.024371891524377354	Kocak	bootstrap	646.0
	0.5078586737940869	Kocak	bootstrap	647.0
	0.4130533894619486	Kocak	bootstrap	648.0
	0.24520625086017667	Kocak	bootstrap	649.0
	0.18926959378763986	Kocak	bootstrap	650.0
	0.026795601150110926	Kocak	bootstrap	651.0
	0.3908962330763206	Kocak	bootstrap	652.0
	-0.05273186057256929	Kocak	bootstrap	653.0
	0.182398215535426	Kocak	bootstrap	654.0
	0.1726201872427584	Kocak	bootstrap	655.0
	-0.008731093023425451	Kocak	bootstrap	656.0
	-0.13516824948822848	Kocak	bootstrap	657.0
	0.14131838352130455	Kocak	bootstrap	658.0
	0.08528728576331712	Kocak	bootstrap	659.0
	0.23409207315659852	Kocak	bootstrap	660.0
	0.18188478742943381	Kocak	bootstrap	661.0
	-0.312540233251152	Kocak	bootstrap	662.0
	0.05233430429476016	Kocak	bootstrap	663.0
	0.553370340351278	Kocak	bootstrap	664.0
	0.5149672919492803	Kocak	bootstrap	665.0
	-0.1464983759060523	Kocak	bootstrap	666.0
	-0.5567276890702089	Kocak	bootstrap	667.0
	-0.22311334690364193	Kocak	bootstrap	668.0
	-0.04426587927906578	Kocak	bootstrap	669.0
	0.01576237488462784	Kocak	bootstrap	670.0
	-0.3494090084244683	Kocak	bootstrap	671.0
	0.25207708276026075	Kocak	bootstrap	672.0
	0.2526370713850481	Kocak	bootstrap	673.0
	0.03469665166737723	Kocak	bootstrap	674.0
	-0.02419134651324306	Kocak	bootstrap	675.0
	0.2427904411309605	Kocak	bootstrap	676.0
	0.2470760837327033	Kocak	bootstrap	677.0
	0.28884369679607413	Kocak	bootstrap	678.0
	0.06463848971699981	Kocak	bootstrap	679.0
	-0.04474743844734341	Kocak	bootstrap	680.0
	-0.11075601119332124	Kocak	bootstrap	681.0
	-0.02411513107353347	Kocak	bootstrap	682.0
	-0.26568824990706386	Kocak	bootstrap	683.0
	0.026561293235892514	Kocak	bootstrap	684.0
	0.1683851020765097	Kocak	bootstrap	685.0
	0.16578952875436137	Kocak	bootstrap	686.0
	0.08417313307232721	Kocak	bootstrap	687.0
	0.41984846597362946	Kocak	bootstrap	688.0
	0.01343009924936922	Kocak	bootstrap	689.0
	0.10264914025405592	Kocak	bootstrap	690.0
	-0.050655545133762914	Kocak	bootstrap	691.0
	0.12443636520126411	Kocak	bootstrap	692.0
	0.07966882645131079	Kocak	bootstrap	693.0
	0.32410048274933345	Kocak	bootstrap	694.0
	0.11171341735586005	Kocak	bootstrap	695.0
	0.18351333898799638	Kocak	bootstrap	696.0
	0.0916059050406055	Kocak	bootstrap	697.0
	-0.3675685830186892	Kocak	bootstrap	698.0
	0.3020345729707836	Kocak	bootstrap	699.0
	-0.11294204819751386	Kocak	bootstrap	700.0
	0.3065896662796481	Kocak	bootstrap	701.0
	0.07397503849083975	Kocak	bootstrap	702.0
	0.2030188819375871	Kocak	bootstrap	703.0
	-0.10557848743774034	Kocak	bootstrap	704.0
	-0.089561891685908	Kocak	bootstrap	705.0
	0.26621741454558645	Kocak	bootstrap	706.0
	0.209209570901967	Kocak	bootstrap	707.0
	0.19233698893758167	Kocak	bootstrap	708.0
	-0.06439102266086483	Kocak	bootstrap	709.0
	0.3322197622315093	Kocak	bootstrap	710.0
	0.5225795482031508	Kocak	bootstrap	711.0
	0.41329294408707273	Kocak	bootstrap	712.0
	0.24421719199921643	Kocak	bootstrap	713.0
	0.011117113454655048	Kocak	bootstrap	714.0
	0.4863132739934155	Kocak	bootstrap	715.0
	0.1175716369264892	Kocak	bootstrap	716.0
	0.36643264068332737	Kocak	bootstrap	717.0
	-0.017896010841823795	Kocak	bootstrap	718.0
	0.13710967120417905	Kocak	bootstrap	719.0
	0.10794557842189345	Kocak	bootstrap	720.0
	-0.3750718589662667	Kocak	bootstrap	721.0
	0.055718249173035694	Kocak	bootstrap	722.0
	0.2147244240539239	Kocak	bootstrap	723.0
	0.0906172122390041	Kocak	bootstrap	724.0
	0.14584232359041227	Kocak	bootstrap	725.0
	0.22856658572872668	Kocak	bootstrap	726.0
	0.4107534004180664	Kocak	bootstrap	727.0
	0.10444093381339759	Kocak	bootstrap	728.0
	0.043629591634099185	Kocak	bootstrap	729.0
	0.17836544138879784	Kocak	bootstrap	730.0
	-0.4431020974550841	Kocak	bootstrap	731.0
	0.10874704975586535	Kocak	bootstrap	732.0
	0.21611689724474026	Kocak	bootstrap	733.0
	0.3808980679077951	Kocak	bootstrap	734.0
	-0.4150041581461159	Kocak	bootstrap	735.0
	-0.0566626160777739	Kocak	bootstrap	736.0
	0.30476489427089426	Kocak	bootstrap	737.0
	0.1655435014203528	Kocak	bootstrap	738.0
	0.09626913865437192	Kocak	bootstrap	739.0
	0.40604088273776817	Kocak	bootstrap	740.0
	0.2815435108351032	Kocak	bootstrap	741.0
	0.24338546772898706	Kocak	bootstrap	742.0
	0.4024772305673041	Kocak	bootstrap	743.0
	0.20361221972071153	Kocak	bootstrap	744.0
	0.17887084886035431	Kocak	bootstrap	745.0
	0.08506547598548408	Kocak	bootstrap	746.0
	-0.15881104811019586	Kocak	bootstrap	747.0
	0.10635532945119852	Kocak	bootstrap	748.0
	0.11925201729069368	Kocak	bootstrap	749.0
	0.09132781188559136	Kocak	bootstrap	750.0
	0.21252582485386462	Kocak	bootstrap	751.0
	0.3365603546018239	Kocak	bootstrap	752.0
	-0.024730019450367458	Kocak	bootstrap	753.0
	0.1435261091602733	Kocak	bootstrap	754.0
	0.07929893807789412	Kocak	bootstrap	755.0
	0.14036523059344397	Kocak	bootstrap	756.0
	0.31102388672368786	Kocak	bootstrap	757.0
	0.16764756864050767	Kocak	bootstrap	758.0
	-0.2790124240704017	Kocak	bootstrap	759.0
	0.2919254200746577	Kocak	bootstrap	760.0
	0.20208574628589737	Kocak	bootstrap	761.0
	0.011064584603758476	Kocak	bootstrap	762.0
	0.17780858437545266	Kocak	bootstrap	763.0
	0.24287840652976733	Kocak	bootstrap	764.0
	0.19750345826282034	Kocak	bootstrap	765.0
	-0.11583487456449015	Kocak	bootstrap	766.0
	-0.037556238494942384	Kocak	bootstrap	767.0
	0.024278685054173188	Kocak	bootstrap	768.0
	0.32720981824210327	Kocak	bootstrap	769.0
	0.18589052227696268	Kocak	bootstrap	770.0
	0.29344657732503787	Kocak	bootstrap	771.0
	0.15055401512876987	Kocak	bootstrap	772.0
	0.005293655619825088	Kocak	bootstrap	773.0
	-0.6834445920235761	Kocak	bootstrap	774.0
	0.10768317201502597	Kocak	bootstrap	775.0
	-0.06277757144423646	Kocak	bootstrap	776.0
	0.10440172968306616	Kocak	bootstrap	777.0
	0.056738554568903865	Kocak	bootstrap	778.0
	0.15107189294458223	Kocak	bootstrap	779.0
	-0.1431034511714051	Kocak	bootstrap	780.0
	-0.13358978109855535	Kocak	bootstrap	781.0
	-0.1908077831141739	Kocak	bootstrap	782.0
	0.025301300363853585	Kocak	bootstrap	783.0
	0.1537991939719081	Kocak	bootstrap	784.0
	0.44897330661073864	Kocak	bootstrap	785.0
	0.01601410690158822	Kocak	bootstrap	786.0
	-0.13566690950076232	Kocak	bootstrap	787.0
	0.2441923660680798	Kocak	bootstrap	788.0
	0.11412025759305511	Kocak	bootstrap	789.0
	-0.03309854807109325	Kocak	bootstrap	790.0
	0.5720700307778053	Kocak	bootstrap	791.0
	0.17766732928463114	Kocak	bootstrap	792.0
	-0.06609829353012442	Kocak	bootstrap	793.0
	-0.10966526858016756	Kocak	bootstrap	794.0
	0.1875618561581538	Kocak	bootstrap	795.0
	0.43581758266133974	Kocak	bootstrap	796.0
	0.297150146636608	Kocak	bootstrap	797.0
	0.0982146317517456	Kocak	bootstrap	798.0
	0.14075267888614107	Kocak	bootstrap	799.0
	-0.2450465908787729	Kocak	bootstrap	800.0
	-0.20304871719155226	Kocak	bootstrap	801.0
	-0.4050512769840622	Kocak	bootstrap	802.0
	0.2726312441916008	Kocak	bootstrap	803.0
	0.30895003613442285	Kocak	bootstrap	804.0
	0.012766690859481677	Kocak	bootstrap	805.0
	-0.20177513722785534	Kocak	bootstrap	806.0
	-0.0641441937216154	Kocak	bootstrap	807.0
	0.08428668730561206	Kocak	bootstrap	808.0
	0.38960606430446765	Kocak	bootstrap	809.0
	0.20037175252947215	Kocak	bootstrap	810.0
	0.26168397442927827	Kocak	bootstrap	811.0
	0.25393696943132404	Kocak	bootstrap	812.0
	-0.10463234967920254	Kocak	bootstrap	813.0
	-0.09886760217465929	Kocak	bootstrap	814.0
	-0.3002555900242454	Kocak	bootstrap	815.0
	0.1279155336413771	Kocak	bootstrap	816.0
	-0.24227386359126957	Kocak	bootstrap	817.0
	0.38668502857954046	Kocak	bootstrap	818.0
	0.28751053853677977	Kocak	bootstrap	819.0
	-0.0896333611393274	Kocak	bootstrap	820.0
	-0.11509268864240196	Kocak	bootstrap	821.0
	-0.030229630232139648	Kocak	bootstrap	822.0
	0.013786700517190553	Kocak	bootstrap	823.0
	0.07012682536420645	Kocak	bootstrap	824.0
	0.1385579097892986	Kocak	bootstrap	825.0
	0.17547816099990854	Kocak	bootstrap	826.0
	-0.1751606015649365	Kocak	bootstrap	827.0
	0.3066683226263178	Kocak	bootstrap	828.0
	-0.1591034379626537	Kocak	bootstrap	829.0
	-0.4209297730115411	Kocak	bootstrap	830.0
	-0.09542041102729559	Kocak	bootstrap	831.0
	0.260044473210872	Kocak	bootstrap	832.0
	0.17058658685945893	Kocak	bootstrap	833.0
	0.08950902069466782	Kocak	bootstrap	834.0
	0.3646721866287965	Kocak	bootstrap	835.0
	0.1884784316477992	Kocak	bootstrap	836.0
	-0.11181186720736047	Kocak	bootstrap	837.0
	0.18268314486845671	Kocak	bootstrap	838.0
	0.5405146692047484	Kocak	bootstrap	839.0
	0.22610785365865027	Kocak	bootstrap	840.0
	0.27873911333475565	Kocak	bootstrap	841.0
	0.4444265524531952	Kocak	bootstrap	842.0
	0.0948097100654115	Kocak	bootstrap	843.0
	0.05730677669305173	Kocak	bootstrap	844.0
	0.28354414754678947	Kocak	bootstrap	845.0
	-0.17220899557057923	Kocak	bootstrap	846.0
	0.1399496323727938	Kocak	bootstrap	847.0
	0.17647086054608874	Kocak	bootstrap	848.0
	0.24393475673318665	Kocak	bootstrap	849.0
	0.2333361711816062	Kocak	bootstrap	850.0
	-0.41026799170138917	Kocak	bootstrap	851.0
	-0.0393945570570855	Kocak	bootstrap	852.0
	0.4703842378014844	Kocak	bootstrap	853.0
	-0.014018240797149417	Kocak	bootstrap	854.0
	0.007363252286718414	Kocak	bootstrap	855.0
	-0.07577258906706152	Kocak	bootstrap	856.0
	0.3576391102714567	Kocak	bootstrap	857.0
	-0.31921794630344014	Kocak	bootstrap	858.0
	-0.2163368644350685	Kocak	bootstrap	859.0
	0.04015412871417201	Kocak	bootstrap	860.0
	0.139359072469893	Kocak	bootstrap	861.0
	0.03466717146469289	Kocak	bootstrap	862.0
	0.18425911702730602	Kocak	bootstrap	863.0
	-0.11861243217087925	Kocak	bootstrap	864.0
	0.36576474825653715	Kocak	bootstrap	865.0
	-0.048460138671806874	Kocak	bootstrap	866.0
	0.3393132367281506	Kocak	bootstrap	867.0
	0.3472456003248148	Kocak	bootstrap	868.0
	-0.019561363172360124	Kocak	bootstrap	869.0
	0.4383646590103911	Kocak	bootstrap	870.0
	-0.032610114944301216	Kocak	bootstrap	871.0
	-0.14455294122107443	Kocak	bootstrap	872.0
	0.42163357121599265	Kocak	bootstrap	873.0
	0.06901766995102054	Kocak	bootstrap	874.0
	-0.05359171598132084	Kocak	bootstrap	875.0
	0.1752414020886066	Kocak	bootstrap	876.0
	0.1612563684242012	Kocak	bootstrap	877.0
	0.2976074618282558	Kocak	bootstrap	878.0
	-0.2095962026686884	Kocak	bootstrap	879.0
	-0.11142171603165751	Kocak	bootstrap	880.0
	0.48315076262528045	Kocak	bootstrap	881.0
	0.1405088584644596	Kocak	bootstrap	882.0
	-0.09084064583894502	Kocak	bootstrap	883.0
	-0.024490920285712647	Kocak	bootstrap	884.0
	-0.29085441131340817	Kocak	bootstrap	885.0
	-0.16196404465271907	Kocak	bootstrap	886.0
	0.2521118140601075	Kocak	bootstrap	887.0
	0.25123881243521673	Kocak	bootstrap	888.0
	0.15608391989896386	Kocak	bootstrap	889.0
	0.40567297319633777	Kocak	bootstrap	890.0
	0.35319834410380846	Kocak	bootstrap	891.0
	-0.23934298177266822	Kocak	bootstrap	892.0
	0.13693662494195102	Kocak	bootstrap	893.0
	0.2661640357544339	Kocak	bootstrap	894.0
	-0.06138736143958656	Kocak	bootstrap	895.0
	0.2737283249867115	Kocak	bootstrap	896.0
	-0.23057855812811834	Kocak	bootstrap	897.0
	0.15016508654998528	Kocak	bootstrap	898.0
	0.08720017295825144	Kocak	bootstrap	899.0
	-0.05115810391068987	Kocak	bootstrap	900.0
	-0.22757487125400466	Kocak	bootstrap	901.0
	-0.208754594741424	Kocak	bootstrap	902.0
	0.3004825831242668	Kocak	bootstrap	903.0
	0.014167121122897974	Kocak	bootstrap	904.0
	0.04240104384973087	Kocak	bootstrap	905.0
	0.34871963316391863	Kocak	bootstrap	906.0
	0.07920904606617363	Kocak	bootstrap	907.0
	0.13090576246896113	Kocak	bootstrap	908.0
	-0.1976533381916883	Kocak	bootstrap	909.0
	0.15323819460792	Kocak	bootstrap	910.0
	-0.10767303218862079	Kocak	bootstrap	911.0
	-0.25723782297812736	Kocak	bootstrap	912.0
	-0.05841120740285266	Kocak	bootstrap	913.0
	0.028971062247123314	Kocak	bootstrap	914.0
	-0.16778028900259212	Kocak	bootstrap	915.0
	-0.20554020998946365	Kocak	bootstrap	916.0
	-0.0076833628638777185	Kocak	bootstrap	917.0
	0.03481680280116972	Kocak	bootstrap	918.0
	0.07723711353542573	Kocak	bootstrap	919.0
	0.07612903202801302	Kocak	bootstrap	920.0
	-0.3091111456001654	Kocak	bootstrap	921.0
	0.053463086244113	Kocak	bootstrap	922.0
	-0.061467316931986815	Kocak	bootstrap	923.0
	0.447051205585999	Kocak	bootstrap	924.0
	0.14126547786638088	Kocak	bootstrap	925.0
	0.18971993375261054	Kocak	bootstrap	926.0
	0.0985277650263452	Kocak	bootstrap	927.0
	-0.11469186351504312	Kocak	bootstrap	928.0
	0.2930997894657459	Kocak	bootstrap	929.0
	-0.19580646836037774	Kocak	bootstrap	930.0
	-0.17988207726486616	Kocak	bootstrap	931.0
	0.23651961792380316	Kocak	bootstrap	932.0
	0.09978793975009825	Kocak	bootstrap	933.0
	-0.022301268735536617	Kocak	bootstrap	934.0
	0.16881334466265496	Kocak	bootstrap	935.0
	0.3142293621328287	Kocak	bootstrap	936.0
	0.3974144064955487	Kocak	bootstrap	937.0
	0.26640901467728906	Kocak	bootstrap	938.0
	0.21071641868288715	Kocak	bootstrap	939.0
	0.4013438176882307	Kocak	bootstrap	940.0
	-0.20676980059687766	Kocak	bootstrap	941.0
	0.20248590451372284	Kocak	bootstrap	942.0
	-0.06670503275415385	Kocak	bootstrap	943.0
	0.23430298513371994	Kocak	bootstrap	944.0
	-0.400463654213032	Kocak	bootstrap	945.0
	0.034165533755644795	Kocak	bootstrap	946.0
	0.2659865322475836	Kocak	bootstrap	947.0
	0.2445983955682065	Kocak	bootstrap	948.0
	0.31611397324360224	Kocak	bootstrap	949.0
	-0.15937947649334827	Kocak	bootstrap	950.0
	0.06788061658402222	Kocak	bootstrap	951.0
	0.20339006609033294	Kocak	bootstrap	952.0
	0.13211582837662394	Kocak	bootstrap	953.0
	0.31253858824353564	Kocak	bootstrap	954.0
	-0.07990327703345024	Kocak	bootstrap	955.0
	0.11814952683030011	Kocak	bootstrap	956.0
	-0.008046557689812772	Kocak	bootstrap	957.0
	0.2254218555001275	Kocak	bootstrap	958.0
	0.16529935802931472	Kocak	bootstrap	959.0
	0.09827422793769536	Kocak	bootstrap	960.0
	0.1866297508081205	Kocak	bootstrap	961.0
	-0.004733262730711729	Kocak	bootstrap	962.0
	-0.03259463037204968	Kocak	bootstrap	963.0
	0.002600785810608741	Kocak	bootstrap	964.0
	0.0700410112013845	Kocak	bootstrap	965.0
	0.23453767349125432	Kocak	bootstrap	966.0
	0.10628870255708023	Kocak	bootstrap	967.0
	-0.10829354183586215	Kocak	bootstrap	968.0
	-0.2177010479220871	Kocak	bootstrap	969.0
	-0.07552261330029086	Kocak	bootstrap	970.0
	0.153810169204041	Kocak	bootstrap	971.0
	0.04971944813120288	Kocak	bootstrap	972.0
	0.2098138473973581	Kocak	bootstrap	973.0
	0.24612363184614328	Kocak	bootstrap	974.0
	0.3413043384892145	Kocak	bootstrap	975.0
	0.4480352588877201	Kocak	bootstrap	976.0
	0.14220335413778784	Kocak	bootstrap	977.0
	0.32461310718598213	Kocak	bootstrap	978.0
	0.06068252044116296	Kocak	bootstrap	979.0
	0.2903773392261213	Kocak	bootstrap	980.0
	0.4042488721924036	Kocak	bootstrap	981.0
	0.33333973578506537	Kocak	bootstrap	982.0
	0.023154294026474176	Kocak	bootstrap	983.0
	0.4201367033629273	Kocak	bootstrap	984.0
	0.32808447413025377	Kocak	bootstrap	985.0
	0.03146311814011149	Kocak	bootstrap	986.0
	0.19268695690683657	Kocak	bootstrap	987.0
	-0.09544889194593065	Kocak	bootstrap	988.0
	0.22174160725570857	Kocak	bootstrap	989.0
	0.19559742858875673	Kocak	bootstrap	990.0
	0.17528122409571	Kocak	bootstrap	991.0
	0.04849017754659002	Kocak	bootstrap	992.0
	0.3804783780566465	Kocak	bootstrap	993.0
	0.36646120867488907	Kocak	bootstrap	994.0
	0.1313988177001244	Kocak	bootstrap	995.0
	0.21622708398918888	Kocak	bootstrap	996.0
	-0.3741962479138694	Kocak	bootstrap	997.0
	-0.08839137713161982	Kocak	bootstrap	998.0
	0.2076124072567227	Kocak	bootstrap	999.0
	0.21028720078235086	Kocak	bootstrap	1000.0
	-0.16104974904797897	Kocak	bootstrap	1001.0
	-0.09837975339764249	Kocak	bootstrap	1002.0
	-0.026820292433431092	Kocak	bootstrap	1003.0
	0.19477655515003534	Kocak	bootstrap	1004.0
	0.11389013619739874	Kocak	bootstrap	1005.0
	0.4659809647083435	Kocak	bootstrap	1006.0
	0.07701079702247693	Kocak	bootstrap	1007.0
	-0.10013693523945655	Kocak	bootstrap	1008.0
	0.5373602575243579	Kocak	bootstrap	1009.0
	-0.08534876680326597	Kocak	bootstrap	1010.0
	0.276180842895716	Kocak	bootstrap	1011.0
	-0.14780024952719373	Kocak	bootstrap	1012.0
	0.05146913163690936	Kocak	bootstrap	1013.0
	-0.17727498395412278	Kocak	bootstrap	1014.0
	0.11196822754571834	Kocak	bootstrap	1015.0
	0.16493675827322463	Kocak	bootstrap	1016.0
	0.33314840170341586	Kocak	bootstrap	1017.0
	-0.320380672282079	Kocak	bootstrap	1018.0
	0.09195548066480441	Kocak	bootstrap	1019.0
	-0.054123943850988177	Kocak	bootstrap	1020.0
	-0.00779337643640865	Kocak	bootstrap	1021.0
	-0.05955246032181449	Kocak	bootstrap	1022.0
	-0.126026955629837	Kocak	bootstrap	1023.0
	0.2870862843209592	Kocak	bootstrap	1024.0
	0.14655351321427812	Kocak	bootstrap	1025.0
	0.19231709594685054	Kocak	bootstrap	1026.0
	0.0965215460223936	Kocak	bootstrap	1027.0
	0.05684009516701671	Kocak	bootstrap	1028.0
	-0.24941971692407083	Kocak	bootstrap	1029.0
	-0.1036985426407857	Kocak	bootstrap	1030.0
	0.04005507503268824	Kocak	bootstrap	1031.0
	0.400801797092428	Kocak	bootstrap	1032.0
	0.030333333153334863	Kocak	bootstrap	1033.0
	0.3565973003110088	Kocak	bootstrap	1034.0
	0.14921893079798476	Kocak	bootstrap	1035.0
	0.06932575838447441	Kocak	bootstrap	1036.0
	0.029931361933017264	Kocak	bootstrap	1037.0
	-0.21312890205506818	Kocak	bootstrap	1038.0
	-0.23443945261877053	Kocak	bootstrap	1039.0
	-0.15610908676080726	Kocak	bootstrap	1040.0
	0.374613074227244	Kocak	bootstrap	1041.0
	-0.005800601809197836	Kocak	bootstrap	1042.0
	0.14205139936850486	Kocak	bootstrap	1043.0
	0.35219265556869406	Kocak	bootstrap	1044.0
	0.14713887709502949	Kocak	bootstrap	1045.0
	0.07996590414650484	Kocak	bootstrap	1046.0
	0.12091569769155619	Kocak	bootstrap	1047.0
	-0.054787919940716634	Kocak	bootstrap	1048.0
	-0.390969711574634	Kocak	bootstrap	1049.0
	0.2574207480963082	Kocak	bootstrap	1050.0
	0.3088105085754247	Kocak	bootstrap	1051.0
	-0.0019409460987089844	Kocak	bootstrap	1052.0
	-0.2859308822706432	Kocak	bootstrap	1053.0
	0.09408394608877213	Kocak	bootstrap	1054.0
	0.25855979680850716	Kocak	bootstrap	1055.0
	0.06772537499434872	Kocak	bootstrap	1056.0
	0.3977526797626467	Kocak	bootstrap	1057.0
	0.14314706396294774	Kocak	bootstrap	1058.0
	0.21943220595570612	Kocak	bootstrap	1059.0
	0.13651114243402418	Kocak	bootstrap	1060.0
	-0.08016082894700638	Kocak	bootstrap	1061.0
	0.0216319842956052	Kocak	bootstrap	1062.0
	0.281350761385438	Kocak	bootstrap	1063.0
	0.4731382504084616	Kocak	bootstrap	1064.0
	-0.026817037635986196	Kocak	bootstrap	1065.0
	0.3384523785700466	Kocak	bootstrap	1066.0
	-0.22282148841057392	Kocak	bootstrap	1067.0
	0.18518107780806048	Kocak	bootstrap	1068.0
	-0.023699294413708216	Kocak	bootstrap	1069.0
	0.22066503585274777	Kocak	bootstrap	1070.0
	0.05821928288455336	Kocak	bootstrap	1071.0
	0.2036646363134187	Kocak	bootstrap	1072.0
	-0.15889976356126567	Kocak	bootstrap	1073.0
	0.021732077671019034	Kocak	bootstrap	1074.0
	-0.34754329571865483	Kocak	bootstrap	1075.0
	0.04133676474156811	Kocak	bootstrap	1076.0
	-0.036531310949802	Kocak	bootstrap	1077.0
	0.26189375190945174	Kocak	bootstrap	1078.0
	0.4229062194665012	Kocak	bootstrap	1079.0
	-0.20219459734603085	Kocak	bootstrap	1080.0
	0.07990716917297558	Kocak	bootstrap	1081.0
	0.15963244165868584	Kocak	bootstrap	1082.0
	0.2005399279942992	Kocak	bootstrap	1083.0
	0.06763234333679513	Kocak	bootstrap	1084.0
	-0.5095013104323134	Kocak	bootstrap	1085.0
	-0.10827766635091152	Kocak	bootstrap	1086.0
	-0.061372506038756214	Kocak	bootstrap	1087.0
	0.08446430754549361	Kocak	bootstrap	1088.0
	0.47940710629486105	Kocak	bootstrap	1089.0
	0.1016451942840737	Kocak	bootstrap	1090.0
	-0.007817191511407806	Kocak	bootstrap	1091.0
	0.263497508102696	Kocak	bootstrap	1092.0
	-0.10171947832784234	Kocak	bootstrap	1093.0
	0.03454074922690342	Kocak	bootstrap	1094.0
	0.540914032274471	Kocak	bootstrap	1095.0
	0.08030364819238933	Kocak	bootstrap	1096.0
	0.45850785396538907	Kocak	bootstrap	1097.0
	0.354338108789114	Kocak	bootstrap	1098.0
	0.10713474285383029	Kocak	bootstrap	1099.0
	0.11886064141123676	Kocak	bootstrap	1100.0
	0.08064527876321304	Kocak	bootstrap	1101.0
	0.17256005679745456	Kocak	bootstrap	1102.0
	0.23837035896534786	Kocak	bootstrap	1103.0
	0.03320934821437049	Kocak	bootstrap	1104.0
	0.29309410659839585	Kocak	bootstrap	1105.0
	-0.19245842056743978	Kocak	bootstrap	1106.0
	0.01862155945471411	Kocak	bootstrap	1107.0
	0.02387709026115825	Kocak	bootstrap	1108.0
	0.43662380576807625	Kocak	bootstrap	1109.0
	0.17510352369055138	Kocak	bootstrap	1110.0
	0.4843593311315413	Kocak	bootstrap	1111.0
	0.044352646860074785	Kocak	bootstrap	1112.0
	0.23451929760069223	Kocak	bootstrap	1113.0
	-0.15645096466325992	Kocak	bootstrap	1114.0
	0.14024758095778722	Kocak	bootstrap	1115.0
	0.110175207061177	Kocak	bootstrap	1116.0
	0.29528706644815905	Kocak	bootstrap	1117.0
	0.12168117863360983	Kocak	bootstrap	1118.0
	-0.1976390574901421	Kocak	bootstrap	1119.0
	0.17968736886026537	Kocak	bootstrap	1120.0
	0.10981401209444375	Kocak	bootstrap	1121.0
	0.11610636180221334	Kocak	bootstrap	1122.0
	0.16823160032060436	Kocak	bootstrap	1123.0
	0.0717636373781314	Kocak	bootstrap	1124.0
	-0.2981244330623767	Kocak	bootstrap	1125.0
	0.09207342944526165	Kocak	bootstrap	1126.0
	-0.23458530578359005	Kocak	bootstrap	1127.0
	0.5864845998559547	Kocak	bootstrap	1128.0
	-0.13453074045242452	Kocak	bootstrap	1129.0
	0.2889926019480349	Kocak	bootstrap	1130.0
	-0.07656423153017577	Kocak	bootstrap	1131.0
	0.07824678053053269	Kocak	bootstrap	1132.0
	-0.15269033171200252	Kocak	bootstrap	1133.0
	0.21974021555161372	Kocak	bootstrap	1134.0
	0.0002849840582994645	Kocak	bootstrap	1135.0
	0.1401370773667452	Kocak	bootstrap	1136.0
	0.1118398004410972	Kocak	bootstrap	1137.0
	0.555906786231751	Kocak	bootstrap	1138.0
	-0.05107651806740332	Kocak	bootstrap	1139.0
	-0.20723007291065665	Kocak	bootstrap	1140.0
	0.3423116026949664	Kocak	bootstrap	1141.0
	-0.2004168412631646	Kocak	bootstrap	1142.0
	0.3563009576229339	Kocak	bootstrap	1143.0
	0.2580625675906587	Kocak	bootstrap	1144.0
	0.12069374956632473	Kocak	bootstrap	1145.0
	0.010218921983290663	Kocak	bootstrap	1146.0
	0.2541647045041042	Kocak	bootstrap	1147.0
	-0.026503110283312203	Kocak	bootstrap	1148.0
	0.26238322445451434	Kocak	bootstrap	1149.0
	0.17433988326843597	Kocak	bootstrap	1150.0
	-0.06645483896505588	Kocak	bootstrap	1151.0
	0.24675095576916917	Kocak	bootstrap	1152.0
	0.3565632193232222	Kocak	bootstrap	1153.0
	0.24786597761138118	Kocak	bootstrap	1154.0
	-0.11824090639471407	Kocak	bootstrap	1155.0
	0.4442250039208382	Kocak	bootstrap	1156.0
	-0.2139094832744819	Kocak	bootstrap	1157.0
	0.13037685723232428	Kocak	bootstrap	1158.0
	0.1774385808083041	Kocak	bootstrap	1159.0
	0.2419569267409596	Kocak	bootstrap	1160.0
	-0.09212756289853896	Kocak	bootstrap	1161.0
	0.22504244847509547	Kocak	bootstrap	1162.0
	-0.043305782454577724	Kocak	bootstrap	1163.0
	0.03570295237055543	Kocak	bootstrap	1164.0
	0.08947867257392517	Kocak	bootstrap	1165.0
	0.44746529964127024	Kocak	bootstrap	1166.0
	0.02400797441574376	Kocak	bootstrap	1167.0
	0.05551239339168923	Kocak	bootstrap	1168.0
	0.009355321215412715	Kocak	bootstrap	1169.0
	0.3797186810460662	Kocak	bootstrap	1170.0
	0.1886144108234573	Kocak	bootstrap	1171.0
	0.12118989381417844	Kocak	bootstrap	1172.0
	0.32744279421531	Kocak	bootstrap	1173.0
	0.24558895961729998	Kocak	bootstrap	1174.0
	0.19332868722016983	Kocak	bootstrap	1175.0
	-0.05901803445455389	Kocak	bootstrap	1176.0
	-0.2560358840160095	Kocak	bootstrap	1177.0
	0.32786424442401785	Kocak	bootstrap	1178.0
	0.08834447759737074	Kocak	bootstrap	1179.0
	0.1669919659169361	Kocak	bootstrap	1180.0
	0.21236516952893147	Kocak	bootstrap	1181.0
	0.16765217864470827	Kocak	bootstrap	1182.0
	-0.027316802738559076	Kocak	bootstrap	1183.0
	0.2877609581992866	Kocak	bootstrap	1184.0
	-0.008263028584403642	Kocak	bootstrap	1185.0
	0.461300819740015	Kocak	bootstrap	1186.0
	-0.12451185553654742	Kocak	bootstrap	1187.0
	-0.07036520178137451	Kocak	bootstrap	1188.0
	0.1088231490658842	Kocak	bootstrap	1189.0
	0.4898337364576335	Kocak	bootstrap	1190.0
	-0.20583433186883715	Kocak	bootstrap	1191.0
	0.002120712814829062	Kocak	bootstrap	1192.0
	0.050325541985277944	Kocak	bootstrap	1193.0
	0.20579562387825812	Kocak	bootstrap	1194.0
	0.06297105488692711	Kocak	bootstrap	1195.0
	0.1054265368525833	Kocak	bootstrap	1196.0
	-0.08024017137575434	Kocak	bootstrap	1197.0
	0.31203176086253137	Kocak	bootstrap	1198.0
	0.14608713572340282	Kocak	bootstrap	1199.0
	0.22104753240242747	Kocak	bootstrap	1200.0
	-0.16961313246469345	Kocak	bootstrap	1201.0
	0.3436702146117092	Kocak	bootstrap	1202.0
	0.14697794194781189	Kocak	bootstrap	1203.0
	0.3387984318321626	Kocak	bootstrap	1204.0
	0.043599564792554446	Kocak	bootstrap	1205.0
	0.3057963114775566	Kocak	bootstrap	1206.0
	-0.13161355464073932	Kocak	bootstrap	1207.0
	0.12410677358247835	Kocak	bootstrap	1208.0
	0.2655022576727042	Kocak	bootstrap	1209.0
	-0.18892306637459955	Kocak	bootstrap	1210.0
	0.3622854739997168	Kocak	bootstrap	1211.0
	-0.15272978034649398	Kocak	bootstrap	1212.0
	0.0890093700175898	Kocak	bootstrap	1213.0
	0.3117920403719836	Kocak	bootstrap	1214.0
	-0.09707162189146423	Kocak	bootstrap	1215.0
	-0.15661979889239763	Kocak	bootstrap	1216.0
	0.014644150078104268	Kocak	bootstrap	1217.0
	0.6411884334242348	Kocak	bootstrap	1218.0
	-0.20081866289777306	Kocak	bootstrap	1219.0
	-0.14237649680766928	Kocak	bootstrap	1220.0
	0.29707368337269724	Kocak	bootstrap	1221.0
	-0.03929733540403646	Kocak	bootstrap	1222.0
	0.39679433703034395	Kocak	bootstrap	1223.0
	0.15256994009182456	Kocak	bootstrap	1224.0
	0.17458096978425086	Kocak	bootstrap	1225.0
	-0.0004549901306027948	Kocak	bootstrap	1226.0
	0.5157285896209816	Kocak	bootstrap	1227.0
	0.10503711382424541	Kocak	bootstrap	1228.0
	-0.19803494578027614	Kocak	bootstrap	1229.0
	0.07218915851565555	Kocak	bootstrap	1230.0
	0.015427526881812703	Kocak	bootstrap	1231.0
	0.2755765769508516	Kocak	bootstrap	1232.0
	-0.1289972045990302	Kocak	bootstrap	1233.0
	0.07581447924090412	Kocak	bootstrap	1234.0
	0.34487905257306917	Kocak	bootstrap	1235.0
	0.09974830695476511	Kocak	bootstrap	1236.0
	0.4381801773310796	Kocak	bootstrap	1237.0
	0.2547455395560725	Kocak	bootstrap	1238.0
	0.19528776870656372	Kocak	bootstrap	1239.0
	0.010433657079953917	Kocak	bootstrap	1240.0
	0.30090528237438097	Kocak	bootstrap	1241.0
	0.29588861600981	Kocak	bootstrap	1242.0
	0.42504763624808906	Kocak	bootstrap	1243.0
	0.1158486472914495	Kocak	bootstrap	1244.0
	-0.04873302533260393	Kocak	bootstrap	1245.0
	-0.044832862145998575	Kocak	bootstrap	1246.0
	-0.07273675760712539	Kocak	bootstrap	1247.0
	0.13669410644832425	Kocak	bootstrap	1248.0
	-0.10866504436407709	Kocak	bootstrap	1249.0
	0.2956928575971318	Kocak	bootstrap	1250.0
	-0.042738214280708675	Kocak	bootstrap	1251.0
	0.2244829334328542	Kocak	bootstrap	1252.0
	0.04198250949923743	Kocak	bootstrap	1253.0
	0.2201131534555243	Kocak	bootstrap	1254.0
	0.03743072673828873	Kocak	bootstrap	1255.0
	0.0009346115499173635	Kocak	bootstrap	1256.0
	0.03136520409421717	Kocak	bootstrap	1257.0
	-0.08138859549692334	Kocak	bootstrap	1258.0
	0.2648378273902541	Kocak	bootstrap	1259.0
	0.2317874101586721	Kocak	bootstrap	1260.0
	0.06638399448548693	Kocak	bootstrap	1261.0
	0.057128542714848685	Kocak	bootstrap	1262.0
	-0.24515120959084147	Kocak	bootstrap	1263.0
	0.1159863666589569	Kocak	bootstrap	1264.0
	0.3028576758317296	Kocak	bootstrap	1265.0
	0.29960085650810075	Kocak	bootstrap	1266.0
	0.2900989396137952	Kocak	bootstrap	1267.0
	0.3345010060930633	Kocak	bootstrap	1268.0
	0.24186804098694115	Kocak	bootstrap	1269.0
	-0.2504994267014995	Kocak	bootstrap	1270.0
	-0.034753171116640225	Kocak	bootstrap	1271.0
	0.06531757917957748	Kocak	bootstrap	1272.0
	-0.229741831327281	Kocak	bootstrap	1273.0
	0.06809776735247652	Kocak	bootstrap	1274.0
	-0.38044026789812113	Kocak	bootstrap	1275.0
	0.0764514660070521	Kocak	bootstrap	1276.0
	0.151241041396875	Kocak	bootstrap	1277.0
	0.1368146704460962	Kocak	bootstrap	1278.0
	-0.20317002211223123	Kocak	bootstrap	1279.0
	-0.6457860594858635	Kocak	bootstrap	1280.0
	0.21061906311401568	Kocak	bootstrap	1281.0
	0.2651653533599463	Kocak	bootstrap	1282.0
	-0.22173456809684078	Kocak	bootstrap	1283.0
	0.09328766363810992	Kocak	bootstrap	1284.0
	-0.2797646054253282	Kocak	bootstrap	1285.0
	0.05955938395590188	Kocak	bootstrap	1286.0
	-0.3735790223336082	Kocak	bootstrap	1287.0
	0.020072088063645133	Kocak	bootstrap	1288.0
	0.1766730304314139	Kocak	bootstrap	1289.0
	0.37796151173750303	Kocak	bootstrap	1290.0
	0.23481492878630927	Kocak	bootstrap	1291.0
	0.4300359180597493	Kocak	bootstrap	1292.0
	0.3136851444577937	Kocak	bootstrap	1293.0
	0.013628645683709806	Kocak	bootstrap	1294.0
	0.5835114395219154	Kocak	bootstrap	1295.0
	0.2394130773548051	Kocak	bootstrap	1296.0
	0.24327937538218425	Kocak	bootstrap	1297.0
	0.00018909379998888198	Kocak	bootstrap	1298.0
	-0.07659450406946533	Kocak	bootstrap	1299.0
	-0.12087630868244936	Kocak	bootstrap	1300.0
	0.3417849437348428	Kocak	bootstrap	1301.0
	-0.14656937678996362	Kocak	bootstrap	1302.0
	0.04936779293181548	Kocak	bootstrap	1303.0
	0.4376281590389217	Kocak	bootstrap	1304.0
	0.20995130292995512	Kocak	bootstrap	1305.0
	0.05381894818493915	Kocak	bootstrap	1306.0
	0.11223685472068379	Kocak	bootstrap	1307.0
	0.27726054963361246	Kocak	bootstrap	1308.0
	0.1316130468335599	Kocak	bootstrap	1309.0
	0.12605664316427045	Kocak	bootstrap	1310.0
	-0.20039638240531854	Kocak	bootstrap	1311.0
	0.09727531901020203	Kocak	bootstrap	1312.0
	0.16710669780113196	Kocak	bootstrap	1313.0
	0.392581176289748	Kocak	bootstrap	1314.0
	0.07055564856716146	Kocak	bootstrap	1315.0
	0.08769250456430733	Kocak	bootstrap	1316.0
	0.30429788828968185	Kocak	bootstrap	1317.0
	0.00040024143779415766	Kocak	bootstrap	1318.0
	0.1008001284669593	Kocak	bootstrap	1319.0
	-0.039349592052484894	Kocak	bootstrap	1320.0
	0.10013827300882738	Kocak	bootstrap	1321.0
	0.00789178181797201	Kocak	bootstrap	1322.0
	0.26044707787515975	Kocak	bootstrap	1323.0
	0.12003273666303649	Kocak	bootstrap	1324.0
	0.36813520951917766	Kocak	bootstrap	1325.0
	-0.30645656786219044	Kocak	bootstrap	1326.0
	0.11401296615108691	Kocak	bootstrap	1327.0
	-0.028806406780018	Kocak	bootstrap	1328.0
	0.26556869951037365	Kocak	bootstrap	1329.0
	0.21891120558740518	Kocak	bootstrap	1330.0
	0.17581550064406848	Kocak	bootstrap	1331.0
	0.39540753553687846	Kocak	bootstrap	1332.0
	0.06966928897468971	Kocak	bootstrap	1333.0
	0.19930118245044515	Kocak	bootstrap	1334.0
	0.00406393417145523	Kocak	bootstrap	1335.0
	0.02151428120973531	Kocak	bootstrap	1336.0
	0.3817371471948885	Kocak	bootstrap	1337.0
	0.01965903305402339	Kocak	bootstrap	1338.0
	0.09688353620796253	Kocak	bootstrap	1339.0
	0.3981349597615855	Kocak	bootstrap	1340.0
	0.3309060792200551	Kocak	bootstrap	1341.0
	0.1749646181372002	Kocak	bootstrap	1342.0
	0.5098914666319985	Kocak	bootstrap	1343.0
	0.3060679819450485	Kocak	bootstrap	1344.0
	0.16315289463725424	Kocak	bootstrap	1345.0
	-0.1651972010628291	Kocak	bootstrap	1346.0
	0.36374136568081195	Kocak	bootstrap	1347.0
	-0.041082101575072194	Kocak	bootstrap	1348.0
	0.2473307114243415	Kocak	bootstrap	1349.0
	0.060136440648959955	Kocak	bootstrap	1350.0
	0.01205574241019125	Kocak	bootstrap	1351.0
	0.32396736850609553	Kocak	bootstrap	1352.0
	0.3222159779378089	Kocak	bootstrap	1353.0
	0.016104991562484017	Kocak	bootstrap	1354.0
	-0.3890126738924735	Kocak	bootstrap	1355.0
	0.08302744346900459	Kocak	bootstrap	1356.0
	0.022327458698786273	Kocak	bootstrap	1357.0
	-0.1815108367324898	Kocak	bootstrap	1358.0
	0.4559509279653202	Kocak	bootstrap	1359.0
	0.22868234542994959	Kocak	bootstrap	1360.0
	-0.2318331513770926	Kocak	bootstrap	1361.0
	-0.22214484330061524	Kocak	bootstrap	1362.0
	0.22334063948832306	Kocak	bootstrap	1363.0
	-0.17833359112573177	Kocak	bootstrap	1364.0
	0.25928268684250266	Kocak	bootstrap	1365.0
	0.4381015291429362	Kocak	bootstrap	1366.0
	-0.03723329514131635	Kocak	bootstrap	1367.0
	-0.2720300259933812	Kocak	bootstrap	1368.0
	-0.09293559887452574	Kocak	bootstrap	1369.0
	0.40040092862338383	Kocak	bootstrap	1370.0
	0.2624614070738973	Kocak	bootstrap	1371.0
	0.10272560896254923	Kocak	bootstrap	1372.0
	0.13468452663431663	Kocak	bootstrap	1373.0
	0.05605155965391884	Kocak	bootstrap	1374.0
	-0.2264056776118708	Kocak	bootstrap	1375.0
	0.14310082389753997	Kocak	bootstrap	1376.0
	-0.005913308996446709	Kocak	bootstrap	1377.0
	-0.005406709821541789	Kocak	bootstrap	1378.0
	0.37167276296453444	Kocak	bootstrap	1379.0
	0.08851279372674181	Kocak	bootstrap	1380.0
	0.06416042875541095	Kocak	bootstrap	1381.0
	-0.09529954467821966	Kocak	bootstrap	1382.0
	0.19666032343378337	Kocak	bootstrap	1383.0
	-0.07997990500005603	Kocak	bootstrap	1384.0
	0.433321151216969	Kocak	bootstrap	1385.0
	0.1842264120710988	Kocak	bootstrap	1386.0
	0.16485364846938388	Kocak	bootstrap	1387.0
	-0.01510917425711611	Kocak	bootstrap	1388.0
	-0.05054322143642409	Kocak	bootstrap	1389.0
	0.08915778775037886	Kocak	bootstrap	1390.0
	0.32824729997213886	Kocak	bootstrap	1391.0
	-0.004089187401601357	Kocak	bootstrap	1392.0
	0.44219189441385165	Kocak	bootstrap	1393.0
	0.14535728920197233	Kocak	bootstrap	1394.0
	0.28916607492190227	Kocak	bootstrap	1395.0
	-0.3819603180516298	Kocak	bootstrap	1396.0
	0.29804072818118854	Kocak	bootstrap	1397.0
	0.0890356717749965	Kocak	bootstrap	1398.0
	-0.026804538302881653	Kocak	bootstrap	1399.0
	-0.21992049032498517	Kocak	bootstrap	1400.0
	0.2080580410980839	Kocak	bootstrap	1401.0
	0.041855065166018335	Kocak	bootstrap	1402.0
	0.07728041514274864	Kocak	bootstrap	1403.0
	-0.019334349202929424	Kocak	bootstrap	1404.0
	0.1569332916861823	Kocak	bootstrap	1405.0
	0.1583274157240595	Kocak	bootstrap	1406.0
	0.1011138820619415	Kocak	bootstrap	1407.0
	-0.03846435434777451	Kocak	bootstrap	1408.0
	-0.18604551429372673	Kocak	bootstrap	1409.0
	-0.1974322115103191	Kocak	bootstrap	1410.0
	0.22923343487120018	Kocak	bootstrap	1411.0
	0.2022719161287796	Kocak	bootstrap	1412.0
	0.4908982298139124	Kocak	bootstrap	1413.0
	0.28464848750772465	Kocak	bootstrap	1414.0
	-0.2161139050584966	Kocak	bootstrap	1415.0
	0.19470201417686805	Kocak	bootstrap	1416.0
	0.2641967478287883	Kocak	bootstrap	1417.0
	-0.0776817001664698	Kocak	bootstrap	1418.0
	0.34084700774992527	Kocak	bootstrap	1419.0
	0.287686761710761	Kocak	bootstrap	1420.0
	-0.011597697773383153	Kocak	bootstrap	1421.0
	0.3257724599589418	Kocak	bootstrap	1422.0
	0.07781411723560083	Kocak	bootstrap	1423.0
	0.09338553924078763	Kocak	bootstrap	1424.0
	-0.3150197024531134	Kocak	bootstrap	1425.0
	-0.2188231666674243	Kocak	bootstrap	1426.0
	0.12073192922061793	Kocak	bootstrap	1427.0
	0.15876908838648252	Kocak	bootstrap	1428.0
	0.1381465063475673	Kocak	bootstrap	1429.0
	0.21073591160815752	Kocak	bootstrap	1430.0
	0.1407631510371825	Kocak	bootstrap	1431.0
	-0.10189788201356853	Kocak	bootstrap	1432.0
	-0.0011158633112584582	Kocak	bootstrap	1433.0
	-0.04846915995540346	Kocak	bootstrap	1434.0
	0.05763444771473214	Kocak	bootstrap	1435.0
	0.06786412309103351	Kocak	bootstrap	1436.0
	-0.28038376344779437	Kocak	bootstrap	1437.0
	-0.13674611473719	Kocak	bootstrap	1438.0
	0.2787815410687102	Kocak	bootstrap	1439.0
	-0.10750867017899957	Kocak	bootstrap	1440.0
	0.03744242399452968	Kocak	bootstrap	1441.0
	0.05355441634399316	Kocak	bootstrap	1442.0
	-0.11902211652242389	Kocak	bootstrap	1443.0
	-0.01742517172608249	Kocak	bootstrap	1444.0
	0.31640330637881053	Kocak	bootstrap	1445.0
	0.17162156167557896	Kocak	bootstrap	1446.0
	0.3569705784793067	Kocak	bootstrap	1447.0
	-0.5667243103177642	Kocak	bootstrap	1448.0
	-0.11206556287866798	Kocak	bootstrap	1449.0
	-0.3352147841190525	Kocak	bootstrap	1450.0
	0.47594173574790055	Kocak	bootstrap	1451.0
	-0.02105047083507916	Kocak	bootstrap	1452.0
	0.19109021026125816	Kocak	bootstrap	1453.0
	0.13307366620421845	Kocak	bootstrap	1454.0
	-0.280585829115811	Kocak	bootstrap	1455.0
	0.22069293011854008	Kocak	bootstrap	1456.0
	-0.12079758573621291	Kocak	bootstrap	1457.0
	0.0816489387930206	Kocak	bootstrap	1458.0
	0.4409016894409259	Kocak	bootstrap	1459.0
	0.49852010452196893	Kocak	bootstrap	1460.0
	0.24109272488189593	Kocak	bootstrap	1461.0
	0.23207160761935075	Kocak	bootstrap	1462.0
	0.3170791298345792	Kocak	bootstrap	1463.0
	-0.07663692482248763	Kocak	bootstrap	1464.0
	0.12043916693272916	Kocak	bootstrap	1465.0
	0.20186946897541347	Kocak	bootstrap	1466.0
	0.03660988106463492	Kocak	bootstrap	1467.0
	0.17460996793775863	Kocak	bootstrap	1468.0
	-0.10845974303023764	Kocak	bootstrap	1469.0
	0.022255593541744112	Kocak	bootstrap	1470.0
	-0.07230851447833864	Kocak	bootstrap	1471.0
	0.19650626551990769	Kocak	bootstrap	1472.0
	0.049845895261590556	Kocak	bootstrap	1473.0
	0.2898069961997978	Kocak	bootstrap	1474.0
	0.05414349852888112	Kocak	bootstrap	1475.0
	0.4963689687609545	Kocak	bootstrap	1476.0
	0.07491682972761904	Kocak	bootstrap	1477.0
	-0.4256992978374581	Kocak	bootstrap	1478.0
	-0.2985638138337352	Kocak	bootstrap	1479.0
	0.03692091152140353	Kocak	bootstrap	1480.0
	0.22368142378944178	Kocak	bootstrap	1481.0
	-0.21944800830570932	Kocak	bootstrap	1482.0
	-0.0691546383285413	Kocak	bootstrap	1483.0
	0.11470167184107094	Kocak	bootstrap	1484.0
	0.10466750281655202	Kocak	bootstrap	1485.0
	0.20603092935774914	Kocak	bootstrap	1486.0
	-0.16959572473309592	Kocak	bootstrap	1487.0
	0.33602316274078703	Kocak	bootstrap	1488.0
	0.20179955977874275	Kocak	bootstrap	1489.0
	0.4779722578809169	Kocak	bootstrap	1490.0
	0.21429833945046184	Kocak	bootstrap	1491.0
	-0.0964299410535121	Kocak	bootstrap	1492.0
	0.3046425744705159	Kocak	bootstrap	1493.0
	0.1095508052281069	Kocak	bootstrap	1494.0
	-0.1693410798048416	Kocak	bootstrap	1495.0
	0.2080767197008777	Kocak	bootstrap	1496.0
	-0.16407874416281976	Kocak	bootstrap	1497.0
	-0.1466771670530802	Kocak	bootstrap	1498.0
	0.32389129843563236	Kocak	bootstrap	1499.0
	0.06263251895545618	Kocak	bootstrap	1500.0
	0.03654537822713344	Kocak	bootstrap	1501.0
	0.006174487414393859	Kocak	bootstrap	1502.0
	0.22220970195301515	Kocak	bootstrap	1503.0
	-0.11629557598570717	Kocak	bootstrap	1504.0
	0.06809637710738858	Kocak	bootstrap	1505.0
	0.13070232044314967	Kocak	bootstrap	1506.0
	0.27604387008746123	Kocak	bootstrap	1507.0
	0.35737757656898683	Kocak	bootstrap	1508.0
	-0.10382663823349692	Kocak	bootstrap	1509.0
	0.4187495965261254	Kocak	bootstrap	1510.0
	-0.06756329718361886	Kocak	bootstrap	1511.0
	0.043187202041861994	Kocak	bootstrap	1512.0
	-0.268622217878697	Kocak	bootstrap	1513.0
	0.3416245228784156	Kocak	bootstrap	1514.0
	0.2295074215701174	Kocak	bootstrap	1515.0
	-0.12622452897102487	Kocak	bootstrap	1516.0
	-0.15776931216776635	Kocak	bootstrap	1517.0
	0.023369417041181784	Kocak	bootstrap	1518.0
	0.07266776945362974	Kocak	bootstrap	1519.0
	-0.015148796874928205	Kocak	bootstrap	1520.0
	0.23098840449693725	Kocak	bootstrap	1521.0
	0.15341819249287525	Kocak	bootstrap	1522.0
	-0.10427289501518189	Kocak	bootstrap	1523.0
	0.44057920590227706	Kocak	bootstrap	1524.0
	-0.006226877666613895	Kocak	bootstrap	1525.0
	-0.653379343865788	Kocak	bootstrap	1526.0
	-0.0573774295230951	Kocak	bootstrap	1527.0
	0.10301041802201194	Kocak	bootstrap	1528.0
	-0.09544897392286344	Kocak	bootstrap	1529.0
	-0.1907439787834666	Kocak	bootstrap	1530.0
	0.13462161824421948	Kocak	bootstrap	1531.0
	-0.1670572788683926	Kocak	bootstrap	1532.0
	0.020261601115223904	Kocak	bootstrap	1533.0
	0.15148566142197595	Kocak	bootstrap	1534.0
	-0.0004770848921911153	Kocak	bootstrap	1535.0
	0.029358701462175674	Kocak	bootstrap	1536.0
	0.06229159188944777	Kocak	bootstrap	1537.0
	0.13860866305811914	Kocak	bootstrap	1538.0
	0.38895296226122067	Kocak	bootstrap	1539.0
	-0.0063481985400510865	Kocak	bootstrap	1540.0
	0.24810132580675237	Kocak	bootstrap	1541.0
	0.003937369185138984	Kocak	bootstrap	1542.0
	-0.04295799529201805	Kocak	bootstrap	1543.0
	-0.08416706649372108	Kocak	bootstrap	1544.0
	-0.33732403023143265	Kocak	bootstrap	1545.0
	0.6274658589485291	Kocak	bootstrap	1546.0
	0.30548495345839566	Kocak	bootstrap	1547.0
	0.3130691771902594	Kocak	bootstrap	1548.0
	-0.034548035261794396	Kocak	bootstrap	1549.0
	-0.1970173261746182	Kocak	bootstrap	1550.0
	0.12828352400207788	Kocak	bootstrap	1551.0
	0.10328194457575801	Kocak	bootstrap	1552.0
	-0.21006155028195028	Kocak	bootstrap	1553.0
	0.3218127999917604	Kocak	bootstrap	1554.0
	0.08885473296131785	Kocak	bootstrap	1555.0
	-0.5600232862528101	Kocak	bootstrap	1556.0
	-0.11147112827293348	Kocak	bootstrap	1557.0
	0.26491896861791897	Kocak	bootstrap	1558.0
	0.17758705520099127	Kocak	bootstrap	1559.0
	0.2913587722980777	Kocak	bootstrap	1560.0
	-0.5065677708253511	Kocak	bootstrap	1561.0
	0.1718884243920873	Kocak	bootstrap	1562.0
	0.23538787764772273	Kocak	bootstrap	1563.0
	0.4803761362129899	Kocak	bootstrap	1564.0
	0.18856881865469077	Kocak	bootstrap	1565.0
	0.11609207154055046	Kocak	bootstrap	1566.0
	0.47026817048775893	Kocak	bootstrap	1567.0
	-0.2607081377377365	Kocak	bootstrap	1568.0
	0.02896519414916643	Kocak	bootstrap	1569.0
	0.06599485487900836	Kocak	bootstrap	1570.0
	0.1414353368969783	Kocak	bootstrap	1571.0
	0.32302216342034473	Kocak	bootstrap	1572.0
	0.062284848736259946	Kocak	bootstrap	1573.0
	0.2104218693675337	Kocak	bootstrap	1574.0
	-0.22601116172403213	Kocak	bootstrap	1575.0
	0.11634853758525221	Kocak	bootstrap	1576.0
	0.4016287851855864	Kocak	bootstrap	1577.0
	-0.1776636065614543	Kocak	bootstrap	1578.0
	0.03164599303393789	Kocak	bootstrap	1579.0
	-0.04072504944777133	Kocak	bootstrap	1580.0
	0.038765678950918314	Kocak	bootstrap	1581.0
	0.18713846193871086	Kocak	bootstrap	1582.0
	0.36587881912292897	Kocak	bootstrap	1583.0
	-0.06634597663766861	Kocak	bootstrap	1584.0
	-0.01602027280640872	Kocak	bootstrap	1585.0
	-0.04090452804639888	Kocak	bootstrap	1586.0
	0.17558164854935931	Kocak	bootstrap	1587.0
	0.36997510215966134	Kocak	bootstrap	1588.0
	0.048096473741731316	Kocak	bootstrap	1589.0
	0.11740220834347159	Kocak	bootstrap	1590.0
	0.2923330213263533	Kocak	bootstrap	1591.0
	0.11728249164791826	Kocak	bootstrap	1592.0
	-0.12779867128315203	Kocak	bootstrap	1593.0
	0.16856827793899054	Kocak	bootstrap	1594.0
	0.22492421794378625	Kocak	bootstrap	1595.0
	-0.021125201471963173	Kocak	bootstrap	1596.0
	0.03437881052696401	Kocak	bootstrap	1597.0
	0.2779080183661353	Kocak	bootstrap	1598.0
	0.28775325630241966	Kocak	bootstrap	1599.0
	-0.32698984963259603	Kocak	bootstrap	1600.0
	0.10896625113041836	Kocak	bootstrap	1601.0
	0.11245388987268345	Kocak	bootstrap	1602.0
	-0.001449489816483407	Kocak	bootstrap	1603.0
	0.23683647633994287	Kocak	bootstrap	1604.0
	0.3240126483939676	Kocak	bootstrap	1605.0
	-0.03262660103541837	Kocak	bootstrap	1606.0
	0.23230002225315438	Kocak	bootstrap	1607.0
	-0.06196408828519839	Kocak	bootstrap	1608.0
	0.07460489173266183	Kocak	bootstrap	1609.0
	0.1335560615367406	Kocak	bootstrap	1610.0
	-0.34180288107360735	Kocak	bootstrap	1611.0
	0.24005306874332177	Kocak	bootstrap	1612.0
	0.256592199494615	Kocak	bootstrap	1613.0
	0.01893285446695714	Kocak	bootstrap	1614.0
	0.0338033668684945	Kocak	bootstrap	1615.0
	0.439085170670678	Kocak	bootstrap	1616.0
	-0.22736835170035974	Kocak	bootstrap	1617.0
	0.3468935218670861	Kocak	bootstrap	1618.0
	0.18245610700836323	Kocak	bootstrap	1619.0
	0.13811533545171262	Kocak	bootstrap	1620.0
	-0.47401238815834645	Kocak	bootstrap	1621.0
	-0.16673197744321033	Kocak	bootstrap	1622.0
	-0.06113962224744629	Kocak	bootstrap	1623.0
	0.3032486283648286	Kocak	bootstrap	1624.0
	0.0705007590278166	Kocak	bootstrap	1625.0
	0.21274610138413408	Kocak	bootstrap	1626.0
	0.2975427778897295	Kocak	bootstrap	1627.0
	0.2247679143984156	Kocak	bootstrap	1628.0
	-0.3043266325590652	Kocak	bootstrap	1629.0
	-0.16315839603647397	Kocak	bootstrap	1630.0
	0.22516533711260944	Kocak	bootstrap	1631.0
	0.12187850264512079	Kocak	bootstrap	1632.0
	0.21838710298523178	Kocak	bootstrap	1633.0
	0.008874491432126597	Kocak	bootstrap	1634.0
	0.07166244718400172	Kocak	bootstrap	1635.0
	-0.07016824011204559	Kocak	bootstrap	1636.0
	-0.08941120266437519	Kocak	bootstrap	1637.0
	0.06706053926471522	Kocak	bootstrap	1638.0
	0.1448893331433183	Kocak	bootstrap	1639.0
	0.25258782091168364	Kocak	bootstrap	1640.0
	-0.23003567661327917	Kocak	bootstrap	1641.0
	-0.16869450906139294	Kocak	bootstrap	1642.0
	0.26983781713449684	Kocak	bootstrap	1643.0
	-0.390772970068471	Kocak	bootstrap	1644.0
	0.028200719111720396	Kocak	bootstrap	1645.0
	-0.05338853415280109	Kocak	bootstrap	1646.0
	-0.398793993444861	Kocak	bootstrap	1647.0
	0.4519059619743917	Kocak	bootstrap	1648.0
	0.24951289864797976	Kocak	bootstrap	1649.0
	0.024196366735824704	Kocak	bootstrap	1650.0
	0.13871623199202965	Kocak	bootstrap	1651.0
	0.28493058344115063	Kocak	bootstrap	1652.0
	0.01883043880238411	Kocak	bootstrap	1653.0
	-0.12561081219766068	Kocak	bootstrap	1654.0
	0.24638135518714055	Kocak	bootstrap	1655.0
	0.16126770774568921	Kocak	bootstrap	1656.0
	0.22750130430896398	Kocak	bootstrap	1657.0
	0.014115723086418619	Kocak	bootstrap	1658.0
	0.3910391050091899	Kocak	bootstrap	1659.0
	-0.03539674665794745	Kocak	bootstrap	1660.0
	0.07985936384512726	Kocak	bootstrap	1661.0
	0.25217447652966474	Kocak	bootstrap	1662.0
	0.014941085960608724	Kocak	bootstrap	1663.0
	-0.13357020091909266	Kocak	bootstrap	1664.0
	0.029412222354324946	Kocak	bootstrap	1665.0
	0.1742752483108232	Kocak	bootstrap	1666.0
	0.2483452386528544	Kocak	bootstrap	1667.0
	0.17713007848114248	Kocak	bootstrap	1668.0
	0.2127055351893361	Kocak	bootstrap	1669.0
	-0.03670675354537245	Kocak	bootstrap	1670.0
	0.4736822358982682	Kocak	bootstrap	1671.0
	0.13249073555549895	Kocak	bootstrap	1672.0
	0.024576467952580394	Kocak	bootstrap	1673.0
	-0.16065056460482108	Kocak	bootstrap	1674.0
	0.04796005321497443	Kocak	bootstrap	1675.0
	0.16077682101594082	Kocak	bootstrap	1676.0
	0.047507241522115606	Kocak	bootstrap	1677.0
	0.18263877085173963	Kocak	bootstrap	1678.0
	-0.18628690068734066	Kocak	bootstrap	1679.0
	0.48207827669097725	Kocak	bootstrap	1680.0
	0.1589739432521382	Kocak	bootstrap	1681.0
	0.1450541139488326	Kocak	bootstrap	1682.0
	0.04402517107730919	Kocak	bootstrap	1683.0
	0.21959593508174535	Kocak	bootstrap	1684.0
	0.3887798945211429	Kocak	bootstrap	1685.0
	0.2991517403766597	Kocak	bootstrap	1686.0
	0.08236178131301308	Kocak	bootstrap	1687.0
	-0.1639882707666125	Kocak	bootstrap	1688.0
	0.1635756430113524	Kocak	bootstrap	1689.0
	-0.14156249170775403	Kocak	bootstrap	1690.0
	0.023469414451151138	Kocak	bootstrap	1691.0
	0.07159581482766342	Kocak	bootstrap	1692.0
	-0.05146173179303215	Kocak	bootstrap	1693.0
	-0.03989335064119359	Kocak	bootstrap	1694.0
	0.2085601956667329	Kocak	bootstrap	1695.0
	0.08485476936730674	Kocak	bootstrap	1696.0
	0.13479632131570796	Kocak	bootstrap	1697.0
	0.2302018255068763	Kocak	bootstrap	1698.0
	0.3114620349994137	Kocak	bootstrap	1699.0
	0.26684556590232233	Kocak	bootstrap	1700.0
	-0.0028836547205015606	Kocak	bootstrap	1701.0
	-0.06932834142895494	Kocak	bootstrap	1702.0
	-0.1366528172494048	Kocak	bootstrap	1703.0
	-0.16499810679180094	Kocak	bootstrap	1704.0
	0.3859781673124596	Kocak	bootstrap	1705.0
	0.2917933458095012	Kocak	bootstrap	1706.0
	-0.09427452943816927	Kocak	bootstrap	1707.0
	0.0036128351829010086	Kocak	bootstrap	1708.0
	0.32397945280573737	Kocak	bootstrap	1709.0
	0.6607087268551082	Kocak	bootstrap	1710.0
	-0.0043728701182566	Kocak	bootstrap	1711.0
	-0.13683619807975944	Kocak	bootstrap	1712.0
	0.15984775758989267	Kocak	bootstrap	1713.0
	-0.14683427006352012	Kocak	bootstrap	1714.0
	0.03978562454021972	Kocak	bootstrap	1715.0
	0.43305457949081116	Kocak	bootstrap	1716.0
	0.4175843433080635	Kocak	bootstrap	1717.0
	0.002937792298001618	Kocak	bootstrap	1718.0
	0.10588699148503711	Kocak	bootstrap	1719.0
	0.05359021391209584	Kocak	bootstrap	1720.0
	0.02198898813348915	Kocak	bootstrap	1721.0
	-0.11001209341676077	Kocak	bootstrap	1722.0
	0.043628689410679655	Kocak	bootstrap	1723.0
	0.10356719789350288	Kocak	bootstrap	1724.0
	0.17523501251571627	Kocak	bootstrap	1725.0
	0.09298740317411092	Kocak	bootstrap	1726.0
	-0.16495559881851118	Kocak	bootstrap	1727.0
	0.2825633721951766	Kocak	bootstrap	1728.0
	0.5111596766570781	Kocak	bootstrap	1729.0
	0.26249999670476765	Kocak	bootstrap	1730.0
	0.6729975504337302	Kocak	bootstrap	1731.0
	0.2930021805606051	Kocak	bootstrap	1732.0
	0.24397704944652876	Kocak	bootstrap	1733.0
	0.5076408616297243	Kocak	bootstrap	1734.0
	0.007624357906293788	Kocak	bootstrap	1735.0
	-0.38652362229058834	Kocak	bootstrap	1736.0
	0.35710354997448146	Kocak	bootstrap	1737.0
	0.2966967710683859	Kocak	bootstrap	1738.0
	0.24939956155753773	Kocak	bootstrap	1739.0
	0.18527418124349992	Kocak	bootstrap	1740.0
	0.23544711326762613	Kocak	bootstrap	1741.0
	0.49686304230410183	Kocak	bootstrap	1742.0
	0.5661532839468579	Kocak	bootstrap	1743.0
	0.36666345945641066	Kocak	bootstrap	1744.0
	0.5146368079031927	Kocak	bootstrap	1745.0
	0.4368835373085016	Kocak	bootstrap	1746.0
	0.033602153365198006	Kocak	bootstrap	1747.0
	0.4174496331920601	Kocak	bootstrap	1748.0
	0.11432904834764557	Kocak	bootstrap	1749.0
	0.2639759370201906	Kocak	bootstrap	1750.0
	-0.0479116291402768	Kocak	bootstrap	1751.0
	0.22948254028820436	Kocak	bootstrap	1752.0
	0.33275231992769605	Kocak	bootstrap	1753.0
	-0.18154461692905244	Kocak	bootstrap	1754.0
	0.3898825762181932	Kocak	bootstrap	1755.0
	-0.1321074370771793	Kocak	bootstrap	1756.0
	0.26656051234060296	Kocak	bootstrap	1757.0
	-0.26678003699400676	Kocak	bootstrap	1758.0
	-0.32397682700438857	Kocak	bootstrap	1759.0
	0.17186143774542462	Kocak	bootstrap	1760.0
	0.23064209534577262	Kocak	bootstrap	1761.0
	0.20498860061009871	Kocak	bootstrap	1762.0
	0.06333618541223895	Kocak	bootstrap	1763.0
	-0.017943627892543113	Kocak	bootstrap	1764.0
	0.0919603334801602	Kocak	bootstrap	1765.0
	0.2791192006748666	Kocak	bootstrap	1766.0
	-0.21652504603115652	Kocak	bootstrap	1767.0
	-0.0264780234594042	Kocak	bootstrap	1768.0
	0.3699163510083112	Kocak	bootstrap	1769.0
	0.4642285313710319	Kocak	bootstrap	1770.0
	0.14094971197529294	Kocak	bootstrap	1771.0
	0.050918796664002564	Kocak	bootstrap	1772.0
	-0.04329417160868587	Kocak	bootstrap	1773.0
	0.025898443776121383	Kocak	bootstrap	1774.0
	0.32790436895866826	Kocak	bootstrap	1775.0
	0.1464589396243996	Kocak	bootstrap	1776.0
	0.08003050870858619	Kocak	bootstrap	1777.0
	0.10077343977611619	Kocak	bootstrap	1778.0
	0.199684501519787	Kocak	bootstrap	1779.0
	0.23449647183347277	Kocak	bootstrap	1780.0
	0.0510377317778139	Kocak	bootstrap	1781.0
	0.10102225469568982	Kocak	bootstrap	1782.0
	0.03548125801634949	Kocak	bootstrap	1783.0
	0.3623319094854569	Kocak	bootstrap	1784.0
	-0.204909321545089	Kocak	bootstrap	1785.0
	0.299926188701753	Kocak	bootstrap	1786.0
	-0.102768366214395	Kocak	bootstrap	1787.0
	-0.04990859185907315	Kocak	bootstrap	1788.0
	-0.30214801234116173	Kocak	bootstrap	1789.0
	-0.08898826212073008	Kocak	bootstrap	1790.0
	0.1518493380213517	Kocak	bootstrap	1791.0
	0.22307304727022448	Kocak	bootstrap	1792.0
	0.12269870714628439	Kocak	bootstrap	1793.0
	0.18486965877180683	Kocak	bootstrap	1794.0
	-0.06693573455209734	Kocak	bootstrap	1795.0
	0.43584805771455226	Kocak	bootstrap	1796.0
	-0.20489704619759186	Kocak	bootstrap	1797.0
	0.20897846462264624	Kocak	bootstrap	1798.0
	0.3664942404270768	Kocak	bootstrap	1799.0
	0.06030722464796234	Kocak	bootstrap	1800.0
	-0.15226187201442443	Kocak	bootstrap	1801.0
	0.3494230274937711	Kocak	bootstrap	1802.0
	0.1685489876713353	Kocak	bootstrap	1803.0
	0.05059366406252863	Kocak	bootstrap	1804.0
	0.3071458536075129	Kocak	bootstrap	1805.0
	0.2498583210860854	Kocak	bootstrap	1806.0
	0.21984167533355237	Kocak	bootstrap	1807.0
	-0.07077990890135322	Kocak	bootstrap	1808.0
	0.39865044723084164	Kocak	bootstrap	1809.0
	0.34300344274814343	Kocak	bootstrap	1810.0
	0.4683225026361235	Kocak	bootstrap	1811.0
	-0.0740531227826704	Kocak	bootstrap	1812.0
	-0.05018446769416496	Kocak	bootstrap	1813.0
	-0.19088837483278542	Kocak	bootstrap	1814.0
	0.39997899541228144	Kocak	bootstrap	1815.0
	-0.26942951599125875	Kocak	bootstrap	1816.0
	0.3977504920528503	Kocak	bootstrap	1817.0
	0.1283928296074235	Kocak	bootstrap	1818.0
	-0.2893358086745432	Kocak	bootstrap	1819.0
	-0.01706578427678096	Kocak	bootstrap	1820.0
	0.2458262464237002	Kocak	bootstrap	1821.0
	0.051894850325187036	Kocak	bootstrap	1822.0
	0.23738391458991792	Kocak	bootstrap	1823.0
	0.12068090252888641	Kocak	bootstrap	1824.0
	0.4851886311948208	Kocak	bootstrap	1825.0
	-0.01495725240077217	Kocak	bootstrap	1826.0
	-0.28154825672574235	Kocak	bootstrap	1827.0
	0.2068748772111837	Kocak	bootstrap	1828.0
	0.05938672388177135	Kocak	bootstrap	1829.0
	0.16159633322316846	Kocak	bootstrap	1830.0
	-0.05754335397905397	Kocak	bootstrap	1831.0
	0.5317648852491503	Kocak	bootstrap	1832.0
	0.07350028325268276	Kocak	bootstrap	1833.0
	0.3520222683293719	Kocak	bootstrap	1834.0
	0.0893110171236593	Kocak	bootstrap	1835.0
	0.23603589405363046	Kocak	bootstrap	1836.0
	0.10405018526330956	Kocak	bootstrap	1837.0
	-0.19776736475041545	Kocak	bootstrap	1838.0
	0.013591908605366854	Kocak	bootstrap	1839.0
	0.3965411126054228	Kocak	bootstrap	1840.0
	-0.26010490145906484	Kocak	bootstrap	1841.0
	0.16361046782874844	Kocak	bootstrap	1842.0
	-0.5959087415872677	Kocak	bootstrap	1843.0
	0.12821360968829332	Kocak	bootstrap	1844.0
	-0.09886383917569885	Kocak	bootstrap	1845.0
	0.05818669417641065	Kocak	bootstrap	1846.0
	0.044670990082818385	Kocak	bootstrap	1847.0
	0.6536775296843986	Kocak	bootstrap	1848.0
	0.16223293127621297	Kocak	bootstrap	1849.0
	-0.017896886750843777	Kocak	bootstrap	1850.0
	0.10354779461374619	Kocak	bootstrap	1851.0
	0.49948593517747497	Kocak	bootstrap	1852.0
	0.13546039011622923	Kocak	bootstrap	1853.0
	0.3265530704028583	Kocak	bootstrap	1854.0
	0.15798976227049621	Kocak	bootstrap	1855.0
	0.12254243025939093	Kocak	bootstrap	1856.0
	-0.2800531395626664	Kocak	bootstrap	1857.0
	0.24596036617446693	Kocak	bootstrap	1858.0
	0.1527586732912436	Kocak	bootstrap	1859.0
	0.1797052642048369	Kocak	bootstrap	1860.0
	0.28110817321562287	Kocak	bootstrap	1861.0
	-0.11626083635658047	Kocak	bootstrap	1862.0
	0.1706046312387679	Kocak	bootstrap	1863.0
	-0.03015476369878911	Kocak	bootstrap	1864.0
	-0.2384363147241646	Kocak	bootstrap	1865.0
	-0.24601003831898582	Kocak	bootstrap	1866.0
	0.2928175762686518	Kocak	bootstrap	1867.0
	0.12973197540013626	Kocak	bootstrap	1868.0
	-0.1941975956197015	Kocak	bootstrap	1869.0
	-0.23106390811394562	Kocak	bootstrap	1870.0
	0.12481561563299426	Kocak	bootstrap	1871.0
	0.04089765575798232	Kocak	bootstrap	1872.0
	0.19710246784833796	Kocak	bootstrap	1873.0
	-0.2063384923037037	Kocak	bootstrap	1874.0
	0.1951178475041253	Kocak	bootstrap	1875.0
	0.2916732385096328	Kocak	bootstrap	1876.0
	0.12672169686150525	Kocak	bootstrap	1877.0
	-0.5867893410744625	Kocak	bootstrap	1878.0
	0.20090145360668998	Kocak	bootstrap	1879.0
	0.1696835751824297	Kocak	bootstrap	1880.0
	0.11200636228724825	Kocak	bootstrap	1881.0
	0.3185406739164227	Kocak	bootstrap	1882.0
	0.448084781906565	Kocak	bootstrap	1883.0
	0.058874031279743555	Kocak	bootstrap	1884.0
	0.21073606774134035	Kocak	bootstrap	1885.0
	-0.0400683399000501	Kocak	bootstrap	1886.0
	-0.03470148086843672	Kocak	bootstrap	1887.0
	0.40957546465431527	Kocak	bootstrap	1888.0
	-0.07854749863088806	Kocak	bootstrap	1889.0
	0.014809815098137946	Kocak	bootstrap	1890.0
	-0.2588459516962942	Kocak	bootstrap	1891.0
	0.4687552144092386	Kocak	bootstrap	1892.0
	0.05594528090996498	Kocak	bootstrap	1893.0
	0.18658171026588732	Kocak	bootstrap	1894.0
	0.17074569646808424	Kocak	bootstrap	1895.0
	-0.5434563532183336	Kocak	bootstrap	1896.0
	0.22929797178358413	Kocak	bootstrap	1897.0
	-0.039984594422776354	Kocak	bootstrap	1898.0
	0.13380540690492548	Kocak	bootstrap	1899.0
	0.3423297033472199	Kocak	bootstrap	1900.0
	0.09673588616045858	Kocak	bootstrap	1901.0
	-0.10523794501748451	Kocak	bootstrap	1902.0
	0.19320491597759748	Kocak	bootstrap	1903.0
	0.2066924262139791	Kocak	bootstrap	1904.0
	0.5309624362978296	Kocak	bootstrap	1905.0
	0.1778534816459274	Kocak	bootstrap	1906.0
	0.24595242012524832	Kocak	bootstrap	1907.0
	0.43955217235152944	Kocak	bootstrap	1908.0
	0.025407580018575793	Kocak	bootstrap	1909.0
	-0.34152600892966456	Kocak	bootstrap	1910.0
	0.3512718650601201	Kocak	bootstrap	1911.0
	0.33282677199415023	Kocak	bootstrap	1912.0
	0.1788704020343106	Kocak	bootstrap	1913.0
	0.24086976143507055	Kocak	bootstrap	1914.0
	0.05741866880960966	Kocak	bootstrap	1915.0
	-0.07364877220019839	Kocak	bootstrap	1916.0
	0.3305393862199084	Kocak	bootstrap	1917.0
	0.09981709315553111	Kocak	bootstrap	1918.0
	0.4010154266453396	Kocak	bootstrap	1919.0
	-0.26265000307207353	Kocak	bootstrap	1920.0
	0.27744818605094856	Kocak	bootstrap	1921.0
	0.19739364617729382	Kocak	bootstrap	1922.0
	0.391984045525712	Kocak	bootstrap	1923.0
	-0.2013559183227791	Kocak	bootstrap	1924.0
	0.1360061731149509	Kocak	bootstrap	1925.0
	-0.03799843209869014	Kocak	bootstrap	1926.0
	0.18597607551740847	Kocak	bootstrap	1927.0
	-0.12343824596134301	Kocak	bootstrap	1928.0
	0.49750603777556446	Kocak	bootstrap	1929.0
	0.11803125368704226	Kocak	bootstrap	1930.0
	-0.07127266021938894	Kocak	bootstrap	1931.0
	0.2565554442885327	Kocak	bootstrap	1932.0
	-0.12620143702234188	Kocak	bootstrap	1933.0
	0.4123624276585254	Kocak	bootstrap	1934.0
	-0.012828675132765532	Kocak	bootstrap	1935.0
	0.06969943025875924	Kocak	bootstrap	1936.0
	0.28462218341517076	Kocak	bootstrap	1937.0
	0.023334702490758197	Kocak	bootstrap	1938.0
	-0.3544567424474341	Kocak	bootstrap	1939.0
	-0.057396224929982864	Kocak	bootstrap	1940.0
	0.2515074344648873	Kocak	bootstrap	1941.0
	-0.2660961138263409	Kocak	bootstrap	1942.0
	0.1859365562828339	Kocak	bootstrap	1943.0
	0.27198563015624355	Kocak	bootstrap	1944.0
	0.2021555247936062	Kocak	bootstrap	1945.0
	0.2836453742795193	Kocak	bootstrap	1946.0
	0.22966176590201126	Kocak	bootstrap	1947.0
	0.13353096277288223	Kocak	bootstrap	1948.0
	0.15771961714047933	Kocak	bootstrap	1949.0
	0.430462146470429	Kocak	bootstrap	1950.0
	0.2957896558987487	Kocak	bootstrap	1951.0
	0.20455991570110665	Kocak	bootstrap	1952.0
	0.2725687288565526	Kocak	bootstrap	1953.0
	-0.0775995263903182	Kocak	bootstrap	1954.0
	0.05305011711850405	Kocak	bootstrap	1955.0
	0.026894419588201046	Kocak	bootstrap	1956.0
	0.031439434540548206	Kocak	bootstrap	1957.0
	-0.12879013428339903	Kocak	bootstrap	1958.0
	0.3277623908171723	Kocak	bootstrap	1959.0
	-0.3251340441265187	Kocak	bootstrap	1960.0
	0.29108101830872624	Kocak	bootstrap	1961.0
	-0.07006887986301802	Kocak	bootstrap	1962.0
	-0.08128145593775127	Kocak	bootstrap	1963.0
	0.2873810798184939	Kocak	bootstrap	1964.0
	-0.09055095067342034	Kocak	bootstrap	1965.0
	0.18247639307800867	Kocak	bootstrap	1966.0
	0.22094213193742984	Kocak	bootstrap	1967.0
	-0.03610317850696276	Kocak	bootstrap	1968.0
	-0.22331503963805766	Kocak	bootstrap	1969.0
	0.09690206034351867	Kocak	bootstrap	1970.0
	0.10353008498055072	Kocak	bootstrap	1971.0
	0.23434025608120468	Kocak	bootstrap	1972.0
	-0.10367617322360445	Kocak	bootstrap	1973.0
	0.4223417393426958	Kocak	bootstrap	1974.0
	-0.07393385114772055	Kocak	bootstrap	1975.0
	0.2878978583072369	Kocak	bootstrap	1976.0
	0.5088598314445392	Kocak	bootstrap	1977.0
	-0.017486149237073256	Kocak	bootstrap	1978.0
	-0.0225903087842374	Kocak	bootstrap	1979.0
	-0.03338482247683494	Kocak	bootstrap	1980.0
	0.0429312008181677	Kocak	bootstrap	1981.0
	-0.02479361140638936	Kocak	bootstrap	1982.0
	0.4465142673460907	Kocak	bootstrap	1983.0
	0.38489326380187094	Kocak	bootstrap	1984.0
	-0.07527823911695997	Kocak	bootstrap	1985.0
	-0.032598767700181774	Kocak	bootstrap	1986.0
	-0.2196078670816659	Kocak	bootstrap	1987.0
	-0.1558319988566983	Kocak	bootstrap	1988.0
	0.00021630889426837996	Kocak	bootstrap	1989.0
	0.3924011830181522	Kocak	bootstrap	1990.0
	-0.47397823970290176	Kocak	bootstrap	1991.0
	0.002557639482989593	Kocak	bootstrap	1992.0
	-0.023027950738867098	Kocak	bootstrap	1993.0
	0.21627119125867011	Kocak	bootstrap	1994.0
	0.06166374873001068	Kocak	bootstrap	1995.0
	-0.13816733187911767	Kocak	bootstrap	1996.0
	-0.2274762833462023	Kocak	bootstrap	1997.0
	0.11465960784708251	Kocak	bootstrap	1998.0
	0.014050216381953362	Kocak	bootstrap	1999.0
	0.09616673378188079	Kocak	bootstrap	2000.0
