perm_id	delta_ccd_draw	database_name	draw_type	bootstrap_id
1.0	-0.05685298914631298	SEQC	permutation	
2.0	-0.17866921275797676	SEQC	permutation	
3.0	0.03314352083999239	SEQC	permutation	
4.0	-0.31805388200846973	SEQC	permutation	
5.0	-0.07341182120716372	SEQC	permutation	
6.0	-0.12934073976355043	SEQC	permutation	
7.0	0.13782907748851514	SEQC	permutation	
8.0	-0.05114653593663032	SEQC	permutation	
9.0	0.05199489161503168	SEQC	permutation	
10.0	0.09001096196650993	SEQC	permutation	
11.0	-0.10067982259889252	SEQC	permutation	
12.0	-0.1552351088094701	SEQC	permutation	
13.0	0.04820079541612321	SEQC	permutation	
14.0	-0.022254245281446483	SEQC	permutation	
15.0	-0.03140160187905394	SEQC	permutation	
16.0	0.15226684658183354	SEQC	permutation	
17.0	0.09148583650467135	SEQC	permutation	
18.0	0.02859372926587289	SEQC	permutation	
19.0	-0.10232975853520632	SEQC	permutation	
20.0	-0.12372406881214904	SEQC	permutation	
21.0	0.026419733837236947	SEQC	permutation	
22.0	0.10085935441364846	SEQC	permutation	
23.0	-0.11799291511142851	SEQC	permutation	
24.0	-0.07365691230538962	SEQC	permutation	
25.0	0.14623246861247763	SEQC	permutation	
26.0	0.15123374116339283	SEQC	permutation	
27.0	-0.20716960920574046	SEQC	permutation	
28.0	-0.174111095276833	SEQC	permutation	
29.0	0.014502175908036374	SEQC	permutation	
30.0	-0.018267782358412532	SEQC	permutation	
31.0	0.10313949186498306	SEQC	permutation	
32.0	0.055422361990709046	SEQC	permutation	
33.0	0.0630683739397826	SEQC	permutation	
34.0	-0.09118713144140012	SEQC	permutation	
35.0	-0.06672971377493564	SEQC	permutation	
36.0	-0.017280467938059818	SEQC	permutation	
37.0	-0.09441068025236055	SEQC	permutation	
38.0	-0.038596530465024426	SEQC	permutation	
39.0	-0.11717721850450902	SEQC	permutation	
40.0	-0.08369411775094271	SEQC	permutation	
41.0	-0.1474545992618861	SEQC	permutation	
42.0	0.020797960788835557	SEQC	permutation	
43.0	-0.1332168890021661	SEQC	permutation	
44.0	0.07046996083968615	SEQC	permutation	
45.0	0.07503049160688935	SEQC	permutation	
46.0	0.17798683064780496	SEQC	permutation	
47.0	-7.742889809447817e-05	SEQC	permutation	
48.0	-0.07949176516893397	SEQC	permutation	
49.0	-0.12177709922472868	SEQC	permutation	
50.0	-0.022369132116367485	SEQC	permutation	
51.0	-0.027536432340724115	SEQC	permutation	
52.0	-0.23596310430075418	SEQC	permutation	
53.0	-0.05897187174920271	SEQC	permutation	
54.0	0.06151836470968064	SEQC	permutation	
55.0	-0.10204256562396363	SEQC	permutation	
56.0	0.047119230206024376	SEQC	permutation	
57.0	0.05735114969464883	SEQC	permutation	
58.0	-0.22603266039590908	SEQC	permutation	
59.0	0.15065740328628596	SEQC	permutation	
60.0	-0.20459467644816787	SEQC	permutation	
61.0	-0.1581662567674491	SEQC	permutation	
62.0	-0.06260255701124429	SEQC	permutation	
63.0	-0.1862559137816806	SEQC	permutation	
64.0	-0.02080514936251321	SEQC	permutation	
65.0	0.10738054314773171	SEQC	permutation	
66.0	0.06785345036353618	SEQC	permutation	
67.0	-0.06290680138625993	SEQC	permutation	
68.0	0.2415997411004409	SEQC	permutation	
69.0	-0.1331776443329633	SEQC	permutation	
70.0	-0.14166760855751726	SEQC	permutation	
71.0	-0.08006038753004718	SEQC	permutation	
72.0	-0.17737969182431534	SEQC	permutation	
73.0	0.009801268275652752	SEQC	permutation	
74.0	-0.031090116783553334	SEQC	permutation	
75.0	0.030051840181042788	SEQC	permutation	
76.0	-0.10785517377157738	SEQC	permutation	
77.0	-0.15337792923999727	SEQC	permutation	
78.0	-0.006631515247063735	SEQC	permutation	
79.0	-0.02857236823843179	SEQC	permutation	
80.0	0.01741779209347527	SEQC	permutation	
81.0	-0.09993887278792846	SEQC	permutation	
82.0	0.2403964950574533	SEQC	permutation	
83.0	-0.13450237066779502	SEQC	permutation	
84.0	-0.032756349681565045	SEQC	permutation	
85.0	0.06286242298971079	SEQC	permutation	
86.0	0.02123030333384346	SEQC	permutation	
87.0	-0.005144001765588602	SEQC	permutation	
88.0	0.0123710281349112	SEQC	permutation	
89.0	-0.17693646393805906	SEQC	permutation	
90.0	-0.2670460598102493	SEQC	permutation	
91.0	0.024749974076474945	SEQC	permutation	
92.0	0.1385164734118991	SEQC	permutation	
93.0	-0.012691135784834717	SEQC	permutation	
94.0	0.11023407948635722	SEQC	permutation	
95.0	0.026138889304560653	SEQC	permutation	
96.0	-0.022260461030009004	SEQC	permutation	
97.0	-0.06807862092469108	SEQC	permutation	
98.0	-0.03841266653142039	SEQC	permutation	
99.0	-0.02643674445659716	SEQC	permutation	
100.0	0.06772962077510059	SEQC	permutation	
101.0	0.02477952541685502	SEQC	permutation	
102.0	0.054211678602250846	SEQC	permutation	
103.0	0.017873784863559283	SEQC	permutation	
104.0	-0.06118718694847258	SEQC	permutation	
105.0	0.003319662382779587	SEQC	permutation	
106.0	0.06526681082310537	SEQC	permutation	
107.0	0.045535275714638335	SEQC	permutation	
108.0	0.09675871490435162	SEQC	permutation	
109.0	0.08747000682925554	SEQC	permutation	
110.0	-0.0774617433799194	SEQC	permutation	
111.0	-0.015777298638633308	SEQC	permutation	
112.0	-0.0612876943855003	SEQC	permutation	
113.0	-0.014256800089085253	SEQC	permutation	
114.0	-0.03099845544607227	SEQC	permutation	
115.0	-0.19053190539930176	SEQC	permutation	
116.0	0.036069714657707586	SEQC	permutation	
117.0	-0.0926869872584537	SEQC	permutation	
118.0	0.1106212450266657	SEQC	permutation	
119.0	0.014408423121668346	SEQC	permutation	
120.0	-0.005412584556726774	SEQC	permutation	
121.0	0.11884721995421721	SEQC	permutation	
122.0	-0.08921123853469881	SEQC	permutation	
123.0	0.10180435743018323	SEQC	permutation	
124.0	0.026098248234967425	SEQC	permutation	
125.0	-0.05769487087092218	SEQC	permutation	
126.0	-0.015052848817637798	SEQC	permutation	
127.0	-0.030241297169153913	SEQC	permutation	
128.0	0.05268394382462738	SEQC	permutation	
129.0	-0.07877908056769956	SEQC	permutation	
130.0	-0.06456561156714669	SEQC	permutation	
131.0	0.025797403329385737	SEQC	permutation	
132.0	-0.05469980398360663	SEQC	permutation	
133.0	0.035470978528182595	SEQC	permutation	
134.0	-0.01619829231690373	SEQC	permutation	
135.0	-0.011481993853827088	SEQC	permutation	
136.0	-0.16351570155165573	SEQC	permutation	
137.0	-0.21394596714031788	SEQC	permutation	
138.0	-0.1337826966551301	SEQC	permutation	
139.0	0.05943734925444799	SEQC	permutation	
140.0	-0.037001239824749454	SEQC	permutation	
141.0	-0.1761212997696191	SEQC	permutation	
142.0	-0.0999189024307725	SEQC	permutation	
143.0	-0.14181398256588595	SEQC	permutation	
144.0	0.1895803065520214	SEQC	permutation	
145.0	0.16689717291102335	SEQC	permutation	
146.0	-0.20308702047742155	SEQC	permutation	
147.0	0.028536806435446316	SEQC	permutation	
148.0	-0.2109568909288111	SEQC	permutation	
149.0	0.10135775795023916	SEQC	permutation	
150.0	-0.13640572996606615	SEQC	permutation	
151.0	-0.10379028500246879	SEQC	permutation	
152.0	0.11924260494046557	SEQC	permutation	
153.0	-0.03482999938427067	SEQC	permutation	
154.0	0.19795075109532556	SEQC	permutation	
155.0	-0.08150979509929002	SEQC	permutation	
156.0	0.05110090236863041	SEQC	permutation	
157.0	0.23735868890601708	SEQC	permutation	
158.0	-0.10308083304626292	SEQC	permutation	
159.0	-0.16337510121578935	SEQC	permutation	
160.0	0.07195313686014071	SEQC	permutation	
161.0	-0.013650405914807706	SEQC	permutation	
162.0	0.004969184923120817	SEQC	permutation	
163.0	-0.034294478323965816	SEQC	permutation	
164.0	0.005028324252980276	SEQC	permutation	
165.0	-0.09084947053064463	SEQC	permutation	
166.0	0.12929519172702664	SEQC	permutation	
167.0	0.17130450976092604	SEQC	permutation	
168.0	-0.03404224794959365	SEQC	permutation	
169.0	-0.063037300800874	SEQC	permutation	
170.0	0.24385115428220105	SEQC	permutation	
171.0	-0.09557378624415236	SEQC	permutation	
172.0	0.15605379276036224	SEQC	permutation	
173.0	0.09026423257436411	SEQC	permutation	
174.0	-0.003299892368944679	SEQC	permutation	
175.0	-0.09361017201230837	SEQC	permutation	
176.0	-0.030954005478248448	SEQC	permutation	
177.0	-0.035778972072283644	SEQC	permutation	
178.0	0.027607310730445533	SEQC	permutation	
179.0	-0.09966091060552529	SEQC	permutation	
180.0	0.2357480155450249	SEQC	permutation	
181.0	-0.078299243980966	SEQC	permutation	
182.0	-0.21776034328226768	SEQC	permutation	
183.0	-0.01237787297003523	SEQC	permutation	
184.0	-0.04963862271147379	SEQC	permutation	
185.0	0.06870736319834814	SEQC	permutation	
186.0	0.1395368772240162	SEQC	permutation	
187.0	0.014586015843169431	SEQC	permutation	
188.0	-0.12306216418119442	SEQC	permutation	
189.0	-0.18572857002213627	SEQC	permutation	
190.0	-0.16021689740885225	SEQC	permutation	
191.0	-0.10351225034136569	SEQC	permutation	
192.0	0.09564571177119907	SEQC	permutation	
193.0	0.002440701385368449	SEQC	permutation	
194.0	0.11910544143505053	SEQC	permutation	
195.0	0.03749862057402353	SEQC	permutation	
196.0	-0.05924285327928969	SEQC	permutation	
197.0	-0.02192616439189088	SEQC	permutation	
198.0	-0.22321637073694145	SEQC	permutation	
199.0	0.27169110237180716	SEQC	permutation	
200.0	-0.0517496914833222	SEQC	permutation	
201.0	-0.019692740708397327	SEQC	permutation	
202.0	-0.06201465966462205	SEQC	permutation	
203.0	-0.03434126014682448	SEQC	permutation	
204.0	0.21021810069571956	SEQC	permutation	
205.0	-0.08737103362338017	SEQC	permutation	
206.0	-0.0876860041602816	SEQC	permutation	
207.0	-0.033633222168162114	SEQC	permutation	
208.0	0.13633444867257571	SEQC	permutation	
209.0	-0.006781688622518711	SEQC	permutation	
210.0	-0.05700145560147485	SEQC	permutation	
211.0	0.031578012578346026	SEQC	permutation	
212.0	0.058911409158391326	SEQC	permutation	
213.0	-0.09094148907526334	SEQC	permutation	
214.0	-0.10812048364111826	SEQC	permutation	
215.0	0.005681662052911207	SEQC	permutation	
216.0	-0.17365635932864	SEQC	permutation	
217.0	0.07356321168628854	SEQC	permutation	
218.0	-0.04559513230619627	SEQC	permutation	
219.0	-0.07290326934723756	SEQC	permutation	
220.0	0.0885972534869901	SEQC	permutation	
221.0	0.08394420340482922	SEQC	permutation	
222.0	-0.061484867289096634	SEQC	permutation	
223.0	0.08659374442281464	SEQC	permutation	
224.0	-0.08040889012718333	SEQC	permutation	
225.0	0.018273643091691216	SEQC	permutation	
226.0	-0.10794918959109934	SEQC	permutation	
227.0	-0.1030320290408917	SEQC	permutation	
228.0	-0.01491087791586665	SEQC	permutation	
229.0	0.021252655315777247	SEQC	permutation	
230.0	0.06234764780827673	SEQC	permutation	
231.0	0.07508089603728463	SEQC	permutation	
232.0	0.19217333539349024	SEQC	permutation	
233.0	-0.07274982170737365	SEQC	permutation	
234.0	0.011326316461026664	SEQC	permutation	
235.0	0.00224359137159702	SEQC	permutation	
236.0	0.08150747171239336	SEQC	permutation	
237.0	0.1220743770521886	SEQC	permutation	
238.0	0.03867589583765074	SEQC	permutation	
239.0	0.1351520838939293	SEQC	permutation	
240.0	0.09035153143426555	SEQC	permutation	
241.0	-0.15983515296293138	SEQC	permutation	
242.0	0.11075609241093431	SEQC	permutation	
243.0	-0.14842612077127626	SEQC	permutation	
244.0	0.02397249671633883	SEQC	permutation	
245.0	0.0633889354118411	SEQC	permutation	
246.0	0.030790435394449034	SEQC	permutation	
247.0	-0.06780625739636381	SEQC	permutation	
248.0	-0.040297315039005355	SEQC	permutation	
249.0	-0.12058750124915862	SEQC	permutation	
250.0	-0.06512969404644942	SEQC	permutation	
251.0	0.0051233385973596945	SEQC	permutation	
252.0	-0.10997059562175648	SEQC	permutation	
253.0	-0.009360544508957958	SEQC	permutation	
254.0	-0.014939988712604269	SEQC	permutation	
255.0	0.1180341490970771	SEQC	permutation	
256.0	-0.18068022117839755	SEQC	permutation	
257.0	-0.004095592494236744	SEQC	permutation	
258.0	0.01360655626299101	SEQC	permutation	
259.0	0.172107964338732	SEQC	permutation	
260.0	0.07137197405580187	SEQC	permutation	
261.0	-0.1671308972096197	SEQC	permutation	
262.0	0.03268279060704593	SEQC	permutation	
263.0	-0.05743014343613417	SEQC	permutation	
264.0	-0.12106130372769197	SEQC	permutation	
265.0	0.04125749868672646	SEQC	permutation	
266.0	0.15368979868867694	SEQC	permutation	
267.0	0.2136933742819842	SEQC	permutation	
268.0	0.08461440398816134	SEQC	permutation	
269.0	0.018359684258288045	SEQC	permutation	
270.0	-0.09519519806676158	SEQC	permutation	
271.0	-0.14579671268145367	SEQC	permutation	
272.0	-0.12321856098513129	SEQC	permutation	
273.0	0.03498799848311318	SEQC	permutation	
274.0	-0.011686155407223175	SEQC	permutation	
275.0	0.03791563225018901	SEQC	permutation	
276.0	0.0765565512497326	SEQC	permutation	
277.0	0.13820922603998165	SEQC	permutation	
278.0	0.04838218194942279	SEQC	permutation	
279.0	0.02875013246702185	SEQC	permutation	
280.0	-0.37626553970195475	SEQC	permutation	
281.0	0.11269972553256125	SEQC	permutation	
282.0	0.038506352358079976	SEQC	permutation	
283.0	0.08523768059256787	SEQC	permutation	
284.0	-0.12416919527188108	SEQC	permutation	
285.0	-0.14026429322799627	SEQC	permutation	
286.0	-0.20720262288339075	SEQC	permutation	
287.0	0.08991151367890726	SEQC	permutation	
288.0	-0.05976919330843167	SEQC	permutation	
289.0	-0.055406537328491545	SEQC	permutation	
290.0	-0.1362644267411528	SEQC	permutation	
291.0	-0.08875680277586984	SEQC	permutation	
292.0	0.10525770651970179	SEQC	permutation	
293.0	-0.08925928846246656	SEQC	permutation	
294.0	-0.143840887985621	SEQC	permutation	
295.0	0.027927765845879193	SEQC	permutation	
296.0	-0.19276345195376665	SEQC	permutation	
297.0	-0.14649849719773256	SEQC	permutation	
298.0	-0.1931937639119874	SEQC	permutation	
299.0	-0.06008571957613773	SEQC	permutation	
300.0	0.04132307436588345	SEQC	permutation	
301.0	-0.1290174902459662	SEQC	permutation	
302.0	0.07097563630445292	SEQC	permutation	
303.0	0.07924205863625078	SEQC	permutation	
304.0	0.055779375977590195	SEQC	permutation	
305.0	0.002593657431680274	SEQC	permutation	
306.0	-0.20759397123833878	SEQC	permutation	
307.0	-0.19423962423854713	SEQC	permutation	
308.0	-0.08959677296432078	SEQC	permutation	
309.0	0.056857418329626874	SEQC	permutation	
310.0	0.13001946169891943	SEQC	permutation	
311.0	0.2005590635408745	SEQC	permutation	
312.0	-0.09833200966481215	SEQC	permutation	
313.0	-0.014859706471450185	SEQC	permutation	
314.0	-0.11002914949214881	SEQC	permutation	
315.0	-0.05026734807759636	SEQC	permutation	
316.0	-0.10360303998391762	SEQC	permutation	
317.0	0.014323429420812328	SEQC	permutation	
318.0	0.008302441165804808	SEQC	permutation	
319.0	-0.07400050994164031	SEQC	permutation	
320.0	0.04956425140511378	SEQC	permutation	
321.0	0.05378513455991163	SEQC	permutation	
322.0	0.11680050585192259	SEQC	permutation	
323.0	0.06640116654280526	SEQC	permutation	
324.0	-0.09965580554613229	SEQC	permutation	
325.0	-0.06150277444064933	SEQC	permutation	
326.0	-0.11971367139888178	SEQC	permutation	
327.0	-0.09510073095990901	SEQC	permutation	
328.0	-0.07606208064795261	SEQC	permutation	
329.0	0.01588006429393385	SEQC	permutation	
330.0	0.19767088708943792	SEQC	permutation	
331.0	0.03628823114261204	SEQC	permutation	
332.0	-0.10367530248043222	SEQC	permutation	
333.0	0.02439626682616014	SEQC	permutation	
334.0	-0.07942380253349368	SEQC	permutation	
335.0	-0.02035686992246033	SEQC	permutation	
336.0	-0.1392107485535723	SEQC	permutation	
337.0	-0.17260032652690915	SEQC	permutation	
338.0	-0.27963211391766807	SEQC	permutation	
339.0	0.009544107055654116	SEQC	permutation	
340.0	-0.047881519941186834	SEQC	permutation	
341.0	-0.04279712669095881	SEQC	permutation	
342.0	0.05553912279546358	SEQC	permutation	
343.0	0.028505672016441608	SEQC	permutation	
344.0	-0.1669574441835069	SEQC	permutation	
345.0	0.008246369309881985	SEQC	permutation	
346.0	0.0388708308879715	SEQC	permutation	
347.0	-0.000825707731877845	SEQC	permutation	
348.0	0.02688585519357911	SEQC	permutation	
349.0	-0.022673046833700194	SEQC	permutation	
350.0	-0.0632353356831108	SEQC	permutation	
351.0	-0.12998397929180694	SEQC	permutation	
352.0	-0.0008422286188878303	SEQC	permutation	
353.0	0.05479437471363724	SEQC	permutation	
354.0	0.13884864221871318	SEQC	permutation	
355.0	-0.08187808788420003	SEQC	permutation	
356.0	-0.030341169860565564	SEQC	permutation	
357.0	-0.2810462338388877	SEQC	permutation	
358.0	0.06511876657121896	SEQC	permutation	
359.0	0.09281648050726465	SEQC	permutation	
360.0	0.06088234770934697	SEQC	permutation	
361.0	-0.054843043619164256	SEQC	permutation	
362.0	0.02949592423962688	SEQC	permutation	
363.0	-0.056089586839118244	SEQC	permutation	
364.0	0.09912921871019575	SEQC	permutation	
365.0	-0.16578104366383783	SEQC	permutation	
366.0	0.010836603113431043	SEQC	permutation	
367.0	0.009235722164223414	SEQC	permutation	
368.0	-0.21351954521932903	SEQC	permutation	
369.0	0.0940289884642862	SEQC	permutation	
370.0	-0.03964264822128749	SEQC	permutation	
371.0	-0.06692165864668631	SEQC	permutation	
372.0	-0.025487426970449256	SEQC	permutation	
373.0	0.019998907553510747	SEQC	permutation	
374.0	-0.01689579333455482	SEQC	permutation	
375.0	-0.045933894803306785	SEQC	permutation	
376.0	-0.15461803738603797	SEQC	permutation	
377.0	-0.09733102719038556	SEQC	permutation	
378.0	-0.008014567706672082	SEQC	permutation	
379.0	0.04753243707593313	SEQC	permutation	
380.0	0.03847702866422331	SEQC	permutation	
381.0	-0.1810057542043757	SEQC	permutation	
382.0	0.04379119879161708	SEQC	permutation	
383.0	0.09585972601774806	SEQC	permutation	
384.0	0.14798162258389835	SEQC	permutation	
385.0	0.08548567701435283	SEQC	permutation	
386.0	0.060742707289440645	SEQC	permutation	
387.0	-0.10489204120956863	SEQC	permutation	
388.0	-0.10068464702773428	SEQC	permutation	
389.0	-0.03447652720626149	SEQC	permutation	
390.0	-0.06415044112850543	SEQC	permutation	
391.0	0.08944038044299596	SEQC	permutation	
392.0	0.12369654149822473	SEQC	permutation	
393.0	-0.23867406773057676	SEQC	permutation	
394.0	0.0662493086088598	SEQC	permutation	
395.0	0.011842236244830495	SEQC	permutation	
396.0	-0.17354174467662897	SEQC	permutation	
397.0	-0.021035538146540578	SEQC	permutation	
398.0	-0.18817546181692135	SEQC	permutation	
399.0	0.11266315275213579	SEQC	permutation	
400.0	0.035768403580315855	SEQC	permutation	
401.0	0.00865223056503961	SEQC	permutation	
402.0	-0.04434364349970732	SEQC	permutation	
403.0	0.06319820929041153	SEQC	permutation	
404.0	0.03832366520042152	SEQC	permutation	
405.0	-0.012749972683800959	SEQC	permutation	
406.0	-0.03978070441812598	SEQC	permutation	
407.0	-0.2167684599443449	SEQC	permutation	
408.0	0.03961239760357227	SEQC	permutation	
409.0	-0.040159991421311325	SEQC	permutation	
410.0	-0.2190869446446726	SEQC	permutation	
411.0	0.12614386441200098	SEQC	permutation	
412.0	-0.024333884414023288	SEQC	permutation	
413.0	0.022397699778474056	SEQC	permutation	
414.0	0.08043284283303098	SEQC	permutation	
415.0	-0.12227672447174864	SEQC	permutation	
416.0	-0.09777685031677397	SEQC	permutation	
417.0	0.0772641209796614	SEQC	permutation	
418.0	-0.1778059537312875	SEQC	permutation	
419.0	-0.19867402698547876	SEQC	permutation	
420.0	-0.045035375386830445	SEQC	permutation	
421.0	0.09459111443407409	SEQC	permutation	
422.0	-0.1969667777741555	SEQC	permutation	
423.0	0.028538519697245857	SEQC	permutation	
424.0	-0.0995437921902651	SEQC	permutation	
425.0	0.057356793784062	SEQC	permutation	
426.0	-0.011899259659120975	SEQC	permutation	
427.0	-0.16042340968299929	SEQC	permutation	
428.0	-0.09808176414422887	SEQC	permutation	
429.0	-0.0971794448382961	SEQC	permutation	
430.0	-0.35186702841248607	SEQC	permutation	
431.0	0.016726188541505316	SEQC	permutation	
432.0	0.1227436911773121	SEQC	permutation	
433.0	0.047059772927186216	SEQC	permutation	
434.0	-0.1425215117630998	SEQC	permutation	
435.0	-0.04916296919191954	SEQC	permutation	
436.0	-0.046965221490529174	SEQC	permutation	
437.0	-0.08509411454160887	SEQC	permutation	
438.0	-0.05774886298684434	SEQC	permutation	
439.0	-0.020102482899550633	SEQC	permutation	
440.0	-0.20764406231575405	SEQC	permutation	
441.0	0.031328349048520554	SEQC	permutation	
442.0	0.002095263314270124	SEQC	permutation	
443.0	-0.10533630924960491	SEQC	permutation	
444.0	0.004066073531520775	SEQC	permutation	
445.0	-0.11062073184776677	SEQC	permutation	
446.0	-0.11701794474457827	SEQC	permutation	
447.0	0.14956300177066018	SEQC	permutation	
448.0	-0.13784888115630034	SEQC	permutation	
449.0	0.06948296665746323	SEQC	permutation	
450.0	-0.10825487790253074	SEQC	permutation	
451.0	0.18683128965172724	SEQC	permutation	
452.0	-0.11529401847657939	SEQC	permutation	
453.0	0.07782353200155123	SEQC	permutation	
454.0	0.0037393916009800243	SEQC	permutation	
455.0	0.014701667390224493	SEQC	permutation	
456.0	-0.019922860742702664	SEQC	permutation	
457.0	0.08436978370576309	SEQC	permutation	
458.0	0.031166940782890507	SEQC	permutation	
459.0	0.06788939654137094	SEQC	permutation	
460.0	0.054799179021235656	SEQC	permutation	
461.0	-0.15519796984959378	SEQC	permutation	
462.0	-0.0660524295442122	SEQC	permutation	
463.0	0.012139403173091257	SEQC	permutation	
464.0	0.13038714908071292	SEQC	permutation	
465.0	-0.14100505844752265	SEQC	permutation	
466.0	-0.21904160901896264	SEQC	permutation	
467.0	0.1756911355909896	SEQC	permutation	
468.0	0.007042930747048093	SEQC	permutation	
469.0	-0.01713214512780814	SEQC	permutation	
470.0	-0.003257106726656467	SEQC	permutation	
471.0	-0.0673611747516798	SEQC	permutation	
472.0	0.09611355133629829	SEQC	permutation	
473.0	-0.05138981468446824	SEQC	permutation	
474.0	0.19117095748293522	SEQC	permutation	
475.0	-0.14124779438652135	SEQC	permutation	
476.0	-0.11153056080794199	SEQC	permutation	
477.0	-0.09018981753970445	SEQC	permutation	
478.0	-0.007654514529380929	SEQC	permutation	
479.0	-0.18534922634957463	SEQC	permutation	
480.0	-0.1645367534478437	SEQC	permutation	
481.0	-0.09531850918524576	SEQC	permutation	
482.0	-0.1399383078556049	SEQC	permutation	
483.0	0.4179485014755122	SEQC	permutation	
484.0	0.05685930606151057	SEQC	permutation	
485.0	0.1453817358875633	SEQC	permutation	
486.0	0.056083927898714414	SEQC	permutation	
487.0	-0.021981642766791154	SEQC	permutation	
488.0	-0.04865331826402475	SEQC	permutation	
489.0	-0.04296752588401276	SEQC	permutation	
490.0	-0.1463524169228423	SEQC	permutation	
491.0	0.09125522280567644	SEQC	permutation	
492.0	0.14128188857397594	SEQC	permutation	
493.0	-0.042414250788039176	SEQC	permutation	
494.0	0.03691506262034183	SEQC	permutation	
495.0	-0.08866429533500808	SEQC	permutation	
496.0	0.07934295807833092	SEQC	permutation	
497.0	0.10667767832624842	SEQC	permutation	
498.0	-0.12631839993303817	SEQC	permutation	
499.0	0.012692623501957545	SEQC	permutation	
500.0	0.1883945606425388	SEQC	permutation	
501.0	0.06430054337784075	SEQC	permutation	
502.0	-0.01713931119243428	SEQC	permutation	
503.0	-0.11131410177652867	SEQC	permutation	
504.0	0.006023360845687886	SEQC	permutation	
505.0	0.04359425005483164	SEQC	permutation	
506.0	0.050185856536404394	SEQC	permutation	
507.0	-0.09289729153904513	SEQC	permutation	
508.0	-0.22702609635945992	SEQC	permutation	
509.0	0.1178237010744021	SEQC	permutation	
510.0	0.1440251999204527	SEQC	permutation	
511.0	-0.10088664109256751	SEQC	permutation	
512.0	-0.0756833528689298	SEQC	permutation	
513.0	0.06302642320126317	SEQC	permutation	
514.0	-0.016255925950800165	SEQC	permutation	
515.0	0.00015028435732888923	SEQC	permutation	
516.0	0.07477963038522262	SEQC	permutation	
517.0	-0.16668250937612505	SEQC	permutation	
518.0	-0.20199497671298783	SEQC	permutation	
519.0	0.023072557125463522	SEQC	permutation	
520.0	0.07159150521828828	SEQC	permutation	
521.0	-0.1307620339457345	SEQC	permutation	
522.0	-0.06780580009481785	SEQC	permutation	
523.0	-0.010970213320375954	SEQC	permutation	
524.0	0.08894307333499185	SEQC	permutation	
525.0	0.0482617947698043	SEQC	permutation	
526.0	0.13255576899795596	SEQC	permutation	
527.0	0.15702745014793695	SEQC	permutation	
528.0	-0.027911535696331757	SEQC	permutation	
529.0	0.1661924371682244	SEQC	permutation	
530.0	0.09169114070159168	SEQC	permutation	
531.0	-0.11267350401052445	SEQC	permutation	
532.0	-0.017651745775558503	SEQC	permutation	
533.0	-0.10460777233921892	SEQC	permutation	
534.0	0.14065944656957097	SEQC	permutation	
535.0	-0.14983178763599536	SEQC	permutation	
536.0	-0.11188304638572122	SEQC	permutation	
537.0	0.043806361310664954	SEQC	permutation	
538.0	0.21419466451997993	SEQC	permutation	
539.0	-0.09432887492366548	SEQC	permutation	
540.0	0.01929210371278023	SEQC	permutation	
541.0	0.18042879117415778	SEQC	permutation	
542.0	0.01827189094012338	SEQC	permutation	
543.0	0.224214312924361	SEQC	permutation	
544.0	-0.04998788754765915	SEQC	permutation	
545.0	-0.02138755366617584	SEQC	permutation	
546.0	0.01753787963169806	SEQC	permutation	
547.0	0.06721776356636866	SEQC	permutation	
548.0	-0.015165780738431778	SEQC	permutation	
549.0	-0.16865026096887403	SEQC	permutation	
550.0	0.07615875046039289	SEQC	permutation	
551.0	0.07432387934937656	SEQC	permutation	
552.0	-0.07803903406197366	SEQC	permutation	
553.0	-0.008299291383110585	SEQC	permutation	
554.0	0.2186598725553397	SEQC	permutation	
555.0	0.17026321792534116	SEQC	permutation	
556.0	-0.033417123827661044	SEQC	permutation	
557.0	-0.11738341414569575	SEQC	permutation	
558.0	0.07950978397540576	SEQC	permutation	
559.0	-0.1081119463839868	SEQC	permutation	
560.0	-0.23856856933944215	SEQC	permutation	
561.0	-0.20005215732527137	SEQC	permutation	
562.0	0.022425354308801992	SEQC	permutation	
563.0	-0.0010471024925928774	SEQC	permutation	
564.0	0.047921299932133454	SEQC	permutation	
565.0	0.0009494832279113297	SEQC	permutation	
566.0	-0.21203596691452065	SEQC	permutation	
567.0	-0.166181828545656	SEQC	permutation	
568.0	0.02396778013872769	SEQC	permutation	
569.0	0.019795200687497072	SEQC	permutation	
570.0	-0.08922708417754022	SEQC	permutation	
571.0	-0.03729256044648244	SEQC	permutation	
572.0	0.2238520723365105	SEQC	permutation	
573.0	-0.125050225612942	SEQC	permutation	
574.0	-0.17654815907862487	SEQC	permutation	
575.0	-0.24411329987196817	SEQC	permutation	
576.0	-0.17051543270495317	SEQC	permutation	
577.0	-0.12776583952692455	SEQC	permutation	
578.0	0.036202348836202436	SEQC	permutation	
579.0	-0.1821795353634088	SEQC	permutation	
580.0	-0.007030762097855359	SEQC	permutation	
581.0	0.23994473596217736	SEQC	permutation	
582.0	-0.10525994848553477	SEQC	permutation	
583.0	-0.1719314802697851	SEQC	permutation	
584.0	0.28916855564394783	SEQC	permutation	
585.0	-0.13277918794733568	SEQC	permutation	
586.0	0.036367702739785734	SEQC	permutation	
587.0	-0.000919303148088968	SEQC	permutation	
588.0	-0.09319380463537152	SEQC	permutation	
589.0	0.01997431263299898	SEQC	permutation	
590.0	-0.060466175260526	SEQC	permutation	
591.0	-0.20079649668130406	SEQC	permutation	
592.0	-0.03162418108787257	SEQC	permutation	
593.0	0.08023562307081455	SEQC	permutation	
594.0	-0.13283904794360124	SEQC	permutation	
595.0	0.03954934706451052	SEQC	permutation	
596.0	0.04472409951300227	SEQC	permutation	
597.0	-0.036423314766919734	SEQC	permutation	
598.0	0.16812504780650972	SEQC	permutation	
599.0	0.17466946067451739	SEQC	permutation	
600.0	0.08009858453962782	SEQC	permutation	
601.0	0.26929010869619807	SEQC	permutation	
602.0	0.026489032726043416	SEQC	permutation	
603.0	-0.08380944814772429	SEQC	permutation	
604.0	-0.16079511660237245	SEQC	permutation	
605.0	-0.02288587562483979	SEQC	permutation	
606.0	-0.013282066895769606	SEQC	permutation	
607.0	0.0045611569454586665	SEQC	permutation	
608.0	-0.013097700289141034	SEQC	permutation	
609.0	-0.06138340927528496	SEQC	permutation	
610.0	0.07333760932135736	SEQC	permutation	
611.0	-0.048980499155621526	SEQC	permutation	
612.0	0.04579240334122625	SEQC	permutation	
613.0	-0.03679817942480135	SEQC	permutation	
614.0	0.05476144101407998	SEQC	permutation	
615.0	0.047314166802848945	SEQC	permutation	
616.0	-0.00869231004701998	SEQC	permutation	
617.0	-0.07321619178664207	SEQC	permutation	
618.0	0.033654296561685726	SEQC	permutation	
619.0	0.10594021236369455	SEQC	permutation	
620.0	-0.19138391687566036	SEQC	permutation	
621.0	0.03824428093759513	SEQC	permutation	
622.0	-0.058066190628426106	SEQC	permutation	
623.0	-0.007602293467984911	SEQC	permutation	
624.0	0.00473599921107315	SEQC	permutation	
625.0	0.15629333753914	SEQC	permutation	
626.0	0.1433025314449181	SEQC	permutation	
627.0	-0.012428104928660755	SEQC	permutation	
628.0	-0.015950354670470457	SEQC	permutation	
629.0	0.07695720780061022	SEQC	permutation	
630.0	-0.03221967431480355	SEQC	permutation	
631.0	-0.12465441873764815	SEQC	permutation	
632.0	-0.14238966289146004	SEQC	permutation	
633.0	0.0014070131955477017	SEQC	permutation	
634.0	-0.25998069786521993	SEQC	permutation	
635.0	0.09104472328585089	SEQC	permutation	
636.0	-0.0037044295194457177	SEQC	permutation	
637.0	0.024396528482308444	SEQC	permutation	
638.0	0.018280425917316823	SEQC	permutation	
639.0	-0.001355062585596034	SEQC	permutation	
640.0	0.16549195781506487	SEQC	permutation	
641.0	-0.029890359958207657	SEQC	permutation	
642.0	-0.055244343828130926	SEQC	permutation	
643.0	-0.0007502596622055435	SEQC	permutation	
644.0	-0.07415995678374321	SEQC	permutation	
645.0	-0.02561989813276222	SEQC	permutation	
646.0	-0.024198924526949828	SEQC	permutation	
647.0	0.06838583726128711	SEQC	permutation	
648.0	0.004046607395184143	SEQC	permutation	
649.0	-0.00028189016703716874	SEQC	permutation	
650.0	-0.07289224424074048	SEQC	permutation	
651.0	0.051679519563455845	SEQC	permutation	
652.0	-0.011418173822310251	SEQC	permutation	
653.0	0.05320100682634221	SEQC	permutation	
654.0	0.03814968068508939	SEQC	permutation	
655.0	-0.14612574205661621	SEQC	permutation	
656.0	-0.15483773053956496	SEQC	permutation	
657.0	-0.0279913717959146	SEQC	permutation	
658.0	0.13677618990935647	SEQC	permutation	
659.0	0.023892461279173105	SEQC	permutation	
660.0	0.049519384895522656	SEQC	permutation	
661.0	0.10767865547679056	SEQC	permutation	
662.0	0.0017377278051009526	SEQC	permutation	
663.0	-0.10122934171408193	SEQC	permutation	
664.0	-0.11474938096641818	SEQC	permutation	
665.0	0.2037976416375873	SEQC	permutation	
666.0	0.06086946259902781	SEQC	permutation	
667.0	-0.25759848628740434	SEQC	permutation	
668.0	0.037516904108837235	SEQC	permutation	
669.0	-0.03970111751234473	SEQC	permutation	
670.0	0.018833912559166777	SEQC	permutation	
671.0	-0.031112974975529006	SEQC	permutation	
672.0	-0.024260002943612857	SEQC	permutation	
673.0	0.17055989612967615	SEQC	permutation	
674.0	0.10062509670303532	SEQC	permutation	
675.0	-0.1826300436788313	SEQC	permutation	
676.0	-0.1523380755544146	SEQC	permutation	
677.0	-0.006930135757204248	SEQC	permutation	
678.0	0.03942150586081361	SEQC	permutation	
679.0	-0.08736521708636058	SEQC	permutation	
680.0	0.04646449276979281	SEQC	permutation	
681.0	0.12122444668507049	SEQC	permutation	
682.0	-0.15589373346529012	SEQC	permutation	
683.0	0.08281948730961197	SEQC	permutation	
684.0	-0.09743638537152677	SEQC	permutation	
685.0	-0.14456838251986825	SEQC	permutation	
686.0	-0.1694734856243003	SEQC	permutation	
687.0	-0.025845865480702113	SEQC	permutation	
688.0	0.2593410386142194	SEQC	permutation	
689.0	0.09318625712524087	SEQC	permutation	
690.0	-0.07668262658267633	SEQC	permutation	
691.0	0.0675942769137583	SEQC	permutation	
692.0	-0.14534232298115546	SEQC	permutation	
693.0	-0.1174011337482721	SEQC	permutation	
694.0	-0.007139991758594366	SEQC	permutation	
695.0	-0.013650600280676883	SEQC	permutation	
696.0	0.058148164815106096	SEQC	permutation	
697.0	-0.004632374005248074	SEQC	permutation	
698.0	0.11061933349218833	SEQC	permutation	
699.0	-0.04393133344397304	SEQC	permutation	
700.0	0.014423621842658552	SEQC	permutation	
701.0	0.006217380584887078	SEQC	permutation	
702.0	0.0038434139967695735	SEQC	permutation	
703.0	0.052497816231927175	SEQC	permutation	
704.0	-0.07671290592175728	SEQC	permutation	
705.0	-0.07324910975660881	SEQC	permutation	
706.0	0.00380447027697306	SEQC	permutation	
707.0	-0.10972723413944108	SEQC	permutation	
708.0	-0.07245667869118044	SEQC	permutation	
709.0	0.1260314886294256	SEQC	permutation	
710.0	-0.05386619039606799	SEQC	permutation	
711.0	-0.14125263602881732	SEQC	permutation	
712.0	0.04111041307697105	SEQC	permutation	
713.0	-0.009657690810473962	SEQC	permutation	
714.0	0.048133820576213626	SEQC	permutation	
715.0	-0.12280134540886456	SEQC	permutation	
716.0	0.08389825346983537	SEQC	permutation	
717.0	-0.049638131767624216	SEQC	permutation	
718.0	0.08577131420685324	SEQC	permutation	
719.0	0.22897545070213	SEQC	permutation	
720.0	0.14943286968372593	SEQC	permutation	
721.0	-0.07211551519602599	SEQC	permutation	
722.0	-0.20154923741295905	SEQC	permutation	
723.0	-0.0355733641724707	SEQC	permutation	
724.0	-0.1271532812586078	SEQC	permutation	
725.0	-0.024395846734791782	SEQC	permutation	
726.0	0.10879558322702021	SEQC	permutation	
727.0	-0.09036280505084626	SEQC	permutation	
728.0	0.059426701402483406	SEQC	permutation	
729.0	-0.02630649667608642	SEQC	permutation	
730.0	0.016396553758294186	SEQC	permutation	
731.0	0.0015248562396017462	SEQC	permutation	
732.0	0.048656800675562994	SEQC	permutation	
733.0	0.008591573092604499	SEQC	permutation	
734.0	0.04481406814862998	SEQC	permutation	
735.0	0.05926971618728416	SEQC	permutation	
736.0	0.14549902852348984	SEQC	permutation	
737.0	0.102885511464057	SEQC	permutation	
738.0	0.0851972794266711	SEQC	permutation	
739.0	0.09456851784351761	SEQC	permutation	
740.0	-0.06753486164476064	SEQC	permutation	
741.0	-0.04182570130148289	SEQC	permutation	
742.0	0.03514722178521845	SEQC	permutation	
743.0	-0.030848684151274064	SEQC	permutation	
744.0	-0.02748276102806635	SEQC	permutation	
745.0	-0.03257710634056421	SEQC	permutation	
746.0	-0.03521988557151268	SEQC	permutation	
747.0	0.05926999397966437	SEQC	permutation	
748.0	-0.05157390728672562	SEQC	permutation	
749.0	0.02334489106801163	SEQC	permutation	
750.0	-0.13183423103810687	SEQC	permutation	
751.0	-0.010433806273442592	SEQC	permutation	
752.0	-0.13403284326161824	SEQC	permutation	
753.0	0.1898592790847884	SEQC	permutation	
754.0	0.0038140145104188505	SEQC	permutation	
755.0	-0.1327552914450747	SEQC	permutation	
756.0	0.10421158422617038	SEQC	permutation	
757.0	-0.14619368543434152	SEQC	permutation	
758.0	0.1251028852600884	SEQC	permutation	
759.0	0.10952304729327489	SEQC	permutation	
760.0	0.06739657742392291	SEQC	permutation	
761.0	0.09312982559337701	SEQC	permutation	
762.0	-0.01563598296170765	SEQC	permutation	
763.0	-0.037304295054532144	SEQC	permutation	
764.0	-0.014231599760322844	SEQC	permutation	
765.0	0.12303531543817448	SEQC	permutation	
766.0	-0.01171220804237727	SEQC	permutation	
767.0	0.07002700125508499	SEQC	permutation	
768.0	-0.0716226550950485	SEQC	permutation	
769.0	0.13514964207743319	SEQC	permutation	
770.0	0.21596359791544595	SEQC	permutation	
771.0	-0.02431054692144441	SEQC	permutation	
772.0	-0.1629844917836154	SEQC	permutation	
773.0	-0.18253027694286494	SEQC	permutation	
774.0	-0.1848642258199189	SEQC	permutation	
775.0	-0.06177853865061289	SEQC	permutation	
776.0	-0.05308172422393964	SEQC	permutation	
777.0	0.11530955469283244	SEQC	permutation	
778.0	-0.08302480583935878	SEQC	permutation	
779.0	0.0982888417453549	SEQC	permutation	
780.0	-0.21245843800259978	SEQC	permutation	
781.0	0.1170852340274493	SEQC	permutation	
782.0	-0.1595921029701266	SEQC	permutation	
783.0	0.10490253381811154	SEQC	permutation	
784.0	-0.15715910269533184	SEQC	permutation	
785.0	0.00023609270609048494	SEQC	permutation	
786.0	-0.14790487969964072	SEQC	permutation	
787.0	-0.06760272545712276	SEQC	permutation	
788.0	-0.18252471464630649	SEQC	permutation	
789.0	0.11980507516924455	SEQC	permutation	
790.0	0.04040181718721403	SEQC	permutation	
791.0	-0.16516929632468225	SEQC	permutation	
792.0	-0.01722251365101979	SEQC	permutation	
793.0	-0.08721630247502743	SEQC	permutation	
794.0	-0.20201857692354608	SEQC	permutation	
795.0	0.05166595730818546	SEQC	permutation	
796.0	0.06826179404961463	SEQC	permutation	
797.0	0.07437882186251654	SEQC	permutation	
798.0	0.03430689810716325	SEQC	permutation	
799.0	0.07112764711756991	SEQC	permutation	
800.0	0.12363948411191927	SEQC	permutation	
801.0	-0.0805306119154614	SEQC	permutation	
802.0	0.07375326712835806	SEQC	permutation	
803.0	-0.15751262777003783	SEQC	permutation	
804.0	-0.08766969394226054	SEQC	permutation	
805.0	0.16472374219872732	SEQC	permutation	
806.0	0.05452365847221463	SEQC	permutation	
807.0	-0.004176427699744689	SEQC	permutation	
808.0	0.042865711439073806	SEQC	permutation	
809.0	-0.04452649932646269	SEQC	permutation	
810.0	0.09459260001324621	SEQC	permutation	
811.0	-0.06945955087492672	SEQC	permutation	
812.0	-0.1004056572708194	SEQC	permutation	
813.0	-0.08463571696095284	SEQC	permutation	
814.0	-0.1281158064687924	SEQC	permutation	
815.0	-0.024594339189396575	SEQC	permutation	
816.0	0.08799292145725346	SEQC	permutation	
817.0	0.07793807674420528	SEQC	permutation	
818.0	-0.11278886494897078	SEQC	permutation	
819.0	-0.11751897938203948	SEQC	permutation	
820.0	0.08545472542513854	SEQC	permutation	
821.0	0.005066324714638082	SEQC	permutation	
822.0	-0.03557299476140141	SEQC	permutation	
823.0	-0.10441428388201013	SEQC	permutation	
824.0	-0.10584469462534196	SEQC	permutation	
825.0	-0.03580975189543034	SEQC	permutation	
826.0	0.024416167806446953	SEQC	permutation	
827.0	0.037127595680345404	SEQC	permutation	
828.0	0.012304235454646317	SEQC	permutation	
829.0	0.0560495607266267	SEQC	permutation	
830.0	0.02124945034801007	SEQC	permutation	
831.0	-0.09452432464849325	SEQC	permutation	
832.0	0.003165564528687881	SEQC	permutation	
833.0	-0.06668026288865558	SEQC	permutation	
834.0	-0.0093061648302033	SEQC	permutation	
835.0	0.17514068594825583	SEQC	permutation	
836.0	0.10243238119765818	SEQC	permutation	
837.0	-0.11747972817300267	SEQC	permutation	
838.0	-0.03957518353086442	SEQC	permutation	
839.0	-0.17050844662157116	SEQC	permutation	
840.0	0.06870309636985938	SEQC	permutation	
841.0	0.06264376405480121	SEQC	permutation	
842.0	-0.02768256165912719	SEQC	permutation	
843.0	-0.049379014898816465	SEQC	permutation	
844.0	0.14153784677810055	SEQC	permutation	
845.0	-0.0492897815662916	SEQC	permutation	
846.0	-0.1684144245804169	SEQC	permutation	
847.0	-0.0849494877183492	SEQC	permutation	
848.0	0.017982059881829215	SEQC	permutation	
849.0	0.08276338032503805	SEQC	permutation	
850.0	-0.19872994208399009	SEQC	permutation	
851.0	0.20389992693821357	SEQC	permutation	
852.0	-0.061513377480299614	SEQC	permutation	
853.0	-0.09726422664406531	SEQC	permutation	
854.0	0.027816196278020566	SEQC	permutation	
855.0	0.1429501054270954	SEQC	permutation	
856.0	0.00034546327341056227	SEQC	permutation	
857.0	-0.1167118209984559	SEQC	permutation	
858.0	-0.06193708158307043	SEQC	permutation	
859.0	0.04844783043694223	SEQC	permutation	
860.0	0.008376406754286858	SEQC	permutation	
861.0	-0.16589777352949175	SEQC	permutation	
862.0	0.10315760795164763	SEQC	permutation	
863.0	-0.08284486792945334	SEQC	permutation	
864.0	-0.13877105085191133	SEQC	permutation	
865.0	0.03197423018810097	SEQC	permutation	
866.0	0.1489514478911218	SEQC	permutation	
867.0	0.14133985356690992	SEQC	permutation	
868.0	0.0403942929810972	SEQC	permutation	
869.0	0.027115742115761954	SEQC	permutation	
870.0	0.08709542532079384	SEQC	permutation	
871.0	0.05760143438907317	SEQC	permutation	
872.0	0.06618456227828196	SEQC	permutation	
873.0	0.016569085601388256	SEQC	permutation	
874.0	-0.05056177099308101	SEQC	permutation	
875.0	0.026231935029761733	SEQC	permutation	
876.0	0.1369379831151356	SEQC	permutation	
877.0	0.0522238022305852	SEQC	permutation	
878.0	-0.031913137215902054	SEQC	permutation	
879.0	-0.08914137173945846	SEQC	permutation	
880.0	-0.08224331499848603	SEQC	permutation	
881.0	0.13670101364368703	SEQC	permutation	
882.0	0.02349747765880794	SEQC	permutation	
883.0	-0.12420200405247428	SEQC	permutation	
884.0	-0.029842817560926882	SEQC	permutation	
885.0	-0.1485433072955047	SEQC	permutation	
886.0	0.165025415243214	SEQC	permutation	
887.0	0.14587794986731462	SEQC	permutation	
888.0	0.14420526951742563	SEQC	permutation	
889.0	-0.26806014288898217	SEQC	permutation	
890.0	-0.17459538271947572	SEQC	permutation	
891.0	0.09732198951008098	SEQC	permutation	
892.0	0.09142144751001435	SEQC	permutation	
893.0	-0.0018754931103575068	SEQC	permutation	
894.0	0.013189661854402512	SEQC	permutation	
895.0	-0.027660076833439184	SEQC	permutation	
896.0	0.0722703736372492	SEQC	permutation	
897.0	0.046544766545846716	SEQC	permutation	
898.0	-0.09955899197423168	SEQC	permutation	
899.0	-0.03202330444337953	SEQC	permutation	
900.0	0.1941251465869529	SEQC	permutation	
901.0	-0.1255838339751909	SEQC	permutation	
902.0	0.08014066935814324	SEQC	permutation	
903.0	0.04019217299985245	SEQC	permutation	
904.0	0.14828494424848326	SEQC	permutation	
905.0	0.06610703871382162	SEQC	permutation	
906.0	-0.026285690617923407	SEQC	permutation	
907.0	-0.049099181188193786	SEQC	permutation	
908.0	0.013391274139029186	SEQC	permutation	
909.0	0.1514533051116307	SEQC	permutation	
910.0	0.02529431236238988	SEQC	permutation	
911.0	0.03276973964230523	SEQC	permutation	
912.0	0.10490155505715393	SEQC	permutation	
913.0	-0.053374298592877345	SEQC	permutation	
914.0	-0.1334675774092151	SEQC	permutation	
915.0	0.05886399973902767	SEQC	permutation	
916.0	0.14948822932534434	SEQC	permutation	
917.0	0.06253234258163642	SEQC	permutation	
918.0	-0.08304066022696732	SEQC	permutation	
919.0	-0.00984895715939782	SEQC	permutation	
920.0	-0.009269886775422176	SEQC	permutation	
921.0	-0.3054740777936624	SEQC	permutation	
922.0	-0.026854875303713666	SEQC	permutation	
923.0	-0.16581748458016143	SEQC	permutation	
924.0	-0.14903929231196011	SEQC	permutation	
925.0	0.034371304736342534	SEQC	permutation	
926.0	-0.011331157951128823	SEQC	permutation	
927.0	0.016879148159330892	SEQC	permutation	
928.0	-0.20136319099835998	SEQC	permutation	
929.0	-0.041028074865559816	SEQC	permutation	
930.0	-0.1328538657185856	SEQC	permutation	
931.0	-0.023412353094053984	SEQC	permutation	
932.0	0.04106046589328649	SEQC	permutation	
933.0	-0.08716379760506143	SEQC	permutation	
934.0	-0.1595537485731766	SEQC	permutation	
935.0	0.015976823076389035	SEQC	permutation	
936.0	0.039208510707507305	SEQC	permutation	
937.0	-0.0268500168349739	SEQC	permutation	
938.0	-0.1684193904077902	SEQC	permutation	
939.0	-0.09664004535357407	SEQC	permutation	
940.0	-0.05014768180853135	SEQC	permutation	
941.0	-0.09224210795862309	SEQC	permutation	
942.0	-0.15966295895014326	SEQC	permutation	
943.0	-0.01071782230086793	SEQC	permutation	
944.0	0.1243277017801061	SEQC	permutation	
945.0	0.03471891317470188	SEQC	permutation	
946.0	-0.010649142734499684	SEQC	permutation	
947.0	-0.07015159244053137	SEQC	permutation	
948.0	-0.1722810926108571	SEQC	permutation	
949.0	0.09592280848601709	SEQC	permutation	
950.0	0.0043554331587061235	SEQC	permutation	
951.0	0.005897004702065001	SEQC	permutation	
952.0	0.09246468958428267	SEQC	permutation	
953.0	-0.25943031976110165	SEQC	permutation	
954.0	0.08217548078680137	SEQC	permutation	
955.0	-0.011056482699666859	SEQC	permutation	
956.0	0.15514276925907122	SEQC	permutation	
957.0	-0.21103649767867472	SEQC	permutation	
958.0	-0.14943272758125303	SEQC	permutation	
959.0	-0.1019070958850321	SEQC	permutation	
960.0	-0.03662893725860039	SEQC	permutation	
961.0	-0.21144699836679814	SEQC	permutation	
962.0	0.06254345173599729	SEQC	permutation	
963.0	-0.07539101476541576	SEQC	permutation	
964.0	-0.01745921148751739	SEQC	permutation	
965.0	-0.05938732050967355	SEQC	permutation	
966.0	-0.0015591215712422724	SEQC	permutation	
967.0	0.1552019997407279	SEQC	permutation	
968.0	0.09002247936094454	SEQC	permutation	
969.0	-0.0484457010507775	SEQC	permutation	
970.0	-0.07964607710758287	SEQC	permutation	
971.0	0.05642712240440373	SEQC	permutation	
972.0	-0.0005896283854167628	SEQC	permutation	
973.0	-0.27742854691547647	SEQC	permutation	
974.0	-0.004245045297817995	SEQC	permutation	
975.0	0.04509962334791151	SEQC	permutation	
976.0	-0.060158305066355666	SEQC	permutation	
977.0	-0.24117894122067884	SEQC	permutation	
978.0	-0.052084226845244164	SEQC	permutation	
979.0	0.055676901405957935	SEQC	permutation	
980.0	0.03427823935424179	SEQC	permutation	
981.0	0.11192285981163508	SEQC	permutation	
982.0	0.015520655731969146	SEQC	permutation	
983.0	0.034391074263108834	SEQC	permutation	
984.0	0.018708132220897955	SEQC	permutation	
985.0	-0.002525654622489437	SEQC	permutation	
986.0	-0.05700253077510453	SEQC	permutation	
987.0	0.05701908304290848	SEQC	permutation	
988.0	0.04345723552174974	SEQC	permutation	
989.0	0.03461424295980198	SEQC	permutation	
990.0	-0.014154351737301951	SEQC	permutation	
991.0	-0.04710752536095342	SEQC	permutation	
992.0	-0.09071891472283777	SEQC	permutation	
993.0	-0.015565259461722825	SEQC	permutation	
994.0	0.1357975916781644	SEQC	permutation	
995.0	-0.028786369662542555	SEQC	permutation	
996.0	-0.09664696568412134	SEQC	permutation	
997.0	-0.08175899239828954	SEQC	permutation	
998.0	-0.04243540712513916	SEQC	permutation	
999.0	-0.024933250693487174	SEQC	permutation	
1000.0	-0.15687290676237753	SEQC	permutation	
1001.0	0.048381833828083476	SEQC	permutation	
1002.0	-0.041149123247181674	SEQC	permutation	
1003.0	-0.051463273285428546	SEQC	permutation	
1004.0	0.04029824765214984	SEQC	permutation	
1005.0	0.12218904550698939	SEQC	permutation	
1006.0	0.0544629096244158	SEQC	permutation	
1007.0	-0.12217731063514847	SEQC	permutation	
1008.0	-0.0040268245626369215	SEQC	permutation	
1009.0	0.028724601602251543	SEQC	permutation	
1010.0	0.18121819906262804	SEQC	permutation	
1011.0	-0.2450669385715547	SEQC	permutation	
1012.0	0.06368515381677398	SEQC	permutation	
1013.0	0.004222153113099925	SEQC	permutation	
1014.0	0.12718759164235394	SEQC	permutation	
1015.0	-0.08891552941700986	SEQC	permutation	
1016.0	-0.11108342799816784	SEQC	permutation	
1017.0	-0.05691490218202899	SEQC	permutation	
1018.0	-0.15131617408867148	SEQC	permutation	
1019.0	0.003119572853269137	SEQC	permutation	
1020.0	0.07421633871888877	SEQC	permutation	
1021.0	-0.28044200030271993	SEQC	permutation	
1022.0	-0.05726051542858768	SEQC	permutation	
1023.0	-0.014689336197224456	SEQC	permutation	
1024.0	-0.1712539732450522	SEQC	permutation	
1025.0	-0.008347709337491072	SEQC	permutation	
1026.0	0.025942113982113213	SEQC	permutation	
1027.0	-0.1586289352287853	SEQC	permutation	
1028.0	-0.18349373759986554	SEQC	permutation	
1029.0	-0.10530685011748853	SEQC	permutation	
1030.0	0.06365022504903006	SEQC	permutation	
1031.0	-0.05446988554660681	SEQC	permutation	
1032.0	0.1234380092453704	SEQC	permutation	
1033.0	0.02315883340832814	SEQC	permutation	
1034.0	-0.14667769324351898	SEQC	permutation	
1035.0	-0.00015611229921752567	SEQC	permutation	
1036.0	0.05900164753077064	SEQC	permutation	
1037.0	0.1618840913247439	SEQC	permutation	
1038.0	0.06966134007435665	SEQC	permutation	
1039.0	0.19227212163795526	SEQC	permutation	
1040.0	-0.006727086391581594	SEQC	permutation	
1041.0	-0.0657482572517587	SEQC	permutation	
1042.0	-0.24315310992118944	SEQC	permutation	
1043.0	-0.005068665092826219	SEQC	permutation	
1044.0	0.08422500982326664	SEQC	permutation	
1045.0	0.10092283921382794	SEQC	permutation	
1046.0	-0.09595422356936423	SEQC	permutation	
1047.0	-0.07818766725148452	SEQC	permutation	
1048.0	0.05653467587298744	SEQC	permutation	
1049.0	-0.07432528266063176	SEQC	permutation	
1050.0	-0.004640673592368749	SEQC	permutation	
1051.0	-0.18233860987069983	SEQC	permutation	
1052.0	-0.004480008054382534	SEQC	permutation	
1053.0	-0.11295869230120292	SEQC	permutation	
1054.0	-0.04694154172501053	SEQC	permutation	
1055.0	-0.06005876693801193	SEQC	permutation	
1056.0	-0.1009037009778786	SEQC	permutation	
1057.0	0.08511315494946681	SEQC	permutation	
1058.0	0.07026340850535373	SEQC	permutation	
1059.0	0.15308684498269898	SEQC	permutation	
1060.0	-0.036193612570616374	SEQC	permutation	
1061.0	-0.0028031536483767994	SEQC	permutation	
1062.0	-0.061443910058498474	SEQC	permutation	
1063.0	0.14319416532563656	SEQC	permutation	
1064.0	0.0995347562694815	SEQC	permutation	
1065.0	0.019158290306155124	SEQC	permutation	
1066.0	0.042494703047570415	SEQC	permutation	
1067.0	-0.09885904516324517	SEQC	permutation	
1068.0	0.12766535278390068	SEQC	permutation	
1069.0	0.04540362679909382	SEQC	permutation	
1070.0	-0.04252266530719906	SEQC	permutation	
1071.0	0.06352728473518265	SEQC	permutation	
1072.0	0.10949887777767797	SEQC	permutation	
1073.0	0.09438836777645321	SEQC	permutation	
1074.0	0.1660469884867828	SEQC	permutation	
1075.0	0.09895781802580306	SEQC	permutation	
1076.0	0.04693023374180827	SEQC	permutation	
1077.0	-0.09940438220579528	SEQC	permutation	
1078.0	-0.06522341152242728	SEQC	permutation	
1079.0	0.02097967899734643	SEQC	permutation	
1080.0	-0.11260891298112341	SEQC	permutation	
1081.0	0.02932948079876274	SEQC	permutation	
1082.0	0.01684859436444963	SEQC	permutation	
1083.0	-0.007792144754888319	SEQC	permutation	
1084.0	-0.11083675624767331	SEQC	permutation	
1085.0	-0.11936470170811964	SEQC	permutation	
1086.0	-0.04410279995287869	SEQC	permutation	
1087.0	-0.05574589563904242	SEQC	permutation	
1088.0	0.0021827546042518797	SEQC	permutation	
1089.0	-0.2431762150950556	SEQC	permutation	
1090.0	-0.12622741614098354	SEQC	permutation	
1091.0	0.19574267873349616	SEQC	permutation	
1092.0	0.06543794419402804	SEQC	permutation	
1093.0	-0.048260564910044046	SEQC	permutation	
1094.0	0.03386444591618165	SEQC	permutation	
1095.0	0.06113392098997883	SEQC	permutation	
1096.0	0.05334399834845893	SEQC	permutation	
1097.0	-0.004670154297618634	SEQC	permutation	
1098.0	-0.16917417279521985	SEQC	permutation	
1099.0	0.04154059866310478	SEQC	permutation	
1100.0	0.0009091851531728423	SEQC	permutation	
1101.0	-0.006478532752443034	SEQC	permutation	
1102.0	0.048187958345851545	SEQC	permutation	
1103.0	0.12206421486652941	SEQC	permutation	
1104.0	0.05532506837569828	SEQC	permutation	
1105.0	-0.08680783293117678	SEQC	permutation	
1106.0	-0.052280332622192116	SEQC	permutation	
1107.0	0.06010818702886933	SEQC	permutation	
1108.0	-0.15876304254782259	SEQC	permutation	
1109.0	-0.11674770899642573	SEQC	permutation	
1110.0	-0.046047190276397476	SEQC	permutation	
1111.0	0.028062892331957023	SEQC	permutation	
1112.0	-0.09558501996057744	SEQC	permutation	
1113.0	0.23080273519945305	SEQC	permutation	
1114.0	0.05265072583990227	SEQC	permutation	
1115.0	0.043452253264939955	SEQC	permutation	
1116.0	0.10128937283798001	SEQC	permutation	
1117.0	0.23335557093306036	SEQC	permutation	
1118.0	-0.14466448884557792	SEQC	permutation	
1119.0	-0.10475396028362427	SEQC	permutation	
1120.0	-0.13916246516786446	SEQC	permutation	
1121.0	0.07019065051267326	SEQC	permutation	
1122.0	-0.03340027070178708	SEQC	permutation	
1123.0	-0.08536773117782115	SEQC	permutation	
1124.0	0.17608715686765475	SEQC	permutation	
1125.0	0.23892281062922827	SEQC	permutation	
1126.0	-0.014818950656650731	SEQC	permutation	
1127.0	-0.15382207509373025	SEQC	permutation	
1128.0	0.15861114400453458	SEQC	permutation	
1129.0	0.20970958284140329	SEQC	permutation	
1130.0	-0.04791243825278979	SEQC	permutation	
1131.0	0.022996498420301492	SEQC	permutation	
1132.0	-0.022991939645737425	SEQC	permutation	
1133.0	0.1077486932917382	SEQC	permutation	
1134.0	0.06954182467424586	SEQC	permutation	
1135.0	0.17085093586592848	SEQC	permutation	
1136.0	-0.1201565669401421	SEQC	permutation	
1137.0	0.06157334936043046	SEQC	permutation	
1138.0	-0.01691756051020743	SEQC	permutation	
1139.0	-0.028313475992243653	SEQC	permutation	
1140.0	0.032378694690604615	SEQC	permutation	
1141.0	-0.1081897231203488	SEQC	permutation	
1142.0	0.09163826509588535	SEQC	permutation	
1143.0	-0.06397593087992481	SEQC	permutation	
1144.0	0.010163791690752877	SEQC	permutation	
1145.0	-0.1252069462377996	SEQC	permutation	
1146.0	-0.1772736396365313	SEQC	permutation	
1147.0	-0.0944342170761554	SEQC	permutation	
1148.0	-0.1128775485273219	SEQC	permutation	
1149.0	-0.2117598767005333	SEQC	permutation	
1150.0	0.059680733157363	SEQC	permutation	
1151.0	0.016471684402331377	SEQC	permutation	
1152.0	-0.11704556826019141	SEQC	permutation	
1153.0	-0.0747859553396304	SEQC	permutation	
1154.0	-0.06440848282695999	SEQC	permutation	
1155.0	0.002221198487813325	SEQC	permutation	
1156.0	0.08283264347077957	SEQC	permutation	
1157.0	0.09998391152367825	SEQC	permutation	
1158.0	-0.017235129354879586	SEQC	permutation	
1159.0	0.010020159101285397	SEQC	permutation	
1160.0	0.20615426410273008	SEQC	permutation	
1161.0	0.04274518415631068	SEQC	permutation	
1162.0	0.009629452621566337	SEQC	permutation	
1163.0	0.029694983104522787	SEQC	permutation	
1164.0	-0.15443655563432301	SEQC	permutation	
1165.0	0.07393013303664997	SEQC	permutation	
1166.0	-0.15918034458146124	SEQC	permutation	
1167.0	0.20177407322235297	SEQC	permutation	
1168.0	-0.022255925867865844	SEQC	permutation	
1169.0	-0.0028227414612445045	SEQC	permutation	
1170.0	0.028852649853380097	SEQC	permutation	
1171.0	0.06527542911810036	SEQC	permutation	
1172.0	-0.04706435005511711	SEQC	permutation	
1173.0	0.054085979011782026	SEQC	permutation	
1174.0	-0.06430837649408883	SEQC	permutation	
1175.0	-0.078961001454255	SEQC	permutation	
1176.0	-0.2330999965487215	SEQC	permutation	
1177.0	-0.009708912837715467	SEQC	permutation	
1178.0	-0.2004101666766256	SEQC	permutation	
1179.0	-0.005599901180665778	SEQC	permutation	
1180.0	-0.06496674947057945	SEQC	permutation	
1181.0	-0.06706212171304093	SEQC	permutation	
1182.0	-0.05695805178808655	SEQC	permutation	
1183.0	-0.054233929992053564	SEQC	permutation	
1184.0	0.1078901225939588	SEQC	permutation	
1185.0	0.04647342451055625	SEQC	permutation	
1186.0	-0.0783186976213428	SEQC	permutation	
1187.0	0.12139697120944071	SEQC	permutation	
1188.0	0.12106126703105868	SEQC	permutation	
1189.0	-0.10650023531111419	SEQC	permutation	
1190.0	-0.025100616432017997	SEQC	permutation	
1191.0	-0.17427067601204316	SEQC	permutation	
1192.0	0.06593165612105478	SEQC	permutation	
1193.0	-0.19664680776052146	SEQC	permutation	
1194.0	-0.0742298415086955	SEQC	permutation	
1195.0	0.013016861638803778	SEQC	permutation	
1196.0	0.013733641876458424	SEQC	permutation	
1197.0	-0.11891462965893806	SEQC	permutation	
1198.0	0.07801222843679145	SEQC	permutation	
1199.0	-0.0538654525834148	SEQC	permutation	
1200.0	-0.030440233141654005	SEQC	permutation	
1201.0	-0.175529756408213	SEQC	permutation	
1202.0	-0.1515228823804251	SEQC	permutation	
1203.0	-0.04109843648767786	SEQC	permutation	
1204.0	-0.02422302200323978	SEQC	permutation	
1205.0	-0.14227043247887305	SEQC	permutation	
1206.0	0.166422375474792	SEQC	permutation	
1207.0	0.005079956949765041	SEQC	permutation	
1208.0	-0.13310980296373076	SEQC	permutation	
1209.0	0.10920011074416092	SEQC	permutation	
1210.0	-0.15534431089097067	SEQC	permutation	
1211.0	0.1465939715574227	SEQC	permutation	
1212.0	0.007990471539980337	SEQC	permutation	
1213.0	0.048575773145797196	SEQC	permutation	
1214.0	-0.01424301177912346	SEQC	permutation	
1215.0	0.11337111874511896	SEQC	permutation	
1216.0	0.14077820604723312	SEQC	permutation	
1217.0	0.024370260384665166	SEQC	permutation	
1218.0	0.12174052867418705	SEQC	permutation	
1219.0	-0.034682191567157794	SEQC	permutation	
1220.0	-0.16908999697055993	SEQC	permutation	
1221.0	-0.022574895567325726	SEQC	permutation	
1222.0	-0.05176583351177699	SEQC	permutation	
1223.0	-0.13804203943957072	SEQC	permutation	
1224.0	0.009323175761323022	SEQC	permutation	
1225.0	-0.11680259411525418	SEQC	permutation	
1226.0	0.0004943481227095425	SEQC	permutation	
1227.0	0.0823168522089408	SEQC	permutation	
1228.0	0.052599404087019686	SEQC	permutation	
1229.0	-0.010473142165100313	SEQC	permutation	
1230.0	0.08941381794738001	SEQC	permutation	
1231.0	0.0406344012204749	SEQC	permutation	
1232.0	-0.18451093003759578	SEQC	permutation	
1233.0	0.044047038083545154	SEQC	permutation	
1234.0	0.05758172122734484	SEQC	permutation	
1235.0	0.03121394518520182	SEQC	permutation	
1236.0	0.05998603572482075	SEQC	permutation	
1237.0	-0.07414429312439541	SEQC	permutation	
1238.0	-0.14693915382928635	SEQC	permutation	
1239.0	-0.09295596847311449	SEQC	permutation	
1240.0	-0.015690428551101032	SEQC	permutation	
1241.0	0.02287913092634719	SEQC	permutation	
1242.0	-0.008338717009722885	SEQC	permutation	
1243.0	-0.016006665433711653	SEQC	permutation	
1244.0	-0.1673416515804318	SEQC	permutation	
1245.0	-0.06510099119941248	SEQC	permutation	
1246.0	0.07883508588442867	SEQC	permutation	
1247.0	0.03830410073153301	SEQC	permutation	
1248.0	-0.10352360640986369	SEQC	permutation	
1249.0	0.04617819198151629	SEQC	permutation	
1250.0	-0.13832114620553204	SEQC	permutation	
1251.0	-0.16174727912154463	SEQC	permutation	
1252.0	-0.059880172204996196	SEQC	permutation	
1253.0	-0.19299276753942074	SEQC	permutation	
1254.0	0.011115335382853253	SEQC	permutation	
1255.0	0.03648561188885857	SEQC	permutation	
1256.0	0.008019007649762155	SEQC	permutation	
1257.0	-0.16857448266130604	SEQC	permutation	
1258.0	0.009404744106079388	SEQC	permutation	
1259.0	0.05094203253425933	SEQC	permutation	
1260.0	-0.16035829311886785	SEQC	permutation	
1261.0	0.20829939328809566	SEQC	permutation	
1262.0	-0.010546658834762912	SEQC	permutation	
1263.0	-0.12682658360420174	SEQC	permutation	
1264.0	-0.09800550799051111	SEQC	permutation	
1265.0	-0.13738697095558194	SEQC	permutation	
1266.0	-0.03770216067614962	SEQC	permutation	
1267.0	-0.04305402065459951	SEQC	permutation	
1268.0	-0.07779549598587909	SEQC	permutation	
1269.0	0.19549728916583886	SEQC	permutation	
1270.0	0.08850018417502259	SEQC	permutation	
1271.0	0.15162982410146064	SEQC	permutation	
1272.0	0.07062612069328233	SEQC	permutation	
1273.0	0.14427393453579596	SEQC	permutation	
1274.0	-0.02881859758669414	SEQC	permutation	
1275.0	0.07755802526033939	SEQC	permutation	
1276.0	-0.03869378946183	SEQC	permutation	
1277.0	0.0881081944046418	SEQC	permutation	
1278.0	-0.08032696107769555	SEQC	permutation	
1279.0	0.005253973769538067	SEQC	permutation	
1280.0	0.002061545557351163	SEQC	permutation	
1281.0	0.02243106119220961	SEQC	permutation	
1282.0	-0.08310278753313316	SEQC	permutation	
1283.0	-0.11372179731343968	SEQC	permutation	
1284.0	-0.018623129176853048	SEQC	permutation	
1285.0	-0.003939357616914663	SEQC	permutation	
1286.0	-0.0687113400563355	SEQC	permutation	
1287.0	-0.16059765069887266	SEQC	permutation	
1288.0	-0.0851731076539668	SEQC	permutation	
1289.0	-0.06406984157187967	SEQC	permutation	
1290.0	0.04795317863093729	SEQC	permutation	
1291.0	-0.2181140710815037	SEQC	permutation	
1292.0	-0.017530208700972327	SEQC	permutation	
1293.0	-0.03952561905257301	SEQC	permutation	
1294.0	0.15237979619916686	SEQC	permutation	
1295.0	0.12753609701511603	SEQC	permutation	
1296.0	-0.20902991368838242	SEQC	permutation	
1297.0	0.15244087562484188	SEQC	permutation	
1298.0	0.03530926986320315	SEQC	permutation	
1299.0	0.0770631015953036	SEQC	permutation	
1300.0	-0.1258383790660922	SEQC	permutation	
1301.0	0.1612674401425691	SEQC	permutation	
1302.0	0.003496954076159131	SEQC	permutation	
1303.0	0.015085405533977081	SEQC	permutation	
1304.0	-0.12177737907841069	SEQC	permutation	
1305.0	0.029593670403527117	SEQC	permutation	
1306.0	0.03482354446118796	SEQC	permutation	
1307.0	-0.06320900761135917	SEQC	permutation	
1308.0	-0.016381480544277682	SEQC	permutation	
1309.0	-0.23075228708598683	SEQC	permutation	
1310.0	0.02126367168693477	SEQC	permutation	
1311.0	0.09983574268690631	SEQC	permutation	
1312.0	0.014752778116920773	SEQC	permutation	
1313.0	-0.11794671510978816	SEQC	permutation	
1314.0	-0.10139846835934607	SEQC	permutation	
1315.0	-0.08917656765207171	SEQC	permutation	
1316.0	0.16506074346089017	SEQC	permutation	
1317.0	-0.020181015818818704	SEQC	permutation	
1318.0	-0.09282935168515616	SEQC	permutation	
1319.0	-0.2023034464879161	SEQC	permutation	
1320.0	-0.05067864073127204	SEQC	permutation	
1321.0	0.034615117650891314	SEQC	permutation	
1322.0	-0.040104197714931455	SEQC	permutation	
1323.0	0.03700461090390572	SEQC	permutation	
1324.0	-0.08478551221588448	SEQC	permutation	
1325.0	0.19498611738591087	SEQC	permutation	
1326.0	0.03295525324648185	SEQC	permutation	
1327.0	-0.12317914902330962	SEQC	permutation	
1328.0	-0.14537395611786819	SEQC	permutation	
1329.0	-0.06780584461080474	SEQC	permutation	
1330.0	0.14412732225267044	SEQC	permutation	
1331.0	0.02873747738703125	SEQC	permutation	
1332.0	0.04060698426980425	SEQC	permutation	
1333.0	0.16820771128528156	SEQC	permutation	
1334.0	-0.10866801660570502	SEQC	permutation	
1335.0	0.14294145857370655	SEQC	permutation	
1336.0	-0.03980723215952331	SEQC	permutation	
1337.0	-0.04646022687805074	SEQC	permutation	
1338.0	0.18834204071703287	SEQC	permutation	
1339.0	-0.1480854929415445	SEQC	permutation	
1340.0	-0.007124790402648795	SEQC	permutation	
1341.0	-0.1917585159441555	SEQC	permutation	
1342.0	0.11463101818916632	SEQC	permutation	
1343.0	0.12521598240819154	SEQC	permutation	
1344.0	-0.049855629288462655	SEQC	permutation	
1345.0	-0.023064948609224256	SEQC	permutation	
1346.0	-0.036312448495108285	SEQC	permutation	
1347.0	-0.16249624955693065	SEQC	permutation	
1348.0	0.060878897671075904	SEQC	permutation	
1349.0	0.23481974428999886	SEQC	permutation	
1350.0	0.011018143179279516	SEQC	permutation	
1351.0	-0.038999747777135774	SEQC	permutation	
1352.0	-0.12485410806922603	SEQC	permutation	
1353.0	-0.11692363458413535	SEQC	permutation	
1354.0	0.10479824022151263	SEQC	permutation	
1355.0	-0.19107254886967295	SEQC	permutation	
1356.0	-0.03657684769674452	SEQC	permutation	
1357.0	-0.109354020253003	SEQC	permutation	
1358.0	-0.04943632583431956	SEQC	permutation	
1359.0	0.10201767496173941	SEQC	permutation	
1360.0	-0.14214473022698604	SEQC	permutation	
1361.0	-0.05360025412203484	SEQC	permutation	
1362.0	0.21113986972678722	SEQC	permutation	
1363.0	0.04753051424269872	SEQC	permutation	
1364.0	0.14666178827298282	SEQC	permutation	
1365.0	-0.046429476732953834	SEQC	permutation	
1366.0	0.028576219026764438	SEQC	permutation	
1367.0	-0.20332624464267912	SEQC	permutation	
1368.0	0.1162732917482221	SEQC	permutation	
1369.0	-0.13900129177853637	SEQC	permutation	
1370.0	0.02164463274111572	SEQC	permutation	
1371.0	-0.030319050071824893	SEQC	permutation	
1372.0	0.29213952535357635	SEQC	permutation	
1373.0	-0.09343505467571545	SEQC	permutation	
1374.0	-0.06843037644379324	SEQC	permutation	
1375.0	0.020924541552620912	SEQC	permutation	
1376.0	0.12717760673477319	SEQC	permutation	
1377.0	-0.006364799161956203	SEQC	permutation	
1378.0	0.0677572038853711	SEQC	permutation	
1379.0	0.08068564256939359	SEQC	permutation	
1380.0	0.029767289041459755	SEQC	permutation	
1381.0	-0.1177718614164176	SEQC	permutation	
1382.0	-0.14109480928627027	SEQC	permutation	
1383.0	-0.11329721253259573	SEQC	permutation	
1384.0	0.16008944634554245	SEQC	permutation	
1385.0	-0.07242259880094526	SEQC	permutation	
1386.0	-0.02568928484637034	SEQC	permutation	
1387.0	-0.08311376003789439	SEQC	permutation	
1388.0	-0.1905860126955199	SEQC	permutation	
1389.0	-0.059485416402639046	SEQC	permutation	
1390.0	-0.005265144761366525	SEQC	permutation	
1391.0	0.16212493864883415	SEQC	permutation	
1392.0	0.08818982158727406	SEQC	permutation	
1393.0	0.030734362072895927	SEQC	permutation	
1394.0	0.03211903971710184	SEQC	permutation	
1395.0	-0.07363463346928878	SEQC	permutation	
1396.0	-0.1435665692588608	SEQC	permutation	
1397.0	-0.04560592952943132	SEQC	permutation	
1398.0	0.04550771769294393	SEQC	permutation	
1399.0	0.0017249556031773139	SEQC	permutation	
1400.0	-0.0838687626540966	SEQC	permutation	
1401.0	-0.013421795556206817	SEQC	permutation	
1402.0	0.04980857189940746	SEQC	permutation	
1403.0	-0.2329996886730723	SEQC	permutation	
1404.0	-0.12161580230427216	SEQC	permutation	
1405.0	-0.01102667407289104	SEQC	permutation	
1406.0	-0.0717245351122191	SEQC	permutation	
1407.0	-0.16616925503267455	SEQC	permutation	
1408.0	0.04008201894434382	SEQC	permutation	
1409.0	-0.1687572362143981	SEQC	permutation	
1410.0	0.03465612829114306	SEQC	permutation	
1411.0	-0.0052760962403075595	SEQC	permutation	
1412.0	-0.08542146510878812	SEQC	permutation	
1413.0	0.006252858144341289	SEQC	permutation	
1414.0	-0.028984365439054027	SEQC	permutation	
1415.0	-0.024998620629037127	SEQC	permutation	
1416.0	-0.012218783771067887	SEQC	permutation	
1417.0	0.07166800765522074	SEQC	permutation	
1418.0	-0.23920961423339593	SEQC	permutation	
1419.0	-0.012808079625011626	SEQC	permutation	
1420.0	0.026029904836814666	SEQC	permutation	
1421.0	0.233642131838673	SEQC	permutation	
1422.0	-0.027115738581941606	SEQC	permutation	
1423.0	0.016622011966333172	SEQC	permutation	
1424.0	0.11960704784237786	SEQC	permutation	
1425.0	-0.07646819684347994	SEQC	permutation	
1426.0	-0.24271246240293998	SEQC	permutation	
1427.0	0.022586281665418984	SEQC	permutation	
1428.0	-0.01551967191540271	SEQC	permutation	
1429.0	-0.1351762320744858	SEQC	permutation	
1430.0	-0.2744964848018281	SEQC	permutation	
1431.0	-0.11204966339737288	SEQC	permutation	
1432.0	0.14214327961721906	SEQC	permutation	
1433.0	0.23657390154652358	SEQC	permutation	
1434.0	0.10285387327973083	SEQC	permutation	
1435.0	-0.026403973086818855	SEQC	permutation	
1436.0	0.08521880623955669	SEQC	permutation	
1437.0	0.10068169420346207	SEQC	permutation	
1438.0	-0.08112264123101465	SEQC	permutation	
1439.0	0.06936107320828588	SEQC	permutation	
1440.0	-0.1461358561681152	SEQC	permutation	
1441.0	-0.08560255660176397	SEQC	permutation	
1442.0	0.09808663751937097	SEQC	permutation	
1443.0	0.015097019558937497	SEQC	permutation	
1444.0	0.061374933123477415	SEQC	permutation	
1445.0	-0.08277505412903885	SEQC	permutation	
1446.0	-0.2344686574977577	SEQC	permutation	
1447.0	0.12555551683443822	SEQC	permutation	
1448.0	0.1896251799174422	SEQC	permutation	
1449.0	0.04561471823546137	SEQC	permutation	
1450.0	0.06179775629751605	SEQC	permutation	
1451.0	-0.017501205595928493	SEQC	permutation	
1452.0	0.14992418751306547	SEQC	permutation	
1453.0	0.07434628276225697	SEQC	permutation	
1454.0	0.19279293612145576	SEQC	permutation	
1455.0	-0.21729430063037425	SEQC	permutation	
1456.0	0.009247601068710143	SEQC	permutation	
1457.0	0.14015588018586245	SEQC	permutation	
1458.0	-0.05137067879200208	SEQC	permutation	
1459.0	-0.05280116192188755	SEQC	permutation	
1460.0	0.07122896941157286	SEQC	permutation	
1461.0	-0.10730082590229406	SEQC	permutation	
1462.0	0.03833106597670355	SEQC	permutation	
1463.0	-0.09019242802905625	SEQC	permutation	
1464.0	0.0612978081594866	SEQC	permutation	
1465.0	0.0412337752646903	SEQC	permutation	
1466.0	0.053859801070157864	SEQC	permutation	
1467.0	-0.004531636561909025	SEQC	permutation	
1468.0	0.07923957076148369	SEQC	permutation	
1469.0	-0.04753140188879623	SEQC	permutation	
1470.0	0.0004690180645967601	SEQC	permutation	
1471.0	-0.08318404275380287	SEQC	permutation	
1472.0	-0.0818851622638177	SEQC	permutation	
1473.0	-0.010891281009179465	SEQC	permutation	
1474.0	-0.09459255978940728	SEQC	permutation	
1475.0	-0.28145359136556936	SEQC	permutation	
1476.0	0.044426465775034174	SEQC	permutation	
1477.0	-0.15849054569900023	SEQC	permutation	
1478.0	0.04521071228150664	SEQC	permutation	
1479.0	-0.09192153313773543	SEQC	permutation	
1480.0	-0.1559424477192346	SEQC	permutation	
1481.0	-0.11104722088941132	SEQC	permutation	
1482.0	-0.2503133922057752	SEQC	permutation	
1483.0	-0.01850458723196846	SEQC	permutation	
1484.0	-0.14053612702294238	SEQC	permutation	
1485.0	0.04651007767390691	SEQC	permutation	
1486.0	0.0787485256254623	SEQC	permutation	
1487.0	0.16748683755498917	SEQC	permutation	
1488.0	-0.13488042069991035	SEQC	permutation	
1489.0	-0.14632421620600766	SEQC	permutation	
1490.0	-0.08116117428889114	SEQC	permutation	
1491.0	-0.014531755611195685	SEQC	permutation	
1492.0	-0.14081053068302518	SEQC	permutation	
1493.0	-0.02553132673521663	SEQC	permutation	
1494.0	-0.0768378809064667	SEQC	permutation	
1495.0	0.0867931517014684	SEQC	permutation	
1496.0	0.009240149785151974	SEQC	permutation	
1497.0	-0.008802006906992066	SEQC	permutation	
1498.0	-0.06840064891803088	SEQC	permutation	
1499.0	-0.013025464966077926	SEQC	permutation	
1500.0	-0.03003014307708085	SEQC	permutation	
1501.0	0.01054523362871862	SEQC	permutation	
1502.0	0.09883584708275261	SEQC	permutation	
1503.0	-0.12770600506581653	SEQC	permutation	
1504.0	-0.09225954212012732	SEQC	permutation	
1505.0	0.005604450707232811	SEQC	permutation	
1506.0	0.00016440473034240455	SEQC	permutation	
1507.0	-0.03372125335566034	SEQC	permutation	
1508.0	-0.01989578318424101	SEQC	permutation	
1509.0	0.034176763106041896	SEQC	permutation	
1510.0	0.05725619881080668	SEQC	permutation	
1511.0	0.1452614969555759	SEQC	permutation	
1512.0	0.20338328703819641	SEQC	permutation	
1513.0	0.12513354121639564	SEQC	permutation	
1514.0	-0.06419346589097685	SEQC	permutation	
1515.0	-0.14009727393534943	SEQC	permutation	
1516.0	0.07870626502780498	SEQC	permutation	
1517.0	0.05067706384798454	SEQC	permutation	
1518.0	-0.04914127917300304	SEQC	permutation	
1519.0	-0.15164151641562595	SEQC	permutation	
1520.0	-0.09424110056998547	SEQC	permutation	
1521.0	0.03775659377931584	SEQC	permutation	
1522.0	-0.12175467929376138	SEQC	permutation	
1523.0	-0.11572530534061176	SEQC	permutation	
1524.0	-0.0554166447483504	SEQC	permutation	
1525.0	0.11877333843179683	SEQC	permutation	
1526.0	-0.01422982664996697	SEQC	permutation	
1527.0	-0.1015420326988945	SEQC	permutation	
1528.0	0.0540531491055245	SEQC	permutation	
1529.0	0.0322592421553507	SEQC	permutation	
1530.0	0.0669319758057485	SEQC	permutation	
1531.0	-0.05035381179955456	SEQC	permutation	
1532.0	0.0826719376578331	SEQC	permutation	
1533.0	-0.0054488282535154475	SEQC	permutation	
1534.0	0.0916606905410311	SEQC	permutation	
1535.0	0.15629933196395518	SEQC	permutation	
1536.0	-0.1362352228527577	SEQC	permutation	
1537.0	0.03805342396828992	SEQC	permutation	
1538.0	-0.1225721445391934	SEQC	permutation	
1539.0	0.04120590892944609	SEQC	permutation	
1540.0	0.027728847145197744	SEQC	permutation	
1541.0	0.004644074767815809	SEQC	permutation	
1542.0	0.03358042962462271	SEQC	permutation	
1543.0	0.04927561841123618	SEQC	permutation	
1544.0	-0.12469094028739347	SEQC	permutation	
1545.0	-0.05405136844792535	SEQC	permutation	
1546.0	-0.04003436794228499	SEQC	permutation	
1547.0	0.09802998193336832	SEQC	permutation	
1548.0	0.031118586309156093	SEQC	permutation	
1549.0	-0.16387909226029462	SEQC	permutation	
1550.0	-0.153600400341543	SEQC	permutation	
1551.0	0.09777484080582388	SEQC	permutation	
1552.0	0.0008331409004336265	SEQC	permutation	
1553.0	-0.013061055041915015	SEQC	permutation	
1554.0	0.07424284430704509	SEQC	permutation	
1555.0	0.02885630681242768	SEQC	permutation	
1556.0	0.06113876856245115	SEQC	permutation	
1557.0	0.007325609749205597	SEQC	permutation	
1558.0	-0.16257440526827693	SEQC	permutation	
1559.0	-0.1239584799066118	SEQC	permutation	
1560.0	0.024528230403238815	SEQC	permutation	
1561.0	0.0281573878685899	SEQC	permutation	
1562.0	-0.016425756480222375	SEQC	permutation	
1563.0	0.027566238894717987	SEQC	permutation	
1564.0	0.05372184881082687	SEQC	permutation	
1565.0	-0.21521367621262044	SEQC	permutation	
1566.0	-0.1375352975036579	SEQC	permutation	
1567.0	0.03546391338099575	SEQC	permutation	
1568.0	-0.032139673539012925	SEQC	permutation	
1569.0	-0.00651024951993362	SEQC	permutation	
1570.0	0.0028211173924939104	SEQC	permutation	
1571.0	0.022333892533633826	SEQC	permutation	
1572.0	-0.03440680637226112	SEQC	permutation	
1573.0	-0.09385954821417952	SEQC	permutation	
1574.0	-0.003604851449731772	SEQC	permutation	
1575.0	-0.002222272009612336	SEQC	permutation	
1576.0	0.029901976816597564	SEQC	permutation	
1577.0	-0.03970978262108771	SEQC	permutation	
1578.0	-0.2094644503162808	SEQC	permutation	
1579.0	0.09523179160928175	SEQC	permutation	
1580.0	0.10080967047914191	SEQC	permutation	
1581.0	0.12821218064438478	SEQC	permutation	
1582.0	-0.18867735043128464	SEQC	permutation	
1583.0	0.08619417421663167	SEQC	permutation	
1584.0	-0.10346923968010513	SEQC	permutation	
1585.0	-0.09319791554049006	SEQC	permutation	
1586.0	-0.08485106889997551	SEQC	permutation	
1587.0	0.05996414335943845	SEQC	permutation	
1588.0	-0.010921238082371776	SEQC	permutation	
1589.0	0.2123253885109393	SEQC	permutation	
1590.0	0.003634031733718235	SEQC	permutation	
1591.0	0.07399492910403138	SEQC	permutation	
1592.0	0.16480581242970782	SEQC	permutation	
1593.0	-0.07193929181510406	SEQC	permutation	
1594.0	-0.07886902490130465	SEQC	permutation	
1595.0	0.06695779954858372	SEQC	permutation	
1596.0	-0.11331334394907433	SEQC	permutation	
1597.0	0.19007375209802113	SEQC	permutation	
1598.0	-0.0681501461483136	SEQC	permutation	
1599.0	0.11829088189994685	SEQC	permutation	
1600.0	0.044311829289378935	SEQC	permutation	
1601.0	-0.07905215201724358	SEQC	permutation	
1602.0	0.13606902120502706	SEQC	permutation	
1603.0	0.14100772793769423	SEQC	permutation	
1604.0	-0.20891124462367694	SEQC	permutation	
1605.0	0.040065030827580284	SEQC	permutation	
1606.0	-0.016914349675980045	SEQC	permutation	
1607.0	-0.1576029679108566	SEQC	permutation	
1608.0	0.04073929878309013	SEQC	permutation	
1609.0	-0.2107258926218436	SEQC	permutation	
1610.0	0.07512242829366089	SEQC	permutation	
1611.0	0.10863898195552535	SEQC	permutation	
1612.0	0.009890176284562013	SEQC	permutation	
1613.0	-0.16292430608393893	SEQC	permutation	
1614.0	-0.04480217022494104	SEQC	permutation	
1615.0	-0.07782497838952507	SEQC	permutation	
1616.0	0.11248122394261939	SEQC	permutation	
1617.0	-0.3571888552694267	SEQC	permutation	
1618.0	-0.2708538956950206	SEQC	permutation	
1619.0	0.06144366367771159	SEQC	permutation	
1620.0	-0.048238060560044094	SEQC	permutation	
1621.0	0.08036397726421063	SEQC	permutation	
1622.0	-0.04862906828277591	SEQC	permutation	
1623.0	-0.15434550305525763	SEQC	permutation	
1624.0	0.1671861752297592	SEQC	permutation	
1625.0	0.11663337756140857	SEQC	permutation	
1626.0	0.1328474169908711	SEQC	permutation	
1627.0	0.12134939946281875	SEQC	permutation	
1628.0	0.022103560195092964	SEQC	permutation	
1629.0	0.056581589394734344	SEQC	permutation	
1630.0	-0.14604772172642289	SEQC	permutation	
1631.0	0.15967714328274552	SEQC	permutation	
1632.0	-0.053790335351257657	SEQC	permutation	
1633.0	-0.036956680377307816	SEQC	permutation	
1634.0	-0.113478275781417	SEQC	permutation	
1635.0	0.0826616110758196	SEQC	permutation	
1636.0	-0.12440750068549145	SEQC	permutation	
1637.0	0.12723069341986992	SEQC	permutation	
1638.0	-0.10112635243414791	SEQC	permutation	
1639.0	-0.07067734036016704	SEQC	permutation	
1640.0	-0.15192007140691155	SEQC	permutation	
1641.0	-0.11115441819602845	SEQC	permutation	
1642.0	-0.023357272186633082	SEQC	permutation	
1643.0	0.08848470228107042	SEQC	permutation	
1644.0	0.2149948631954688	SEQC	permutation	
1645.0	0.1585087512748089	SEQC	permutation	
1646.0	-0.04919282289236637	SEQC	permutation	
1647.0	-0.018206270223259935	SEQC	permutation	
1648.0	-0.13845879415060347	SEQC	permutation	
1649.0	-0.13875469227638515	SEQC	permutation	
1650.0	-0.005765579334920279	SEQC	permutation	
1651.0	-0.1850706373649631	SEQC	permutation	
1652.0	-0.0502888364675953	SEQC	permutation	
1653.0	0.07163732126030364	SEQC	permutation	
1654.0	-0.08513990351290612	SEQC	permutation	
1655.0	-0.05799786530895634	SEQC	permutation	
1656.0	-0.042516790917405345	SEQC	permutation	
1657.0	-0.04796575399318037	SEQC	permutation	
1658.0	0.09866389495988015	SEQC	permutation	
1659.0	-0.04615748184968593	SEQC	permutation	
1660.0	-0.13103882246580012	SEQC	permutation	
1661.0	0.005574856137706252	SEQC	permutation	
1662.0	0.01969313363629155	SEQC	permutation	
1663.0	-0.12589014273969568	SEQC	permutation	
1664.0	0.12957897578153776	SEQC	permutation	
1665.0	-0.2006697064017997	SEQC	permutation	
1666.0	-0.12173016551886251	SEQC	permutation	
1667.0	-0.2593387335223789	SEQC	permutation	
1668.0	-0.06630794659035733	SEQC	permutation	
1669.0	0.16597042922165528	SEQC	permutation	
1670.0	-0.0903973500726809	SEQC	permutation	
1671.0	0.12285757476306003	SEQC	permutation	
1672.0	0.07618277531650675	SEQC	permutation	
1673.0	-0.05858780246842121	SEQC	permutation	
1674.0	0.046672453849357254	SEQC	permutation	
1675.0	0.03182106861422662	SEQC	permutation	
1676.0	-0.03097361311880853	SEQC	permutation	
1677.0	-0.14331481357727371	SEQC	permutation	
1678.0	0.04700038147451879	SEQC	permutation	
1679.0	-0.07649116138428358	SEQC	permutation	
1680.0	-0.012810068862374457	SEQC	permutation	
1681.0	0.11844718216691108	SEQC	permutation	
1682.0	-0.04720423760043557	SEQC	permutation	
1683.0	-0.07772417042940605	SEQC	permutation	
1684.0	0.009918636888011978	SEQC	permutation	
1685.0	0.05874513301407491	SEQC	permutation	
1686.0	0.1381808090415575	SEQC	permutation	
1687.0	0.15655624398349577	SEQC	permutation	
1688.0	-0.11938341793354157	SEQC	permutation	
1689.0	-0.22321674598516905	SEQC	permutation	
1690.0	-0.047627157239490625	SEQC	permutation	
1691.0	-0.04926249851098552	SEQC	permutation	
1692.0	-0.15307275743156668	SEQC	permutation	
1693.0	-0.09616728946628594	SEQC	permutation	
1694.0	0.1065683056375697	SEQC	permutation	
1695.0	-0.06495001595551075	SEQC	permutation	
1696.0	0.10419538016514807	SEQC	permutation	
1697.0	-0.02197449717193889	SEQC	permutation	
1698.0	0.03305046566798886	SEQC	permutation	
1699.0	-0.028108608717009265	SEQC	permutation	
1700.0	0.15543787606858528	SEQC	permutation	
1701.0	-0.02207874539610044	SEQC	permutation	
1702.0	-0.21089857321578442	SEQC	permutation	
1703.0	-0.066644611791423	SEQC	permutation	
1704.0	0.11175832442153233	SEQC	permutation	
1705.0	0.07867061708877765	SEQC	permutation	
1706.0	0.09497889280295047	SEQC	permutation	
1707.0	0.01607334928938453	SEQC	permutation	
1708.0	0.12181252704261336	SEQC	permutation	
1709.0	0.027183864431214122	SEQC	permutation	
1710.0	-0.21019211957829098	SEQC	permutation	
1711.0	-0.10712345775567655	SEQC	permutation	
1712.0	-0.07971721061007786	SEQC	permutation	
1713.0	-0.22358157127695	SEQC	permutation	
1714.0	-0.09480925569415533	SEQC	permutation	
1715.0	-0.12778171621459844	SEQC	permutation	
1716.0	0.19869907181028923	SEQC	permutation	
1717.0	0.07071300595191055	SEQC	permutation	
1718.0	-0.1516330770367138	SEQC	permutation	
1719.0	0.07035267332554307	SEQC	permutation	
1720.0	-0.047895208032630254	SEQC	permutation	
1721.0	-0.09016709805331091	SEQC	permutation	
1722.0	-0.029460507357251586	SEQC	permutation	
1723.0	0.07061473199597446	SEQC	permutation	
1724.0	0.0261554182085586	SEQC	permutation	
1725.0	-0.02616073515786299	SEQC	permutation	
1726.0	0.11498503838715557	SEQC	permutation	
1727.0	0.22155112680876599	SEQC	permutation	
1728.0	-0.08708149383222841	SEQC	permutation	
1729.0	-0.13078806680766464	SEQC	permutation	
1730.0	0.06736214123716522	SEQC	permutation	
1731.0	-0.11488549470997445	SEQC	permutation	
1732.0	0.1271645803226784	SEQC	permutation	
1733.0	-0.09642170391916327	SEQC	permutation	
1734.0	-0.03384568418913725	SEQC	permutation	
1735.0	-0.10925767338379933	SEQC	permutation	
1736.0	0.007067664826179154	SEQC	permutation	
1737.0	0.21732060610818937	SEQC	permutation	
1738.0	0.023277924146310802	SEQC	permutation	
1739.0	-0.022140908242131108	SEQC	permutation	
1740.0	0.006663505890201815	SEQC	permutation	
1741.0	0.11392636122991995	SEQC	permutation	
1742.0	-0.1417639204449337	SEQC	permutation	
1743.0	-0.21661656878687907	SEQC	permutation	
1744.0	0.10021074204159897	SEQC	permutation	
1745.0	0.16900230821215922	SEQC	permutation	
1746.0	0.07582168227773511	SEQC	permutation	
1747.0	-0.18785090430191032	SEQC	permutation	
1748.0	-0.23913369638488025	SEQC	permutation	
1749.0	0.048676120982930726	SEQC	permutation	
1750.0	0.009307919983326585	SEQC	permutation	
1751.0	0.04886542109696457	SEQC	permutation	
1752.0	-0.04660236943820362	SEQC	permutation	
1753.0	-0.12365748572756141	SEQC	permutation	
1754.0	0.0006706606613544608	SEQC	permutation	
1755.0	0.0481212591347604	SEQC	permutation	
1756.0	-0.13923797578921127	SEQC	permutation	
1757.0	-0.02448806986687746	SEQC	permutation	
1758.0	-0.09697128070210814	SEQC	permutation	
1759.0	-0.06280648214845641	SEQC	permutation	
1760.0	-0.12256640591890067	SEQC	permutation	
1761.0	0.2077075208184178	SEQC	permutation	
1762.0	0.006796652309523754	SEQC	permutation	
1763.0	-0.19773620600448627	SEQC	permutation	
1764.0	-0.07774514814499556	SEQC	permutation	
1765.0	0.08136581319109659	SEQC	permutation	
1766.0	0.017369151453153098	SEQC	permutation	
1767.0	-0.12447773634275672	SEQC	permutation	
1768.0	0.16596431680239565	SEQC	permutation	
1769.0	0.11509451925331238	SEQC	permutation	
1770.0	-0.04054612606793695	SEQC	permutation	
1771.0	-0.12966512775894268	SEQC	permutation	
1772.0	-0.1469486388266401	SEQC	permutation	
1773.0	0.009787292522140945	SEQC	permutation	
1774.0	0.001010001277678807	SEQC	permutation	
1775.0	-0.24439080299586413	SEQC	permutation	
1776.0	-0.04544065534449615	SEQC	permutation	
1777.0	-0.0038322173974849605	SEQC	permutation	
1778.0	0.06883056345549665	SEQC	permutation	
1779.0	-0.02789585840474018	SEQC	permutation	
1780.0	-0.008760055510026454	SEQC	permutation	
1781.0	-0.07459525911259224	SEQC	permutation	
1782.0	-0.0801470470037029	SEQC	permutation	
1783.0	-0.10530228502771832	SEQC	permutation	
1784.0	-0.15799276259551442	SEQC	permutation	
1785.0	-0.010821198190753112	SEQC	permutation	
1786.0	0.015717167901216467	SEQC	permutation	
1787.0	-0.11086912449047714	SEQC	permutation	
1788.0	-0.05187627028058772	SEQC	permutation	
1789.0	0.18263069484528716	SEQC	permutation	
1790.0	-0.05948894847031472	SEQC	permutation	
1791.0	0.025988861447575395	SEQC	permutation	
1792.0	-0.06650186893658461	SEQC	permutation	
1793.0	-0.018016994777332762	SEQC	permutation	
1794.0	0.01829352448281707	SEQC	permutation	
1795.0	-0.040512922732790724	SEQC	permutation	
1796.0	-0.03858170171531938	SEQC	permutation	
1797.0	0.11925916123999647	SEQC	permutation	
1798.0	-0.02795651693011969	SEQC	permutation	
1799.0	0.05081576560352863	SEQC	permutation	
1800.0	-0.0717956647671274	SEQC	permutation	
1801.0	0.001935471044468784	SEQC	permutation	
1802.0	-0.03629825225507144	SEQC	permutation	
1803.0	-0.13742374974736293	SEQC	permutation	
1804.0	-0.1706905941965715	SEQC	permutation	
1805.0	0.15986559376009302	SEQC	permutation	
1806.0	-0.06789991127281292	SEQC	permutation	
1807.0	0.17827723067201662	SEQC	permutation	
1808.0	-0.10757080743276237	SEQC	permutation	
1809.0	-0.08279314338906385	SEQC	permutation	
1810.0	0.09652682109211419	SEQC	permutation	
1811.0	0.07424873929632092	SEQC	permutation	
1812.0	-0.008513533193117429	SEQC	permutation	
1813.0	-0.09366478628658914	SEQC	permutation	
1814.0	0.002608040712770876	SEQC	permutation	
1815.0	-0.0867646815526184	SEQC	permutation	
1816.0	0.05591109589289056	SEQC	permutation	
1817.0	0.040049810142685605	SEQC	permutation	
1818.0	-0.018510420498262015	SEQC	permutation	
1819.0	-0.026917854360286153	SEQC	permutation	
1820.0	-0.04097305442651278	SEQC	permutation	
1821.0	0.18689364911138373	SEQC	permutation	
1822.0	-0.061336438091285306	SEQC	permutation	
1823.0	-0.22066112510132463	SEQC	permutation	
1824.0	0.00985794080479696	SEQC	permutation	
1825.0	0.035968915177207794	SEQC	permutation	
1826.0	0.10269263666065598	SEQC	permutation	
1827.0	0.0035294956988045634	SEQC	permutation	
1828.0	0.1469025535379025	SEQC	permutation	
1829.0	-0.11150954621397036	SEQC	permutation	
1830.0	-0.1761535507468457	SEQC	permutation	
1831.0	-0.1712036082952464	SEQC	permutation	
1832.0	-0.04507113990912037	SEQC	permutation	
1833.0	0.1732621404449648	SEQC	permutation	
1834.0	-0.017756985458921015	SEQC	permutation	
1835.0	0.01819464953165939	SEQC	permutation	
1836.0	-0.09669661957545417	SEQC	permutation	
1837.0	0.02437007145614878	SEQC	permutation	
1838.0	-0.008211890222623364	SEQC	permutation	
1839.0	-0.10824743215314703	SEQC	permutation	
1840.0	0.03337610578568251	SEQC	permutation	
1841.0	0.07929524556696776	SEQC	permutation	
1842.0	0.08673341041439908	SEQC	permutation	
1843.0	0.08170276708853974	SEQC	permutation	
1844.0	-0.04468403844199775	SEQC	permutation	
1845.0	-0.06046536638764799	SEQC	permutation	
1846.0	-0.16399838710871206	SEQC	permutation	
1847.0	-0.11016006603342898	SEQC	permutation	
1848.0	0.10735527527323985	SEQC	permutation	
1849.0	0.010883439421645047	SEQC	permutation	
1850.0	-0.016214744801878567	SEQC	permutation	
1851.0	0.10060831578697416	SEQC	permutation	
1852.0	-0.16581373844923286	SEQC	permutation	
1853.0	-0.15025295455824317	SEQC	permutation	
1854.0	0.050139666260493154	SEQC	permutation	
1855.0	-0.06946405691753288	SEQC	permutation	
1856.0	0.0007646610975835522	SEQC	permutation	
1857.0	-0.2375978881214178	SEQC	permutation	
1858.0	-0.17331854544935332	SEQC	permutation	
1859.0	-0.0453297450455743	SEQC	permutation	
1860.0	0.004429877715604658	SEQC	permutation	
1861.0	-0.14156561386384992	SEQC	permutation	
1862.0	-0.009848435906603115	SEQC	permutation	
1863.0	0.08708755158473869	SEQC	permutation	
1864.0	-0.015196150797025965	SEQC	permutation	
1865.0	0.11758942637061232	SEQC	permutation	
1866.0	0.055073870989874596	SEQC	permutation	
1867.0	-0.1854392144861734	SEQC	permutation	
1868.0	-0.15070492964765148	SEQC	permutation	
1869.0	-0.0244797218232069	SEQC	permutation	
1870.0	-0.155483821353807	SEQC	permutation	
1871.0	0.03671330594869593	SEQC	permutation	
1872.0	-0.01379088744132817	SEQC	permutation	
1873.0	0.04345793262975883	SEQC	permutation	
1874.0	-0.035370956653457686	SEQC	permutation	
1875.0	0.09636872148626185	SEQC	permutation	
1876.0	0.12130180489155151	SEQC	permutation	
1877.0	-0.31051691172176055	SEQC	permutation	
1878.0	-0.22767659212658486	SEQC	permutation	
1879.0	0.03840331029657662	SEQC	permutation	
1880.0	-0.02564517450801329	SEQC	permutation	
1881.0	-0.17090433660255933	SEQC	permutation	
1882.0	-0.11536488701809988	SEQC	permutation	
1883.0	-0.11607965448275026	SEQC	permutation	
1884.0	-0.18022171346153204	SEQC	permutation	
1885.0	0.08050090560163126	SEQC	permutation	
1886.0	0.07571415009319393	SEQC	permutation	
1887.0	-0.034541103700322484	SEQC	permutation	
1888.0	-0.07495458403742417	SEQC	permutation	
1889.0	0.026980936983199033	SEQC	permutation	
1890.0	-0.02795167282952793	SEQC	permutation	
1891.0	0.09557489331168245	SEQC	permutation	
1892.0	0.1267223307729517	SEQC	permutation	
1893.0	-0.14488836058895682	SEQC	permutation	
1894.0	-0.07181893589044419	SEQC	permutation	
1895.0	0.14710732935210258	SEQC	permutation	
1896.0	0.04894210106737784	SEQC	permutation	
1897.0	-0.005960580662911497	SEQC	permutation	
1898.0	-0.12863472348695115	SEQC	permutation	
1899.0	0.03467110243039695	SEQC	permutation	
1900.0	-0.07242237336086221	SEQC	permutation	
1901.0	0.2161271157437623	SEQC	permutation	
1902.0	0.01945978400804904	SEQC	permutation	
1903.0	0.014526381569093694	SEQC	permutation	
1904.0	-0.18246876823820246	SEQC	permutation	
1905.0	0.11968257573354313	SEQC	permutation	
1906.0	-0.09925063105815335	SEQC	permutation	
1907.0	-0.17029795198942388	SEQC	permutation	
1908.0	0.07521109792025227	SEQC	permutation	
1909.0	-0.192005756516211	SEQC	permutation	
1910.0	-0.056981529523864705	SEQC	permutation	
1911.0	-0.014984369288066013	SEQC	permutation	
1912.0	-0.1113758077673297	SEQC	permutation	
1913.0	-0.1234035709249981	SEQC	permutation	
1914.0	-0.01178172988191939	SEQC	permutation	
1915.0	0.002735270277547386	SEQC	permutation	
1916.0	-0.1335199680647734	SEQC	permutation	
1917.0	0.18438503062273304	SEQC	permutation	
1918.0	-0.050737677045180174	SEQC	permutation	
1919.0	0.13597308835360744	SEQC	permutation	
1920.0	0.16700671551000656	SEQC	permutation	
1921.0	0.02105701623388434	SEQC	permutation	
1922.0	-0.06052903838559898	SEQC	permutation	
1923.0	-0.032897739412972804	SEQC	permutation	
1924.0	0.06689564918614321	SEQC	permutation	
1925.0	-0.022982749321889706	SEQC	permutation	
1926.0	0.08591352416844167	SEQC	permutation	
1927.0	-0.15213590182037606	SEQC	permutation	
1928.0	-0.12230996931686322	SEQC	permutation	
1929.0	0.19630989122092135	SEQC	permutation	
1930.0	-0.12307269104592233	SEQC	permutation	
1931.0	-0.12749308739056975	SEQC	permutation	
1932.0	0.04371494905303397	SEQC	permutation	
1933.0	0.10264689671822325	SEQC	permutation	
1934.0	-0.1724280869142012	SEQC	permutation	
1935.0	-0.0015540821023116713	SEQC	permutation	
1936.0	-0.11620040313837965	SEQC	permutation	
1937.0	-0.16536535477954306	SEQC	permutation	
1938.0	0.0619549255420182	SEQC	permutation	
1939.0	0.008367989294248979	SEQC	permutation	
1940.0	0.07329840974439605	SEQC	permutation	
1941.0	-0.04594328352199284	SEQC	permutation	
1942.0	-0.09007591490080813	SEQC	permutation	
1943.0	-0.07452851886735878	SEQC	permutation	
1944.0	0.02477641910652162	SEQC	permutation	
1945.0	0.016849641253095626	SEQC	permutation	
1946.0	0.0670185489703985	SEQC	permutation	
1947.0	-0.20054862535872786	SEQC	permutation	
1948.0	0.08844028777905821	SEQC	permutation	
1949.0	-0.03147325514965171	SEQC	permutation	
1950.0	0.09735388111876642	SEQC	permutation	
1951.0	-0.0718677458842607	SEQC	permutation	
1952.0	0.03075651174862326	SEQC	permutation	
1953.0	-0.048341285873693796	SEQC	permutation	
1954.0	0.07890346898330725	SEQC	permutation	
1955.0	-0.08989920718851918	SEQC	permutation	
1956.0	-0.10595022814087285	SEQC	permutation	
1957.0	-0.00769614411725561	SEQC	permutation	
1958.0	0.028520126083729558	SEQC	permutation	
1959.0	0.013658219633522872	SEQC	permutation	
1960.0	-0.08453296001190624	SEQC	permutation	
1961.0	-0.02878474316298485	SEQC	permutation	
1962.0	0.17987953896735354	SEQC	permutation	
1963.0	0.07993109597395787	SEQC	permutation	
1964.0	-0.02502354995965561	SEQC	permutation	
1965.0	0.05632480772784154	SEQC	permutation	
1966.0	-0.17056014342304504	SEQC	permutation	
1967.0	-0.03718294960632296	SEQC	permutation	
1968.0	-0.06036929025582971	SEQC	permutation	
1969.0	0.07240994080745589	SEQC	permutation	
1970.0	-0.03081040855157946	SEQC	permutation	
1971.0	0.015683702017718737	SEQC	permutation	
1972.0	-0.01195801742395286	SEQC	permutation	
1973.0	-0.07310183966678752	SEQC	permutation	
1974.0	-0.1329690150368541	SEQC	permutation	
1975.0	0.06708306158046007	SEQC	permutation	
1976.0	0.07807969735100828	SEQC	permutation	
1977.0	-0.01939622746714642	SEQC	permutation	
1978.0	0.09650828021925939	SEQC	permutation	
1979.0	0.19889159519013377	SEQC	permutation	
1980.0	-0.17233296999729264	SEQC	permutation	
1981.0	-0.2630020617611475	SEQC	permutation	
1982.0	-0.0967561581828833	SEQC	permutation	
1983.0	-0.047805105510054346	SEQC	permutation	
1984.0	0.05131600125893021	SEQC	permutation	
1985.0	0.04985850145228721	SEQC	permutation	
1986.0	0.12329077611955208	SEQC	permutation	
1987.0	-0.11610827684733716	SEQC	permutation	
1988.0	0.049049700525283235	SEQC	permutation	
1989.0	-0.0027399613998642103	SEQC	permutation	
1990.0	-0.06032042549854033	SEQC	permutation	
1991.0	-0.06012352305155799	SEQC	permutation	
1992.0	-0.08120710454260749	SEQC	permutation	
1993.0	-0.1861807610620736	SEQC	permutation	
1994.0	-0.022570551552040463	SEQC	permutation	
1995.0	-0.3467875478978568	SEQC	permutation	
1996.0	0.02618659308523208	SEQC	permutation	
1997.0	0.06980053417490861	SEQC	permutation	
1998.0	-0.09833642770148865	SEQC	permutation	
1999.0	0.020598009728320488	SEQC	permutation	
2000.0	-0.13282362721482954	SEQC	permutation	
2001.0	0.04142044037415005	SEQC	permutation	
2002.0	-0.03223996958988273	SEQC	permutation	
2003.0	-0.10208753806651938	SEQC	permutation	
2004.0	0.04826106388118179	SEQC	permutation	
2005.0	0.06534901902782853	SEQC	permutation	
2006.0	-0.005833141029125688	SEQC	permutation	
2007.0	-0.17794496444839458	SEQC	permutation	
2008.0	0.012584335011195158	SEQC	permutation	
2009.0	-0.01833386865982245	SEQC	permutation	
2010.0	-0.12373719272871808	SEQC	permutation	
2011.0	0.021458152905956318	SEQC	permutation	
2012.0	-0.08019832512637493	SEQC	permutation	
2013.0	0.07253559760354023	SEQC	permutation	
2014.0	-0.1294636917460461	SEQC	permutation	
2015.0	0.10202248893737087	SEQC	permutation	
2016.0	0.03259801730141465	SEQC	permutation	
2017.0	-0.03648092985425144	SEQC	permutation	
2018.0	0.12176441047793718	SEQC	permutation	
2019.0	-0.03655897548485365	SEQC	permutation	
2020.0	0.035906092798342115	SEQC	permutation	
2021.0	-0.03168213823083876	SEQC	permutation	
2022.0	-0.03471782720902139	SEQC	permutation	
2023.0	-0.049414329831567017	SEQC	permutation	
2024.0	-0.015416710961354774	SEQC	permutation	
2025.0	0.20222814830650293	SEQC	permutation	
2026.0	-0.08179724962334767	SEQC	permutation	
2027.0	-0.0900664510335738	SEQC	permutation	
2028.0	-0.03711379669175363	SEQC	permutation	
2029.0	0.1100994718284527	SEQC	permutation	
2030.0	-0.1635653589122863	SEQC	permutation	
2031.0	-0.14315799416152952	SEQC	permutation	
2032.0	-0.10153209381033745	SEQC	permutation	
2033.0	0.006229280095506162	SEQC	permutation	
2034.0	0.0955749605024172	SEQC	permutation	
2035.0	-0.06918217500452783	SEQC	permutation	
2036.0	-0.0694964121419348	SEQC	permutation	
2037.0	0.11836239647882207	SEQC	permutation	
2038.0	-0.07717041518178114	SEQC	permutation	
2039.0	-0.20461760830304243	SEQC	permutation	
2040.0	0.0025237379404643434	SEQC	permutation	
2041.0	0.10528863630885832	SEQC	permutation	
2042.0	0.00036686921424466945	SEQC	permutation	
2043.0	-0.08655708377355875	SEQC	permutation	
2044.0	0.022747349233553482	SEQC	permutation	
2045.0	-0.09999120136959183	SEQC	permutation	
2046.0	0.055379510540142896	SEQC	permutation	
2047.0	0.1312520183210344	SEQC	permutation	
2048.0	-0.14715225063910298	SEQC	permutation	
2049.0	0.1384683460589886	SEQC	permutation	
2050.0	-0.01976957492145104	SEQC	permutation	
2051.0	0.08056617324827053	SEQC	permutation	
2052.0	-0.048431055658558986	SEQC	permutation	
2053.0	0.02310519694947777	SEQC	permutation	
2054.0	-0.027764360305316593	SEQC	permutation	
2055.0	-0.1482981741455811	SEQC	permutation	
2056.0	0.11807685187892014	SEQC	permutation	
2057.0	0.06663037441366448	SEQC	permutation	
2058.0	0.15529487104642747	SEQC	permutation	
2059.0	0.08534892717232934	SEQC	permutation	
2060.0	0.024125992841656174	SEQC	permutation	
2061.0	0.026709778671559548	SEQC	permutation	
2062.0	-0.08897850580036692	SEQC	permutation	
2063.0	0.04958258509320812	SEQC	permutation	
2064.0	-0.049683464434104874	SEQC	permutation	
2065.0	0.12954135711564208	SEQC	permutation	
2066.0	0.02283554619749628	SEQC	permutation	
2067.0	-0.019350789279799052	SEQC	permutation	
2068.0	0.12440481449624086	SEQC	permutation	
2069.0	0.16517698546385295	SEQC	permutation	
2070.0	0.22899770365590655	SEQC	permutation	
2071.0	0.05248971099679167	SEQC	permutation	
2072.0	0.005028222823794781	SEQC	permutation	
2073.0	0.12016489621987025	SEQC	permutation	
2074.0	0.12533103421679526	SEQC	permutation	
2075.0	-0.015714789046834987	SEQC	permutation	
2076.0	-0.19493140337811132	SEQC	permutation	
2077.0	0.0024049172028761667	SEQC	permutation	
2078.0	-0.08559325257164208	SEQC	permutation	
2079.0	0.09220778855514844	SEQC	permutation	
2080.0	-0.19937998256865352	SEQC	permutation	
2081.0	0.054911529263383496	SEQC	permutation	
2082.0	0.07076145796864575	SEQC	permutation	
2083.0	0.1035477039199284	SEQC	permutation	
2084.0	0.11876041216720523	SEQC	permutation	
2085.0	-0.19400970432546316	SEQC	permutation	
2086.0	-0.1833682541736752	SEQC	permutation	
2087.0	-0.08973691095652958	SEQC	permutation	
2088.0	0.030284170742940653	SEQC	permutation	
2089.0	-0.05782727970782631	SEQC	permutation	
2090.0	-0.084399036901456	SEQC	permutation	
2091.0	-0.023686142164573543	SEQC	permutation	
2092.0	0.11030157238159699	SEQC	permutation	
2093.0	0.07935338979903017	SEQC	permutation	
2094.0	-0.16687181277019336	SEQC	permutation	
2095.0	-0.08001086164836657	SEQC	permutation	
2096.0	-0.004726953899226949	SEQC	permutation	
2097.0	0.14548874968982428	SEQC	permutation	
2098.0	-0.024523717718490712	SEQC	permutation	
2099.0	0.023756249435942234	SEQC	permutation	
2100.0	-0.051277822032018694	SEQC	permutation	
2101.0	0.05813391527470779	SEQC	permutation	
2102.0	-0.08544255923496813	SEQC	permutation	
2103.0	0.02613978962275132	SEQC	permutation	
2104.0	-0.19361506838068232	SEQC	permutation	
2105.0	-0.19149594795509106	SEQC	permutation	
2106.0	0.07851552137375872	SEQC	permutation	
2107.0	0.13431320554021786	SEQC	permutation	
2108.0	-0.08728827213391765	SEQC	permutation	
2109.0	0.07472215891215983	SEQC	permutation	
2110.0	0.023503331954908724	SEQC	permutation	
2111.0	-0.04318608224860565	SEQC	permutation	
2112.0	0.0023820083348833343	SEQC	permutation	
2113.0	0.04222254185399965	SEQC	permutation	
2114.0	-0.06109145060530574	SEQC	permutation	
2115.0	-0.16187727556735831	SEQC	permutation	
2116.0	0.03798946965558825	SEQC	permutation	
2117.0	0.12767606669857168	SEQC	permutation	
2118.0	0.16988697042659906	SEQC	permutation	
2119.0	0.10434457821167875	SEQC	permutation	
2120.0	-0.20773717503787914	SEQC	permutation	
2121.0	-0.16113465631288237	SEQC	permutation	
2122.0	-0.038713953022087466	SEQC	permutation	
2123.0	-0.01752105819004024	SEQC	permutation	
2124.0	0.07271453172620124	SEQC	permutation	
2125.0	0.023003018042244694	SEQC	permutation	
2126.0	0.03978125754828721	SEQC	permutation	
2127.0	-0.33558161029855293	SEQC	permutation	
2128.0	0.11039709120420094	SEQC	permutation	
2129.0	-0.01351699037009313	SEQC	permutation	
2130.0	-0.16019048317809848	SEQC	permutation	
2131.0	-0.05125150859703087	SEQC	permutation	
2132.0	-0.06453099455158995	SEQC	permutation	
2133.0	0.091852762422576	SEQC	permutation	
2134.0	-0.11489412542454014	SEQC	permutation	
2135.0	0.01126076382718999	SEQC	permutation	
2136.0	0.01697433400325643	SEQC	permutation	
2137.0	0.04478884103621761	SEQC	permutation	
2138.0	-0.01650352115249154	SEQC	permutation	
2139.0	-0.042750584751677145	SEQC	permutation	
2140.0	0.0105327021125321	SEQC	permutation	
2141.0	-0.07382232357445728	SEQC	permutation	
2142.0	0.18657173791346882	SEQC	permutation	
2143.0	-0.05805527654128495	SEQC	permutation	
2144.0	0.11269703717716917	SEQC	permutation	
2145.0	0.160891309062011	SEQC	permutation	
2146.0	0.061123866027154694	SEQC	permutation	
2147.0	0.08132726726801032	SEQC	permutation	
2148.0	-0.0951278864375582	SEQC	permutation	
2149.0	-0.04655871633304676	SEQC	permutation	
2150.0	-0.05525945651846653	SEQC	permutation	
2151.0	-0.018045024977044744	SEQC	permutation	
2152.0	-0.14987903786632417	SEQC	permutation	
2153.0	0.06736046233574644	SEQC	permutation	
2154.0	0.04938193432269866	SEQC	permutation	
2155.0	-0.06697413988792222	SEQC	permutation	
2156.0	-0.23981732759518604	SEQC	permutation	
2157.0	0.08769681434106635	SEQC	permutation	
2158.0	0.07572661827825611	SEQC	permutation	
2159.0	-0.17057426797373676	SEQC	permutation	
2160.0	-0.11166424856000878	SEQC	permutation	
2161.0	-0.00032184566600790276	SEQC	permutation	
2162.0	0.03332089546345074	SEQC	permutation	
2163.0	-0.04335206563242622	SEQC	permutation	
2164.0	-0.16866589613937943	SEQC	permutation	
2165.0	0.04596882892977039	SEQC	permutation	
2166.0	0.19303555515688275	SEQC	permutation	
2167.0	-0.010090061875156486	SEQC	permutation	
2168.0	-0.015009111423407884	SEQC	permutation	
2169.0	-0.037789028252779744	SEQC	permutation	
2170.0	0.0020361810885369813	SEQC	permutation	
2171.0	-0.33657987736765316	SEQC	permutation	
2172.0	0.04192610851360845	SEQC	permutation	
2173.0	-0.12053714412452088	SEQC	permutation	
2174.0	0.13099089722420265	SEQC	permutation	
2175.0	-0.1385738288885614	SEQC	permutation	
2176.0	-0.18626282925988402	SEQC	permutation	
2177.0	0.12552488336052292	SEQC	permutation	
2178.0	-0.1841161818602992	SEQC	permutation	
2179.0	0.0017320632403934333	SEQC	permutation	
2180.0	0.09962807522624173	SEQC	permutation	
2181.0	-0.10275501036281698	SEQC	permutation	
2182.0	0.14601736443529933	SEQC	permutation	
2183.0	-0.2090593936504801	SEQC	permutation	
2184.0	0.08832414178370485	SEQC	permutation	
2185.0	0.07988802693623454	SEQC	permutation	
2186.0	0.0636437865526478	SEQC	permutation	
2187.0	-0.18634721452501246	SEQC	permutation	
2188.0	-0.04726749871463598	SEQC	permutation	
2189.0	-0.2973149119300853	SEQC	permutation	
2190.0	-0.046239534129413506	SEQC	permutation	
2191.0	-0.06655416542966064	SEQC	permutation	
2192.0	0.037414834351579884	SEQC	permutation	
2193.0	-0.16746819520933753	SEQC	permutation	
2194.0	0.03953163070928234	SEQC	permutation	
2195.0	-0.15071383416889583	SEQC	permutation	
2196.0	0.13631302779991383	SEQC	permutation	
2197.0	0.006912983300614073	SEQC	permutation	
2198.0	-0.08211943386271381	SEQC	permutation	
2199.0	-0.11175947634105521	SEQC	permutation	
2200.0	-0.05765888734758606	SEQC	permutation	
2201.0	0.036185807657437064	SEQC	permutation	
2202.0	-0.019233331802168685	SEQC	permutation	
2203.0	0.09275035461116721	SEQC	permutation	
2204.0	0.0027507531270356544	SEQC	permutation	
2205.0	0.0906875234417277	SEQC	permutation	
2206.0	-0.1341366704284983	SEQC	permutation	
2207.0	0.2931804137319052	SEQC	permutation	
2208.0	0.005463835338469281	SEQC	permutation	
2209.0	-0.013194280385205648	SEQC	permutation	
2210.0	-0.18299715607950828	SEQC	permutation	
2211.0	-0.1447148224334489	SEQC	permutation	
2212.0	-0.13907778991299447	SEQC	permutation	
2213.0	-0.013653989239496678	SEQC	permutation	
2214.0	-0.07824040703063506	SEQC	permutation	
2215.0	-0.1995268672464654	SEQC	permutation	
2216.0	0.06320307031065386	SEQC	permutation	
2217.0	-0.037850083493444764	SEQC	permutation	
2218.0	0.05495279453710511	SEQC	permutation	
2219.0	0.008303070994487793	SEQC	permutation	
2220.0	-0.1888108018598751	SEQC	permutation	
2221.0	-0.01425131993966966	SEQC	permutation	
2222.0	-0.11753757904934403	SEQC	permutation	
2223.0	0.04993817541189438	SEQC	permutation	
2224.0	0.012683613464576915	SEQC	permutation	
2225.0	0.13685001252816642	SEQC	permutation	
2226.0	-0.17185634718844955	SEQC	permutation	
2227.0	0.016811662642557845	SEQC	permutation	
2228.0	0.0012088852454614774	SEQC	permutation	
2229.0	0.0025377147853160587	SEQC	permutation	
2230.0	-0.08829525578665853	SEQC	permutation	
2231.0	0.00801627635160651	SEQC	permutation	
2232.0	-0.2552209062132942	SEQC	permutation	
2233.0	0.14205037387598152	SEQC	permutation	
2234.0	-0.05075815037581943	SEQC	permutation	
2235.0	-0.13398381026223039	SEQC	permutation	
2236.0	-0.06350581179876835	SEQC	permutation	
2237.0	0.04385836495679607	SEQC	permutation	
2238.0	-0.15413625925854246	SEQC	permutation	
2239.0	-0.1140992442476163	SEQC	permutation	
2240.0	-0.02943909225247543	SEQC	permutation	
2241.0	0.02114775711050587	SEQC	permutation	
2242.0	-0.03306227894607039	SEQC	permutation	
2243.0	0.16055762807254492	SEQC	permutation	
2244.0	-0.014569572355334515	SEQC	permutation	
2245.0	0.027309338343312284	SEQC	permutation	
2246.0	-0.08274461208338968	SEQC	permutation	
2247.0	-0.04560885641043688	SEQC	permutation	
2248.0	0.04922423045830415	SEQC	permutation	
2249.0	0.05948697852749918	SEQC	permutation	
2250.0	0.06211542125254077	SEQC	permutation	
2251.0	-0.05550428809275321	SEQC	permutation	
2252.0	0.21783686472676944	SEQC	permutation	
2253.0	-0.06692499996200674	SEQC	permutation	
2254.0	-0.15392164306095513	SEQC	permutation	
2255.0	-0.08839884541332887	SEQC	permutation	
2256.0	0.042016437098936876	SEQC	permutation	
2257.0	0.04637293892350547	SEQC	permutation	
2258.0	0.015147504975278725	SEQC	permutation	
2259.0	0.0821916802823055	SEQC	permutation	
2260.0	-0.0026235912528620453	SEQC	permutation	
2261.0	0.010555227549618795	SEQC	permutation	
2262.0	-0.12101485114390664	SEQC	permutation	
2263.0	-0.07604818624846565	SEQC	permutation	
2264.0	0.07035382779824495	SEQC	permutation	
2265.0	-0.05741885938763325	SEQC	permutation	
2266.0	-0.08527563540355532	SEQC	permutation	
2267.0	-0.012379202894565733	SEQC	permutation	
2268.0	0.2135420039063578	SEQC	permutation	
2269.0	-0.00015491430526193284	SEQC	permutation	
2270.0	-0.044334308378943366	SEQC	permutation	
2271.0	-0.1094204865885331	SEQC	permutation	
2272.0	-0.03802849246254736	SEQC	permutation	
2273.0	-0.10764094020099435	SEQC	permutation	
2274.0	0.03317065441531142	SEQC	permutation	
2275.0	-0.23341608295633876	SEQC	permutation	
2276.0	-0.11327669908410876	SEQC	permutation	
2277.0	0.06504792651994684	SEQC	permutation	
2278.0	-0.0042922873991448895	SEQC	permutation	
2279.0	-0.06855381856613008	SEQC	permutation	
2280.0	0.24952666393534884	SEQC	permutation	
2281.0	-0.07245501280171096	SEQC	permutation	
2282.0	-0.1016109844145765	SEQC	permutation	
2283.0	-0.16848798531496634	SEQC	permutation	
2284.0	0.06860351658159258	SEQC	permutation	
2285.0	-0.033915341712339675	SEQC	permutation	
2286.0	0.06065077606935532	SEQC	permutation	
2287.0	0.0322992275136329	SEQC	permutation	
2288.0	-0.1038701611762094	SEQC	permutation	
2289.0	-0.08212300296545738	SEQC	permutation	
2290.0	-0.062289598827331094	SEQC	permutation	
2291.0	-0.11142149263364542	SEQC	permutation	
2292.0	0.1248611889670932	SEQC	permutation	
2293.0	0.02750483772924639	SEQC	permutation	
2294.0	-0.058669890062982066	SEQC	permutation	
2295.0	-0.03957603941249532	SEQC	permutation	
2296.0	0.005300760488823553	SEQC	permutation	
2297.0	-0.11100257091439536	SEQC	permutation	
2298.0	-0.10631942660692584	SEQC	permutation	
2299.0	0.0023439850947686303	SEQC	permutation	
2300.0	0.04353145752403664	SEQC	permutation	
2301.0	-0.12226916738632143	SEQC	permutation	
2302.0	-0.1567678441134488	SEQC	permutation	
2303.0	-0.17525961161898929	SEQC	permutation	
2304.0	-0.11964612683483766	SEQC	permutation	
2305.0	-0.21716820226186329	SEQC	permutation	
2306.0	-0.03155434732044293	SEQC	permutation	
2307.0	0.11613852466291652	SEQC	permutation	
2308.0	0.02358663190883359	SEQC	permutation	
2309.0	0.02636022707226582	SEQC	permutation	
2310.0	-0.13316152804494674	SEQC	permutation	
2311.0	-0.09928247219406972	SEQC	permutation	
2312.0	0.048818158062099215	SEQC	permutation	
2313.0	-0.2011047715547125	SEQC	permutation	
2314.0	0.06656991180469252	SEQC	permutation	
2315.0	-0.24379778550239495	SEQC	permutation	
2316.0	0.19172048969659894	SEQC	permutation	
2317.0	0.06154317136490706	SEQC	permutation	
2318.0	-0.08790698321645873	SEQC	permutation	
2319.0	-0.07325389252409398	SEQC	permutation	
2320.0	-0.1425647785681301	SEQC	permutation	
2321.0	-0.0067747739690546815	SEQC	permutation	
2322.0	-0.0473373307028786	SEQC	permutation	
2323.0	0.07776437277425252	SEQC	permutation	
2324.0	-0.02521191289317981	SEQC	permutation	
2325.0	-0.11392917450153472	SEQC	permutation	
2326.0	0.08672890209110262	SEQC	permutation	
2327.0	0.02622725327130393	SEQC	permutation	
2328.0	0.03153411386674376	SEQC	permutation	
2329.0	-0.1400692610467682	SEQC	permutation	
2330.0	0.11486284861186968	SEQC	permutation	
2331.0	0.1159486148356561	SEQC	permutation	
2332.0	0.12323308440738145	SEQC	permutation	
2333.0	-0.08955856418144492	SEQC	permutation	
2334.0	-0.0025607997635974655	SEQC	permutation	
2335.0	-0.15196336263149268	SEQC	permutation	
2336.0	0.11921369368163948	SEQC	permutation	
2337.0	-0.016353229649167744	SEQC	permutation	
2338.0	-0.08141024456369683	SEQC	permutation	
2339.0	-0.061441949574756904	SEQC	permutation	
2340.0	-0.14995780731912856	SEQC	permutation	
2341.0	0.04290229299230308	SEQC	permutation	
2342.0	0.0017879709403301192	SEQC	permutation	
2343.0	0.08544080475979543	SEQC	permutation	
2344.0	-0.23671222486655452	SEQC	permutation	
2345.0	-0.14683146109366918	SEQC	permutation	
2346.0	-0.15364838166264905	SEQC	permutation	
2347.0	-0.05435383044029374	SEQC	permutation	
2348.0	0.07392157905288155	SEQC	permutation	
2349.0	-0.32933278492730045	SEQC	permutation	
2350.0	0.07895494788369684	SEQC	permutation	
2351.0	-0.07206633555406139	SEQC	permutation	
2352.0	-0.09336717305236153	SEQC	permutation	
2353.0	0.054425066135666	SEQC	permutation	
2354.0	0.10386139748610779	SEQC	permutation	
2355.0	-0.07828340780147247	SEQC	permutation	
2356.0	-0.060436979921041356	SEQC	permutation	
2357.0	-0.030929959057007128	SEQC	permutation	
2358.0	-0.00793051553981039	SEQC	permutation	
2359.0	0.10553709240767661	SEQC	permutation	
2360.0	0.01848491647559536	SEQC	permutation	
2361.0	-0.019937794009659005	SEQC	permutation	
2362.0	-0.1441676087342887	SEQC	permutation	
2363.0	0.11914539112867706	SEQC	permutation	
2364.0	0.0795279650139804	SEQC	permutation	
2365.0	-0.006668290377056518	SEQC	permutation	
2366.0	0.12236837980855286	SEQC	permutation	
2367.0	-0.06278350725171666	SEQC	permutation	
2368.0	-0.06842784333137697	SEQC	permutation	
2369.0	-0.027898274572679682	SEQC	permutation	
2370.0	-0.0267349908359078	SEQC	permutation	
2371.0	-0.06752459973277691	SEQC	permutation	
2372.0	-0.126415349100939	SEQC	permutation	
2373.0	-0.06906742844957803	SEQC	permutation	
2374.0	-0.008016962363247337	SEQC	permutation	
2375.0	0.10905860505448839	SEQC	permutation	
2376.0	-0.13555015900768375	SEQC	permutation	
2377.0	-0.16932240920223895	SEQC	permutation	
2378.0	0.11129885708029486	SEQC	permutation	
2379.0	0.08703086320549458	SEQC	permutation	
2380.0	0.01680419654556653	SEQC	permutation	
2381.0	0.059570036472313515	SEQC	permutation	
2382.0	-0.06294685761293595	SEQC	permutation	
2383.0	0.10371752903464948	SEQC	permutation	
2384.0	0.05486571408377117	SEQC	permutation	
2385.0	0.014510747026210247	SEQC	permutation	
2386.0	0.09474239277961338	SEQC	permutation	
2387.0	-0.09866378771224005	SEQC	permutation	
2388.0	0.03672610082142436	SEQC	permutation	
2389.0	0.09427245164642395	SEQC	permutation	
2390.0	-0.29246357868554407	SEQC	permutation	
2391.0	0.04470054033809934	SEQC	permutation	
2392.0	0.02743639587460578	SEQC	permutation	
2393.0	0.04597017012584459	SEQC	permutation	
2394.0	-0.08440738841643025	SEQC	permutation	
2395.0	-0.07057426396898547	SEQC	permutation	
2396.0	-0.19555461577798505	SEQC	permutation	
2397.0	-0.009448797343365456	SEQC	permutation	
2398.0	0.02962631817123018	SEQC	permutation	
2399.0	0.043635055249854116	SEQC	permutation	
2400.0	-0.09495148585924529	SEQC	permutation	
2401.0	-0.007640612302987737	SEQC	permutation	
2402.0	-0.006043617729614592	SEQC	permutation	
2403.0	-0.08022291495365019	SEQC	permutation	
2404.0	-0.09167562832336174	SEQC	permutation	
2405.0	-0.0445964403331498	SEQC	permutation	
2406.0	-0.04580404128811555	SEQC	permutation	
2407.0	-0.07631119163313826	SEQC	permutation	
2408.0	-0.10368153592817686	SEQC	permutation	
2409.0	0.02364740318235059	SEQC	permutation	
2410.0	-0.05283009126651539	SEQC	permutation	
2411.0	0.1802616558888177	SEQC	permutation	
2412.0	-0.13844807367634893	SEQC	permutation	
2413.0	0.035956064198937376	SEQC	permutation	
2414.0	0.13209791279857486	SEQC	permutation	
2415.0	-0.06245897928272459	SEQC	permutation	
2416.0	0.003803567543521069	SEQC	permutation	
2417.0	0.11632395731449696	SEQC	permutation	
2418.0	-0.016649047186194643	SEQC	permutation	
2419.0	0.05269345527881608	SEQC	permutation	
2420.0	-0.16770227326878828	SEQC	permutation	
2421.0	0.06931528501456974	SEQC	permutation	
2422.0	0.011638476823360389	SEQC	permutation	
2423.0	0.01465203886952482	SEQC	permutation	
2424.0	-0.207084451232312	SEQC	permutation	
2425.0	0.007373097867390044	SEQC	permutation	
2426.0	0.11822593410456683	SEQC	permutation	
2427.0	0.2615661430237455	SEQC	permutation	
2428.0	0.02553905034046222	SEQC	permutation	
2429.0	0.05445429953116632	SEQC	permutation	
2430.0	0.03463269427501858	SEQC	permutation	
2431.0	0.08183101537945481	SEQC	permutation	
2432.0	0.17178410037893865	SEQC	permutation	
2433.0	-0.03242584869269738	SEQC	permutation	
2434.0	-0.20423784024006375	SEQC	permutation	
2435.0	0.06824192556408804	SEQC	permutation	
2436.0	-0.015990333670319323	SEQC	permutation	
2437.0	-0.09299430465690817	SEQC	permutation	
2438.0	0.18254926740534483	SEQC	permutation	
2439.0	-0.025601556418920257	SEQC	permutation	
2440.0	-0.03574762361335404	SEQC	permutation	
2441.0	0.08171076857190851	SEQC	permutation	
2442.0	0.11561647593245583	SEQC	permutation	
2443.0	0.18486879335713002	SEQC	permutation	
2444.0	-0.015636764295101635	SEQC	permutation	
2445.0	-0.13302201144215786	SEQC	permutation	
2446.0	-0.07020215531075147	SEQC	permutation	
2447.0	0.012120765128187827	SEQC	permutation	
2448.0	-0.0187153371898372	SEQC	permutation	
2449.0	0.047225928461613886	SEQC	permutation	
2450.0	-0.1260411526723182	SEQC	permutation	
2451.0	0.02701616825944564	SEQC	permutation	
2452.0	0.2648849821683914	SEQC	permutation	
2453.0	0.09733557553393624	SEQC	permutation	
2454.0	0.16048781305101345	SEQC	permutation	
2455.0	0.014632969957681041	SEQC	permutation	
2456.0	0.03409007735853464	SEQC	permutation	
2457.0	-0.051386580055509334	SEQC	permutation	
2458.0	0.024869535105419782	SEQC	permutation	
2459.0	0.09129105133731308	SEQC	permutation	
2460.0	0.122973730145012	SEQC	permutation	
2461.0	0.017890454241057174	SEQC	permutation	
2462.0	-0.07348087870639874	SEQC	permutation	
2463.0	0.023675476335630385	SEQC	permutation	
2464.0	0.008395033438215016	SEQC	permutation	
2465.0	-0.03576842888753662	SEQC	permutation	
2466.0	-0.08157705238481805	SEQC	permutation	
2467.0	0.0050529784782678	SEQC	permutation	
2468.0	-0.14073798022682027	SEQC	permutation	
2469.0	-0.013354063669718474	SEQC	permutation	
2470.0	0.023186082104396988	SEQC	permutation	
2471.0	-0.07923675601055535	SEQC	permutation	
2472.0	0.10111214764484933	SEQC	permutation	
2473.0	0.07975274206782945	SEQC	permutation	
2474.0	-0.18485533129920073	SEQC	permutation	
2475.0	0.08249642855593065	SEQC	permutation	
2476.0	-3.95846543010947e-05	SEQC	permutation	
2477.0	-0.09066667728221622	SEQC	permutation	
2478.0	0.10339072208397404	SEQC	permutation	
2479.0	-0.11504034883595171	SEQC	permutation	
2480.0	-0.03134648747753399	SEQC	permutation	
2481.0	0.022773093677948886	SEQC	permutation	
2482.0	0.07009307090683992	SEQC	permutation	
2483.0	0.16360867399773005	SEQC	permutation	
2484.0	-0.05795993131144028	SEQC	permutation	
2485.0	-0.12108505701748662	SEQC	permutation	
2486.0	-0.15219584538140474	SEQC	permutation	
2487.0	0.026641893016776663	SEQC	permutation	
2488.0	0.08821039553963583	SEQC	permutation	
2489.0	-0.09932241308537426	SEQC	permutation	
2490.0	0.0462466437616027	SEQC	permutation	
2491.0	0.018104836971037486	SEQC	permutation	
2492.0	-0.0681004760111037	SEQC	permutation	
2493.0	-0.09360595064457922	SEQC	permutation	
2494.0	0.12176102885416729	SEQC	permutation	
2495.0	-0.05834519965151452	SEQC	permutation	
2496.0	0.16576151524622018	SEQC	permutation	
2497.0	0.05553804736789125	SEQC	permutation	
2498.0	0.005400286951822597	SEQC	permutation	
2499.0	0.09020004543022297	SEQC	permutation	
2500.0	-0.018017781139418876	SEQC	permutation	
2501.0	-0.17690185959692606	SEQC	permutation	
2502.0	0.15760834801379753	SEQC	permutation	
2503.0	-0.12246150725382421	SEQC	permutation	
2504.0	-0.05348437353587121	SEQC	permutation	
2505.0	-0.033407391398561526	SEQC	permutation	
2506.0	-0.025270902285316144	SEQC	permutation	
2507.0	-0.03613702184471235	SEQC	permutation	
2508.0	0.06896034585061939	SEQC	permutation	
2509.0	0.016960961812892528	SEQC	permutation	
2510.0	-0.1454186375721025	SEQC	permutation	
2511.0	0.11275635273357132	SEQC	permutation	
2512.0	-0.07902868719779521	SEQC	permutation	
2513.0	0.14405937024816007	SEQC	permutation	
2514.0	-0.08525234326395026	SEQC	permutation	
2515.0	0.11573261888922559	SEQC	permutation	
2516.0	0.045470710865096464	SEQC	permutation	
2517.0	0.14155844639536586	SEQC	permutation	
2518.0	0.06887941242040752	SEQC	permutation	
2519.0	-0.10153172536354527	SEQC	permutation	
2520.0	0.10088806644039927	SEQC	permutation	
2521.0	-0.2092831458294615	SEQC	permutation	
2522.0	0.12616190896303303	SEQC	permutation	
2523.0	-0.0828351529590794	SEQC	permutation	
2524.0	0.03364154382350515	SEQC	permutation	
2525.0	-0.011705289139647412	SEQC	permutation	
2526.0	0.11315331081840796	SEQC	permutation	
2527.0	0.11602090042438684	SEQC	permutation	
2528.0	-0.007020024043435935	SEQC	permutation	
2529.0	0.010198922400157073	SEQC	permutation	
2530.0	0.12250872877538788	SEQC	permutation	
2531.0	0.035470951228468106	SEQC	permutation	
2532.0	0.10033432184426827	SEQC	permutation	
2533.0	0.020347410838120528	SEQC	permutation	
2534.0	0.020371477202768773	SEQC	permutation	
2535.0	-0.04289154533154038	SEQC	permutation	
2536.0	-0.11700238676461483	SEQC	permutation	
2537.0	-0.048650109599541747	SEQC	permutation	
2538.0	-0.23522601696331424	SEQC	permutation	
2539.0	0.0025415393338503733	SEQC	permutation	
2540.0	-0.11392405172045184	SEQC	permutation	
2541.0	-0.08087630406206125	SEQC	permutation	
2542.0	-0.12291711932270744	SEQC	permutation	
2543.0	-0.12204354471475254	SEQC	permutation	
2544.0	0.05931142485804042	SEQC	permutation	
2545.0	0.04103631521223816	SEQC	permutation	
2546.0	0.09675561683935552	SEQC	permutation	
2547.0	-0.233370076355909	SEQC	permutation	
2548.0	0.1675344531729479	SEQC	permutation	
2549.0	0.04884244090625156	SEQC	permutation	
2550.0	-0.06197706249949064	SEQC	permutation	
2551.0	-0.021163717498031254	SEQC	permutation	
2552.0	-0.10124876458864396	SEQC	permutation	
2553.0	0.0065642063890236635	SEQC	permutation	
2554.0	-0.08173569642016965	SEQC	permutation	
2555.0	-0.18966363530523545	SEQC	permutation	
2556.0	0.026182635808886356	SEQC	permutation	
2557.0	-0.012110568264326105	SEQC	permutation	
2558.0	-0.1081952422187551	SEQC	permutation	
2559.0	-0.1127837016553892	SEQC	permutation	
2560.0	0.05229435392164561	SEQC	permutation	
2561.0	0.05811669027763866	SEQC	permutation	
2562.0	-0.0015952027871910524	SEQC	permutation	
2563.0	-0.01860158816492241	SEQC	permutation	
2564.0	-0.08148555095202914	SEQC	permutation	
2565.0	-0.1712711253053003	SEQC	permutation	
2566.0	-0.02030148974490409	SEQC	permutation	
2567.0	-0.05209874530612346	SEQC	permutation	
2568.0	-0.04609981414890907	SEQC	permutation	
2569.0	-0.13424279654144744	SEQC	permutation	
2570.0	-0.044638785066348774	SEQC	permutation	
2571.0	0.05973689731318821	SEQC	permutation	
2572.0	0.09047270339236846	SEQC	permutation	
2573.0	0.04776682441230573	SEQC	permutation	
2574.0	-0.02302182630041294	SEQC	permutation	
2575.0	0.09055728048796485	SEQC	permutation	
2576.0	-0.07606377970034162	SEQC	permutation	
2577.0	0.07160284761889013	SEQC	permutation	
2578.0	0.06981065273786546	SEQC	permutation	
2579.0	-0.09035005870426849	SEQC	permutation	
2580.0	-0.11879000909483306	SEQC	permutation	
2581.0	0.14520127785237502	SEQC	permutation	
2582.0	0.10899161791999079	SEQC	permutation	
2583.0	-0.0670344812961794	SEQC	permutation	
2584.0	-0.12382147388774323	SEQC	permutation	
2585.0	0.027756135062360965	SEQC	permutation	
2586.0	-0.09023055592481555	SEQC	permutation	
2587.0	-0.26960423101541053	SEQC	permutation	
2588.0	-0.04601670599073726	SEQC	permutation	
2589.0	0.15087471070449787	SEQC	permutation	
2590.0	0.2280992061694027	SEQC	permutation	
2591.0	-0.07291251186938208	SEQC	permutation	
2592.0	0.0656671354929701	SEQC	permutation	
2593.0	0.03223096658594704	SEQC	permutation	
2594.0	-0.0990205938839428	SEQC	permutation	
2595.0	0.12262363860216396	SEQC	permutation	
2596.0	0.04857612681667378	SEQC	permutation	
2597.0	0.07955692056745978	SEQC	permutation	
2598.0	0.05975341679940982	SEQC	permutation	
2599.0	-0.09748659427508155	SEQC	permutation	
2600.0	0.0005474437144630251	SEQC	permutation	
2601.0	0.19440405602964006	SEQC	permutation	
2602.0	-0.06218143057147385	SEQC	permutation	
2603.0	0.15534404822631354	SEQC	permutation	
2604.0	-0.029774114797150197	SEQC	permutation	
2605.0	-0.18657087184510557	SEQC	permutation	
2606.0	0.1715060527942831	SEQC	permutation	
2607.0	-0.13063581604204222	SEQC	permutation	
2608.0	-0.005381140382090255	SEQC	permutation	
2609.0	0.10901477895161404	SEQC	permutation	
2610.0	-0.20056032212569752	SEQC	permutation	
2611.0	0.13114811663665105	SEQC	permutation	
2612.0	-0.16087647580401976	SEQC	permutation	
2613.0	0.012177809250481175	SEQC	permutation	
2614.0	-0.0950181695002148	SEQC	permutation	
2615.0	-0.09746514602178191	SEQC	permutation	
2616.0	0.09657284534886612	SEQC	permutation	
2617.0	0.0038629487631771653	SEQC	permutation	
2618.0	0.08162739396160124	SEQC	permutation	
2619.0	0.019383580029870284	SEQC	permutation	
2620.0	-0.21275955192978468	SEQC	permutation	
2621.0	0.043653179468508	SEQC	permutation	
2622.0	-0.08047235251784102	SEQC	permutation	
2623.0	-0.09248238498007799	SEQC	permutation	
2624.0	-0.035330410876404095	SEQC	permutation	
2625.0	0.027952961708862745	SEQC	permutation	
2626.0	0.005640300384087027	SEQC	permutation	
2627.0	0.08405403120964827	SEQC	permutation	
2628.0	0.02955459827997009	SEQC	permutation	
2629.0	-0.09099740713945126	SEQC	permutation	
2630.0	0.12236140310497934	SEQC	permutation	
2631.0	0.029735631536139895	SEQC	permutation	
2632.0	-0.03552605119483143	SEQC	permutation	
2633.0	-0.05386019549976773	SEQC	permutation	
2634.0	0.018039026263920288	SEQC	permutation	
2635.0	-0.029284982675743088	SEQC	permutation	
2636.0	0.011028382280131144	SEQC	permutation	
2637.0	0.009216918057690204	SEQC	permutation	
2638.0	-0.032469800529371096	SEQC	permutation	
2639.0	-0.07829023238016353	SEQC	permutation	
2640.0	-0.026774473980365254	SEQC	permutation	
2641.0	-0.07102440847624836	SEQC	permutation	
2642.0	-0.014333984513581921	SEQC	permutation	
2643.0	-0.12393042517232011	SEQC	permutation	
2644.0	-0.10890376575392713	SEQC	permutation	
2645.0	0.02645258450246102	SEQC	permutation	
2646.0	-0.08215292142579411	SEQC	permutation	
2647.0	0.018616933588181173	SEQC	permutation	
2648.0	-0.12078818352803244	SEQC	permutation	
2649.0	-0.04168366048092853	SEQC	permutation	
2650.0	-0.22989180475632542	SEQC	permutation	
2651.0	-0.011015507427466709	SEQC	permutation	
2652.0	-0.14268708590231816	SEQC	permutation	
2653.0	0.029793120613087254	SEQC	permutation	
2654.0	0.0861521876562712	SEQC	permutation	
2655.0	-0.06839153580078605	SEQC	permutation	
2656.0	0.20016991040379617	SEQC	permutation	
2657.0	-0.10949368168526874	SEQC	permutation	
2658.0	-0.1309671970079198	SEQC	permutation	
2659.0	0.11912530322771264	SEQC	permutation	
2660.0	-0.18843396964956982	SEQC	permutation	
2661.0	-0.11243610696786854	SEQC	permutation	
2662.0	0.037979721609597394	SEQC	permutation	
2663.0	-0.0835388764827103	SEQC	permutation	
2664.0	0.031084065156669283	SEQC	permutation	
2665.0	0.04040220128239991	SEQC	permutation	
2666.0	-0.21157558060510784	SEQC	permutation	
2667.0	0.2542702957423124	SEQC	permutation	
2668.0	0.05154634156014959	SEQC	permutation	
2669.0	0.020741853837023427	SEQC	permutation	
2670.0	-0.2126632137020228	SEQC	permutation	
2671.0	0.043751140009025136	SEQC	permutation	
2672.0	-0.10824024866941473	SEQC	permutation	
2673.0	-0.12172795519197432	SEQC	permutation	
2674.0	0.04470063325488027	SEQC	permutation	
2675.0	-0.08528085865763213	SEQC	permutation	
2676.0	-0.03395003376846084	SEQC	permutation	
2677.0	-0.1605806171249311	SEQC	permutation	
2678.0	-0.08789187532524867	SEQC	permutation	
2679.0	0.005755745548322366	SEQC	permutation	
2680.0	-0.17388335014145406	SEQC	permutation	
2681.0	-0.06466259834732302	SEQC	permutation	
2682.0	0.033336847104871836	SEQC	permutation	
2683.0	-0.09969676979840703	SEQC	permutation	
2684.0	0.07650425002280414	SEQC	permutation	
2685.0	0.06664101090188801	SEQC	permutation	
2686.0	-0.05203496494416893	SEQC	permutation	
2687.0	-0.2523307235181509	SEQC	permutation	
2688.0	0.012412669676952426	SEQC	permutation	
2689.0	-0.12960090303139138	SEQC	permutation	
2690.0	-0.011776036029434334	SEQC	permutation	
2691.0	-0.05679780820474045	SEQC	permutation	
2692.0	0.14464675399418203	SEQC	permutation	
2693.0	0.2521822183170479	SEQC	permutation	
2694.0	-0.14859666157743412	SEQC	permutation	
2695.0	-0.1830433640831921	SEQC	permutation	
2696.0	0.03386263462011785	SEQC	permutation	
2697.0	0.2962722748066038	SEQC	permutation	
2698.0	0.06111081983128841	SEQC	permutation	
2699.0	0.09298646203031158	SEQC	permutation	
2700.0	0.07098213055128477	SEQC	permutation	
2701.0	-0.05012324870288021	SEQC	permutation	
2702.0	0.026602555236920455	SEQC	permutation	
2703.0	-0.00945361641752962	SEQC	permutation	
2704.0	-0.1487054796974734	SEQC	permutation	
2705.0	0.10999674985761221	SEQC	permutation	
2706.0	0.01293299949843485	SEQC	permutation	
2707.0	0.19589475231946452	SEQC	permutation	
2708.0	-0.10608768354494114	SEQC	permutation	
2709.0	0.07958558759703438	SEQC	permutation	
2710.0	-0.16136796812566656	SEQC	permutation	
2711.0	-0.17449328864456692	SEQC	permutation	
2712.0	0.07173999632951977	SEQC	permutation	
2713.0	0.019574371417820036	SEQC	permutation	
2714.0	-0.08922878046925087	SEQC	permutation	
2715.0	0.008197713490102565	SEQC	permutation	
2716.0	0.00683933117949076	SEQC	permutation	
2717.0	-0.0481142415834408	SEQC	permutation	
2718.0	-0.21855103437342027	SEQC	permutation	
2719.0	0.0033374174844982285	SEQC	permutation	
2720.0	0.08643744234299522	SEQC	permutation	
2721.0	-0.027622777174423963	SEQC	permutation	
2722.0	0.08177058366882806	SEQC	permutation	
2723.0	0.04836992883994773	SEQC	permutation	
2724.0	0.1707483243329495	SEQC	permutation	
2725.0	0.10339071555861645	SEQC	permutation	
2726.0	0.10199275204968439	SEQC	permutation	
2727.0	-0.21896217110243654	SEQC	permutation	
2728.0	0.08559931928456521	SEQC	permutation	
2729.0	-0.16988833722969554	SEQC	permutation	
2730.0	-0.10588028773110558	SEQC	permutation	
2731.0	-0.006919903926217774	SEQC	permutation	
2732.0	0.08365081391060292	SEQC	permutation	
2733.0	-0.14176760764668028	SEQC	permutation	
2734.0	0.02891225573234424	SEQC	permutation	
2735.0	0.10780484536895552	SEQC	permutation	
2736.0	-0.1323516785727925	SEQC	permutation	
2737.0	-0.1009920795543473	SEQC	permutation	
2738.0	-0.10853254545241597	SEQC	permutation	
2739.0	-0.1125393712696785	SEQC	permutation	
2740.0	-0.0024346811654520906	SEQC	permutation	
2741.0	0.04768066558068362	SEQC	permutation	
2742.0	-0.05644964987434431	SEQC	permutation	
2743.0	0.04026193794299626	SEQC	permutation	
2744.0	0.05407477098983948	SEQC	permutation	
2745.0	-0.03538521336627687	SEQC	permutation	
2746.0	0.07003382427664251	SEQC	permutation	
2747.0	-0.03481813998537797	SEQC	permutation	
2748.0	-0.2124153282186212	SEQC	permutation	
2749.0	0.05437969092357253	SEQC	permutation	
2750.0	-0.04221890333057843	SEQC	permutation	
2751.0	-0.09104890389123854	SEQC	permutation	
2752.0	0.06783165384871559	SEQC	permutation	
2753.0	-0.011066755153199104	SEQC	permutation	
2754.0	0.09656653795196135	SEQC	permutation	
2755.0	0.0655235650640198	SEQC	permutation	
2756.0	-0.1101393353822786	SEQC	permutation	
2757.0	-0.11754090396684402	SEQC	permutation	
2758.0	0.1632820755448523	SEQC	permutation	
2759.0	-0.23624181297870717	SEQC	permutation	
2760.0	0.06556900977152891	SEQC	permutation	
2761.0	0.1963063448058766	SEQC	permutation	
2762.0	-0.13285015049741	SEQC	permutation	
2763.0	0.1731562279995642	SEQC	permutation	
2764.0	0.37851668052805243	SEQC	permutation	
2765.0	0.014000551838700748	SEQC	permutation	
2766.0	0.12623190287308317	SEQC	permutation	
2767.0	0.19444141681045135	SEQC	permutation	
2768.0	0.022157529239494878	SEQC	permutation	
2769.0	-0.001014285416896854	SEQC	permutation	
2770.0	-0.018120102266561577	SEQC	permutation	
2771.0	0.161051627156374	SEQC	permutation	
2772.0	-0.12283066608801851	SEQC	permutation	
2773.0	-0.005456394078133808	SEQC	permutation	
2774.0	0.024078486613229977	SEQC	permutation	
2775.0	0.11319521082384476	SEQC	permutation	
2776.0	-0.1428183094184572	SEQC	permutation	
2777.0	-0.07509372397664471	SEQC	permutation	
2778.0	0.1461453354939355	SEQC	permutation	
2779.0	-0.008802498667185077	SEQC	permutation	
2780.0	-0.02451172076991126	SEQC	permutation	
2781.0	0.12213621773796168	SEQC	permutation	
2782.0	-0.0077627945143210475	SEQC	permutation	
2783.0	-0.023865318651162593	SEQC	permutation	
2784.0	0.03565082840224454	SEQC	permutation	
2785.0	-0.30027494057159965	SEQC	permutation	
2786.0	-0.05361967042664606	SEQC	permutation	
2787.0	0.0512699134952852	SEQC	permutation	
2788.0	-0.21399946444683104	SEQC	permutation	
2789.0	0.048413129402203214	SEQC	permutation	
2790.0	0.039309961279376804	SEQC	permutation	
2791.0	0.2700367034055513	SEQC	permutation	
2792.0	-0.05000114128191502	SEQC	permutation	
2793.0	-0.1309172844351698	SEQC	permutation	
2794.0	-0.15797617083446092	SEQC	permutation	
2795.0	0.09682355241254825	SEQC	permutation	
2796.0	0.04939603595653219	SEQC	permutation	
2797.0	0.056900265765605695	SEQC	permutation	
2798.0	-0.04143837789860294	SEQC	permutation	
2799.0	-0.07024053446420098	SEQC	permutation	
2800.0	0.01359298906070272	SEQC	permutation	
2801.0	-0.011061658967617571	SEQC	permutation	
2802.0	-0.2547143007023136	SEQC	permutation	
2803.0	-0.032772234469482076	SEQC	permutation	
2804.0	0.14482359225067665	SEQC	permutation	
2805.0	0.027911168355208016	SEQC	permutation	
2806.0	0.07895935241979801	SEQC	permutation	
2807.0	0.037184097391522286	SEQC	permutation	
2808.0	-0.09719967369556537	SEQC	permutation	
2809.0	-0.07452371378357148	SEQC	permutation	
2810.0	0.16454451894725297	SEQC	permutation	
2811.0	0.043546916760940135	SEQC	permutation	
2812.0	-0.0934696764201619	SEQC	permutation	
2813.0	0.11855487066420967	SEQC	permutation	
2814.0	-0.11760799300626834	SEQC	permutation	
2815.0	-0.00748146557597984	SEQC	permutation	
2816.0	0.07854198384738309	SEQC	permutation	
2817.0	0.025696505188704144	SEQC	permutation	
2818.0	0.08713672722916099	SEQC	permutation	
2819.0	-0.04990180167452696	SEQC	permutation	
2820.0	0.12434899333046046	SEQC	permutation	
2821.0	-0.10816603932182645	SEQC	permutation	
2822.0	-0.16396843323239185	SEQC	permutation	
2823.0	-0.048049757711195795	SEQC	permutation	
2824.0	0.08999431253498047	SEQC	permutation	
2825.0	0.09604692747180898	SEQC	permutation	
2826.0	0.07436588023388513	SEQC	permutation	
2827.0	-0.09202481686049335	SEQC	permutation	
2828.0	0.05118379840004428	SEQC	permutation	
2829.0	-0.00010551791913115949	SEQC	permutation	
2830.0	0.09213338060019627	SEQC	permutation	
2831.0	-0.03618446195032865	SEQC	permutation	
2832.0	0.12372052483716489	SEQC	permutation	
2833.0	-0.07235204919011462	SEQC	permutation	
2834.0	-0.1079815848215393	SEQC	permutation	
2835.0	0.08810339469760686	SEQC	permutation	
2836.0	-0.0985997967041583	SEQC	permutation	
2837.0	-0.038565503730951356	SEQC	permutation	
2838.0	-0.05428857770368056	SEQC	permutation	
2839.0	-0.10508607244630541	SEQC	permutation	
2840.0	0.11557144976336664	SEQC	permutation	
2841.0	-0.08428005675118388	SEQC	permutation	
2842.0	-0.06597993109780464	SEQC	permutation	
2843.0	0.026726415803556947	SEQC	permutation	
2844.0	0.017784936392380768	SEQC	permutation	
2845.0	-0.08259233808798472	SEQC	permutation	
2846.0	-0.011436821841522615	SEQC	permutation	
2847.0	0.24604828885255658	SEQC	permutation	
2848.0	-0.06290774632846796	SEQC	permutation	
2849.0	0.015672233662052726	SEQC	permutation	
2850.0	0.02174091816845536	SEQC	permutation	
2851.0	-0.10915234524655126	SEQC	permutation	
2852.0	-0.007542780081766676	SEQC	permutation	
2853.0	-0.15660724999725817	SEQC	permutation	
2854.0	-0.052164173410487624	SEQC	permutation	
2855.0	-0.059280226282002246	SEQC	permutation	
2856.0	0.22381072030524152	SEQC	permutation	
2857.0	-0.24122088455931534	SEQC	permutation	
2858.0	0.027166675127954676	SEQC	permutation	
2859.0	0.05719943631398072	SEQC	permutation	
2860.0	-0.052066272415057124	SEQC	permutation	
2861.0	-0.1982052421048559	SEQC	permutation	
2862.0	0.022695944852791694	SEQC	permutation	
2863.0	-0.06663275510295064	SEQC	permutation	
2864.0	-0.09447437637372458	SEQC	permutation	
2865.0	0.047375530051898984	SEQC	permutation	
2866.0	-0.126503896542991	SEQC	permutation	
2867.0	-0.03581944093083056	SEQC	permutation	
2868.0	-0.18987996343932956	SEQC	permutation	
2869.0	-0.05953215740833029	SEQC	permutation	
2870.0	-0.08268684188518671	SEQC	permutation	
2871.0	-0.02928932250840921	SEQC	permutation	
2872.0	0.012657609512374712	SEQC	permutation	
2873.0	-0.015673740152102322	SEQC	permutation	
2874.0	-0.11248257257142491	SEQC	permutation	
2875.0	0.015205521700512037	SEQC	permutation	
2876.0	-0.10347483002198077	SEQC	permutation	
2877.0	0.019104480183488537	SEQC	permutation	
2878.0	-0.2039747417913671	SEQC	permutation	
2879.0	-0.02412923100822928	SEQC	permutation	
2880.0	0.02789854676670611	SEQC	permutation	
2881.0	0.05342615168206777	SEQC	permutation	
2882.0	-0.017694315876522815	SEQC	permutation	
2883.0	0.0725173786235711	SEQC	permutation	
2884.0	-0.01761728695415332	SEQC	permutation	
2885.0	0.041473229024324265	SEQC	permutation	
2886.0	-0.14384938932472258	SEQC	permutation	
2887.0	-0.04310096686111198	SEQC	permutation	
2888.0	-0.10387843819933051	SEQC	permutation	
2889.0	-0.11477333907516396	SEQC	permutation	
2890.0	-0.03423269586255673	SEQC	permutation	
2891.0	0.05295143779999201	SEQC	permutation	
2892.0	0.01965282030578175	SEQC	permutation	
2893.0	0.013881847090903676	SEQC	permutation	
2894.0	-0.20807732639640353	SEQC	permutation	
2895.0	0.0921722049041791	SEQC	permutation	
2896.0	0.09246767615310603	SEQC	permutation	
2897.0	0.007445353404332611	SEQC	permutation	
2898.0	-0.158326651275837	SEQC	permutation	
2899.0	-0.08473123955150941	SEQC	permutation	
2900.0	0.001957193608577601	SEQC	permutation	
2901.0	-0.2336159636723023	SEQC	permutation	
2902.0	-0.1161846381112106	SEQC	permutation	
2903.0	-0.069308892296017	SEQC	permutation	
2904.0	0.13037496732442921	SEQC	permutation	
2905.0	0.07607850765747992	SEQC	permutation	
2906.0	-0.006819322203321043	SEQC	permutation	
2907.0	0.03977440988308256	SEQC	permutation	
2908.0	0.144855423106657	SEQC	permutation	
2909.0	0.09679560738920756	SEQC	permutation	
2910.0	0.009364279732583913	SEQC	permutation	
2911.0	-0.0470689639715296	SEQC	permutation	
2912.0	-0.07774100397404649	SEQC	permutation	
2913.0	0.3920112256678081	SEQC	permutation	
2914.0	-0.06089594142654198	SEQC	permutation	
2915.0	-0.0710223980739011	SEQC	permutation	
2916.0	0.040413341927562296	SEQC	permutation	
2917.0	-0.17580920963518798	SEQC	permutation	
2918.0	0.09382217577118857	SEQC	permutation	
2919.0	0.028132250596789365	SEQC	permutation	
2920.0	-0.005920798923874315	SEQC	permutation	
2921.0	-0.08388709595804755	SEQC	permutation	
2922.0	-0.20430659805775653	SEQC	permutation	
2923.0	0.12970423800472997	SEQC	permutation	
2924.0	-0.18274163510365815	SEQC	permutation	
2925.0	-0.07414518099002132	SEQC	permutation	
2926.0	0.019971265615519762	SEQC	permutation	
2927.0	0.03582954377774206	SEQC	permutation	
2928.0	-0.09960797325022908	SEQC	permutation	
2929.0	0.041023548532168164	SEQC	permutation	
2930.0	0.10352816902451778	SEQC	permutation	
2931.0	0.007541325709522706	SEQC	permutation	
2932.0	-0.0044006140677095296	SEQC	permutation	
2933.0	-0.06317227519159418	SEQC	permutation	
2934.0	0.06841763006095025	SEQC	permutation	
2935.0	-0.2337760914469551	SEQC	permutation	
2936.0	-0.06827022140637373	SEQC	permutation	
2937.0	-0.009232720714431597	SEQC	permutation	
2938.0	-0.04882809264156851	SEQC	permutation	
2939.0	-0.014221938141554258	SEQC	permutation	
2940.0	-0.07096728258819507	SEQC	permutation	
2941.0	0.04921438183727167	SEQC	permutation	
2942.0	-0.07818160325487211	SEQC	permutation	
2943.0	-0.15489198454752895	SEQC	permutation	
2944.0	0.018769557684409133	SEQC	permutation	
2945.0	0.09314636882074634	SEQC	permutation	
2946.0	-0.010056588431957447	SEQC	permutation	
2947.0	0.17004943540106776	SEQC	permutation	
2948.0	0.10503966568194656	SEQC	permutation	
2949.0	0.05508531149231599	SEQC	permutation	
2950.0	-0.016537555931692705	SEQC	permutation	
2951.0	-0.09031742222769878	SEQC	permutation	
2952.0	0.19541352351629104	SEQC	permutation	
2953.0	0.1596153670763849	SEQC	permutation	
2954.0	-0.07394043133950623	SEQC	permutation	
2955.0	-0.06747811778942481	SEQC	permutation	
2956.0	0.08164845590060787	SEQC	permutation	
2957.0	-0.13137757120058824	SEQC	permutation	
2958.0	-0.04236393283327411	SEQC	permutation	
2959.0	-0.07271388018164426	SEQC	permutation	
2960.0	0.11739381359123735	SEQC	permutation	
2961.0	-0.1714267352688177	SEQC	permutation	
2962.0	0.1797351559914162	SEQC	permutation	
2963.0	0.1049315564018678	SEQC	permutation	
2964.0	-0.07555500454282171	SEQC	permutation	
2965.0	0.03627223912878996	SEQC	permutation	
2966.0	-0.07626893106484411	SEQC	permutation	
2967.0	-0.05053236176359377	SEQC	permutation	
2968.0	0.03631356209970216	SEQC	permutation	
2969.0	-0.003126831987896317	SEQC	permutation	
2970.0	-0.10866226701457382	SEQC	permutation	
2971.0	0.12700679565559136	SEQC	permutation	
2972.0	0.0465382705162356	SEQC	permutation	
2973.0	0.04226607526273396	SEQC	permutation	
2974.0	0.006051368989801631	SEQC	permutation	
2975.0	-0.007702209466132537	SEQC	permutation	
2976.0	0.005408205798945964	SEQC	permutation	
2977.0	-0.10375650389751723	SEQC	permutation	
2978.0	0.2861521961591911	SEQC	permutation	
2979.0	-0.22681974160941687	SEQC	permutation	
2980.0	-0.043781853179144736	SEQC	permutation	
2981.0	-0.024436653787105023	SEQC	permutation	
2982.0	-0.11023575424514886	SEQC	permutation	
2983.0	-0.15942990682349212	SEQC	permutation	
2984.0	0.11083608221404484	SEQC	permutation	
2985.0	-0.07552570610634302	SEQC	permutation	
2986.0	-0.20236988668653133	SEQC	permutation	
2987.0	-0.08717165030129426	SEQC	permutation	
2988.0	0.019916551803218496	SEQC	permutation	
2989.0	-0.0573693528735606	SEQC	permutation	
2990.0	-0.04235028279309061	SEQC	permutation	
2991.0	-0.09639688956637604	SEQC	permutation	
2992.0	-0.05222555857893063	SEQC	permutation	
2993.0	-0.08044906514101324	SEQC	permutation	
2994.0	-0.19311770836170528	SEQC	permutation	
2995.0	0.03549752620240021	SEQC	permutation	
2996.0	-0.09875887485235157	SEQC	permutation	
2997.0	-0.01502480962893138	SEQC	permutation	
2998.0	-0.15742041803581674	SEQC	permutation	
2999.0	-0.08061614584645849	SEQC	permutation	
3000.0	0.044848007327713546	SEQC	permutation	
3001.0	-0.16744361331844626	SEQC	permutation	
3002.0	0.08460019410899822	SEQC	permutation	
3003.0	0.038477365228676064	SEQC	permutation	
3004.0	0.00817784016148293	SEQC	permutation	
3005.0	-0.13666099443535584	SEQC	permutation	
3006.0	-0.047107681192816386	SEQC	permutation	
3007.0	0.1426834457056989	SEQC	permutation	
3008.0	0.025184846423953022	SEQC	permutation	
3009.0	0.04820193176372545	SEQC	permutation	
3010.0	-0.11090540801148441	SEQC	permutation	
3011.0	-0.02900139364224774	SEQC	permutation	
3012.0	-0.06343511443890293	SEQC	permutation	
3013.0	0.036573629515732176	SEQC	permutation	
3014.0	-0.013430941275957231	SEQC	permutation	
3015.0	-0.024509826540179525	SEQC	permutation	
3016.0	0.04164617534950388	SEQC	permutation	
3017.0	-0.12462057186968645	SEQC	permutation	
3018.0	0.1361625300111169	SEQC	permutation	
3019.0	0.029427592369725364	SEQC	permutation	
3020.0	-0.1321447310341135	SEQC	permutation	
3021.0	0.08682184830461814	SEQC	permutation	
3022.0	0.024512248436964867	SEQC	permutation	
3023.0	-0.055483220716991966	SEQC	permutation	
3024.0	-0.23854246593747686	SEQC	permutation	
3025.0	-0.017968990013469632	SEQC	permutation	
3026.0	-0.18666660119355294	SEQC	permutation	
3027.0	0.024007777920060036	SEQC	permutation	
3028.0	0.033145239064520826	SEQC	permutation	
3029.0	-0.1570050362393487	SEQC	permutation	
3030.0	-0.10896645324592669	SEQC	permutation	
3031.0	-0.042425819497167616	SEQC	permutation	
3032.0	-0.11120187606600362	SEQC	permutation	
3033.0	0.0017812918138413458	SEQC	permutation	
3034.0	-0.07698965964385485	SEQC	permutation	
3035.0	-0.01028111029220291	SEQC	permutation	
3036.0	0.22866262539696303	SEQC	permutation	
3037.0	-0.10157361111973495	SEQC	permutation	
3038.0	-0.07793836194753778	SEQC	permutation	
3039.0	-0.17803477796271672	SEQC	permutation	
3040.0	0.028572272767248386	SEQC	permutation	
3041.0	-0.023556507434719265	SEQC	permutation	
3042.0	-0.04300182048811907	SEQC	permutation	
3043.0	-0.13829213588598588	SEQC	permutation	
3044.0	0.1474004208135753	SEQC	permutation	
3045.0	0.016187961386648464	SEQC	permutation	
3046.0	-0.024395518944002603	SEQC	permutation	
3047.0	0.04005885834934286	SEQC	permutation	
3048.0	0.025466179173997627	SEQC	permutation	
3049.0	-0.030742563780035592	SEQC	permutation	
3050.0	-0.08111759568884036	SEQC	permutation	
3051.0	-0.0547518579179358	SEQC	permutation	
3052.0	-0.11840929552252089	SEQC	permutation	
3053.0	0.10479374263773256	SEQC	permutation	
3054.0	-0.09718317157965828	SEQC	permutation	
3055.0	0.035375196534810804	SEQC	permutation	
3056.0	-0.11440119760216749	SEQC	permutation	
3057.0	0.06155858952502191	SEQC	permutation	
3058.0	0.010669183118316994	SEQC	permutation	
3059.0	-0.03938890704982567	SEQC	permutation	
3060.0	0.10697857887846896	SEQC	permutation	
3061.0	-0.12177496410082478	SEQC	permutation	
3062.0	-0.10589557762038915	SEQC	permutation	
3063.0	-0.020241831164717894	SEQC	permutation	
3064.0	-0.17185248094244399	SEQC	permutation	
3065.0	0.06535781833350018	SEQC	permutation	
3066.0	0.11484113534279361	SEQC	permutation	
3067.0	0.013397815770973764	SEQC	permutation	
3068.0	-0.09795713916330628	SEQC	permutation	
3069.0	-0.048022626886835784	SEQC	permutation	
3070.0	0.08066752554546541	SEQC	permutation	
3071.0	0.0334311185396583	SEQC	permutation	
3072.0	-0.16409181095795855	SEQC	permutation	
3073.0	0.1953028678225297	SEQC	permutation	
3074.0	-0.1307640217254442	SEQC	permutation	
3075.0	-0.007665785901464606	SEQC	permutation	
3076.0	-0.03125186683221326	SEQC	permutation	
3077.0	0.07554887236400942	SEQC	permutation	
3078.0	-0.1645893776475309	SEQC	permutation	
3079.0	-0.05037951817848274	SEQC	permutation	
3080.0	-0.09252805360070626	SEQC	permutation	
3081.0	0.0203534170508064	SEQC	permutation	
3082.0	-0.013512433221316567	SEQC	permutation	
3083.0	0.10474776563397814	SEQC	permutation	
3084.0	-0.03896855191709747	SEQC	permutation	
3085.0	0.1037506966299353	SEQC	permutation	
3086.0	-0.0989685441966448	SEQC	permutation	
3087.0	-0.04768340064304866	SEQC	permutation	
3088.0	0.06691546471496101	SEQC	permutation	
3089.0	0.12559963061184032	SEQC	permutation	
3090.0	0.15669521943177722	SEQC	permutation	
3091.0	0.11434900131024905	SEQC	permutation	
3092.0	0.06132182738829428	SEQC	permutation	
3093.0	0.12262362719221187	SEQC	permutation	
3094.0	-0.022677721152185804	SEQC	permutation	
3095.0	-0.0034815830611361065	SEQC	permutation	
3096.0	-0.20857395533908996	SEQC	permutation	
3097.0	0.1550606175007485	SEQC	permutation	
3098.0	-0.09627281841629776	SEQC	permutation	
3099.0	-0.08704518340396872	SEQC	permutation	
3100.0	-0.02809231487348418	SEQC	permutation	
3101.0	-0.0040239563303359205	SEQC	permutation	
3102.0	0.0010205730961150294	SEQC	permutation	
3103.0	0.16429448179469164	SEQC	permutation	
3104.0	-0.08443739354703927	SEQC	permutation	
3105.0	-0.02463155114408977	SEQC	permutation	
3106.0	0.1406603056679896	SEQC	permutation	
3107.0	0.1736718697693984	SEQC	permutation	
3108.0	0.1691645712137344	SEQC	permutation	
3109.0	0.0706407314236066	SEQC	permutation	
3110.0	-0.07022416468938131	SEQC	permutation	
3111.0	-0.12498939133175302	SEQC	permutation	
3112.0	-0.24205526740216543	SEQC	permutation	
3113.0	0.10718342909735501	SEQC	permutation	
3114.0	0.10037127900161913	SEQC	permutation	
3115.0	-0.2963779507191009	SEQC	permutation	
3116.0	-0.041044804064152896	SEQC	permutation	
3117.0	-0.24382183162352167	SEQC	permutation	
3118.0	0.019454935692378328	SEQC	permutation	
3119.0	0.2122878464242488	SEQC	permutation	
3120.0	-0.06436620560455841	SEQC	permutation	
3121.0	-0.06091538560322496	SEQC	permutation	
3122.0	-0.03547334394024615	SEQC	permutation	
3123.0	-0.08990438883891994	SEQC	permutation	
3124.0	-0.0045128795185607196	SEQC	permutation	
3125.0	-0.006610524205993951	SEQC	permutation	
3126.0	-0.06643901790893558	SEQC	permutation	
3127.0	-0.06287764584468647	SEQC	permutation	
3128.0	-0.08969555074420787	SEQC	permutation	
3129.0	0.03059248537514181	SEQC	permutation	
3130.0	0.08618886696574402	SEQC	permutation	
3131.0	-0.0302303753327684	SEQC	permutation	
3132.0	-0.04082596199092059	SEQC	permutation	
3133.0	-0.06923262199161417	SEQC	permutation	
3134.0	-0.16956036244377604	SEQC	permutation	
3135.0	0.02740204969194515	SEQC	permutation	
3136.0	-0.0468803154448274	SEQC	permutation	
3137.0	-0.02440886688969046	SEQC	permutation	
3138.0	0.08766490876738642	SEQC	permutation	
3139.0	-0.012432140011278126	SEQC	permutation	
3140.0	-0.21238344970086587	SEQC	permutation	
3141.0	0.021044901686417372	SEQC	permutation	
3142.0	-0.0060184831443184095	SEQC	permutation	
3143.0	-0.1537479278688303	SEQC	permutation	
3144.0	-0.007943837630807415	SEQC	permutation	
3145.0	-0.12266648886107889	SEQC	permutation	
3146.0	0.11712384790613894	SEQC	permutation	
3147.0	-0.07795053876109748	SEQC	permutation	
3148.0	0.10199060622194178	SEQC	permutation	
3149.0	-0.08921048476221083	SEQC	permutation	
3150.0	0.059011919851374106	SEQC	permutation	
3151.0	0.08225146360571234	SEQC	permutation	
3152.0	0.059331078218508804	SEQC	permutation	
3153.0	-0.000990693063400272	SEQC	permutation	
3154.0	-0.19004987638119752	SEQC	permutation	
3155.0	0.09319694908641862	SEQC	permutation	
3156.0	0.07368966935515076	SEQC	permutation	
3157.0	-0.0875915474122606	SEQC	permutation	
3158.0	-0.03587923284308925	SEQC	permutation	
3159.0	-0.09563585472342861	SEQC	permutation	
3160.0	-0.05461942845349288	SEQC	permutation	
3161.0	0.16374132347986148	SEQC	permutation	
3162.0	0.02213101519716254	SEQC	permutation	
3163.0	0.09723571637402983	SEQC	permutation	
3164.0	-0.02320917102515896	SEQC	permutation	
3165.0	0.10370621618474418	SEQC	permutation	
3166.0	-0.08717916999617792	SEQC	permutation	
3167.0	-0.11255617651287197	SEQC	permutation	
3168.0	0.04369738200166173	SEQC	permutation	
3169.0	-0.001864782912459173	SEQC	permutation	
3170.0	-0.022946709243147456	SEQC	permutation	
3171.0	-0.23503883132739256	SEQC	permutation	
3172.0	0.1026755181136938	SEQC	permutation	
3173.0	-0.1989518596621207	SEQC	permutation	
3174.0	-0.031828169420913266	SEQC	permutation	
3175.0	0.13350361705519775	SEQC	permutation	
3176.0	0.05830334605856402	SEQC	permutation	
3177.0	0.047637164198860216	SEQC	permutation	
3178.0	0.13697507979523316	SEQC	permutation	
3179.0	0.025382119118698476	SEQC	permutation	
3180.0	0.16703816285429207	SEQC	permutation	
3181.0	0.07632411611936529	SEQC	permutation	
3182.0	0.05368330657105602	SEQC	permutation	
3183.0	-0.10370115467507235	SEQC	permutation	
3184.0	0.083393205100875	SEQC	permutation	
3185.0	0.07638212590179538	SEQC	permutation	
3186.0	0.13221550963484008	SEQC	permutation	
3187.0	0.05155193342180597	SEQC	permutation	
3188.0	0.018084023687789053	SEQC	permutation	
3189.0	-0.08250792510749339	SEQC	permutation	
3190.0	0.10517668830459526	SEQC	permutation	
3191.0	0.0869724933376248	SEQC	permutation	
3192.0	-0.04081383666887062	SEQC	permutation	
3193.0	-0.035606815761197286	SEQC	permutation	
3194.0	-0.15718639061889794	SEQC	permutation	
3195.0	-0.018142739001736796	SEQC	permutation	
3196.0	0.0024870248146142693	SEQC	permutation	
3197.0	0.14896183241311833	SEQC	permutation	
3198.0	0.0846904815962195	SEQC	permutation	
3199.0	0.0043145691677479725	SEQC	permutation	
3200.0	-0.04216348077259635	SEQC	permutation	
3201.0	-0.04905293071354144	SEQC	permutation	
3202.0	-0.011762075644897507	SEQC	permutation	
3203.0	-0.03192504603004487	SEQC	permutation	
3204.0	0.001513605118106387	SEQC	permutation	
3205.0	-0.06675161774770366	SEQC	permutation	
3206.0	0.06869860912784453	SEQC	permutation	
3207.0	0.021314823135530236	SEQC	permutation	
3208.0	-0.1385287288962207	SEQC	permutation	
3209.0	0.04875783498256592	SEQC	permutation	
3210.0	0.06869649299444625	SEQC	permutation	
3211.0	0.07349548865567712	SEQC	permutation	
3212.0	-0.029469561247599696	SEQC	permutation	
3213.0	-0.09326138092020475	SEQC	permutation	
3214.0	-0.05829404546070416	SEQC	permutation	
3215.0	-0.010358155549394343	SEQC	permutation	
3216.0	-0.04381313685820398	SEQC	permutation	
3217.0	-0.11419607986677782	SEQC	permutation	
3218.0	0.051951916780923035	SEQC	permutation	
3219.0	-0.11643695821180655	SEQC	permutation	
3220.0	-0.02929980896614115	SEQC	permutation	
3221.0	-0.12098033452660051	SEQC	permutation	
3222.0	0.02439090019246004	SEQC	permutation	
3223.0	-0.1051648169623598	SEQC	permutation	
3224.0	0.0772928115586149	SEQC	permutation	
3225.0	0.011137891437214442	SEQC	permutation	
3226.0	0.16358261723763912	SEQC	permutation	
3227.0	-0.03365471315186408	SEQC	permutation	
3228.0	0.08912895521947073	SEQC	permutation	
3229.0	-0.05347520844088205	SEQC	permutation	
3230.0	0.03866530741497476	SEQC	permutation	
3231.0	-0.12616252398518846	SEQC	permutation	
3232.0	-0.07323447259558558	SEQC	permutation	
3233.0	0.06792187395235194	SEQC	permutation	
3234.0	-0.1040891823274297	SEQC	permutation	
3235.0	-0.16707290580228173	SEQC	permutation	
3236.0	-0.0031587191531277092	SEQC	permutation	
3237.0	-0.15471040418889048	SEQC	permutation	
3238.0	-0.09918089142502273	SEQC	permutation	
3239.0	-0.08125404168654571	SEQC	permutation	
3240.0	-0.1705242099600186	SEQC	permutation	
3241.0	-0.027696689161063492	SEQC	permutation	
3242.0	0.03997440105822481	SEQC	permutation	
3243.0	-0.03927014570616283	SEQC	permutation	
3244.0	-0.1449099421014668	SEQC	permutation	
3245.0	0.11358748398784613	SEQC	permutation	
3246.0	-0.045169127427990396	SEQC	permutation	
3247.0	0.04460255320203421	SEQC	permutation	
3248.0	-0.10858079425149958	SEQC	permutation	
3249.0	0.0803636919885995	SEQC	permutation	
3250.0	-0.1932705493460678	SEQC	permutation	
3251.0	-0.1902392391299612	SEQC	permutation	
3252.0	-0.15883353413456414	SEQC	permutation	
3253.0	0.07447676812194803	SEQC	permutation	
3254.0	0.008812836139161728	SEQC	permutation	
3255.0	-0.02720819049744172	SEQC	permutation	
3256.0	0.05350590720460602	SEQC	permutation	
3257.0	-0.120847113301505	SEQC	permutation	
3258.0	-0.09956073974508195	SEQC	permutation	
3259.0	0.10720267868256528	SEQC	permutation	
3260.0	0.0078123238191079025	SEQC	permutation	
3261.0	-0.08714426641352135	SEQC	permutation	
3262.0	-0.04624310124052711	SEQC	permutation	
3263.0	0.055108702649611985	SEQC	permutation	
3264.0	-0.0029047552308973934	SEQC	permutation	
3265.0	0.16190415923218016	SEQC	permutation	
3266.0	0.00024330806439332164	SEQC	permutation	
3267.0	-0.06791974732808459	SEQC	permutation	
3268.0	0.034989566042549214	SEQC	permutation	
3269.0	-0.09502196394697604	SEQC	permutation	
3270.0	0.021823318934361957	SEQC	permutation	
3271.0	-0.14879657563964654	SEQC	permutation	
3272.0	-0.02585847563289656	SEQC	permutation	
3273.0	0.13176848073723502	SEQC	permutation	
3274.0	0.037809658546008595	SEQC	permutation	
3275.0	0.017169340616087325	SEQC	permutation	
3276.0	0.04735816079689403	SEQC	permutation	
3277.0	0.014180492981131554	SEQC	permutation	
3278.0	-0.025210966792519773	SEQC	permutation	
3279.0	-0.10265581463090445	SEQC	permutation	
3280.0	-0.08734337816181537	SEQC	permutation	
3281.0	-0.10839734700326087	SEQC	permutation	
3282.0	-0.20972758633005295	SEQC	permutation	
3283.0	-0.08060404015985423	SEQC	permutation	
3284.0	-0.10483826157218967	SEQC	permutation	
3285.0	-0.10016381510465733	SEQC	permutation	
3286.0	-0.1135695574905271	SEQC	permutation	
3287.0	-0.21422046464080147	SEQC	permutation	
3288.0	0.08529208162237012	SEQC	permutation	
3289.0	0.062151154595082136	SEQC	permutation	
3290.0	-0.08910837633835778	SEQC	permutation	
3291.0	-0.045134080336624915	SEQC	permutation	
3292.0	-0.06273167258575096	SEQC	permutation	
3293.0	0.02731219417512243	SEQC	permutation	
3294.0	-0.16897339565429847	SEQC	permutation	
3295.0	-0.04660951443582162	SEQC	permutation	
3296.0	0.003754334714615837	SEQC	permutation	
3297.0	-0.18195795791300995	SEQC	permutation	
3298.0	-0.26446450180126124	SEQC	permutation	
3299.0	-0.0052809846420109885	SEQC	permutation	
3300.0	0.00150022543108852	SEQC	permutation	
3301.0	-0.015091708035649631	SEQC	permutation	
3302.0	0.031683773411668614	SEQC	permutation	
3303.0	-0.14555644523106803	SEQC	permutation	
3304.0	0.046305878597481254	SEQC	permutation	
3305.0	-0.04304919130051932	SEQC	permutation	
3306.0	-0.06499497232378948	SEQC	permutation	
3307.0	0.07085386262776572	SEQC	permutation	
3308.0	0.05603750294415066	SEQC	permutation	
3309.0	0.1345849754056423	SEQC	permutation	
3310.0	-0.10984771294202744	SEQC	permutation	
3311.0	-0.17153577355639893	SEQC	permutation	
3312.0	0.01784190432633137	SEQC	permutation	
3313.0	0.08221049380792556	SEQC	permutation	
3314.0	-0.0988334457654565	SEQC	permutation	
3315.0	-0.10175728058968048	SEQC	permutation	
3316.0	0.033053338626320095	SEQC	permutation	
3317.0	0.010652511223159244	SEQC	permutation	
3318.0	-0.1441705072383117	SEQC	permutation	
3319.0	-0.11141071500710442	SEQC	permutation	
3320.0	0.08305650733310221	SEQC	permutation	
3321.0	-0.14221356381869565	SEQC	permutation	
3322.0	-0.07858227482372415	SEQC	permutation	
3323.0	0.03150896460757613	SEQC	permutation	
3324.0	-0.19836647814754071	SEQC	permutation	
3325.0	0.0192946750451366	SEQC	permutation	
3326.0	-0.08741245123326324	SEQC	permutation	
3327.0	-0.1567966586502041	SEQC	permutation	
3328.0	-0.1483770194581484	SEQC	permutation	
3329.0	-0.11160189790956343	SEQC	permutation	
3330.0	0.05878162921941987	SEQC	permutation	
3331.0	-0.05129524798263807	SEQC	permutation	
3332.0	0.13109529863968694	SEQC	permutation	
3333.0	-0.0017627944943843232	SEQC	permutation	
3334.0	0.05126604403521107	SEQC	permutation	
3335.0	0.19827192926851422	SEQC	permutation	
3336.0	-0.03053521822590799	SEQC	permutation	
3337.0	-0.13012107308274246	SEQC	permutation	
3338.0	0.1486710350741718	SEQC	permutation	
3339.0	-0.05714281725125492	SEQC	permutation	
3340.0	-0.03793682114227037	SEQC	permutation	
3341.0	0.027808470131251095	SEQC	permutation	
3342.0	0.0849052897109921	SEQC	permutation	
3343.0	-0.11039298625854288	SEQC	permutation	
3344.0	-0.028312713146437574	SEQC	permutation	
3345.0	0.04498072257796659	SEQC	permutation	
3346.0	-0.06678025927821274	SEQC	permutation	
3347.0	-0.10278870839706489	SEQC	permutation	
3348.0	-0.16797617871670223	SEQC	permutation	
3349.0	-0.0626409944211681	SEQC	permutation	
3350.0	-0.10300163966080911	SEQC	permutation	
3351.0	-0.13112605306209835	SEQC	permutation	
3352.0	0.10597985384496322	SEQC	permutation	
3353.0	0.10794976047669458	SEQC	permutation	
3354.0	-0.1187108589820669	SEQC	permutation	
3355.0	-0.030893775477558894	SEQC	permutation	
3356.0	0.035964893859997016	SEQC	permutation	
3357.0	-0.06179769848061989	SEQC	permutation	
3358.0	0.08848996696981848	SEQC	permutation	
3359.0	0.11069647571791075	SEQC	permutation	
3360.0	-0.046943255707025955	SEQC	permutation	
3361.0	-0.0648176020735236	SEQC	permutation	
3362.0	0.02804223321565802	SEQC	permutation	
3363.0	-0.009596395743865838	SEQC	permutation	
3364.0	-0.06321669503597827	SEQC	permutation	
3365.0	-0.15168885139924715	SEQC	permutation	
3366.0	0.04908454500427428	SEQC	permutation	
3367.0	0.09853449517602053	SEQC	permutation	
3368.0	0.11779704560239912	SEQC	permutation	
3369.0	-0.12456555722636775	SEQC	permutation	
3370.0	-0.16684492760024883	SEQC	permutation	
3371.0	-0.08535149828591804	SEQC	permutation	
3372.0	-0.00989740940841699	SEQC	permutation	
3373.0	0.11553362523570376	SEQC	permutation	
3374.0	0.012863938398905539	SEQC	permutation	
3375.0	-0.11902200261253748	SEQC	permutation	
3376.0	-0.13578056550459028	SEQC	permutation	
3377.0	0.02119905907021158	SEQC	permutation	
3378.0	-0.09883474207500775	SEQC	permutation	
3379.0	0.19456496547714597	SEQC	permutation	
3380.0	-0.00604774224329363	SEQC	permutation	
3381.0	0.10376886629463922	SEQC	permutation	
3382.0	0.1860207361616686	SEQC	permutation	
3383.0	0.019355964274208493	SEQC	permutation	
3384.0	0.18858346639577173	SEQC	permutation	
3385.0	0.07199679680364923	SEQC	permutation	
3386.0	-0.3020797743137811	SEQC	permutation	
3387.0	0.08206923516519549	SEQC	permutation	
3388.0	0.11852595201634442	SEQC	permutation	
3389.0	-0.14142625865972747	SEQC	permutation	
3390.0	-0.29564907366251303	SEQC	permutation	
3391.0	-0.04421669621465796	SEQC	permutation	
3392.0	-0.006715755459225203	SEQC	permutation	
3393.0	-0.1483124654628778	SEQC	permutation	
3394.0	0.05043646928844847	SEQC	permutation	
3395.0	0.1834698123132661	SEQC	permutation	
3396.0	-0.15499671003500515	SEQC	permutation	
3397.0	-0.012826974045585082	SEQC	permutation	
3398.0	0.08095223912266114	SEQC	permutation	
3399.0	-0.057711637941670446	SEQC	permutation	
3400.0	0.11007994373875762	SEQC	permutation	
3401.0	-0.21797091067067376	SEQC	permutation	
3402.0	-0.10331917760535791	SEQC	permutation	
3403.0	-0.05181684159444444	SEQC	permutation	
3404.0	-0.12308484639755246	SEQC	permutation	
3405.0	-0.09394497495909526	SEQC	permutation	
3406.0	0.007336972869497416	SEQC	permutation	
3407.0	-0.07215168047896148	SEQC	permutation	
3408.0	0.09721762569650094	SEQC	permutation	
3409.0	0.2222961626927007	SEQC	permutation	
3410.0	-0.04719712243954444	SEQC	permutation	
3411.0	-0.0868820332405762	SEQC	permutation	
3412.0	-0.06784757809659414	SEQC	permutation	
3413.0	0.033440859609318085	SEQC	permutation	
3414.0	-0.20462697387535655	SEQC	permutation	
3415.0	0.028424863517233057	SEQC	permutation	
3416.0	0.013859324444730703	SEQC	permutation	
3417.0	0.05542737708778178	SEQC	permutation	
3418.0	-0.03918518756904188	SEQC	permutation	
3419.0	-0.2302449540852498	SEQC	permutation	
3420.0	-0.11370829345387223	SEQC	permutation	
3421.0	-0.2828897730304214	SEQC	permutation	
3422.0	-0.06637745862857436	SEQC	permutation	
3423.0	0.04884507766219848	SEQC	permutation	
3424.0	0.012136656928940504	SEQC	permutation	
3425.0	-0.09979296392007075	SEQC	permutation	
3426.0	0.007311920706382757	SEQC	permutation	
3427.0	-0.20151681372479224	SEQC	permutation	
3428.0	0.0026267976126481685	SEQC	permutation	
3429.0	-0.11748145043904046	SEQC	permutation	
3430.0	0.11433438058302636	SEQC	permutation	
3431.0	-0.2706771612325656	SEQC	permutation	
3432.0	-0.16098883322689383	SEQC	permutation	
3433.0	-0.062080218334368276	SEQC	permutation	
3434.0	0.17449387217795698	SEQC	permutation	
3435.0	-0.11148163398046096	SEQC	permutation	
3436.0	0.10812739544923478	SEQC	permutation	
3437.0	0.04876588665188741	SEQC	permutation	
3438.0	-0.023000047372652155	SEQC	permutation	
3439.0	0.09231395754268856	SEQC	permutation	
3440.0	-0.11371865685910976	SEQC	permutation	
3441.0	0.0689531724218031	SEQC	permutation	
3442.0	-0.0749468558335602	SEQC	permutation	
3443.0	-0.06510772361895034	SEQC	permutation	
3444.0	-0.07167273571289767	SEQC	permutation	
3445.0	0.21940831519799575	SEQC	permutation	
3446.0	0.07599670821346205	SEQC	permutation	
3447.0	0.13116638568977423	SEQC	permutation	
3448.0	0.06814281209584294	SEQC	permutation	
3449.0	-0.08921758975639671	SEQC	permutation	
3450.0	0.021674758821966567	SEQC	permutation	
3451.0	-0.07521279656669977	SEQC	permutation	
3452.0	-0.03185263938852767	SEQC	permutation	
3453.0	-0.2869371351819163	SEQC	permutation	
3454.0	0.2304974549671055	SEQC	permutation	
3455.0	-0.015716702457848175	SEQC	permutation	
3456.0	0.034490803324567665	SEQC	permutation	
3457.0	-0.05519239344400795	SEQC	permutation	
3458.0	-0.000822172323522441	SEQC	permutation	
3459.0	-0.1880588150491893	SEQC	permutation	
3460.0	-0.04191243772713937	SEQC	permutation	
3461.0	0.09598433550298147	SEQC	permutation	
3462.0	0.1609339516133299	SEQC	permutation	
3463.0	0.16827670186997734	SEQC	permutation	
3464.0	-0.048102239962788396	SEQC	permutation	
3465.0	-0.017878433783169445	SEQC	permutation	
3466.0	0.06329702932808656	SEQC	permutation	
3467.0	-0.059215561992172816	SEQC	permutation	
3468.0	-0.015355836922639643	SEQC	permutation	
3469.0	0.16200743836258313	SEQC	permutation	
3470.0	0.04737811472004427	SEQC	permutation	
3471.0	-0.14589603129037299	SEQC	permutation	
3472.0	-0.054609296084521475	SEQC	permutation	
3473.0	-0.2320688580113881	SEQC	permutation	
3474.0	0.06054077394817403	SEQC	permutation	
3475.0	-0.20021849133914404	SEQC	permutation	
3476.0	0.02849246700692909	SEQC	permutation	
3477.0	-0.06729058921686848	SEQC	permutation	
3478.0	-0.11696149034283909	SEQC	permutation	
3479.0	-0.03021261221651228	SEQC	permutation	
3480.0	-0.1661636277941958	SEQC	permutation	
3481.0	-0.2757970978154072	SEQC	permutation	
3482.0	-0.036593184864769146	SEQC	permutation	
3483.0	-0.2194797313287986	SEQC	permutation	
3484.0	-0.11419526454747642	SEQC	permutation	
3485.0	-0.1416593060038882	SEQC	permutation	
3486.0	0.1081930175703607	SEQC	permutation	
3487.0	-0.084144269492469	SEQC	permutation	
3488.0	0.049358713161776535	SEQC	permutation	
3489.0	0.05165917158670652	SEQC	permutation	
3490.0	-0.03801878578282292	SEQC	permutation	
3491.0	0.006506150747017436	SEQC	permutation	
3492.0	0.032868407578804604	SEQC	permutation	
3493.0	-0.08018257339710289	SEQC	permutation	
3494.0	0.004879998152981457	SEQC	permutation	
3495.0	-0.014550631235726197	SEQC	permutation	
3496.0	0.059639130421242026	SEQC	permutation	
3497.0	0.03755409423203293	SEQC	permutation	
3498.0	0.10194989975384727	SEQC	permutation	
3499.0	0.0877190011644653	SEQC	permutation	
3500.0	0.10555738410031479	SEQC	permutation	
3501.0	-0.1149177551228906	SEQC	permutation	
3502.0	0.10141098951169836	SEQC	permutation	
3503.0	-0.14044647622109352	SEQC	permutation	
3504.0	-0.05449925902485431	SEQC	permutation	
3505.0	-0.051030570652573104	SEQC	permutation	
3506.0	0.06886679825807551	SEQC	permutation	
3507.0	-0.06176079289337988	SEQC	permutation	
3508.0	-0.027115065336630106	SEQC	permutation	
3509.0	-0.11243936019880962	SEQC	permutation	
3510.0	0.09611950921047852	SEQC	permutation	
3511.0	-0.03406559830631828	SEQC	permutation	
3512.0	-0.030223520874431475	SEQC	permutation	
3513.0	-0.08623688643148464	SEQC	permutation	
3514.0	-0.03744757140773736	SEQC	permutation	
3515.0	0.07461357442307825	SEQC	permutation	
3516.0	0.05907512387461811	SEQC	permutation	
3517.0	0.11333984839604305	SEQC	permutation	
3518.0	-0.045333379585394074	SEQC	permutation	
3519.0	-0.040046217515503635	SEQC	permutation	
3520.0	0.004701366129424844	SEQC	permutation	
3521.0	-0.054811253910318936	SEQC	permutation	
3522.0	-0.1322119630402261	SEQC	permutation	
3523.0	-0.1673520708896441	SEQC	permutation	
3524.0	0.1247983189509605	SEQC	permutation	
3525.0	0.01394025047227121	SEQC	permutation	
3526.0	0.02563898235451134	SEQC	permutation	
3527.0	0.0876911756201606	SEQC	permutation	
3528.0	0.09732256061570066	SEQC	permutation	
3529.0	0.07594112953006205	SEQC	permutation	
3530.0	-0.09965757913558537	SEQC	permutation	
3531.0	-0.014911625266320616	SEQC	permutation	
3532.0	0.10595506425632895	SEQC	permutation	
3533.0	-0.14327580582143495	SEQC	permutation	
3534.0	0.09292585754102944	SEQC	permutation	
3535.0	-0.23929906925557498	SEQC	permutation	
3536.0	0.1145087912619589	SEQC	permutation	
3537.0	-0.1788701242587023	SEQC	permutation	
3538.0	0.22571452256225122	SEQC	permutation	
3539.0	0.17802547071216024	SEQC	permutation	
3540.0	-0.038741925437348	SEQC	permutation	
3541.0	0.09594948440314832	SEQC	permutation	
3542.0	0.004245557958556745	SEQC	permutation	
3543.0	-0.09954889352501306	SEQC	permutation	
3544.0	-0.11822224160623396	SEQC	permutation	
3545.0	-0.06609559581550384	SEQC	permutation	
3546.0	0.046215003329797	SEQC	permutation	
3547.0	-0.0881872005529285	SEQC	permutation	
3548.0	-0.051399976955122995	SEQC	permutation	
3549.0	0.014816131854297865	SEQC	permutation	
3550.0	0.028889875346289617	SEQC	permutation	
3551.0	-0.1275219916288175	SEQC	permutation	
3552.0	0.0811364524500271	SEQC	permutation	
3553.0	0.009554805931742738	SEQC	permutation	
3554.0	-0.0325431636686595	SEQC	permutation	
3555.0	-0.15607961925690317	SEQC	permutation	
3556.0	-0.024974183151214024	SEQC	permutation	
3557.0	0.07709675366264923	SEQC	permutation	
3558.0	-0.07479906199765152	SEQC	permutation	
3559.0	-0.09738547183643131	SEQC	permutation	
3560.0	-0.02679970877356208	SEQC	permutation	
3561.0	-0.04949573849626576	SEQC	permutation	
3562.0	0.049303671822440887	SEQC	permutation	
3563.0	-0.05301051598793194	SEQC	permutation	
3564.0	0.11514440353393196	SEQC	permutation	
3565.0	-0.02615417259348307	SEQC	permutation	
3566.0	0.07780214924949425	SEQC	permutation	
3567.0	-0.001228294394251872	SEQC	permutation	
3568.0	-0.11481825029986537	SEQC	permutation	
3569.0	0.004700216165182347	SEQC	permutation	
3570.0	-0.1740811187681346	SEQC	permutation	
3571.0	0.013934798813849625	SEQC	permutation	
3572.0	-0.0008853589876838264	SEQC	permutation	
3573.0	-0.11906384281911198	SEQC	permutation	
3574.0	-0.07499363834090866	SEQC	permutation	
3575.0	-0.13629614405357326	SEQC	permutation	
3576.0	-0.06905162189851621	SEQC	permutation	
3577.0	-0.2071671576896441	SEQC	permutation	
3578.0	0.12001747187930967	SEQC	permutation	
3579.0	-0.0797326662985749	SEQC	permutation	
3580.0	0.1056007687199676	SEQC	permutation	
3581.0	-0.1273640115300365	SEQC	permutation	
3582.0	-0.10799304452766822	SEQC	permutation	
3583.0	-0.0011912607736710434	SEQC	permutation	
3584.0	0.04726764963555441	SEQC	permutation	
3585.0	0.06495491742852799	SEQC	permutation	
3586.0	-0.03773992688719119	SEQC	permutation	
3587.0	-0.212577553603563	SEQC	permutation	
3588.0	0.21807602159362505	SEQC	permutation	
3589.0	0.030277873230159624	SEQC	permutation	
3590.0	-0.0452916016465581	SEQC	permutation	
3591.0	-0.25351593222349544	SEQC	permutation	
3592.0	0.02252181521652341	SEQC	permutation	
3593.0	-3.5554679883809115e-05	SEQC	permutation	
3594.0	-0.09631324012474263	SEQC	permutation	
3595.0	0.13471246576269902	SEQC	permutation	
3596.0	-0.09831624483311874	SEQC	permutation	
3597.0	0.155592818639954	SEQC	permutation	
3598.0	0.14155429577763634	SEQC	permutation	
3599.0	0.017040734412542502	SEQC	permutation	
3600.0	-0.022056276483224835	SEQC	permutation	
3601.0	0.021024696403130427	SEQC	permutation	
3602.0	-0.05928119723808534	SEQC	permutation	
3603.0	-0.024815778854588633	SEQC	permutation	
3604.0	-0.06850179391189037	SEQC	permutation	
3605.0	-0.021401323699544506	SEQC	permutation	
3606.0	0.02253423712706626	SEQC	permutation	
3607.0	-0.11894116882113615	SEQC	permutation	
3608.0	0.1486015815951527	SEQC	permutation	
3609.0	-0.314317315244395	SEQC	permutation	
3610.0	-0.006366796316068957	SEQC	permutation	
3611.0	0.08195108765042391	SEQC	permutation	
3612.0	-0.09142280388406965	SEQC	permutation	
3613.0	0.028727058144268902	SEQC	permutation	
3614.0	0.16346768656937938	SEQC	permutation	
3615.0	-0.022137229980146778	SEQC	permutation	
3616.0	0.04190347927718596	SEQC	permutation	
3617.0	0.021711952210518692	SEQC	permutation	
3618.0	-0.03329281478086754	SEQC	permutation	
3619.0	0.025000533213040743	SEQC	permutation	
3620.0	0.053070731365369994	SEQC	permutation	
3621.0	0.0007780610302372537	SEQC	permutation	
3622.0	0.1578174557173897	SEQC	permutation	
3623.0	-0.11412855392639853	SEQC	permutation	
3624.0	-0.046581323492397075	SEQC	permutation	
3625.0	0.030253880293472424	SEQC	permutation	
3626.0	-0.09585471891211261	SEQC	permutation	
3627.0	-0.07186831659021209	SEQC	permutation	
3628.0	-0.06830854497224204	SEQC	permutation	
3629.0	0.09755488384720001	SEQC	permutation	
3630.0	0.11067482991708921	SEQC	permutation	
3631.0	-0.127656233093421	SEQC	permutation	
3632.0	0.0033999731081957307	SEQC	permutation	
3633.0	0.08083580092983622	SEQC	permutation	
3634.0	-0.11356262719399446	SEQC	permutation	
3635.0	0.06667611837230147	SEQC	permutation	
3636.0	-0.02801772299439964	SEQC	permutation	
3637.0	0.17282379390038205	SEQC	permutation	
3638.0	-0.13342568717800019	SEQC	permutation	
3639.0	0.02356176081345973	SEQC	permutation	
3640.0	-0.05422649407729585	SEQC	permutation	
3641.0	-0.10023531433457089	SEQC	permutation	
3642.0	0.09193626563928259	SEQC	permutation	
3643.0	-0.022319143499684557	SEQC	permutation	
3644.0	-0.06610450943951651	SEQC	permutation	
3645.0	-0.06119565474801281	SEQC	permutation	
3646.0	-0.17779096297369001	SEQC	permutation	
3647.0	-0.020638212331966166	SEQC	permutation	
3648.0	0.07460202417946471	SEQC	permutation	
3649.0	0.1177838445720969	SEQC	permutation	
3650.0	0.12525160945024183	SEQC	permutation	
3651.0	0.012679240931694036	SEQC	permutation	
3652.0	0.1242785131634796	SEQC	permutation	
3653.0	-0.15846188602202638	SEQC	permutation	
3654.0	0.01940430185675135	SEQC	permutation	
3655.0	0.029840447877119924	SEQC	permutation	
3656.0	0.0865709078081558	SEQC	permutation	
3657.0	-0.15223085041181417	SEQC	permutation	
3658.0	-0.07260002570511803	SEQC	permutation	
3659.0	-0.033381203277954796	SEQC	permutation	
3660.0	0.26907392540068376	SEQC	permutation	
3661.0	-0.019917931461808536	SEQC	permutation	
3662.0	0.11628998686752245	SEQC	permutation	
3663.0	0.1739264482094831	SEQC	permutation	
3664.0	-0.2411388987435097	SEQC	permutation	
3665.0	-0.005892577248913344	SEQC	permutation	
3666.0	-0.009906603974337624	SEQC	permutation	
3667.0	-0.14862727630220718	SEQC	permutation	
3668.0	-0.04909899031535403	SEQC	permutation	
3669.0	0.11368209935507645	SEQC	permutation	
3670.0	-0.08561710200376726	SEQC	permutation	
3671.0	-0.10907627490294569	SEQC	permutation	
3672.0	0.07255125837337673	SEQC	permutation	
3673.0	0.005838629809462148	SEQC	permutation	
3674.0	0.02743487519974286	SEQC	permutation	
3675.0	-0.11450657187659186	SEQC	permutation	
3676.0	-0.01365281640672178	SEQC	permutation	
3677.0	0.049641336268489766	SEQC	permutation	
3678.0	0.04960450411185802	SEQC	permutation	
3679.0	-0.12711704656237055	SEQC	permutation	
3680.0	0.2400042199317629	SEQC	permutation	
3681.0	0.18179857881136607	SEQC	permutation	
3682.0	0.12229770867181511	SEQC	permutation	
3683.0	0.04745993336217191	SEQC	permutation	
3684.0	-0.015095279279210505	SEQC	permutation	
3685.0	0.09981399061922058	SEQC	permutation	
3686.0	0.004815615297987019	SEQC	permutation	
3687.0	0.07992756673387591	SEQC	permutation	
3688.0	0.04930179243886146	SEQC	permutation	
3689.0	-0.014702367486405077	SEQC	permutation	
3690.0	-0.10085969813920759	SEQC	permutation	
3691.0	-0.1400561379058729	SEQC	permutation	
3692.0	0.1081339906523966	SEQC	permutation	
3693.0	-0.22097413700473378	SEQC	permutation	
3694.0	-0.13676648665105606	SEQC	permutation	
3695.0	0.024179037439561846	SEQC	permutation	
3696.0	-0.06405189084312113	SEQC	permutation	
3697.0	0.17157170745292438	SEQC	permutation	
3698.0	0.04889498453172125	SEQC	permutation	
3699.0	-0.1330770852991372	SEQC	permutation	
3700.0	-0.08480541685651621	SEQC	permutation	
3701.0	0.025726206115259664	SEQC	permutation	
3702.0	-0.009937434593030758	SEQC	permutation	
3703.0	-0.10370191894352532	SEQC	permutation	
3704.0	0.025524963489507613	SEQC	permutation	
3705.0	0.018274768521030715	SEQC	permutation	
3706.0	-0.07848390903376545	SEQC	permutation	
3707.0	0.028981541434210722	SEQC	permutation	
3708.0	0.0976143338164861	SEQC	permutation	
3709.0	-0.05111997368626575	SEQC	permutation	
3710.0	0.13168239439470764	SEQC	permutation	
3711.0	0.027168951953240317	SEQC	permutation	
3712.0	-0.25559496692421035	SEQC	permutation	
3713.0	-0.0018309803256966184	SEQC	permutation	
3714.0	-0.0909957689069274	SEQC	permutation	
3715.0	0.0633287653864012	SEQC	permutation	
3716.0	-0.05762928796689337	SEQC	permutation	
3717.0	0.030932018066303524	SEQC	permutation	
3718.0	0.24093810502231117	SEQC	permutation	
3719.0	0.06776966097732595	SEQC	permutation	
3720.0	0.0301889465081131	SEQC	permutation	
3721.0	-0.06917530579698594	SEQC	permutation	
3722.0	-0.2124458961976301	SEQC	permutation	
3723.0	-0.0064018226484305885	SEQC	permutation	
3724.0	0.049320125514435986	SEQC	permutation	
3725.0	-0.12951564146710925	SEQC	permutation	
3726.0	-0.02786044542755528	SEQC	permutation	
3727.0	-0.18081591625745475	SEQC	permutation	
3728.0	-0.08998108003437633	SEQC	permutation	
3729.0	0.13799428206738673	SEQC	permutation	
3730.0	0.1608522989626464	SEQC	permutation	
3731.0	0.06838773368790774	SEQC	permutation	
3732.0	0.013336655065713465	SEQC	permutation	
3733.0	-0.016848511010702616	SEQC	permutation	
3734.0	0.05048325411961585	SEQC	permutation	
3735.0	-0.043761024298984985	SEQC	permutation	
3736.0	-0.17752758184967332	SEQC	permutation	
3737.0	-0.09124142409383751	SEQC	permutation	
3738.0	-0.0374125228282125	SEQC	permutation	
3739.0	-0.17498337636189643	SEQC	permutation	
3740.0	-0.10410927619277599	SEQC	permutation	
3741.0	-0.009334448286822283	SEQC	permutation	
3742.0	0.07340672951929461	SEQC	permutation	
3743.0	-0.03742503159733479	SEQC	permutation	
3744.0	-0.07845848309443504	SEQC	permutation	
3745.0	0.3234744699493728	SEQC	permutation	
3746.0	0.08366247605911648	SEQC	permutation	
3747.0	-0.009904801984763623	SEQC	permutation	
3748.0	-0.15656585196628559	SEQC	permutation	
3749.0	0.14863333858494387	SEQC	permutation	
3750.0	0.17119480183066837	SEQC	permutation	
3751.0	0.04384184789892043	SEQC	permutation	
3752.0	-0.1803662649904929	SEQC	permutation	
3753.0	-0.30145954850504	SEQC	permutation	
3754.0	-0.11029560901858826	SEQC	permutation	
3755.0	-0.06049562942635678	SEQC	permutation	
3756.0	-0.011673691004659759	SEQC	permutation	
3757.0	0.07982655105879966	SEQC	permutation	
3758.0	-0.029121946643741126	SEQC	permutation	
3759.0	-0.14785787393354877	SEQC	permutation	
3760.0	-0.11715293305664787	SEQC	permutation	
3761.0	0.10154516247515533	SEQC	permutation	
3762.0	-0.06637432682073241	SEQC	permutation	
3763.0	-0.015705956857723802	SEQC	permutation	
3764.0	0.025723755324689623	SEQC	permutation	
3765.0	0.031210220969195568	SEQC	permutation	
3766.0	-0.0028247836291743766	SEQC	permutation	
3767.0	0.021580901913106132	SEQC	permutation	
3768.0	0.04035742097855266	SEQC	permutation	
3769.0	-0.05908006286061651	SEQC	permutation	
3770.0	0.022137016681317956	SEQC	permutation	
3771.0	0.10754185246334425	SEQC	permutation	
3772.0	-0.012428920065086668	SEQC	permutation	
3773.0	0.19108002955877312	SEQC	permutation	
3774.0	0.03282682745080434	SEQC	permutation	
3775.0	-0.10481521473527655	SEQC	permutation	
3776.0	-0.1349153349832939	SEQC	permutation	
3777.0	0.12841765363703583	SEQC	permutation	
3778.0	-0.2777585488122214	SEQC	permutation	
3779.0	-0.04873464287892171	SEQC	permutation	
3780.0	0.033297023025642414	SEQC	permutation	
3781.0	-0.029665372430512704	SEQC	permutation	
3782.0	0.03214168379621851	SEQC	permutation	
3783.0	-0.011750514656606814	SEQC	permutation	
3784.0	0.15855750399298296	SEQC	permutation	
3785.0	-0.25977394782062513	SEQC	permutation	
3786.0	-0.07987934986841116	SEQC	permutation	
3787.0	-0.04199561335689461	SEQC	permutation	
3788.0	-0.05967111452897145	SEQC	permutation	
3789.0	-0.03735133434621485	SEQC	permutation	
3790.0	-0.06768936461736264	SEQC	permutation	
3791.0	0.0728352797573999	SEQC	permutation	
3792.0	-0.09801204145506492	SEQC	permutation	
3793.0	0.10576737321443064	SEQC	permutation	
3794.0	-0.12023303114039186	SEQC	permutation	
3795.0	-0.20047419219037943	SEQC	permutation	
3796.0	-0.04239641583664522	SEQC	permutation	
3797.0	-0.1124241655404763	SEQC	permutation	
3798.0	-0.02518290233140208	SEQC	permutation	
3799.0	0.12868837926431276	SEQC	permutation	
3800.0	0.05685015857524833	SEQC	permutation	
3801.0	-0.05000259724963163	SEQC	permutation	
3802.0	0.04509012128266843	SEQC	permutation	
3803.0	0.030115253975916634	SEQC	permutation	
3804.0	0.13272639791886887	SEQC	permutation	
3805.0	0.07220435691591431	SEQC	permutation	
3806.0	0.1216704654434384	SEQC	permutation	
3807.0	0.17636409569266975	SEQC	permutation	
3808.0	-0.08317589398588954	SEQC	permutation	
3809.0	0.02996076488553223	SEQC	permutation	
3810.0	-0.04882732467131001	SEQC	permutation	
3811.0	-0.023038587861875293	SEQC	permutation	
3812.0	-0.025756380670594048	SEQC	permutation	
3813.0	-0.017604490982570553	SEQC	permutation	
3814.0	-0.2262054020851605	SEQC	permutation	
3815.0	0.12284195150143473	SEQC	permutation	
3816.0	0.022608420323460887	SEQC	permutation	
3817.0	-0.06806386211639603	SEQC	permutation	
3818.0	-0.1834257464263045	SEQC	permutation	
3819.0	-0.05075737267041225	SEQC	permutation	
3820.0	-0.002919291017992265	SEQC	permutation	
3821.0	0.08298480926465812	SEQC	permutation	
3822.0	0.09693855606206547	SEQC	permutation	
3823.0	0.04841009510507144	SEQC	permutation	
3824.0	0.12043157598082965	SEQC	permutation	
3825.0	-0.05635396978190599	SEQC	permutation	
3826.0	-0.04244611615895577	SEQC	permutation	
3827.0	0.06083782720197295	SEQC	permutation	
3828.0	-0.08410998671604863	SEQC	permutation	
3829.0	-0.20737152553633864	SEQC	permutation	
3830.0	0.001484193334466255	SEQC	permutation	
3831.0	-0.10117029089865737	SEQC	permutation	
3832.0	0.010097168410940771	SEQC	permutation	
3833.0	-0.01613013262878349	SEQC	permutation	
3834.0	-0.09791689064269082	SEQC	permutation	
3835.0	0.13632791767444186	SEQC	permutation	
3836.0	0.06218650099841527	SEQC	permutation	
3837.0	0.07307425209100593	SEQC	permutation	
3838.0	-0.09116089654881465	SEQC	permutation	
3839.0	0.08797867170753637	SEQC	permutation	
3840.0	-0.20988473135351526	SEQC	permutation	
3841.0	-0.05870812842300088	SEQC	permutation	
3842.0	-0.049468683888612475	SEQC	permutation	
3843.0	-0.19414479396162232	SEQC	permutation	
3844.0	-0.025338992829926354	SEQC	permutation	
3845.0	-0.009175064854399118	SEQC	permutation	
3846.0	-0.12140342570536156	SEQC	permutation	
3847.0	0.08618635730454427	SEQC	permutation	
3848.0	0.04444716903912571	SEQC	permutation	
3849.0	0.14525766880503888	SEQC	permutation	
3850.0	-0.014016567527908919	SEQC	permutation	
3851.0	-0.18880999831205658	SEQC	permutation	
3852.0	0.1476648262435991	SEQC	permutation	
3853.0	0.127566898850068	SEQC	permutation	
3854.0	-0.0630273483179562	SEQC	permutation	
3855.0	0.13591772822861525	SEQC	permutation	
3856.0	-0.1534503730303527	SEQC	permutation	
3857.0	-0.008867202040210298	SEQC	permutation	
3858.0	-0.26477836790220355	SEQC	permutation	
3859.0	0.02182687848477105	SEQC	permutation	
3860.0	-0.04398387327092612	SEQC	permutation	
3861.0	0.03773257683978226	SEQC	permutation	
3862.0	0.09344762020200825	SEQC	permutation	
3863.0	0.04485263537601103	SEQC	permutation	
3864.0	-0.11431117550753322	SEQC	permutation	
3865.0	-0.2581488842719204	SEQC	permutation	
3866.0	-0.025432543969269084	SEQC	permutation	
3867.0	0.05797371661148665	SEQC	permutation	
3868.0	-0.15991074771720237	SEQC	permutation	
3869.0	-0.09118266599304281	SEQC	permutation	
3870.0	0.0400592605855441	SEQC	permutation	
3871.0	-0.07622187925751822	SEQC	permutation	
3872.0	0.01596009044789648	SEQC	permutation	
3873.0	-0.054093714572758245	SEQC	permutation	
3874.0	0.04006139008665199	SEQC	permutation	
3875.0	-0.03100206136438688	SEQC	permutation	
3876.0	-0.013416077060636855	SEQC	permutation	
3877.0	0.08730375921389211	SEQC	permutation	
3878.0	-0.027579051301635182	SEQC	permutation	
3879.0	0.009387782842859682	SEQC	permutation	
3880.0	0.004009503038100881	SEQC	permutation	
3881.0	0.08927561836225495	SEQC	permutation	
3882.0	-0.04655354849943638	SEQC	permutation	
3883.0	-0.02211835959138808	SEQC	permutation	
3884.0	-0.058686785785710516	SEQC	permutation	
3885.0	0.12045503557506354	SEQC	permutation	
3886.0	-0.15777368950197523	SEQC	permutation	
3887.0	-0.020475493811508816	SEQC	permutation	
3888.0	-0.0498407486778496	SEQC	permutation	
3889.0	-0.11407120266518422	SEQC	permutation	
3890.0	-0.13564013958722176	SEQC	permutation	
3891.0	-0.07122833708479925	SEQC	permutation	
3892.0	0.0022322172414468433	SEQC	permutation	
3893.0	0.17321960560917926	SEQC	permutation	
3894.0	-0.030770492728772858	SEQC	permutation	
3895.0	-0.10966844644008811	SEQC	permutation	
3896.0	0.1336800684735464	SEQC	permutation	
3897.0	-0.020220277382536622	SEQC	permutation	
3898.0	0.14121208868790136	SEQC	permutation	
3899.0	0.09924044615942096	SEQC	permutation	
3900.0	-0.13148861459859784	SEQC	permutation	
3901.0	0.013796101432829833	SEQC	permutation	
3902.0	0.1226706969541338	SEQC	permutation	
3903.0	-0.10575776292931005	SEQC	permutation	
3904.0	0.12631923606936146	SEQC	permutation	
3905.0	-0.12916282653440359	SEQC	permutation	
3906.0	0.057412560125496004	SEQC	permutation	
3907.0	0.14486513128879341	SEQC	permutation	
3908.0	-0.010336961903240738	SEQC	permutation	
3909.0	-0.041030679640956524	SEQC	permutation	
3910.0	-0.20027302557363846	SEQC	permutation	
3911.0	-0.11416106403490334	SEQC	permutation	
3912.0	-0.14495787068956423	SEQC	permutation	
3913.0	-0.01273119362249675	SEQC	permutation	
3914.0	-0.13877848935681403	SEQC	permutation	
3915.0	-0.1395143779819592	SEQC	permutation	
3916.0	0.13472996138485005	SEQC	permutation	
3917.0	-0.1457538786568664	SEQC	permutation	
3918.0	-0.06345078073162114	SEQC	permutation	
3919.0	-0.08301665576872086	SEQC	permutation	
3920.0	0.017744775024016057	SEQC	permutation	
3921.0	0.04290733135930225	SEQC	permutation	
3922.0	-0.08327348925661182	SEQC	permutation	
3923.0	-0.028113873356521157	SEQC	permutation	
3924.0	0.12994425437152257	SEQC	permutation	
3925.0	-0.06257035789463439	SEQC	permutation	
3926.0	-0.2440127281508473	SEQC	permutation	
3927.0	-0.28412426789378964	SEQC	permutation	
3928.0	0.010524996787365293	SEQC	permutation	
3929.0	-0.06148593109183986	SEQC	permutation	
3930.0	-0.13289556489704157	SEQC	permutation	
3931.0	0.1978974196308907	SEQC	permutation	
3932.0	-0.01595048486771411	SEQC	permutation	
3933.0	-0.01116386249283563	SEQC	permutation	
3934.0	0.05948682115482251	SEQC	permutation	
3935.0	-0.029193423436920884	SEQC	permutation	
3936.0	0.016059561390855848	SEQC	permutation	
3937.0	0.04922270931117767	SEQC	permutation	
3938.0	-0.06614638477280188	SEQC	permutation	
3939.0	-0.18815682776182108	SEQC	permutation	
3940.0	0.0303688322047857	SEQC	permutation	
3941.0	0.08931350216852652	SEQC	permutation	
3942.0	0.023143255939257035	SEQC	permutation	
3943.0	0.015354541490501195	SEQC	permutation	
3944.0	0.02050158789852663	SEQC	permutation	
3945.0	0.06906784618296147	SEQC	permutation	
3946.0	-0.07868258550718421	SEQC	permutation	
3947.0	0.10481945671772408	SEQC	permutation	
3948.0	-0.07551548620851012	SEQC	permutation	
3949.0	-0.03219719334168003	SEQC	permutation	
3950.0	-0.07091111889699153	SEQC	permutation	
3951.0	0.06294951902433477	SEQC	permutation	
3952.0	-0.08102077785895023	SEQC	permutation	
3953.0	0.012840339699855097	SEQC	permutation	
3954.0	-0.05047745998153408	SEQC	permutation	
3955.0	-0.13451798297117845	SEQC	permutation	
3956.0	-0.20987248128694036	SEQC	permutation	
3957.0	-0.009853783035673302	SEQC	permutation	
3958.0	0.15030255019770067	SEQC	permutation	
3959.0	0.0900323177346607	SEQC	permutation	
3960.0	0.0803276549566383	SEQC	permutation	
3961.0	0.318262027768919	SEQC	permutation	
3962.0	0.028937163300769342	SEQC	permutation	
3963.0	-0.13937295111258274	SEQC	permutation	
3964.0	-0.1418785102755291	SEQC	permutation	
3965.0	0.05629974268952731	SEQC	permutation	
3966.0	-0.043795759550414814	SEQC	permutation	
3967.0	0.061855281142770835	SEQC	permutation	
3968.0	0.12473804434215774	SEQC	permutation	
3969.0	0.052803547136280216	SEQC	permutation	
3970.0	0.13294878876036753	SEQC	permutation	
3971.0	-0.054678333304602145	SEQC	permutation	
3972.0	0.0008212165796206428	SEQC	permutation	
3973.0	0.08122194564176377	SEQC	permutation	
3974.0	0.06134056170744717	SEQC	permutation	
3975.0	-0.11624205944905652	SEQC	permutation	
3976.0	0.01801521641046433	SEQC	permutation	
3977.0	-0.0450174746483194	SEQC	permutation	
3978.0	0.04558006662552483	SEQC	permutation	
3979.0	-0.026634760725554152	SEQC	permutation	
3980.0	0.0684229714476583	SEQC	permutation	
3981.0	-0.10677429742429867	SEQC	permutation	
3982.0	-0.11704084243345303	SEQC	permutation	
3983.0	-0.04630592865940386	SEQC	permutation	
3984.0	-0.14706040551245803	SEQC	permutation	
3985.0	-0.1509599277157676	SEQC	permutation	
3986.0	0.015389251717963237	SEQC	permutation	
3987.0	0.05928488265704068	SEQC	permutation	
3988.0	-0.024916286829720136	SEQC	permutation	
3989.0	0.06153275590384322	SEQC	permutation	
3990.0	-0.0775048670174927	SEQC	permutation	
3991.0	-0.01852845107544443	SEQC	permutation	
3992.0	-0.09848723214859145	SEQC	permutation	
3993.0	-0.1620449197238245	SEQC	permutation	
3994.0	-0.09021905697310872	SEQC	permutation	
3995.0	-0.17276803927153095	SEQC	permutation	
3996.0	-0.048436858535357175	SEQC	permutation	
3997.0	0.0571156682292675	SEQC	permutation	
3998.0	-0.08173801961983074	SEQC	permutation	
3999.0	-0.07267108390544053	SEQC	permutation	
4000.0	0.06790546199693503	SEQC	permutation	
4001.0	-0.059449802832369336	SEQC	permutation	
4002.0	-0.12266354530740564	SEQC	permutation	
4003.0	-0.01600407275561766	SEQC	permutation	
4004.0	0.09149324522642655	SEQC	permutation	
4005.0	0.09502771928787856	SEQC	permutation	
4006.0	0.08735624150634447	SEQC	permutation	
4007.0	-0.2225253905785527	SEQC	permutation	
4008.0	0.18362495205221707	SEQC	permutation	
4009.0	-0.060451519459320036	SEQC	permutation	
4010.0	-0.1844659742740058	SEQC	permutation	
4011.0	0.05325406570634961	SEQC	permutation	
4012.0	-0.07402730107342448	SEQC	permutation	
4013.0	0.027986157640605747	SEQC	permutation	
4014.0	-0.06044670609921621	SEQC	permutation	
4015.0	-0.22338356964335437	SEQC	permutation	
4016.0	-0.028855810104702506	SEQC	permutation	
4017.0	0.05355564629738385	SEQC	permutation	
4018.0	-0.17820863670894438	SEQC	permutation	
4019.0	-0.07138289180506963	SEQC	permutation	
4020.0	-0.026929552810134982	SEQC	permutation	
4021.0	0.08531827807416015	SEQC	permutation	
4022.0	0.028497104145583485	SEQC	permutation	
4023.0	-0.20349025259664977	SEQC	permutation	
4024.0	-0.12477685514407755	SEQC	permutation	
4025.0	0.01767124787578478	SEQC	permutation	
4026.0	0.12625150237229077	SEQC	permutation	
4027.0	0.08586590799213445	SEQC	permutation	
4028.0	0.021518647027096716	SEQC	permutation	
4029.0	-0.12138533494681125	SEQC	permutation	
4030.0	-0.02089029965631717	SEQC	permutation	
4031.0	-0.07787631573362086	SEQC	permutation	
4032.0	-0.001555713028812633	SEQC	permutation	
4033.0	0.002392395506161993	SEQC	permutation	
4034.0	-0.018971016779149696	SEQC	permutation	
4035.0	0.09244925088206957	SEQC	permutation	
4036.0	-0.06978745346626214	SEQC	permutation	
4037.0	-0.02021760971846298	SEQC	permutation	
4038.0	-0.030032414592660928	SEQC	permutation	
4039.0	-0.07942838894291215	SEQC	permutation	
4040.0	-0.09967786765357411	SEQC	permutation	
4041.0	0.12307716001894731	SEQC	permutation	
4042.0	0.06646424598422351	SEQC	permutation	
4043.0	-0.15896685708577607	SEQC	permutation	
4044.0	0.012862180166627546	SEQC	permutation	
4045.0	-0.1441646558382228	SEQC	permutation	
4046.0	-0.21195504278725918	SEQC	permutation	
4047.0	-0.05955232360199414	SEQC	permutation	
4048.0	0.10141958757590963	SEQC	permutation	
4049.0	0.0028315375932708164	SEQC	permutation	
4050.0	0.0538583071552754	SEQC	permutation	
4051.0	0.015847586928748214	SEQC	permutation	
4052.0	0.06630237468952949	SEQC	permutation	
4053.0	0.1395689113758034	SEQC	permutation	
4054.0	-0.1166031559562275	SEQC	permutation	
4055.0	0.00022319968604422868	SEQC	permutation	
4056.0	0.16887890789746862	SEQC	permutation	
4057.0	-0.1479979264710769	SEQC	permutation	
4058.0	-0.07335744302391412	SEQC	permutation	
4059.0	-0.13427209961533038	SEQC	permutation	
4060.0	-0.06967643505540666	SEQC	permutation	
4061.0	-0.1086457253371429	SEQC	permutation	
4062.0	-0.02011174884673883	SEQC	permutation	
4063.0	0.012757786108312352	SEQC	permutation	
4064.0	0.0746990896493398	SEQC	permutation	
4065.0	0.16179837134565034	SEQC	permutation	
4066.0	-0.04396072271462037	SEQC	permutation	
4067.0	0.03153136065913564	SEQC	permutation	
4068.0	0.034928516432171985	SEQC	permutation	
4069.0	-0.03357991295503693	SEQC	permutation	
4070.0	0.004517208979053056	SEQC	permutation	
4071.0	0.06900734275239806	SEQC	permutation	
4072.0	0.1331641578502376	SEQC	permutation	
4073.0	0.0386807640137139	SEQC	permutation	
4074.0	0.16732140400808193	SEQC	permutation	
4075.0	0.08696759334478443	SEQC	permutation	
4076.0	-0.09287285073354878	SEQC	permutation	
4077.0	0.01139539129056999	SEQC	permutation	
4078.0	0.036220418053434233	SEQC	permutation	
4079.0	0.19302268534849487	SEQC	permutation	
4080.0	0.02559976409097109	SEQC	permutation	
4081.0	0.1240463530643292	SEQC	permutation	
4082.0	0.013683639998439023	SEQC	permutation	
4083.0	0.022863634391536714	SEQC	permutation	
4084.0	-0.0363296847857999	SEQC	permutation	
4085.0	0.016718556190999045	SEQC	permutation	
4086.0	0.030543937518969333	SEQC	permutation	
4087.0	-0.25456125185796363	SEQC	permutation	
4088.0	-0.11195009944721424	SEQC	permutation	
4089.0	-0.09816784662443778	SEQC	permutation	
4090.0	-0.061301029083387526	SEQC	permutation	
4091.0	0.056632059468394225	SEQC	permutation	
4092.0	-0.09530956002862734	SEQC	permutation	
4093.0	0.04030812315996801	SEQC	permutation	
4094.0	0.06602741544211765	SEQC	permutation	
4095.0	-0.0841003845650512	SEQC	permutation	
4096.0	-0.154294187246093	SEQC	permutation	
4097.0	0.1391631563826783	SEQC	permutation	
4098.0	-0.18353764798578087	SEQC	permutation	
4099.0	-0.06077702714294109	SEQC	permutation	
4100.0	0.12002221076588482	SEQC	permutation	
4101.0	-0.2602561218247179	SEQC	permutation	
4102.0	0.00921705311694998	SEQC	permutation	
4103.0	-0.07870877319772251	SEQC	permutation	
4104.0	-0.14190940558869958	SEQC	permutation	
4105.0	-0.10463840751736164	SEQC	permutation	
4106.0	-0.12839968528859824	SEQC	permutation	
4107.0	0.01971918365908687	SEQC	permutation	
4108.0	-0.13454705037449255	SEQC	permutation	
4109.0	-0.0007921863850408606	SEQC	permutation	
4110.0	-0.054237428378565156	SEQC	permutation	
4111.0	0.021941796074552045	SEQC	permutation	
4112.0	-0.1117769954629364	SEQC	permutation	
4113.0	0.043732704042259485	SEQC	permutation	
4114.0	-0.11410241536552235	SEQC	permutation	
4115.0	0.08686325518215421	SEQC	permutation	
4116.0	-0.04014841603425223	SEQC	permutation	
4117.0	-0.016538037590969612	SEQC	permutation	
4118.0	-0.0319878848084274	SEQC	permutation	
4119.0	0.13676331878277148	SEQC	permutation	
4120.0	-0.2663459758768334	SEQC	permutation	
4121.0	0.17066109818713082	SEQC	permutation	
4122.0	-0.03957049101993304	SEQC	permutation	
4123.0	-0.08191310944838293	SEQC	permutation	
4124.0	-0.19779669114886245	SEQC	permutation	
4125.0	-0.1954570463469918	SEQC	permutation	
4126.0	0.01774910031381971	SEQC	permutation	
4127.0	-0.03613022101182306	SEQC	permutation	
4128.0	0.022758138993475008	SEQC	permutation	
4129.0	0.16421705405222786	SEQC	permutation	
4130.0	0.134656032903532	SEQC	permutation	
4131.0	-0.051963391711931095	SEQC	permutation	
4132.0	0.047369830247281364	SEQC	permutation	
4133.0	0.05633321840117267	SEQC	permutation	
4134.0	0.0008312051979211255	SEQC	permutation	
4135.0	-0.061333782188745634	SEQC	permutation	
4136.0	0.030555788674255346	SEQC	permutation	
4137.0	-0.01914498676648746	SEQC	permutation	
4138.0	-0.032552629725517424	SEQC	permutation	
4139.0	0.20425996261577195	SEQC	permutation	
4140.0	0.09480008148805741	SEQC	permutation	
4141.0	0.0515050675412656	SEQC	permutation	
4142.0	0.07230300458340544	SEQC	permutation	
4143.0	-0.07345698074425355	SEQC	permutation	
4144.0	0.13413521677973872	SEQC	permutation	
4145.0	0.21901482248183024	SEQC	permutation	
4146.0	0.002384887415935566	SEQC	permutation	
4147.0	-0.02978139149426884	SEQC	permutation	
4148.0	0.10530211638193565	SEQC	permutation	
4149.0	-0.1468930163621489	SEQC	permutation	
4150.0	0.07656118916495602	SEQC	permutation	
4151.0	-0.0378063208941084	SEQC	permutation	
4152.0	0.03295328500177774	SEQC	permutation	
4153.0	-0.12132418696499547	SEQC	permutation	
4154.0	-0.17763820158198218	SEQC	permutation	
4155.0	-0.1828313230805545	SEQC	permutation	
4156.0	-0.15287456569679714	SEQC	permutation	
4157.0	-0.2501622845589577	SEQC	permutation	
4158.0	0.016731808737411313	SEQC	permutation	
4159.0	-0.06027648597128099	SEQC	permutation	
4160.0	0.07673229966531503	SEQC	permutation	
4161.0	0.03922491152960994	SEQC	permutation	
4162.0	0.027384129648589717	SEQC	permutation	
4163.0	-0.1653933811629118	SEQC	permutation	
4164.0	0.03995620496896901	SEQC	permutation	
4165.0	-0.07192919507623019	SEQC	permutation	
4166.0	-0.08842066652167979	SEQC	permutation	
4167.0	-0.2518009278807791	SEQC	permutation	
4168.0	0.07567280435960555	SEQC	permutation	
4169.0	-0.11879113813064546	SEQC	permutation	
4170.0	0.04098455155271985	SEQC	permutation	
4171.0	0.08330338441363638	SEQC	permutation	
4172.0	0.05435014050854825	SEQC	permutation	
4173.0	0.1107753868551038	SEQC	permutation	
4174.0	0.006023698244879139	SEQC	permutation	
4175.0	-0.03845351079653758	SEQC	permutation	
4176.0	0.029427229176616	SEQC	permutation	
4177.0	-0.011888112625467961	SEQC	permutation	
4178.0	0.25921686224596385	SEQC	permutation	
4179.0	0.09968603352768657	SEQC	permutation	
4180.0	-0.011444034327178887	SEQC	permutation	
4181.0	0.09371141152837481	SEQC	permutation	
4182.0	0.036872418844936306	SEQC	permutation	
4183.0	0.02819347902050051	SEQC	permutation	
4184.0	0.1340221248484701	SEQC	permutation	
4185.0	0.028387296494983172	SEQC	permutation	
4186.0	0.18919668990031946	SEQC	permutation	
4187.0	-0.15225727794257127	SEQC	permutation	
4188.0	0.13005329032775226	SEQC	permutation	
4189.0	0.0614307957948661	SEQC	permutation	
4190.0	-0.04324250689381692	SEQC	permutation	
4191.0	-0.05228609204264645	SEQC	permutation	
4192.0	-0.08602716964528678	SEQC	permutation	
4193.0	-0.16063996200735486	SEQC	permutation	
4194.0	-0.09905698860793422	SEQC	permutation	
4195.0	-0.0065507225698455684	SEQC	permutation	
4196.0	-0.0017723492237786687	SEQC	permutation	
4197.0	-0.03980048184568652	SEQC	permutation	
4198.0	-0.02211814806820467	SEQC	permutation	
4199.0	-0.06803376091358393	SEQC	permutation	
4200.0	0.0898888440626675	SEQC	permutation	
4201.0	-0.12797525541448307	SEQC	permutation	
4202.0	0.08683802847033784	SEQC	permutation	
4203.0	-0.06905918052236126	SEQC	permutation	
4204.0	-0.11727383365571242	SEQC	permutation	
4205.0	-0.06306879042860247	SEQC	permutation	
4206.0	-0.05817075572566077	SEQC	permutation	
4207.0	-0.09747303068465207	SEQC	permutation	
4208.0	-0.06534517369747173	SEQC	permutation	
4209.0	0.010409854160243981	SEQC	permutation	
4210.0	-0.04479141448334589	SEQC	permutation	
4211.0	-0.04162396436323057	SEQC	permutation	
4212.0	-0.08702690031494198	SEQC	permutation	
4213.0	-0.08650024802451561	SEQC	permutation	
4214.0	0.04909993825994663	SEQC	permutation	
4215.0	-0.04001447595401153	SEQC	permutation	
4216.0	0.04154799665676867	SEQC	permutation	
4217.0	0.08264111008765074	SEQC	permutation	
4218.0	-0.08097619718007243	SEQC	permutation	
4219.0	-0.0298615217008118	SEQC	permutation	
4220.0	-0.03757370335566046	SEQC	permutation	
4221.0	0.05766028851403382	SEQC	permutation	
4222.0	0.1277656985782607	SEQC	permutation	
4223.0	-0.0871537648313776	SEQC	permutation	
4224.0	-0.037273873595616624	SEQC	permutation	
4225.0	-0.02449761674717843	SEQC	permutation	
4226.0	0.023195889026982552	SEQC	permutation	
4227.0	-0.06403251635977059	SEQC	permutation	
4228.0	-0.11674381733833084	SEQC	permutation	
4229.0	0.020784719919237915	SEQC	permutation	
4230.0	-0.0791874299415749	SEQC	permutation	
4231.0	-0.006571520333103376	SEQC	permutation	
4232.0	-0.07489863080180914	SEQC	permutation	
4233.0	0.04800412528398601	SEQC	permutation	
4234.0	0.11028745357725	SEQC	permutation	
4235.0	-0.060273467632822264	SEQC	permutation	
4236.0	-0.06430078977673404	SEQC	permutation	
4237.0	-0.05552930091448971	SEQC	permutation	
4238.0	-0.039425056082578624	SEQC	permutation	
4239.0	-0.13720172825342392	SEQC	permutation	
4240.0	-0.10263891488029753	SEQC	permutation	
4241.0	-0.1847263262701797	SEQC	permutation	
4242.0	0.20138674512379984	SEQC	permutation	
4243.0	-0.08302890652328454	SEQC	permutation	
4244.0	0.042847982797673545	SEQC	permutation	
4245.0	0.019664331391821666	SEQC	permutation	
4246.0	0.10317706264681892	SEQC	permutation	
4247.0	0.00626452772262498	SEQC	permutation	
4248.0	-0.06333078724900076	SEQC	permutation	
4249.0	-0.20633257080786072	SEQC	permutation	
4250.0	0.040605065514354166	SEQC	permutation	
4251.0	-0.06832498366002016	SEQC	permutation	
4252.0	-0.10687163316106396	SEQC	permutation	
4253.0	0.04564497133455525	SEQC	permutation	
4254.0	-0.14738766662961922	SEQC	permutation	
4255.0	-0.1585970837299433	SEQC	permutation	
4256.0	0.040679409955367785	SEQC	permutation	
4257.0	0.03547403246054337	SEQC	permutation	
4258.0	0.17374722364071182	SEQC	permutation	
4259.0	0.10897204913278058	SEQC	permutation	
4260.0	0.06939686378803822	SEQC	permutation	
4261.0	-0.10454942951009683	SEQC	permutation	
4262.0	-0.14397513340974966	SEQC	permutation	
4263.0	0.07610201262191474	SEQC	permutation	
4264.0	0.01604817290004501	SEQC	permutation	
4265.0	0.168537070997973	SEQC	permutation	
4266.0	-0.11302826163228064	SEQC	permutation	
4267.0	0.0812682671198397	SEQC	permutation	
4268.0	-0.12165510752270858	SEQC	permutation	
4269.0	-0.13686124412048306	SEQC	permutation	
4270.0	0.08265803585643594	SEQC	permutation	
4271.0	0.03543520306432857	SEQC	permutation	
4272.0	0.007483684153366532	SEQC	permutation	
4273.0	-0.15973954344462138	SEQC	permutation	
4274.0	-0.006050359198290334	SEQC	permutation	
4275.0	-0.06595992405747442	SEQC	permutation	
4276.0	0.0007949014775330276	SEQC	permutation	
4277.0	-0.09574382962375294	SEQC	permutation	
4278.0	-0.11389181760033074	SEQC	permutation	
4279.0	0.05382808945534023	SEQC	permutation	
4280.0	-0.005005961858105312	SEQC	permutation	
4281.0	0.14066848440931512	SEQC	permutation	
4282.0	-0.2587638682328044	SEQC	permutation	
4283.0	-0.04237426851420434	SEQC	permutation	
4284.0	0.046063267461263546	SEQC	permutation	
4285.0	0.033147286884448235	SEQC	permutation	
4286.0	0.11434331688024457	SEQC	permutation	
4287.0	0.01857657933179402	SEQC	permutation	
4288.0	0.025622146449115313	SEQC	permutation	
4289.0	-0.07719129919533518	SEQC	permutation	
4290.0	0.017445698210926786	SEQC	permutation	
4291.0	0.22168390697789286	SEQC	permutation	
4292.0	0.0284859603893457	SEQC	permutation	
4293.0	0.056204081162484876	SEQC	permutation	
4294.0	-0.08894706827676391	SEQC	permutation	
4295.0	-0.12605025790378122	SEQC	permutation	
4296.0	-0.0859865903757937	SEQC	permutation	
4297.0	-0.0023533144986269683	SEQC	permutation	
4298.0	-0.17631173109034748	SEQC	permutation	
4299.0	-0.02903481907076566	SEQC	permutation	
4300.0	0.00788957400395951	SEQC	permutation	
4301.0	0.06856439824894967	SEQC	permutation	
4302.0	-0.04538575022771196	SEQC	permutation	
4303.0	-0.12284742336073196	SEQC	permutation	
4304.0	-0.22760360556602466	SEQC	permutation	
4305.0	-0.06902433149766818	SEQC	permutation	
4306.0	-0.037060194370361454	SEQC	permutation	
4307.0	-0.37484065712178394	SEQC	permutation	
4308.0	-0.0075854913161754745	SEQC	permutation	
4309.0	0.05514150767424342	SEQC	permutation	
4310.0	0.11587359272353037	SEQC	permutation	
4311.0	-0.043713101862038695	SEQC	permutation	
4312.0	-0.050874967090716705	SEQC	permutation	
4313.0	-0.08675053081796547	SEQC	permutation	
4314.0	-0.05800054753940298	SEQC	permutation	
4315.0	-0.12691913978241587	SEQC	permutation	
4316.0	-0.1316952953130719	SEQC	permutation	
4317.0	0.00159157750459471	SEQC	permutation	
4318.0	-0.1143026416931594	SEQC	permutation	
4319.0	-0.1261587009331837	SEQC	permutation	
4320.0	-0.17366827345270863	SEQC	permutation	
4321.0	0.08563340867133284	SEQC	permutation	
4322.0	-0.09437494849340133	SEQC	permutation	
4323.0	0.04889212485254246	SEQC	permutation	
4324.0	-0.11145386725698803	SEQC	permutation	
4325.0	0.07526065494836498	SEQC	permutation	
4326.0	-0.16931046323145083	SEQC	permutation	
4327.0	0.008256903577712915	SEQC	permutation	
4328.0	-0.14154426250222096	SEQC	permutation	
4329.0	0.04921320510913052	SEQC	permutation	
4330.0	-0.06468647930718507	SEQC	permutation	
4331.0	0.05584949979902465	SEQC	permutation	
4332.0	0.2183131454402245	SEQC	permutation	
4333.0	-0.250733083432209	SEQC	permutation	
4334.0	-0.036065001564578925	SEQC	permutation	
4335.0	0.14018684979659657	SEQC	permutation	
4336.0	0.04701911881924836	SEQC	permutation	
4337.0	0.04113126212278706	SEQC	permutation	
4338.0	-0.10141710569538587	SEQC	permutation	
4339.0	0.08629266237812283	SEQC	permutation	
4340.0	-0.059873539880532345	SEQC	permutation	
4341.0	-0.01046337654489582	SEQC	permutation	
4342.0	-0.07243555815257885	SEQC	permutation	
4343.0	-0.11814669669261857	SEQC	permutation	
4344.0	-0.150907093635114	SEQC	permutation	
4345.0	-0.04739282579257775	SEQC	permutation	
4346.0	-0.11572412365384421	SEQC	permutation	
4347.0	-0.06532014428932742	SEQC	permutation	
4348.0	0.11001963715392327	SEQC	permutation	
4349.0	-0.05385760711226961	SEQC	permutation	
4350.0	-0.26178284620152237	SEQC	permutation	
4351.0	-0.17125333096342743	SEQC	permutation	
4352.0	0.06331062314834712	SEQC	permutation	
4353.0	0.06521879811010578	SEQC	permutation	
4354.0	0.04113596867985958	SEQC	permutation	
4355.0	-0.11137761337450147	SEQC	permutation	
4356.0	0.033801900771583515	SEQC	permutation	
4357.0	-0.1638443597595045	SEQC	permutation	
4358.0	-0.04994556539198003	SEQC	permutation	
4359.0	-0.04293092886546557	SEQC	permutation	
4360.0	-0.10861668677284131	SEQC	permutation	
4361.0	0.06800124603756608	SEQC	permutation	
4362.0	-0.010858979978874306	SEQC	permutation	
4363.0	-0.039021651283286385	SEQC	permutation	
4364.0	0.053793679159598096	SEQC	permutation	
4365.0	-0.021597347117392474	SEQC	permutation	
4366.0	-0.010943588873586485	SEQC	permutation	
4367.0	0.014946977186659272	SEQC	permutation	
4368.0	-0.016582999267825915	SEQC	permutation	
4369.0	-0.03741456475177607	SEQC	permutation	
4370.0	0.12324343009839733	SEQC	permutation	
4371.0	-0.09025144867361057	SEQC	permutation	
4372.0	0.2178730407405678	SEQC	permutation	
4373.0	-0.07109291281858665	SEQC	permutation	
4374.0	0.12655253315072645	SEQC	permutation	
4375.0	0.13756052764809334	SEQC	permutation	
4376.0	0.22151880906464116	SEQC	permutation	
4377.0	-0.13124684707461798	SEQC	permutation	
4378.0	-0.030615275001570907	SEQC	permutation	
4379.0	0.030578903070902275	SEQC	permutation	
4380.0	0.05515153179716892	SEQC	permutation	
4381.0	-0.014556092568498435	SEQC	permutation	
4382.0	0.024953762722391915	SEQC	permutation	
4383.0	-0.006718625961206648	SEQC	permutation	
4384.0	-0.04784149395241988	SEQC	permutation	
4385.0	0.013501893850408564	SEQC	permutation	
4386.0	0.09876380511888128	SEQC	permutation	
4387.0	-0.19316298724796654	SEQC	permutation	
4388.0	0.015581435030087132	SEQC	permutation	
4389.0	0.008526020922174471	SEQC	permutation	
4390.0	0.0005625208524993042	SEQC	permutation	
4391.0	-0.015197399483159568	SEQC	permutation	
4392.0	0.07398672360447733	SEQC	permutation	
4393.0	-0.04769498172756492	SEQC	permutation	
4394.0	-0.04763677298760749	SEQC	permutation	
4395.0	0.13891670682437418	SEQC	permutation	
4396.0	-0.0010879995066024328	SEQC	permutation	
4397.0	-0.08130516323363102	SEQC	permutation	
4398.0	0.02722486092474119	SEQC	permutation	
4399.0	-0.22634493679568202	SEQC	permutation	
4400.0	-0.18864885133196108	SEQC	permutation	
4401.0	-0.1236587725599505	SEQC	permutation	
4402.0	0.07680292164390012	SEQC	permutation	
4403.0	0.04112193102725348	SEQC	permutation	
4404.0	-0.08750892291794177	SEQC	permutation	
4405.0	-0.050859899970811195	SEQC	permutation	
4406.0	-0.08201319733037371	SEQC	permutation	
4407.0	0.004462606593383267	SEQC	permutation	
4408.0	-0.03699269709538289	SEQC	permutation	
4409.0	0.10191076440256408	SEQC	permutation	
4410.0	-0.04924475411589535	SEQC	permutation	
4411.0	-0.007127619230068216	SEQC	permutation	
4412.0	-0.17562661560767845	SEQC	permutation	
4413.0	-0.07073430126640945	SEQC	permutation	
4414.0	0.03592257241965502	SEQC	permutation	
4415.0	0.0682228876528308	SEQC	permutation	
4416.0	0.06654169602923066	SEQC	permutation	
4417.0	-0.0226317068452917	SEQC	permutation	
4418.0	0.004653329955075058	SEQC	permutation	
4419.0	-0.07526303741663298	SEQC	permutation	
4420.0	-0.09133921669819989	SEQC	permutation	
4421.0	-0.0967643415559265	SEQC	permutation	
4422.0	-0.029573633247245823	SEQC	permutation	
4423.0	0.17793399437809754	SEQC	permutation	
4424.0	-0.041795131805420827	SEQC	permutation	
4425.0	-0.15612172211080289	SEQC	permutation	
4426.0	0.08303709836594031	SEQC	permutation	
4427.0	0.026142364290476117	SEQC	permutation	
4428.0	0.0073993700483732106	SEQC	permutation	
4429.0	0.00023079067828879474	SEQC	permutation	
4430.0	0.1559503662695958	SEQC	permutation	
4431.0	-0.1982145390515555	SEQC	permutation	
4432.0	-0.03769890847541291	SEQC	permutation	
4433.0	-0.020059627818494796	SEQC	permutation	
4434.0	0.1810784565597663	SEQC	permutation	
4435.0	0.03140305407989885	SEQC	permutation	
4436.0	0.0410501597621562	SEQC	permutation	
4437.0	0.20221648825713245	SEQC	permutation	
4438.0	-0.016749100746927148	SEQC	permutation	
4439.0	-0.060337182530752376	SEQC	permutation	
4440.0	0.14866463327179824	SEQC	permutation	
4441.0	-0.0035354720839042564	SEQC	permutation	
4442.0	0.0013856057770107455	SEQC	permutation	
4443.0	0.034880581409853395	SEQC	permutation	
4444.0	0.08306198072444193	SEQC	permutation	
4445.0	-0.16440372046743734	SEQC	permutation	
4446.0	0.135981807508732	SEQC	permutation	
4447.0	0.022286913190046054	SEQC	permutation	
4448.0	-0.009866743645741582	SEQC	permutation	
4449.0	-0.03906336743452421	SEQC	permutation	
4450.0	-0.12028830899758658	SEQC	permutation	
4451.0	0.03081529897067714	SEQC	permutation	
4452.0	-0.02477370074153873	SEQC	permutation	
4453.0	-0.17161061078908135	SEQC	permutation	
4454.0	0.06433353738060932	SEQC	permutation	
4455.0	0.040270881963168303	SEQC	permutation	
4456.0	-0.11454124592350867	SEQC	permutation	
4457.0	0.08185931067520347	SEQC	permutation	
4458.0	-0.06254114395147425	SEQC	permutation	
4459.0	-0.14228397346130262	SEQC	permutation	
4460.0	0.11204186427739327	SEQC	permutation	
4461.0	-0.04413870124200692	SEQC	permutation	
4462.0	-0.05730375351112693	SEQC	permutation	
4463.0	-0.02033625769078551	SEQC	permutation	
4464.0	-0.06824861110181457	SEQC	permutation	
4465.0	-0.11924569144837127	SEQC	permutation	
4466.0	-0.0895508790727928	SEQC	permutation	
4467.0	0.1468472017070126	SEQC	permutation	
4468.0	0.0717406325584431	SEQC	permutation	
4469.0	-0.1494081572969952	SEQC	permutation	
4470.0	-0.17017169357569095	SEQC	permutation	
4471.0	0.13240633335422514	SEQC	permutation	
4472.0	-0.06857068045145853	SEQC	permutation	
4473.0	-0.06289949661437433	SEQC	permutation	
4474.0	-0.1201382737942982	SEQC	permutation	
4475.0	-0.04964734431549633	SEQC	permutation	
4476.0	-0.06208411477182896	SEQC	permutation	
4477.0	-0.1089365198564427	SEQC	permutation	
4478.0	0.03471171541603146	SEQC	permutation	
4479.0	-0.0018267274129279976	SEQC	permutation	
4480.0	-0.03381635381063486	SEQC	permutation	
4481.0	-0.09962152858507523	SEQC	permutation	
4482.0	0.2113976236790136	SEQC	permutation	
4483.0	-0.027726887654083487	SEQC	permutation	
4484.0	0.060270077112325904	SEQC	permutation	
4485.0	-0.12083825433531059	SEQC	permutation	
4486.0	0.187394696544672	SEQC	permutation	
4487.0	-0.0002896731935262409	SEQC	permutation	
4488.0	0.05322906921221904	SEQC	permutation	
4489.0	0.0899580884846305	SEQC	permutation	
4490.0	-0.09120316597331701	SEQC	permutation	
4491.0	0.1631514831142722	SEQC	permutation	
4492.0	0.06685556596430553	SEQC	permutation	
4493.0	-0.11097703509170564	SEQC	permutation	
4494.0	0.009795734674213907	SEQC	permutation	
4495.0	0.09499050284336974	SEQC	permutation	
4496.0	-0.04124372432235912	SEQC	permutation	
4497.0	-0.014001929868282748	SEQC	permutation	
4498.0	-0.01066259892631738	SEQC	permutation	
4499.0	-0.009414736620057429	SEQC	permutation	
4500.0	0.05224254344977419	SEQC	permutation	
4501.0	0.15822215995386824	SEQC	permutation	
4502.0	0.03990394977620415	SEQC	permutation	
4503.0	-0.1221256902099821	SEQC	permutation	
4504.0	-0.17906135319898953	SEQC	permutation	
4505.0	0.0003926945508068158	SEQC	permutation	
4506.0	0.06650727984433669	SEQC	permutation	
4507.0	-0.0032505723199105496	SEQC	permutation	
4508.0	-0.03550536289317785	SEQC	permutation	
4509.0	0.15228829096423402	SEQC	permutation	
4510.0	-0.13494670468698988	SEQC	permutation	
4511.0	0.0590443947454502	SEQC	permutation	
4512.0	0.022559557786914652	SEQC	permutation	
4513.0	-0.06793712846026789	SEQC	permutation	
4514.0	-0.04602050562246518	SEQC	permutation	
4515.0	0.13945979464719604	SEQC	permutation	
4516.0	0.06306701723348063	SEQC	permutation	
4517.0	-0.007792308129185077	SEQC	permutation	
4518.0	-0.016814768141127256	SEQC	permutation	
4519.0	0.04533606024143699	SEQC	permutation	
4520.0	-0.013278092624477544	SEQC	permutation	
4521.0	-0.09058301771207322	SEQC	permutation	
4522.0	-0.024895790927779604	SEQC	permutation	
4523.0	-0.03426945684921057	SEQC	permutation	
4524.0	-0.07956418965595669	SEQC	permutation	
4525.0	-0.10141400391399236	SEQC	permutation	
4526.0	0.038368787847402164	SEQC	permutation	
4527.0	0.08673413053926415	SEQC	permutation	
4528.0	0.0282069177957478	SEQC	permutation	
4529.0	-0.09987009804746583	SEQC	permutation	
4530.0	0.010649200807244075	SEQC	permutation	
4531.0	-0.2871271352860587	SEQC	permutation	
4532.0	-0.12000073642463427	SEQC	permutation	
4533.0	0.07483846133543537	SEQC	permutation	
4534.0	-0.14830238856293843	SEQC	permutation	
4535.0	-0.19669907235804684	SEQC	permutation	
4536.0	0.010902579711641547	SEQC	permutation	
4537.0	-0.1620912290087051	SEQC	permutation	
4538.0	-0.08718103775975239	SEQC	permutation	
4539.0	0.06753404363894822	SEQC	permutation	
4540.0	0.017265088116173555	SEQC	permutation	
4541.0	0.03925103160583987	SEQC	permutation	
4542.0	0.08206971134455676	SEQC	permutation	
4543.0	0.057181359541318866	SEQC	permutation	
4544.0	-0.026133330715207848	SEQC	permutation	
4545.0	-0.16674209002403373	SEQC	permutation	
4546.0	0.16485893206803404	SEQC	permutation	
4547.0	-0.0023639442330374294	SEQC	permutation	
4548.0	-0.07122186607223924	SEQC	permutation	
4549.0	-0.036898611539371906	SEQC	permutation	
4550.0	-0.026689797195211362	SEQC	permutation	
4551.0	-0.012134466133827182	SEQC	permutation	
4552.0	-0.15179909618711562	SEQC	permutation	
4553.0	0.2694306189887574	SEQC	permutation	
4554.0	-0.008283743834515356	SEQC	permutation	
4555.0	-0.054431314828994104	SEQC	permutation	
4556.0	-0.052685895617994305	SEQC	permutation	
4557.0	0.09555693049739089	SEQC	permutation	
4558.0	-0.09067444250148338	SEQC	permutation	
4559.0	-0.15526723512910579	SEQC	permutation	
4560.0	-0.012028437218871257	SEQC	permutation	
4561.0	-0.018495350460720594	SEQC	permutation	
4562.0	-0.14772577980741808	SEQC	permutation	
4563.0	0.11756913333661823	SEQC	permutation	
4564.0	0.007656374629060103	SEQC	permutation	
4565.0	-0.10531504039394202	SEQC	permutation	
4566.0	0.04876168317694063	SEQC	permutation	
4567.0	-0.26677812219080543	SEQC	permutation	
4568.0	-0.07024988646942587	SEQC	permutation	
4569.0	0.09576526628864102	SEQC	permutation	
4570.0	0.04884538458641963	SEQC	permutation	
4571.0	-0.01899859022631878	SEQC	permutation	
4572.0	-0.0332878313454219	SEQC	permutation	
4573.0	0.026431775339973207	SEQC	permutation	
4574.0	-0.024474972728740774	SEQC	permutation	
4575.0	-0.02490269587735172	SEQC	permutation	
4576.0	0.0033205198536188085	SEQC	permutation	
4577.0	-0.16574017850287248	SEQC	permutation	
4578.0	-0.057667855506152055	SEQC	permutation	
4579.0	-0.09039354416748413	SEQC	permutation	
4580.0	0.024059535083023498	SEQC	permutation	
4581.0	-0.17646603800977712	SEQC	permutation	
4582.0	-0.07711527871816992	SEQC	permutation	
4583.0	-0.011561298937939224	SEQC	permutation	
4584.0	0.058700004400421335	SEQC	permutation	
4585.0	0.008037207056862172	SEQC	permutation	
4586.0	0.13382741843585677	SEQC	permutation	
4587.0	0.07499489208549948	SEQC	permutation	
4588.0	0.07576198269660761	SEQC	permutation	
4589.0	-0.08628891714630349	SEQC	permutation	
4590.0	0.004431616648572945	SEQC	permutation	
4591.0	-0.2342726793972787	SEQC	permutation	
4592.0	-0.014021754783118734	SEQC	permutation	
4593.0	0.05486458392888105	SEQC	permutation	
4594.0	0.07067010290902553	SEQC	permutation	
4595.0	0.10165028602223325	SEQC	permutation	
4596.0	-0.07534631212606113	SEQC	permutation	
4597.0	0.09288619635846151	SEQC	permutation	
4598.0	0.12229292469228659	SEQC	permutation	
4599.0	0.23754004371864168	SEQC	permutation	
4600.0	0.008873855404431641	SEQC	permutation	
4601.0	0.15209069583804746	SEQC	permutation	
4602.0	0.05790936527108537	SEQC	permutation	
4603.0	-0.026486824647492302	SEQC	permutation	
4604.0	-0.06434974373632096	SEQC	permutation	
4605.0	-0.008895824135266572	SEQC	permutation	
4606.0	0.03724434636783425	SEQC	permutation	
4607.0	0.08746089457916373	SEQC	permutation	
4608.0	0.05840322530094699	SEQC	permutation	
4609.0	-0.032989007310450624	SEQC	permutation	
4610.0	0.011153015013499079	SEQC	permutation	
4611.0	-0.1674595933292271	SEQC	permutation	
4612.0	-0.005866183193454333	SEQC	permutation	
4613.0	0.08018662005796351	SEQC	permutation	
4614.0	0.12640521802678384	SEQC	permutation	
4615.0	-0.0027519436712464262	SEQC	permutation	
4616.0	0.16927307776076228	SEQC	permutation	
4617.0	0.019956831478236126	SEQC	permutation	
4618.0	0.11391950405698603	SEQC	permutation	
4619.0	0.10240222558311718	SEQC	permutation	
4620.0	0.17011559545825605	SEQC	permutation	
4621.0	-0.03496281640497534	SEQC	permutation	
4622.0	-0.10497704396250862	SEQC	permutation	
4623.0	0.03559578444912148	SEQC	permutation	
4624.0	-0.05514366261278658	SEQC	permutation	
4625.0	-0.057579941722723404	SEQC	permutation	
4626.0	-0.06527891093231775	SEQC	permutation	
4627.0	0.1059893567214254	SEQC	permutation	
4628.0	0.17239798083104585	SEQC	permutation	
4629.0	0.0730074067798534	SEQC	permutation	
4630.0	-0.15945567984748044	SEQC	permutation	
4631.0	-0.09216387197511144	SEQC	permutation	
4632.0	0.13111594820361772	SEQC	permutation	
4633.0	-0.08254334324986257	SEQC	permutation	
4634.0	-0.10751559911067776	SEQC	permutation	
4635.0	-0.12068378052895756	SEQC	permutation	
4636.0	-0.19008375128644683	SEQC	permutation	
4637.0	0.05733818730469098	SEQC	permutation	
4638.0	0.0740350694634282	SEQC	permutation	
4639.0	-0.1667820177539916	SEQC	permutation	
4640.0	-0.01698638116902451	SEQC	permutation	
4641.0	-0.060580802558067415	SEQC	permutation	
4642.0	-0.14060101626539856	SEQC	permutation	
4643.0	-0.06322647001696291	SEQC	permutation	
4644.0	-0.20276779850696203	SEQC	permutation	
4645.0	0.17761068595650054	SEQC	permutation	
4646.0	-0.16676854730672686	SEQC	permutation	
4647.0	-0.1847249905297046	SEQC	permutation	
4648.0	-0.03642514060765745	SEQC	permutation	
4649.0	-0.07469543354091623	SEQC	permutation	
4650.0	-0.024861351923694208	SEQC	permutation	
4651.0	0.20947513775832816	SEQC	permutation	
4652.0	0.03178719612432612	SEQC	permutation	
4653.0	0.011756570014428203	SEQC	permutation	
4654.0	-0.17049909649311834	SEQC	permutation	
4655.0	-0.021733192720220007	SEQC	permutation	
4656.0	0.11469431437525346	SEQC	permutation	
4657.0	0.13492251538000266	SEQC	permutation	
4658.0	-0.057276013059278874	SEQC	permutation	
4659.0	-0.16964012686667118	SEQC	permutation	
4660.0	-0.22087469526064707	SEQC	permutation	
4661.0	0.16434003627698157	SEQC	permutation	
4662.0	-0.014859272518870092	SEQC	permutation	
4663.0	0.01026408980051663	SEQC	permutation	
4664.0	0.1312721767730829	SEQC	permutation	
4665.0	-0.03772601190566327	SEQC	permutation	
4666.0	0.05836118333167706	SEQC	permutation	
4667.0	-0.030448262260355463	SEQC	permutation	
4668.0	-0.04728368418477347	SEQC	permutation	
4669.0	-0.03135345147709767	SEQC	permutation	
4670.0	-0.08647371300143325	SEQC	permutation	
4671.0	0.038583673788006756	SEQC	permutation	
4672.0	0.11987805956957498	SEQC	permutation	
4673.0	-0.06019256786392235	SEQC	permutation	
4674.0	-0.09392577056019746	SEQC	permutation	
4675.0	0.17622838787884065	SEQC	permutation	
4676.0	0.06287484521862696	SEQC	permutation	
4677.0	0.08024675849709073	SEQC	permutation	
4678.0	-0.060745817554971104	SEQC	permutation	
4679.0	0.15464133334283492	SEQC	permutation	
4680.0	-0.17329324991304196	SEQC	permutation	
4681.0	0.02659131025642436	SEQC	permutation	
4682.0	-0.11469684722347218	SEQC	permutation	
4683.0	-0.07181238622717068	SEQC	permutation	
4684.0	-0.006367696706159887	SEQC	permutation	
4685.0	-0.03271029431853956	SEQC	permutation	
4686.0	0.09334372431627136	SEQC	permutation	
4687.0	0.013989407327695158	SEQC	permutation	
4688.0	0.03627529561062026	SEQC	permutation	
4689.0	-0.16767673969136254	SEQC	permutation	
4690.0	-0.006758440779746966	SEQC	permutation	
4691.0	-0.13008634793312446	SEQC	permutation	
4692.0	-0.04425301530079473	SEQC	permutation	
4693.0	-0.11166213917675805	SEQC	permutation	
4694.0	-0.29486246337210353	SEQC	permutation	
4695.0	-0.06321078683291814	SEQC	permutation	
4696.0	-0.10364545972420203	SEQC	permutation	
4697.0	0.3012510738989578	SEQC	permutation	
4698.0	-0.16517042582886132	SEQC	permutation	
4699.0	0.14815932781847074	SEQC	permutation	
4700.0	0.05237901896472996	SEQC	permutation	
4701.0	0.030038655918767088	SEQC	permutation	
4702.0	-0.06369871643562286	SEQC	permutation	
4703.0	0.1198735255199046	SEQC	permutation	
4704.0	0.058085875845971024	SEQC	permutation	
4705.0	0.08061160488104324	SEQC	permutation	
4706.0	-0.0608901116896976	SEQC	permutation	
4707.0	-0.04417188624041257	SEQC	permutation	
4708.0	-0.013670199567850982	SEQC	permutation	
4709.0	-0.16644086645270262	SEQC	permutation	
4710.0	-0.07251008932639769	SEQC	permutation	
4711.0	-0.010456786945088226	SEQC	permutation	
4712.0	0.0836811660717447	SEQC	permutation	
4713.0	-0.025572514612216768	SEQC	permutation	
4714.0	-0.030548284485117705	SEQC	permutation	
4715.0	0.11499983166009198	SEQC	permutation	
4716.0	-0.0492342315670804	SEQC	permutation	
4717.0	-0.0038086767782123943	SEQC	permutation	
4718.0	0.027687038745023873	SEQC	permutation	
4719.0	-0.028698215322959797	SEQC	permutation	
4720.0	0.03841147958305147	SEQC	permutation	
4721.0	0.23870364520041898	SEQC	permutation	
4722.0	-0.12011661616921865	SEQC	permutation	
4723.0	0.005610868154995785	SEQC	permutation	
4724.0	-0.09237804700171459	SEQC	permutation	
4725.0	-0.08471791359665293	SEQC	permutation	
4726.0	0.20175601849110647	SEQC	permutation	
4727.0	-0.002200004977418679	SEQC	permutation	
4728.0	0.14181599586749583	SEQC	permutation	
4729.0	0.1224825217832648	SEQC	permutation	
4730.0	-0.24654479629248627	SEQC	permutation	
4731.0	0.017365126962034072	SEQC	permutation	
4732.0	0.008551111416363444	SEQC	permutation	
4733.0	0.026352849252251787	SEQC	permutation	
4734.0	-0.013994990795610729	SEQC	permutation	
4735.0	0.027225600990860244	SEQC	permutation	
4736.0	0.05205241430653107	SEQC	permutation	
4737.0	0.1046071316683701	SEQC	permutation	
4738.0	-0.2889184879926612	SEQC	permutation	
4739.0	-0.12002773750282536	SEQC	permutation	
4740.0	-0.1173458729470771	SEQC	permutation	
4741.0	-0.03472230966758527	SEQC	permutation	
4742.0	-0.21909535115207746	SEQC	permutation	
4743.0	-0.14219858466405055	SEQC	permutation	
4744.0	-0.08666292643963303	SEQC	permutation	
4745.0	-0.20492695167688524	SEQC	permutation	
4746.0	-0.17289463320000165	SEQC	permutation	
4747.0	0.1467852573571009	SEQC	permutation	
4748.0	-0.10012738063993076	SEQC	permutation	
4749.0	-0.12081523121761606	SEQC	permutation	
4750.0	-0.027609506813741636	SEQC	permutation	
4751.0	0.011857158850542948	SEQC	permutation	
4752.0	-0.10910290689661384	SEQC	permutation	
4753.0	0.11927577743472106	SEQC	permutation	
4754.0	0.08753583489177075	SEQC	permutation	
4755.0	0.08326176478528158	SEQC	permutation	
4756.0	-0.009716554119926002	SEQC	permutation	
4757.0	-0.1369124358156193	SEQC	permutation	
4758.0	-0.09711923891994001	SEQC	permutation	
4759.0	-0.19557635257970052	SEQC	permutation	
4760.0	0.13232723389332435	SEQC	permutation	
4761.0	0.03375030170474158	SEQC	permutation	
4762.0	-0.014560925897777466	SEQC	permutation	
4763.0	-0.07553774232608701	SEQC	permutation	
4764.0	-0.04917755371262267	SEQC	permutation	
4765.0	-0.19644250774117822	SEQC	permutation	
4766.0	-0.00957364763291002	SEQC	permutation	
4767.0	0.11132615650519906	SEQC	permutation	
4768.0	0.14530666058468267	SEQC	permutation	
4769.0	-0.0010389187313459836	SEQC	permutation	
4770.0	-0.009563894646263726	SEQC	permutation	
4771.0	-0.10743951909159177	SEQC	permutation	
4772.0	0.09241570487047257	SEQC	permutation	
4773.0	0.0616632482027728	SEQC	permutation	
4774.0	0.13291161964188491	SEQC	permutation	
4775.0	-0.09964222416346713	SEQC	permutation	
4776.0	0.09051168879946658	SEQC	permutation	
4777.0	-0.02385733471316387	SEQC	permutation	
4778.0	-0.06786364471027184	SEQC	permutation	
4779.0	0.17986700138226963	SEQC	permutation	
4780.0	-0.10486024974056063	SEQC	permutation	
4781.0	-0.19445468229438934	SEQC	permutation	
4782.0	0.03355419553609451	SEQC	permutation	
4783.0	0.0034951213643510393	SEQC	permutation	
4784.0	0.025152997905714347	SEQC	permutation	
4785.0	0.08240065366055482	SEQC	permutation	
4786.0	0.03522751944754976	SEQC	permutation	
4787.0	0.14397506143779637	SEQC	permutation	
4788.0	-0.26178195608999566	SEQC	permutation	
4789.0	0.040334690066022194	SEQC	permutation	
4790.0	-0.005088293032040614	SEQC	permutation	
4791.0	0.0684261406075155	SEQC	permutation	
4792.0	-0.04401242101585501	SEQC	permutation	
4793.0	0.028983045367428684	SEQC	permutation	
4794.0	0.07968494680102545	SEQC	permutation	
4795.0	-0.004225397846770562	SEQC	permutation	
4796.0	0.10991229048841733	SEQC	permutation	
4797.0	0.037038510677831926	SEQC	permutation	
4798.0	-0.09690882751177199	SEQC	permutation	
4799.0	-0.015258942286670685	SEQC	permutation	
4800.0	-0.10115478545378354	SEQC	permutation	
4801.0	-0.21023921370955811	SEQC	permutation	
4802.0	0.20448739203598487	SEQC	permutation	
4803.0	-0.10669357504643084	SEQC	permutation	
4804.0	-0.28580430870496887	SEQC	permutation	
4805.0	0.10842563225688373	SEQC	permutation	
4806.0	-0.05835405262859883	SEQC	permutation	
4807.0	-0.2998516782077587	SEQC	permutation	
4808.0	0.0696533003155424	SEQC	permutation	
4809.0	-0.10458631010215713	SEQC	permutation	
4810.0	-0.018186480950028283	SEQC	permutation	
4811.0	0.14638210301456134	SEQC	permutation	
4812.0	-0.004561211791968667	SEQC	permutation	
4813.0	-0.021730994574983065	SEQC	permutation	
4814.0	0.01595857944284651	SEQC	permutation	
4815.0	-0.23906765958777276	SEQC	permutation	
4816.0	-0.12105511326600293	SEQC	permutation	
4817.0	-0.1231416597518531	SEQC	permutation	
4818.0	0.21536005681128412	SEQC	permutation	
4819.0	0.016567832214121836	SEQC	permutation	
4820.0	-0.11930128966696385	SEQC	permutation	
4821.0	0.13238276798494164	SEQC	permutation	
4822.0	0.2034723235851188	SEQC	permutation	
4823.0	0.03752807697661176	SEQC	permutation	
4824.0	0.0468786609056675	SEQC	permutation	
4825.0	-0.05380799620716781	SEQC	permutation	
4826.0	-0.0028724813937741622	SEQC	permutation	
4827.0	0.09698383881023531	SEQC	permutation	
4828.0	-0.20974286635954886	SEQC	permutation	
4829.0	-0.25153733868501016	SEQC	permutation	
4830.0	-0.0718307228970958	SEQC	permutation	
4831.0	0.020961542458960203	SEQC	permutation	
4832.0	-0.07069318427485038	SEQC	permutation	
4833.0	0.04066069842983566	SEQC	permutation	
4834.0	0.0846463176707708	SEQC	permutation	
4835.0	-0.10881242494641175	SEQC	permutation	
4836.0	-0.10175465676143958	SEQC	permutation	
4837.0	0.0706627169070071	SEQC	permutation	
4838.0	0.07595146843019673	SEQC	permutation	
4839.0	-0.014276249618773384	SEQC	permutation	
4840.0	0.1967925325984572	SEQC	permutation	
4841.0	0.14306146841899992	SEQC	permutation	
4842.0	0.09424628809040092	SEQC	permutation	
4843.0	0.13306536812276715	SEQC	permutation	
4844.0	-0.196850355950009	SEQC	permutation	
4845.0	0.020009663467460914	SEQC	permutation	
4846.0	0.07231997988776984	SEQC	permutation	
4847.0	0.16714094318044515	SEQC	permutation	
4848.0	-0.1143201259254174	SEQC	permutation	
4849.0	0.011727840667179912	SEQC	permutation	
4850.0	0.04801019704074072	SEQC	permutation	
4851.0	-0.08197750675330973	SEQC	permutation	
4852.0	-0.18527837642225053	SEQC	permutation	
4853.0	-0.07018798539320192	SEQC	permutation	
4854.0	0.15138302353442468	SEQC	permutation	
4855.0	-0.013547235176330386	SEQC	permutation	
4856.0	0.003338350110962729	SEQC	permutation	
4857.0	-0.13103061177055908	SEQC	permutation	
4858.0	-0.13028259987977098	SEQC	permutation	
4859.0	-0.02636741931778941	SEQC	permutation	
4860.0	0.23619423386866378	SEQC	permutation	
4861.0	0.06842909711273926	SEQC	permutation	
4862.0	0.18322274845316588	SEQC	permutation	
4863.0	0.0066817000673720095	SEQC	permutation	
4864.0	-0.09261826422679276	SEQC	permutation	
4865.0	-0.005425834074866298	SEQC	permutation	
4866.0	0.15359187185030265	SEQC	permutation	
4867.0	-0.02186262780516879	SEQC	permutation	
4868.0	0.026025187768361047	SEQC	permutation	
4869.0	0.08080269780415916	SEQC	permutation	
4870.0	0.21193643653763505	SEQC	permutation	
4871.0	0.04819741744492134	SEQC	permutation	
4872.0	0.20876551894312856	SEQC	permutation	
4873.0	-0.15490727523971692	SEQC	permutation	
4874.0	-0.025185711240447883	SEQC	permutation	
4875.0	0.051046840374568525	SEQC	permutation	
4876.0	0.08916742594158222	SEQC	permutation	
4877.0	-0.06276129343469883	SEQC	permutation	
4878.0	0.024890647497133322	SEQC	permutation	
4879.0	-0.09067420054602238	SEQC	permutation	
4880.0	-0.1062142853910153	SEQC	permutation	
4881.0	0.07412804781097115	SEQC	permutation	
4882.0	0.0054984344517787775	SEQC	permutation	
4883.0	-0.02286253216759171	SEQC	permutation	
4884.0	-0.08113455072515174	SEQC	permutation	
4885.0	0.0221164200361752	SEQC	permutation	
4886.0	0.18545530186217762	SEQC	permutation	
4887.0	-0.020051571667179413	SEQC	permutation	
4888.0	0.045953381201726096	SEQC	permutation	
4889.0	0.09012301835823422	SEQC	permutation	
4890.0	-0.030312388874015994	SEQC	permutation	
4891.0	-0.13622164813815196	SEQC	permutation	
4892.0	0.06659363365342452	SEQC	permutation	
4893.0	0.08145103870237946	SEQC	permutation	
4894.0	-0.14048557371266668	SEQC	permutation	
4895.0	0.011248779413888688	SEQC	permutation	
4896.0	-0.13037136330213084	SEQC	permutation	
4897.0	-0.17415907739247816	SEQC	permutation	
4898.0	-0.07811174673927246	SEQC	permutation	
4899.0	-0.010399854449034684	SEQC	permutation	
4900.0	-0.1324340729103275	SEQC	permutation	
4901.0	-0.05716227549973896	SEQC	permutation	
4902.0	-0.13830262901159784	SEQC	permutation	
4903.0	-0.16548507701681858	SEQC	permutation	
4904.0	-0.10509497278419344	SEQC	permutation	
4905.0	-0.030666821820939827	SEQC	permutation	
4906.0	-0.07958687413126686	SEQC	permutation	
4907.0	0.0538998799299053	SEQC	permutation	
4908.0	-0.14671628321159869	SEQC	permutation	
4909.0	0.27854052451128597	SEQC	permutation	
4910.0	0.044220643883214006	SEQC	permutation	
4911.0	-0.028035979552543555	SEQC	permutation	
4912.0	0.05512032884366125	SEQC	permutation	
4913.0	0.12231303686052586	SEQC	permutation	
4914.0	-0.04639871391501993	SEQC	permutation	
4915.0	-0.09708173113101681	SEQC	permutation	
4916.0	0.23975747560414495	SEQC	permutation	
4917.0	-0.03415566282305438	SEQC	permutation	
4918.0	-0.21348293489593706	SEQC	permutation	
4919.0	-0.0655748600686108	SEQC	permutation	
4920.0	-0.022432203197011003	SEQC	permutation	
4921.0	-0.1795132057824742	SEQC	permutation	
4922.0	-0.16704707592668422	SEQC	permutation	
4923.0	-0.022071994126017014	SEQC	permutation	
4924.0	-0.18280878005791967	SEQC	permutation	
4925.0	0.13212170376781662	SEQC	permutation	
4926.0	-0.0297892170990246	SEQC	permutation	
4927.0	-0.03920720668446798	SEQC	permutation	
4928.0	0.13040765805023868	SEQC	permutation	
4929.0	-0.060978415218028825	SEQC	permutation	
4930.0	-0.027668167504123264	SEQC	permutation	
4931.0	-0.0457713181101278	SEQC	permutation	
4932.0	-0.08598805720339664	SEQC	permutation	
4933.0	-0.05061997830264531	SEQC	permutation	
4934.0	-0.15916670502230712	SEQC	permutation	
4935.0	0.011942664195535357	SEQC	permutation	
4936.0	-0.04797567353300902	SEQC	permutation	
4937.0	0.07504860896336796	SEQC	permutation	
4938.0	0.10697712403268289	SEQC	permutation	
4939.0	0.07260076840486951	SEQC	permutation	
4940.0	-0.14358612965375883	SEQC	permutation	
4941.0	-0.185922108665042	SEQC	permutation	
4942.0	0.07737697100569241	SEQC	permutation	
4943.0	-0.1370766986154619	SEQC	permutation	
4944.0	0.007393108718221075	SEQC	permutation	
4945.0	-0.009690118797033076	SEQC	permutation	
4946.0	-0.09871533357740514	SEQC	permutation	
4947.0	0.017189276897799477	SEQC	permutation	
4948.0	0.025949309162701883	SEQC	permutation	
4949.0	0.012251891429658102	SEQC	permutation	
4950.0	-0.2629634422868583	SEQC	permutation	
4951.0	-0.11440364552269511	SEQC	permutation	
4952.0	-0.0588005393767288	SEQC	permutation	
4953.0	-0.174474692849111	SEQC	permutation	
4954.0	0.018012998226274224	SEQC	permutation	
4955.0	0.007009744489069103	SEQC	permutation	
4956.0	0.11396261259436313	SEQC	permutation	
4957.0	-0.1778327641424009	SEQC	permutation	
4958.0	0.024541517075426622	SEQC	permutation	
4959.0	0.03969176459393253	SEQC	permutation	
4960.0	-0.033705874738100494	SEQC	permutation	
4961.0	0.17879655532488536	SEQC	permutation	
4962.0	-0.09425272255007577	SEQC	permutation	
4963.0	0.04151740575964391	SEQC	permutation	
4964.0	-0.12370096606784786	SEQC	permutation	
4965.0	-0.036042543288781204	SEQC	permutation	
4966.0	-0.006587273747435507	SEQC	permutation	
4967.0	0.11131630331400544	SEQC	permutation	
4968.0	-0.09276355704845951	SEQC	permutation	
4969.0	-0.06769839195260596	SEQC	permutation	
4970.0	-0.007784691921801201	SEQC	permutation	
4971.0	0.021922015173809317	SEQC	permutation	
4972.0	0.06262657880666023	SEQC	permutation	
4973.0	-0.16855086180354562	SEQC	permutation	
4974.0	0.08345352156365893	SEQC	permutation	
4975.0	0.07378109625826834	SEQC	permutation	
4976.0	-0.09897168316606297	SEQC	permutation	
4977.0	-0.08584077573313253	SEQC	permutation	
4978.0	-0.05385010334388873	SEQC	permutation	
4979.0	9.921798052081598e-05	SEQC	permutation	
4980.0	-0.012965567877738948	SEQC	permutation	
4981.0	0.0846693554225868	SEQC	permutation	
4982.0	0.1483886686461755	SEQC	permutation	
4983.0	0.0837994742668502	SEQC	permutation	
4984.0	0.14426439129913415	SEQC	permutation	
4985.0	-0.06100395881882692	SEQC	permutation	
4986.0	0.22661392402703795	SEQC	permutation	
4987.0	-0.17399750906368627	SEQC	permutation	
4988.0	0.07571559367538594	SEQC	permutation	
4989.0	0.21699726655434404	SEQC	permutation	
4990.0	-0.030945131483590682	SEQC	permutation	
4991.0	0.1931756672113507	SEQC	permutation	
4992.0	-0.14060790269327272	SEQC	permutation	
4993.0	-0.16325852480646708	SEQC	permutation	
4994.0	0.04246756047730749	SEQC	permutation	
4995.0	-0.16439280530531164	SEQC	permutation	
4996.0	-0.18326115509355478	SEQC	permutation	
4997.0	0.08203086168649598	SEQC	permutation	
4998.0	0.1050670483172329	SEQC	permutation	
4999.0	-0.0631607801564118	SEQC	permutation	
5000.0	0.23887548490740906	SEQC	permutation	
	0.06949716540132389	SEQC	bootstrap	1.0
	0.19009677437340367	SEQC	bootstrap	2.0
	0.14178515039190742	SEQC	bootstrap	3.0
	0.18230676376856358	SEQC	bootstrap	4.0
	0.2638576472772156	SEQC	bootstrap	5.0
	0.22915278792569937	SEQC	bootstrap	6.0
	0.213180084074164	SEQC	bootstrap	7.0
	0.018877882479755748	SEQC	bootstrap	8.0
	0.14379161024757448	SEQC	bootstrap	9.0
	0.10751554473186964	SEQC	bootstrap	10.0
	0.2476330605590702	SEQC	bootstrap	11.0
	0.06889615530788751	SEQC	bootstrap	12.0
	0.17667391966227353	SEQC	bootstrap	13.0
	0.192267658623817	SEQC	bootstrap	14.0
	-0.03238156573930162	SEQC	bootstrap	15.0
	0.21206550082175735	SEQC	bootstrap	16.0
	0.2281413797194216	SEQC	bootstrap	17.0
	0.04614726698475602	SEQC	bootstrap	18.0
	0.3537089402602436	SEQC	bootstrap	19.0
	0.1613642486847846	SEQC	bootstrap	20.0
	0.03166763972016673	SEQC	bootstrap	21.0
	0.3116080175714946	SEQC	bootstrap	22.0
	0.12027464033413393	SEQC	bootstrap	23.0
	0.2219413545362472	SEQC	bootstrap	24.0
	0.32875831591103655	SEQC	bootstrap	25.0
	0.1098692884061161	SEQC	bootstrap	26.0
	0.08416121346646843	SEQC	bootstrap	27.0
	0.34995494905616154	SEQC	bootstrap	28.0
	0.02585883646105236	SEQC	bootstrap	29.0
	0.27066601744685803	SEQC	bootstrap	30.0
	0.20722797605225907	SEQC	bootstrap	31.0
	0.25412111674111904	SEQC	bootstrap	32.0
	0.1876604260864143	SEQC	bootstrap	33.0
	0.15223983245258665	SEQC	bootstrap	34.0
	0.17301431856682603	SEQC	bootstrap	35.0
	0.0639115478715393	SEQC	bootstrap	36.0
	0.19022986298620648	SEQC	bootstrap	37.0
	-0.05681036437695308	SEQC	bootstrap	38.0
	0.2480334997470277	SEQC	bootstrap	39.0
	0.15544751736095952	SEQC	bootstrap	40.0
	0.13319987412462675	SEQC	bootstrap	41.0
	0.12799460913337946	SEQC	bootstrap	42.0
	0.20309636356749516	SEQC	bootstrap	43.0
	0.03637996266315824	SEQC	bootstrap	44.0
	0.16901948608990525	SEQC	bootstrap	45.0
	0.32669052044795555	SEQC	bootstrap	46.0
	0.10969286335057893	SEQC	bootstrap	47.0
	0.07489312981088192	SEQC	bootstrap	48.0
	0.20000528308302234	SEQC	bootstrap	49.0
	0.20955498613031232	SEQC	bootstrap	50.0
	-0.013420080683371527	SEQC	bootstrap	51.0
	0.17396255822178608	SEQC	bootstrap	52.0
	0.08218920804945062	SEQC	bootstrap	53.0
	0.15615121407601684	SEQC	bootstrap	54.0
	0.23654772578086636	SEQC	bootstrap	55.0
	0.12131727973236162	SEQC	bootstrap	56.0
	0.12108756246370023	SEQC	bootstrap	57.0
	0.21604701697436557	SEQC	bootstrap	58.0
	0.15488356956636773	SEQC	bootstrap	59.0
	0.04611017548109109	SEQC	bootstrap	60.0
	0.10121466383305577	SEQC	bootstrap	61.0
	0.0673056088088404	SEQC	bootstrap	62.0
	0.22244734289650037	SEQC	bootstrap	63.0
	0.18663319996486694	SEQC	bootstrap	64.0
	0.08793059790056335	SEQC	bootstrap	65.0
	0.21074506251625458	SEQC	bootstrap	66.0
	0.27753695707072445	SEQC	bootstrap	67.0
	0.06894113772761079	SEQC	bootstrap	68.0
	0.07460600990041089	SEQC	bootstrap	69.0
	0.13080333046379122	SEQC	bootstrap	70.0
	0.1660348974663104	SEQC	bootstrap	71.0
	-0.0004890438719500345	SEQC	bootstrap	72.0
	0.3708221196731363	SEQC	bootstrap	73.0
	0.03801082603768213	SEQC	bootstrap	74.0
	0.06820708658649988	SEQC	bootstrap	75.0
	0.018375150163945086	SEQC	bootstrap	76.0
	0.27718677216428755	SEQC	bootstrap	77.0
	0.2592520641372462	SEQC	bootstrap	78.0
	0.0920456774125551	SEQC	bootstrap	79.0
	0.15562642476852062	SEQC	bootstrap	80.0
	-0.0852711878571597	SEQC	bootstrap	81.0
	0.0707046187143554	SEQC	bootstrap	82.0
	0.19946839298905683	SEQC	bootstrap	83.0
	-0.03461024205108876	SEQC	bootstrap	84.0
	-0.06865450586851285	SEQC	bootstrap	85.0
	0.20986060180879074	SEQC	bootstrap	86.0
	0.019586983694968474	SEQC	bootstrap	87.0
	0.2016449383647223	SEQC	bootstrap	88.0
	0.16299163577008224	SEQC	bootstrap	89.0
	0.26629033224092735	SEQC	bootstrap	90.0
	0.2682788839638577	SEQC	bootstrap	91.0
	0.28725322721115853	SEQC	bootstrap	92.0
	0.1830857658541971	SEQC	bootstrap	93.0
	0.245604898163708	SEQC	bootstrap	94.0
	-0.13306849634125584	SEQC	bootstrap	95.0
	0.12584005002239085	SEQC	bootstrap	96.0
	0.022001093646990544	SEQC	bootstrap	97.0
	-0.030757879008878497	SEQC	bootstrap	98.0
	0.2811858108765213	SEQC	bootstrap	99.0
	0.19320082735673738	SEQC	bootstrap	100.0
	0.31496882560405215	SEQC	bootstrap	101.0
	-0.05991265989825445	SEQC	bootstrap	102.0
	0.06344627465285768	SEQC	bootstrap	103.0
	-0.046429236967883813	SEQC	bootstrap	104.0
	0.11879073950611785	SEQC	bootstrap	105.0
	0.13927083201800938	SEQC	bootstrap	106.0
	0.04163029936342211	SEQC	bootstrap	107.0
	0.2381277781963025	SEQC	bootstrap	108.0
	0.15032418215265242	SEQC	bootstrap	109.0
	0.08872734421778494	SEQC	bootstrap	110.0
	0.05537671137201361	SEQC	bootstrap	111.0
	0.29926499502084614	SEQC	bootstrap	112.0
	0.053728159154526	SEQC	bootstrap	113.0
	0.0709565665136882	SEQC	bootstrap	114.0
	0.15951396528432982	SEQC	bootstrap	115.0
	0.027278157450187912	SEQC	bootstrap	116.0
	0.06767533357671507	SEQC	bootstrap	117.0
	0.1740360729053414	SEQC	bootstrap	118.0
	0.17532889061955137	SEQC	bootstrap	119.0
	0.11591328096203757	SEQC	bootstrap	120.0
	0.01871724704419231	SEQC	bootstrap	121.0
	0.21237866161478225	SEQC	bootstrap	122.0
	0.10840777041837857	SEQC	bootstrap	123.0
	0.1939199056397607	SEQC	bootstrap	124.0
	0.018854659819633746	SEQC	bootstrap	125.0
	0.1534147337070877	SEQC	bootstrap	126.0
	0.1265542906437349	SEQC	bootstrap	127.0
	0.04574835169143476	SEQC	bootstrap	128.0
	0.19269021933613706	SEQC	bootstrap	129.0
	0.08590690623728348	SEQC	bootstrap	130.0
	0.10037355831521477	SEQC	bootstrap	131.0
	0.18797045519655553	SEQC	bootstrap	132.0
	0.23305155426392865	SEQC	bootstrap	133.0
	0.1289459169723175	SEQC	bootstrap	134.0
	0.07897750079357291	SEQC	bootstrap	135.0
	0.1809579907789698	SEQC	bootstrap	136.0
	0.11931212480085307	SEQC	bootstrap	137.0
	0.2026214938660904	SEQC	bootstrap	138.0
	0.22225628899648742	SEQC	bootstrap	139.0
	0.1100629728979241	SEQC	bootstrap	140.0
	0.05376300781572496	SEQC	bootstrap	141.0
	0.10763558910785331	SEQC	bootstrap	142.0
	0.2840574038216146	SEQC	bootstrap	143.0
	0.17038830092576118	SEQC	bootstrap	144.0
	0.27725815860071723	SEQC	bootstrap	145.0
	0.09331055775994201	SEQC	bootstrap	146.0
	0.06150298134088095	SEQC	bootstrap	147.0
	0.24514325260182135	SEQC	bootstrap	148.0
	0.2514263605838458	SEQC	bootstrap	149.0
	0.21130139531535974	SEQC	bootstrap	150.0
	0.11151529973262386	SEQC	bootstrap	151.0
	0.1928797808534588	SEQC	bootstrap	152.0
	0.2111914932701353	SEQC	bootstrap	153.0
	0.07873943729271593	SEQC	bootstrap	154.0
	0.1485176205089469	SEQC	bootstrap	155.0
	0.049350353323611706	SEQC	bootstrap	156.0
	0.10069508725802478	SEQC	bootstrap	157.0
	0.18799739344252941	SEQC	bootstrap	158.0
	0.12638965893773513	SEQC	bootstrap	159.0
	0.15077346972033423	SEQC	bootstrap	160.0
	0.08740245716395156	SEQC	bootstrap	161.0
	0.2140415896754848	SEQC	bootstrap	162.0
	0.16743027668478394	SEQC	bootstrap	163.0
	-0.018452559433532745	SEQC	bootstrap	164.0
	0.15011017852070818	SEQC	bootstrap	165.0
	-0.10314348275734542	SEQC	bootstrap	166.0
	0.21122796611843997	SEQC	bootstrap	167.0
	0.1609485243899198	SEQC	bootstrap	168.0
	-0.018940066497294072	SEQC	bootstrap	169.0
	0.24795686665922334	SEQC	bootstrap	170.0
	0.09655472685866107	SEQC	bootstrap	171.0
	0.07700766562719163	SEQC	bootstrap	172.0
	0.20457495677462711	SEQC	bootstrap	173.0
	0.19200975237508366	SEQC	bootstrap	174.0
	0.11097876735610601	SEQC	bootstrap	175.0
	0.14695890087963281	SEQC	bootstrap	176.0
	0.11135103082096087	SEQC	bootstrap	177.0
	0.18866390768998142	SEQC	bootstrap	178.0
	-0.07233413943225031	SEQC	bootstrap	179.0
	0.3292638823348919	SEQC	bootstrap	180.0
	0.14684954132525485	SEQC	bootstrap	181.0
	0.14132810127342443	SEQC	bootstrap	182.0
	0.1396783799341641	SEQC	bootstrap	183.0
	0.006805190834912711	SEQC	bootstrap	184.0
	0.12020866436197775	SEQC	bootstrap	185.0
	0.10120415540352345	SEQC	bootstrap	186.0
	0.11416176343288731	SEQC	bootstrap	187.0
	0.14356365254655534	SEQC	bootstrap	188.0
	0.28635374499544897	SEQC	bootstrap	189.0
	0.2026501193297614	SEQC	bootstrap	190.0
	0.14472239774022722	SEQC	bootstrap	191.0
	0.28552294512758536	SEQC	bootstrap	192.0
	0.23180811109592536	SEQC	bootstrap	193.0
	0.14108026166593168	SEQC	bootstrap	194.0
	0.1699624917997271	SEQC	bootstrap	195.0
	0.30458602491271636	SEQC	bootstrap	196.0
	0.16218523006293406	SEQC	bootstrap	197.0
	0.15049112839457424	SEQC	bootstrap	198.0
	0.010123288710245593	SEQC	bootstrap	199.0
	0.0569118075433952	SEQC	bootstrap	200.0
	0.18464364971871783	SEQC	bootstrap	201.0
	0.15312871682716223	SEQC	bootstrap	202.0
	0.16820165957074895	SEQC	bootstrap	203.0
	0.3019662350529737	SEQC	bootstrap	204.0
	0.18257398838973726	SEQC	bootstrap	205.0
	0.29097379406860613	SEQC	bootstrap	206.0
	0.06263775399974847	SEQC	bootstrap	207.0
	0.18550169212057588	SEQC	bootstrap	208.0
	0.11015785099049369	SEQC	bootstrap	209.0
	0.20009649350473557	SEQC	bootstrap	210.0
	0.16162158088757383	SEQC	bootstrap	211.0
	0.14663659818116148	SEQC	bootstrap	212.0
	-0.028831607848221807	SEQC	bootstrap	213.0
	0.1365486319440783	SEQC	bootstrap	214.0
	0.1457756320883874	SEQC	bootstrap	215.0
	0.1290290106994405	SEQC	bootstrap	216.0
	0.08913404252776713	SEQC	bootstrap	217.0
	0.2284767953080724	SEQC	bootstrap	218.0
	0.06736974511121296	SEQC	bootstrap	219.0
	0.24713860137736798	SEQC	bootstrap	220.0
	0.14137029622601238	SEQC	bootstrap	221.0
	0.2272877327561753	SEQC	bootstrap	222.0
	0.1186214462669315	SEQC	bootstrap	223.0
	0.08013658568873927	SEQC	bootstrap	224.0
	0.13958141452453976	SEQC	bootstrap	225.0
	0.13053354363840963	SEQC	bootstrap	226.0
	0.20114871691931313	SEQC	bootstrap	227.0
	-0.03936583678487704	SEQC	bootstrap	228.0
	0.06920794217941184	SEQC	bootstrap	229.0
	0.24514450213733596	SEQC	bootstrap	230.0
	0.4125933797211645	SEQC	bootstrap	231.0
	0.14457847503847177	SEQC	bootstrap	232.0
	0.06638320559021516	SEQC	bootstrap	233.0
	0.03457649323146139	SEQC	bootstrap	234.0
	0.3012916403635044	SEQC	bootstrap	235.0
	0.10968915368808352	SEQC	bootstrap	236.0
	0.14255509289665635	SEQC	bootstrap	237.0
	0.3545531514720408	SEQC	bootstrap	238.0
	0.04737538622766291	SEQC	bootstrap	239.0
	0.24523197123214668	SEQC	bootstrap	240.0
	0.1621521278346596	SEQC	bootstrap	241.0
	0.0037969891438356385	SEQC	bootstrap	242.0
	0.0983642188840288	SEQC	bootstrap	243.0
	0.1892545860660575	SEQC	bootstrap	244.0
	0.13236992364339706	SEQC	bootstrap	245.0
	0.08597037010800657	SEQC	bootstrap	246.0
	0.22778888661585395	SEQC	bootstrap	247.0
	0.07950210161439175	SEQC	bootstrap	248.0
	0.27447889388768587	SEQC	bootstrap	249.0
	0.19271023832088696	SEQC	bootstrap	250.0
	0.03449779134203279	SEQC	bootstrap	251.0
	0.10330297344521533	SEQC	bootstrap	252.0
	0.024224435381724252	SEQC	bootstrap	253.0
	0.3013299956234703	SEQC	bootstrap	254.0
	0.11448784598240014	SEQC	bootstrap	255.0
	0.11996450628521416	SEQC	bootstrap	256.0
	0.2291195971706239	SEQC	bootstrap	257.0
	0.2556409474708454	SEQC	bootstrap	258.0
	0.15249747307853756	SEQC	bootstrap	259.0
	0.41237496000085994	SEQC	bootstrap	260.0
	0.047228775033127945	SEQC	bootstrap	261.0
	0.16722103231493213	SEQC	bootstrap	262.0
	0.2818168691823657	SEQC	bootstrap	263.0
	0.13943307961270657	SEQC	bootstrap	264.0
	-0.06045556530289842	SEQC	bootstrap	265.0
	0.1138617572630718	SEQC	bootstrap	266.0
	0.12149336809817468	SEQC	bootstrap	267.0
	0.15591760499649343	SEQC	bootstrap	268.0
	0.14510400940841972	SEQC	bootstrap	269.0
	0.13608139680855347	SEQC	bootstrap	270.0
	-0.013291323464562854	SEQC	bootstrap	271.0
	0.11054376698885893	SEQC	bootstrap	272.0
	0.08845668168247256	SEQC	bootstrap	273.0
	0.28327791472331887	SEQC	bootstrap	274.0
	0.1712894067631261	SEQC	bootstrap	275.0
	0.12091264576863248	SEQC	bootstrap	276.0
	0.20174147513726703	SEQC	bootstrap	277.0
	0.17069493570149818	SEQC	bootstrap	278.0
	0.05383742581833362	SEQC	bootstrap	279.0
	0.29138235412348745	SEQC	bootstrap	280.0
	0.053954031945444125	SEQC	bootstrap	281.0
	0.143021733697676	SEQC	bootstrap	282.0
	-0.003529600779063724	SEQC	bootstrap	283.0
	0.27804676288989905	SEQC	bootstrap	284.0
	0.13780805009377417	SEQC	bootstrap	285.0
	0.21846005344148267	SEQC	bootstrap	286.0
	0.20486971773407303	SEQC	bootstrap	287.0
	0.1099197291806715	SEQC	bootstrap	288.0
	0.0391338819595588	SEQC	bootstrap	289.0
	0.28751884997527144	SEQC	bootstrap	290.0
	0.04355215827631742	SEQC	bootstrap	291.0
	0.18514654988458235	SEQC	bootstrap	292.0
	0.31343654250130504	SEQC	bootstrap	293.0
	0.05187115818417043	SEQC	bootstrap	294.0
	0.21652120071233538	SEQC	bootstrap	295.0
	0.02457563726314138	SEQC	bootstrap	296.0
	0.11692360542975999	SEQC	bootstrap	297.0
	0.31915702588334405	SEQC	bootstrap	298.0
	0.15869661894463727	SEQC	bootstrap	299.0
	0.08359403778575336	SEQC	bootstrap	300.0
	0.2557414458616156	SEQC	bootstrap	301.0
	0.25286720056792644	SEQC	bootstrap	302.0
	0.17935033980676707	SEQC	bootstrap	303.0
	0.14804919020157925	SEQC	bootstrap	304.0
	-0.011222340584145396	SEQC	bootstrap	305.0
	0.15907713507684207	SEQC	bootstrap	306.0
	0.10432001616218711	SEQC	bootstrap	307.0
	0.22887834769660476	SEQC	bootstrap	308.0
	0.06816516807473505	SEQC	bootstrap	309.0
	0.14624703899082458	SEQC	bootstrap	310.0
	0.10539363610990726	SEQC	bootstrap	311.0
	0.1738138662222677	SEQC	bootstrap	312.0
	0.27473471553873985	SEQC	bootstrap	313.0
	0.14361953883637346	SEQC	bootstrap	314.0
	0.2831849624815108	SEQC	bootstrap	315.0
	0.018345592503278496	SEQC	bootstrap	316.0
	0.1583097241578586	SEQC	bootstrap	317.0
	0.19639669701052576	SEQC	bootstrap	318.0
	0.11696429360738492	SEQC	bootstrap	319.0
	0.11900892248164396	SEQC	bootstrap	320.0
	0.10135946079092895	SEQC	bootstrap	321.0
	0.2356926894250897	SEQC	bootstrap	322.0
	0.2782946638680053	SEQC	bootstrap	323.0
	0.13427582934877957	SEQC	bootstrap	324.0
	0.34844304195369435	SEQC	bootstrap	325.0
	0.016890084656399296	SEQC	bootstrap	326.0
	0.07658042269145149	SEQC	bootstrap	327.0
	0.18794537112174536	SEQC	bootstrap	328.0
	0.17815065202158298	SEQC	bootstrap	329.0
	0.06840380144808877	SEQC	bootstrap	330.0
	0.1305534208658683	SEQC	bootstrap	331.0
	0.1730793874160539	SEQC	bootstrap	332.0
	0.2051475064236712	SEQC	bootstrap	333.0
	-0.01890835832185278	SEQC	bootstrap	334.0
	0.06411906796556543	SEQC	bootstrap	335.0
	0.05786064321563433	SEQC	bootstrap	336.0
	0.12661299668669956	SEQC	bootstrap	337.0
	0.12981291371285142	SEQC	bootstrap	338.0
	0.11102824022188695	SEQC	bootstrap	339.0
	0.1968275080049917	SEQC	bootstrap	340.0
	-0.03416074799029012	SEQC	bootstrap	341.0
	0.11439068654844808	SEQC	bootstrap	342.0
	0.049741854380427775	SEQC	bootstrap	343.0
	0.24483306256498993	SEQC	bootstrap	344.0
	0.22256287490595295	SEQC	bootstrap	345.0
	0.2121557063288928	SEQC	bootstrap	346.0
	-0.002306163248302351	SEQC	bootstrap	347.0
	0.15570091841237188	SEQC	bootstrap	348.0
	0.15462678716359646	SEQC	bootstrap	349.0
	0.07348051660744437	SEQC	bootstrap	350.0
	0.3370253096861635	SEQC	bootstrap	351.0
	0.045326009695831004	SEQC	bootstrap	352.0
	-0.013427793613600691	SEQC	bootstrap	353.0
	0.1644849695814634	SEQC	bootstrap	354.0
	0.1385982518973905	SEQC	bootstrap	355.0
	0.10759958831182503	SEQC	bootstrap	356.0
	0.12724875199915875	SEQC	bootstrap	357.0
	-0.07220669057279672	SEQC	bootstrap	358.0
	0.29837776142979155	SEQC	bootstrap	359.0
	0.13271135513356702	SEQC	bootstrap	360.0
	0.3090338911258148	SEQC	bootstrap	361.0
	0.38287922459679	SEQC	bootstrap	362.0
	0.13187230260691107	SEQC	bootstrap	363.0
	0.05829392478238926	SEQC	bootstrap	364.0
	0.3181946817581984	SEQC	bootstrap	365.0
	0.21906026880175666	SEQC	bootstrap	366.0
	0.01808761651745039	SEQC	bootstrap	367.0
	-0.007961023324198013	SEQC	bootstrap	368.0
	0.07179112795230536	SEQC	bootstrap	369.0
	0.08459385637110417	SEQC	bootstrap	370.0
	0.16625786547960386	SEQC	bootstrap	371.0
	0.2901691271309028	SEQC	bootstrap	372.0
	-0.109576905941839	SEQC	bootstrap	373.0
	0.2620654247804599	SEQC	bootstrap	374.0
	0.17067276372385454	SEQC	bootstrap	375.0
	0.13395172551197332	SEQC	bootstrap	376.0
	0.08792960972710384	SEQC	bootstrap	377.0
	0.14369650123180877	SEQC	bootstrap	378.0
	0.12781449474949635	SEQC	bootstrap	379.0
	0.19580285664408104	SEQC	bootstrap	380.0
	0.22235238184016026	SEQC	bootstrap	381.0
	0.23899379731923398	SEQC	bootstrap	382.0
	0.07700294258671336	SEQC	bootstrap	383.0
	0.025093926100276942	SEQC	bootstrap	384.0
	0.07686828006403879	SEQC	bootstrap	385.0
	0.23692892917850816	SEQC	bootstrap	386.0
	0.23236122727395214	SEQC	bootstrap	387.0
	0.2495534314816985	SEQC	bootstrap	388.0
	0.020394484114351297	SEQC	bootstrap	389.0
	0.12188695702965502	SEQC	bootstrap	390.0
	0.19019175225963725	SEQC	bootstrap	391.0
	0.08071761722701387	SEQC	bootstrap	392.0
	0.25570816808581265	SEQC	bootstrap	393.0
	0.15534870293404968	SEQC	bootstrap	394.0
	0.05838818950014435	SEQC	bootstrap	395.0
	0.10309840444634055	SEQC	bootstrap	396.0
	0.1968223041353867	SEQC	bootstrap	397.0
	0.18341855733009238	SEQC	bootstrap	398.0
	0.1979853094168016	SEQC	bootstrap	399.0
	0.2027514231263945	SEQC	bootstrap	400.0
	0.18771023240565077	SEQC	bootstrap	401.0
	0.19633831093890697	SEQC	bootstrap	402.0
	0.23856798543201085	SEQC	bootstrap	403.0
	0.21150839970941782	SEQC	bootstrap	404.0
	0.21447790214048723	SEQC	bootstrap	405.0
	-0.014720932331425907	SEQC	bootstrap	406.0
	0.15683829986364772	SEQC	bootstrap	407.0
	-0.006098445966125521	SEQC	bootstrap	408.0
	0.12802676933589474	SEQC	bootstrap	409.0
	0.13866460908908484	SEQC	bootstrap	410.0
	0.17666375100445197	SEQC	bootstrap	411.0
	-0.04859737367049766	SEQC	bootstrap	412.0
	0.03490950797909864	SEQC	bootstrap	413.0
	0.04880169351459829	SEQC	bootstrap	414.0
	0.15923966534436174	SEQC	bootstrap	415.0
	0.19819991127180714	SEQC	bootstrap	416.0
	0.0022106059324804583	SEQC	bootstrap	417.0
	0.2896196853164734	SEQC	bootstrap	418.0
	0.2286054064739047	SEQC	bootstrap	419.0
	0.2630612645419572	SEQC	bootstrap	420.0
	0.1806384060690469	SEQC	bootstrap	421.0
	-0.0043603386874075944	SEQC	bootstrap	422.0
	0.056564277574666644	SEQC	bootstrap	423.0
	0.0644250687557335	SEQC	bootstrap	424.0
	-0.006175985819733665	SEQC	bootstrap	425.0
	0.30875261859388337	SEQC	bootstrap	426.0
	-0.002410500080946232	SEQC	bootstrap	427.0
	0.2656496517995435	SEQC	bootstrap	428.0
	-0.03050568237674467	SEQC	bootstrap	429.0
	-0.004359296176848826	SEQC	bootstrap	430.0
	0.11721105418745825	SEQC	bootstrap	431.0
	0.09901467392242891	SEQC	bootstrap	432.0
	0.1534282744330122	SEQC	bootstrap	433.0
	0.10508064030616504	SEQC	bootstrap	434.0
	0.08077892778137041	SEQC	bootstrap	435.0
	-0.04510761847291267	SEQC	bootstrap	436.0
	-0.07200758598985102	SEQC	bootstrap	437.0
	0.033057314597245036	SEQC	bootstrap	438.0
	0.33891834755520733	SEQC	bootstrap	439.0
	0.08529629575662723	SEQC	bootstrap	440.0
	0.14978723611623934	SEQC	bootstrap	441.0
	0.19328554597205017	SEQC	bootstrap	442.0
	0.15293189206863822	SEQC	bootstrap	443.0
	-0.022063216858739132	SEQC	bootstrap	444.0
	0.014213248903374165	SEQC	bootstrap	445.0
	0.25279975359512186	SEQC	bootstrap	446.0
	0.17052656474265726	SEQC	bootstrap	447.0
	0.3332490434277342	SEQC	bootstrap	448.0
	0.27473986757763047	SEQC	bootstrap	449.0
	0.17822060362449266	SEQC	bootstrap	450.0
	0.03474167363808345	SEQC	bootstrap	451.0
	0.16017275310907886	SEQC	bootstrap	452.0
	0.2056676569125666	SEQC	bootstrap	453.0
	0.12122116228362056	SEQC	bootstrap	454.0
	0.0638001523552365	SEQC	bootstrap	455.0
	0.3328233011621222	SEQC	bootstrap	456.0
	0.20813806664488554	SEQC	bootstrap	457.0
	0.4089256190302959	SEQC	bootstrap	458.0
	0.1558771238700647	SEQC	bootstrap	459.0
	0.235193274310034	SEQC	bootstrap	460.0
	0.06835390490282567	SEQC	bootstrap	461.0
	0.12560253685028266	SEQC	bootstrap	462.0
	0.17959688795429551	SEQC	bootstrap	463.0
	0.1527488164973585	SEQC	bootstrap	464.0
	0.029077811154872624	SEQC	bootstrap	465.0
	0.27453658562946837	SEQC	bootstrap	466.0
	0.1101148561199965	SEQC	bootstrap	467.0
	0.1803984925088753	SEQC	bootstrap	468.0
	0.18198569302921364	SEQC	bootstrap	469.0
	-0.018417168314394328	SEQC	bootstrap	470.0
	0.21540135369346158	SEQC	bootstrap	471.0
	0.1635197065618641	SEQC	bootstrap	472.0
	0.11555930400622438	SEQC	bootstrap	473.0
	-0.04781406328639237	SEQC	bootstrap	474.0
	0.0366892200815756	SEQC	bootstrap	475.0
	0.022253483590405132	SEQC	bootstrap	476.0
	0.21090020730571668	SEQC	bootstrap	477.0
	0.24730379171996208	SEQC	bootstrap	478.0
	0.21935058419059983	SEQC	bootstrap	479.0
	0.11396055259050097	SEQC	bootstrap	480.0
	0.14577084990125533	SEQC	bootstrap	481.0
	0.15246714293622254	SEQC	bootstrap	482.0
	-0.002940010835239093	SEQC	bootstrap	483.0
	0.22302589399273964	SEQC	bootstrap	484.0
	0.16588164523102478	SEQC	bootstrap	485.0
	0.05034468734531128	SEQC	bootstrap	486.0
	0.010369782551089557	SEQC	bootstrap	487.0
	0.19114872493573376	SEQC	bootstrap	488.0
	0.10753994242052167	SEQC	bootstrap	489.0
	0.09670895324110607	SEQC	bootstrap	490.0
	0.33413423062057745	SEQC	bootstrap	491.0
	0.0724744127834942	SEQC	bootstrap	492.0
	0.19784194883617312	SEQC	bootstrap	493.0
	0.2382364308972984	SEQC	bootstrap	494.0
	0.21099602445301668	SEQC	bootstrap	495.0
	0.00277062084752977	SEQC	bootstrap	496.0
	0.19682002953910027	SEQC	bootstrap	497.0
	0.26098532542090025	SEQC	bootstrap	498.0
	0.059850090798601485	SEQC	bootstrap	499.0
	0.13020071130371935	SEQC	bootstrap	500.0
	0.28197329517343706	SEQC	bootstrap	501.0
	0.1353041407090667	SEQC	bootstrap	502.0
	0.16780136465772033	SEQC	bootstrap	503.0
	0.22136562609661414	SEQC	bootstrap	504.0
	0.10255043168799594	SEQC	bootstrap	505.0
	0.2655591214198645	SEQC	bootstrap	506.0
	0.10412348892238832	SEQC	bootstrap	507.0
	0.16997585606324028	SEQC	bootstrap	508.0
	0.14983362831147806	SEQC	bootstrap	509.0
	-0.042026532124546545	SEQC	bootstrap	510.0
	0.1361370151379524	SEQC	bootstrap	511.0
	0.14458101591579453	SEQC	bootstrap	512.0
	0.2530132882767382	SEQC	bootstrap	513.0
	0.10019252798678968	SEQC	bootstrap	514.0
	0.4040187969641118	SEQC	bootstrap	515.0
	0.31306916246732275	SEQC	bootstrap	516.0
	-0.024991678283555974	SEQC	bootstrap	517.0
	0.09518972156549754	SEQC	bootstrap	518.0
	0.12538847428937316	SEQC	bootstrap	519.0
	-0.044857616504387465	SEQC	bootstrap	520.0
	0.024522978102182957	SEQC	bootstrap	521.0
	0.2592413284633439	SEQC	bootstrap	522.0
	0.32998283294838604	SEQC	bootstrap	523.0
	-0.01103337964739648	SEQC	bootstrap	524.0
	0.05066704994833149	SEQC	bootstrap	525.0
	0.12485253428081045	SEQC	bootstrap	526.0
	0.14284321009531764	SEQC	bootstrap	527.0
	0.11051691268070352	SEQC	bootstrap	528.0
	0.2093173963670889	SEQC	bootstrap	529.0
	0.08091191494597982	SEQC	bootstrap	530.0
	0.13959214807572806	SEQC	bootstrap	531.0
	0.13955530786827453	SEQC	bootstrap	532.0
	0.19282941660550001	SEQC	bootstrap	533.0
	0.12906895552812614	SEQC	bootstrap	534.0
	0.07257337086779536	SEQC	bootstrap	535.0
	-0.06896583771354647	SEQC	bootstrap	536.0
	0.14155221004882135	SEQC	bootstrap	537.0
	0.21281426508717205	SEQC	bootstrap	538.0
	0.1737236981607473	SEQC	bootstrap	539.0
	0.13066111298242022	SEQC	bootstrap	540.0
	0.18681307772176758	SEQC	bootstrap	541.0
	0.28529693347553975	SEQC	bootstrap	542.0
	-0.004962427150446924	SEQC	bootstrap	543.0
	0.14372597819484723	SEQC	bootstrap	544.0
	0.29469988729801644	SEQC	bootstrap	545.0
	-0.04136360389176952	SEQC	bootstrap	546.0
	0.0943974592054162	SEQC	bootstrap	547.0
	0.03434210696785689	SEQC	bootstrap	548.0
	0.14932475032820092	SEQC	bootstrap	549.0
	0.12956935804372094	SEQC	bootstrap	550.0
	0.20197206967385206	SEQC	bootstrap	551.0
	0.011097612478822239	SEQC	bootstrap	552.0
	0.10830278486441536	SEQC	bootstrap	553.0
	-0.025628765629653216	SEQC	bootstrap	554.0
	0.1417264213270535	SEQC	bootstrap	555.0
	0.22594505182014535	SEQC	bootstrap	556.0
	-0.13140192150548025	SEQC	bootstrap	557.0
	0.3044470562384709	SEQC	bootstrap	558.0
	0.05822104303517461	SEQC	bootstrap	559.0
	0.09048568924685885	SEQC	bootstrap	560.0
	0.28306355024830765	SEQC	bootstrap	561.0
	0.05331346323717323	SEQC	bootstrap	562.0
	0.08519360077198579	SEQC	bootstrap	563.0
	0.18511076878056176	SEQC	bootstrap	564.0
	0.03825947417706743	SEQC	bootstrap	565.0
	-0.041933895207363125	SEQC	bootstrap	566.0
	0.07736115131380528	SEQC	bootstrap	567.0
	0.1068501616367703	SEQC	bootstrap	568.0
	-0.041343884597047964	SEQC	bootstrap	569.0
	0.15984257784193012	SEQC	bootstrap	570.0
	0.15199669187593123	SEQC	bootstrap	571.0
	0.2480188338268583	SEQC	bootstrap	572.0
	-0.04292390560165327	SEQC	bootstrap	573.0
	0.026866724310713685	SEQC	bootstrap	574.0
	0.13231426320567818	SEQC	bootstrap	575.0
	0.28984974241667016	SEQC	bootstrap	576.0
	0.016035386515929062	SEQC	bootstrap	577.0
	0.06761355750999964	SEQC	bootstrap	578.0
	0.23252735878508846	SEQC	bootstrap	579.0
	0.1965730380548094	SEQC	bootstrap	580.0
	0.1066330891392262	SEQC	bootstrap	581.0
	0.21020523769437416	SEQC	bootstrap	582.0
	0.26537214373032114	SEQC	bootstrap	583.0
	0.09346075930834052	SEQC	bootstrap	584.0
	0.23909631681259969	SEQC	bootstrap	585.0
	0.2648438399066082	SEQC	bootstrap	586.0
	-0.01630970648932184	SEQC	bootstrap	587.0
	0.11657341446739533	SEQC	bootstrap	588.0
	-0.019108606337728595	SEQC	bootstrap	589.0
	0.005351844621575008	SEQC	bootstrap	590.0
	0.1084295814550078	SEQC	bootstrap	591.0
	0.1622376623849191	SEQC	bootstrap	592.0
	0.020669949161451928	SEQC	bootstrap	593.0
	0.24343893914338377	SEQC	bootstrap	594.0
	0.14350194229854152	SEQC	bootstrap	595.0
	0.055334236255131675	SEQC	bootstrap	596.0
	0.20556590284411635	SEQC	bootstrap	597.0
	0.2163511778882623	SEQC	bootstrap	598.0
	0.19264155519831538	SEQC	bootstrap	599.0
	0.1269286353403265	SEQC	bootstrap	600.0
	0.08856960377674072	SEQC	bootstrap	601.0
	0.19686536058428894	SEQC	bootstrap	602.0
	0.018157419924975216	SEQC	bootstrap	603.0
	0.19141362425061326	SEQC	bootstrap	604.0
	0.302933045254961	SEQC	bootstrap	605.0
	0.17285411706492537	SEQC	bootstrap	606.0
	0.22897527819139674	SEQC	bootstrap	607.0
	0.30204165526426063	SEQC	bootstrap	608.0
	0.20182870743104608	SEQC	bootstrap	609.0
	0.27041796679963426	SEQC	bootstrap	610.0
	0.24832799049855492	SEQC	bootstrap	611.0
	0.09581040754667658	SEQC	bootstrap	612.0
	0.024865668478042835	SEQC	bootstrap	613.0
	0.054205111108996284	SEQC	bootstrap	614.0
	-0.029920113008579552	SEQC	bootstrap	615.0
	0.06657503725125924	SEQC	bootstrap	616.0
	0.25253893468383515	SEQC	bootstrap	617.0
	-0.006711761388879189	SEQC	bootstrap	618.0
	0.14242903762113635	SEQC	bootstrap	619.0
	0.03200956787134457	SEQC	bootstrap	620.0
	0.1925951841863358	SEQC	bootstrap	621.0
	0.13029357041101797	SEQC	bootstrap	622.0
	0.32379614627099196	SEQC	bootstrap	623.0
	0.32648135539082235	SEQC	bootstrap	624.0
	0.039581435006776466	SEQC	bootstrap	625.0
	0.1426337611533519	SEQC	bootstrap	626.0
	0.18447977197454302	SEQC	bootstrap	627.0
	0.3666203327802591	SEQC	bootstrap	628.0
	-0.10122503855801224	SEQC	bootstrap	629.0
	0.13073471477235232	SEQC	bootstrap	630.0
	0.11101863345432106	SEQC	bootstrap	631.0
	0.06201762390182619	SEQC	bootstrap	632.0
	0.3459851632911697	SEQC	bootstrap	633.0
	-0.03926846602517342	SEQC	bootstrap	634.0
	0.12298778276455291	SEQC	bootstrap	635.0
	0.14927750565209985	SEQC	bootstrap	636.0
	0.06076405182810163	SEQC	bootstrap	637.0
	0.18371846399095038	SEQC	bootstrap	638.0
	0.1452848744059576	SEQC	bootstrap	639.0
	0.09867198746873651	SEQC	bootstrap	640.0
	0.15415782748476214	SEQC	bootstrap	641.0
	0.35408024580716013	SEQC	bootstrap	642.0
	0.08437725695922449	SEQC	bootstrap	643.0
	0.1720684492839224	SEQC	bootstrap	644.0
	0.15052324584334498	SEQC	bootstrap	645.0
	0.30866350701334344	SEQC	bootstrap	646.0
	0.08793124379429162	SEQC	bootstrap	647.0
	-0.04845732252376678	SEQC	bootstrap	648.0
	0.18409416863137062	SEQC	bootstrap	649.0
	0.10009701498912138	SEQC	bootstrap	650.0
	0.14616523709475082	SEQC	bootstrap	651.0
	0.16912644318343162	SEQC	bootstrap	652.0
	0.13613799482360323	SEQC	bootstrap	653.0
	0.02907208728668742	SEQC	bootstrap	654.0
	-0.011614750059619539	SEQC	bootstrap	655.0
	0.29176214799963773	SEQC	bootstrap	656.0
	0.21816142718363762	SEQC	bootstrap	657.0
	-0.0157104793243259	SEQC	bootstrap	658.0
	-0.09419604131096726	SEQC	bootstrap	659.0
	0.1495776231563588	SEQC	bootstrap	660.0
	-0.013544325729488715	SEQC	bootstrap	661.0
	0.24706838234521866	SEQC	bootstrap	662.0
	0.0761076868393844	SEQC	bootstrap	663.0
	0.22680190432464276	SEQC	bootstrap	664.0
	0.19105594492079048	SEQC	bootstrap	665.0
	0.2070768342721192	SEQC	bootstrap	666.0
	0.2212650256039761	SEQC	bootstrap	667.0
	0.2570920593522308	SEQC	bootstrap	668.0
	0.13625629523005456	SEQC	bootstrap	669.0
	0.05339113444063148	SEQC	bootstrap	670.0
	0.22387403006358753	SEQC	bootstrap	671.0
	0.07643981848239534	SEQC	bootstrap	672.0
	0.1968843382803498	SEQC	bootstrap	673.0
	0.12202776705544816	SEQC	bootstrap	674.0
	0.263375301485286	SEQC	bootstrap	675.0
	0.10676758469593084	SEQC	bootstrap	676.0
	0.024656624194621113	SEQC	bootstrap	677.0
	0.12561688767570578	SEQC	bootstrap	678.0
	0.0053959095346849395	SEQC	bootstrap	679.0
	0.19358160798828683	SEQC	bootstrap	680.0
	0.14700079019146362	SEQC	bootstrap	681.0
	0.03526437513595804	SEQC	bootstrap	682.0
	0.06335495020901272	SEQC	bootstrap	683.0
	0.16870000708256638	SEQC	bootstrap	684.0
	-0.00509076684852694	SEQC	bootstrap	685.0
	0.3391176333543675	SEQC	bootstrap	686.0
	0.42815853699875683	SEQC	bootstrap	687.0
	0.315234514049882	SEQC	bootstrap	688.0
	0.07915845198994642	SEQC	bootstrap	689.0
	0.19870260173143173	SEQC	bootstrap	690.0
	0.10159095733206591	SEQC	bootstrap	691.0
	0.09642022358275426	SEQC	bootstrap	692.0
	0.2773989939938035	SEQC	bootstrap	693.0
	-0.0011916252223889146	SEQC	bootstrap	694.0
	0.018222413428474304	SEQC	bootstrap	695.0
	0.11046417341999293	SEQC	bootstrap	696.0
	0.21933674786550839	SEQC	bootstrap	697.0
	0.13449732756277522	SEQC	bootstrap	698.0
	0.13473215559513285	SEQC	bootstrap	699.0
	0.002211569709773098	SEQC	bootstrap	700.0
	0.13929775007693612	SEQC	bootstrap	701.0
	0.10687346242633433	SEQC	bootstrap	702.0
	0.16910189972697953	SEQC	bootstrap	703.0
	0.07824318058868229	SEQC	bootstrap	704.0
	0.10464436813576228	SEQC	bootstrap	705.0
	0.3290437891621787	SEQC	bootstrap	706.0
	0.18808380610176156	SEQC	bootstrap	707.0
	0.15886493204887975	SEQC	bootstrap	708.0
	0.12007906631994159	SEQC	bootstrap	709.0
	0.0947371038213567	SEQC	bootstrap	710.0
	0.2877817005494987	SEQC	bootstrap	711.0
	0.06810360377745228	SEQC	bootstrap	712.0
	0.33238750290209484	SEQC	bootstrap	713.0
	0.11681675085573762	SEQC	bootstrap	714.0
	0.11668082524624612	SEQC	bootstrap	715.0
	0.19601451951237747	SEQC	bootstrap	716.0
	0.07292281606265183	SEQC	bootstrap	717.0
	0.16675525495487165	SEQC	bootstrap	718.0
	0.1412925059514345	SEQC	bootstrap	719.0
	0.13805888706204295	SEQC	bootstrap	720.0
	0.1259714133376586	SEQC	bootstrap	721.0
	0.0829105734783897	SEQC	bootstrap	722.0
	0.009367820584989417	SEQC	bootstrap	723.0
	0.19843439551532116	SEQC	bootstrap	724.0
	-0.052906574110221705	SEQC	bootstrap	725.0
	0.23505138111357926	SEQC	bootstrap	726.0
	-0.012533591896601859	SEQC	bootstrap	727.0
	-0.04531323491245054	SEQC	bootstrap	728.0
	0.20342354822447373	SEQC	bootstrap	729.0
	0.1258714225440225	SEQC	bootstrap	730.0
	0.2497233232436451	SEQC	bootstrap	731.0
	0.24148132007441792	SEQC	bootstrap	732.0
	-0.0092093668657105	SEQC	bootstrap	733.0
	0.27124044217886967	SEQC	bootstrap	734.0
	0.0785055854028025	SEQC	bootstrap	735.0
	0.154323484028974	SEQC	bootstrap	736.0
	0.0876985054773427	SEQC	bootstrap	737.0
	0.06630617037794817	SEQC	bootstrap	738.0
	-0.011419525471711545	SEQC	bootstrap	739.0
	0.26021242475424033	SEQC	bootstrap	740.0
	0.2323583958118931	SEQC	bootstrap	741.0
	0.15336282379397081	SEQC	bootstrap	742.0
	0.2731336771055033	SEQC	bootstrap	743.0
	0.1369543783154734	SEQC	bootstrap	744.0
	-0.05298947755791783	SEQC	bootstrap	745.0
	0.35135617449867107	SEQC	bootstrap	746.0
	-0.011954612699493161	SEQC	bootstrap	747.0
	0.21564934011090742	SEQC	bootstrap	748.0
	-0.07426842128299871	SEQC	bootstrap	749.0
	0.1555893584784349	SEQC	bootstrap	750.0
	0.06129807376137597	SEQC	bootstrap	751.0
	0.11204575346189749	SEQC	bootstrap	752.0
	0.28209978407066805	SEQC	bootstrap	753.0
	-0.16789098703198135	SEQC	bootstrap	754.0
	0.04595562923069085	SEQC	bootstrap	755.0
	0.05844093634632097	SEQC	bootstrap	756.0
	0.11193830187284393	SEQC	bootstrap	757.0
	0.1129631772304176	SEQC	bootstrap	758.0
	0.25680287269490476	SEQC	bootstrap	759.0
	0.10995947764065717	SEQC	bootstrap	760.0
	0.18219675491256293	SEQC	bootstrap	761.0
	0.09057487268173103	SEQC	bootstrap	762.0
	0.12230858325457517	SEQC	bootstrap	763.0
	0.2783458461956103	SEQC	bootstrap	764.0
	0.26456423721565914	SEQC	bootstrap	765.0
	0.05222676568425255	SEQC	bootstrap	766.0
	0.15001540241536038	SEQC	bootstrap	767.0
	0.09688658839452291	SEQC	bootstrap	768.0
	0.11761740466514059	SEQC	bootstrap	769.0
	0.2654956005911364	SEQC	bootstrap	770.0
	0.08237108171632901	SEQC	bootstrap	771.0
	0.24758667578821703	SEQC	bootstrap	772.0
	0.2103811451104982	SEQC	bootstrap	773.0
	0.12889069411670206	SEQC	bootstrap	774.0
	0.07268728430404003	SEQC	bootstrap	775.0
	-0.05925104033856021	SEQC	bootstrap	776.0
	0.03414559594437838	SEQC	bootstrap	777.0
	0.10180588135762214	SEQC	bootstrap	778.0
	0.04940845815878969	SEQC	bootstrap	779.0
	0.10434844069029436	SEQC	bootstrap	780.0
	0.23182223362976417	SEQC	bootstrap	781.0
	0.15195666291281196	SEQC	bootstrap	782.0
	0.01558799534056865	SEQC	bootstrap	783.0
	0.005423470251615825	SEQC	bootstrap	784.0
	0.21111313346294924	SEQC	bootstrap	785.0
	0.1505435166672502	SEQC	bootstrap	786.0
	0.03360164267959398	SEQC	bootstrap	787.0
	0.08358903002080131	SEQC	bootstrap	788.0
	0.135715909703217	SEQC	bootstrap	789.0
	0.0053012449211529145	SEQC	bootstrap	790.0
	0.05252412635812487	SEQC	bootstrap	791.0
	0.11005124532932298	SEQC	bootstrap	792.0
	0.1516031880670825	SEQC	bootstrap	793.0
	0.26879048527359917	SEQC	bootstrap	794.0
	0.32067665736743445	SEQC	bootstrap	795.0
	0.05148996155615704	SEQC	bootstrap	796.0
	0.20033290224575273	SEQC	bootstrap	797.0
	0.3949976629369276	SEQC	bootstrap	798.0
	0.09004402523022792	SEQC	bootstrap	799.0
	-0.055816796805054913	SEQC	bootstrap	800.0
	-0.03663260119634959	SEQC	bootstrap	801.0
	0.17026614316959954	SEQC	bootstrap	802.0
	0.15509911952564304	SEQC	bootstrap	803.0
	0.06279823994017208	SEQC	bootstrap	804.0
	0.05822274567838459	SEQC	bootstrap	805.0
	0.2417773992262724	SEQC	bootstrap	806.0
	0.0994174670275707	SEQC	bootstrap	807.0
	0.21599320308390713	SEQC	bootstrap	808.0
	0.3137773173806928	SEQC	bootstrap	809.0
	-0.04671336274530269	SEQC	bootstrap	810.0
	0.20117703770403228	SEQC	bootstrap	811.0
	0.15779211357678813	SEQC	bootstrap	812.0
	0.0481278880869942	SEQC	bootstrap	813.0
	0.08479710375698257	SEQC	bootstrap	814.0
	0.2658500522242142	SEQC	bootstrap	815.0
	0.04878374521772422	SEQC	bootstrap	816.0
	0.17780677738288464	SEQC	bootstrap	817.0
	0.2648302079093341	SEQC	bootstrap	818.0
	0.18267873236644494	SEQC	bootstrap	819.0
	0.12833172910672053	SEQC	bootstrap	820.0
	0.09287179582473293	SEQC	bootstrap	821.0
	-0.074198596384905	SEQC	bootstrap	822.0
	0.11083110466217061	SEQC	bootstrap	823.0
	0.3558540624352462	SEQC	bootstrap	824.0
	0.43681765350872936	SEQC	bootstrap	825.0
	0.15179564723277483	SEQC	bootstrap	826.0
	0.18928570982693405	SEQC	bootstrap	827.0
	-0.020300202755358043	SEQC	bootstrap	828.0
	0.01322825023384322	SEQC	bootstrap	829.0
	0.2050846868206877	SEQC	bootstrap	830.0
	0.1495578763869232	SEQC	bootstrap	831.0
	0.18266378079926593	SEQC	bootstrap	832.0
	0.12494722253951718	SEQC	bootstrap	833.0
	0.061269038336544845	SEQC	bootstrap	834.0
	0.1328178131928892	SEQC	bootstrap	835.0
	0.30406146940147627	SEQC	bootstrap	836.0
	0.15893321160310503	SEQC	bootstrap	837.0
	0.03452339391239079	SEQC	bootstrap	838.0
	0.1583735003851836	SEQC	bootstrap	839.0
	0.09707632737216265	SEQC	bootstrap	840.0
	0.14732169391703698	SEQC	bootstrap	841.0
	0.05197017724197783	SEQC	bootstrap	842.0
	0.08107911922514388	SEQC	bootstrap	843.0
	0.09701230839995212	SEQC	bootstrap	844.0
	0.22167452672088528	SEQC	bootstrap	845.0
	0.5001784808693484	SEQC	bootstrap	846.0
	-0.0045476500104806306	SEQC	bootstrap	847.0
	-0.0019108002790906298	SEQC	bootstrap	848.0
	0.19758708082798426	SEQC	bootstrap	849.0
	0.006155475798577115	SEQC	bootstrap	850.0
	0.13640417329620025	SEQC	bootstrap	851.0
	0.20306231096386806	SEQC	bootstrap	852.0
	0.2780506490936805	SEQC	bootstrap	853.0
	0.2483777474607889	SEQC	bootstrap	854.0
	0.17878104488181323	SEQC	bootstrap	855.0
	0.040510246678522766	SEQC	bootstrap	856.0
	0.3615005973967005	SEQC	bootstrap	857.0
	0.07870411274601796	SEQC	bootstrap	858.0
	0.1867842753566209	SEQC	bootstrap	859.0
	0.26661747091669774	SEQC	bootstrap	860.0
	0.18832860326096412	SEQC	bootstrap	861.0
	0.09682754157212559	SEQC	bootstrap	862.0
	0.12573080727166053	SEQC	bootstrap	863.0
	0.19592550378121398	SEQC	bootstrap	864.0
	0.16701938744074152	SEQC	bootstrap	865.0
	0.2253290757982831	SEQC	bootstrap	866.0
	0.2697350993253309	SEQC	bootstrap	867.0
	0.05238268731748441	SEQC	bootstrap	868.0
	0.1639683225600339	SEQC	bootstrap	869.0
	-0.035025105245923616	SEQC	bootstrap	870.0
	0.028773413826460814	SEQC	bootstrap	871.0
	0.06791471862054976	SEQC	bootstrap	872.0
	0.1173484413677599	SEQC	bootstrap	873.0
	0.1906090637099198	SEQC	bootstrap	874.0
	0.10115060764286454	SEQC	bootstrap	875.0
	-0.0024169982402217904	SEQC	bootstrap	876.0
	0.1311316025963647	SEQC	bootstrap	877.0
	0.10280675367468506	SEQC	bootstrap	878.0
	0.16316831968539347	SEQC	bootstrap	879.0
	0.12739613304200992	SEQC	bootstrap	880.0
	0.0777443460382945	SEQC	bootstrap	881.0
	0.14489099959690233	SEQC	bootstrap	882.0
	0.014787321893332095	SEQC	bootstrap	883.0
	0.26813055316511347	SEQC	bootstrap	884.0
	0.12586949608513676	SEQC	bootstrap	885.0
	0.1486755971622773	SEQC	bootstrap	886.0
	0.12248424975765815	SEQC	bootstrap	887.0
	0.30060988277490663	SEQC	bootstrap	888.0
	-0.06474674809006453	SEQC	bootstrap	889.0
	0.19996845113958583	SEQC	bootstrap	890.0
	0.13841326726864045	SEQC	bootstrap	891.0
	0.06971537744311362	SEQC	bootstrap	892.0
	0.10046048136640451	SEQC	bootstrap	893.0
	-0.09594901918437682	SEQC	bootstrap	894.0
	0.26552385070794715	SEQC	bootstrap	895.0
	0.21714455824105228	SEQC	bootstrap	896.0
	0.2127932656715532	SEQC	bootstrap	897.0
	0.012365051652316605	SEQC	bootstrap	898.0
	0.17108462627483512	SEQC	bootstrap	899.0
	-0.024553212018555204	SEQC	bootstrap	900.0
	0.2727370221296943	SEQC	bootstrap	901.0
	-0.02933887606494956	SEQC	bootstrap	902.0
	0.27191145421154284	SEQC	bootstrap	903.0
	0.2815950731783041	SEQC	bootstrap	904.0
	0.29130860108515755	SEQC	bootstrap	905.0
	0.06676490668449864	SEQC	bootstrap	906.0
	0.08106270612585442	SEQC	bootstrap	907.0
	0.19103965202693196	SEQC	bootstrap	908.0
	0.06686955998104782	SEQC	bootstrap	909.0
	-0.020977195157361628	SEQC	bootstrap	910.0
	0.09202740112070185	SEQC	bootstrap	911.0
	0.18959665048669816	SEQC	bootstrap	912.0
	0.17466159967497452	SEQC	bootstrap	913.0
	0.1436115151031414	SEQC	bootstrap	914.0
	0.08542275653645293	SEQC	bootstrap	915.0
	-0.0070355611438355226	SEQC	bootstrap	916.0
	-0.023950670356086334	SEQC	bootstrap	917.0
	0.09517906183115699	SEQC	bootstrap	918.0
	0.029662042296454416	SEQC	bootstrap	919.0
	-0.07686865147216171	SEQC	bootstrap	920.0
	0.1338750350755573	SEQC	bootstrap	921.0
	0.23670954285425871	SEQC	bootstrap	922.0
	0.22866031694604105	SEQC	bootstrap	923.0
	0.3352801882788272	SEQC	bootstrap	924.0
	0.07189719082357238	SEQC	bootstrap	925.0
	0.0658890530866274	SEQC	bootstrap	926.0
	0.130268623599199	SEQC	bootstrap	927.0
	0.11932762705852662	SEQC	bootstrap	928.0
	0.05473591492233698	SEQC	bootstrap	929.0
	0.14358397189298078	SEQC	bootstrap	930.0
	0.08198164039379874	SEQC	bootstrap	931.0
	0.07589998435449985	SEQC	bootstrap	932.0
	0.10594594909878907	SEQC	bootstrap	933.0
	0.3061498838845078	SEQC	bootstrap	934.0
	0.19936614975105416	SEQC	bootstrap	935.0
	0.12346887702190834	SEQC	bootstrap	936.0
	0.10307945903013938	SEQC	bootstrap	937.0
	0.14859980698288133	SEQC	bootstrap	938.0
	0.21601973111382966	SEQC	bootstrap	939.0
	-0.006624819574221341	SEQC	bootstrap	940.0
	0.1965470682744166	SEQC	bootstrap	941.0
	0.03438250892803563	SEQC	bootstrap	942.0
	0.04270148156604936	SEQC	bootstrap	943.0
	0.30621991085602174	SEQC	bootstrap	944.0
	-0.11411467019562904	SEQC	bootstrap	945.0
	0.1736578822619359	SEQC	bootstrap	946.0
	0.3080528132953626	SEQC	bootstrap	947.0
	0.315831109669674	SEQC	bootstrap	948.0
	0.1718235442608349	SEQC	bootstrap	949.0
	0.16613693236252125	SEQC	bootstrap	950.0
	0.07510814341591754	SEQC	bootstrap	951.0
	0.14585153900389525	SEQC	bootstrap	952.0
	-0.03729345837360043	SEQC	bootstrap	953.0
	0.110349550833448	SEQC	bootstrap	954.0
	0.2885945532479379	SEQC	bootstrap	955.0
	0.17442555952460204	SEQC	bootstrap	956.0
	0.08409602931964644	SEQC	bootstrap	957.0
	0.20487624389319814	SEQC	bootstrap	958.0
	0.1704029581347375	SEQC	bootstrap	959.0
	0.18701153490228295	SEQC	bootstrap	960.0
	-0.01756198635700823	SEQC	bootstrap	961.0
	0.08610010524002032	SEQC	bootstrap	962.0
	0.1917303865792781	SEQC	bootstrap	963.0
	0.16041130534810089	SEQC	bootstrap	964.0
	0.26378058187441766	SEQC	bootstrap	965.0
	0.030081108772368914	SEQC	bootstrap	966.0
	0.28577666208888397	SEQC	bootstrap	967.0
	-0.14713508046692736	SEQC	bootstrap	968.0
	0.24455290112925532	SEQC	bootstrap	969.0
	0.1430576410987987	SEQC	bootstrap	970.0
	0.040501651923909865	SEQC	bootstrap	971.0
	0.06975709237529548	SEQC	bootstrap	972.0
	0.2210244961302923	SEQC	bootstrap	973.0
	0.17969518113687322	SEQC	bootstrap	974.0
	0.2382716565397902	SEQC	bootstrap	975.0
	0.18116722489157988	SEQC	bootstrap	976.0
	0.14007672886108358	SEQC	bootstrap	977.0
	0.0024316758199618427	SEQC	bootstrap	978.0
	0.06219188972221179	SEQC	bootstrap	979.0
	0.22727966434431934	SEQC	bootstrap	980.0
	0.13696052772542888	SEQC	bootstrap	981.0
	0.02419178151960244	SEQC	bootstrap	982.0
	0.11114503449553936	SEQC	bootstrap	983.0
	0.1258433489344326	SEQC	bootstrap	984.0
	0.1560623985566325	SEQC	bootstrap	985.0
	0.018684821834409338	SEQC	bootstrap	986.0
	0.15499473473038217	SEQC	bootstrap	987.0
	0.01879829352579332	SEQC	bootstrap	988.0
	0.22774785039904843	SEQC	bootstrap	989.0
	0.010856946183261496	SEQC	bootstrap	990.0
	0.03561387762019885	SEQC	bootstrap	991.0
	0.3391008062371239	SEQC	bootstrap	992.0
	0.1967169105890334	SEQC	bootstrap	993.0
	0.2511082109418532	SEQC	bootstrap	994.0
	0.12272978467425766	SEQC	bootstrap	995.0
	0.17328630737187112	SEQC	bootstrap	996.0
	0.05556531411058119	SEQC	bootstrap	997.0
	0.06613015974331171	SEQC	bootstrap	998.0
	0.038791179741355375	SEQC	bootstrap	999.0
	0.11517405627543953	SEQC	bootstrap	1000.0
	0.16191068172675127	SEQC	bootstrap	1001.0
	0.15009980740333262	SEQC	bootstrap	1002.0
	0.21724710433385175	SEQC	bootstrap	1003.0
	0.0775377763902072	SEQC	bootstrap	1004.0
	0.13814757375125186	SEQC	bootstrap	1005.0
	0.3808529388593831	SEQC	bootstrap	1006.0
	0.28164142745799303	SEQC	bootstrap	1007.0
	0.23693735085443368	SEQC	bootstrap	1008.0
	0.20322876686336144	SEQC	bootstrap	1009.0
	0.18130131116421833	SEQC	bootstrap	1010.0
	0.06313775460650062	SEQC	bootstrap	1011.0
	0.17521904172000635	SEQC	bootstrap	1012.0
	0.054535144880417	SEQC	bootstrap	1013.0
	-0.010194765310427734	SEQC	bootstrap	1014.0
	0.07121597163312732	SEQC	bootstrap	1015.0
	-0.040759327966070735	SEQC	bootstrap	1016.0
	0.23768712137483394	SEQC	bootstrap	1017.0
	-0.01097185802469225	SEQC	bootstrap	1018.0
	0.4021650280413369	SEQC	bootstrap	1019.0
	0.07406149754456504	SEQC	bootstrap	1020.0
	0.04118298582871338	SEQC	bootstrap	1021.0
	0.3304820060154485	SEQC	bootstrap	1022.0
	0.11704562181168443	SEQC	bootstrap	1023.0
	0.06225435356032927	SEQC	bootstrap	1024.0
	0.18815608281449103	SEQC	bootstrap	1025.0
	0.3203293012888384	SEQC	bootstrap	1026.0
	0.24305168401337918	SEQC	bootstrap	1027.0
	0.03683632632035261	SEQC	bootstrap	1028.0
	0.17807473814952912	SEQC	bootstrap	1029.0
	0.1608153398206542	SEQC	bootstrap	1030.0
	0.2956814452507195	SEQC	bootstrap	1031.0
	0.24528840851855493	SEQC	bootstrap	1032.0
	0.24353349977263328	SEQC	bootstrap	1033.0
	0.10236111168105433	SEQC	bootstrap	1034.0
	0.26328809164486033	SEQC	bootstrap	1035.0
	0.2285783685497429	SEQC	bootstrap	1036.0
	0.2404342977240539	SEQC	bootstrap	1037.0
	0.3574305655723258	SEQC	bootstrap	1038.0
	0.06931005753828634	SEQC	bootstrap	1039.0
	0.056389482892575504	SEQC	bootstrap	1040.0
	0.22809527398315677	SEQC	bootstrap	1041.0
	0.10999744869857864	SEQC	bootstrap	1042.0
	-0.09185605392016338	SEQC	bootstrap	1043.0
	0.12831879393345735	SEQC	bootstrap	1044.0
	0.10790505156660579	SEQC	bootstrap	1045.0
	0.024459681257197552	SEQC	bootstrap	1046.0
	0.12609661798440497	SEQC	bootstrap	1047.0
	0.160586218147035	SEQC	bootstrap	1048.0
	0.1080644167348197	SEQC	bootstrap	1049.0
	-0.017740006215358317	SEQC	bootstrap	1050.0
	0.24380864523701407	SEQC	bootstrap	1051.0
	0.12194249685010528	SEQC	bootstrap	1052.0
	0.18042337187652935	SEQC	bootstrap	1053.0
	0.02833889120861066	SEQC	bootstrap	1054.0
	0.02755806969164265	SEQC	bootstrap	1055.0
	0.19947039043560943	SEQC	bootstrap	1056.0
	0.1930328022924317	SEQC	bootstrap	1057.0
	0.1796567582243802	SEQC	bootstrap	1058.0
	-0.0013687969646363207	SEQC	bootstrap	1059.0
	0.023622877025962108	SEQC	bootstrap	1060.0
	0.23239551729456576	SEQC	bootstrap	1061.0
	0.10962351501609868	SEQC	bootstrap	1062.0
	0.40731309968992324	SEQC	bootstrap	1063.0
	0.27783559359781806	SEQC	bootstrap	1064.0
	0.10351195185650308	SEQC	bootstrap	1065.0
	0.13282782431690432	SEQC	bootstrap	1066.0
	0.1988839089243677	SEQC	bootstrap	1067.0
	0.16159070782306184	SEQC	bootstrap	1068.0
	0.12345825973099167	SEQC	bootstrap	1069.0
	0.21095174487581492	SEQC	bootstrap	1070.0
	0.16930647192115433	SEQC	bootstrap	1071.0
	0.3184378542349209	SEQC	bootstrap	1072.0
	0.23696037954948146	SEQC	bootstrap	1073.0
	0.1681571309206773	SEQC	bootstrap	1074.0
	0.1377907938913836	SEQC	bootstrap	1075.0
	0.27760917520119577	SEQC	bootstrap	1076.0
	0.08985909329733621	SEQC	bootstrap	1077.0
	0.08674945157833536	SEQC	bootstrap	1078.0
	0.17232353082935647	SEQC	bootstrap	1079.0
	0.3087120084112214	SEQC	bootstrap	1080.0
	0.17523996931367636	SEQC	bootstrap	1081.0
	-0.001105624057868848	SEQC	bootstrap	1082.0
	0.10689468406956815	SEQC	bootstrap	1083.0
	0.23446353635341888	SEQC	bootstrap	1084.0
	0.2933805050845306	SEQC	bootstrap	1085.0
	0.08278534913237001	SEQC	bootstrap	1086.0
	0.2620777910201353	SEQC	bootstrap	1087.0
	0.24228459606225172	SEQC	bootstrap	1088.0
	0.3099149861991508	SEQC	bootstrap	1089.0
	0.11761364618882153	SEQC	bootstrap	1090.0
	0.303025931399024	SEQC	bootstrap	1091.0
	-0.02611395474707967	SEQC	bootstrap	1092.0
	-0.003490032753424188	SEQC	bootstrap	1093.0
	0.4519087060673974	SEQC	bootstrap	1094.0
	0.22247075529099147	SEQC	bootstrap	1095.0
	0.11269223298424524	SEQC	bootstrap	1096.0
	0.2218294826328866	SEQC	bootstrap	1097.0
	0.27267689047755184	SEQC	bootstrap	1098.0
	0.14436501683999392	SEQC	bootstrap	1099.0
	0.1501209468881206	SEQC	bootstrap	1100.0
	0.09296346622547613	SEQC	bootstrap	1101.0
	-0.009692833620069674	SEQC	bootstrap	1102.0
	0.213276875805259	SEQC	bootstrap	1103.0
	0.09407640196965339	SEQC	bootstrap	1104.0
	0.22979142902875482	SEQC	bootstrap	1105.0
	0.06747817236030285	SEQC	bootstrap	1106.0
	0.0021104014256176917	SEQC	bootstrap	1107.0
	0.2053190270321763	SEQC	bootstrap	1108.0
	0.225791647918979	SEQC	bootstrap	1109.0
	0.15593030753182413	SEQC	bootstrap	1110.0
	0.15061935170643315	SEQC	bootstrap	1111.0
	0.1707836432296892	SEQC	bootstrap	1112.0
	0.14731480351222004	SEQC	bootstrap	1113.0
	0.13484785968517654	SEQC	bootstrap	1114.0
	0.07128038452031404	SEQC	bootstrap	1115.0
	0.07822138992806549	SEQC	bootstrap	1116.0
	0.2615359784100857	SEQC	bootstrap	1117.0
	0.1500095353678481	SEQC	bootstrap	1118.0
	0.11901196132260283	SEQC	bootstrap	1119.0
	0.05876155038794417	SEQC	bootstrap	1120.0
	0.15190552644476352	SEQC	bootstrap	1121.0
	-0.09169873910125315	SEQC	bootstrap	1122.0
	0.10980642216922476	SEQC	bootstrap	1123.0
	0.13776968204203488	SEQC	bootstrap	1124.0
	0.10571001646906719	SEQC	bootstrap	1125.0
	-0.03289724498109026	SEQC	bootstrap	1126.0
	0.27029960095268324	SEQC	bootstrap	1127.0
	0.23673150175894575	SEQC	bootstrap	1128.0
	0.028211765553243673	SEQC	bootstrap	1129.0
	0.09232102176639279	SEQC	bootstrap	1130.0
	-0.04056661205022927	SEQC	bootstrap	1131.0
	0.07932183479445998	SEQC	bootstrap	1132.0
	0.15777185465446886	SEQC	bootstrap	1133.0
	-0.0018094206849719185	SEQC	bootstrap	1134.0
	-0.050573529915428406	SEQC	bootstrap	1135.0
	0.11186768997852825	SEQC	bootstrap	1136.0
	0.23417273710672815	SEQC	bootstrap	1137.0
	0.16215798992940123	SEQC	bootstrap	1138.0
	0.27186234356857586	SEQC	bootstrap	1139.0
	0.157811286367735	SEQC	bootstrap	1140.0
	0.11142688835587755	SEQC	bootstrap	1141.0
	0.05445797092271354	SEQC	bootstrap	1142.0
	0.1525936314574876	SEQC	bootstrap	1143.0
	0.15185692120397798	SEQC	bootstrap	1144.0
	-0.1471065615573055	SEQC	bootstrap	1145.0
	0.2799710529629653	SEQC	bootstrap	1146.0
	0.16176163281116596	SEQC	bootstrap	1147.0
	0.22749398145984	SEQC	bootstrap	1148.0
	0.13905555199835629	SEQC	bootstrap	1149.0
	0.16448142210600292	SEQC	bootstrap	1150.0
	-0.08682283578688876	SEQC	bootstrap	1151.0
	-0.02297001311115654	SEQC	bootstrap	1152.0
	0.10189454614828808	SEQC	bootstrap	1153.0
	0.09680471862795814	SEQC	bootstrap	1154.0
	0.2962148968616165	SEQC	bootstrap	1155.0
	0.22395341304112915	SEQC	bootstrap	1156.0
	0.12919615366114945	SEQC	bootstrap	1157.0
	0.07373298664330674	SEQC	bootstrap	1158.0
	0.1661066405659577	SEQC	bootstrap	1159.0
	0.06999696694633695	SEQC	bootstrap	1160.0
	0.15750242990672847	SEQC	bootstrap	1161.0
	0.22228931667327778	SEQC	bootstrap	1162.0
	0.32250600681616026	SEQC	bootstrap	1163.0
	0.24278887632913193	SEQC	bootstrap	1164.0
	0.3080049371591951	SEQC	bootstrap	1165.0
	0.18617024787786596	SEQC	bootstrap	1166.0
	0.31726335292166796	SEQC	bootstrap	1167.0
	0.22055026878746098	SEQC	bootstrap	1168.0
	0.145609920702233	SEQC	bootstrap	1169.0
	0.11862770650263199	SEQC	bootstrap	1170.0
	0.06302205149980633	SEQC	bootstrap	1171.0
	0.00707730250089833	SEQC	bootstrap	1172.0
	0.19902851507174013	SEQC	bootstrap	1173.0
	0.20694786110180985	SEQC	bootstrap	1174.0
	0.3195796728424982	SEQC	bootstrap	1175.0
	0.15615830010347453	SEQC	bootstrap	1176.0
	0.2728365227067804	SEQC	bootstrap	1177.0
	0.14584483223513933	SEQC	bootstrap	1178.0
	0.2795185182720821	SEQC	bootstrap	1179.0
	0.0951240744619386	SEQC	bootstrap	1180.0
	0.010014839993762514	SEQC	bootstrap	1181.0
	0.2549514100602286	SEQC	bootstrap	1182.0
	0.19494827705457718	SEQC	bootstrap	1183.0
	-0.014244758016404457	SEQC	bootstrap	1184.0
	0.048233593372120076	SEQC	bootstrap	1185.0
	0.15098620371304383	SEQC	bootstrap	1186.0
	0.021566947985857787	SEQC	bootstrap	1187.0
	0.20527262189244944	SEQC	bootstrap	1188.0
	0.02937923002625542	SEQC	bootstrap	1189.0
	0.02714314791572292	SEQC	bootstrap	1190.0
	0.35483229633708957	SEQC	bootstrap	1191.0
	0.17856293063638784	SEQC	bootstrap	1192.0
	0.08403146538711326	SEQC	bootstrap	1193.0
	0.1583075194604846	SEQC	bootstrap	1194.0
	0.08108176153580038	SEQC	bootstrap	1195.0
	0.14087791119798654	SEQC	bootstrap	1196.0
	0.11238781737997572	SEQC	bootstrap	1197.0
	0.2815318314746462	SEQC	bootstrap	1198.0
	0.2299862921932978	SEQC	bootstrap	1199.0
	0.22609725010495474	SEQC	bootstrap	1200.0
	0.16598599087584276	SEQC	bootstrap	1201.0
	0.2267962595321502	SEQC	bootstrap	1202.0
	0.23317918749564992	SEQC	bootstrap	1203.0
	0.04403004276724687	SEQC	bootstrap	1204.0
	0.2886909880340567	SEQC	bootstrap	1205.0
	0.29807189412304647	SEQC	bootstrap	1206.0
	0.2205533191149862	SEQC	bootstrap	1207.0
	-0.11457337191597583	SEQC	bootstrap	1208.0
	0.16169488627609452	SEQC	bootstrap	1209.0
	0.059605457530634176	SEQC	bootstrap	1210.0
	0.17329577561662335	SEQC	bootstrap	1211.0
	0.13558373270918844	SEQC	bootstrap	1212.0
	-0.013578056743073219	SEQC	bootstrap	1213.0
	0.23457080819148057	SEQC	bootstrap	1214.0
	0.21332468406765503	SEQC	bootstrap	1215.0
	0.2305083491903499	SEQC	bootstrap	1216.0
	0.22372150969330962	SEQC	bootstrap	1217.0
	0.1181657161530989	SEQC	bootstrap	1218.0
	-0.023329250412331692	SEQC	bootstrap	1219.0
	0.3096024067054728	SEQC	bootstrap	1220.0
	0.21155459838368929	SEQC	bootstrap	1221.0
	0.23193503648647384	SEQC	bootstrap	1222.0
	0.22770428210909488	SEQC	bootstrap	1223.0
	0.2105622804907239	SEQC	bootstrap	1224.0
	0.15317157160795425	SEQC	bootstrap	1225.0
	0.2527853220677869	SEQC	bootstrap	1226.0
	0.12143553436828824	SEQC	bootstrap	1227.0
	0.13306042091028436	SEQC	bootstrap	1228.0
	0.06268346022231386	SEQC	bootstrap	1229.0
	0.11026350978525779	SEQC	bootstrap	1230.0
	0.13830302510922587	SEQC	bootstrap	1231.0
	0.09371043631561049	SEQC	bootstrap	1232.0
	0.3491559505313253	SEQC	bootstrap	1233.0
	0.1813763494559657	SEQC	bootstrap	1234.0
	0.25526422209925936	SEQC	bootstrap	1235.0
	0.2191974760918627	SEQC	bootstrap	1236.0
	0.13286117020199706	SEQC	bootstrap	1237.0
	0.04124755894458865	SEQC	bootstrap	1238.0
	0.04239507238799556	SEQC	bootstrap	1239.0
	0.11145376627000791	SEQC	bootstrap	1240.0
	0.23116144326809218	SEQC	bootstrap	1241.0
	0.007761874994135276	SEQC	bootstrap	1242.0
	0.19565573280394943	SEQC	bootstrap	1243.0
	0.14815359325195354	SEQC	bootstrap	1244.0
	0.3345857736031208	SEQC	bootstrap	1245.0
	0.13159474092365864	SEQC	bootstrap	1246.0
	0.14867140384459132	SEQC	bootstrap	1247.0
	0.19419226794189814	SEQC	bootstrap	1248.0
	0.19237661871171152	SEQC	bootstrap	1249.0
	0.16035999095021447	SEQC	bootstrap	1250.0
	0.15451993194793934	SEQC	bootstrap	1251.0
	0.08671149898200525	SEQC	bootstrap	1252.0
	0.10198571119027422	SEQC	bootstrap	1253.0
	0.13947699014520154	SEQC	bootstrap	1254.0
	0.2703539311829535	SEQC	bootstrap	1255.0
	0.12243851447921195	SEQC	bootstrap	1256.0
	0.046211925493195416	SEQC	bootstrap	1257.0
	0.2504465054835663	SEQC	bootstrap	1258.0
	0.014955265867244272	SEQC	bootstrap	1259.0
	0.16802085788060905	SEQC	bootstrap	1260.0
	0.06070805368412335	SEQC	bootstrap	1261.0
	0.20875815273262344	SEQC	bootstrap	1262.0
	0.06073528758214275	SEQC	bootstrap	1263.0
	-0.024257337945380986	SEQC	bootstrap	1264.0
	0.17302328668269285	SEQC	bootstrap	1265.0
	0.2089209767478062	SEQC	bootstrap	1266.0
	0.30179740014382084	SEQC	bootstrap	1267.0
	0.038666958814741914	SEQC	bootstrap	1268.0
	0.08770808818268483	SEQC	bootstrap	1269.0
	0.23878198091545633	SEQC	bootstrap	1270.0
	0.22534493447421022	SEQC	bootstrap	1271.0
	0.11069610734884883	SEQC	bootstrap	1272.0
	0.16399473213497417	SEQC	bootstrap	1273.0
	0.11126537074406206	SEQC	bootstrap	1274.0
	0.03649952292754488	SEQC	bootstrap	1275.0
	0.21963294716132076	SEQC	bootstrap	1276.0
	0.12461594650610364	SEQC	bootstrap	1277.0
	0.058796151603267344	SEQC	bootstrap	1278.0
	-0.008133756425932503	SEQC	bootstrap	1279.0
	0.197599116824704	SEQC	bootstrap	1280.0
	0.16841620649111633	SEQC	bootstrap	1281.0
	-0.036685164260131575	SEQC	bootstrap	1282.0
	0.10593395205879563	SEQC	bootstrap	1283.0
	0.11938318485917865	SEQC	bootstrap	1284.0
	0.09034593458837215	SEQC	bootstrap	1285.0
	0.26788636917495046	SEQC	bootstrap	1286.0
	-0.11784622935969002	SEQC	bootstrap	1287.0
	0.2491870619553156	SEQC	bootstrap	1288.0
	0.19037305184968778	SEQC	bootstrap	1289.0
	0.2097571815252559	SEQC	bootstrap	1290.0
	-0.013701738447417178	SEQC	bootstrap	1291.0
	0.15428883073985888	SEQC	bootstrap	1292.0
	0.08853014653928604	SEQC	bootstrap	1293.0
	0.2747386328227295	SEQC	bootstrap	1294.0
	0.3427367698642705	SEQC	bootstrap	1295.0
	0.24536619268083681	SEQC	bootstrap	1296.0
	0.2857581879127862	SEQC	bootstrap	1297.0
	0.3155146193421654	SEQC	bootstrap	1298.0
	0.035932928681799314	SEQC	bootstrap	1299.0
	0.04087442523921769	SEQC	bootstrap	1300.0
	0.018917485405933743	SEQC	bootstrap	1301.0
	0.21182543909931217	SEQC	bootstrap	1302.0
	0.0925996152089601	SEQC	bootstrap	1303.0
	0.2979464476918072	SEQC	bootstrap	1304.0
	0.15929761048692992	SEQC	bootstrap	1305.0
	0.21191855868328036	SEQC	bootstrap	1306.0
	0.25619768597684756	SEQC	bootstrap	1307.0
	-0.06169395596494587	SEQC	bootstrap	1308.0
	0.072702867064943	SEQC	bootstrap	1309.0
	0.17032981972296835	SEQC	bootstrap	1310.0
	0.26358218038458325	SEQC	bootstrap	1311.0
	0.2826201666812711	SEQC	bootstrap	1312.0
	0.09160757999555758	SEQC	bootstrap	1313.0
	0.13359659970754212	SEQC	bootstrap	1314.0
	0.08722438068315608	SEQC	bootstrap	1315.0
	-0.1204828542108185	SEQC	bootstrap	1316.0
	0.0793072039082805	SEQC	bootstrap	1317.0
	0.18670467311021488	SEQC	bootstrap	1318.0
	0.13868341869869916	SEQC	bootstrap	1319.0
	0.13423693827917615	SEQC	bootstrap	1320.0
	0.08210347727193668	SEQC	bootstrap	1321.0
	0.08886015786470969	SEQC	bootstrap	1322.0
	0.016306125899093082	SEQC	bootstrap	1323.0
	0.05343276566460364	SEQC	bootstrap	1324.0
	0.16581985806068467	SEQC	bootstrap	1325.0
	0.003925851174156669	SEQC	bootstrap	1326.0
	0.11354826567298737	SEQC	bootstrap	1327.0
	0.2338961307449683	SEQC	bootstrap	1328.0
	0.019610302370256072	SEQC	bootstrap	1329.0
	0.029216590385705565	SEQC	bootstrap	1330.0
	0.2069438287289045	SEQC	bootstrap	1331.0
	0.08993730135088684	SEQC	bootstrap	1332.0
	0.18613707566946713	SEQC	bootstrap	1333.0
	0.22969631416765868	SEQC	bootstrap	1334.0
	0.2899989489081882	SEQC	bootstrap	1335.0
	0.11809671362294916	SEQC	bootstrap	1336.0
	-0.05662854552952323	SEQC	bootstrap	1337.0
	0.0953536725341535	SEQC	bootstrap	1338.0
	0.19403065952191012	SEQC	bootstrap	1339.0
	0.23217714101079645	SEQC	bootstrap	1340.0
	0.24876774161543125	SEQC	bootstrap	1341.0
	0.2554309210253338	SEQC	bootstrap	1342.0
	0.1771603393257868	SEQC	bootstrap	1343.0
	0.1558855641196617	SEQC	bootstrap	1344.0
	0.1263412659315568	SEQC	bootstrap	1345.0
	0.10262589627520535	SEQC	bootstrap	1346.0
	0.2568338832677086	SEQC	bootstrap	1347.0
	-0.08331577865724382	SEQC	bootstrap	1348.0
	0.15866332726008947	SEQC	bootstrap	1349.0
	0.18737204822877462	SEQC	bootstrap	1350.0
	0.13792084978800911	SEQC	bootstrap	1351.0
	0.11221039172551661	SEQC	bootstrap	1352.0
	0.27585394413915054	SEQC	bootstrap	1353.0
	0.11330857890680601	SEQC	bootstrap	1354.0
	0.1543649813279777	SEQC	bootstrap	1355.0
	0.07362023782326022	SEQC	bootstrap	1356.0
	0.03566304623128502	SEQC	bootstrap	1357.0
	0.12495032977364184	SEQC	bootstrap	1358.0
	0.023583328514494184	SEQC	bootstrap	1359.0
	0.1392009276231505	SEQC	bootstrap	1360.0
	0.005421760238096152	SEQC	bootstrap	1361.0
	0.17744353213623443	SEQC	bootstrap	1362.0
	-0.08613976266885937	SEQC	bootstrap	1363.0
	0.18158812562456017	SEQC	bootstrap	1364.0
	-0.05049081895163088	SEQC	bootstrap	1365.0
	0.08489768332010339	SEQC	bootstrap	1366.0
	-0.02799152119300574	SEQC	bootstrap	1367.0
	-0.001035090141135342	SEQC	bootstrap	1368.0
	0.1305892480919537	SEQC	bootstrap	1369.0
	0.11740097532283134	SEQC	bootstrap	1370.0
	0.277837891424638	SEQC	bootstrap	1371.0
	-0.05822738063929389	SEQC	bootstrap	1372.0
	0.2502725619895765	SEQC	bootstrap	1373.0
	0.07554937658333527	SEQC	bootstrap	1374.0
	0.06282547577021047	SEQC	bootstrap	1375.0
	0.196619801615054	SEQC	bootstrap	1376.0
	0.21377367085543142	SEQC	bootstrap	1377.0
	0.0552950477249361	SEQC	bootstrap	1378.0
	0.15738964993067572	SEQC	bootstrap	1379.0
	0.23626956760463846	SEQC	bootstrap	1380.0
	0.0820642015290649	SEQC	bootstrap	1381.0
	0.17592865656310597	SEQC	bootstrap	1382.0
	0.06982431232897213	SEQC	bootstrap	1383.0
	0.05909949660676528	SEQC	bootstrap	1384.0
	0.39332716076471597	SEQC	bootstrap	1385.0
	0.18563579659798002	SEQC	bootstrap	1386.0
	-0.020199436945185667	SEQC	bootstrap	1387.0
	0.08157784027450177	SEQC	bootstrap	1388.0
	0.2284026775631416	SEQC	bootstrap	1389.0
	0.19783383395159593	SEQC	bootstrap	1390.0
	0.14042320994129032	SEQC	bootstrap	1391.0
	-0.03866459405949385	SEQC	bootstrap	1392.0
	0.23707596006024012	SEQC	bootstrap	1393.0
	0.2913289099392897	SEQC	bootstrap	1394.0
	0.16436011663054995	SEQC	bootstrap	1395.0
	-0.0472476761614149	SEQC	bootstrap	1396.0
	0.09343497645942334	SEQC	bootstrap	1397.0
	0.2780780304596351	SEQC	bootstrap	1398.0
	-0.02955395330258792	SEQC	bootstrap	1399.0
	-0.0004329805965399558	SEQC	bootstrap	1400.0
	0.13971824993356874	SEQC	bootstrap	1401.0
	0.08242960121812848	SEQC	bootstrap	1402.0
	0.30158354415431754	SEQC	bootstrap	1403.0
	0.06860358504919084	SEQC	bootstrap	1404.0
	0.15964373446350066	SEQC	bootstrap	1405.0
	0.07195849683093458	SEQC	bootstrap	1406.0
	0.18135074536804474	SEQC	bootstrap	1407.0
	0.1625342913014678	SEQC	bootstrap	1408.0
	0.3033324786224436	SEQC	bootstrap	1409.0
	0.23379725560717723	SEQC	bootstrap	1410.0
	0.2567060499264575	SEQC	bootstrap	1411.0
	0.16236592544356476	SEQC	bootstrap	1412.0
	0.16931108775123738	SEQC	bootstrap	1413.0
	0.12856004649778852	SEQC	bootstrap	1414.0
	0.12582232944536198	SEQC	bootstrap	1415.0
	0.15703683396412993	SEQC	bootstrap	1416.0
	0.02685398446125742	SEQC	bootstrap	1417.0
	0.02900596771716346	SEQC	bootstrap	1418.0
	0.10077916390187314	SEQC	bootstrap	1419.0
	-0.003935479515603468	SEQC	bootstrap	1420.0
	0.046896835182408836	SEQC	bootstrap	1421.0
	0.21247643541010897	SEQC	bootstrap	1422.0
	0.34027111932651266	SEQC	bootstrap	1423.0
	0.16494875830448574	SEQC	bootstrap	1424.0
	0.2622152523208712	SEQC	bootstrap	1425.0
	0.15851336472466926	SEQC	bootstrap	1426.0
	0.08357763623239212	SEQC	bootstrap	1427.0
	0.10524640502670923	SEQC	bootstrap	1428.0
	0.029437078745208733	SEQC	bootstrap	1429.0
	0.21729576179304555	SEQC	bootstrap	1430.0
	0.14213568986534986	SEQC	bootstrap	1431.0
	0.16210623783210387	SEQC	bootstrap	1432.0
	-0.062160108212974574	SEQC	bootstrap	1433.0
	0.1628081850126235	SEQC	bootstrap	1434.0
	0.3764173086004461	SEQC	bootstrap	1435.0
	0.09316306116298101	SEQC	bootstrap	1436.0
	0.31830581644144695	SEQC	bootstrap	1437.0
	0.23255668633730453	SEQC	bootstrap	1438.0
	0.05000379029493196	SEQC	bootstrap	1439.0
	0.06137484129723125	SEQC	bootstrap	1440.0
	0.11826355389386611	SEQC	bootstrap	1441.0
	0.12724454110976424	SEQC	bootstrap	1442.0
	0.03588874988354185	SEQC	bootstrap	1443.0
	0.18537601012003346	SEQC	bootstrap	1444.0
	0.24606920427233936	SEQC	bootstrap	1445.0
	0.2207879567669404	SEQC	bootstrap	1446.0
	0.03514992632882352	SEQC	bootstrap	1447.0
	0.10394509763147974	SEQC	bootstrap	1448.0
	0.1766441679748092	SEQC	bootstrap	1449.0
	0.08186090242599198	SEQC	bootstrap	1450.0
	0.05158794633995445	SEQC	bootstrap	1451.0
	0.20153314119541355	SEQC	bootstrap	1452.0
	0.25030672956183775	SEQC	bootstrap	1453.0
	0.29042392569676245	SEQC	bootstrap	1454.0
	0.31138443849773134	SEQC	bootstrap	1455.0
	0.023418152751529586	SEQC	bootstrap	1456.0
	0.19710891031848732	SEQC	bootstrap	1457.0
	0.21869694666206652	SEQC	bootstrap	1458.0
	0.22733662363034357	SEQC	bootstrap	1459.0
	0.03307654001530702	SEQC	bootstrap	1460.0
	0.3055341167693273	SEQC	bootstrap	1461.0
	0.24937930749484982	SEQC	bootstrap	1462.0
	0.2576460502706608	SEQC	bootstrap	1463.0
	0.062279101709456164	SEQC	bootstrap	1464.0
	0.23074341160874745	SEQC	bootstrap	1465.0
	0.23301374489868731	SEQC	bootstrap	1466.0
	0.12930574852213628	SEQC	bootstrap	1467.0
	0.20480453597113302	SEQC	bootstrap	1468.0
	-0.01513096140050374	SEQC	bootstrap	1469.0
	0.22799713263709975	SEQC	bootstrap	1470.0
	-0.015401377098511748	SEQC	bootstrap	1471.0
	0.23375026147624345	SEQC	bootstrap	1472.0
	-0.029317499148190596	SEQC	bootstrap	1473.0
	0.1673444530880137	SEQC	bootstrap	1474.0
	0.15588409712479923	SEQC	bootstrap	1475.0
	0.22954387958843903	SEQC	bootstrap	1476.0
	0.1738932195253935	SEQC	bootstrap	1477.0
	0.4082940221397191	SEQC	bootstrap	1478.0
	0.06277392733912102	SEQC	bootstrap	1479.0
	0.10400235776151945	SEQC	bootstrap	1480.0
	0.11618624248873521	SEQC	bootstrap	1481.0
	0.21622522920789367	SEQC	bootstrap	1482.0
	0.022600369762133976	SEQC	bootstrap	1483.0
	0.10777099783098798	SEQC	bootstrap	1484.0
	0.43130411425058846	SEQC	bootstrap	1485.0
	0.1428398475161501	SEQC	bootstrap	1486.0
	0.18364782184166195	SEQC	bootstrap	1487.0
	0.0421080113984047	SEQC	bootstrap	1488.0
	0.1683663295368074	SEQC	bootstrap	1489.0
	0.24920163542851181	SEQC	bootstrap	1490.0
	0.19553662262936333	SEQC	bootstrap	1491.0
	0.2511549932733539	SEQC	bootstrap	1492.0
	0.16714670032073808	SEQC	bootstrap	1493.0
	0.16002089461656155	SEQC	bootstrap	1494.0
	0.42030446557814427	SEQC	bootstrap	1495.0
	0.11441510663090293	SEQC	bootstrap	1496.0
	0.20443364899018723	SEQC	bootstrap	1497.0
	0.3348880137043313	SEQC	bootstrap	1498.0
	0.26637329115326613	SEQC	bootstrap	1499.0
	0.12851637281990458	SEQC	bootstrap	1500.0
	0.18274288564148744	SEQC	bootstrap	1501.0
	0.18467247640571616	SEQC	bootstrap	1502.0
	0.1057751665006812	SEQC	bootstrap	1503.0
	0.06865122372770571	SEQC	bootstrap	1504.0
	0.09888655465265472	SEQC	bootstrap	1505.0
	0.23361428614032764	SEQC	bootstrap	1506.0
	0.1832638046768058	SEQC	bootstrap	1507.0
	0.16971559838287575	SEQC	bootstrap	1508.0
	0.09550820093972012	SEQC	bootstrap	1509.0
	0.08517558814862802	SEQC	bootstrap	1510.0
	0.06940193795906291	SEQC	bootstrap	1511.0
	0.08129776889317064	SEQC	bootstrap	1512.0
	0.15191388526077576	SEQC	bootstrap	1513.0
	0.186607163945252	SEQC	bootstrap	1514.0
	0.04282547265666725	SEQC	bootstrap	1515.0
	0.08085348805243875	SEQC	bootstrap	1516.0
	0.1550982550107607	SEQC	bootstrap	1517.0
	0.048751128998203885	SEQC	bootstrap	1518.0
	0.1004008948016688	SEQC	bootstrap	1519.0
	-0.02874405121159107	SEQC	bootstrap	1520.0
	0.17073633856477644	SEQC	bootstrap	1521.0
	0.10861359600175957	SEQC	bootstrap	1522.0
	0.0880541688869858	SEQC	bootstrap	1523.0
	0.13815645683597344	SEQC	bootstrap	1524.0
	0.1385931032241854	SEQC	bootstrap	1525.0
	0.19509492821448715	SEQC	bootstrap	1526.0
	0.04960067938253854	SEQC	bootstrap	1527.0
	0.13464966898298325	SEQC	bootstrap	1528.0
	0.21886722591287988	SEQC	bootstrap	1529.0
	0.21778422093754957	SEQC	bootstrap	1530.0
	0.029879201041352665	SEQC	bootstrap	1531.0
	0.27278212886654263	SEQC	bootstrap	1532.0
	0.05370785965523961	SEQC	bootstrap	1533.0
	0.3602537688058711	SEQC	bootstrap	1534.0
	0.10567706151485412	SEQC	bootstrap	1535.0
	0.2701660007253528	SEQC	bootstrap	1536.0
	0.08216273403686403	SEQC	bootstrap	1537.0
	0.046572604207459456	SEQC	bootstrap	1538.0
	0.1045585257133328	SEQC	bootstrap	1539.0
	0.23759230034818524	SEQC	bootstrap	1540.0
	0.14987001223689722	SEQC	bootstrap	1541.0
	-0.14572301655602438	SEQC	bootstrap	1542.0
	0.19734410647498413	SEQC	bootstrap	1543.0
	0.3261641709627958	SEQC	bootstrap	1544.0
	0.14369906794141984	SEQC	bootstrap	1545.0
	0.18560373986409928	SEQC	bootstrap	1546.0
	0.1839538099363205	SEQC	bootstrap	1547.0
	0.10807756437515925	SEQC	bootstrap	1548.0
	0.10348247141626432	SEQC	bootstrap	1549.0
	0.1932973495170507	SEQC	bootstrap	1550.0
	0.23119393550082945	SEQC	bootstrap	1551.0
	0.10937078131607114	SEQC	bootstrap	1552.0
	0.24784744951811843	SEQC	bootstrap	1553.0
	0.16094030073591004	SEQC	bootstrap	1554.0
	0.11132378944458221	SEQC	bootstrap	1555.0
	0.11144157846776448	SEQC	bootstrap	1556.0
	0.2691188495152823	SEQC	bootstrap	1557.0
	0.20016634173001835	SEQC	bootstrap	1558.0
	0.10269313073099617	SEQC	bootstrap	1559.0
	0.13451813225807552	SEQC	bootstrap	1560.0
	0.22702762834414614	SEQC	bootstrap	1561.0
	0.018820894411100575	SEQC	bootstrap	1562.0
	0.20257461183974534	SEQC	bootstrap	1563.0
	0.04314188395030216	SEQC	bootstrap	1564.0
	0.3053149387203171	SEQC	bootstrap	1565.0
	0.13709108882205223	SEQC	bootstrap	1566.0
	0.18242212104166455	SEQC	bootstrap	1567.0
	0.1269887832478096	SEQC	bootstrap	1568.0
	0.1882253130709377	SEQC	bootstrap	1569.0
	0.0833172861754834	SEQC	bootstrap	1570.0
	0.1709275474696832	SEQC	bootstrap	1571.0
	0.19992660887282643	SEQC	bootstrap	1572.0
	0.010440267047668872	SEQC	bootstrap	1573.0
	0.15829848218255194	SEQC	bootstrap	1574.0
	0.19795506125650641	SEQC	bootstrap	1575.0
	0.040742599595802176	SEQC	bootstrap	1576.0
	0.261377057345606	SEQC	bootstrap	1577.0
	0.20989302421160438	SEQC	bootstrap	1578.0
	0.07439800351337356	SEQC	bootstrap	1579.0
	0.005907029760987559	SEQC	bootstrap	1580.0
	0.10654800224457794	SEQC	bootstrap	1581.0
	0.21854169800140522	SEQC	bootstrap	1582.0
	0.10465543150197965	SEQC	bootstrap	1583.0
	0.24289057082457077	SEQC	bootstrap	1584.0
	0.16576365469704868	SEQC	bootstrap	1585.0
	0.13910094744309154	SEQC	bootstrap	1586.0
	0.08168940679300407	SEQC	bootstrap	1587.0
	0.04562134869000811	SEQC	bootstrap	1588.0
	0.21293252705589305	SEQC	bootstrap	1589.0
	0.1063640734859268	SEQC	bootstrap	1590.0
	-0.07755539066909689	SEQC	bootstrap	1591.0
	0.06838259804997993	SEQC	bootstrap	1592.0
	0.18775465202847963	SEQC	bootstrap	1593.0
	0.23924838366827084	SEQC	bootstrap	1594.0
	0.18429935298726763	SEQC	bootstrap	1595.0
	0.22462344335544904	SEQC	bootstrap	1596.0
	0.03416663259283492	SEQC	bootstrap	1597.0
	0.10325744584176944	SEQC	bootstrap	1598.0
	0.11913047832687074	SEQC	bootstrap	1599.0
	0.17702794685677103	SEQC	bootstrap	1600.0
	0.2377370163964727	SEQC	bootstrap	1601.0
	0.12779048576895624	SEQC	bootstrap	1602.0
	0.25032077233974803	SEQC	bootstrap	1603.0
	-0.06371542970583599	SEQC	bootstrap	1604.0
	0.2199793946305162	SEQC	bootstrap	1605.0
	0.2678401287675869	SEQC	bootstrap	1606.0
	0.3041518991092258	SEQC	bootstrap	1607.0
	-0.03038376891267447	SEQC	bootstrap	1608.0
	0.060816194224401876	SEQC	bootstrap	1609.0
	0.23288795881586566	SEQC	bootstrap	1610.0
	0.09901225644905676	SEQC	bootstrap	1611.0
	0.16155998477834688	SEQC	bootstrap	1612.0
	0.1961968006785746	SEQC	bootstrap	1613.0
	0.2741729419381862	SEQC	bootstrap	1614.0
	0.12248722609642249	SEQC	bootstrap	1615.0
	0.12250154981705963	SEQC	bootstrap	1616.0
	0.048778707453475345	SEQC	bootstrap	1617.0
	-0.13657406778534753	SEQC	bootstrap	1618.0
	0.18617941297065688	SEQC	bootstrap	1619.0
	0.12680520525209538	SEQC	bootstrap	1620.0
	0.10806138705845258	SEQC	bootstrap	1621.0
	0.12005074557614925	SEQC	bootstrap	1622.0
	-0.0192711493243225	SEQC	bootstrap	1623.0
	0.19154139972047224	SEQC	bootstrap	1624.0
	0.2526895977789385	SEQC	bootstrap	1625.0
	0.10666566833954105	SEQC	bootstrap	1626.0
	0.047653737022082865	SEQC	bootstrap	1627.0
	0.25011786252484125	SEQC	bootstrap	1628.0
	0.02981327434198011	SEQC	bootstrap	1629.0
	0.2600895313576457	SEQC	bootstrap	1630.0
	0.11740299966017576	SEQC	bootstrap	1631.0
	-0.031087144469897687	SEQC	bootstrap	1632.0
	0.24874505708659278	SEQC	bootstrap	1633.0
	0.20253616516691553	SEQC	bootstrap	1634.0
	-0.06382462650381271	SEQC	bootstrap	1635.0
	0.05455431673511635	SEQC	bootstrap	1636.0
	0.266204194685423	SEQC	bootstrap	1637.0
	0.25093703573015347	SEQC	bootstrap	1638.0
	0.17101861727223477	SEQC	bootstrap	1639.0
	0.029955174263492257	SEQC	bootstrap	1640.0
	0.04184690100591837	SEQC	bootstrap	1641.0
	0.27369948168866065	SEQC	bootstrap	1642.0
	0.10943446037786275	SEQC	bootstrap	1643.0
	0.1811692302084662	SEQC	bootstrap	1644.0
	0.1623648766123562	SEQC	bootstrap	1645.0
	0.07224506312372458	SEQC	bootstrap	1646.0
	0.17784896642649084	SEQC	bootstrap	1647.0
	0.037783867728090836	SEQC	bootstrap	1648.0
	0.23574810102434407	SEQC	bootstrap	1649.0
	0.10180562348031597	SEQC	bootstrap	1650.0
	-0.04240211698850738	SEQC	bootstrap	1651.0
	0.16159631135565133	SEQC	bootstrap	1652.0
	-0.019269446126375378	SEQC	bootstrap	1653.0
	0.37197782241346866	SEQC	bootstrap	1654.0
	0.2164386975813284	SEQC	bootstrap	1655.0
	0.1702082405154921	SEQC	bootstrap	1656.0
	0.002747200112410919	SEQC	bootstrap	1657.0
	0.06801565935433063	SEQC	bootstrap	1658.0
	0.18628832204574186	SEQC	bootstrap	1659.0
	-0.10773629153961961	SEQC	bootstrap	1660.0
	0.16096144446742233	SEQC	bootstrap	1661.0
	0.22431825910206005	SEQC	bootstrap	1662.0
	0.22940159552879535	SEQC	bootstrap	1663.0
	0.08592471438600047	SEQC	bootstrap	1664.0
	0.13962973083859653	SEQC	bootstrap	1665.0
	0.1455900798469627	SEQC	bootstrap	1666.0
	0.13078531207004174	SEQC	bootstrap	1667.0
	0.02706172670453677	SEQC	bootstrap	1668.0
	0.13989551872176165	SEQC	bootstrap	1669.0
	0.08836486922555897	SEQC	bootstrap	1670.0
	-0.006432224052551838	SEQC	bootstrap	1671.0
	0.14278919670421164	SEQC	bootstrap	1672.0
	0.20600629085934719	SEQC	bootstrap	1673.0
	0.14432376464314256	SEQC	bootstrap	1674.0
	0.3421642447929516	SEQC	bootstrap	1675.0
	0.31252027831312557	SEQC	bootstrap	1676.0
	0.1721816455413876	SEQC	bootstrap	1677.0
	0.253726316632664	SEQC	bootstrap	1678.0
	0.12494987319575479	SEQC	bootstrap	1679.0
	0.021383919300164145	SEQC	bootstrap	1680.0
	0.2279977399864519	SEQC	bootstrap	1681.0
	0.21969678919123892	SEQC	bootstrap	1682.0
	0.24294870813024705	SEQC	bootstrap	1683.0
	0.21080914082423208	SEQC	bootstrap	1684.0
	-0.05586735947453425	SEQC	bootstrap	1685.0
	0.3029972703628059	SEQC	bootstrap	1686.0
	0.248850970612005	SEQC	bootstrap	1687.0
	0.14484161840810028	SEQC	bootstrap	1688.0
	0.3589521378040623	SEQC	bootstrap	1689.0
	0.3799002638629503	SEQC	bootstrap	1690.0
	0.06254297280620191	SEQC	bootstrap	1691.0
	0.038855641494284665	SEQC	bootstrap	1692.0
	0.14642236999607716	SEQC	bootstrap	1693.0
	0.24530475929666506	SEQC	bootstrap	1694.0
	-0.04513649096728667	SEQC	bootstrap	1695.0
	0.2124833664569552	SEQC	bootstrap	1696.0
	0.2538221837132504	SEQC	bootstrap	1697.0
	0.19084185184434155	SEQC	bootstrap	1698.0
	0.14187834146521494	SEQC	bootstrap	1699.0
	0.318460257417843	SEQC	bootstrap	1700.0
	0.12363434167408327	SEQC	bootstrap	1701.0
	0.1655984215528794	SEQC	bootstrap	1702.0
	0.06317078316978364	SEQC	bootstrap	1703.0
	0.13182333584494277	SEQC	bootstrap	1704.0
	0.09794276568201976	SEQC	bootstrap	1705.0
	0.21532778410433417	SEQC	bootstrap	1706.0
	0.18345012310083098	SEQC	bootstrap	1707.0
	0.13820437376405614	SEQC	bootstrap	1708.0
	0.24710777938976936	SEQC	bootstrap	1709.0
	0.08783281037585855	SEQC	bootstrap	1710.0
	0.1459001714623538	SEQC	bootstrap	1711.0
	0.1669357898971784	SEQC	bootstrap	1712.0
	-0.041301308755888666	SEQC	bootstrap	1713.0
	0.2307836018272722	SEQC	bootstrap	1714.0
	0.2199989495419743	SEQC	bootstrap	1715.0
	0.042197868096960356	SEQC	bootstrap	1716.0
	0.005106840934655743	SEQC	bootstrap	1717.0
	0.14637656833615997	SEQC	bootstrap	1718.0
	0.3263959213941656	SEQC	bootstrap	1719.0
	0.2018057315486934	SEQC	bootstrap	1720.0
	0.0902050632748792	SEQC	bootstrap	1721.0
	0.16702447395534126	SEQC	bootstrap	1722.0
	0.13509668228125005	SEQC	bootstrap	1723.0
	0.23224186650778655	SEQC	bootstrap	1724.0
	0.11037516958465332	SEQC	bootstrap	1725.0
	0.00038653080982475885	SEQC	bootstrap	1726.0
	0.20778070148671945	SEQC	bootstrap	1727.0
	-0.05575674414473708	SEQC	bootstrap	1728.0
	0.10736042754392106	SEQC	bootstrap	1729.0
	0.1881089718877953	SEQC	bootstrap	1730.0
	0.14312576143024902	SEQC	bootstrap	1731.0
	0.0498421942557159	SEQC	bootstrap	1732.0
	0.06491474615207515	SEQC	bootstrap	1733.0
	0.10364657043246073	SEQC	bootstrap	1734.0
	0.046528258745953455	SEQC	bootstrap	1735.0
	0.08432698346412071	SEQC	bootstrap	1736.0
	0.23041680910855655	SEQC	bootstrap	1737.0
	0.136710418796135	SEQC	bootstrap	1738.0
	-0.016377161267540963	SEQC	bootstrap	1739.0
	0.052731342037180884	SEQC	bootstrap	1740.0
	0.16515792615046188	SEQC	bootstrap	1741.0
	0.10669367311827749	SEQC	bootstrap	1742.0
	0.217609826030293	SEQC	bootstrap	1743.0
	0.1451532221328744	SEQC	bootstrap	1744.0
	0.35405678019305675	SEQC	bootstrap	1745.0
	0.18662671411279108	SEQC	bootstrap	1746.0
	0.025701510295437657	SEQC	bootstrap	1747.0
	0.14947213874609577	SEQC	bootstrap	1748.0
	0.14794558171159178	SEQC	bootstrap	1749.0
	0.3077892944210885	SEQC	bootstrap	1750.0
	0.14178418042085994	SEQC	bootstrap	1751.0
	0.32718626447079036	SEQC	bootstrap	1752.0
	0.10247192939470873	SEQC	bootstrap	1753.0
	0.20080256497486637	SEQC	bootstrap	1754.0
	0.060361244493677635	SEQC	bootstrap	1755.0
	0.040443826065245325	SEQC	bootstrap	1756.0
	0.2792429684078188	SEQC	bootstrap	1757.0
	0.1587209932908653	SEQC	bootstrap	1758.0
	0.04151510863660368	SEQC	bootstrap	1759.0
	0.2107719945233968	SEQC	bootstrap	1760.0
	0.17608762884457008	SEQC	bootstrap	1761.0
	0.06238062421878343	SEQC	bootstrap	1762.0
	0.15374235030858774	SEQC	bootstrap	1763.0
	0.09622904886996642	SEQC	bootstrap	1764.0
	0.16174352403957215	SEQC	bootstrap	1765.0
	0.16659677880385626	SEQC	bootstrap	1766.0
	0.08158097740273229	SEQC	bootstrap	1767.0
	-0.04150413403320208	SEQC	bootstrap	1768.0
	0.31132242655196585	SEQC	bootstrap	1769.0
	0.1994286827664955	SEQC	bootstrap	1770.0
	0.20955151086197343	SEQC	bootstrap	1771.0
	0.13196349472437863	SEQC	bootstrap	1772.0
	0.10142902145216448	SEQC	bootstrap	1773.0
	0.18216332412383585	SEQC	bootstrap	1774.0
	0.022601498518877605	SEQC	bootstrap	1775.0
	0.16684384744798608	SEQC	bootstrap	1776.0
	0.17911547515484516	SEQC	bootstrap	1777.0
	0.09153869563843564	SEQC	bootstrap	1778.0
	-0.08685866112166307	SEQC	bootstrap	1779.0
	0.05396453960601022	SEQC	bootstrap	1780.0
	0.2409209963600243	SEQC	bootstrap	1781.0
	0.15238634353551372	SEQC	bootstrap	1782.0
	0.23824138500748848	SEQC	bootstrap	1783.0
	-0.27269214148434573	SEQC	bootstrap	1784.0
	0.15150531469247674	SEQC	bootstrap	1785.0
	-0.06692343737528494	SEQC	bootstrap	1786.0
	0.12834312415294136	SEQC	bootstrap	1787.0
	0.16551356550548268	SEQC	bootstrap	1788.0
	0.12028467541052024	SEQC	bootstrap	1789.0
	0.1838741233539225	SEQC	bootstrap	1790.0
	0.15287374957038757	SEQC	bootstrap	1791.0
	0.14721275942244771	SEQC	bootstrap	1792.0
	0.21276755930188074	SEQC	bootstrap	1793.0
	0.10580734809229497	SEQC	bootstrap	1794.0
	0.056668668176575565	SEQC	bootstrap	1795.0
	0.09672277241177829	SEQC	bootstrap	1796.0
	-0.05509187911831459	SEQC	bootstrap	1797.0
	0.1320250597108661	SEQC	bootstrap	1798.0
	0.1961754476205142	SEQC	bootstrap	1799.0
	0.12143439514105081	SEQC	bootstrap	1800.0
	0.214707057960295	SEQC	bootstrap	1801.0
	0.22388454013358228	SEQC	bootstrap	1802.0
	-0.004654227623934304	SEQC	bootstrap	1803.0
	0.12205404331734515	SEQC	bootstrap	1804.0
	0.32088795042593743	SEQC	bootstrap	1805.0
	0.3043648147573754	SEQC	bootstrap	1806.0
	0.07906522981609987	SEQC	bootstrap	1807.0
	0.13917200321244128	SEQC	bootstrap	1808.0
	0.1029553185173202	SEQC	bootstrap	1809.0
	0.18750595727814057	SEQC	bootstrap	1810.0
	0.3404774861854114	SEQC	bootstrap	1811.0
	0.17820126160001504	SEQC	bootstrap	1812.0
	0.20574165560436297	SEQC	bootstrap	1813.0
	0.07332162038484125	SEQC	bootstrap	1814.0
	0.2597298752283437	SEQC	bootstrap	1815.0
	0.29298625739519846	SEQC	bootstrap	1816.0
	0.23469092853957685	SEQC	bootstrap	1817.0
	0.18984953829165852	SEQC	bootstrap	1818.0
	0.26197790644974983	SEQC	bootstrap	1819.0
	0.04355379831599526	SEQC	bootstrap	1820.0
	0.2072092008583324	SEQC	bootstrap	1821.0
	-0.019438448378601425	SEQC	bootstrap	1822.0
	0.18765248031284987	SEQC	bootstrap	1823.0
	0.2305455445948068	SEQC	bootstrap	1824.0
	-0.04208109183463149	SEQC	bootstrap	1825.0
	0.07620129729043379	SEQC	bootstrap	1826.0
	0.17205657748075298	SEQC	bootstrap	1827.0
	0.0039033524137934705	SEQC	bootstrap	1828.0
	0.29346924815142916	SEQC	bootstrap	1829.0
	0.13817393844778314	SEQC	bootstrap	1830.0
	0.2506776617132278	SEQC	bootstrap	1831.0
	0.0324643026009559	SEQC	bootstrap	1832.0
	-0.11822844723878356	SEQC	bootstrap	1833.0
	0.1394677129356401	SEQC	bootstrap	1834.0
	0.2088405431262257	SEQC	bootstrap	1835.0
	0.12131045598699286	SEQC	bootstrap	1836.0
	0.03773885307294744	SEQC	bootstrap	1837.0
	0.026671235321636733	SEQC	bootstrap	1838.0
	0.1689938486189222	SEQC	bootstrap	1839.0
	0.21647866438011	SEQC	bootstrap	1840.0
	0.0938314708507817	SEQC	bootstrap	1841.0
	0.3749588435631308	SEQC	bootstrap	1842.0
	0.28425004288438505	SEQC	bootstrap	1843.0
	0.21727575410985533	SEQC	bootstrap	1844.0
	0.32324192939351226	SEQC	bootstrap	1845.0
	0.13539440365282518	SEQC	bootstrap	1846.0
	0.1469531270573241	SEQC	bootstrap	1847.0
	-0.011003103347514198	SEQC	bootstrap	1848.0
	0.004897497293803177	SEQC	bootstrap	1849.0
	0.12254972147428056	SEQC	bootstrap	1850.0
	0.21775078768540812	SEQC	bootstrap	1851.0
	0.23677007118918114	SEQC	bootstrap	1852.0
	0.12357399948679548	SEQC	bootstrap	1853.0
	0.1671481511737518	SEQC	bootstrap	1854.0
	0.026147901472647117	SEQC	bootstrap	1855.0
	0.26455758018131714	SEQC	bootstrap	1856.0
	0.2091003324108569	SEQC	bootstrap	1857.0
	0.17721808900399205	SEQC	bootstrap	1858.0
	0.13797713634078157	SEQC	bootstrap	1859.0
	0.1435124494226896	SEQC	bootstrap	1860.0
	0.38669369548089305	SEQC	bootstrap	1861.0
	0.037965768142799394	SEQC	bootstrap	1862.0
	0.3303254030306242	SEQC	bootstrap	1863.0
	0.13224404873705842	SEQC	bootstrap	1864.0
	0.1329536470598356	SEQC	bootstrap	1865.0
	0.11945487932045085	SEQC	bootstrap	1866.0
	0.2263080214477955	SEQC	bootstrap	1867.0
	0.11428884435891895	SEQC	bootstrap	1868.0
	0.10414850328612557	SEQC	bootstrap	1869.0
	0.1297400054129505	SEQC	bootstrap	1870.0
	0.13799101860299023	SEQC	bootstrap	1871.0
	0.27973357999473736	SEQC	bootstrap	1872.0
	0.14229743765433822	SEQC	bootstrap	1873.0
	0.1472896178925538	SEQC	bootstrap	1874.0
	0.16339023977692424	SEQC	bootstrap	1875.0
	0.1987496946712919	SEQC	bootstrap	1876.0
	0.12331181379040723	SEQC	bootstrap	1877.0
	0.1794867756078138	SEQC	bootstrap	1878.0
	-0.11177764094971332	SEQC	bootstrap	1879.0
	0.07790181632875015	SEQC	bootstrap	1880.0
	-0.004723233508113545	SEQC	bootstrap	1881.0
	0.08919535093358544	SEQC	bootstrap	1882.0
	0.1787908291663256	SEQC	bootstrap	1883.0
	0.24497543704480718	SEQC	bootstrap	1884.0
	-0.007680589822950612	SEQC	bootstrap	1885.0
	0.1510304114688168	SEQC	bootstrap	1886.0
	0.21769836204609572	SEQC	bootstrap	1887.0
	0.1717160078808324	SEQC	bootstrap	1888.0
	0.21391117109636015	SEQC	bootstrap	1889.0
	0.17104636450758148	SEQC	bootstrap	1890.0
	-0.008653678425795786	SEQC	bootstrap	1891.0
	0.07383885244554333	SEQC	bootstrap	1892.0
	0.12905524890793396	SEQC	bootstrap	1893.0
	-0.003769659374356582	SEQC	bootstrap	1894.0
	0.2329606025887716	SEQC	bootstrap	1895.0
	0.13102891644016834	SEQC	bootstrap	1896.0
	0.2904735301717092	SEQC	bootstrap	1897.0
	0.12401307711642184	SEQC	bootstrap	1898.0
	0.05694667261313713	SEQC	bootstrap	1899.0
	-0.13061684682526398	SEQC	bootstrap	1900.0
	0.2690838179828887	SEQC	bootstrap	1901.0
	0.2942112916768842	SEQC	bootstrap	1902.0
	0.021099277379492687	SEQC	bootstrap	1903.0
	0.15361805794768513	SEQC	bootstrap	1904.0
	0.016088574785026122	SEQC	bootstrap	1905.0
	0.24899213829905165	SEQC	bootstrap	1906.0
	0.19916344905248007	SEQC	bootstrap	1907.0
	-0.05328977523711442	SEQC	bootstrap	1908.0
	0.03475809525008211	SEQC	bootstrap	1909.0
	0.12462992122373473	SEQC	bootstrap	1910.0
	0.12163026234937835	SEQC	bootstrap	1911.0
	0.15059426151716515	SEQC	bootstrap	1912.0
	0.10381663325501211	SEQC	bootstrap	1913.0
	0.11163228777316814	SEQC	bootstrap	1914.0
	0.04374508073307881	SEQC	bootstrap	1915.0
	0.31334530444465125	SEQC	bootstrap	1916.0
	0.1644648836258149	SEQC	bootstrap	1917.0
	0.048777021910641594	SEQC	bootstrap	1918.0
	0.043740021120799444	SEQC	bootstrap	1919.0
	0.11625486202961266	SEQC	bootstrap	1920.0
	0.12357371562671293	SEQC	bootstrap	1921.0
	0.13133717906982456	SEQC	bootstrap	1922.0
	0.08691053589769782	SEQC	bootstrap	1923.0
	0.24564840901176277	SEQC	bootstrap	1924.0
	0.06587633680098559	SEQC	bootstrap	1925.0
	0.053775787128162555	SEQC	bootstrap	1926.0
	0.29846596077655585	SEQC	bootstrap	1927.0
	0.2970941613669953	SEQC	bootstrap	1928.0
	0.05356868899550671	SEQC	bootstrap	1929.0
	-0.07892013265243847	SEQC	bootstrap	1930.0
	0.08368945787925686	SEQC	bootstrap	1931.0
	-0.02227246199969901	SEQC	bootstrap	1932.0
	0.2893239089977224	SEQC	bootstrap	1933.0
	-0.09343947346365056	SEQC	bootstrap	1934.0
	0.133732892497318	SEQC	bootstrap	1935.0
	0.12147089473700623	SEQC	bootstrap	1936.0
	0.2764001060434782	SEQC	bootstrap	1937.0
	0.2469560241112192	SEQC	bootstrap	1938.0
	0.25489681674206155	SEQC	bootstrap	1939.0
	0.23731039227082285	SEQC	bootstrap	1940.0
	0.1476437507423518	SEQC	bootstrap	1941.0
	-0.0050507303351521315	SEQC	bootstrap	1942.0
	0.1473294097807396	SEQC	bootstrap	1943.0
	0.09605950272796138	SEQC	bootstrap	1944.0
	0.23297846440705205	SEQC	bootstrap	1945.0
	0.1850600973116565	SEQC	bootstrap	1946.0
	0.13905471378445267	SEQC	bootstrap	1947.0
	0.0528536280286116	SEQC	bootstrap	1948.0
	0.12172977195577639	SEQC	bootstrap	1949.0
	-0.008453038160165072	SEQC	bootstrap	1950.0
	0.05667107160319418	SEQC	bootstrap	1951.0
	-9.359772950245926e-05	SEQC	bootstrap	1952.0
	0.056258023150144165	SEQC	bootstrap	1953.0
	0.10105395939985673	SEQC	bootstrap	1954.0
	0.07583137985756316	SEQC	bootstrap	1955.0
	-0.20013547350991923	SEQC	bootstrap	1956.0
	0.14799892175408536	SEQC	bootstrap	1957.0
	0.3065284777738535	SEQC	bootstrap	1958.0
	0.0256790143234622	SEQC	bootstrap	1959.0
	0.08584078277963103	SEQC	bootstrap	1960.0
	0.2067334083942094	SEQC	bootstrap	1961.0
	0.3210421232586209	SEQC	bootstrap	1962.0
	0.2582280514261872	SEQC	bootstrap	1963.0
	-0.03476682947926113	SEQC	bootstrap	1964.0
	-0.07120675422265021	SEQC	bootstrap	1965.0
	0.22116917713260253	SEQC	bootstrap	1966.0
	0.23606437091590982	SEQC	bootstrap	1967.0
	0.027619560668747045	SEQC	bootstrap	1968.0
	0.039406587514475344	SEQC	bootstrap	1969.0
	0.01390710451427779	SEQC	bootstrap	1970.0
	-0.02711424704146559	SEQC	bootstrap	1971.0
	0.39707892377661347	SEQC	bootstrap	1972.0
	0.1863942445289477	SEQC	bootstrap	1973.0
	0.31646973994648286	SEQC	bootstrap	1974.0
	0.20758598603085732	SEQC	bootstrap	1975.0
	0.01013462361808104	SEQC	bootstrap	1976.0
	0.1054764298717279	SEQC	bootstrap	1977.0
	0.10701693171467408	SEQC	bootstrap	1978.0
	0.13990479740310047	SEQC	bootstrap	1979.0
	0.22971869619541696	SEQC	bootstrap	1980.0
	0.267676689695286	SEQC	bootstrap	1981.0
	0.08248285363951258	SEQC	bootstrap	1982.0
	0.12801583960938334	SEQC	bootstrap	1983.0
	0.08561350495935383	SEQC	bootstrap	1984.0
	0.14859213518287895	SEQC	bootstrap	1985.0
	0.14033736542288322	SEQC	bootstrap	1986.0
	0.11821583897131083	SEQC	bootstrap	1987.0
	0.08803735729146434	SEQC	bootstrap	1988.0
	0.21611061611391014	SEQC	bootstrap	1989.0
	0.15588796941607086	SEQC	bootstrap	1990.0
	0.15370654179366472	SEQC	bootstrap	1991.0
	0.11366701136721424	SEQC	bootstrap	1992.0
	0.2504695632636058	SEQC	bootstrap	1993.0
	-0.07758047468609952	SEQC	bootstrap	1994.0
	0.113939036333913	SEQC	bootstrap	1995.0
	-0.006997842808463606	SEQC	bootstrap	1996.0
	-0.047774188998797484	SEQC	bootstrap	1997.0
	0.2543401309007294	SEQC	bootstrap	1998.0
	0.1406940237329395	SEQC	bootstrap	1999.0
	0.02744768635617012	SEQC	bootstrap	2000.0
1.0	0.007643097494013151	Kocak	permutation	
2.0	0.009231895235290999	Kocak	permutation	
3.0	-0.03723047903135157	Kocak	permutation	
4.0	0.06813755866593452	Kocak	permutation	
5.0	0.01246323031484442	Kocak	permutation	
6.0	-0.017938683582006565	Kocak	permutation	
7.0	-0.025252723924257037	Kocak	permutation	
8.0	0.08712752809042756	Kocak	permutation	
9.0	0.17081804508610743	Kocak	permutation	
10.0	0.1072965560632011	Kocak	permutation	
11.0	0.04598841144571564	Kocak	permutation	
12.0	0.0825753449383333	Kocak	permutation	
13.0	0.08267729773272547	Kocak	permutation	
14.0	0.05780911347212925	Kocak	permutation	
15.0	-0.06635040234091827	Kocak	permutation	
16.0	0.016653769409956887	Kocak	permutation	
17.0	0.02930017588718936	Kocak	permutation	
18.0	0.019457711856674553	Kocak	permutation	
19.0	-0.059802191667061244	Kocak	permutation	
20.0	0.024271941124768492	Kocak	permutation	
21.0	-0.012551740599862082	Kocak	permutation	
22.0	0.007414267379271866	Kocak	permutation	
23.0	-0.06105045329577896	Kocak	permutation	
24.0	-0.03544266336978419	Kocak	permutation	
25.0	-0.10212426875626912	Kocak	permutation	
26.0	0.048492317206113356	Kocak	permutation	
27.0	-0.12268381906737158	Kocak	permutation	
28.0	0.06667541769592855	Kocak	permutation	
29.0	-0.1697959169422063	Kocak	permutation	
30.0	-0.12122931839391571	Kocak	permutation	
31.0	0.047276193278808165	Kocak	permutation	
32.0	0.0029155660721205123	Kocak	permutation	
33.0	-0.01945315708908124	Kocak	permutation	
34.0	0.08261592804279738	Kocak	permutation	
35.0	0.011208314474052017	Kocak	permutation	
36.0	-0.031770925122952764	Kocak	permutation	
37.0	-0.21954754449092917	Kocak	permutation	
38.0	-0.1848018495756052	Kocak	permutation	
39.0	-0.06036931023182568	Kocak	permutation	
40.0	0.17970684466203846	Kocak	permutation	
41.0	0.08760983735696204	Kocak	permutation	
42.0	0.21033862606442	Kocak	permutation	
43.0	-0.0424944771881024	Kocak	permutation	
44.0	0.052249791656551636	Kocak	permutation	
45.0	-0.09363123421283559	Kocak	permutation	
46.0	-0.06619225172637089	Kocak	permutation	
47.0	0.05442897899209642	Kocak	permutation	
48.0	-0.04465384792903704	Kocak	permutation	
49.0	-0.2152764439746484	Kocak	permutation	
50.0	-0.06422007954057651	Kocak	permutation	
51.0	0.021970997495392997	Kocak	permutation	
52.0	0.03281460955082016	Kocak	permutation	
53.0	-0.07714945837889564	Kocak	permutation	
54.0	-0.13068720336812678	Kocak	permutation	
55.0	0.0033628101771299157	Kocak	permutation	
56.0	-0.01353565778534449	Kocak	permutation	
57.0	0.031674656450401795	Kocak	permutation	
58.0	-0.10250408855031834	Kocak	permutation	
59.0	-0.1729277894256005	Kocak	permutation	
60.0	-0.19270127509029722	Kocak	permutation	
61.0	-0.13129246227109137	Kocak	permutation	
62.0	-0.07946212887582282	Kocak	permutation	
63.0	-0.11025913906831741	Kocak	permutation	
64.0	-0.06917951111731346	Kocak	permutation	
65.0	0.002680254586025388	Kocak	permutation	
66.0	-0.05939540146865552	Kocak	permutation	
67.0	-0.07711962575817921	Kocak	permutation	
68.0	-0.1529550882054762	Kocak	permutation	
69.0	0.0911813089747735	Kocak	permutation	
70.0	-0.05686857286001601	Kocak	permutation	
71.0	-0.17369282463114022	Kocak	permutation	
72.0	-0.1933984670901725	Kocak	permutation	
73.0	0.007298870305423755	Kocak	permutation	
74.0	0.12982206251191153	Kocak	permutation	
75.0	-0.20006015991622617	Kocak	permutation	
76.0	0.1047228537793945	Kocak	permutation	
77.0	-0.09800497894149274	Kocak	permutation	
78.0	-0.06202019461074215	Kocak	permutation	
79.0	0.10167557674408334	Kocak	permutation	
80.0	-0.19729333778665614	Kocak	permutation	
81.0	0.08860955658058511	Kocak	permutation	
82.0	0.03954355978282109	Kocak	permutation	
83.0	-0.15144286154591002	Kocak	permutation	
84.0	-0.01701864317135371	Kocak	permutation	
85.0	-0.03918352278290138	Kocak	permutation	
86.0	-0.11141193328053989	Kocak	permutation	
87.0	0.0915446516793037	Kocak	permutation	
88.0	-0.19361218618719933	Kocak	permutation	
89.0	0.07648152757173854	Kocak	permutation	
90.0	0.08265685621127217	Kocak	permutation	
91.0	-0.08383332295368229	Kocak	permutation	
92.0	-0.12612606425991046	Kocak	permutation	
93.0	-0.08151453256858554	Kocak	permutation	
94.0	-0.003994997471651995	Kocak	permutation	
95.0	0.07169465419830257	Kocak	permutation	
96.0	-0.0032860457990016023	Kocak	permutation	
97.0	0.03455527228217825	Kocak	permutation	
98.0	0.13785431893425137	Kocak	permutation	
99.0	0.021526785055910214	Kocak	permutation	
100.0	0.07173141142685635	Kocak	permutation	
101.0	-0.007109890022559018	Kocak	permutation	
102.0	-0.1034292960577976	Kocak	permutation	
103.0	-0.08040709377770927	Kocak	permutation	
104.0	-0.15815909213654722	Kocak	permutation	
105.0	-0.19564777388752397	Kocak	permutation	
106.0	0.0427624493055907	Kocak	permutation	
107.0	-0.03063768967158298	Kocak	permutation	
108.0	-0.04690895607145329	Kocak	permutation	
109.0	0.00288454810679184	Kocak	permutation	
110.0	-0.026152113290687673	Kocak	permutation	
111.0	-0.13062013241539683	Kocak	permutation	
112.0	0.013174319494016373	Kocak	permutation	
113.0	0.03404421484093412	Kocak	permutation	
114.0	-0.06450748201336864	Kocak	permutation	
115.0	0.0032779856161324616	Kocak	permutation	
116.0	0.1362493017057793	Kocak	permutation	
117.0	0.035879515777323956	Kocak	permutation	
118.0	0.059684726141761235	Kocak	permutation	
119.0	-0.017417837189306784	Kocak	permutation	
120.0	-0.029896726438578547	Kocak	permutation	
121.0	0.03945618217282654	Kocak	permutation	
122.0	-0.08463835594432023	Kocak	permutation	
123.0	0.1724666649808757	Kocak	permutation	
124.0	-0.15058362780722678	Kocak	permutation	
125.0	-0.0007287327218268302	Kocak	permutation	
126.0	0.029939618430288917	Kocak	permutation	
127.0	0.008859481090354393	Kocak	permutation	
128.0	-0.0033794817699801527	Kocak	permutation	
129.0	0.0404488162967751	Kocak	permutation	
130.0	-0.10254392764907116	Kocak	permutation	
131.0	0.12350767148745856	Kocak	permutation	
132.0	0.048659643040694256	Kocak	permutation	
133.0	0.028449917044192308	Kocak	permutation	
134.0	-0.02112424980391081	Kocak	permutation	
135.0	-0.10600815384805218	Kocak	permutation	
136.0	-0.1293514216724625	Kocak	permutation	
137.0	-0.018546542893100426	Kocak	permutation	
138.0	-0.10458179645718513	Kocak	permutation	
139.0	-0.02928217132266031	Kocak	permutation	
140.0	0.024945510760534972	Kocak	permutation	
141.0	0.17402589095437193	Kocak	permutation	
142.0	0.1927042998022701	Kocak	permutation	
143.0	0.03938356185905567	Kocak	permutation	
144.0	-0.05425135261011027	Kocak	permutation	
145.0	0.04631229145024118	Kocak	permutation	
146.0	-0.09062899180012529	Kocak	permutation	
147.0	0.05819601174123745	Kocak	permutation	
148.0	0.005817530655723768	Kocak	permutation	
149.0	-0.07996006487133167	Kocak	permutation	
150.0	0.11892492920977116	Kocak	permutation	
151.0	-0.03318284857632392	Kocak	permutation	
152.0	-0.032164570765646605	Kocak	permutation	
153.0	0.046376485017235236	Kocak	permutation	
154.0	-0.05322126194106103	Kocak	permutation	
155.0	0.00374393247505056	Kocak	permutation	
156.0	0.009362573500935945	Kocak	permutation	
157.0	-0.004624107828533397	Kocak	permutation	
158.0	0.044369873277354976	Kocak	permutation	
159.0	0.058811704882190785	Kocak	permutation	
160.0	0.03429797204902707	Kocak	permutation	
161.0	-0.08733285067040741	Kocak	permutation	
162.0	-0.03339189100429518	Kocak	permutation	
163.0	-0.16166900636132464	Kocak	permutation	
164.0	-0.10725128985734811	Kocak	permutation	
165.0	-0.08097346560110186	Kocak	permutation	
166.0	0.036776051104622454	Kocak	permutation	
167.0	-0.1779163127361154	Kocak	permutation	
168.0	0.0958889303470305	Kocak	permutation	
169.0	-0.07806283196628971	Kocak	permutation	
170.0	-0.004201595076518849	Kocak	permutation	
171.0	0.024656459934095043	Kocak	permutation	
172.0	-0.0024832139400281505	Kocak	permutation	
173.0	-0.18914206156890456	Kocak	permutation	
174.0	0.15942269812261367	Kocak	permutation	
175.0	-0.015152953429420801	Kocak	permutation	
176.0	0.07552191220339699	Kocak	permutation	
177.0	-0.1274800667712106	Kocak	permutation	
178.0	-0.19017232959292585	Kocak	permutation	
179.0	0.015999482736666515	Kocak	permutation	
180.0	0.12055432156640489	Kocak	permutation	
181.0	0.029639988088823177	Kocak	permutation	
182.0	-0.0736603184902127	Kocak	permutation	
183.0	0.14195128813155966	Kocak	permutation	
184.0	0.14573725707996	Kocak	permutation	
185.0	0.08443383744130939	Kocak	permutation	
186.0	-0.09448361604739342	Kocak	permutation	
187.0	0.17567421716962928	Kocak	permutation	
188.0	0.11745578655154754	Kocak	permutation	
189.0	-0.13902617339944756	Kocak	permutation	
190.0	-0.15315037390429342	Kocak	permutation	
191.0	-0.027568349134320158	Kocak	permutation	
192.0	-0.045155870965021716	Kocak	permutation	
193.0	0.019337887991663916	Kocak	permutation	
194.0	-0.026445409029197453	Kocak	permutation	
195.0	-0.057361304523821044	Kocak	permutation	
196.0	0.012989659873131831	Kocak	permutation	
197.0	-0.19601486153343384	Kocak	permutation	
198.0	0.009058179802818866	Kocak	permutation	
199.0	-0.029331755424893746	Kocak	permutation	
200.0	-0.02401930901407079	Kocak	permutation	
201.0	0.021275393437777623	Kocak	permutation	
202.0	-0.00411520200011406	Kocak	permutation	
203.0	-0.05127977721546584	Kocak	permutation	
204.0	0.010735966430926336	Kocak	permutation	
205.0	-0.0433307030217569	Kocak	permutation	
206.0	-0.11055733314855676	Kocak	permutation	
207.0	-0.12453335591583814	Kocak	permutation	
208.0	0.07133483761342552	Kocak	permutation	
209.0	-0.03335863804416794	Kocak	permutation	
210.0	0.03814814124704524	Kocak	permutation	
211.0	0.005734671302590755	Kocak	permutation	
212.0	-0.21417199321270308	Kocak	permutation	
213.0	-0.048148158052061074	Kocak	permutation	
214.0	0.13216861103258282	Kocak	permutation	
215.0	-0.2406297097792751	Kocak	permutation	
216.0	0.11172564666205753	Kocak	permutation	
217.0	-0.01742453798969601	Kocak	permutation	
218.0	0.1716898755769698	Kocak	permutation	
219.0	-0.022535422672251393	Kocak	permutation	
220.0	-0.11326846501431165	Kocak	permutation	
221.0	-0.1795613950761097	Kocak	permutation	
222.0	-0.029457225988797298	Kocak	permutation	
223.0	-0.03509252215312175	Kocak	permutation	
224.0	0.022369679294243827	Kocak	permutation	
225.0	-0.037483214666660825	Kocak	permutation	
226.0	0.09589291293251545	Kocak	permutation	
227.0	0.028278524467656663	Kocak	permutation	
228.0	-0.07099916537271289	Kocak	permutation	
229.0	-0.07206259229237144	Kocak	permutation	
230.0	-0.06463518732395412	Kocak	permutation	
231.0	0.016008768316803312	Kocak	permutation	
232.0	-0.07376134882042829	Kocak	permutation	
233.0	-0.19095720910590064	Kocak	permutation	
234.0	-0.14099013083845202	Kocak	permutation	
235.0	-0.1680759139264314	Kocak	permutation	
236.0	-0.1365499661244005	Kocak	permutation	
237.0	-0.09478024536243801	Kocak	permutation	
238.0	-0.07268991671119451	Kocak	permutation	
239.0	0.023729480461621932	Kocak	permutation	
240.0	-0.17757643082830077	Kocak	permutation	
241.0	0.0888472105613003	Kocak	permutation	
242.0	-0.1021320474696954	Kocak	permutation	
243.0	-0.03865486224678616	Kocak	permutation	
244.0	-0.12977947284019153	Kocak	permutation	
245.0	-0.1345311529990756	Kocak	permutation	
246.0	0.016967529003724557	Kocak	permutation	
247.0	0.06494538977803055	Kocak	permutation	
248.0	-0.026301322420994033	Kocak	permutation	
249.0	0.030198605373656484	Kocak	permutation	
250.0	-0.014595701392968063	Kocak	permutation	
251.0	0.03963150023139894	Kocak	permutation	
252.0	-0.08509832039516585	Kocak	permutation	
253.0	0.04934240146003521	Kocak	permutation	
254.0	-0.1281077403355093	Kocak	permutation	
255.0	-0.083769799529811	Kocak	permutation	
256.0	-0.1227193141801588	Kocak	permutation	
257.0	0.07682620094575787	Kocak	permutation	
258.0	0.03662514854092924	Kocak	permutation	
259.0	0.1857095720908557	Kocak	permutation	
260.0	-0.1305967737735676	Kocak	permutation	
261.0	-0.1257565902909965	Kocak	permutation	
262.0	-0.04002552444223628	Kocak	permutation	
263.0	-0.06713933815496764	Kocak	permutation	
264.0	0.004486535775004352	Kocak	permutation	
265.0	-0.1223882920358852	Kocak	permutation	
266.0	0.034727314813328025	Kocak	permutation	
267.0	-0.20748846057641313	Kocak	permutation	
268.0	0.020224315423859274	Kocak	permutation	
269.0	0.09879225118154222	Kocak	permutation	
270.0	0.08501802393995872	Kocak	permutation	
271.0	-0.05862489542145388	Kocak	permutation	
272.0	-0.06774015829836078	Kocak	permutation	
273.0	-0.09574890693030147	Kocak	permutation	
274.0	-0.09499065733878753	Kocak	permutation	
275.0	-0.011927327990431724	Kocak	permutation	
276.0	0.009270631270851482	Kocak	permutation	
277.0	-0.001824067952455266	Kocak	permutation	
278.0	-0.04005075441106065	Kocak	permutation	
279.0	-0.14158654055490638	Kocak	permutation	
280.0	0.10547954601834064	Kocak	permutation	
281.0	0.011849666575976414	Kocak	permutation	
282.0	-0.12960026877973396	Kocak	permutation	
283.0	0.054236881327245356	Kocak	permutation	
284.0	0.12368122103823609	Kocak	permutation	
285.0	0.0861418739112505	Kocak	permutation	
286.0	0.1251843137934725	Kocak	permutation	
287.0	0.09569267820002736	Kocak	permutation	
288.0	-0.16614619094588523	Kocak	permutation	
289.0	-0.13474529157156567	Kocak	permutation	
290.0	-0.007967149890835135	Kocak	permutation	
291.0	0.03045015195310352	Kocak	permutation	
292.0	-0.017025240962834864	Kocak	permutation	
293.0	0.04795937822156349	Kocak	permutation	
294.0	0.06007836096216579	Kocak	permutation	
295.0	-0.12148494223705075	Kocak	permutation	
296.0	-0.11743465115464113	Kocak	permutation	
297.0	-0.012315092936135752	Kocak	permutation	
298.0	-0.09955129004769248	Kocak	permutation	
299.0	0.12895065413837958	Kocak	permutation	
300.0	-0.01053658918484146	Kocak	permutation	
301.0	-0.053231432066466855	Kocak	permutation	
302.0	-0.036330212873423307	Kocak	permutation	
303.0	-0.04947132616054972	Kocak	permutation	
304.0	0.0767669003191358	Kocak	permutation	
305.0	0.21263729102052542	Kocak	permutation	
306.0	-0.00893124290256786	Kocak	permutation	
307.0	0.026760357110686694	Kocak	permutation	
308.0	0.026769781944686155	Kocak	permutation	
309.0	0.1591775541333873	Kocak	permutation	
310.0	-0.031052636177175685	Kocak	permutation	
311.0	-0.10442169752859298	Kocak	permutation	
312.0	-0.049210545765492775	Kocak	permutation	
313.0	-0.017720985113546472	Kocak	permutation	
314.0	0.02173550761263554	Kocak	permutation	
315.0	-0.14658277701491018	Kocak	permutation	
316.0	0.06074785389699677	Kocak	permutation	
317.0	-0.1632740409386022	Kocak	permutation	
318.0	0.06857947372360718	Kocak	permutation	
319.0	-0.01456983734377637	Kocak	permutation	
320.0	-0.08888450589904373	Kocak	permutation	
321.0	0.03392239418727838	Kocak	permutation	
322.0	0.23052355498956079	Kocak	permutation	
323.0	0.24689413077162747	Kocak	permutation	
324.0	-0.10937706563216887	Kocak	permutation	
325.0	0.03212140681179898	Kocak	permutation	
326.0	-0.17593293012381617	Kocak	permutation	
327.0	0.0650830058274594	Kocak	permutation	
328.0	-0.008887075732409322	Kocak	permutation	
329.0	0.261072730806184	Kocak	permutation	
330.0	-0.1344569004618963	Kocak	permutation	
331.0	-0.10800986367021981	Kocak	permutation	
332.0	-0.03307833543669503	Kocak	permutation	
333.0	0.005078899121538694	Kocak	permutation	
334.0	0.19541318294516374	Kocak	permutation	
335.0	-0.06393144726838074	Kocak	permutation	
336.0	-0.16860398098105467	Kocak	permutation	
337.0	-0.00489475037200604	Kocak	permutation	
338.0	0.09855580298019495	Kocak	permutation	
339.0	0.018985276319403166	Kocak	permutation	
340.0	0.08219375376070781	Kocak	permutation	
341.0	0.02589113934375442	Kocak	permutation	
342.0	0.139156077256394	Kocak	permutation	
343.0	-0.14884380341191816	Kocak	permutation	
344.0	0.04071697932883911	Kocak	permutation	
345.0	-0.01182648791162988	Kocak	permutation	
346.0	0.04827573073045954	Kocak	permutation	
347.0	-0.013068475483242636	Kocak	permutation	
348.0	0.07155256716037162	Kocak	permutation	
349.0	-0.07707362898271608	Kocak	permutation	
350.0	-0.18253569044558438	Kocak	permutation	
351.0	0.042289682528794614	Kocak	permutation	
352.0	-0.15652308849716023	Kocak	permutation	
353.0	0.1315100798398472	Kocak	permutation	
354.0	-0.05115714982417696	Kocak	permutation	
355.0	0.1359231910857588	Kocak	permutation	
356.0	0.056041338167538424	Kocak	permutation	
357.0	-0.020993282643319677	Kocak	permutation	
358.0	-0.04221845164405158	Kocak	permutation	
359.0	-0.06340596930727749	Kocak	permutation	
360.0	-0.026138987967302185	Kocak	permutation	
361.0	0.04168669210405129	Kocak	permutation	
362.0	0.057882349655107745	Kocak	permutation	
363.0	0.037065588223491375	Kocak	permutation	
364.0	-0.015636881481561282	Kocak	permutation	
365.0	0.1327332346917971	Kocak	permutation	
366.0	0.011920939127116892	Kocak	permutation	
367.0	-0.06317536164565496	Kocak	permutation	
368.0	0.13464772435724104	Kocak	permutation	
369.0	0.027620829149089143	Kocak	permutation	
370.0	-0.022736056346785993	Kocak	permutation	
371.0	0.044145637190219134	Kocak	permutation	
372.0	-0.048232169381063894	Kocak	permutation	
373.0	-0.04953449807023702	Kocak	permutation	
374.0	0.03726470346529975	Kocak	permutation	
375.0	0.06142269126575339	Kocak	permutation	
376.0	0.19115071966782704	Kocak	permutation	
377.0	-0.11261758677143696	Kocak	permutation	
378.0	0.09294831704025919	Kocak	permutation	
379.0	-0.05157686311802401	Kocak	permutation	
380.0	0.04448424156947528	Kocak	permutation	
381.0	0.04778132326382156	Kocak	permutation	
382.0	-0.06638811636764519	Kocak	permutation	
383.0	-0.113802332997186	Kocak	permutation	
384.0	0.06783342748882104	Kocak	permutation	
385.0	0.06796719308138233	Kocak	permutation	
386.0	0.0976159723747263	Kocak	permutation	
387.0	-0.12775606656706495	Kocak	permutation	
388.0	-0.043257332735106235	Kocak	permutation	
389.0	-0.13544671687355025	Kocak	permutation	
390.0	0.19022678362842216	Kocak	permutation	
391.0	0.026295751894540587	Kocak	permutation	
392.0	0.0566892698670074	Kocak	permutation	
393.0	0.19107481372630097	Kocak	permutation	
394.0	0.12771531742358233	Kocak	permutation	
395.0	-0.0438495319362584	Kocak	permutation	
396.0	-0.05383526042450981	Kocak	permutation	
397.0	-0.004334648619361836	Kocak	permutation	
398.0	0.046095754047626336	Kocak	permutation	
399.0	0.13187305010275585	Kocak	permutation	
400.0	0.022777420669432225	Kocak	permutation	
401.0	0.04832730903334559	Kocak	permutation	
402.0	0.0997285391267071	Kocak	permutation	
403.0	-0.06379277671707673	Kocak	permutation	
404.0	0.018026819019077323	Kocak	permutation	
405.0	-0.203799608119267	Kocak	permutation	
406.0	-0.010542534092628841	Kocak	permutation	
407.0	0.010590919656055409	Kocak	permutation	
408.0	-0.10426159229831633	Kocak	permutation	
409.0	-0.010983086496551664	Kocak	permutation	
410.0	0.01889981224093873	Kocak	permutation	
411.0	-0.051610162508247015	Kocak	permutation	
412.0	0.04000429192823196	Kocak	permutation	
413.0	0.23058040132833346	Kocak	permutation	
414.0	0.13055017530447355	Kocak	permutation	
415.0	-0.03477398391747322	Kocak	permutation	
416.0	-0.04029188061137079	Kocak	permutation	
417.0	0.03783565089890262	Kocak	permutation	
418.0	-0.02127867879491019	Kocak	permutation	
419.0	0.065486406804665	Kocak	permutation	
420.0	0.077093381681403	Kocak	permutation	
421.0	0.13908934055655875	Kocak	permutation	
422.0	-0.07530846664346003	Kocak	permutation	
423.0	0.03140073509650021	Kocak	permutation	
424.0	-0.1051619014747196	Kocak	permutation	
425.0	-0.07303173062174739	Kocak	permutation	
426.0	0.08514786315169909	Kocak	permutation	
427.0	0.027166096548960184	Kocak	permutation	
428.0	0.07951191191110718	Kocak	permutation	
429.0	0.018912962929861	Kocak	permutation	
430.0	-0.11127710088691023	Kocak	permutation	
431.0	0.02668745294526076	Kocak	permutation	
432.0	0.021014043504825608	Kocak	permutation	
433.0	-0.05495592863507648	Kocak	permutation	
434.0	0.12379061879092923	Kocak	permutation	
435.0	0.04229204129658859	Kocak	permutation	
436.0	0.16856383311027523	Kocak	permutation	
437.0	0.09367845724634316	Kocak	permutation	
438.0	-0.26692626697608457	Kocak	permutation	
439.0	-0.1181748077855751	Kocak	permutation	
440.0	-0.1302075306194861	Kocak	permutation	
441.0	0.12473640779098139	Kocak	permutation	
442.0	-0.07724748560069372	Kocak	permutation	
443.0	-0.20244110480881172	Kocak	permutation	
444.0	-0.1679505065557123	Kocak	permutation	
445.0	-0.05071116999356473	Kocak	permutation	
446.0	-0.0914013999670118	Kocak	permutation	
447.0	-0.012858108873439633	Kocak	permutation	
448.0	-0.03737536530616303	Kocak	permutation	
449.0	0.0560975208842569	Kocak	permutation	
450.0	-0.02940556503001801	Kocak	permutation	
451.0	-0.14558871506976434	Kocak	permutation	
452.0	0.0539606140236053	Kocak	permutation	
453.0	-0.03136026519521895	Kocak	permutation	
454.0	-0.06730088308569604	Kocak	permutation	
455.0	-0.10083027161980729	Kocak	permutation	
456.0	-0.12961140302733343	Kocak	permutation	
457.0	-0.01455332955951727	Kocak	permutation	
458.0	-0.012222085872587218	Kocak	permutation	
459.0	-0.0037057015169064123	Kocak	permutation	
460.0	0.06281404562760118	Kocak	permutation	
461.0	-0.05635658960905232	Kocak	permutation	
462.0	0.09948114925699425	Kocak	permutation	
463.0	0.14270912704532135	Kocak	permutation	
464.0	-0.10759711078420553	Kocak	permutation	
465.0	-0.047236586069541175	Kocak	permutation	
466.0	0.1600025803576206	Kocak	permutation	
467.0	0.009259458465817882	Kocak	permutation	
468.0	0.10401107060635573	Kocak	permutation	
469.0	-0.0352792716137067	Kocak	permutation	
470.0	0.09177420552233251	Kocak	permutation	
471.0	0.10151127602720766	Kocak	permutation	
472.0	0.11243875175452755	Kocak	permutation	
473.0	-0.04770932797126326	Kocak	permutation	
474.0	-0.06666990334236766	Kocak	permutation	
475.0	0.027964266901975954	Kocak	permutation	
476.0	0.15332470347417004	Kocak	permutation	
477.0	-0.15942601433346493	Kocak	permutation	
478.0	0.0566083251436833	Kocak	permutation	
479.0	-0.01841723810491347	Kocak	permutation	
480.0	-0.1753710664724233	Kocak	permutation	
481.0	0.06177761945814941	Kocak	permutation	
482.0	-0.015611275845517358	Kocak	permutation	
483.0	-0.022071326266403624	Kocak	permutation	
484.0	-0.04110674670943171	Kocak	permutation	
485.0	-0.030802604465290262	Kocak	permutation	
486.0	0.08328439754674877	Kocak	permutation	
487.0	-0.04635072778350757	Kocak	permutation	
488.0	0.06082294510187847	Kocak	permutation	
489.0	-0.08887954296125722	Kocak	permutation	
490.0	-0.12146142664683834	Kocak	permutation	
491.0	0.005153957426321298	Kocak	permutation	
492.0	0.07213007474650901	Kocak	permutation	
493.0	0.06631607234103187	Kocak	permutation	
494.0	-0.13692142463299506	Kocak	permutation	
495.0	0.028847901553032962	Kocak	permutation	
496.0	-0.07910524453792878	Kocak	permutation	
497.0	-0.10024344238803673	Kocak	permutation	
498.0	-0.0008274990093584123	Kocak	permutation	
499.0	-0.045737115298972064	Kocak	permutation	
500.0	-0.10592815541779022	Kocak	permutation	
501.0	0.006180524579411539	Kocak	permutation	
502.0	0.01915710145111893	Kocak	permutation	
503.0	-0.010058401657922822	Kocak	permutation	
504.0	0.09325989194027207	Kocak	permutation	
505.0	0.1276913481107358	Kocak	permutation	
506.0	-0.190166139803865	Kocak	permutation	
507.0	0.2187037729691319	Kocak	permutation	
508.0	-0.13499591533705102	Kocak	permutation	
509.0	-0.060304859123117005	Kocak	permutation	
510.0	0.07144748905541887	Kocak	permutation	
511.0	0.09500055531524554	Kocak	permutation	
512.0	-0.033436162909185274	Kocak	permutation	
513.0	-0.07263450600419796	Kocak	permutation	
514.0	0.09043000786815902	Kocak	permutation	
515.0	0.008623181169729932	Kocak	permutation	
516.0	-0.05101461312486233	Kocak	permutation	
517.0	-0.07557022443050165	Kocak	permutation	
518.0	-0.04808966414599958	Kocak	permutation	
519.0	-0.05700352196097125	Kocak	permutation	
520.0	-0.029000569787485553	Kocak	permutation	
521.0	-0.044509337961690765	Kocak	permutation	
522.0	-0.08311503002228093	Kocak	permutation	
523.0	0.07223728264913865	Kocak	permutation	
524.0	0.027515245618189077	Kocak	permutation	
525.0	0.01180543472577833	Kocak	permutation	
526.0	-0.18121989459161103	Kocak	permutation	
527.0	0.10063108043880353	Kocak	permutation	
528.0	-0.04416578595929499	Kocak	permutation	
529.0	-0.11443125266601184	Kocak	permutation	
530.0	0.07536429728635241	Kocak	permutation	
531.0	-0.023704483073863525	Kocak	permutation	
532.0	-0.15946659717166733	Kocak	permutation	
533.0	0.1183838990713939	Kocak	permutation	
534.0	-0.006995547396030588	Kocak	permutation	
535.0	0.041440137343447425	Kocak	permutation	
536.0	-0.015943891827168155	Kocak	permutation	
537.0	-0.06175257129707923	Kocak	permutation	
538.0	0.02146282825514456	Kocak	permutation	
539.0	-0.2751256696059188	Kocak	permutation	
540.0	-0.01012854094352722	Kocak	permutation	
541.0	-0.028503421622174674	Kocak	permutation	
542.0	-0.08759132258667535	Kocak	permutation	
543.0	0.2361133759943801	Kocak	permutation	
544.0	0.0024351957074091324	Kocak	permutation	
545.0	0.23207741938146942	Kocak	permutation	
546.0	0.012436808644064268	Kocak	permutation	
547.0	0.08413643103694124	Kocak	permutation	
548.0	-0.1327452970449685	Kocak	permutation	
549.0	-0.1016040605186066	Kocak	permutation	
550.0	0.051281632035183655	Kocak	permutation	
551.0	0.23702093479346598	Kocak	permutation	
552.0	0.011952097962429686	Kocak	permutation	
553.0	-0.088133841344606	Kocak	permutation	
554.0	0.12102432793372486	Kocak	permutation	
555.0	3.607865440447e-05	Kocak	permutation	
556.0	-0.043023770227769376	Kocak	permutation	
557.0	0.22777539282327552	Kocak	permutation	
558.0	0.20184158752072046	Kocak	permutation	
559.0	-0.1496360503570271	Kocak	permutation	
560.0	-0.012696845460455464	Kocak	permutation	
561.0	-0.017891062396831803	Kocak	permutation	
562.0	0.01818878452096584	Kocak	permutation	
563.0	0.13820741214432974	Kocak	permutation	
564.0	-0.05177042734091453	Kocak	permutation	
565.0	-0.015627863053617297	Kocak	permutation	
566.0	0.0674652813100769	Kocak	permutation	
567.0	0.19532827166967426	Kocak	permutation	
568.0	0.03220278863073922	Kocak	permutation	
569.0	-0.062021108512487544	Kocak	permutation	
570.0	0.09010869146619216	Kocak	permutation	
571.0	0.03056797447802584	Kocak	permutation	
572.0	0.009557444278570859	Kocak	permutation	
573.0	0.023854550260937746	Kocak	permutation	
574.0	-0.018509685903548956	Kocak	permutation	
575.0	-0.1523888789521961	Kocak	permutation	
576.0	-0.042576477882758645	Kocak	permutation	
577.0	-0.03445667324394641	Kocak	permutation	
578.0	-0.1187537840641375	Kocak	permutation	
579.0	-0.13826935581466282	Kocak	permutation	
580.0	-0.032699314486110076	Kocak	permutation	
581.0	-0.07807256352572534	Kocak	permutation	
582.0	0.08832757973415717	Kocak	permutation	
583.0	-0.16899443981862294	Kocak	permutation	
584.0	-0.04111049621402385	Kocak	permutation	
585.0	-0.06562592982105686	Kocak	permutation	
586.0	0.04387108850702681	Kocak	permutation	
587.0	0.1072151173427418	Kocak	permutation	
588.0	0.00664364222889402	Kocak	permutation	
589.0	0.04879139840255142	Kocak	permutation	
590.0	0.1936060775631221	Kocak	permutation	
591.0	-0.10351034194021569	Kocak	permutation	
592.0	-0.10091257771692863	Kocak	permutation	
593.0	0.24749244912675694	Kocak	permutation	
594.0	-0.013819803665198638	Kocak	permutation	
595.0	-0.10075359389454652	Kocak	permutation	
596.0	0.07836987286132535	Kocak	permutation	
597.0	0.0326374047721969	Kocak	permutation	
598.0	-0.16283209294071144	Kocak	permutation	
599.0	-0.15741606272248587	Kocak	permutation	
600.0	-0.07097383178610706	Kocak	permutation	
601.0	0.36843796134459295	Kocak	permutation	
602.0	-0.09580852807468787	Kocak	permutation	
603.0	-0.15473724213830575	Kocak	permutation	
604.0	-0.11573128773031849	Kocak	permutation	
605.0	-0.0066380547950295465	Kocak	permutation	
606.0	-0.25102535330969067	Kocak	permutation	
607.0	0.10705287036633448	Kocak	permutation	
608.0	0.048771113463376814	Kocak	permutation	
609.0	-0.16031354350270233	Kocak	permutation	
610.0	0.028628325161522916	Kocak	permutation	
611.0	0.18076052607569837	Kocak	permutation	
612.0	0.10061581844128487	Kocak	permutation	
613.0	0.14081279228934607	Kocak	permutation	
614.0	-0.18937848830990145	Kocak	permutation	
615.0	-0.12786442536505316	Kocak	permutation	
616.0	-0.07072019125921258	Kocak	permutation	
617.0	-0.0009953288248287784	Kocak	permutation	
618.0	0.12269586468359872	Kocak	permutation	
619.0	-0.09599248255321946	Kocak	permutation	
620.0	0.08697834431290286	Kocak	permutation	
621.0	-0.0316581683588093	Kocak	permutation	
622.0	0.05112576877358199	Kocak	permutation	
623.0	-0.13630006362045277	Kocak	permutation	
624.0	0.055525904395398396	Kocak	permutation	
625.0	0.0703859922154546	Kocak	permutation	
626.0	0.024723951997348337	Kocak	permutation	
627.0	-0.07185548756352933	Kocak	permutation	
628.0	-0.022423342560806248	Kocak	permutation	
629.0	-0.06007045772774999	Kocak	permutation	
630.0	0.15202643291780715	Kocak	permutation	
631.0	0.04534942882783621	Kocak	permutation	
632.0	-0.1025888617858648	Kocak	permutation	
633.0	-0.08140413133080449	Kocak	permutation	
634.0	0.15436528695674268	Kocak	permutation	
635.0	-0.04548174398223814	Kocak	permutation	
636.0	0.03281550642032505	Kocak	permutation	
637.0	0.09860042104153566	Kocak	permutation	
638.0	0.15126011213248436	Kocak	permutation	
639.0	-0.023631118576457055	Kocak	permutation	
640.0	-0.0675231527246285	Kocak	permutation	
641.0	-0.12332018675813039	Kocak	permutation	
642.0	-0.013085020481258702	Kocak	permutation	
643.0	-2.649943496368934e-05	Kocak	permutation	
644.0	-0.087190335168013	Kocak	permutation	
645.0	-0.019013892133855848	Kocak	permutation	
646.0	0.09996888814185834	Kocak	permutation	
647.0	-0.029896582566433683	Kocak	permutation	
648.0	-0.22569966034931932	Kocak	permutation	
649.0	0.13025750030860905	Kocak	permutation	
650.0	0.0830436307534117	Kocak	permutation	
651.0	-0.12139432889342938	Kocak	permutation	
652.0	-0.04683059908460896	Kocak	permutation	
653.0	0.23729759140896434	Kocak	permutation	
654.0	-0.08943590448616234	Kocak	permutation	
655.0	9.612721531970791e-05	Kocak	permutation	
656.0	-0.0324637812209807	Kocak	permutation	
657.0	-0.033210031678054364	Kocak	permutation	
658.0	-0.10414642998950452	Kocak	permutation	
659.0	0.037827768799113315	Kocak	permutation	
660.0	0.056346328529732315	Kocak	permutation	
661.0	0.049417588750722	Kocak	permutation	
662.0	0.03200515207166399	Kocak	permutation	
663.0	-0.09235161519578039	Kocak	permutation	
664.0	0.08882866229213038	Kocak	permutation	
665.0	0.037409877359456	Kocak	permutation	
666.0	0.022893790976629358	Kocak	permutation	
667.0	0.06241461494205369	Kocak	permutation	
668.0	0.06660226101782385	Kocak	permutation	
669.0	-0.04822838386360839	Kocak	permutation	
670.0	-0.10231694562078841	Kocak	permutation	
671.0	-0.13929853617961951	Kocak	permutation	
672.0	-0.18793539195426145	Kocak	permutation	
673.0	0.021468796046238747	Kocak	permutation	
674.0	0.08883590331404712	Kocak	permutation	
675.0	0.057357829313945174	Kocak	permutation	
676.0	-0.13738419333783325	Kocak	permutation	
677.0	-0.009868697894639844	Kocak	permutation	
678.0	-0.058763051209495654	Kocak	permutation	
679.0	-0.11582504735371213	Kocak	permutation	
680.0	0.033209520617949906	Kocak	permutation	
681.0	-0.0653260076953246	Kocak	permutation	
682.0	-0.05284407079117459	Kocak	permutation	
683.0	0.038442607193536205	Kocak	permutation	
684.0	0.04100950682732041	Kocak	permutation	
685.0	0.06629169930640488	Kocak	permutation	
686.0	-0.0462699000234692	Kocak	permutation	
687.0	-0.1145755649039284	Kocak	permutation	
688.0	0.06678896262909895	Kocak	permutation	
689.0	0.07761347405827612	Kocak	permutation	
690.0	-0.020774204586227363	Kocak	permutation	
691.0	-0.22667427559423015	Kocak	permutation	
692.0	0.06040233622103974	Kocak	permutation	
693.0	-0.11026979977487672	Kocak	permutation	
694.0	0.0031061398686986763	Kocak	permutation	
695.0	0.028881679483371947	Kocak	permutation	
696.0	0.05921763901453447	Kocak	permutation	
697.0	-0.014325044802516285	Kocak	permutation	
698.0	0.09599950435495996	Kocak	permutation	
699.0	-0.04398108259792899	Kocak	permutation	
700.0	-0.1301142054684612	Kocak	permutation	
701.0	0.11915790804666537	Kocak	permutation	
702.0	0.11103743084430473	Kocak	permutation	
703.0	0.15610281152110694	Kocak	permutation	
704.0	-0.08581055997094156	Kocak	permutation	
705.0	0.006159594267590496	Kocak	permutation	
706.0	0.020632998492348342	Kocak	permutation	
707.0	0.0728626603415008	Kocak	permutation	
708.0	-0.00516505428213998	Kocak	permutation	
709.0	-0.029814147103509825	Kocak	permutation	
710.0	-0.020555172266297106	Kocak	permutation	
711.0	0.043151851001694386	Kocak	permutation	
712.0	0.04909017355387579	Kocak	permutation	
713.0	0.0011389415001343828	Kocak	permutation	
714.0	0.015110513768988199	Kocak	permutation	
715.0	-0.1208808865943034	Kocak	permutation	
716.0	0.006103336706762885	Kocak	permutation	
717.0	-0.039868315659632	Kocak	permutation	
718.0	0.12005829658266443	Kocak	permutation	
719.0	0.09745313200517325	Kocak	permutation	
720.0	0.00420878493884036	Kocak	permutation	
721.0	-0.014187791202360245	Kocak	permutation	
722.0	0.04651625593957531	Kocak	permutation	
723.0	0.13504107007307553	Kocak	permutation	
724.0	-0.002872008504779089	Kocak	permutation	
725.0	0.1198107290673156	Kocak	permutation	
726.0	0.05828396779937961	Kocak	permutation	
727.0	-0.017971689002210134	Kocak	permutation	
728.0	-0.02301234847108935	Kocak	permutation	
729.0	0.0061122701750560005	Kocak	permutation	
730.0	0.0649395694947712	Kocak	permutation	
731.0	-0.040987005263068976	Kocak	permutation	
732.0	-0.06573164882547511	Kocak	permutation	
733.0	-0.09043264335232148	Kocak	permutation	
734.0	0.0028700682868696425	Kocak	permutation	
735.0	0.04726672833581036	Kocak	permutation	
736.0	0.08823890897289566	Kocak	permutation	
737.0	0.06308592153199077	Kocak	permutation	
738.0	0.011268862650890998	Kocak	permutation	
739.0	-0.03594570032268951	Kocak	permutation	
740.0	0.01955151687846879	Kocak	permutation	
741.0	-0.09754143795594095	Kocak	permutation	
742.0	-0.12009331032110415	Kocak	permutation	
743.0	0.011770793128086599	Kocak	permutation	
744.0	-0.06925552344191033	Kocak	permutation	
745.0	0.007918802525474167	Kocak	permutation	
746.0	-0.08449449610839821	Kocak	permutation	
747.0	-0.20136314458205762	Kocak	permutation	
748.0	-0.016355366979794894	Kocak	permutation	
749.0	0.04301576934646478	Kocak	permutation	
750.0	0.019518607324350956	Kocak	permutation	
751.0	0.038237078080746834	Kocak	permutation	
752.0	-0.1003689875497833	Kocak	permutation	
753.0	0.061157037141466475	Kocak	permutation	
754.0	0.06359224573059352	Kocak	permutation	
755.0	0.016078291935872624	Kocak	permutation	
756.0	-0.14847459503998195	Kocak	permutation	
757.0	0.1183431874131533	Kocak	permutation	
758.0	-0.0032026114575858244	Kocak	permutation	
759.0	-0.1090225852820268	Kocak	permutation	
760.0	-0.01125873876814465	Kocak	permutation	
761.0	-0.04387881716513142	Kocak	permutation	
762.0	0.02495866872206598	Kocak	permutation	
763.0	-0.08008648937148122	Kocak	permutation	
764.0	-0.07722891779566465	Kocak	permutation	
765.0	-0.06809893234713416	Kocak	permutation	
766.0	0.036447300833604146	Kocak	permutation	
767.0	0.061674498780214915	Kocak	permutation	
768.0	-0.0198436146579839	Kocak	permutation	
769.0	0.1047718913195328	Kocak	permutation	
770.0	-0.0862764259967208	Kocak	permutation	
771.0	-0.11943578249623243	Kocak	permutation	
772.0	0.16702050410482006	Kocak	permutation	
773.0	-0.049019123182977076	Kocak	permutation	
774.0	-0.06743762871061287	Kocak	permutation	
775.0	0.01910998330589475	Kocak	permutation	
776.0	-0.08247068200927954	Kocak	permutation	
777.0	-0.0853822310652732	Kocak	permutation	
778.0	-0.09463270314523342	Kocak	permutation	
779.0	-0.05236028001648041	Kocak	permutation	
780.0	-0.08246266927943191	Kocak	permutation	
781.0	-0.05789764275384668	Kocak	permutation	
782.0	0.0785334348281661	Kocak	permutation	
783.0	-0.1822640093433301	Kocak	permutation	
784.0	-0.12323222633433284	Kocak	permutation	
785.0	0.08161581491490244	Kocak	permutation	
786.0	-0.19710740153383988	Kocak	permutation	
787.0	-0.05322768092903907	Kocak	permutation	
788.0	-0.016577625163876508	Kocak	permutation	
789.0	0.1359572735187533	Kocak	permutation	
790.0	-0.1425845938836141	Kocak	permutation	
791.0	0.07544096783966658	Kocak	permutation	
792.0	0.11671941596297586	Kocak	permutation	
793.0	-0.07214284674390692	Kocak	permutation	
794.0	0.0733060830348613	Kocak	permutation	
795.0	0.046686500106774	Kocak	permutation	
796.0	0.04352309090048134	Kocak	permutation	
797.0	0.03695681766221215	Kocak	permutation	
798.0	0.01995820002852655	Kocak	permutation	
799.0	-0.09492686249211602	Kocak	permutation	
800.0	-0.11316652736008814	Kocak	permutation	
801.0	-0.2512035681218663	Kocak	permutation	
802.0	-0.01789394460487248	Kocak	permutation	
803.0	-0.04156860107052829	Kocak	permutation	
804.0	-0.17210364505233144	Kocak	permutation	
805.0	-0.09101291084524554	Kocak	permutation	
806.0	-0.14129496545695241	Kocak	permutation	
807.0	-0.13964596320128475	Kocak	permutation	
808.0	-0.025310971545437155	Kocak	permutation	
809.0	-0.10644955432088166	Kocak	permutation	
810.0	-0.016845193355147003	Kocak	permutation	
811.0	0.012473941013387169	Kocak	permutation	
812.0	-0.08855605809086686	Kocak	permutation	
813.0	-0.1342556112961253	Kocak	permutation	
814.0	-0.18594196501578475	Kocak	permutation	
815.0	-0.07452924043889286	Kocak	permutation	
816.0	0.07670791020710865	Kocak	permutation	
817.0	0.12463083956268184	Kocak	permutation	
818.0	0.13000797987765456	Kocak	permutation	
819.0	0.052294238206723964	Kocak	permutation	
820.0	0.07443547492984504	Kocak	permutation	
821.0	0.164987320104101	Kocak	permutation	
822.0	-0.1226113307193053	Kocak	permutation	
823.0	-0.0957750132277102	Kocak	permutation	
824.0	0.07962852629296568	Kocak	permutation	
825.0	-0.22076295094726373	Kocak	permutation	
826.0	0.026869045556463522	Kocak	permutation	
827.0	0.1622212543583208	Kocak	permutation	
828.0	0.04465864317396351	Kocak	permutation	
829.0	-0.18393466505937806	Kocak	permutation	
830.0	0.16702076886802386	Kocak	permutation	
831.0	-0.10268375338896396	Kocak	permutation	
832.0	-0.1419922849895201	Kocak	permutation	
833.0	0.02848382018777107	Kocak	permutation	
834.0	-0.10771565815535711	Kocak	permutation	
835.0	0.023889416234352367	Kocak	permutation	
836.0	-0.05098338884751863	Kocak	permutation	
837.0	0.06939213974067426	Kocak	permutation	
838.0	0.17272633388783687	Kocak	permutation	
839.0	-0.061404328392478114	Kocak	permutation	
840.0	-0.17606779873432865	Kocak	permutation	
841.0	-0.08288479888633704	Kocak	permutation	
842.0	-0.023829799820217268	Kocak	permutation	
843.0	-0.1854716335499087	Kocak	permutation	
844.0	-0.06652696570900041	Kocak	permutation	
845.0	0.17668409921831607	Kocak	permutation	
846.0	-0.15542854169712594	Kocak	permutation	
847.0	0.04299639854876469	Kocak	permutation	
848.0	-0.1782184636588462	Kocak	permutation	
849.0	0.0023460315501173667	Kocak	permutation	
850.0	-0.09777946791820247	Kocak	permutation	
851.0	0.16769509244290237	Kocak	permutation	
852.0	-0.24492266158852782	Kocak	permutation	
853.0	-0.08677085020137953	Kocak	permutation	
854.0	0.008626630213106168	Kocak	permutation	
855.0	-0.050152939769703586	Kocak	permutation	
856.0	0.1850819195724589	Kocak	permutation	
857.0	0.06397243877744963	Kocak	permutation	
858.0	0.0007596148910620215	Kocak	permutation	
859.0	0.03720718825684344	Kocak	permutation	
860.0	-0.05113734998691655	Kocak	permutation	
861.0	-0.04802683030088817	Kocak	permutation	
862.0	-0.02160287752184198	Kocak	permutation	
863.0	0.014871662084439574	Kocak	permutation	
864.0	-0.04298939394645229	Kocak	permutation	
865.0	0.11645560291984314	Kocak	permutation	
866.0	0.0623129671573186	Kocak	permutation	
867.0	0.01207128604873775	Kocak	permutation	
868.0	-0.017745237667669223	Kocak	permutation	
869.0	-0.1883981721763779	Kocak	permutation	
870.0	0.05471468496600229	Kocak	permutation	
871.0	0.11804122901193859	Kocak	permutation	
872.0	0.025126620072884798	Kocak	permutation	
873.0	0.019041069281910072	Kocak	permutation	
874.0	0.10567207002858447	Kocak	permutation	
875.0	-0.1321268576093808	Kocak	permutation	
876.0	-0.018044004387585133	Kocak	permutation	
877.0	0.0543859467698109	Kocak	permutation	
878.0	-0.17851824512570857	Kocak	permutation	
879.0	-0.03602448357442878	Kocak	permutation	
880.0	0.028368321514796957	Kocak	permutation	
881.0	-0.1027729388873726	Kocak	permutation	
882.0	-0.06067437921792829	Kocak	permutation	
883.0	-0.0537974406741184	Kocak	permutation	
884.0	-0.01778311565324575	Kocak	permutation	
885.0	-0.13824952879731534	Kocak	permutation	
886.0	0.07566278111920788	Kocak	permutation	
887.0	0.048808862353696636	Kocak	permutation	
888.0	-0.04278628974207033	Kocak	permutation	
889.0	0.12204773189242557	Kocak	permutation	
890.0	0.1281826071199701	Kocak	permutation	
891.0	-0.12312809860682439	Kocak	permutation	
892.0	0.016875399706839378	Kocak	permutation	
893.0	-0.017479901223980132	Kocak	permutation	
894.0	0.05550912249963913	Kocak	permutation	
895.0	-0.19463686362614663	Kocak	permutation	
896.0	-0.0002957528503584328	Kocak	permutation	
897.0	0.13886236802135166	Kocak	permutation	
898.0	0.05315440308059349	Kocak	permutation	
899.0	0.047563696209946826	Kocak	permutation	
900.0	0.08313184208583824	Kocak	permutation	
901.0	0.11174861598255204	Kocak	permutation	
902.0	-0.007655305125907841	Kocak	permutation	
903.0	0.08581631937272949	Kocak	permutation	
904.0	-0.10554958465044662	Kocak	permutation	
905.0	-0.007451648691985557	Kocak	permutation	
906.0	-0.04140730437683482	Kocak	permutation	
907.0	-0.044116737262981154	Kocak	permutation	
908.0	-0.08488057361437962	Kocak	permutation	
909.0	-0.04958402841008791	Kocak	permutation	
910.0	0.10369558793719547	Kocak	permutation	
911.0	-0.14448710112549135	Kocak	permutation	
912.0	-0.0015663531412295484	Kocak	permutation	
913.0	0.027689035891586666	Kocak	permutation	
914.0	-0.11668943732818349	Kocak	permutation	
915.0	-0.0255931507228202	Kocak	permutation	
916.0	-0.010676984847496573	Kocak	permutation	
917.0	-0.18731014261841583	Kocak	permutation	
918.0	0.002278686967272847	Kocak	permutation	
919.0	-0.1628703972276222	Kocak	permutation	
920.0	0.028201496559852046	Kocak	permutation	
921.0	0.008110042227983616	Kocak	permutation	
922.0	-0.0628217360822858	Kocak	permutation	
923.0	-0.023452795055872055	Kocak	permutation	
924.0	-0.0019207887455956474	Kocak	permutation	
925.0	-0.040430128899080486	Kocak	permutation	
926.0	0.11843385110870663	Kocak	permutation	
927.0	0.22641924112683842	Kocak	permutation	
928.0	-0.13996721959642233	Kocak	permutation	
929.0	-0.06382526252148724	Kocak	permutation	
930.0	-0.11358685922193112	Kocak	permutation	
931.0	-0.059681774726297654	Kocak	permutation	
932.0	-0.10336750960387464	Kocak	permutation	
933.0	-0.030172700281518416	Kocak	permutation	
934.0	0.1182187586248542	Kocak	permutation	
935.0	0.016948904122069397	Kocak	permutation	
936.0	-0.07006908314992044	Kocak	permutation	
937.0	0.05523997989272633	Kocak	permutation	
938.0	0.06861839559587102	Kocak	permutation	
939.0	0.01318605774561199	Kocak	permutation	
940.0	0.04472003129258395	Kocak	permutation	
941.0	0.026432279983569007	Kocak	permutation	
942.0	-0.06800987451988583	Kocak	permutation	
943.0	-0.09845970163378714	Kocak	permutation	
944.0	-0.07355724055769919	Kocak	permutation	
945.0	0.035101652520165505	Kocak	permutation	
946.0	-0.056220451063457855	Kocak	permutation	
947.0	-0.0229020925327319	Kocak	permutation	
948.0	-0.10231050277568565	Kocak	permutation	
949.0	0.006772518003628214	Kocak	permutation	
950.0	0.0468306398291527	Kocak	permutation	
951.0	0.17054930881968167	Kocak	permutation	
952.0	0.048647316131801066	Kocak	permutation	
953.0	0.17257256370256968	Kocak	permutation	
954.0	-0.11698829259884436	Kocak	permutation	
955.0	0.11569080023663281	Kocak	permutation	
956.0	-0.07158137730228953	Kocak	permutation	
957.0	-0.0693771666286036	Kocak	permutation	
958.0	-0.03730818324177232	Kocak	permutation	
959.0	-0.19248741520776758	Kocak	permutation	
960.0	-0.02709951632257601	Kocak	permutation	
961.0	0.038615501672881525	Kocak	permutation	
962.0	-0.00968022999470719	Kocak	permutation	
963.0	-0.0082668961965493	Kocak	permutation	
964.0	-0.03153922769020756	Kocak	permutation	
965.0	0.0034953561793171772	Kocak	permutation	
966.0	0.10957053744109935	Kocak	permutation	
967.0	0.00944563661024711	Kocak	permutation	
968.0	0.0375565718964439	Kocak	permutation	
969.0	-0.011287249737803151	Kocak	permutation	
970.0	-0.12128547188391892	Kocak	permutation	
971.0	0.028888650980643416	Kocak	permutation	
972.0	-0.12448623290946514	Kocak	permutation	
973.0	0.2563292535679369	Kocak	permutation	
974.0	-0.004113422546746737	Kocak	permutation	
975.0	0.06379056679115314	Kocak	permutation	
976.0	-0.09214992634795616	Kocak	permutation	
977.0	-0.11384282593021622	Kocak	permutation	
978.0	0.05154464516748458	Kocak	permutation	
979.0	0.10115119844487008	Kocak	permutation	
980.0	0.16802653645197596	Kocak	permutation	
981.0	0.0026305674503213083	Kocak	permutation	
982.0	0.10565679751031798	Kocak	permutation	
983.0	0.04546827209145299	Kocak	permutation	
984.0	0.03425190926040278	Kocak	permutation	
985.0	-0.12228502439023092	Kocak	permutation	
986.0	0.010776236557809238	Kocak	permutation	
987.0	-0.04716415099364024	Kocak	permutation	
988.0	0.10996670878719517	Kocak	permutation	
989.0	-0.09584949113423313	Kocak	permutation	
990.0	-0.035140685010410344	Kocak	permutation	
991.0	-0.14224221371220747	Kocak	permutation	
992.0	-0.25871821820005536	Kocak	permutation	
993.0	0.013504763979172107	Kocak	permutation	
994.0	0.13955763187593906	Kocak	permutation	
995.0	-0.05997221811021225	Kocak	permutation	
996.0	-0.04187892653613279	Kocak	permutation	
997.0	0.08501461882344774	Kocak	permutation	
998.0	-0.27814551806385435	Kocak	permutation	
999.0	0.10843531883796098	Kocak	permutation	
1000.0	0.010366663395240838	Kocak	permutation	
1001.0	0.09122934714992592	Kocak	permutation	
1002.0	-0.040631456805928945	Kocak	permutation	
1003.0	0.12292561363932952	Kocak	permutation	
1004.0	-0.04659096879390079	Kocak	permutation	
1005.0	-0.13638854119318333	Kocak	permutation	
1006.0	0.060282489445123044	Kocak	permutation	
1007.0	-0.16295025815428188	Kocak	permutation	
1008.0	-0.007359665688749573	Kocak	permutation	
1009.0	-0.09690953220052823	Kocak	permutation	
1010.0	0.06631849030175241	Kocak	permutation	
1011.0	-0.04253832070080721	Kocak	permutation	
1012.0	0.07689229283369059	Kocak	permutation	
1013.0	-0.014587634084481937	Kocak	permutation	
1014.0	0.03535572414177235	Kocak	permutation	
1015.0	-0.23786340926745408	Kocak	permutation	
1016.0	0.060661824161719835	Kocak	permutation	
1017.0	0.017394311104201865	Kocak	permutation	
1018.0	-0.05964378391344205	Kocak	permutation	
1019.0	0.07499806886254312	Kocak	permutation	
1020.0	0.06703270879118817	Kocak	permutation	
1021.0	0.07483811244512095	Kocak	permutation	
1022.0	-0.0878715880533587	Kocak	permutation	
1023.0	0.02977006343397237	Kocak	permutation	
1024.0	-0.0769538554178788	Kocak	permutation	
1025.0	0.08341130763914384	Kocak	permutation	
1026.0	-0.06731818554410962	Kocak	permutation	
1027.0	-0.04652672813483294	Kocak	permutation	
1028.0	0.07214802970407197	Kocak	permutation	
1029.0	0.13146188515816704	Kocak	permutation	
1030.0	-0.05345907972215347	Kocak	permutation	
1031.0	-0.08461107414520708	Kocak	permutation	
1032.0	0.13751219974960227	Kocak	permutation	
1033.0	0.04382278089127256	Kocak	permutation	
1034.0	-0.20193507479896322	Kocak	permutation	
1035.0	0.010478976190222866	Kocak	permutation	
1036.0	-0.074763388751236	Kocak	permutation	
1037.0	0.021049261384708196	Kocak	permutation	
1038.0	-0.019623796165642915	Kocak	permutation	
1039.0	0.08959261622202064	Kocak	permutation	
1040.0	0.0027791540529680248	Kocak	permutation	
1041.0	0.07406123043610702	Kocak	permutation	
1042.0	-0.29567196471843804	Kocak	permutation	
1043.0	0.27922903691210843	Kocak	permutation	
1044.0	0.0161832707218168	Kocak	permutation	
1045.0	-0.014648041015562274	Kocak	permutation	
1046.0	-0.06949495004599937	Kocak	permutation	
1047.0	-0.026224704689517875	Kocak	permutation	
1048.0	0.060273972912083806	Kocak	permutation	
1049.0	-0.07031652488383422	Kocak	permutation	
1050.0	0.060045263845152075	Kocak	permutation	
1051.0	0.07692289022223076	Kocak	permutation	
1052.0	-0.009499177989785501	Kocak	permutation	
1053.0	0.15628232528907393	Kocak	permutation	
1054.0	0.01023938702246685	Kocak	permutation	
1055.0	0.02235630836316549	Kocak	permutation	
1056.0	-0.039408844251409114	Kocak	permutation	
1057.0	-0.10026614987697569	Kocak	permutation	
1058.0	0.009027339873188378	Kocak	permutation	
1059.0	-0.060476445629078945	Kocak	permutation	
1060.0	-0.02429220631868878	Kocak	permutation	
1061.0	-0.137712093507806	Kocak	permutation	
1062.0	0.1511101202433438	Kocak	permutation	
1063.0	0.062240162919405595	Kocak	permutation	
1064.0	-0.193310458464639	Kocak	permutation	
1065.0	0.001908129848882112	Kocak	permutation	
1066.0	0.044772509867712085	Kocak	permutation	
1067.0	-0.03148680124515035	Kocak	permutation	
1068.0	0.0403221180150064	Kocak	permutation	
1069.0	0.04864308999879707	Kocak	permutation	
1070.0	-0.022667903958625057	Kocak	permutation	
1071.0	0.011714349749735398	Kocak	permutation	
1072.0	0.12502207953161193	Kocak	permutation	
1073.0	-0.00926845887105765	Kocak	permutation	
1074.0	-0.22439616562406206	Kocak	permutation	
1075.0	0.08413524619610291	Kocak	permutation	
1076.0	0.09453562629736734	Kocak	permutation	
1077.0	-0.08339933167877689	Kocak	permutation	
1078.0	0.11337574260396233	Kocak	permutation	
1079.0	-0.14807680144024893	Kocak	permutation	
1080.0	-0.09977916123664787	Kocak	permutation	
1081.0	-0.01069656984716083	Kocak	permutation	
1082.0	-0.0016965232958652265	Kocak	permutation	
1083.0	-0.15080401868176097	Kocak	permutation	
1084.0	-0.1378101961295859	Kocak	permutation	
1085.0	-0.008190503859208942	Kocak	permutation	
1086.0	0.03417557424081341	Kocak	permutation	
1087.0	0.004209949780727751	Kocak	permutation	
1088.0	0.0751900898713509	Kocak	permutation	
1089.0	-0.06559425581965428	Kocak	permutation	
1090.0	-0.07916242755983749	Kocak	permutation	
1091.0	0.04513720151948952	Kocak	permutation	
1092.0	-0.10810426368937831	Kocak	permutation	
1093.0	0.09181515299519871	Kocak	permutation	
1094.0	0.06668919733348977	Kocak	permutation	
1095.0	-0.047014535876325425	Kocak	permutation	
1096.0	0.08214578233080738	Kocak	permutation	
1097.0	-0.11941393489644803	Kocak	permutation	
1098.0	0.05315735850410386	Kocak	permutation	
1099.0	0.014923349583237489	Kocak	permutation	
1100.0	0.03477498254594735	Kocak	permutation	
1101.0	-0.014280929213966065	Kocak	permutation	
1102.0	-0.06564194996805872	Kocak	permutation	
1103.0	0.03045625706272448	Kocak	permutation	
1104.0	-0.06251492045382134	Kocak	permutation	
1105.0	-0.12045217833481514	Kocak	permutation	
1106.0	0.03962180451860897	Kocak	permutation	
1107.0	0.2237194073787081	Kocak	permutation	
1108.0	-0.09307699338914865	Kocak	permutation	
1109.0	-0.19728270051611085	Kocak	permutation	
1110.0	0.026889775008970496	Kocak	permutation	
1111.0	0.054167847851061435	Kocak	permutation	
1112.0	-0.06329009541060238	Kocak	permutation	
1113.0	-0.11842754940141997	Kocak	permutation	
1114.0	-0.22499921345847929	Kocak	permutation	
1115.0	0.015916734827212675	Kocak	permutation	
1116.0	0.052615776965548644	Kocak	permutation	
1117.0	-0.1426917917870445	Kocak	permutation	
1118.0	-0.0010682510511821341	Kocak	permutation	
1119.0	0.025929277061491618	Kocak	permutation	
1120.0	0.03165775576212049	Kocak	permutation	
1121.0	-0.18771851682610885	Kocak	permutation	
1122.0	0.08256676450909417	Kocak	permutation	
1123.0	0.0710660311458704	Kocak	permutation	
1124.0	-0.040081626346808896	Kocak	permutation	
1125.0	-0.09396596828422554	Kocak	permutation	
1126.0	0.01849319226394419	Kocak	permutation	
1127.0	-0.006624988386299435	Kocak	permutation	
1128.0	0.0770893565090951	Kocak	permutation	
1129.0	-0.09333459838097369	Kocak	permutation	
1130.0	0.0015198914834972932	Kocak	permutation	
1131.0	0.08705954128362148	Kocak	permutation	
1132.0	-0.06896017849302405	Kocak	permutation	
1133.0	-0.1557463069099243	Kocak	permutation	
1134.0	0.03504375706355489	Kocak	permutation	
1135.0	-0.006772369961525193	Kocak	permutation	
1136.0	-0.05608255655925509	Kocak	permutation	
1137.0	0.04298289549930301	Kocak	permutation	
1138.0	-0.11292435961301717	Kocak	permutation	
1139.0	-0.11951248510329204	Kocak	permutation	
1140.0	0.04008494764201087	Kocak	permutation	
1141.0	-0.07629977019441503	Kocak	permutation	
1142.0	0.0415974563900261	Kocak	permutation	
1143.0	0.011791665868014611	Kocak	permutation	
1144.0	-0.04045495863838022	Kocak	permutation	
1145.0	-0.08252113773137593	Kocak	permutation	
1146.0	-0.10697769132125501	Kocak	permutation	
1147.0	-0.028208763337826515	Kocak	permutation	
1148.0	0.077111048369225	Kocak	permutation	
1149.0	-0.15398647099292617	Kocak	permutation	
1150.0	-0.04559427553896933	Kocak	permutation	
1151.0	-0.06835002505869836	Kocak	permutation	
1152.0	-0.005437278084693187	Kocak	permutation	
1153.0	0.07196493959611683	Kocak	permutation	
1154.0	-0.010591845314174897	Kocak	permutation	
1155.0	-0.18815918023941247	Kocak	permutation	
1156.0	0.06294294791270971	Kocak	permutation	
1157.0	0.04082837296410524	Kocak	permutation	
1158.0	-0.13764681840490933	Kocak	permutation	
1159.0	-0.058100543666769866	Kocak	permutation	
1160.0	0.19379039112194274	Kocak	permutation	
1161.0	-0.04836773872728761	Kocak	permutation	
1162.0	0.04814216340439792	Kocak	permutation	
1163.0	-0.1768977210077627	Kocak	permutation	
1164.0	-0.01358757981781622	Kocak	permutation	
1165.0	-0.1560136564568575	Kocak	permutation	
1166.0	0.01012766623612027	Kocak	permutation	
1167.0	-0.10154211827656479	Kocak	permutation	
1168.0	0.03414276529433957	Kocak	permutation	
1169.0	-0.1312268451750076	Kocak	permutation	
1170.0	0.08257466229849397	Kocak	permutation	
1171.0	0.007720007731856882	Kocak	permutation	
1172.0	0.07670141540854702	Kocak	permutation	
1173.0	-0.09366276036127097	Kocak	permutation	
1174.0	0.07959522164058441	Kocak	permutation	
1175.0	0.24012470341148706	Kocak	permutation	
1176.0	0.0619764466486612	Kocak	permutation	
1177.0	0.00019626371392122977	Kocak	permutation	
1178.0	-0.11538085184530011	Kocak	permutation	
1179.0	-0.009480028433574983	Kocak	permutation	
1180.0	0.048715827986405724	Kocak	permutation	
1181.0	-0.07684826373244036	Kocak	permutation	
1182.0	0.1904064173720048	Kocak	permutation	
1183.0	0.08820877077643052	Kocak	permutation	
1184.0	-0.009617611714037189	Kocak	permutation	
1185.0	-0.049732658518445216	Kocak	permutation	
1186.0	0.0288780680765095	Kocak	permutation	
1187.0	0.13087022784873126	Kocak	permutation	
1188.0	0.027007981623532462	Kocak	permutation	
1189.0	-0.06758580546600701	Kocak	permutation	
1190.0	-0.05498211039487888	Kocak	permutation	
1191.0	-0.18500891732787128	Kocak	permutation	
1192.0	-0.08864054545159483	Kocak	permutation	
1193.0	0.028837916206101877	Kocak	permutation	
1194.0	0.08681501297646177	Kocak	permutation	
1195.0	0.18856175765968342	Kocak	permutation	
1196.0	0.07218685434690286	Kocak	permutation	
1197.0	0.07798499704078798	Kocak	permutation	
1198.0	-0.01829779472170623	Kocak	permutation	
1199.0	0.1678296699073778	Kocak	permutation	
1200.0	-0.02509291390694557	Kocak	permutation	
1201.0	-0.010461068574370014	Kocak	permutation	
1202.0	-0.02856793697322857	Kocak	permutation	
1203.0	-0.05369679142875272	Kocak	permutation	
1204.0	-0.0357591747122572	Kocak	permutation	
1205.0	-0.09636602330867161	Kocak	permutation	
1206.0	0.15408844571615754	Kocak	permutation	
1207.0	-0.027754459890240835	Kocak	permutation	
1208.0	0.07391517429666727	Kocak	permutation	
1209.0	0.04848191451437556	Kocak	permutation	
1210.0	0.06335694036014683	Kocak	permutation	
1211.0	-0.01396308837420257	Kocak	permutation	
1212.0	0.08275746822216856	Kocak	permutation	
1213.0	-0.13489467000983701	Kocak	permutation	
1214.0	-0.08042915441211163	Kocak	permutation	
1215.0	0.07492882612562513	Kocak	permutation	
1216.0	0.09675858303219487	Kocak	permutation	
1217.0	-0.011575905582683621	Kocak	permutation	
1218.0	-0.05033625218219706	Kocak	permutation	
1219.0	-0.01670195297093713	Kocak	permutation	
1220.0	-0.13935569076287502	Kocak	permutation	
1221.0	0.01748201023897078	Kocak	permutation	
1222.0	-0.06864408225103569	Kocak	permutation	
1223.0	-0.02839443538629327	Kocak	permutation	
1224.0	-0.08230851856304522	Kocak	permutation	
1225.0	0.05102814865469929	Kocak	permutation	
1226.0	0.022186692845142186	Kocak	permutation	
1227.0	0.14877372606195216	Kocak	permutation	
1228.0	0.012963341287979269	Kocak	permutation	
1229.0	-0.22665078709166542	Kocak	permutation	
1230.0	0.022490400203842853	Kocak	permutation	
1231.0	0.15183093503005773	Kocak	permutation	
1232.0	-0.04198926491392685	Kocak	permutation	
1233.0	-0.15881493865786345	Kocak	permutation	
1234.0	-0.04394736999409732	Kocak	permutation	
1235.0	-0.023416811776796553	Kocak	permutation	
1236.0	-0.07289423154549768	Kocak	permutation	
1237.0	0.09217620531580684	Kocak	permutation	
1238.0	0.05325171165025644	Kocak	permutation	
1239.0	0.03499625783744387	Kocak	permutation	
1240.0	0.000796258174143194	Kocak	permutation	
1241.0	0.050789298745759215	Kocak	permutation	
1242.0	0.11052431220201031	Kocak	permutation	
1243.0	-0.05464884194372566	Kocak	permutation	
1244.0	-0.04359775590392001	Kocak	permutation	
1245.0	0.06552310358127711	Kocak	permutation	
1246.0	-0.0029535024875122495	Kocak	permutation	
1247.0	-0.08439095772587546	Kocak	permutation	
1248.0	0.12067097519136016	Kocak	permutation	
1249.0	-0.010398170231874726	Kocak	permutation	
1250.0	-0.018684445251273107	Kocak	permutation	
1251.0	-0.07910621721529632	Kocak	permutation	
1252.0	0.162012444771364	Kocak	permutation	
1253.0	0.20506508538114643	Kocak	permutation	
1254.0	-0.11254361735727336	Kocak	permutation	
1255.0	0.1133306250631465	Kocak	permutation	
1256.0	-0.09457020466307275	Kocak	permutation	
1257.0	-0.03940672599526884	Kocak	permutation	
1258.0	-0.02123137530978836	Kocak	permutation	
1259.0	0.083056019835694	Kocak	permutation	
1260.0	0.11771943223671766	Kocak	permutation	
1261.0	0.07644271041644846	Kocak	permutation	
1262.0	-0.19778621629956206	Kocak	permutation	
1263.0	0.06771068084892118	Kocak	permutation	
1264.0	0.10168166693135827	Kocak	permutation	
1265.0	0.006513308972273091	Kocak	permutation	
1266.0	-0.08597990355433716	Kocak	permutation	
1267.0	0.05105094159605139	Kocak	permutation	
1268.0	-0.012154158920196778	Kocak	permutation	
1269.0	0.12709427461048417	Kocak	permutation	
1270.0	-0.14921372513997788	Kocak	permutation	
1271.0	-0.17595856782133534	Kocak	permutation	
1272.0	0.10103772974580538	Kocak	permutation	
1273.0	0.00441004809095924	Kocak	permutation	
1274.0	-0.009340152128527901	Kocak	permutation	
1275.0	-0.07311148487350794	Kocak	permutation	
1276.0	-0.05421004570087984	Kocak	permutation	
1277.0	0.09348134004728559	Kocak	permutation	
1278.0	-0.15997112552987547	Kocak	permutation	
1279.0	-0.03880102842364419	Kocak	permutation	
1280.0	-0.06549834748533989	Kocak	permutation	
1281.0	-0.13173028848493828	Kocak	permutation	
1282.0	0.10299402944688074	Kocak	permutation	
1283.0	-0.10098512919955072	Kocak	permutation	
1284.0	0.051392371666656445	Kocak	permutation	
1285.0	-0.1734340657598823	Kocak	permutation	
1286.0	0.05142058351791423	Kocak	permutation	
1287.0	-0.06183765888162496	Kocak	permutation	
1288.0	0.133366387916789	Kocak	permutation	
1289.0	-0.09702170894441009	Kocak	permutation	
1290.0	-0.12208358124184526	Kocak	permutation	
1291.0	-0.027695811993690533	Kocak	permutation	
1292.0	-0.14623924137806865	Kocak	permutation	
1293.0	0.08325181699835182	Kocak	permutation	
1294.0	-0.09697196037066202	Kocak	permutation	
1295.0	0.23875927861630508	Kocak	permutation	
1296.0	-0.07674264657790708	Kocak	permutation	
1297.0	-0.020706023881365443	Kocak	permutation	
1298.0	-0.025705611382486726	Kocak	permutation	
1299.0	-0.07894376251200841	Kocak	permutation	
1300.0	0.15191470091042136	Kocak	permutation	
1301.0	-0.08646875757305139	Kocak	permutation	
1302.0	-0.17979437668006604	Kocak	permutation	
1303.0	-0.025635459616625944	Kocak	permutation	
1304.0	-0.035539600954355155	Kocak	permutation	
1305.0	-0.022194669290959812	Kocak	permutation	
1306.0	-0.17452676994989025	Kocak	permutation	
1307.0	0.13775580258207487	Kocak	permutation	
1308.0	-0.013532752485332367	Kocak	permutation	
1309.0	-0.06436096733752183	Kocak	permutation	
1310.0	0.09224213090813738	Kocak	permutation	
1311.0	-0.23565932524547595	Kocak	permutation	
1312.0	-0.010351957088676755	Kocak	permutation	
1313.0	0.07659016665304597	Kocak	permutation	
1314.0	0.035990017999267376	Kocak	permutation	
1315.0	-0.0177447085294955	Kocak	permutation	
1316.0	-0.12969600922444569	Kocak	permutation	
1317.0	0.01972375475682897	Kocak	permutation	
1318.0	0.16781232281434377	Kocak	permutation	
1319.0	-0.03177274304716304	Kocak	permutation	
1320.0	-0.050499101119759526	Kocak	permutation	
1321.0	0.03519520226031547	Kocak	permutation	
1322.0	-0.07268381597964213	Kocak	permutation	
1323.0	-0.0031349636788702284	Kocak	permutation	
1324.0	-0.02021664594472572	Kocak	permutation	
1325.0	0.07452864624462574	Kocak	permutation	
1326.0	-0.19293941792922453	Kocak	permutation	
1327.0	-0.198371871606696	Kocak	permutation	
1328.0	0.06314151693679149	Kocak	permutation	
1329.0	0.024318991317245242	Kocak	permutation	
1330.0	0.004584234564655176	Kocak	permutation	
1331.0	0.09691994006131344	Kocak	permutation	
1332.0	-0.14513470310529408	Kocak	permutation	
1333.0	-0.03976313116913044	Kocak	permutation	
1334.0	-0.008366185106293056	Kocak	permutation	
1335.0	-0.014363998842947368	Kocak	permutation	
1336.0	0.0401634571864391	Kocak	permutation	
1337.0	0.20299715040210442	Kocak	permutation	
1338.0	0.07163274257590979	Kocak	permutation	
1339.0	-0.11049629074468337	Kocak	permutation	
1340.0	0.0261723580207609	Kocak	permutation	
1341.0	-0.08297314279833001	Kocak	permutation	
1342.0	0.05373957230202864	Kocak	permutation	
1343.0	-0.01874818173962778	Kocak	permutation	
1344.0	0.06656863060569718	Kocak	permutation	
1345.0	0.054732865058179314	Kocak	permutation	
1346.0	0.13236083866365878	Kocak	permutation	
1347.0	-0.0370814587665631	Kocak	permutation	
1348.0	-0.09093148135788409	Kocak	permutation	
1349.0	-0.06033581804006083	Kocak	permutation	
1350.0	0.05502649775774193	Kocak	permutation	
1351.0	-0.01681515287198021	Kocak	permutation	
1352.0	-0.03623164876925422	Kocak	permutation	
1353.0	-0.1730329463881164	Kocak	permutation	
1354.0	0.03101797657199956	Kocak	permutation	
1355.0	0.06228087520773862	Kocak	permutation	
1356.0	-0.1629692429501488	Kocak	permutation	
1357.0	-0.09052231332272198	Kocak	permutation	
1358.0	0.016499262293209416	Kocak	permutation	
1359.0	-0.07507672442769797	Kocak	permutation	
1360.0	-0.05208520432763519	Kocak	permutation	
1361.0	-0.280352101196808	Kocak	permutation	
1362.0	-0.02756071517375691	Kocak	permutation	
1363.0	-0.046811547982490875	Kocak	permutation	
1364.0	0.09259854327272743	Kocak	permutation	
1365.0	-0.04525215911349534	Kocak	permutation	
1366.0	0.09453170676760525	Kocak	permutation	
1367.0	0.1303805065661252	Kocak	permutation	
1368.0	0.019862108351216268	Kocak	permutation	
1369.0	0.07286187457977311	Kocak	permutation	
1370.0	0.09171572615589652	Kocak	permutation	
1371.0	-0.05028968629386332	Kocak	permutation	
1372.0	0.09720684842722216	Kocak	permutation	
1373.0	-0.025297539199184538	Kocak	permutation	
1374.0	0.24038892436807213	Kocak	permutation	
1375.0	0.07178012236708398	Kocak	permutation	
1376.0	0.005509220761792832	Kocak	permutation	
1377.0	-0.011462999406553376	Kocak	permutation	
1378.0	-0.12820912358551695	Kocak	permutation	
1379.0	0.02276930027013524	Kocak	permutation	
1380.0	0.017885878323422144	Kocak	permutation	
1381.0	0.034495617580157845	Kocak	permutation	
1382.0	-0.01363361621347936	Kocak	permutation	
1383.0	-0.07031634008941356	Kocak	permutation	
1384.0	-0.03682234819587116	Kocak	permutation	
1385.0	-0.199606406188094	Kocak	permutation	
1386.0	-0.017094484377889074	Kocak	permutation	
1387.0	-0.07371093546489904	Kocak	permutation	
1388.0	-0.16940090371913374	Kocak	permutation	
1389.0	-0.0036624146036658978	Kocak	permutation	
1390.0	-0.09959706254201217	Kocak	permutation	
1391.0	0.0252875983364258	Kocak	permutation	
1392.0	0.0018351912900862466	Kocak	permutation	
1393.0	0.07521266230406232	Kocak	permutation	
1394.0	-0.0004894879291836851	Kocak	permutation	
1395.0	-0.17675123374251767	Kocak	permutation	
1396.0	-0.009155518087188064	Kocak	permutation	
1397.0	-0.047507066676772514	Kocak	permutation	
1398.0	0.03141441630021635	Kocak	permutation	
1399.0	0.09783143260965499	Kocak	permutation	
1400.0	-0.03853976897646527	Kocak	permutation	
1401.0	0.0365448094905414	Kocak	permutation	
1402.0	-0.22911082663069404	Kocak	permutation	
1403.0	0.06613778165834194	Kocak	permutation	
1404.0	-0.11949618909626203	Kocak	permutation	
1405.0	0.06431034430720395	Kocak	permutation	
1406.0	-0.04019688505229535	Kocak	permutation	
1407.0	0.11913859346523958	Kocak	permutation	
1408.0	-0.0038445938113089717	Kocak	permutation	
1409.0	0.1377213684013321	Kocak	permutation	
1410.0	-0.12714945392226662	Kocak	permutation	
1411.0	0.033898173665850795	Kocak	permutation	
1412.0	0.09579525480555162	Kocak	permutation	
1413.0	0.006771725037668652	Kocak	permutation	
1414.0	0.09175796716959983	Kocak	permutation	
1415.0	-0.03740825892034838	Kocak	permutation	
1416.0	0.09955085109527717	Kocak	permutation	
1417.0	0.10986423109738475	Kocak	permutation	
1418.0	0.05497638774194735	Kocak	permutation	
1419.0	0.05488710797497198	Kocak	permutation	
1420.0	-0.12979446079125978	Kocak	permutation	
1421.0	0.0660633176404426	Kocak	permutation	
1422.0	-0.07683215711491842	Kocak	permutation	
1423.0	0.00968837465132033	Kocak	permutation	
1424.0	-0.04766597522411775	Kocak	permutation	
1425.0	0.010873143077147152	Kocak	permutation	
1426.0	-0.02214139480674948	Kocak	permutation	
1427.0	0.009182040522135448	Kocak	permutation	
1428.0	0.05055406937216134	Kocak	permutation	
1429.0	-0.16859247563735025	Kocak	permutation	
1430.0	-0.031523754616789024	Kocak	permutation	
1431.0	-0.06278510519749014	Kocak	permutation	
1432.0	-0.028704605437608777	Kocak	permutation	
1433.0	0.13029415923990229	Kocak	permutation	
1434.0	0.04384308489425637	Kocak	permutation	
1435.0	0.035162165976572624	Kocak	permutation	
1436.0	-0.09730699114057773	Kocak	permutation	
1437.0	0.0029183145225997187	Kocak	permutation	
1438.0	-0.1249679902376748	Kocak	permutation	
1439.0	-0.13348129907874728	Kocak	permutation	
1440.0	0.017775267138542716	Kocak	permutation	
1441.0	-0.009540912558264836	Kocak	permutation	
1442.0	-0.03146620223678598	Kocak	permutation	
1443.0	-0.028828533050563543	Kocak	permutation	
1444.0	0.05361034044721613	Kocak	permutation	
1445.0	-0.15750730254585932	Kocak	permutation	
1446.0	-0.00750408145169823	Kocak	permutation	
1447.0	0.04281190422264469	Kocak	permutation	
1448.0	0.08869414027597733	Kocak	permutation	
1449.0	0.10188400402242781	Kocak	permutation	
1450.0	-0.02757323294217917	Kocak	permutation	
1451.0	0.1518291451383531	Kocak	permutation	
1452.0	0.058428434887770386	Kocak	permutation	
1453.0	-0.11346691687446508	Kocak	permutation	
1454.0	-0.17068091694402643	Kocak	permutation	
1455.0	0.09983940064466568	Kocak	permutation	
1456.0	0.1079002044050621	Kocak	permutation	
1457.0	-0.19595838734031945	Kocak	permutation	
1458.0	-0.024095416328458352	Kocak	permutation	
1459.0	0.06707554383295689	Kocak	permutation	
1460.0	-0.12403532509199611	Kocak	permutation	
1461.0	-0.049034176896149084	Kocak	permutation	
1462.0	-0.10765360104306287	Kocak	permutation	
1463.0	-0.04117124961923935	Kocak	permutation	
1464.0	0.062100983444978386	Kocak	permutation	
1465.0	-0.003345282199841648	Kocak	permutation	
1466.0	0.20688336231861237	Kocak	permutation	
1467.0	0.10026345278514937	Kocak	permutation	
1468.0	0.03938737193814701	Kocak	permutation	
1469.0	0.1168707703845362	Kocak	permutation	
1470.0	-0.1191830159442353	Kocak	permutation	
1471.0	0.05626625407023589	Kocak	permutation	
1472.0	-0.00916558683529578	Kocak	permutation	
1473.0	0.09095149557042514	Kocak	permutation	
1474.0	-0.13073531274188488	Kocak	permutation	
1475.0	-0.0887837888856029	Kocak	permutation	
1476.0	-0.03663118942799937	Kocak	permutation	
1477.0	-0.09741218260571216	Kocak	permutation	
1478.0	-0.09016075818031233	Kocak	permutation	
1479.0	-0.019361463794457467	Kocak	permutation	
1480.0	0.04327269781277243	Kocak	permutation	
1481.0	0.2758278337637625	Kocak	permutation	
1482.0	-0.061354126337964665	Kocak	permutation	
1483.0	-0.061704182860984336	Kocak	permutation	
1484.0	0.02868603958867766	Kocak	permutation	
1485.0	-0.054073558612866446	Kocak	permutation	
1486.0	-0.024418147146784808	Kocak	permutation	
1487.0	0.060898337357286	Kocak	permutation	
1488.0	0.02626863604421814	Kocak	permutation	
1489.0	-0.012583591560878737	Kocak	permutation	
1490.0	0.10417264600208931	Kocak	permutation	
1491.0	-0.04617230174323783	Kocak	permutation	
1492.0	-0.14264051244825326	Kocak	permutation	
1493.0	-0.017891475913692112	Kocak	permutation	
1494.0	0.03983731603013396	Kocak	permutation	
1495.0	0.027683933192871546	Kocak	permutation	
1496.0	-0.06706202444619658	Kocak	permutation	
1497.0	-0.0401717591538322	Kocak	permutation	
1498.0	-0.12784878253833698	Kocak	permutation	
1499.0	-0.15713864081246154	Kocak	permutation	
1500.0	-0.017927602265016773	Kocak	permutation	
1501.0	0.074675507718446	Kocak	permutation	
1502.0	-0.004523158190951282	Kocak	permutation	
1503.0	-0.10881143582715369	Kocak	permutation	
1504.0	0.21488065304663362	Kocak	permutation	
1505.0	0.08528596199986405	Kocak	permutation	
1506.0	-0.14035199959687716	Kocak	permutation	
1507.0	0.023287499483356733	Kocak	permutation	
1508.0	0.09690567497767555	Kocak	permutation	
1509.0	0.12319053673885083	Kocak	permutation	
1510.0	-0.04334405091553828	Kocak	permutation	
1511.0	0.14543578749536934	Kocak	permutation	
1512.0	0.2105674234961339	Kocak	permutation	
1513.0	0.22022323523223308	Kocak	permutation	
1514.0	0.015334176115470832	Kocak	permutation	
1515.0	0.07382762101272	Kocak	permutation	
1516.0	-0.13700848277248312	Kocak	permutation	
1517.0	0.03421702001694582	Kocak	permutation	
1518.0	-0.10091696094416891	Kocak	permutation	
1519.0	-0.14530826269097474	Kocak	permutation	
1520.0	0.14401591571373995	Kocak	permutation	
1521.0	-0.05629802010080098	Kocak	permutation	
1522.0	0.1767909205503213	Kocak	permutation	
1523.0	-0.10519484161774706	Kocak	permutation	
1524.0	-0.11427132910471416	Kocak	permutation	
1525.0	0.022886975761238215	Kocak	permutation	
1526.0	-0.12234500872163157	Kocak	permutation	
1527.0	-0.1972111993958463	Kocak	permutation	
1528.0	0.03172757737413301	Kocak	permutation	
1529.0	-0.07994207945919873	Kocak	permutation	
1530.0	-0.034717994512152295	Kocak	permutation	
1531.0	-0.02811889239990828	Kocak	permutation	
1532.0	-0.059625857986045805	Kocak	permutation	
1533.0	-0.013486171724443885	Kocak	permutation	
1534.0	0.19590157591361868	Kocak	permutation	
1535.0	0.08183487773440357	Kocak	permutation	
1536.0	-0.16999771007218323	Kocak	permutation	
1537.0	-0.020166106984975674	Kocak	permutation	
1538.0	0.021768234354538674	Kocak	permutation	
1539.0	0.040031069371269545	Kocak	permutation	
1540.0	-0.1253448511968851	Kocak	permutation	
1541.0	0.043166729230239564	Kocak	permutation	
1542.0	0.12370116925097108	Kocak	permutation	
1543.0	0.06990249670587767	Kocak	permutation	
1544.0	-0.03324847838970335	Kocak	permutation	
1545.0	0.20157180887288684	Kocak	permutation	
1546.0	-0.04017587218456109	Kocak	permutation	
1547.0	0.09982327258950674	Kocak	permutation	
1548.0	-0.0816719712452878	Kocak	permutation	
1549.0	0.0330206041442449	Kocak	permutation	
1550.0	0.11355654387988112	Kocak	permutation	
1551.0	-0.11308712383232278	Kocak	permutation	
1552.0	0.010932887974747452	Kocak	permutation	
1553.0	-0.02124322597981898	Kocak	permutation	
1554.0	0.04930482386696022	Kocak	permutation	
1555.0	-0.23315303938551502	Kocak	permutation	
1556.0	-0.09472873930411652	Kocak	permutation	
1557.0	-0.16600395605458917	Kocak	permutation	
1558.0	-0.05407054273469125	Kocak	permutation	
1559.0	0.14010234526043686	Kocak	permutation	
1560.0	-0.13318145725283292	Kocak	permutation	
1561.0	0.14445041493768151	Kocak	permutation	
1562.0	-0.06429736721352564	Kocak	permutation	
1563.0	-0.014548489638063877	Kocak	permutation	
1564.0	-0.08287660070661618	Kocak	permutation	
1565.0	-0.14339388734147285	Kocak	permutation	
1566.0	-0.06063212733232248	Kocak	permutation	
1567.0	-0.1505720762222138	Kocak	permutation	
1568.0	0.1256260587739142	Kocak	permutation	
1569.0	0.05144970412483474	Kocak	permutation	
1570.0	0.18357911032116236	Kocak	permutation	
1571.0	-0.09682451336553255	Kocak	permutation	
1572.0	-0.15767354051565308	Kocak	permutation	
1573.0	-0.057344939847306264	Kocak	permutation	
1574.0	-0.08952193550073018	Kocak	permutation	
1575.0	0.0598828333272996	Kocak	permutation	
1576.0	0.033681052412104506	Kocak	permutation	
1577.0	0.05670450249173786	Kocak	permutation	
1578.0	0.0497080618866681	Kocak	permutation	
1579.0	-0.006335797136430621	Kocak	permutation	
1580.0	-0.07377039296932031	Kocak	permutation	
1581.0	0.07624191969154204	Kocak	permutation	
1582.0	-0.028263366348706853	Kocak	permutation	
1583.0	0.08804318239795261	Kocak	permutation	
1584.0	0.12946706600986468	Kocak	permutation	
1585.0	-0.01853393968348227	Kocak	permutation	
1586.0	0.030491799567340827	Kocak	permutation	
1587.0	0.03559258125818321	Kocak	permutation	
1588.0	0.1843248108538207	Kocak	permutation	
1589.0	0.012131039642428565	Kocak	permutation	
1590.0	0.002318255869159458	Kocak	permutation	
1591.0	0.07734889220023966	Kocak	permutation	
1592.0	-0.007095901217070377	Kocak	permutation	
1593.0	-0.17116814677651515	Kocak	permutation	
1594.0	-0.01743545588688189	Kocak	permutation	
1595.0	0.006500209739299656	Kocak	permutation	
1596.0	0.1859418278778251	Kocak	permutation	
1597.0	-0.05494338671514143	Kocak	permutation	
1598.0	0.07111157946732183	Kocak	permutation	
1599.0	-0.04700389492713519	Kocak	permutation	
1600.0	-0.254014066131254	Kocak	permutation	
1601.0	-0.09064929650774811	Kocak	permutation	
1602.0	0.21129623303773526	Kocak	permutation	
1603.0	-0.055816357300239705	Kocak	permutation	
1604.0	-0.14840331482765023	Kocak	permutation	
1605.0	-0.013805945311212042	Kocak	permutation	
1606.0	0.030144933811477426	Kocak	permutation	
1607.0	-0.09527673431825434	Kocak	permutation	
1608.0	0.0811084104625528	Kocak	permutation	
1609.0	-0.06490357662788515	Kocak	permutation	
1610.0	-0.03905883407083088	Kocak	permutation	
1611.0	-0.031184163139692966	Kocak	permutation	
1612.0	0.025792567823952783	Kocak	permutation	
1613.0	-0.11798130352851643	Kocak	permutation	
1614.0	-0.05227662304525715	Kocak	permutation	
1615.0	0.12858982913562045	Kocak	permutation	
1616.0	0.04488688222818782	Kocak	permutation	
1617.0	-0.09213501982434114	Kocak	permutation	
1618.0	0.005703447310985599	Kocak	permutation	
1619.0	-0.14217879167793868	Kocak	permutation	
1620.0	-0.033626657095380263	Kocak	permutation	
1621.0	-0.013846996010062451	Kocak	permutation	
1622.0	-0.09104648754410727	Kocak	permutation	
1623.0	-0.18176431672316662	Kocak	permutation	
1624.0	-0.06460355617864089	Kocak	permutation	
1625.0	-0.131490985832162	Kocak	permutation	
1626.0	-0.07735866096846555	Kocak	permutation	
1627.0	0.1808173763589216	Kocak	permutation	
1628.0	0.043537230315802145	Kocak	permutation	
1629.0	-0.1786420207908419	Kocak	permutation	
1630.0	-0.17349096781740592	Kocak	permutation	
1631.0	0.07130246741724688	Kocak	permutation	
1632.0	0.0012741167061522951	Kocak	permutation	
1633.0	-0.006459219415555051	Kocak	permutation	
1634.0	-0.0886695612553634	Kocak	permutation	
1635.0	0.13561109852318465	Kocak	permutation	
1636.0	0.02107250310949782	Kocak	permutation	
1637.0	-0.12426901064360063	Kocak	permutation	
1638.0	-0.12307278209494132	Kocak	permutation	
1639.0	-0.04509439671320692	Kocak	permutation	
1640.0	0.0855533028793567	Kocak	permutation	
1641.0	-0.23956606436199968	Kocak	permutation	
1642.0	0.06381866220652554	Kocak	permutation	
1643.0	0.05305888167491002	Kocak	permutation	
1644.0	0.051262087968355186	Kocak	permutation	
1645.0	0.02780225385573587	Kocak	permutation	
1646.0	0.046103101974489746	Kocak	permutation	
1647.0	0.005965945723133803	Kocak	permutation	
1648.0	0.07173285951910557	Kocak	permutation	
1649.0	0.0002648588206737301	Kocak	permutation	
1650.0	0.0273353455817551	Kocak	permutation	
1651.0	-0.16052877788299114	Kocak	permutation	
1652.0	0.06595531080828732	Kocak	permutation	
1653.0	0.16851210894132285	Kocak	permutation	
1654.0	0.10591644521313137	Kocak	permutation	
1655.0	0.0431921232364294	Kocak	permutation	
1656.0	-0.08400810649843082	Kocak	permutation	
1657.0	0.13543851889928993	Kocak	permutation	
1658.0	-0.007535346340981963	Kocak	permutation	
1659.0	-0.027949137006442193	Kocak	permutation	
1660.0	-0.01450464757626202	Kocak	permutation	
1661.0	-0.04560497155920684	Kocak	permutation	
1662.0	0.07737199304581477	Kocak	permutation	
1663.0	-0.07772739203255696	Kocak	permutation	
1664.0	-0.08239137982075384	Kocak	permutation	
1665.0	-0.22450234593757212	Kocak	permutation	
1666.0	-0.006064878193399181	Kocak	permutation	
1667.0	-0.04384025699779226	Kocak	permutation	
1668.0	-0.10933891709265797	Kocak	permutation	
1669.0	0.06381487060742685	Kocak	permutation	
1670.0	-0.0674715793934011	Kocak	permutation	
1671.0	0.10913518978574066	Kocak	permutation	
1672.0	-0.058913918149006594	Kocak	permutation	
1673.0	-0.07096798742297894	Kocak	permutation	
1674.0	-0.10787812725267942	Kocak	permutation	
1675.0	-0.0030377554810305796	Kocak	permutation	
1676.0	0.03452156557281727	Kocak	permutation	
1677.0	0.07048453147717249	Kocak	permutation	
1678.0	-0.011204569830411515	Kocak	permutation	
1679.0	-0.0786238422476142	Kocak	permutation	
1680.0	-0.08726938533864503	Kocak	permutation	
1681.0	-0.008024580229923473	Kocak	permutation	
1682.0	-0.07510776693495291	Kocak	permutation	
1683.0	-0.07992001225021061	Kocak	permutation	
1684.0	-0.03640422031985624	Kocak	permutation	
1685.0	-0.11673598998399992	Kocak	permutation	
1686.0	-0.048921209394892085	Kocak	permutation	
1687.0	-0.03741843406404355	Kocak	permutation	
1688.0	0.0041918737300967734	Kocak	permutation	
1689.0	-0.20739964221549334	Kocak	permutation	
1690.0	-0.2281497052594479	Kocak	permutation	
1691.0	-0.09909091097904055	Kocak	permutation	
1692.0	0.06927793315333464	Kocak	permutation	
1693.0	0.21775469002413939	Kocak	permutation	
1694.0	-0.0020768534250219517	Kocak	permutation	
1695.0	-0.04135066750361016	Kocak	permutation	
1696.0	-0.08162129491168368	Kocak	permutation	
1697.0	0.02067988117907893	Kocak	permutation	
1698.0	-0.14839544602610788	Kocak	permutation	
1699.0	0.019263967304285146	Kocak	permutation	
1700.0	0.04983810111122988	Kocak	permutation	
1701.0	0.012192552020696468	Kocak	permutation	
1702.0	0.12546285108098632	Kocak	permutation	
1703.0	-0.0823891155712686	Kocak	permutation	
1704.0	-0.027812328468628245	Kocak	permutation	
1705.0	-0.0656490616785459	Kocak	permutation	
1706.0	0.02419028796989231	Kocak	permutation	
1707.0	0.030424793999349387	Kocak	permutation	
1708.0	0.059098878078152506	Kocak	permutation	
1709.0	0.09654040860061608	Kocak	permutation	
1710.0	0.0482817309588528	Kocak	permutation	
1711.0	0.11164790969132321	Kocak	permutation	
1712.0	0.056436455030575594	Kocak	permutation	
1713.0	0.06619438325599658	Kocak	permutation	
1714.0	-0.02748486951907525	Kocak	permutation	
1715.0	0.12062126578609034	Kocak	permutation	
1716.0	-0.005521129356313104	Kocak	permutation	
1717.0	0.005590235724896697	Kocak	permutation	
1718.0	-0.09637784590639553	Kocak	permutation	
1719.0	0.02510066335349581	Kocak	permutation	
1720.0	-0.00801800331684932	Kocak	permutation	
1721.0	0.035442524339639014	Kocak	permutation	
1722.0	-0.20978383067607442	Kocak	permutation	
1723.0	-0.053947102597022845	Kocak	permutation	
1724.0	-0.05781988911556368	Kocak	permutation	
1725.0	0.06890440146852939	Kocak	permutation	
1726.0	0.1474687106451742	Kocak	permutation	
1727.0	0.011320572163553866	Kocak	permutation	
1728.0	0.031147996042478532	Kocak	permutation	
1729.0	-0.08967261581630526	Kocak	permutation	
1730.0	-0.14112134020721667	Kocak	permutation	
1731.0	0.06611102105123257	Kocak	permutation	
1732.0	0.018872287687366374	Kocak	permutation	
1733.0	0.11396908558902963	Kocak	permutation	
1734.0	-0.1292009182367977	Kocak	permutation	
1735.0	-0.12341086601726747	Kocak	permutation	
1736.0	0.09276136173018434	Kocak	permutation	
1737.0	0.09902770862263921	Kocak	permutation	
1738.0	0.15959489019622453	Kocak	permutation	
1739.0	-0.16948725225106775	Kocak	permutation	
1740.0	-0.16102238367002375	Kocak	permutation	
1741.0	-0.0587960380302297	Kocak	permutation	
1742.0	0.07752235153215725	Kocak	permutation	
1743.0	-0.001374471923622611	Kocak	permutation	
1744.0	-0.07460234885880501	Kocak	permutation	
1745.0	0.19684714688133464	Kocak	permutation	
1746.0	-0.24688212058949244	Kocak	permutation	
1747.0	-0.014611334307229384	Kocak	permutation	
1748.0	-0.07688144982338407	Kocak	permutation	
1749.0	-0.08548899633160234	Kocak	permutation	
1750.0	0.03581780959598735	Kocak	permutation	
1751.0	0.047033335191533965	Kocak	permutation	
1752.0	-0.1576738761734875	Kocak	permutation	
1753.0	0.11004657076329405	Kocak	permutation	
1754.0	0.1638584994410861	Kocak	permutation	
1755.0	0.010370635583965448	Kocak	permutation	
1756.0	0.10854114939481851	Kocak	permutation	
1757.0	-0.06903351931800916	Kocak	permutation	
1758.0	0.07247117605453024	Kocak	permutation	
1759.0	-0.167916111710102	Kocak	permutation	
1760.0	0.08887402415119272	Kocak	permutation	
1761.0	-0.05186677658544392	Kocak	permutation	
1762.0	-0.02512790527882558	Kocak	permutation	
1763.0	-0.007061638838945505	Kocak	permutation	
1764.0	-0.05364315936203212	Kocak	permutation	
1765.0	0.02803720735511117	Kocak	permutation	
1766.0	-0.05860060186602878	Kocak	permutation	
1767.0	-0.09198227687323479	Kocak	permutation	
1768.0	-0.04760272423068734	Kocak	permutation	
1769.0	0.10261558352763522	Kocak	permutation	
1770.0	0.09633868117504996	Kocak	permutation	
1771.0	0.05097700825307605	Kocak	permutation	
1772.0	-0.09014868027026113	Kocak	permutation	
1773.0	-0.03422034875001456	Kocak	permutation	
1774.0	-0.06436731501196169	Kocak	permutation	
1775.0	0.006637858984185119	Kocak	permutation	
1776.0	-0.010265825339312862	Kocak	permutation	
1777.0	-0.0027520878499482926	Kocak	permutation	
1778.0	0.01656541777723941	Kocak	permutation	
1779.0	-0.28607300166262917	Kocak	permutation	
1780.0	0.06183791329977284	Kocak	permutation	
1781.0	0.1655363022639107	Kocak	permutation	
1782.0	-0.10121589196891767	Kocak	permutation	
1783.0	-0.07730982447103951	Kocak	permutation	
1784.0	-0.10158791342012163	Kocak	permutation	
1785.0	0.12237792257071067	Kocak	permutation	
1786.0	0.020472692370738343	Kocak	permutation	
1787.0	0.014523210827110944	Kocak	permutation	
1788.0	0.0919744562624718	Kocak	permutation	
1789.0	0.025479487851036264	Kocak	permutation	
1790.0	0.022282217561088835	Kocak	permutation	
1791.0	0.0020561083930239477	Kocak	permutation	
1792.0	-0.11845588453970235	Kocak	permutation	
1793.0	0.09512529785958268	Kocak	permutation	
1794.0	-0.03066328001932339	Kocak	permutation	
1795.0	-0.033142945014567715	Kocak	permutation	
1796.0	-0.06579705690113391	Kocak	permutation	
1797.0	0.08965846673607247	Kocak	permutation	
1798.0	-0.10050945388897681	Kocak	permutation	
1799.0	0.10934098536265147	Kocak	permutation	
1800.0	0.010676996491682633	Kocak	permutation	
1801.0	-0.03605551995694789	Kocak	permutation	
1802.0	0.06587707283289612	Kocak	permutation	
1803.0	0.018871367541461126	Kocak	permutation	
1804.0	-0.10546348894111146	Kocak	permutation	
1805.0	-0.0973764126387966	Kocak	permutation	
1806.0	-0.20406014244126425	Kocak	permutation	
1807.0	0.002816823163839466	Kocak	permutation	
1808.0	-0.07385932028879028	Kocak	permutation	
1809.0	0.039359862264168655	Kocak	permutation	
1810.0	0.05398009260301162	Kocak	permutation	
1811.0	0.010926207325960391	Kocak	permutation	
1812.0	-0.09091531099406325	Kocak	permutation	
1813.0	-0.2674014371242892	Kocak	permutation	
1814.0	0.09607318433014722	Kocak	permutation	
1815.0	0.09358517836919411	Kocak	permutation	
1816.0	0.036153920359577096	Kocak	permutation	
1817.0	0.17366350597171287	Kocak	permutation	
1818.0	-0.047255167179008684	Kocak	permutation	
1819.0	-0.11203896983918549	Kocak	permutation	
1820.0	0.14809818528618823	Kocak	permutation	
1821.0	0.03956862842608322	Kocak	permutation	
1822.0	0.14323872466066456	Kocak	permutation	
1823.0	-0.14769891137216318	Kocak	permutation	
1824.0	-0.03201343181091998	Kocak	permutation	
1825.0	-0.10559391606260027	Kocak	permutation	
1826.0	-0.031226533816425928	Kocak	permutation	
1827.0	-0.04686258903998075	Kocak	permutation	
1828.0	-0.06875153936134737	Kocak	permutation	
1829.0	-0.10784254085130174	Kocak	permutation	
1830.0	-0.16190304921707055	Kocak	permutation	
1831.0	0.15176435447186476	Kocak	permutation	
1832.0	-0.06516131965707173	Kocak	permutation	
1833.0	0.07206909048071886	Kocak	permutation	
1834.0	0.0736573635071398	Kocak	permutation	
1835.0	0.06438709323181557	Kocak	permutation	
1836.0	0.11668218338834224	Kocak	permutation	
1837.0	0.15590924475972967	Kocak	permutation	
1838.0	-0.12341440357781863	Kocak	permutation	
1839.0	0.054111461668785665	Kocak	permutation	
1840.0	-0.015889819976386832	Kocak	permutation	
1841.0	0.06288658012420356	Kocak	permutation	
1842.0	-0.2077714930760246	Kocak	permutation	
1843.0	0.01673970236286193	Kocak	permutation	
1844.0	-0.11595243626435492	Kocak	permutation	
1845.0	0.030346674683065178	Kocak	permutation	
1846.0	-0.05841311477984812	Kocak	permutation	
1847.0	-0.026527749202956308	Kocak	permutation	
1848.0	0.008588767189407598	Kocak	permutation	
1849.0	-0.07461663732124535	Kocak	permutation	
1850.0	-0.03495068354571407	Kocak	permutation	
1851.0	-0.1373476363358126	Kocak	permutation	
1852.0	-0.1108762846594975	Kocak	permutation	
1853.0	-0.11911605924387159	Kocak	permutation	
1854.0	0.04018744879166736	Kocak	permutation	
1855.0	-0.0941964321226636	Kocak	permutation	
1856.0	-0.038665253132394994	Kocak	permutation	
1857.0	-0.09351392622860821	Kocak	permutation	
1858.0	-0.15414134587754047	Kocak	permutation	
1859.0	0.07488611644008314	Kocak	permutation	
1860.0	0.0040140422435053225	Kocak	permutation	
1861.0	0.02508647606667358	Kocak	permutation	
1862.0	0.02257022091776051	Kocak	permutation	
1863.0	-0.24581576453101173	Kocak	permutation	
1864.0	0.15331435241147862	Kocak	permutation	
1865.0	0.07242556946236478	Kocak	permutation	
1866.0	0.11818606661357833	Kocak	permutation	
1867.0	-0.020782674191133665	Kocak	permutation	
1868.0	0.06885929926084389	Kocak	permutation	
1869.0	-0.10771051202940152	Kocak	permutation	
1870.0	0.07385340099125104	Kocak	permutation	
1871.0	-0.03126982478996876	Kocak	permutation	
1872.0	-0.2424926538020764	Kocak	permutation	
1873.0	0.08214876794092696	Kocak	permutation	
1874.0	0.11511428479954722	Kocak	permutation	
1875.0	-0.08313873116988413	Kocak	permutation	
1876.0	0.010625673177731887	Kocak	permutation	
1877.0	0.05970116932733127	Kocak	permutation	
1878.0	-0.029528816990810114	Kocak	permutation	
1879.0	-0.07798063730925442	Kocak	permutation	
1880.0	-0.027391120405712677	Kocak	permutation	
1881.0	0.12510792800775983	Kocak	permutation	
1882.0	-0.05011430481808343	Kocak	permutation	
1883.0	-0.04213310990428054	Kocak	permutation	
1884.0	-0.018354685575169505	Kocak	permutation	
1885.0	-0.14135816985386596	Kocak	permutation	
1886.0	-0.11186800785172446	Kocak	permutation	
1887.0	-0.14171203594068116	Kocak	permutation	
1888.0	-0.04444617140944107	Kocak	permutation	
1889.0	-0.06661770370980058	Kocak	permutation	
1890.0	0.08902802020606204	Kocak	permutation	
1891.0	0.004796057107907092	Kocak	permutation	
1892.0	0.0605321132983998	Kocak	permutation	
1893.0	0.11750335862018169	Kocak	permutation	
1894.0	-0.01966072603618363	Kocak	permutation	
1895.0	0.061100230870454464	Kocak	permutation	
1896.0	-0.01878356678682236	Kocak	permutation	
1897.0	-0.0740710628147685	Kocak	permutation	
1898.0	-0.096611100906967	Kocak	permutation	
1899.0	0.032958847267737124	Kocak	permutation	
1900.0	-0.16371200322852264	Kocak	permutation	
1901.0	0.05821190078256766	Kocak	permutation	
1902.0	0.04224372668120857	Kocak	permutation	
1903.0	0.03948115176690914	Kocak	permutation	
1904.0	0.008341429248333032	Kocak	permutation	
1905.0	0.13976205382646167	Kocak	permutation	
1906.0	-0.08953547946826523	Kocak	permutation	
1907.0	-0.11178453342922179	Kocak	permutation	
1908.0	0.025049098967317107	Kocak	permutation	
1909.0	0.09421632229932975	Kocak	permutation	
1910.0	0.08529913149283885	Kocak	permutation	
1911.0	0.034852980727619	Kocak	permutation	
1912.0	0.010806349601899967	Kocak	permutation	
1913.0	0.16326757619125676	Kocak	permutation	
1914.0	0.04167170942070397	Kocak	permutation	
1915.0	-0.15225174498091398	Kocak	permutation	
1916.0	0.2412497729425418	Kocak	permutation	
1917.0	-0.04552243566654246	Kocak	permutation	
1918.0	0.0618257270078062	Kocak	permutation	
1919.0	0.03655916958069039	Kocak	permutation	
1920.0	-0.1863046665272612	Kocak	permutation	
1921.0	0.18540552625672513	Kocak	permutation	
1922.0	0.12925198211467315	Kocak	permutation	
1923.0	-0.0020854801729153216	Kocak	permutation	
1924.0	0.14887048773525402	Kocak	permutation	
1925.0	-0.12997795447259586	Kocak	permutation	
1926.0	0.08560880589525777	Kocak	permutation	
1927.0	0.01004207992899575	Kocak	permutation	
1928.0	0.14262148737904967	Kocak	permutation	
1929.0	-0.08161664971156357	Kocak	permutation	
1930.0	-0.12554124528466648	Kocak	permutation	
1931.0	0.0008623442011113092	Kocak	permutation	
1932.0	0.036108806074390376	Kocak	permutation	
1933.0	0.1667107833665331	Kocak	permutation	
1934.0	0.007816904251570111	Kocak	permutation	
1935.0	-0.06000810973608539	Kocak	permutation	
1936.0	-0.034409599103755184	Kocak	permutation	
1937.0	0.031658414666311696	Kocak	permutation	
1938.0	0.0737364218716996	Kocak	permutation	
1939.0	0.13286836454530215	Kocak	permutation	
1940.0	-0.05672193432533046	Kocak	permutation	
1941.0	-0.06592377888023782	Kocak	permutation	
1942.0	-0.0029059140705669506	Kocak	permutation	
1943.0	-0.07618217338949718	Kocak	permutation	
1944.0	-0.1181382811624978	Kocak	permutation	
1945.0	-0.07193367282594831	Kocak	permutation	
1946.0	-0.07707416375251386	Kocak	permutation	
1947.0	0.0003669175476654907	Kocak	permutation	
1948.0	-0.008696586847058985	Kocak	permutation	
1949.0	-0.021075021578742525	Kocak	permutation	
1950.0	-0.060450537728076625	Kocak	permutation	
1951.0	-0.08568387970019486	Kocak	permutation	
1952.0	0.003633153626583674	Kocak	permutation	
1953.0	-0.006712061049148232	Kocak	permutation	
1954.0	-0.08291763081033388	Kocak	permutation	
1955.0	0.04770710310926507	Kocak	permutation	
1956.0	-0.038086894007919536	Kocak	permutation	
1957.0	0.0170438030194906	Kocak	permutation	
1958.0	0.08398892317841922	Kocak	permutation	
1959.0	0.001033412076572926	Kocak	permutation	
1960.0	-0.04393785308850262	Kocak	permutation	
1961.0	0.12485195730580267	Kocak	permutation	
1962.0	0.04669670898601286	Kocak	permutation	
1963.0	0.05431546618921779	Kocak	permutation	
1964.0	0.16547462324218776	Kocak	permutation	
1965.0	-0.048371489549990265	Kocak	permutation	
1966.0	-0.154315469193969	Kocak	permutation	
1967.0	0.16774231595995515	Kocak	permutation	
1968.0	-0.11949590372675134	Kocak	permutation	
1969.0	-0.06864854888424743	Kocak	permutation	
1970.0	0.05477987095049386	Kocak	permutation	
1971.0	0.1835881470713452	Kocak	permutation	
1972.0	0.010501264983089786	Kocak	permutation	
1973.0	-0.013679553515723697	Kocak	permutation	
1974.0	0.09194160278880448	Kocak	permutation	
1975.0	-0.02403149073984112	Kocak	permutation	
1976.0	0.05651682420091797	Kocak	permutation	
1977.0	-0.13163236162015934	Kocak	permutation	
1978.0	-0.10606719986304824	Kocak	permutation	
1979.0	-0.05673193403287069	Kocak	permutation	
1980.0	-0.14896694579089953	Kocak	permutation	
1981.0	-0.05019494528695434	Kocak	permutation	
1982.0	-0.12517982805631078	Kocak	permutation	
1983.0	0.0049323829206993075	Kocak	permutation	
1984.0	-0.027484778976922364	Kocak	permutation	
1985.0	-0.2308048437738992	Kocak	permutation	
1986.0	-0.05643736657065013	Kocak	permutation	
1987.0	-0.16919435005187733	Kocak	permutation	
1988.0	-0.17636190653400385	Kocak	permutation	
1989.0	-0.03246555550023	Kocak	permutation	
1990.0	0.00026162511988969683	Kocak	permutation	
1991.0	0.041586880066169396	Kocak	permutation	
1992.0	0.08453594609529791	Kocak	permutation	
1993.0	0.20218429516514158	Kocak	permutation	
1994.0	-0.0017714143188864995	Kocak	permutation	
1995.0	-0.08318806417780777	Kocak	permutation	
1996.0	-0.015685492232364595	Kocak	permutation	
1997.0	-0.01563034030307442	Kocak	permutation	
1998.0	0.2272989550998945	Kocak	permutation	
1999.0	0.14612267863549455	Kocak	permutation	
2000.0	-0.0410095159809063	Kocak	permutation	
2001.0	0.04586243221149999	Kocak	permutation	
2002.0	-0.06085362374535297	Kocak	permutation	
2003.0	-0.038352753528612116	Kocak	permutation	
2004.0	0.03612195508399907	Kocak	permutation	
2005.0	0.009026267434026014	Kocak	permutation	
2006.0	0.18132116236783125	Kocak	permutation	
2007.0	0.05539688602495607	Kocak	permutation	
2008.0	0.012783714373650223	Kocak	permutation	
2009.0	-0.004014246015096479	Kocak	permutation	
2010.0	-0.15058141730665842	Kocak	permutation	
2011.0	0.14407702484278806	Kocak	permutation	
2012.0	-0.0035492285401974577	Kocak	permutation	
2013.0	0.07020497848479978	Kocak	permutation	
2014.0	-0.09926068223050466	Kocak	permutation	
2015.0	0.0029172005764910303	Kocak	permutation	
2016.0	0.022808229305578465	Kocak	permutation	
2017.0	-0.045660277025613816	Kocak	permutation	
2018.0	0.12347457185885702	Kocak	permutation	
2019.0	0.043192954899104574	Kocak	permutation	
2020.0	-0.016842282752921545	Kocak	permutation	
2021.0	-0.0987824068497547	Kocak	permutation	
2022.0	0.05681373008489876	Kocak	permutation	
2023.0	0.10340795570817729	Kocak	permutation	
2024.0	0.04377862309340408	Kocak	permutation	
2025.0	-0.15757703453822858	Kocak	permutation	
2026.0	-0.0533023462852702	Kocak	permutation	
2027.0	0.03275497301088226	Kocak	permutation	
2028.0	0.053595970101367296	Kocak	permutation	
2029.0	-0.06763626524199617	Kocak	permutation	
2030.0	0.020385813713388767	Kocak	permutation	
2031.0	-0.03206631780948843	Kocak	permutation	
2032.0	0.05296010856192668	Kocak	permutation	
2033.0	-0.021624867692866978	Kocak	permutation	
2034.0	-0.05154041353753547	Kocak	permutation	
2035.0	-0.0781308796166238	Kocak	permutation	
2036.0	-0.0002338197987263868	Kocak	permutation	
2037.0	-0.01698384117252072	Kocak	permutation	
2038.0	-0.1033823934302407	Kocak	permutation	
2039.0	0.058637204280091115	Kocak	permutation	
2040.0	-0.011255428750445606	Kocak	permutation	
2041.0	-0.07589361419713958	Kocak	permutation	
2042.0	-0.12508536707152684	Kocak	permutation	
2043.0	0.09105080986089797	Kocak	permutation	
2044.0	-0.05852748641442007	Kocak	permutation	
2045.0	-0.05847943199641481	Kocak	permutation	
2046.0	-0.1317713099229505	Kocak	permutation	
2047.0	-0.27456042420378557	Kocak	permutation	
2048.0	0.06929069262069287	Kocak	permutation	
2049.0	0.03478224998494106	Kocak	permutation	
2050.0	-0.09432818195016246	Kocak	permutation	
2051.0	0.08175220718033893	Kocak	permutation	
2052.0	-0.001098215204208941	Kocak	permutation	
2053.0	0.006297686216715448	Kocak	permutation	
2054.0	0.061396262206649954	Kocak	permutation	
2055.0	0.04271855520078516	Kocak	permutation	
2056.0	0.02130718663604325	Kocak	permutation	
2057.0	-0.10775919247860832	Kocak	permutation	
2058.0	-0.012649097200164494	Kocak	permutation	
2059.0	-0.026461639033677375	Kocak	permutation	
2060.0	0.028411476449069717	Kocak	permutation	
2061.0	0.13239723812312842	Kocak	permutation	
2062.0	-0.10608193967751767	Kocak	permutation	
2063.0	0.023765310656398864	Kocak	permutation	
2064.0	-0.1076437050238086	Kocak	permutation	
2065.0	0.059765604807090256	Kocak	permutation	
2066.0	-0.06301501241446594	Kocak	permutation	
2067.0	0.144588254618931	Kocak	permutation	
2068.0	0.07872116222916059	Kocak	permutation	
2069.0	0.08788388154677262	Kocak	permutation	
2070.0	-0.022029596976513854	Kocak	permutation	
2071.0	0.018303714483636657	Kocak	permutation	
2072.0	0.19217061459624896	Kocak	permutation	
2073.0	-0.004374018723881878	Kocak	permutation	
2074.0	-0.037924198204480675	Kocak	permutation	
2075.0	-0.22133130630078313	Kocak	permutation	
2076.0	-0.0318634803097364	Kocak	permutation	
2077.0	0.08300886214484038	Kocak	permutation	
2078.0	-0.18817016329155978	Kocak	permutation	
2079.0	-0.08859634737903832	Kocak	permutation	
2080.0	0.025049277446542284	Kocak	permutation	
2081.0	-0.1055931669941792	Kocak	permutation	
2082.0	0.0890708571729828	Kocak	permutation	
2083.0	0.013609529497168982	Kocak	permutation	
2084.0	-0.004501803421099293	Kocak	permutation	
2085.0	0.07692106043833791	Kocak	permutation	
2086.0	-0.10822224241613165	Kocak	permutation	
2087.0	-0.11738624151733124	Kocak	permutation	
2088.0	-0.15184252624517436	Kocak	permutation	
2089.0	0.02931905681443947	Kocak	permutation	
2090.0	-0.10621349356562737	Kocak	permutation	
2091.0	0.09544458491392716	Kocak	permutation	
2092.0	0.05805261381691551	Kocak	permutation	
2093.0	-0.10694646013334763	Kocak	permutation	
2094.0	-0.15937007371917167	Kocak	permutation	
2095.0	-0.0388101321306471	Kocak	permutation	
2096.0	0.06097885290782079	Kocak	permutation	
2097.0	0.04709956179152197	Kocak	permutation	
2098.0	0.14691552590491774	Kocak	permutation	
2099.0	0.14462770445092676	Kocak	permutation	
2100.0	-0.01009229144003898	Kocak	permutation	
2101.0	-0.05853934700997998	Kocak	permutation	
2102.0	0.06178304255392231	Kocak	permutation	
2103.0	-0.018577678797555564	Kocak	permutation	
2104.0	-0.07454768092608521	Kocak	permutation	
2105.0	0.04923558732916922	Kocak	permutation	
2106.0	0.06306477178305991	Kocak	permutation	
2107.0	0.0749987857337917	Kocak	permutation	
2108.0	-0.018605148021234363	Kocak	permutation	
2109.0	-0.06154025190080592	Kocak	permutation	
2110.0	0.05438520913278122	Kocak	permutation	
2111.0	0.040185633329587134	Kocak	permutation	
2112.0	0.002640798407997913	Kocak	permutation	
2113.0	0.045856367742890924	Kocak	permutation	
2114.0	-0.11786036085405271	Kocak	permutation	
2115.0	-0.047946677755424716	Kocak	permutation	
2116.0	-0.027486933382921297	Kocak	permutation	
2117.0	7.19152260728606e-05	Kocak	permutation	
2118.0	-0.14581818616808073	Kocak	permutation	
2119.0	-0.11011684871207006	Kocak	permutation	
2120.0	-0.04271377200207116	Kocak	permutation	
2121.0	0.0723227884774329	Kocak	permutation	
2122.0	-0.05807582511834486	Kocak	permutation	
2123.0	-0.1624608174531854	Kocak	permutation	
2124.0	0.10338589902838224	Kocak	permutation	
2125.0	0.01595943182516857	Kocak	permutation	
2126.0	0.04188197783902714	Kocak	permutation	
2127.0	-0.16359201678457902	Kocak	permutation	
2128.0	-0.019245149453273935	Kocak	permutation	
2129.0	-0.1785792867195375	Kocak	permutation	
2130.0	-0.19548624136263104	Kocak	permutation	
2131.0	-0.2566785020608724	Kocak	permutation	
2132.0	-0.2426932703882314	Kocak	permutation	
2133.0	0.09265880544351868	Kocak	permutation	
2134.0	0.0630039135973055	Kocak	permutation	
2135.0	-0.03986126349648389	Kocak	permutation	
2136.0	-0.05246946281706988	Kocak	permutation	
2137.0	-0.10291095101557923	Kocak	permutation	
2138.0	-0.0802961276986296	Kocak	permutation	
2139.0	-0.2500054437271948	Kocak	permutation	
2140.0	-0.06239295803220157	Kocak	permutation	
2141.0	-0.1712400228993669	Kocak	permutation	
2142.0	-0.0994113529580063	Kocak	permutation	
2143.0	0.010056800346966543	Kocak	permutation	
2144.0	-0.061643127210103454	Kocak	permutation	
2145.0	0.03133862729943804	Kocak	permutation	
2146.0	-0.046593779535482494	Kocak	permutation	
2147.0	-0.0838560828805095	Kocak	permutation	
2148.0	-0.02938585850783193	Kocak	permutation	
2149.0	0.047862711770980226	Kocak	permutation	
2150.0	0.07447721641072524	Kocak	permutation	
2151.0	0.0330882121526761	Kocak	permutation	
2152.0	-0.05990033220025426	Kocak	permutation	
2153.0	-0.04698608583091479	Kocak	permutation	
2154.0	0.04880859064153853	Kocak	permutation	
2155.0	0.08067078879304779	Kocak	permutation	
2156.0	0.10844018000587008	Kocak	permutation	
2157.0	0.13508587801048488	Kocak	permutation	
2158.0	-0.11940390350598173	Kocak	permutation	
2159.0	0.008568522722293803	Kocak	permutation	
2160.0	-0.023909163377783482	Kocak	permutation	
2161.0	0.07588612637966108	Kocak	permutation	
2162.0	0.2571057557458931	Kocak	permutation	
2163.0	-0.06728545102459726	Kocak	permutation	
2164.0	-0.03892848481256639	Kocak	permutation	
2165.0	0.17356903147829073	Kocak	permutation	
2166.0	-0.04064282048327783	Kocak	permutation	
2167.0	0.022573539590638347	Kocak	permutation	
2168.0	0.012981597609798445	Kocak	permutation	
2169.0	-0.0529023355469147	Kocak	permutation	
2170.0	-0.11539378812928414	Kocak	permutation	
2171.0	0.03211808048270459	Kocak	permutation	
2172.0	-0.12119984777075743	Kocak	permutation	
2173.0	-0.05287845374110045	Kocak	permutation	
2174.0	-0.0472286820366139	Kocak	permutation	
2175.0	-0.08128874541748043	Kocak	permutation	
2176.0	-0.21939757037649077	Kocak	permutation	
2177.0	-0.14381450804327756	Kocak	permutation	
2178.0	0.0500524319562099	Kocak	permutation	
2179.0	0.01061079586185798	Kocak	permutation	
2180.0	-0.07635374394521754	Kocak	permutation	
2181.0	0.12816404043784058	Kocak	permutation	
2182.0	0.015333618693724738	Kocak	permutation	
2183.0	-0.12046520383439363	Kocak	permutation	
2184.0	0.04309318217687563	Kocak	permutation	
2185.0	-0.05282807812600332	Kocak	permutation	
2186.0	0.004237239251617453	Kocak	permutation	
2187.0	-0.16466486511031908	Kocak	permutation	
2188.0	-0.03438329301883858	Kocak	permutation	
2189.0	0.015325519371852447	Kocak	permutation	
2190.0	0.1341938359685324	Kocak	permutation	
2191.0	-0.033382721284532124	Kocak	permutation	
2192.0	-0.1423598122887233	Kocak	permutation	
2193.0	0.08356276477769153	Kocak	permutation	
2194.0	0.0931776255044916	Kocak	permutation	
2195.0	0.1504625709922216	Kocak	permutation	
2196.0	-0.16572607593720656	Kocak	permutation	
2197.0	-0.1006985721661402	Kocak	permutation	
2198.0	0.0019221466415602073	Kocak	permutation	
2199.0	0.12318139443039833	Kocak	permutation	
2200.0	-0.03854844054673512	Kocak	permutation	
2201.0	-0.14299348973003045	Kocak	permutation	
2202.0	-0.06798927298191515	Kocak	permutation	
2203.0	-0.15970150396197358	Kocak	permutation	
2204.0	0.059890039446897525	Kocak	permutation	
2205.0	0.06327498264377107	Kocak	permutation	
2206.0	-0.14935461094481095	Kocak	permutation	
2207.0	0.032195506090488824	Kocak	permutation	
2208.0	-0.04453877971675402	Kocak	permutation	
2209.0	-0.0669160720906592	Kocak	permutation	
2210.0	0.027817925273972754	Kocak	permutation	
2211.0	0.03202251434060566	Kocak	permutation	
2212.0	0.07883912783876079	Kocak	permutation	
2213.0	-0.09294192293805814	Kocak	permutation	
2214.0	0.0984643155319187	Kocak	permutation	
2215.0	0.05962697127763361	Kocak	permutation	
2216.0	0.0533097556970179	Kocak	permutation	
2217.0	-0.08000505842172245	Kocak	permutation	
2218.0	0.04678197343634327	Kocak	permutation	
2219.0	-0.2249852618330932	Kocak	permutation	
2220.0	-0.036442241668367625	Kocak	permutation	
2221.0	-0.01211846358190627	Kocak	permutation	
2222.0	-0.1538693753349749	Kocak	permutation	
2223.0	0.047910120207829365	Kocak	permutation	
2224.0	-0.021208282230907205	Kocak	permutation	
2225.0	0.2245544819783829	Kocak	permutation	
2226.0	0.05607182429491475	Kocak	permutation	
2227.0	-0.03463575945461583	Kocak	permutation	
2228.0	-0.01768163605141959	Kocak	permutation	
2229.0	0.05587589245928237	Kocak	permutation	
2230.0	-0.16420239789544233	Kocak	permutation	
2231.0	-0.0343635845957202	Kocak	permutation	
2232.0	-0.07387441517588034	Kocak	permutation	
2233.0	0.1399672979696116	Kocak	permutation	
2234.0	0.1171009099018443	Kocak	permutation	
2235.0	-0.01614267074379283	Kocak	permutation	
2236.0	-0.07182018432921211	Kocak	permutation	
2237.0	-0.13565938257027543	Kocak	permutation	
2238.0	-0.17418446488543804	Kocak	permutation	
2239.0	-0.025307247517813547	Kocak	permutation	
2240.0	-0.06157986587586217	Kocak	permutation	
2241.0	0.004761002516214141	Kocak	permutation	
2242.0	0.04853304511123646	Kocak	permutation	
2243.0	-0.13769149919467205	Kocak	permutation	
2244.0	0.13914650661717198	Kocak	permutation	
2245.0	-0.261258051615878	Kocak	permutation	
2246.0	0.015397271063030793	Kocak	permutation	
2247.0	0.1384237307849463	Kocak	permutation	
2248.0	-0.10879916859295857	Kocak	permutation	
2249.0	-0.07270329428004807	Kocak	permutation	
2250.0	-0.07797970233307572	Kocak	permutation	
2251.0	-0.022274740039527785	Kocak	permutation	
2252.0	-0.010842402049681787	Kocak	permutation	
2253.0	-0.033101173222343405	Kocak	permutation	
2254.0	0.12163909478781543	Kocak	permutation	
2255.0	0.0023000988439245695	Kocak	permutation	
2256.0	0.03606945589543287	Kocak	permutation	
2257.0	-0.10803142654913911	Kocak	permutation	
2258.0	-0.0039007372419996855	Kocak	permutation	
2259.0	-0.09703476556796575	Kocak	permutation	
2260.0	-0.07427588427347809	Kocak	permutation	
2261.0	-0.09186022741224287	Kocak	permutation	
2262.0	-0.010839539907065543	Kocak	permutation	
2263.0	0.08624680710568011	Kocak	permutation	
2264.0	0.008917676113991302	Kocak	permutation	
2265.0	0.10505658047279587	Kocak	permutation	
2266.0	-0.13898105279978568	Kocak	permutation	
2267.0	-0.008569479019363335	Kocak	permutation	
2268.0	-0.07437040000309736	Kocak	permutation	
2269.0	0.19352692797440785	Kocak	permutation	
2270.0	-0.06296716125436763	Kocak	permutation	
2271.0	0.09278676890575221	Kocak	permutation	
2272.0	-0.12088922372182997	Kocak	permutation	
2273.0	0.05749991806559551	Kocak	permutation	
2274.0	-0.007027403610275318	Kocak	permutation	
2275.0	0.08651552437009657	Kocak	permutation	
2276.0	0.07723091694493833	Kocak	permutation	
2277.0	-0.10640603049521191	Kocak	permutation	
2278.0	-0.1325024323170818	Kocak	permutation	
2279.0	0.1472277793721175	Kocak	permutation	
2280.0	-0.191429020666948	Kocak	permutation	
2281.0	-0.009032753912046054	Kocak	permutation	
2282.0	0.014668974627372044	Kocak	permutation	
2283.0	0.016858941003384587	Kocak	permutation	
2284.0	0.06413706767136018	Kocak	permutation	
2285.0	0.04361341295348087	Kocak	permutation	
2286.0	0.14979733423559471	Kocak	permutation	
2287.0	0.12047860677863342	Kocak	permutation	
2288.0	-0.14298847836700146	Kocak	permutation	
2289.0	-0.08373827496827824	Kocak	permutation	
2290.0	0.09120690585339375	Kocak	permutation	
2291.0	-0.021886535647758443	Kocak	permutation	
2292.0	-0.032286413813116255	Kocak	permutation	
2293.0	-0.12601534797795377	Kocak	permutation	
2294.0	0.0747798141837035	Kocak	permutation	
2295.0	-0.04288143334238814	Kocak	permutation	
2296.0	0.09207608261981592	Kocak	permutation	
2297.0	-0.10677518539649977	Kocak	permutation	
2298.0	-0.15189883528053194	Kocak	permutation	
2299.0	-0.06182592213344229	Kocak	permutation	
2300.0	0.03510657645226489	Kocak	permutation	
2301.0	-0.04371358705092154	Kocak	permutation	
2302.0	0.10433757292170842	Kocak	permutation	
2303.0	-0.08921995429495189	Kocak	permutation	
2304.0	-0.15934158357735217	Kocak	permutation	
2305.0	0.030102830945681003	Kocak	permutation	
2306.0	0.016435572264585918	Kocak	permutation	
2307.0	-0.0713552215506259	Kocak	permutation	
2308.0	-0.1694059347909982	Kocak	permutation	
2309.0	0.16651063912019604	Kocak	permutation	
2310.0	-0.17470302582052488	Kocak	permutation	
2311.0	0.02738282656806934	Kocak	permutation	
2312.0	-0.009490008270351957	Kocak	permutation	
2313.0	-0.11143156906881213	Kocak	permutation	
2314.0	0.027453779468746387	Kocak	permutation	
2315.0	-0.13771117487866258	Kocak	permutation	
2316.0	0.015131286113511333	Kocak	permutation	
2317.0	-0.09979998024188097	Kocak	permutation	
2318.0	0.0023740172719550756	Kocak	permutation	
2319.0	-0.08677322587505243	Kocak	permutation	
2320.0	0.06890768110522849	Kocak	permutation	
2321.0	0.13192023774696038	Kocak	permutation	
2322.0	-0.05855556013267771	Kocak	permutation	
2323.0	-0.14123579604202652	Kocak	permutation	
2324.0	-0.09331575003652137	Kocak	permutation	
2325.0	-0.07884970579111794	Kocak	permutation	
2326.0	0.10039820816369582	Kocak	permutation	
2327.0	0.0022074005860091006	Kocak	permutation	
2328.0	0.07687388762502945	Kocak	permutation	
2329.0	0.042821998493604685	Kocak	permutation	
2330.0	0.02451448121308042	Kocak	permutation	
2331.0	0.051585698647179434	Kocak	permutation	
2332.0	0.05670653511307133	Kocak	permutation	
2333.0	-0.0723500040715801	Kocak	permutation	
2334.0	-0.11414027796707327	Kocak	permutation	
2335.0	-0.04619355036630024	Kocak	permutation	
2336.0	0.04726858742704643	Kocak	permutation	
2337.0	-0.047039464160724354	Kocak	permutation	
2338.0	0.07775200588233	Kocak	permutation	
2339.0	-0.18891508106116373	Kocak	permutation	
2340.0	0.04609372803886291	Kocak	permutation	
2341.0	-0.11584451507052451	Kocak	permutation	
2342.0	-0.10345026190932227	Kocak	permutation	
2343.0	0.096181702769353	Kocak	permutation	
2344.0	5.81109714050676e-05	Kocak	permutation	
2345.0	0.03644447291896302	Kocak	permutation	
2346.0	-0.0044817923354845135	Kocak	permutation	
2347.0	-0.05147591182840294	Kocak	permutation	
2348.0	0.07470191266227522	Kocak	permutation	
2349.0	0.03396934450574873	Kocak	permutation	
2350.0	-0.0014435141991491207	Kocak	permutation	
2351.0	0.12421113844327358	Kocak	permutation	
2352.0	-0.017810734816217533	Kocak	permutation	
2353.0	-0.048696933686352306	Kocak	permutation	
2354.0	-0.09683919568867871	Kocak	permutation	
2355.0	0.14660907273091128	Kocak	permutation	
2356.0	0.02061582210774837	Kocak	permutation	
2357.0	-0.1354631045633301	Kocak	permutation	
2358.0	-0.045183792872480755	Kocak	permutation	
2359.0	-0.16239541049036355	Kocak	permutation	
2360.0	0.022958267088962536	Kocak	permutation	
2361.0	0.06517817540984261	Kocak	permutation	
2362.0	0.022457371072917454	Kocak	permutation	
2363.0	-0.032577293898933934	Kocak	permutation	
2364.0	-0.08378855789966844	Kocak	permutation	
2365.0	0.07621954248498986	Kocak	permutation	
2366.0	0.15547596264477992	Kocak	permutation	
2367.0	0.0070353139020462585	Kocak	permutation	
2368.0	-0.08851414283692627	Kocak	permutation	
2369.0	-0.10131432099531912	Kocak	permutation	
2370.0	0.0025561570891476926	Kocak	permutation	
2371.0	0.0789131708902997	Kocak	permutation	
2372.0	-0.1171976580732399	Kocak	permutation	
2373.0	-0.08620576927062418	Kocak	permutation	
2374.0	-0.05295734281492681	Kocak	permutation	
2375.0	0.06458550170117228	Kocak	permutation	
2376.0	-0.013631064885515354	Kocak	permutation	
2377.0	-0.10272807915981019	Kocak	permutation	
2378.0	0.18014037376183056	Kocak	permutation	
2379.0	0.08437350974437496	Kocak	permutation	
2380.0	0.006647682514330011	Kocak	permutation	
2381.0	-0.14998954046061774	Kocak	permutation	
2382.0	-0.053323995743013164	Kocak	permutation	
2383.0	0.010908880671911092	Kocak	permutation	
2384.0	-0.02932238044405633	Kocak	permutation	
2385.0	-0.03448830610832809	Kocak	permutation	
2386.0	-0.1235865592232237	Kocak	permutation	
2387.0	0.12552179872677582	Kocak	permutation	
2388.0	-0.0737535803357976	Kocak	permutation	
2389.0	0.08489975909855962	Kocak	permutation	
2390.0	-0.007948355836785659	Kocak	permutation	
2391.0	-0.19034488194466137	Kocak	permutation	
2392.0	-0.01997027073473534	Kocak	permutation	
2393.0	-0.0431502664798864	Kocak	permutation	
2394.0	-0.08924819253925564	Kocak	permutation	
2395.0	-0.055605233140772814	Kocak	permutation	
2396.0	0.10855283684438044	Kocak	permutation	
2397.0	0.00638977497365234	Kocak	permutation	
2398.0	0.045973276840368005	Kocak	permutation	
2399.0	-0.16594913422221058	Kocak	permutation	
2400.0	0.04067387098052988	Kocak	permutation	
2401.0	0.06911142602775966	Kocak	permutation	
2402.0	0.007211160991396515	Kocak	permutation	
2403.0	-0.06606021949992913	Kocak	permutation	
2404.0	0.10519439932184715	Kocak	permutation	
2405.0	0.06030506549525416	Kocak	permutation	
2406.0	0.05670879680588037	Kocak	permutation	
2407.0	-0.08213051008770433	Kocak	permutation	
2408.0	0.06229524448974022	Kocak	permutation	
2409.0	-0.025167545154594073	Kocak	permutation	
2410.0	-0.0556514417982612	Kocak	permutation	
2411.0	0.050730471231491325	Kocak	permutation	
2412.0	0.04448525273957049	Kocak	permutation	
2413.0	-0.1450231200581178	Kocak	permutation	
2414.0	-0.0820187335269642	Kocak	permutation	
2415.0	-0.002358707137527727	Kocak	permutation	
2416.0	-0.03584037387983896	Kocak	permutation	
2417.0	-0.01561339253951255	Kocak	permutation	
2418.0	0.04811818580503102	Kocak	permutation	
2419.0	-0.06122022240152081	Kocak	permutation	
2420.0	-0.07872314377393996	Kocak	permutation	
2421.0	0.061194640001688505	Kocak	permutation	
2422.0	0.11636680930643317	Kocak	permutation	
2423.0	-0.004608078224495049	Kocak	permutation	
2424.0	-0.10413193628585615	Kocak	permutation	
2425.0	-0.10766930588557244	Kocak	permutation	
2426.0	0.19807410543651827	Kocak	permutation	
2427.0	-0.04896254576321457	Kocak	permutation	
2428.0	0.05147736276357495	Kocak	permutation	
2429.0	-0.014390206750985346	Kocak	permutation	
2430.0	0.05507967831384741	Kocak	permutation	
2431.0	0.062330459715026265	Kocak	permutation	
2432.0	0.0827908799132322	Kocak	permutation	
2433.0	0.1279893232833924	Kocak	permutation	
2434.0	-0.0739422353299033	Kocak	permutation	
2435.0	0.008558213417559468	Kocak	permutation	
2436.0	-0.14594517249805739	Kocak	permutation	
2437.0	0.05015719426393028	Kocak	permutation	
2438.0	0.2677722172936101	Kocak	permutation	
2439.0	-0.07108689335685625	Kocak	permutation	
2440.0	0.11043142850190257	Kocak	permutation	
2441.0	-0.0013409503913273113	Kocak	permutation	
2442.0	-0.014260055082442769	Kocak	permutation	
2443.0	0.11232268013051572	Kocak	permutation	
2444.0	-0.0034819657937346093	Kocak	permutation	
2445.0	0.11269716359547699	Kocak	permutation	
2446.0	-0.04431775168597296	Kocak	permutation	
2447.0	-0.039206411202924674	Kocak	permutation	
2448.0	0.21161049145927535	Kocak	permutation	
2449.0	0.05096286292499563	Kocak	permutation	
2450.0	-0.06693238501406862	Kocak	permutation	
2451.0	-0.05822906356308577	Kocak	permutation	
2452.0	-0.12232638908914639	Kocak	permutation	
2453.0	0.01578494469035263	Kocak	permutation	
2454.0	-0.04312075993187037	Kocak	permutation	
2455.0	0.021046569680393645	Kocak	permutation	
2456.0	-0.02047182351182819	Kocak	permutation	
2457.0	-0.038252163627019886	Kocak	permutation	
2458.0	-0.2996945615666631	Kocak	permutation	
2459.0	-0.2682822513622236	Kocak	permutation	
2460.0	0.06877281620806963	Kocak	permutation	
2461.0	0.01617479654932774	Kocak	permutation	
2462.0	-0.017431879532307182	Kocak	permutation	
2463.0	-0.10844274337515403	Kocak	permutation	
2464.0	0.05656228478490499	Kocak	permutation	
2465.0	-0.2443040819898683	Kocak	permutation	
2466.0	0.12000410675871587	Kocak	permutation	
2467.0	0.026818335753916234	Kocak	permutation	
2468.0	0.05950208041444727	Kocak	permutation	
2469.0	-0.04622299755708781	Kocak	permutation	
2470.0	0.002680746329268402	Kocak	permutation	
2471.0	-0.03712536630011254	Kocak	permutation	
2472.0	0.07653880417434467	Kocak	permutation	
2473.0	0.01872185495862455	Kocak	permutation	
2474.0	-0.13248447093418658	Kocak	permutation	
2475.0	0.1215005697255358	Kocak	permutation	
2476.0	-0.008505710616530937	Kocak	permutation	
2477.0	-0.10564691738184528	Kocak	permutation	
2478.0	-0.03793432976919231	Kocak	permutation	
2479.0	0.09504309674687228	Kocak	permutation	
2480.0	0.07834104674584141	Kocak	permutation	
2481.0	-0.05478613160469381	Kocak	permutation	
2482.0	-0.11448987645319608	Kocak	permutation	
2483.0	-0.035633895482862776	Kocak	permutation	
2484.0	-0.13771853568569403	Kocak	permutation	
2485.0	0.11526175735038402	Kocak	permutation	
2486.0	0.005214984066544748	Kocak	permutation	
2487.0	0.010827705731881743	Kocak	permutation	
2488.0	0.16719310594561287	Kocak	permutation	
2489.0	-0.0028907991201205796	Kocak	permutation	
2490.0	-0.0034864001309671266	Kocak	permutation	
2491.0	-0.00568813387871181	Kocak	permutation	
2492.0	-0.029844143624438324	Kocak	permutation	
2493.0	0.22925550584774657	Kocak	permutation	
2494.0	-0.13462694921656082	Kocak	permutation	
2495.0	0.09014588014413505	Kocak	permutation	
2496.0	-0.11405799382566251	Kocak	permutation	
2497.0	-0.08867189298764444	Kocak	permutation	
2498.0	-0.0018504154519489724	Kocak	permutation	
2499.0	0.04241970140944673	Kocak	permutation	
2500.0	0.09677396723464637	Kocak	permutation	
2501.0	0.1296256791314443	Kocak	permutation	
2502.0	-0.10053608669975977	Kocak	permutation	
2503.0	0.02847743726333718	Kocak	permutation	
2504.0	-0.15203588897788034	Kocak	permutation	
2505.0	0.06532376128769313	Kocak	permutation	
2506.0	-0.012265221666010628	Kocak	permutation	
2507.0	-0.001744265398169631	Kocak	permutation	
2508.0	-0.1334957656340725	Kocak	permutation	
2509.0	-0.1508659412200144	Kocak	permutation	
2510.0	-0.11405801347538169	Kocak	permutation	
2511.0	-0.06291569828297883	Kocak	permutation	
2512.0	0.17840607746505244	Kocak	permutation	
2513.0	-0.031918959261840296	Kocak	permutation	
2514.0	0.07732602138643951	Kocak	permutation	
2515.0	0.08061395261920756	Kocak	permutation	
2516.0	-0.030091406903904883	Kocak	permutation	
2517.0	-0.09865075966638592	Kocak	permutation	
2518.0	-0.14692309007236126	Kocak	permutation	
2519.0	0.0017802855638038295	Kocak	permutation	
2520.0	-0.013333502325898916	Kocak	permutation	
2521.0	-0.08585955485609409	Kocak	permutation	
2522.0	-0.01776898136668814	Kocak	permutation	
2523.0	0.12183517924483311	Kocak	permutation	
2524.0	0.11279473896763337	Kocak	permutation	
2525.0	-0.11202889943729577	Kocak	permutation	
2526.0	0.13998250865781658	Kocak	permutation	
2527.0	-0.07334481300105722	Kocak	permutation	
2528.0	0.04447913103734269	Kocak	permutation	
2529.0	0.014808842465746874	Kocak	permutation	
2530.0	-0.030450252207202322	Kocak	permutation	
2531.0	0.09981501903626233	Kocak	permutation	
2532.0	-0.04180732941971321	Kocak	permutation	
2533.0	0.07335770074576153	Kocak	permutation	
2534.0	0.0045308144267979245	Kocak	permutation	
2535.0	0.007805413258493044	Kocak	permutation	
2536.0	0.01007361644211624	Kocak	permutation	
2537.0	0.135774061867048	Kocak	permutation	
2538.0	-0.10895413252070796	Kocak	permutation	
2539.0	0.1241270386825728	Kocak	permutation	
2540.0	-0.11934394783800073	Kocak	permutation	
2541.0	-0.028891802875114614	Kocak	permutation	
2542.0	-0.10328565493474828	Kocak	permutation	
2543.0	0.09560022511292177	Kocak	permutation	
2544.0	-0.07683066845796693	Kocak	permutation	
2545.0	0.06622431971081877	Kocak	permutation	
2546.0	0.038250361655093545	Kocak	permutation	
2547.0	-0.053363325104126336	Kocak	permutation	
2548.0	0.08502846838322187	Kocak	permutation	
2549.0	-0.11840387369964711	Kocak	permutation	
2550.0	-0.15337390821748276	Kocak	permutation	
2551.0	0.026869644693434225	Kocak	permutation	
2552.0	0.0031461892081146026	Kocak	permutation	
2553.0	-0.06906389483727349	Kocak	permutation	
2554.0	-0.009624397285499242	Kocak	permutation	
2555.0	-0.03031870881345622	Kocak	permutation	
2556.0	0.07618045383343164	Kocak	permutation	
2557.0	0.046623900733477	Kocak	permutation	
2558.0	-0.13727353130653208	Kocak	permutation	
2559.0	-0.07961668797404631	Kocak	permutation	
2560.0	0.2252001754862185	Kocak	permutation	
2561.0	-0.03550137166765177	Kocak	permutation	
2562.0	0.03694470229287328	Kocak	permutation	
2563.0	-0.005327563218073816	Kocak	permutation	
2564.0	-0.049086716345802195	Kocak	permutation	
2565.0	-0.005240342358549199	Kocak	permutation	
2566.0	-0.07546084105885154	Kocak	permutation	
2567.0	0.057853572177274604	Kocak	permutation	
2568.0	-0.0025618358874819336	Kocak	permutation	
2569.0	-0.08950958855072777	Kocak	permutation	
2570.0	-0.0037693890375831707	Kocak	permutation	
2571.0	0.12696290342009187	Kocak	permutation	
2572.0	-0.12305944704288008	Kocak	permutation	
2573.0	-0.12653693795798127	Kocak	permutation	
2574.0	-0.0770375497535647	Kocak	permutation	
2575.0	-0.1561731660596637	Kocak	permutation	
2576.0	-0.05742549751495751	Kocak	permutation	
2577.0	-0.041740522436013894	Kocak	permutation	
2578.0	0.06134913072134385	Kocak	permutation	
2579.0	-0.048713826299586316	Kocak	permutation	
2580.0	-0.11492630718325669	Kocak	permutation	
2581.0	-0.0779641171919172	Kocak	permutation	
2582.0	0.01986968936526834	Kocak	permutation	
2583.0	-0.018564802018890436	Kocak	permutation	
2584.0	-0.09807841845070131	Kocak	permutation	
2585.0	-0.05122971502814133	Kocak	permutation	
2586.0	-0.03710739394944795	Kocak	permutation	
2587.0	-0.11086752297126345	Kocak	permutation	
2588.0	0.0569103490219387	Kocak	permutation	
2589.0	-0.13320843089553147	Kocak	permutation	
2590.0	-0.07396444652366219	Kocak	permutation	
2591.0	-0.21442499311194485	Kocak	permutation	
2592.0	-0.04099095773663031	Kocak	permutation	
2593.0	-0.07421353531502284	Kocak	permutation	
2594.0	-0.047004517123741874	Kocak	permutation	
2595.0	-0.0886423671527754	Kocak	permutation	
2596.0	-0.05763744457928777	Kocak	permutation	
2597.0	-0.1181564447311847	Kocak	permutation	
2598.0	0.15424365239574822	Kocak	permutation	
2599.0	0.09370489371238078	Kocak	permutation	
2600.0	-0.04532775868943828	Kocak	permutation	
2601.0	0.02970039963411475	Kocak	permutation	
2602.0	-0.06045859933836395	Kocak	permutation	
2603.0	-0.06388145523519695	Kocak	permutation	
2604.0	0.0433057713547953	Kocak	permutation	
2605.0	0.009505624604469354	Kocak	permutation	
2606.0	-0.09412790025735696	Kocak	permutation	
2607.0	-0.08104881202318293	Kocak	permutation	
2608.0	0.0528447497703568	Kocak	permutation	
2609.0	-0.11525735306528029	Kocak	permutation	
2610.0	-0.1350717020442369	Kocak	permutation	
2611.0	-0.08498808023041704	Kocak	permutation	
2612.0	0.20515310408945675	Kocak	permutation	
2613.0	-0.09063200361142743	Kocak	permutation	
2614.0	0.09442447297737955	Kocak	permutation	
2615.0	-0.08975299337439369	Kocak	permutation	
2616.0	0.12261738269770239	Kocak	permutation	
2617.0	-0.20431484717871617	Kocak	permutation	
2618.0	-0.16921035132472362	Kocak	permutation	
2619.0	-0.08899898495606617	Kocak	permutation	
2620.0	-0.03653822254832084	Kocak	permutation	
2621.0	-0.0019451398282841481	Kocak	permutation	
2622.0	-0.13232682105483873	Kocak	permutation	
2623.0	-0.12492739734063063	Kocak	permutation	
2624.0	0.09888583726567113	Kocak	permutation	
2625.0	-0.04384232635169916	Kocak	permutation	
2626.0	0.18035023251672166	Kocak	permutation	
2627.0	0.07161372139603328	Kocak	permutation	
2628.0	-0.010382846907829535	Kocak	permutation	
2629.0	0.055965360921108154	Kocak	permutation	
2630.0	0.16042952435198776	Kocak	permutation	
2631.0	-0.05826977112886089	Kocak	permutation	
2632.0	-0.044139209682399816	Kocak	permutation	
2633.0	-0.0850668551537277	Kocak	permutation	
2634.0	-0.05891763982941267	Kocak	permutation	
2635.0	-0.07366437333981146	Kocak	permutation	
2636.0	-0.29806323068025	Kocak	permutation	
2637.0	0.0600053445470925	Kocak	permutation	
2638.0	-0.09297834523974968	Kocak	permutation	
2639.0	-0.03571028848405611	Kocak	permutation	
2640.0	-0.02668897773892276	Kocak	permutation	
2641.0	-0.030585713053080443	Kocak	permutation	
2642.0	-0.040859846782481224	Kocak	permutation	
2643.0	0.09914641022723725	Kocak	permutation	
2644.0	-0.06267558814502072	Kocak	permutation	
2645.0	-0.13577603460749277	Kocak	permutation	
2646.0	-0.06053887879542197	Kocak	permutation	
2647.0	-0.026785090045698734	Kocak	permutation	
2648.0	-0.01642501894315762	Kocak	permutation	
2649.0	-0.008072619772486522	Kocak	permutation	
2650.0	0.021783750358977283	Kocak	permutation	
2651.0	0.09409344692077681	Kocak	permutation	
2652.0	0.04494085322541519	Kocak	permutation	
2653.0	0.07145034815301976	Kocak	permutation	
2654.0	-0.037742156963849194	Kocak	permutation	
2655.0	0.2183520225644009	Kocak	permutation	
2656.0	-0.03844524058160026	Kocak	permutation	
2657.0	-0.007162487940497453	Kocak	permutation	
2658.0	0.03770393875787548	Kocak	permutation	
2659.0	-0.08132382053364262	Kocak	permutation	
2660.0	-0.11694075795533632	Kocak	permutation	
2661.0	0.053469028527060036	Kocak	permutation	
2662.0	-0.13332484625532937	Kocak	permutation	
2663.0	0.059836336313343175	Kocak	permutation	
2664.0	-0.05836646757818631	Kocak	permutation	
2665.0	0.062477801668978206	Kocak	permutation	
2666.0	0.06619955105185982	Kocak	permutation	
2667.0	0.19256941906868486	Kocak	permutation	
2668.0	0.0027410433262304856	Kocak	permutation	
2669.0	0.18635575769804102	Kocak	permutation	
2670.0	-0.04805810643968211	Kocak	permutation	
2671.0	-0.10791563288136796	Kocak	permutation	
2672.0	0.09976975134257593	Kocak	permutation	
2673.0	-0.09567112674682043	Kocak	permutation	
2674.0	-0.03036801213529472	Kocak	permutation	
2675.0	-0.09102042400257071	Kocak	permutation	
2676.0	0.04147255851710607	Kocak	permutation	
2677.0	-0.07389913909483692	Kocak	permutation	
2678.0	-0.16761472703523905	Kocak	permutation	
2679.0	-0.03434396314400656	Kocak	permutation	
2680.0	-0.025664860111300758	Kocak	permutation	
2681.0	-0.02184234307373023	Kocak	permutation	
2682.0	0.03276665216032004	Kocak	permutation	
2683.0	-0.17931176226857515	Kocak	permutation	
2684.0	-0.08029940281954984	Kocak	permutation	
2685.0	0.05617510699355677	Kocak	permutation	
2686.0	0.13206174934944315	Kocak	permutation	
2687.0	-0.149610903095029	Kocak	permutation	
2688.0	0.11710768770151381	Kocak	permutation	
2689.0	0.06809059169525522	Kocak	permutation	
2690.0	0.08960288552577778	Kocak	permutation	
2691.0	-0.01076391768213636	Kocak	permutation	
2692.0	0.21148138862757415	Kocak	permutation	
2693.0	-0.11075416667673998	Kocak	permutation	
2694.0	-0.026374717529825897	Kocak	permutation	
2695.0	0.1310668420083969	Kocak	permutation	
2696.0	-0.04290166335726209	Kocak	permutation	
2697.0	0.015885425768195294	Kocak	permutation	
2698.0	-0.11532526006536425	Kocak	permutation	
2699.0	-0.03078515650921254	Kocak	permutation	
2700.0	0.13305513976343875	Kocak	permutation	
2701.0	-0.15526386178304907	Kocak	permutation	
2702.0	0.08090725996544013	Kocak	permutation	
2703.0	0.18320800423386752	Kocak	permutation	
2704.0	0.050517585488475625	Kocak	permutation	
2705.0	-0.09129699017397375	Kocak	permutation	
2706.0	-0.09276879453593656	Kocak	permutation	
2707.0	0.12640517139296792	Kocak	permutation	
2708.0	-0.05473434797378385	Kocak	permutation	
2709.0	-0.027556015486375873	Kocak	permutation	
2710.0	0.0029145018786698174	Kocak	permutation	
2711.0	0.01212555065136911	Kocak	permutation	
2712.0	0.0014677746638858125	Kocak	permutation	
2713.0	-0.0666466084641284	Kocak	permutation	
2714.0	-0.0751903413237951	Kocak	permutation	
2715.0	0.01875437970642002	Kocak	permutation	
2716.0	-0.03259869288481232	Kocak	permutation	
2717.0	-0.2081096429780751	Kocak	permutation	
2718.0	-0.19066689055293873	Kocak	permutation	
2719.0	-0.04043430974937445	Kocak	permutation	
2720.0	-0.06394108795565412	Kocak	permutation	
2721.0	0.041612474137985966	Kocak	permutation	
2722.0	-0.17841524512685503	Kocak	permutation	
2723.0	-0.045466447771333574	Kocak	permutation	
2724.0	-0.045547116667229215	Kocak	permutation	
2725.0	0.18881983449878437	Kocak	permutation	
2726.0	0.12493255034306339	Kocak	permutation	
2727.0	-0.07016727415056279	Kocak	permutation	
2728.0	0.02931670375987583	Kocak	permutation	
2729.0	-0.15290732293222975	Kocak	permutation	
2730.0	-0.05171827053957356	Kocak	permutation	
2731.0	-0.08576011367480918	Kocak	permutation	
2732.0	0.13065038601407775	Kocak	permutation	
2733.0	-0.1328636748743115	Kocak	permutation	
2734.0	-0.11867212245028602	Kocak	permutation	
2735.0	-0.06102946727051073	Kocak	permutation	
2736.0	-0.015038148433064169	Kocak	permutation	
2737.0	0.18211703251777633	Kocak	permutation	
2738.0	-0.1312819789581945	Kocak	permutation	
2739.0	0.15063649060220152	Kocak	permutation	
2740.0	0.04880164409055476	Kocak	permutation	
2741.0	0.20474332105744253	Kocak	permutation	
2742.0	-0.002840142369142651	Kocak	permutation	
2743.0	0.023852964378014985	Kocak	permutation	
2744.0	-0.07551210963072785	Kocak	permutation	
2745.0	0.10399380457624563	Kocak	permutation	
2746.0	0.060736698746896245	Kocak	permutation	
2747.0	0.1673046178945432	Kocak	permutation	
2748.0	-0.0016248302823371752	Kocak	permutation	
2749.0	0.06776625595106589	Kocak	permutation	
2750.0	-0.07340968204555232	Kocak	permutation	
2751.0	-0.05705871831001508	Kocak	permutation	
2752.0	-0.04812713486305764	Kocak	permutation	
2753.0	-0.05469161542713641	Kocak	permutation	
2754.0	0.05052946986162654	Kocak	permutation	
2755.0	-0.07712813672898555	Kocak	permutation	
2756.0	0.009898990129017182	Kocak	permutation	
2757.0	-0.010265583270512302	Kocak	permutation	
2758.0	0.051553250571371834	Kocak	permutation	
2759.0	0.21741397328901924	Kocak	permutation	
2760.0	0.05541084367195159	Kocak	permutation	
2761.0	0.07550072922446116	Kocak	permutation	
2762.0	0.018451042373336612	Kocak	permutation	
2763.0	0.05362797917475115	Kocak	permutation	
2764.0	0.09156645322705792	Kocak	permutation	
2765.0	-0.03946237182646373	Kocak	permutation	
2766.0	-0.05922596725291562	Kocak	permutation	
2767.0	0.004495970387251802	Kocak	permutation	
2768.0	-0.1705278157442809	Kocak	permutation	
2769.0	0.025849469996748198	Kocak	permutation	
2770.0	-0.04474366171082078	Kocak	permutation	
2771.0	0.13029163698857937	Kocak	permutation	
2772.0	0.0752311299315851	Kocak	permutation	
2773.0	0.1626978053363719	Kocak	permutation	
2774.0	-0.054604794231948084	Kocak	permutation	
2775.0	-0.13796598119251335	Kocak	permutation	
2776.0	-0.00967839590912023	Kocak	permutation	
2777.0	-0.1779410419670704	Kocak	permutation	
2778.0	-0.1530514845897213	Kocak	permutation	
2779.0	0.12196008205425946	Kocak	permutation	
2780.0	-0.03056533915301829	Kocak	permutation	
2781.0	0.09402019832019404	Kocak	permutation	
2782.0	0.05765667784794015	Kocak	permutation	
2783.0	0.032667116400561635	Kocak	permutation	
2784.0	-0.08538822126647805	Kocak	permutation	
2785.0	-0.00013982228856690426	Kocak	permutation	
2786.0	0.1558228566483244	Kocak	permutation	
2787.0	-0.0021434330666920687	Kocak	permutation	
2788.0	-0.07726929345709133	Kocak	permutation	
2789.0	0.15335491373496568	Kocak	permutation	
2790.0	0.1526324329548867	Kocak	permutation	
2791.0	-0.10747215156596823	Kocak	permutation	
2792.0	0.017951756885059122	Kocak	permutation	
2793.0	0.22093159172812982	Kocak	permutation	
2794.0	-0.02355219278102183	Kocak	permutation	
2795.0	-0.054846587699934446	Kocak	permutation	
2796.0	0.0096991021710231	Kocak	permutation	
2797.0	-0.04072094918925995	Kocak	permutation	
2798.0	0.0792705272088785	Kocak	permutation	
2799.0	0.11326809287078898	Kocak	permutation	
2800.0	-0.060086269642325885	Kocak	permutation	
2801.0	0.06969053574642459	Kocak	permutation	
2802.0	0.04102340645893143	Kocak	permutation	
2803.0	0.050209628568178566	Kocak	permutation	
2804.0	-0.14328059921851732	Kocak	permutation	
2805.0	-0.09078991393583458	Kocak	permutation	
2806.0	0.011354129674248536	Kocak	permutation	
2807.0	-0.08059454948790856	Kocak	permutation	
2808.0	-0.0456403900592246	Kocak	permutation	
2809.0	0.06710023182693137	Kocak	permutation	
2810.0	-0.04964096262832518	Kocak	permutation	
2811.0	0.16784090376095806	Kocak	permutation	
2812.0	0.010612033435751123	Kocak	permutation	
2813.0	-0.1466051773746293	Kocak	permutation	
2814.0	-0.12281181427299703	Kocak	permutation	
2815.0	-0.08952648811983499	Kocak	permutation	
2816.0	0.03602703554678932	Kocak	permutation	
2817.0	0.0836023956115195	Kocak	permutation	
2818.0	-0.06423480262426029	Kocak	permutation	
2819.0	0.04559605114616527	Kocak	permutation	
2820.0	-0.08694311860888515	Kocak	permutation	
2821.0	0.06022217910247374	Kocak	permutation	
2822.0	0.08046707858878532	Kocak	permutation	
2823.0	0.05888115019367657	Kocak	permutation	
2824.0	0.0601103722141878	Kocak	permutation	
2825.0	-0.07351889262366296	Kocak	permutation	
2826.0	0.11284686671081845	Kocak	permutation	
2827.0	0.1252864751172189	Kocak	permutation	
2828.0	0.10809574573896574	Kocak	permutation	
2829.0	0.07414977133287248	Kocak	permutation	
2830.0	-0.038006839690090555	Kocak	permutation	
2831.0	0.14505375739951898	Kocak	permutation	
2832.0	0.009052422807475313	Kocak	permutation	
2833.0	0.09723934645279275	Kocak	permutation	
2834.0	0.01813313935499794	Kocak	permutation	
2835.0	-0.11800611605578526	Kocak	permutation	
2836.0	-0.01945762162106046	Kocak	permutation	
2837.0	0.05165634296660304	Kocak	permutation	
2838.0	-0.015307846817256276	Kocak	permutation	
2839.0	0.05633312826403669	Kocak	permutation	
2840.0	-0.1330442171390782	Kocak	permutation	
2841.0	-0.04736454658984668	Kocak	permutation	
2842.0	0.12701225871876964	Kocak	permutation	
2843.0	-0.15380746952743696	Kocak	permutation	
2844.0	-0.026896021879778687	Kocak	permutation	
2845.0	-0.06283639682826037	Kocak	permutation	
2846.0	-0.01816583527525495	Kocak	permutation	
2847.0	-0.10237554530120407	Kocak	permutation	
2848.0	-0.023767966559786302	Kocak	permutation	
2849.0	0.09497706040313814	Kocak	permutation	
2850.0	-0.0681430695173586	Kocak	permutation	
2851.0	-0.058252138716053725	Kocak	permutation	
2852.0	0.12330725381431806	Kocak	permutation	
2853.0	-0.08662746910840635	Kocak	permutation	
2854.0	0.2305992766807199	Kocak	permutation	
2855.0	-0.11046809029386928	Kocak	permutation	
2856.0	0.05469852558266819	Kocak	permutation	
2857.0	-0.020478337726609563	Kocak	permutation	
2858.0	-0.10442481768805267	Kocak	permutation	
2859.0	0.005960988749706075	Kocak	permutation	
2860.0	-0.10960880803600981	Kocak	permutation	
2861.0	-0.017192239673291976	Kocak	permutation	
2862.0	-0.026740155105065444	Kocak	permutation	
2863.0	-0.1577775865077724	Kocak	permutation	
2864.0	0.14411373682398132	Kocak	permutation	
2865.0	-0.0368744512357746	Kocak	permutation	
2866.0	-0.1472825604358401	Kocak	permutation	
2867.0	-0.26443018076049896	Kocak	permutation	
2868.0	0.008853144048733164	Kocak	permutation	
2869.0	-0.06145601600782635	Kocak	permutation	
2870.0	0.09738818896283785	Kocak	permutation	
2871.0	-0.0812846896087569	Kocak	permutation	
2872.0	0.14006018361235206	Kocak	permutation	
2873.0	0.16333080190802107	Kocak	permutation	
2874.0	-0.04351760846196173	Kocak	permutation	
2875.0	0.03723387738231887	Kocak	permutation	
2876.0	0.05358956635522949	Kocak	permutation	
2877.0	0.045296723835682506	Kocak	permutation	
2878.0	0.04661828218081965	Kocak	permutation	
2879.0	0.0609624983799506	Kocak	permutation	
2880.0	-0.050376570555300315	Kocak	permutation	
2881.0	-0.060404435511988375	Kocak	permutation	
2882.0	0.11217097584186808	Kocak	permutation	
2883.0	0.07645004019048729	Kocak	permutation	
2884.0	-0.1742651253188474	Kocak	permutation	
2885.0	-0.17862134972740673	Kocak	permutation	
2886.0	-0.001412511374603742	Kocak	permutation	
2887.0	0.032435807818541385	Kocak	permutation	
2888.0	-0.13859106278292055	Kocak	permutation	
2889.0	-0.023867305523182836	Kocak	permutation	
2890.0	-0.1672125851262627	Kocak	permutation	
2891.0	0.046008443977507696	Kocak	permutation	
2892.0	0.017105012354631022	Kocak	permutation	
2893.0	0.03227203068327045	Kocak	permutation	
2894.0	0.032293875410754236	Kocak	permutation	
2895.0	0.05461957700257658	Kocak	permutation	
2896.0	-0.18050565821143572	Kocak	permutation	
2897.0	-0.043837706618364614	Kocak	permutation	
2898.0	-0.11234863730439315	Kocak	permutation	
2899.0	0.009078936945378757	Kocak	permutation	
2900.0	-0.010383762991548195	Kocak	permutation	
2901.0	-0.05611665636845009	Kocak	permutation	
2902.0	-0.07253148277436772	Kocak	permutation	
2903.0	0.03880322717887719	Kocak	permutation	
2904.0	0.13403110360528459	Kocak	permutation	
2905.0	0.012875877139464809	Kocak	permutation	
2906.0	0.19355331222351513	Kocak	permutation	
2907.0	0.0999714890606449	Kocak	permutation	
2908.0	0.08805868180518495	Kocak	permutation	
2909.0	0.03863034329480586	Kocak	permutation	
2910.0	0.07775550489496252	Kocak	permutation	
2911.0	-0.0317208189306033	Kocak	permutation	
2912.0	0.0031062454255756933	Kocak	permutation	
2913.0	0.13237315716199438	Kocak	permutation	
2914.0	-0.012942902997267858	Kocak	permutation	
2915.0	-0.09215764777849378	Kocak	permutation	
2916.0	-0.15400778560651274	Kocak	permutation	
2917.0	0.1439748841384012	Kocak	permutation	
2918.0	0.019030652067844045	Kocak	permutation	
2919.0	-0.06222085368078156	Kocak	permutation	
2920.0	-0.09562122281360663	Kocak	permutation	
2921.0	0.09728733593743666	Kocak	permutation	
2922.0	-0.10176163179597708	Kocak	permutation	
2923.0	0.013287072521261933	Kocak	permutation	
2924.0	-0.20928389127687463	Kocak	permutation	
2925.0	0.14063861540254097	Kocak	permutation	
2926.0	0.11697000397381618	Kocak	permutation	
2927.0	0.04842825562273445	Kocak	permutation	
2928.0	-0.021937787942599485	Kocak	permutation	
2929.0	0.14390184378892812	Kocak	permutation	
2930.0	0.1212808194458792	Kocak	permutation	
2931.0	0.10079008728845196	Kocak	permutation	
2932.0	-0.18127602238455642	Kocak	permutation	
2933.0	-0.00869687410521447	Kocak	permutation	
2934.0	-0.2491807128021457	Kocak	permutation	
2935.0	-0.0862220889784755	Kocak	permutation	
2936.0	-0.04335844890806895	Kocak	permutation	
2937.0	0.22877912249496202	Kocak	permutation	
2938.0	-0.01431163995161322	Kocak	permutation	
2939.0	-0.051633073909643556	Kocak	permutation	
2940.0	-0.11342269893932144	Kocak	permutation	
2941.0	-0.122436894580356	Kocak	permutation	
2942.0	0.024128444903864565	Kocak	permutation	
2943.0	-0.10516007774238867	Kocak	permutation	
2944.0	-0.03804526482430859	Kocak	permutation	
2945.0	0.050643445815778065	Kocak	permutation	
2946.0	0.13818989574950447	Kocak	permutation	
2947.0	-0.21771571344507956	Kocak	permutation	
2948.0	-0.06676072448291137	Kocak	permutation	
2949.0	-0.0496751741186543	Kocak	permutation	
2950.0	0.19068646001559442	Kocak	permutation	
2951.0	0.07943931821487782	Kocak	permutation	
2952.0	-0.023964391051715328	Kocak	permutation	
2953.0	-0.08466633146578717	Kocak	permutation	
2954.0	-0.16081341320374376	Kocak	permutation	
2955.0	0.017363011812702833	Kocak	permutation	
2956.0	-0.12518001597851214	Kocak	permutation	
2957.0	-0.2675731442446123	Kocak	permutation	
2958.0	0.07192813721661295	Kocak	permutation	
2959.0	-0.15322511925959592	Kocak	permutation	
2960.0	-0.08519704768739889	Kocak	permutation	
2961.0	0.047578708738735376	Kocak	permutation	
2962.0	-0.21886779351772434	Kocak	permutation	
2963.0	0.040931518891751395	Kocak	permutation	
2964.0	-0.21337309055858888	Kocak	permutation	
2965.0	0.0415577878721658	Kocak	permutation	
2966.0	-0.13755796270942788	Kocak	permutation	
2967.0	0.009257554773473675	Kocak	permutation	
2968.0	-0.06803146063024501	Kocak	permutation	
2969.0	-0.15483534122126974	Kocak	permutation	
2970.0	-0.10120418866603664	Kocak	permutation	
2971.0	-0.04183188119116599	Kocak	permutation	
2972.0	-0.018131796410411738	Kocak	permutation	
2973.0	-0.0121767006547997	Kocak	permutation	
2974.0	-0.009750350841898126	Kocak	permutation	
2975.0	0.18095916409073265	Kocak	permutation	
2976.0	-0.016973883604842754	Kocak	permutation	
2977.0	-0.057514820845733006	Kocak	permutation	
2978.0	-0.018927347295597308	Kocak	permutation	
2979.0	-0.13828523431991302	Kocak	permutation	
2980.0	0.13758438410983675	Kocak	permutation	
2981.0	-0.03350282983863373	Kocak	permutation	
2982.0	0.06321048860648304	Kocak	permutation	
2983.0	-0.08910383918950826	Kocak	permutation	
2984.0	0.17019853068766588	Kocak	permutation	
2985.0	0.04910391320406182	Kocak	permutation	
2986.0	-0.07320425659914598	Kocak	permutation	
2987.0	0.09742442849648336	Kocak	permutation	
2988.0	-0.039344589350029935	Kocak	permutation	
2989.0	0.07020344957275126	Kocak	permutation	
2990.0	-0.12282559302735718	Kocak	permutation	
2991.0	-0.09565363589736942	Kocak	permutation	
2992.0	-0.11243572516307099	Kocak	permutation	
2993.0	-0.03513922551679194	Kocak	permutation	
2994.0	0.04760051564620005	Kocak	permutation	
2995.0	-0.09829628292376835	Kocak	permutation	
2996.0	-0.006374386759188333	Kocak	permutation	
2997.0	0.20367182044742815	Kocak	permutation	
2998.0	-0.20839371580600163	Kocak	permutation	
2999.0	-0.030983186474325297	Kocak	permutation	
3000.0	0.0718926066189991	Kocak	permutation	
3001.0	-0.014672036739366678	Kocak	permutation	
3002.0	-0.0582520354375915	Kocak	permutation	
3003.0	0.17896830846742073	Kocak	permutation	
3004.0	-0.1308869044364318	Kocak	permutation	
3005.0	-0.1194053906217536	Kocak	permutation	
3006.0	-0.14870943208372056	Kocak	permutation	
3007.0	0.10483401360265399	Kocak	permutation	
3008.0	0.06197120619015273	Kocak	permutation	
3009.0	-0.09970442654697953	Kocak	permutation	
3010.0	0.10499209801478404	Kocak	permutation	
3011.0	-0.014505045488191204	Kocak	permutation	
3012.0	-0.215508260396839	Kocak	permutation	
3013.0	-0.29367979550720635	Kocak	permutation	
3014.0	-0.06471002590269981	Kocak	permutation	
3015.0	-0.029295317017969058	Kocak	permutation	
3016.0	-0.1578735971003873	Kocak	permutation	
3017.0	-0.009787489570240115	Kocak	permutation	
3018.0	-0.06916898508356173	Kocak	permutation	
3019.0	0.11441190115708455	Kocak	permutation	
3020.0	-0.08351374791492416	Kocak	permutation	
3021.0	0.19249764188365415	Kocak	permutation	
3022.0	0.07334749536232898	Kocak	permutation	
3023.0	-0.06492691058008715	Kocak	permutation	
3024.0	0.06455697095954482	Kocak	permutation	
3025.0	-0.006212622294722969	Kocak	permutation	
3026.0	-0.012929874627425342	Kocak	permutation	
3027.0	-0.06737723179800037	Kocak	permutation	
3028.0	-0.08630283786363613	Kocak	permutation	
3029.0	0.05177263840793467	Kocak	permutation	
3030.0	-0.13622964907194834	Kocak	permutation	
3031.0	0.06643843034788333	Kocak	permutation	
3032.0	-0.05434517106122261	Kocak	permutation	
3033.0	0.08221502088346844	Kocak	permutation	
3034.0	-0.08715450408148318	Kocak	permutation	
3035.0	0.08888557381478135	Kocak	permutation	
3036.0	-0.017861054708263158	Kocak	permutation	
3037.0	0.10771439670127059	Kocak	permutation	
3038.0	-0.1627709016191674	Kocak	permutation	
3039.0	-0.048348239148777505	Kocak	permutation	
3040.0	0.07314708142347559	Kocak	permutation	
3041.0	-0.047555744274064615	Kocak	permutation	
3042.0	0.1150118606520043	Kocak	permutation	
3043.0	-0.04357853330785755	Kocak	permutation	
3044.0	-0.01891526846998204	Kocak	permutation	
3045.0	0.17365768884662414	Kocak	permutation	
3046.0	0.098255104746797	Kocak	permutation	
3047.0	0.03480618348649145	Kocak	permutation	
3048.0	-0.045635546805119276	Kocak	permutation	
3049.0	-0.10737736082888683	Kocak	permutation	
3050.0	-0.03775389339034607	Kocak	permutation	
3051.0	-0.026317982167271214	Kocak	permutation	
3052.0	0.1343350216333712	Kocak	permutation	
3053.0	0.048834464478911155	Kocak	permutation	
3054.0	-0.04874126849546334	Kocak	permutation	
3055.0	0.028073023724742185	Kocak	permutation	
3056.0	-0.1603567444095968	Kocak	permutation	
3057.0	-0.002254213527157045	Kocak	permutation	
3058.0	-0.038547610995560255	Kocak	permutation	
3059.0	-0.11660856413634146	Kocak	permutation	
3060.0	0.10767457675413139	Kocak	permutation	
3061.0	0.12472100290612609	Kocak	permutation	
3062.0	0.03191943083473836	Kocak	permutation	
3063.0	0.018761813716431597	Kocak	permutation	
3064.0	-0.1493433757969873	Kocak	permutation	
3065.0	0.02057534208142231	Kocak	permutation	
3066.0	-0.15050846434230358	Kocak	permutation	
3067.0	0.2111448884865159	Kocak	permutation	
3068.0	0.03393508711663884	Kocak	permutation	
3069.0	-0.06631733034250775	Kocak	permutation	
3070.0	-0.019704658810564712	Kocak	permutation	
3071.0	-0.08383697566040249	Kocak	permutation	
3072.0	-0.027692336047476118	Kocak	permutation	
3073.0	-0.16667509892022325	Kocak	permutation	
3074.0	0.1586738866514068	Kocak	permutation	
3075.0	-0.06000496701759417	Kocak	permutation	
3076.0	-0.1451485047454777	Kocak	permutation	
3077.0	0.0189593962740493	Kocak	permutation	
3078.0	-0.1502853522163763	Kocak	permutation	
3079.0	0.008721250190037999	Kocak	permutation	
3080.0	-0.13066230025960568	Kocak	permutation	
3081.0	-0.11938805883051229	Kocak	permutation	
3082.0	0.11955615761995686	Kocak	permutation	
3083.0	0.05487906374741991	Kocak	permutation	
3084.0	-0.08222148059732604	Kocak	permutation	
3085.0	-0.09334135149972722	Kocak	permutation	
3086.0	-0.07421291329018942	Kocak	permutation	
3087.0	-0.03644718937310909	Kocak	permutation	
3088.0	-0.0017575297716412308	Kocak	permutation	
3089.0	0.022596638563313842	Kocak	permutation	
3090.0	0.15408757848635046	Kocak	permutation	
3091.0	-0.07126252764113294	Kocak	permutation	
3092.0	0.03491148239962838	Kocak	permutation	
3093.0	0.053116605946602835	Kocak	permutation	
3094.0	0.12774558576874728	Kocak	permutation	
3095.0	-0.05135956670914554	Kocak	permutation	
3096.0	-0.018417210697582398	Kocak	permutation	
3097.0	0.0737344797015127	Kocak	permutation	
3098.0	-0.1410554230315011	Kocak	permutation	
3099.0	-0.147520594934476	Kocak	permutation	
3100.0	-0.009417558181943786	Kocak	permutation	
3101.0	0.012281022094325689	Kocak	permutation	
3102.0	-0.00020448639184778017	Kocak	permutation	
3103.0	-0.03423562734011343	Kocak	permutation	
3104.0	0.06425758777509483	Kocak	permutation	
3105.0	-0.10788685261518971	Kocak	permutation	
3106.0	-0.04251659524958962	Kocak	permutation	
3107.0	-0.1496538881835665	Kocak	permutation	
3108.0	0.14860184797392417	Kocak	permutation	
3109.0	-0.018252145497517525	Kocak	permutation	
3110.0	0.022005985190560295	Kocak	permutation	
3111.0	-0.03572867397249535	Kocak	permutation	
3112.0	-0.035523130739681275	Kocak	permutation	
3113.0	0.15532128013082103	Kocak	permutation	
3114.0	-0.042151352878669	Kocak	permutation	
3115.0	-0.012291159934346485	Kocak	permutation	
3116.0	0.02075190855800857	Kocak	permutation	
3117.0	0.09367800556791162	Kocak	permutation	
3118.0	0.017245362767000394	Kocak	permutation	
3119.0	0.05830677440843557	Kocak	permutation	
3120.0	0.06938349434108293	Kocak	permutation	
3121.0	0.049796983284262186	Kocak	permutation	
3122.0	0.2238631748449147	Kocak	permutation	
3123.0	-0.03836364701519379	Kocak	permutation	
3124.0	0.11158929822845653	Kocak	permutation	
3125.0	-0.037089722830932814	Kocak	permutation	
3126.0	0.032666230530046025	Kocak	permutation	
3127.0	-0.10409584044203646	Kocak	permutation	
3128.0	-0.04733708414665738	Kocak	permutation	
3129.0	0.03452218476035274	Kocak	permutation	
3130.0	0.03126646273407063	Kocak	permutation	
3131.0	0.06221426981636702	Kocak	permutation	
3132.0	-0.06757543958165879	Kocak	permutation	
3133.0	-0.04596069618726162	Kocak	permutation	
3134.0	-0.14127392417996987	Kocak	permutation	
3135.0	-0.10933187952580514	Kocak	permutation	
3136.0	-0.08533561236638443	Kocak	permutation	
3137.0	-0.020545695749397463	Kocak	permutation	
3138.0	0.22754235767777153	Kocak	permutation	
3139.0	-0.0025301018765619965	Kocak	permutation	
3140.0	0.042019173328598836	Kocak	permutation	
3141.0	0.10165277237731507	Kocak	permutation	
3142.0	0.1481379518251189	Kocak	permutation	
3143.0	-0.16952415866028803	Kocak	permutation	
3144.0	0.01833928478799729	Kocak	permutation	
3145.0	0.02988468440512637	Kocak	permutation	
3146.0	0.003982569452036344	Kocak	permutation	
3147.0	0.006552418957520345	Kocak	permutation	
3148.0	0.04685390869479322	Kocak	permutation	
3149.0	0.15257041056482246	Kocak	permutation	
3150.0	0.012105086736673876	Kocak	permutation	
3151.0	-0.037324846338810946	Kocak	permutation	
3152.0	0.01877057085150957	Kocak	permutation	
3153.0	0.1347916477073765	Kocak	permutation	
3154.0	0.0340231382276972	Kocak	permutation	
3155.0	0.06926263630978102	Kocak	permutation	
3156.0	-0.1066345276051992	Kocak	permutation	
3157.0	-0.1463076018551619	Kocak	permutation	
3158.0	-0.046037569566249825	Kocak	permutation	
3159.0	0.018881042132538273	Kocak	permutation	
3160.0	-0.19327238234028066	Kocak	permutation	
3161.0	-0.011293609336178179	Kocak	permutation	
3162.0	-0.16295233063941206	Kocak	permutation	
3163.0	-0.06589717317464983	Kocak	permutation	
3164.0	-0.08687453435582526	Kocak	permutation	
3165.0	0.02761949483455295	Kocak	permutation	
3166.0	0.06190938385237743	Kocak	permutation	
3167.0	0.025436169973571232	Kocak	permutation	
3168.0	-0.030969330237366144	Kocak	permutation	
3169.0	0.0011838047653411898	Kocak	permutation	
3170.0	-0.020576423534899746	Kocak	permutation	
3171.0	-0.03908618725771884	Kocak	permutation	
3172.0	-0.025304764834125137	Kocak	permutation	
3173.0	-0.147530939096983	Kocak	permutation	
3174.0	-0.10597207360860139	Kocak	permutation	
3175.0	0.11828405210034854	Kocak	permutation	
3176.0	0.0830820597676345	Kocak	permutation	
3177.0	0.06580257503686182	Kocak	permutation	
3178.0	0.1668044003073188	Kocak	permutation	
3179.0	-0.12400032779385706	Kocak	permutation	
3180.0	0.06748837683740883	Kocak	permutation	
3181.0	0.0657647031488473	Kocak	permutation	
3182.0	0.14508348380509561	Kocak	permutation	
3183.0	-0.047439680214565794	Kocak	permutation	
3184.0	-0.024377454293725176	Kocak	permutation	
3185.0	-0.1509940353612036	Kocak	permutation	
3186.0	0.08931912237562356	Kocak	permutation	
3187.0	-0.05607840195240987	Kocak	permutation	
3188.0	-0.11717379941082484	Kocak	permutation	
3189.0	-0.14745500946295875	Kocak	permutation	
3190.0	0.05050287623476013	Kocak	permutation	
3191.0	-0.05982848199460822	Kocak	permutation	
3192.0	0.01329643737307018	Kocak	permutation	
3193.0	0.07117848289296891	Kocak	permutation	
3194.0	0.14595837048063887	Kocak	permutation	
3195.0	-0.061899250741632716	Kocak	permutation	
3196.0	-0.06334044916223158	Kocak	permutation	
3197.0	-0.033021738047747995	Kocak	permutation	
3198.0	-0.06500777950997927	Kocak	permutation	
3199.0	0.02533043997068507	Kocak	permutation	
3200.0	0.13645441395472835	Kocak	permutation	
3201.0	0.08272860602648802	Kocak	permutation	
3202.0	0.023719803595691147	Kocak	permutation	
3203.0	-0.008781928499501213	Kocak	permutation	
3204.0	0.03774282494498227	Kocak	permutation	
3205.0	0.14935982046011542	Kocak	permutation	
3206.0	0.011987440152860351	Kocak	permutation	
3207.0	0.12490748554264286	Kocak	permutation	
3208.0	-0.0431894371601671	Kocak	permutation	
3209.0	-0.19059520209533742	Kocak	permutation	
3210.0	-0.05766449645773575	Kocak	permutation	
3211.0	0.004678185294417325	Kocak	permutation	
3212.0	0.05422936559199165	Kocak	permutation	
3213.0	-0.03465573517241838	Kocak	permutation	
3214.0	-0.24942497644082895	Kocak	permutation	
3215.0	0.021333675466767232	Kocak	permutation	
3216.0	-0.026153070376475185	Kocak	permutation	
3217.0	-0.027008628520972078	Kocak	permutation	
3218.0	0.025638737352344787	Kocak	permutation	
3219.0	-0.20732074375285459	Kocak	permutation	
3220.0	0.1530745259366353	Kocak	permutation	
3221.0	0.023623278680547255	Kocak	permutation	
3222.0	0.1284945074810131	Kocak	permutation	
3223.0	0.13244796478215992	Kocak	permutation	
3224.0	0.03755155755383033	Kocak	permutation	
3225.0	0.013305108226052464	Kocak	permutation	
3226.0	0.03045316768884465	Kocak	permutation	
3227.0	-0.16966077282796466	Kocak	permutation	
3228.0	0.014337411709339776	Kocak	permutation	
3229.0	-0.16559500580054198	Kocak	permutation	
3230.0	-0.19377182819450622	Kocak	permutation	
3231.0	-0.004327877546116188	Kocak	permutation	
3232.0	0.004103198163952548	Kocak	permutation	
3233.0	-0.020554776616075632	Kocak	permutation	
3234.0	0.09276703530763397	Kocak	permutation	
3235.0	-0.1157936290163879	Kocak	permutation	
3236.0	0.027656425676203522	Kocak	permutation	
3237.0	0.04042531053992926	Kocak	permutation	
3238.0	0.040442037614797144	Kocak	permutation	
3239.0	0.186240720821651	Kocak	permutation	
3240.0	0.014034586580326192	Kocak	permutation	
3241.0	0.12540905324642182	Kocak	permutation	
3242.0	-0.17060457002560891	Kocak	permutation	
3243.0	0.09830471912778416	Kocak	permutation	
3244.0	0.07647943254927991	Kocak	permutation	
3245.0	0.021217262081561827	Kocak	permutation	
3246.0	-0.13248887638986862	Kocak	permutation	
3247.0	0.043506892507820805	Kocak	permutation	
3248.0	-0.07990918537449732	Kocak	permutation	
3249.0	-0.0007711636038605363	Kocak	permutation	
3250.0	-0.21736554572894784	Kocak	permutation	
3251.0	0.200002786966055	Kocak	permutation	
3252.0	0.10498208214048654	Kocak	permutation	
3253.0	-0.011614205149637513	Kocak	permutation	
3254.0	-0.14802519978004414	Kocak	permutation	
3255.0	0.05741855564996312	Kocak	permutation	
3256.0	0.021652532838926764	Kocak	permutation	
3257.0	-0.03597273217685126	Kocak	permutation	
3258.0	-0.10843606409584217	Kocak	permutation	
3259.0	0.11026709370110677	Kocak	permutation	
3260.0	-0.16966334420715912	Kocak	permutation	
3261.0	0.17881668988816202	Kocak	permutation	
3262.0	0.08341316642370522	Kocak	permutation	
3263.0	0.0368188547029602	Kocak	permutation	
3264.0	-0.0003007826877663433	Kocak	permutation	
3265.0	-0.029219553734215253	Kocak	permutation	
3266.0	-0.11149656056471402	Kocak	permutation	
3267.0	0.05325187701500811	Kocak	permutation	
3268.0	-0.12176607432968956	Kocak	permutation	
3269.0	-0.13000994615705563	Kocak	permutation	
3270.0	-0.10412665473783189	Kocak	permutation	
3271.0	-0.033976681685538246	Kocak	permutation	
3272.0	0.07588181571714658	Kocak	permutation	
3273.0	0.033607689079256264	Kocak	permutation	
3274.0	-0.015570547817263414	Kocak	permutation	
3275.0	0.18557341088676704	Kocak	permutation	
3276.0	-0.014473151779886173	Kocak	permutation	
3277.0	-0.153660329406188	Kocak	permutation	
3278.0	0.03585293085269958	Kocak	permutation	
3279.0	-0.018273810295804438	Kocak	permutation	
3280.0	0.05502253826666825	Kocak	permutation	
3281.0	-0.024304887889092353	Kocak	permutation	
3282.0	-0.04450164189676542	Kocak	permutation	
3283.0	-0.0015722231755583849	Kocak	permutation	
3284.0	0.003970584904458452	Kocak	permutation	
3285.0	0.12055426563800431	Kocak	permutation	
3286.0	-0.026007582183019462	Kocak	permutation	
3287.0	0.015372481005426764	Kocak	permutation	
3288.0	0.038780923791079225	Kocak	permutation	
3289.0	0.0025099500241254624	Kocak	permutation	
3290.0	-0.026500700083034623	Kocak	permutation	
3291.0	-0.033966473776466444	Kocak	permutation	
3292.0	0.00243084954450401	Kocak	permutation	
3293.0	0.06085824339800583	Kocak	permutation	
3294.0	0.051959086068288585	Kocak	permutation	
3295.0	-0.0989959636561224	Kocak	permutation	
3296.0	-0.022128474779398832	Kocak	permutation	
3297.0	-0.12159396093073038	Kocak	permutation	
3298.0	-0.24078992587050774	Kocak	permutation	
3299.0	-0.15996202111565072	Kocak	permutation	
3300.0	-0.014120031807602906	Kocak	permutation	
3301.0	-0.132890876085189	Kocak	permutation	
3302.0	0.08455465733702816	Kocak	permutation	
3303.0	0.2527916228030027	Kocak	permutation	
3304.0	-0.017101847439537465	Kocak	permutation	
3305.0	-0.1870914751437076	Kocak	permutation	
3306.0	-0.10067970397481174	Kocak	permutation	
3307.0	-0.01980114357772189	Kocak	permutation	
3308.0	-0.09601874782050057	Kocak	permutation	
3309.0	0.17877720611698233	Kocak	permutation	
3310.0	-0.05083770145767508	Kocak	permutation	
3311.0	0.08278931826820912	Kocak	permutation	
3312.0	0.015594442864310665	Kocak	permutation	
3313.0	-0.14211488331313493	Kocak	permutation	
3314.0	0.02247236361261562	Kocak	permutation	
3315.0	0.19349353720996643	Kocak	permutation	
3316.0	0.12416187746366525	Kocak	permutation	
3317.0	-0.14147095083519812	Kocak	permutation	
3318.0	-0.1519083105022947	Kocak	permutation	
3319.0	-0.03581817771335061	Kocak	permutation	
3320.0	-0.1312876410015149	Kocak	permutation	
3321.0	-0.10382316596180274	Kocak	permutation	
3322.0	0.06082871229030662	Kocak	permutation	
3323.0	0.002624003936582575	Kocak	permutation	
3324.0	-0.0857232876862053	Kocak	permutation	
3325.0	-0.0689496436633883	Kocak	permutation	
3326.0	0.11166102321715421	Kocak	permutation	
3327.0	-0.23159507848286154	Kocak	permutation	
3328.0	0.1290151727756088	Kocak	permutation	
3329.0	0.046949883571731466	Kocak	permutation	
3330.0	-0.043967203662914844	Kocak	permutation	
3331.0	-0.13736643826660222	Kocak	permutation	
3332.0	-0.002731073711531362	Kocak	permutation	
3333.0	0.012239319724396847	Kocak	permutation	
3334.0	0.027399582790457178	Kocak	permutation	
3335.0	0.10143487448527244	Kocak	permutation	
3336.0	0.014772143568343665	Kocak	permutation	
3337.0	-0.24855868504017753	Kocak	permutation	
3338.0	-0.15347495002208156	Kocak	permutation	
3339.0	0.027266535340130904	Kocak	permutation	
3340.0	0.09374934684611347	Kocak	permutation	
3341.0	0.001171411631649022	Kocak	permutation	
3342.0	-0.1970307438298664	Kocak	permutation	
3343.0	-0.11209217979166164	Kocak	permutation	
3344.0	0.1590559159739886	Kocak	permutation	
3345.0	-0.12842661973511804	Kocak	permutation	
3346.0	-0.07205551389016085	Kocak	permutation	
3347.0	0.07362059203516091	Kocak	permutation	
3348.0	-0.053594254625332294	Kocak	permutation	
3349.0	0.02879565584905075	Kocak	permutation	
3350.0	0.06864487079861759	Kocak	permutation	
3351.0	0.053709250051598545	Kocak	permutation	
3352.0	-0.009185033216323912	Kocak	permutation	
3353.0	0.08125415285835569	Kocak	permutation	
3354.0	-0.007679773505948173	Kocak	permutation	
3355.0	0.06707987084035949	Kocak	permutation	
3356.0	0.050620941206705794	Kocak	permutation	
3357.0	-0.10937861658407311	Kocak	permutation	
3358.0	0.20616110035472568	Kocak	permutation	
3359.0	-0.06104795470809865	Kocak	permutation	
3360.0	-0.21522266674029744	Kocak	permutation	
3361.0	0.055816128848352076	Kocak	permutation	
3362.0	0.02742069697100069	Kocak	permutation	
3363.0	0.1282181864000682	Kocak	permutation	
3364.0	-0.061717962309965735	Kocak	permutation	
3365.0	0.10203841314748852	Kocak	permutation	
3366.0	0.096950803614273	Kocak	permutation	
3367.0	-0.06272355987198042	Kocak	permutation	
3368.0	-0.05584509127410309	Kocak	permutation	
3369.0	0.07633682237521411	Kocak	permutation	
3370.0	-0.0921736286674939	Kocak	permutation	
3371.0	0.11281235700710557	Kocak	permutation	
3372.0	0.021234989481695	Kocak	permutation	
3373.0	-0.0562152633532893	Kocak	permutation	
3374.0	0.044399658617306326	Kocak	permutation	
3375.0	0.1674989556130968	Kocak	permutation	
3376.0	-0.08282378841664784	Kocak	permutation	
3377.0	0.19035036800451444	Kocak	permutation	
3378.0	-0.09254799433867422	Kocak	permutation	
3379.0	0.017172725357415874	Kocak	permutation	
3380.0	-0.16740794216279786	Kocak	permutation	
3381.0	0.19260243908673003	Kocak	permutation	
3382.0	-0.13125502667530276	Kocak	permutation	
3383.0	0.14485831982839414	Kocak	permutation	
3384.0	0.021134028942955574	Kocak	permutation	
3385.0	-0.021204768095656856	Kocak	permutation	
3386.0	0.15465604386804443	Kocak	permutation	
3387.0	0.1839586632599226	Kocak	permutation	
3388.0	-0.01874226895539355	Kocak	permutation	
3389.0	0.05240782382621312	Kocak	permutation	
3390.0	0.006854324593450478	Kocak	permutation	
3391.0	-0.0944371887816513	Kocak	permutation	
3392.0	0.005742870199308303	Kocak	permutation	
3393.0	-0.16862403559251415	Kocak	permutation	
3394.0	0.01653018201330525	Kocak	permutation	
3395.0	-0.11589023300408696	Kocak	permutation	
3396.0	-0.09272174951800638	Kocak	permutation	
3397.0	-0.13732773505631934	Kocak	permutation	
3398.0	-0.11019459507723806	Kocak	permutation	
3399.0	0.041432643181043005	Kocak	permutation	
3400.0	0.06101309473796501	Kocak	permutation	
3401.0	-0.1555794596046569	Kocak	permutation	
3402.0	0.10625359446452975	Kocak	permutation	
3403.0	-0.01125050994561283	Kocak	permutation	
3404.0	0.0548038454026063	Kocak	permutation	
3405.0	0.04319959777989535	Kocak	permutation	
3406.0	-0.047053962651113945	Kocak	permutation	
3407.0	-0.15945839475544954	Kocak	permutation	
3408.0	0.014481755258806128	Kocak	permutation	
3409.0	-0.03854930105352139	Kocak	permutation	
3410.0	-0.04463053071287115	Kocak	permutation	
3411.0	0.06988533102930994	Kocak	permutation	
3412.0	0.02834052131790976	Kocak	permutation	
3413.0	0.029409205399507865	Kocak	permutation	
3414.0	0.09232093244013351	Kocak	permutation	
3415.0	-0.04753755493650935	Kocak	permutation	
3416.0	-0.1635100164829426	Kocak	permutation	
3417.0	0.02238559044186017	Kocak	permutation	
3418.0	0.1092803986229316	Kocak	permutation	
3419.0	0.09739127247541557	Kocak	permutation	
3420.0	0.05197912163677332	Kocak	permutation	
3421.0	0.10027521902356673	Kocak	permutation	
3422.0	-0.10061487846025896	Kocak	permutation	
3423.0	-0.11097843707500443	Kocak	permutation	
3424.0	-0.09119430456626176	Kocak	permutation	
3425.0	-0.05519472805581227	Kocak	permutation	
3426.0	0.1683287864116112	Kocak	permutation	
3427.0	0.05264877454038297	Kocak	permutation	
3428.0	0.0990340202236979	Kocak	permutation	
3429.0	-0.09432563928322457	Kocak	permutation	
3430.0	0.06242064296365957	Kocak	permutation	
3431.0	-0.005321037573383425	Kocak	permutation	
3432.0	0.08183302186274499	Kocak	permutation	
3433.0	0.010560543127040578	Kocak	permutation	
3434.0	-0.1370886418341053	Kocak	permutation	
3435.0	-0.1708037258405417	Kocak	permutation	
3436.0	0.02897619274544816	Kocak	permutation	
3437.0	-0.03924863978850812	Kocak	permutation	
3438.0	0.07691620712625902	Kocak	permutation	
3439.0	0.05177911260777712	Kocak	permutation	
3440.0	-0.08290055453201983	Kocak	permutation	
3441.0	0.06158477793290329	Kocak	permutation	
3442.0	-0.09278697259752322	Kocak	permutation	
3443.0	0.021620166008086805	Kocak	permutation	
3444.0	-0.05554342658915301	Kocak	permutation	
3445.0	0.09798563223317691	Kocak	permutation	
3446.0	-0.25958824246895773	Kocak	permutation	
3447.0	-0.05750300525884011	Kocak	permutation	
3448.0	-0.0004489968433025737	Kocak	permutation	
3449.0	0.095527633476169	Kocak	permutation	
3450.0	-0.058757232869095954	Kocak	permutation	
3451.0	0.16323301177238037	Kocak	permutation	
3452.0	-0.14637375970935151	Kocak	permutation	
3453.0	-0.1139951469680538	Kocak	permutation	
3454.0	-0.030378353791669088	Kocak	permutation	
3455.0	-0.09027268387745835	Kocak	permutation	
3456.0	0.0883482383444738	Kocak	permutation	
3457.0	-0.18530844810204483	Kocak	permutation	
3458.0	-0.19514995195136597	Kocak	permutation	
3459.0	0.0320891682243154	Kocak	permutation	
3460.0	0.07907050878641764	Kocak	permutation	
3461.0	0.0411982150625958	Kocak	permutation	
3462.0	-0.025649393389366004	Kocak	permutation	
3463.0	0.07294484997332695	Kocak	permutation	
3464.0	0.13959962329948317	Kocak	permutation	
3465.0	0.16458011644238146	Kocak	permutation	
3466.0	0.08409494000782392	Kocak	permutation	
3467.0	-0.1147004440578625	Kocak	permutation	
3468.0	-0.023992709329344386	Kocak	permutation	
3469.0	0.034981885983219385	Kocak	permutation	
3470.0	0.08276664641605613	Kocak	permutation	
3471.0	0.001467204412350931	Kocak	permutation	
3472.0	-0.029182678616232582	Kocak	permutation	
3473.0	-0.03301342367248106	Kocak	permutation	
3474.0	-0.002206777089323708	Kocak	permutation	
3475.0	-0.08228577110822721	Kocak	permutation	
3476.0	-0.22257956548077562	Kocak	permutation	
3477.0	0.12329461300308431	Kocak	permutation	
3478.0	0.0867049815555303	Kocak	permutation	
3479.0	0.08807356972855462	Kocak	permutation	
3480.0	-0.04069892906253525	Kocak	permutation	
3481.0	0.10449875667642416	Kocak	permutation	
3482.0	-0.03791310074050269	Kocak	permutation	
3483.0	-0.0008722534919813896	Kocak	permutation	
3484.0	-0.1467941521126166	Kocak	permutation	
3485.0	0.04568040110839	Kocak	permutation	
3486.0	-0.14411809251411523	Kocak	permutation	
3487.0	0.018625063314686496	Kocak	permutation	
3488.0	-0.15744792298453225	Kocak	permutation	
3489.0	0.09869269220734278	Kocak	permutation	
3490.0	0.14707493308091024	Kocak	permutation	
3491.0	0.09237505550810798	Kocak	permutation	
3492.0	0.010956636489968918	Kocak	permutation	
3493.0	-0.06701187641292217	Kocak	permutation	
3494.0	0.01858615599494229	Kocak	permutation	
3495.0	-0.01445332378817632	Kocak	permutation	
3496.0	-0.07883090068709775	Kocak	permutation	
3497.0	0.003535100657592327	Kocak	permutation	
3498.0	0.07688853605382606	Kocak	permutation	
3499.0	0.21504526741507757	Kocak	permutation	
3500.0	0.07015625875489429	Kocak	permutation	
3501.0	0.14261153058032283	Kocak	permutation	
3502.0	0.027706876684285398	Kocak	permutation	
3503.0	-0.0533007523560034	Kocak	permutation	
3504.0	0.09468814715209373	Kocak	permutation	
3505.0	-0.04580382804840033	Kocak	permutation	
3506.0	-0.16612792969690338	Kocak	permutation	
3507.0	0.010857959586249244	Kocak	permutation	
3508.0	-0.11774303869934588	Kocak	permutation	
3509.0	-0.1250552356379857	Kocak	permutation	
3510.0	-0.19316673414135943	Kocak	permutation	
3511.0	0.11986092445062901	Kocak	permutation	
3512.0	-0.09711190907192746	Kocak	permutation	
3513.0	-0.12016244894976236	Kocak	permutation	
3514.0	-0.10812869722737162	Kocak	permutation	
3515.0	-0.06736185541535988	Kocak	permutation	
3516.0	0.005141670724518654	Kocak	permutation	
3517.0	-0.1195643112137077	Kocak	permutation	
3518.0	0.11874387284588739	Kocak	permutation	
3519.0	-0.11970292149476602	Kocak	permutation	
3520.0	-0.19763592629118554	Kocak	permutation	
3521.0	-0.033489373527979094	Kocak	permutation	
3522.0	-0.029013071612026486	Kocak	permutation	
3523.0	-0.010044658224000802	Kocak	permutation	
3524.0	-0.058009648138006575	Kocak	permutation	
3525.0	-0.01926582543008415	Kocak	permutation	
3526.0	0.06048447173294491	Kocak	permutation	
3527.0	-0.026752873535202504	Kocak	permutation	
3528.0	0.027709317312237136	Kocak	permutation	
3529.0	-0.07569639244752135	Kocak	permutation	
3530.0	-0.10043166126187852	Kocak	permutation	
3531.0	-0.20452287244212597	Kocak	permutation	
3532.0	-0.0810768498140968	Kocak	permutation	
3533.0	0.048894754546784824	Kocak	permutation	
3534.0	-0.09305020562049338	Kocak	permutation	
3535.0	-0.14223661140279553	Kocak	permutation	
3536.0	0.10970795620443008	Kocak	permutation	
3537.0	0.02250769651903628	Kocak	permutation	
3538.0	-0.09341051976312631	Kocak	permutation	
3539.0	0.11964245609033641	Kocak	permutation	
3540.0	-0.054441627682269456	Kocak	permutation	
3541.0	-0.049216474018530576	Kocak	permutation	
3542.0	0.05105801111659014	Kocak	permutation	
3543.0	0.042707215948447175	Kocak	permutation	
3544.0	0.05429290525658148	Kocak	permutation	
3545.0	-0.05945103539020735	Kocak	permutation	
3546.0	0.029624538978767934	Kocak	permutation	
3547.0	-0.023587829873502386	Kocak	permutation	
3548.0	-0.047546257574702544	Kocak	permutation	
3549.0	0.012230308009584245	Kocak	permutation	
3550.0	-0.09058066776242235	Kocak	permutation	
3551.0	-0.17700954922244616	Kocak	permutation	
3552.0	-0.01276005489343035	Kocak	permutation	
3553.0	-0.14991264743895094	Kocak	permutation	
3554.0	-0.06553182525379864	Kocak	permutation	
3555.0	0.03585110421591642	Kocak	permutation	
3556.0	0.12805433042604486	Kocak	permutation	
3557.0	0.21939877073667402	Kocak	permutation	
3558.0	-0.052708566471410645	Kocak	permutation	
3559.0	-0.06777861767755988	Kocak	permutation	
3560.0	0.12895607325206404	Kocak	permutation	
3561.0	-0.03773458436345267	Kocak	permutation	
3562.0	-0.13944788286580456	Kocak	permutation	
3563.0	0.09366442333538005	Kocak	permutation	
3564.0	-0.1107003929614816	Kocak	permutation	
3565.0	-0.11573788711026634	Kocak	permutation	
3566.0	0.10663310644320356	Kocak	permutation	
3567.0	-0.07494643718086103	Kocak	permutation	
3568.0	-0.0034068548208385785	Kocak	permutation	
3569.0	0.011325798472921367	Kocak	permutation	
3570.0	-0.009030754944126862	Kocak	permutation	
3571.0	-0.19006968338029084	Kocak	permutation	
3572.0	0.14379343893192376	Kocak	permutation	
3573.0	-0.09644049548438938	Kocak	permutation	
3574.0	0.06919887175519746	Kocak	permutation	
3575.0	-0.041607636195545084	Kocak	permutation	
3576.0	0.06233116391583993	Kocak	permutation	
3577.0	-0.06398616088124687	Kocak	permutation	
3578.0	-0.11063879702197399	Kocak	permutation	
3579.0	-0.18891262521158803	Kocak	permutation	
3580.0	-0.06175705343370641	Kocak	permutation	
3581.0	-0.13011950332125233	Kocak	permutation	
3582.0	-0.039333694512491135	Kocak	permutation	
3583.0	-0.1367079959744042	Kocak	permutation	
3584.0	-0.0037537320331662016	Kocak	permutation	
3585.0	-0.08619201253186537	Kocak	permutation	
3586.0	-0.05768955992049074	Kocak	permutation	
3587.0	0.007904416292827232	Kocak	permutation	
3588.0	-0.0849505943502149	Kocak	permutation	
3589.0	-0.07397743721144368	Kocak	permutation	
3590.0	-0.20063135974846968	Kocak	permutation	
3591.0	-0.13109783560986088	Kocak	permutation	
3592.0	0.03174774586115925	Kocak	permutation	
3593.0	0.21429959850494917	Kocak	permutation	
3594.0	0.07857686435752465	Kocak	permutation	
3595.0	-0.13290089982876685	Kocak	permutation	
3596.0	-0.06333519834630197	Kocak	permutation	
3597.0	-0.1312698890510413	Kocak	permutation	
3598.0	0.045298097966918416	Kocak	permutation	
3599.0	0.03264283923855249	Kocak	permutation	
3600.0	0.07049368994610683	Kocak	permutation	
3601.0	0.0161619075939039	Kocak	permutation	
3602.0	-0.10818309125948344	Kocak	permutation	
3603.0	-0.07001283603430819	Kocak	permutation	
3604.0	0.07746517717336054	Kocak	permutation	
3605.0	-0.018863646515626886	Kocak	permutation	
3606.0	0.021277820663049063	Kocak	permutation	
3607.0	-0.09905162517000043	Kocak	permutation	
3608.0	-0.046873052424929895	Kocak	permutation	
3609.0	-0.14103997199585683	Kocak	permutation	
3610.0	-0.17616053086297523	Kocak	permutation	
3611.0	-0.0034968770297396645	Kocak	permutation	
3612.0	0.18010490944806623	Kocak	permutation	
3613.0	-0.015330388628643998	Kocak	permutation	
3614.0	0.20480612799514297	Kocak	permutation	
3615.0	0.11712449104537681	Kocak	permutation	
3616.0	-0.03859499304928171	Kocak	permutation	
3617.0	0.04211420536763333	Kocak	permutation	
3618.0	-0.017445284157432184	Kocak	permutation	
3619.0	0.13474912672375705	Kocak	permutation	
3620.0	-0.0433339104831818	Kocak	permutation	
3621.0	0.07504121057467383	Kocak	permutation	
3622.0	-0.041370879054864584	Kocak	permutation	
3623.0	0.01779109280386093	Kocak	permutation	
3624.0	0.16452494259238293	Kocak	permutation	
3625.0	-0.13017278585687553	Kocak	permutation	
3626.0	0.12754876894739153	Kocak	permutation	
3627.0	0.13124729022009118	Kocak	permutation	
3628.0	0.04254441793839758	Kocak	permutation	
3629.0	0.06523272893311871	Kocak	permutation	
3630.0	-0.0027336279675100883	Kocak	permutation	
3631.0	-0.10754346498795408	Kocak	permutation	
3632.0	-0.0658143313117745	Kocak	permutation	
3633.0	0.07972152838644986	Kocak	permutation	
3634.0	0.03821430550487159	Kocak	permutation	
3635.0	-0.08438746086112792	Kocak	permutation	
3636.0	0.0407013196366135	Kocak	permutation	
3637.0	-0.014601876942882175	Kocak	permutation	
3638.0	-0.06023273648848271	Kocak	permutation	
3639.0	-0.03568015161950333	Kocak	permutation	
3640.0	0.07308513765705982	Kocak	permutation	
3641.0	-0.059245576537832356	Kocak	permutation	
3642.0	-0.0028106036412296476	Kocak	permutation	
3643.0	-0.19246488939759931	Kocak	permutation	
3644.0	0.07541575878545892	Kocak	permutation	
3645.0	-0.14119207043440873	Kocak	permutation	
3646.0	-0.09167739836681621	Kocak	permutation	
3647.0	0.0412189671957468	Kocak	permutation	
3648.0	-0.06648821857488052	Kocak	permutation	
3649.0	0.045944727028162546	Kocak	permutation	
3650.0	-0.07940179034586725	Kocak	permutation	
3651.0	-0.09842275730411432	Kocak	permutation	
3652.0	0.0021768724835542486	Kocak	permutation	
3653.0	0.17929132245000545	Kocak	permutation	
3654.0	0.110238873409235	Kocak	permutation	
3655.0	-0.021871015344041123	Kocak	permutation	
3656.0	-0.055962083417293584	Kocak	permutation	
3657.0	-0.07843158333480194	Kocak	permutation	
3658.0	-0.049937329924801155	Kocak	permutation	
3659.0	0.0982171868270787	Kocak	permutation	
3660.0	0.06859792865637981	Kocak	permutation	
3661.0	-0.03116152960704488	Kocak	permutation	
3662.0	-0.0010882669711631543	Kocak	permutation	
3663.0	-0.026955096773810805	Kocak	permutation	
3664.0	0.004335057626162264	Kocak	permutation	
3665.0	0.10790726780959048	Kocak	permutation	
3666.0	0.020342431884420975	Kocak	permutation	
3667.0	-0.16981067845040032	Kocak	permutation	
3668.0	-0.0733521897523235	Kocak	permutation	
3669.0	-0.049449849572732685	Kocak	permutation	
3670.0	-0.050703586210565366	Kocak	permutation	
3671.0	-0.1543104783179876	Kocak	permutation	
3672.0	0.015392637567964496	Kocak	permutation	
3673.0	-0.10316798148262718	Kocak	permutation	
3674.0	0.07174563576749726	Kocak	permutation	
3675.0	-0.023999086381906398	Kocak	permutation	
3676.0	-0.08894105585430623	Kocak	permutation	
3677.0	-0.06198763034671195	Kocak	permutation	
3678.0	0.11132029758378081	Kocak	permutation	
3679.0	-0.06368467423056723	Kocak	permutation	
3680.0	-0.03679100937082369	Kocak	permutation	
3681.0	-0.07715788289295933	Kocak	permutation	
3682.0	0.06185241368060135	Kocak	permutation	
3683.0	-0.13344019267530216	Kocak	permutation	
3684.0	0.126367390503217	Kocak	permutation	
3685.0	-0.11510850852775611	Kocak	permutation	
3686.0	0.14071169970244624	Kocak	permutation	
3687.0	-0.12335144874278603	Kocak	permutation	
3688.0	0.0740843842580321	Kocak	permutation	
3689.0	-0.16413433738808791	Kocak	permutation	
3690.0	-0.12264762546374053	Kocak	permutation	
3691.0	-0.06501503280749121	Kocak	permutation	
3692.0	0.07498704772425446	Kocak	permutation	
3693.0	0.14597400479774336	Kocak	permutation	
3694.0	-0.061759034346462904	Kocak	permutation	
3695.0	-0.02517910402036705	Kocak	permutation	
3696.0	-0.14948545287078518	Kocak	permutation	
3697.0	-0.07357611661580776	Kocak	permutation	
3698.0	0.10191430779824229	Kocak	permutation	
3699.0	0.058146079418400554	Kocak	permutation	
3700.0	0.03244893922195313	Kocak	permutation	
3701.0	0.06699970531831889	Kocak	permutation	
3702.0	-0.0245291606206548	Kocak	permutation	
3703.0	0.011253988051558306	Kocak	permutation	
3704.0	0.10918345238030192	Kocak	permutation	
3705.0	-0.0244423290130662	Kocak	permutation	
3706.0	0.028860933663612087	Kocak	permutation	
3707.0	-0.010355578019964451	Kocak	permutation	
3708.0	0.07109520313886364	Kocak	permutation	
3709.0	0.10138183485745511	Kocak	permutation	
3710.0	0.036572846277836746	Kocak	permutation	
3711.0	0.008556941514942462	Kocak	permutation	
3712.0	-0.14862132486972923	Kocak	permutation	
3713.0	0.027464307808655164	Kocak	permutation	
3714.0	0.0023283974827315035	Kocak	permutation	
3715.0	-0.07002545921251269	Kocak	permutation	
3716.0	0.011875873493010669	Kocak	permutation	
3717.0	-0.0061192373119105525	Kocak	permutation	
3718.0	-0.023462214551781546	Kocak	permutation	
3719.0	-0.030819656202471624	Kocak	permutation	
3720.0	-0.08847325883551571	Kocak	permutation	
3721.0	-0.030413647731560634	Kocak	permutation	
3722.0	-0.0501967575171709	Kocak	permutation	
3723.0	-0.12125332265759337	Kocak	permutation	
3724.0	-0.025287980582197722	Kocak	permutation	
3725.0	-0.1249054957312663	Kocak	permutation	
3726.0	0.22388185089381896	Kocak	permutation	
3727.0	-0.07737680964358917	Kocak	permutation	
3728.0	-0.04541487069617123	Kocak	permutation	
3729.0	0.18716322186337564	Kocak	permutation	
3730.0	0.02936580255698873	Kocak	permutation	
3731.0	-0.10630909427067836	Kocak	permutation	
3732.0	-0.012770840593908872	Kocak	permutation	
3733.0	-0.0559694882858115	Kocak	permutation	
3734.0	-0.030933867993712116	Kocak	permutation	
3735.0	-0.04747754490978373	Kocak	permutation	
3736.0	-0.003227270764121215	Kocak	permutation	
3737.0	0.017904745891854645	Kocak	permutation	
3738.0	0.020681723879282465	Kocak	permutation	
3739.0	-0.01135605891914615	Kocak	permutation	
3740.0	0.09931616503809737	Kocak	permutation	
3741.0	0.10444742645625071	Kocak	permutation	
3742.0	0.03541954847426565	Kocak	permutation	
3743.0	-0.038127060073368746	Kocak	permutation	
3744.0	0.08628572027543502	Kocak	permutation	
3745.0	0.049891173721740234	Kocak	permutation	
3746.0	-0.09113472762447472	Kocak	permutation	
3747.0	-0.0187504658688602	Kocak	permutation	
3748.0	0.1324454562674524	Kocak	permutation	
3749.0	0.09178455205550007	Kocak	permutation	
3750.0	0.02562229309117825	Kocak	permutation	
3751.0	-0.012955531010542476	Kocak	permutation	
3752.0	-0.054041247674089465	Kocak	permutation	
3753.0	0.05867087384250702	Kocak	permutation	
3754.0	-0.18759829350166912	Kocak	permutation	
3755.0	0.08172021645110972	Kocak	permutation	
3756.0	-0.0072636023013914475	Kocak	permutation	
3757.0	-0.11595461647243255	Kocak	permutation	
3758.0	-0.032847564941405505	Kocak	permutation	
3759.0	0.13561202794674143	Kocak	permutation	
3760.0	-0.031175657001781154	Kocak	permutation	
3761.0	-0.11330648979689117	Kocak	permutation	
3762.0	0.19076249433310943	Kocak	permutation	
3763.0	-0.07017976046743302	Kocak	permutation	
3764.0	-0.1281614102634765	Kocak	permutation	
3765.0	0.04965822396475028	Kocak	permutation	
3766.0	0.09858091530853885	Kocak	permutation	
3767.0	0.1492401761611073	Kocak	permutation	
3768.0	-0.048814073107648515	Kocak	permutation	
3769.0	0.089444305250582	Kocak	permutation	
3770.0	-0.042366078471041124	Kocak	permutation	
3771.0	0.010550423929052144	Kocak	permutation	
3772.0	-0.031258066545143404	Kocak	permutation	
3773.0	-0.13374831367238071	Kocak	permutation	
3774.0	-0.016900064931869796	Kocak	permutation	
3775.0	0.14154712717581175	Kocak	permutation	
3776.0	0.1471491199802668	Kocak	permutation	
3777.0	0.038522642974309296	Kocak	permutation	
3778.0	-0.055056648614975945	Kocak	permutation	
3779.0	0.2468139385000967	Kocak	permutation	
3780.0	0.16440063144372896	Kocak	permutation	
3781.0	-0.008398890408091386	Kocak	permutation	
3782.0	0.01974841473227551	Kocak	permutation	
3783.0	0.12309940051806434	Kocak	permutation	
3784.0	0.027795208696342666	Kocak	permutation	
3785.0	-0.04731767720015867	Kocak	permutation	
3786.0	0.041171057788531584	Kocak	permutation	
3787.0	0.11066399355949308	Kocak	permutation	
3788.0	0.03159535033459138	Kocak	permutation	
3789.0	-0.13448488774580092	Kocak	permutation	
3790.0	0.009555713452910286	Kocak	permutation	
3791.0	0.01638494014933123	Kocak	permutation	
3792.0	-0.0348605926264125	Kocak	permutation	
3793.0	0.16469667215397	Kocak	permutation	
3794.0	-0.10124849831524507	Kocak	permutation	
3795.0	-0.0636642449337006	Kocak	permutation	
3796.0	0.03756973907001049	Kocak	permutation	
3797.0	0.040464403977106045	Kocak	permutation	
3798.0	-0.14012470021603285	Kocak	permutation	
3799.0	-0.0890298753965948	Kocak	permutation	
3800.0	0.0725647194942236	Kocak	permutation	
3801.0	-0.0035957146176146537	Kocak	permutation	
3802.0	0.001204719335209159	Kocak	permutation	
3803.0	-0.11287892453492132	Kocak	permutation	
3804.0	-0.05863974118430315	Kocak	permutation	
3805.0	0.008555177897251465	Kocak	permutation	
3806.0	-0.1009201035615721	Kocak	permutation	
3807.0	0.0022956001909744117	Kocak	permutation	
3808.0	-0.09693565400036652	Kocak	permutation	
3809.0	-0.15541947163227166	Kocak	permutation	
3810.0	-0.0808252758279675	Kocak	permutation	
3811.0	0.1629701621167583	Kocak	permutation	
3812.0	-0.08301679388417682	Kocak	permutation	
3813.0	0.14707660672090128	Kocak	permutation	
3814.0	0.03475647818995675	Kocak	permutation	
3815.0	0.07448279047997852	Kocak	permutation	
3816.0	-0.12120811936464593	Kocak	permutation	
3817.0	0.05375635466183004	Kocak	permutation	
3818.0	-0.12157468126629967	Kocak	permutation	
3819.0	-0.029609791863946633	Kocak	permutation	
3820.0	-0.18970202512710177	Kocak	permutation	
3821.0	0.06506185817822319	Kocak	permutation	
3822.0	0.026954921871230386	Kocak	permutation	
3823.0	0.039595542343062284	Kocak	permutation	
3824.0	-0.11069950331258438	Kocak	permutation	
3825.0	-0.05790102504680572	Kocak	permutation	
3826.0	0.05408649045871616	Kocak	permutation	
3827.0	0.16194695041374008	Kocak	permutation	
3828.0	-0.07240547046673074	Kocak	permutation	
3829.0	-0.08939383000046464	Kocak	permutation	
3830.0	0.09439891827940272	Kocak	permutation	
3831.0	0.02347452167751296	Kocak	permutation	
3832.0	0.1262168974223301	Kocak	permutation	
3833.0	-0.15885234390913494	Kocak	permutation	
3834.0	-0.142837289021994	Kocak	permutation	
3835.0	0.05823285738595407	Kocak	permutation	
3836.0	-0.0610458254313464	Kocak	permutation	
3837.0	0.04229188907701209	Kocak	permutation	
3838.0	-0.1037132040929647	Kocak	permutation	
3839.0	-0.1492282243098968	Kocak	permutation	
3840.0	0.13074204837551262	Kocak	permutation	
3841.0	-0.12657976017066597	Kocak	permutation	
3842.0	0.012826520039181055	Kocak	permutation	
3843.0	-0.1388051378456825	Kocak	permutation	
3844.0	-0.292022165526582	Kocak	permutation	
3845.0	-0.0013578788081805016	Kocak	permutation	
3846.0	-0.05237183385851729	Kocak	permutation	
3847.0	0.07679952229900788	Kocak	permutation	
3848.0	0.004654726704278911	Kocak	permutation	
3849.0	0.004030132166205291	Kocak	permutation	
3850.0	0.16513518012614758	Kocak	permutation	
3851.0	-0.06794124211633878	Kocak	permutation	
3852.0	0.051609133483076164	Kocak	permutation	
3853.0	-0.1348374669878183	Kocak	permutation	
3854.0	0.015584673947165673	Kocak	permutation	
3855.0	0.022417247166913956	Kocak	permutation	
3856.0	0.014623907544475845	Kocak	permutation	
3857.0	-0.0044205572381827984	Kocak	permutation	
3858.0	0.11967884616652658	Kocak	permutation	
3859.0	0.09851049284414914	Kocak	permutation	
3860.0	-0.04575724869654341	Kocak	permutation	
3861.0	0.12993939826354461	Kocak	permutation	
3862.0	0.028628333858368382	Kocak	permutation	
3863.0	0.15809373330742993	Kocak	permutation	
3864.0	-0.04945843298807784	Kocak	permutation	
3865.0	0.1052039503358233	Kocak	permutation	
3866.0	-0.09211392519144024	Kocak	permutation	
3867.0	-0.06795800965978804	Kocak	permutation	
3868.0	-0.05943820263833155	Kocak	permutation	
3869.0	-0.04971690265859774	Kocak	permutation	
3870.0	0.06096530200593975	Kocak	permutation	
3871.0	-0.015858430253208322	Kocak	permutation	
3872.0	-0.029085731953013116	Kocak	permutation	
3873.0	-0.011083158963352435	Kocak	permutation	
3874.0	0.09856951923233215	Kocak	permutation	
3875.0	-0.23607005848865992	Kocak	permutation	
3876.0	-0.03346317431789947	Kocak	permutation	
3877.0	0.02355468536101979	Kocak	permutation	
3878.0	0.058559300260423	Kocak	permutation	
3879.0	0.09734931001010194	Kocak	permutation	
3880.0	0.02276579693396874	Kocak	permutation	
3881.0	-0.0925139738761609	Kocak	permutation	
3882.0	0.06448598561128627	Kocak	permutation	
3883.0	-0.07230056823493891	Kocak	permutation	
3884.0	-0.028848794357650753	Kocak	permutation	
3885.0	-0.11357027691984367	Kocak	permutation	
3886.0	0.207871328430413	Kocak	permutation	
3887.0	-0.02367719185465811	Kocak	permutation	
3888.0	0.16962543041590594	Kocak	permutation	
3889.0	-0.13272238104615264	Kocak	permutation	
3890.0	0.19886532993964234	Kocak	permutation	
3891.0	-0.0996385279860017	Kocak	permutation	
3892.0	-0.1449580417410279	Kocak	permutation	
3893.0	-0.05889977762480525	Kocak	permutation	
3894.0	-0.20680179202471516	Kocak	permutation	
3895.0	0.09486103145469604	Kocak	permutation	
3896.0	-0.18063228605591597	Kocak	permutation	
3897.0	0.11098542848702841	Kocak	permutation	
3898.0	0.19752421128356135	Kocak	permutation	
3899.0	0.11728543564334126	Kocak	permutation	
3900.0	-0.03959902594550835	Kocak	permutation	
3901.0	-0.03849323256093662	Kocak	permutation	
3902.0	-0.0642217087432102	Kocak	permutation	
3903.0	0.0986883958591136	Kocak	permutation	
3904.0	-0.03946318711967445	Kocak	permutation	
3905.0	0.02490011427792682	Kocak	permutation	
3906.0	0.0598009611264847	Kocak	permutation	
3907.0	0.041910618225598384	Kocak	permutation	
3908.0	-0.06552764066582917	Kocak	permutation	
3909.0	0.01671334276736891	Kocak	permutation	
3910.0	0.08488674570336308	Kocak	permutation	
3911.0	-0.08199978235717209	Kocak	permutation	
3912.0	-0.024931002712839323	Kocak	permutation	
3913.0	0.12190741546890616	Kocak	permutation	
3914.0	-0.030657231873763013	Kocak	permutation	
3915.0	0.04151717837013891	Kocak	permutation	
3916.0	-0.07594140702010899	Kocak	permutation	
3917.0	0.024312105462616085	Kocak	permutation	
3918.0	0.1605112004738145	Kocak	permutation	
3919.0	-0.027150237569501634	Kocak	permutation	
3920.0	0.010343264750493741	Kocak	permutation	
3921.0	0.057935009192708886	Kocak	permutation	
3922.0	-0.004857899823888623	Kocak	permutation	
3923.0	0.07450177799492463	Kocak	permutation	
3924.0	-0.11445727672826944	Kocak	permutation	
3925.0	-0.03745616021233866	Kocak	permutation	
3926.0	0.03112665728200259	Kocak	permutation	
3927.0	0.018224926312589762	Kocak	permutation	
3928.0	0.006366149282483136	Kocak	permutation	
3929.0	0.053021818653638864	Kocak	permutation	
3930.0	-0.02047633548033012	Kocak	permutation	
3931.0	0.023141662054352086	Kocak	permutation	
3932.0	-0.0760479693836249	Kocak	permutation	
3933.0	0.07744327794837158	Kocak	permutation	
3934.0	-0.10337327505666094	Kocak	permutation	
3935.0	0.11000496680490057	Kocak	permutation	
3936.0	-0.00881140145799808	Kocak	permutation	
3937.0	-0.12536266782624406	Kocak	permutation	
3938.0	-0.10810487190344942	Kocak	permutation	
3939.0	0.19715540175629132	Kocak	permutation	
3940.0	0.13148893927662453	Kocak	permutation	
3941.0	-0.04142235682054762	Kocak	permutation	
3942.0	-0.08998265440998976	Kocak	permutation	
3943.0	-0.16759191002951557	Kocak	permutation	
3944.0	0.061145858950462095	Kocak	permutation	
3945.0	0.028077724117919978	Kocak	permutation	
3946.0	-0.0037031184340414747	Kocak	permutation	
3947.0	0.17370669626049473	Kocak	permutation	
3948.0	-0.160851817268981	Kocak	permutation	
3949.0	-0.11596413208666778	Kocak	permutation	
3950.0	-0.020428211608326308	Kocak	permutation	
3951.0	-0.061974628898950446	Kocak	permutation	
3952.0	-0.14107570751455167	Kocak	permutation	
3953.0	-0.02750318187577694	Kocak	permutation	
3954.0	0.025126310233401394	Kocak	permutation	
3955.0	0.03148693938141811	Kocak	permutation	
3956.0	-0.07282119544769605	Kocak	permutation	
3957.0	0.0929620819690844	Kocak	permutation	
3958.0	0.08048149296027018	Kocak	permutation	
3959.0	-0.10558390517031935	Kocak	permutation	
3960.0	-0.17016785139580293	Kocak	permutation	
3961.0	-0.019548527734457366	Kocak	permutation	
3962.0	-0.0764049456748177	Kocak	permutation	
3963.0	-0.12569790285939364	Kocak	permutation	
3964.0	0.12516947524165456	Kocak	permutation	
3965.0	0.22272695592842418	Kocak	permutation	
3966.0	0.1642660167727099	Kocak	permutation	
3967.0	-0.07526686634246227	Kocak	permutation	
3968.0	0.0800029072656141	Kocak	permutation	
3969.0	0.0310101237017526	Kocak	permutation	
3970.0	-0.03558214897762779	Kocak	permutation	
3971.0	0.03153913666001262	Kocak	permutation	
3972.0	-0.09441136653385174	Kocak	permutation	
3973.0	0.09860240552923338	Kocak	permutation	
3974.0	-0.010576245206348478	Kocak	permutation	
3975.0	0.015731246296769807	Kocak	permutation	
3976.0	0.17233167329119592	Kocak	permutation	
3977.0	-0.08693686090616648	Kocak	permutation	
3978.0	0.01593796489298338	Kocak	permutation	
3979.0	0.1085184042921079	Kocak	permutation	
3980.0	-0.04867455317923497	Kocak	permutation	
3981.0	-0.19006765450998486	Kocak	permutation	
3982.0	-0.1349179673740446	Kocak	permutation	
3983.0	-0.04002522129606234	Kocak	permutation	
3984.0	-0.14325933992186446	Kocak	permutation	
3985.0	0.00388993114850944	Kocak	permutation	
3986.0	0.01575177037571196	Kocak	permutation	
3987.0	0.0373236623283395	Kocak	permutation	
3988.0	-0.08759624882495931	Kocak	permutation	
3989.0	0.0692927265880372	Kocak	permutation	
3990.0	-0.08483539400864037	Kocak	permutation	
3991.0	-0.06712332104927876	Kocak	permutation	
3992.0	0.03861758760170719	Kocak	permutation	
3993.0	0.1585210962189776	Kocak	permutation	
3994.0	0.2367294196335723	Kocak	permutation	
3995.0	-0.07578664947540359	Kocak	permutation	
3996.0	0.02544097458498973	Kocak	permutation	
3997.0	-0.14937515702359994	Kocak	permutation	
3998.0	-0.07529678246044824	Kocak	permutation	
3999.0	0.10547169380688004	Kocak	permutation	
4000.0	-0.10331486028807602	Kocak	permutation	
4001.0	0.14792901634424238	Kocak	permutation	
4002.0	-0.037971973680371196	Kocak	permutation	
4003.0	0.07318645379452615	Kocak	permutation	
4004.0	-0.0017829854646764787	Kocak	permutation	
4005.0	0.0221292317259989	Kocak	permutation	
4006.0	0.11756090468934666	Kocak	permutation	
4007.0	0.053484652609235184	Kocak	permutation	
4008.0	-0.000385202909590987	Kocak	permutation	
4009.0	-0.11064334111058294	Kocak	permutation	
4010.0	-0.02915612390225375	Kocak	permutation	
4011.0	-0.08346636103207361	Kocak	permutation	
4012.0	-0.10783270595907402	Kocak	permutation	
4013.0	-0.0659773989390735	Kocak	permutation	
4014.0	-0.001474025293462411	Kocak	permutation	
4015.0	0.10552963304889174	Kocak	permutation	
4016.0	-0.12272323218916137	Kocak	permutation	
4017.0	-0.24782246211657855	Kocak	permutation	
4018.0	-0.02657427816766278	Kocak	permutation	
4019.0	-0.0157960914025157	Kocak	permutation	
4020.0	0.039673378717818064	Kocak	permutation	
4021.0	-0.01511293050370055	Kocak	permutation	
4022.0	0.0645531008710103	Kocak	permutation	
4023.0	-0.0118368934945563	Kocak	permutation	
4024.0	0.028468635067325998	Kocak	permutation	
4025.0	-0.2687139079911658	Kocak	permutation	
4026.0	-0.10117515830344281	Kocak	permutation	
4027.0	0.015040880150863689	Kocak	permutation	
4028.0	0.021381564713140122	Kocak	permutation	
4029.0	0.04241678690769968	Kocak	permutation	
4030.0	-0.16724537184302246	Kocak	permutation	
4031.0	0.044089897945508216	Kocak	permutation	
4032.0	0.0015378920694946174	Kocak	permutation	
4033.0	-0.106566300822303	Kocak	permutation	
4034.0	-0.08752281578267151	Kocak	permutation	
4035.0	-0.032899684647945016	Kocak	permutation	
4036.0	0.09296349134685178	Kocak	permutation	
4037.0	0.1007983282976852	Kocak	permutation	
4038.0	0.08776681812364728	Kocak	permutation	
4039.0	-0.025180710382616933	Kocak	permutation	
4040.0	0.00033273290008128953	Kocak	permutation	
4041.0	-0.11729692969770067	Kocak	permutation	
4042.0	-0.06882613111141511	Kocak	permutation	
4043.0	-0.013409142152302156	Kocak	permutation	
4044.0	-0.05545347339714457	Kocak	permutation	
4045.0	0.08197705525685528	Kocak	permutation	
4046.0	-0.05500179391951976	Kocak	permutation	
4047.0	-0.043455599825283464	Kocak	permutation	
4048.0	0.021050219232961354	Kocak	permutation	
4049.0	-0.002461472432754519	Kocak	permutation	
4050.0	-0.11335030117369538	Kocak	permutation	
4051.0	-0.04771858382609517	Kocak	permutation	
4052.0	-0.021973311870158607	Kocak	permutation	
4053.0	0.001822586314275565	Kocak	permutation	
4054.0	-0.12373763864871057	Kocak	permutation	
4055.0	0.21431388467690793	Kocak	permutation	
4056.0	-0.12680452559485866	Kocak	permutation	
4057.0	-0.1440884818501642	Kocak	permutation	
4058.0	0.11741194382606324	Kocak	permutation	
4059.0	0.10971355831826601	Kocak	permutation	
4060.0	-0.101051822732384	Kocak	permutation	
4061.0	0.09143921894326867	Kocak	permutation	
4062.0	0.013521761203792781	Kocak	permutation	
4063.0	0.04597576481230892	Kocak	permutation	
4064.0	-0.01913461305862496	Kocak	permutation	
4065.0	0.17402259280525145	Kocak	permutation	
4066.0	-0.0866422212797211	Kocak	permutation	
4067.0	0.09773720679677922	Kocak	permutation	
4068.0	-0.007489781081464919	Kocak	permutation	
4069.0	0.08666343264733767	Kocak	permutation	
4070.0	-0.08443744726420599	Kocak	permutation	
4071.0	-0.08986854968255242	Kocak	permutation	
4072.0	-0.05365418337558525	Kocak	permutation	
4073.0	0.034974472347065966	Kocak	permutation	
4074.0	-0.08437635852741376	Kocak	permutation	
4075.0	0.009405012780955513	Kocak	permutation	
4076.0	0.05107561640623004	Kocak	permutation	
4077.0	0.00510507058003995	Kocak	permutation	
4078.0	0.04117926911592118	Kocak	permutation	
4079.0	-0.010420197701203282	Kocak	permutation	
4080.0	0.0746341381967075	Kocak	permutation	
4081.0	-0.011883608574948301	Kocak	permutation	
4082.0	0.021323650495440827	Kocak	permutation	
4083.0	-0.034633805392029426	Kocak	permutation	
4084.0	-0.015066919564876713	Kocak	permutation	
4085.0	-0.008815029792264006	Kocak	permutation	
4086.0	0.14175785005368713	Kocak	permutation	
4087.0	0.00657867271381285	Kocak	permutation	
4088.0	-0.033398406440005246	Kocak	permutation	
4089.0	-0.11111044197694264	Kocak	permutation	
4090.0	0.032026194096491434	Kocak	permutation	
4091.0	0.013471587136265839	Kocak	permutation	
4092.0	-0.11159959408561582	Kocak	permutation	
4093.0	-0.043583697104365715	Kocak	permutation	
4094.0	0.002479213011942427	Kocak	permutation	
4095.0	0.09878942813886793	Kocak	permutation	
4096.0	-0.09286297253002207	Kocak	permutation	
4097.0	-0.09500036005291879	Kocak	permutation	
4098.0	0.06402668895564556	Kocak	permutation	
4099.0	0.06741632625430993	Kocak	permutation	
4100.0	0.0753196722469478	Kocak	permutation	
4101.0	-0.10235090668729674	Kocak	permutation	
4102.0	0.21569324543608825	Kocak	permutation	
4103.0	-0.03474307374003471	Kocak	permutation	
4104.0	-0.06326472075000522	Kocak	permutation	
4105.0	0.1020898715143419	Kocak	permutation	
4106.0	-0.07066852082325958	Kocak	permutation	
4107.0	0.11181836210404317	Kocak	permutation	
4108.0	0.08118900583403743	Kocak	permutation	
4109.0	0.005251780942975959	Kocak	permutation	
4110.0	0.07019171864541818	Kocak	permutation	
4111.0	0.007484363236912817	Kocak	permutation	
4112.0	0.07005276847786979	Kocak	permutation	
4113.0	-0.026717363547815065	Kocak	permutation	
4114.0	-0.09597363669889392	Kocak	permutation	
4115.0	-0.08362807721073029	Kocak	permutation	
4116.0	0.0437501894917367	Kocak	permutation	
4117.0	0.13640501054208087	Kocak	permutation	
4118.0	0.011679592607694467	Kocak	permutation	
4119.0	-0.06842231515183039	Kocak	permutation	
4120.0	0.007839281580032775	Kocak	permutation	
4121.0	0.1515461207737112	Kocak	permutation	
4122.0	0.0431666017825707	Kocak	permutation	
4123.0	0.05852509381844717	Kocak	permutation	
4124.0	-0.0077817796255628124	Kocak	permutation	
4125.0	0.016057943941542696	Kocak	permutation	
4126.0	-0.06066413927150016	Kocak	permutation	
4127.0	-0.21162582282873377	Kocak	permutation	
4128.0	-0.04540353916419981	Kocak	permutation	
4129.0	0.05738150919707241	Kocak	permutation	
4130.0	-0.015223242717402385	Kocak	permutation	
4131.0	-0.10491387518174866	Kocak	permutation	
4132.0	-0.163296552563156	Kocak	permutation	
4133.0	-0.03410339954133468	Kocak	permutation	
4134.0	-0.15933835893962067	Kocak	permutation	
4135.0	0.13963480499079362	Kocak	permutation	
4136.0	-0.03452592317078462	Kocak	permutation	
4137.0	-0.007382793609141736	Kocak	permutation	
4138.0	-0.14358228308487453	Kocak	permutation	
4139.0	-0.12165420550753625	Kocak	permutation	
4140.0	-0.07088059786525225	Kocak	permutation	
4141.0	-0.1692560519163533	Kocak	permutation	
4142.0	0.027218912099380876	Kocak	permutation	
4143.0	-0.0095055654903069	Kocak	permutation	
4144.0	0.0068202335122871105	Kocak	permutation	
4145.0	-0.08648924476121067	Kocak	permutation	
4146.0	-0.0838022757028889	Kocak	permutation	
4147.0	-0.003195977835742436	Kocak	permutation	
4148.0	0.0671181289270848	Kocak	permutation	
4149.0	-0.094475990484991	Kocak	permutation	
4150.0	0.07333030949877406	Kocak	permutation	
4151.0	0.016854686831739407	Kocak	permutation	
4152.0	-0.169432209492002	Kocak	permutation	
4153.0	-0.07546420256558095	Kocak	permutation	
4154.0	-0.007481307569069173	Kocak	permutation	
4155.0	-0.0066927705089034895	Kocak	permutation	
4156.0	-0.1080984914218801	Kocak	permutation	
4157.0	0.1374529400994895	Kocak	permutation	
4158.0	0.1126864078158838	Kocak	permutation	
4159.0	-0.006176669766292164	Kocak	permutation	
4160.0	-0.09164753187222008	Kocak	permutation	
4161.0	0.03074520638126721	Kocak	permutation	
4162.0	-0.07154091740765978	Kocak	permutation	
4163.0	0.1334287213764478	Kocak	permutation	
4164.0	0.056656311893283906	Kocak	permutation	
4165.0	0.018724442331409463	Kocak	permutation	
4166.0	-0.052089178802084746	Kocak	permutation	
4167.0	0.09385671514212213	Kocak	permutation	
4168.0	-0.11828820731358203	Kocak	permutation	
4169.0	-0.0540408076769201	Kocak	permutation	
4170.0	-0.15323296585687363	Kocak	permutation	
4171.0	-0.08784358540459758	Kocak	permutation	
4172.0	0.08886768262610323	Kocak	permutation	
4173.0	-0.13783206429596406	Kocak	permutation	
4174.0	0.03945859203436841	Kocak	permutation	
4175.0	0.2506279361668069	Kocak	permutation	
4176.0	-0.12786456995662432	Kocak	permutation	
4177.0	-0.17425177692219096	Kocak	permutation	
4178.0	-0.0724571647751282	Kocak	permutation	
4179.0	0.1076087531608878	Kocak	permutation	
4180.0	-0.20971879605201282	Kocak	permutation	
4181.0	-0.12768370620254998	Kocak	permutation	
4182.0	0.05705154669770618	Kocak	permutation	
4183.0	-0.09268662299410213	Kocak	permutation	
4184.0	0.185473515923404	Kocak	permutation	
4185.0	0.025843824286222006	Kocak	permutation	
4186.0	-0.10449020995843483	Kocak	permutation	
4187.0	0.0004080930649501546	Kocak	permutation	
4188.0	-0.21002209541882388	Kocak	permutation	
4189.0	0.07030209012162425	Kocak	permutation	
4190.0	-0.10069274695961505	Kocak	permutation	
4191.0	0.028471645242626575	Kocak	permutation	
4192.0	0.021370737667238515	Kocak	permutation	
4193.0	-0.08488456117430809	Kocak	permutation	
4194.0	0.16650509086995813	Kocak	permutation	
4195.0	0.024209834480148018	Kocak	permutation	
4196.0	0.20630971507537543	Kocak	permutation	
4197.0	0.05306347029426162	Kocak	permutation	
4198.0	-0.08752934704668158	Kocak	permutation	
4199.0	-0.28598838571614005	Kocak	permutation	
4200.0	0.016507110082353282	Kocak	permutation	
4201.0	-0.08406098459496691	Kocak	permutation	
4202.0	-0.04102446865827902	Kocak	permutation	
4203.0	-0.06993333396861834	Kocak	permutation	
4204.0	0.0010398579569570465	Kocak	permutation	
4205.0	0.09426930803545641	Kocak	permutation	
4206.0	-0.06766112737123331	Kocak	permutation	
4207.0	0.1439814336871872	Kocak	permutation	
4208.0	0.038153700203184204	Kocak	permutation	
4209.0	-0.247113094179086	Kocak	permutation	
4210.0	-0.05583939775137381	Kocak	permutation	
4211.0	-0.04982476617416243	Kocak	permutation	
4212.0	0.15887413991379518	Kocak	permutation	
4213.0	0.04149195116528137	Kocak	permutation	
4214.0	0.06554429236581161	Kocak	permutation	
4215.0	0.007818987454072168	Kocak	permutation	
4216.0	0.03181425538261573	Kocak	permutation	
4217.0	-0.04039119143991732	Kocak	permutation	
4218.0	-0.1034863768511447	Kocak	permutation	
4219.0	0.1624451319489708	Kocak	permutation	
4220.0	-0.06569364954132517	Kocak	permutation	
4221.0	-0.08184923959469526	Kocak	permutation	
4222.0	0.1282408617265287	Kocak	permutation	
4223.0	-0.006673574602575005	Kocak	permutation	
4224.0	-0.039908938166542285	Kocak	permutation	
4225.0	0.06259131578260568	Kocak	permutation	
4226.0	0.06533540515240155	Kocak	permutation	
4227.0	0.026347780465830972	Kocak	permutation	
4228.0	0.007602145760907675	Kocak	permutation	
4229.0	0.17276651772722307	Kocak	permutation	
4230.0	0.042536039758433564	Kocak	permutation	
4231.0	-0.05925531686539376	Kocak	permutation	
4232.0	0.0845325257033287	Kocak	permutation	
4233.0	0.09613003459171754	Kocak	permutation	
4234.0	0.008799255492127678	Kocak	permutation	
4235.0	0.08287748169068099	Kocak	permutation	
4236.0	0.10097286573965825	Kocak	permutation	
4237.0	0.05687410337799825	Kocak	permutation	
4238.0	0.1500885893899504	Kocak	permutation	
4239.0	-0.06437564916143801	Kocak	permutation	
4240.0	0.010208561419085882	Kocak	permutation	
4241.0	-0.026070771594691955	Kocak	permutation	
4242.0	0.02001989165762419	Kocak	permutation	
4243.0	0.08029824725180523	Kocak	permutation	
4244.0	-0.00022407492168996512	Kocak	permutation	
4245.0	-0.00734438990222408	Kocak	permutation	
4246.0	-0.11482346208302863	Kocak	permutation	
4247.0	0.033848371010059	Kocak	permutation	
4248.0	-0.05108763303992925	Kocak	permutation	
4249.0	-0.09104841317135337	Kocak	permutation	
4250.0	-0.2434932500834246	Kocak	permutation	
4251.0	-0.0178011204465367	Kocak	permutation	
4252.0	0.20470910471237191	Kocak	permutation	
4253.0	0.16935319223917977	Kocak	permutation	
4254.0	-0.1800908119510254	Kocak	permutation	
4255.0	0.062462503399709934	Kocak	permutation	
4256.0	-0.010520811032622923	Kocak	permutation	
4257.0	-0.11877325284457552	Kocak	permutation	
4258.0	-0.14216019064047858	Kocak	permutation	
4259.0	-0.03561118868147117	Kocak	permutation	
4260.0	-0.0860508574031944	Kocak	permutation	
4261.0	-0.06663669730187527	Kocak	permutation	
4262.0	-0.029431385144950806	Kocak	permutation	
4263.0	0.12139272089899844	Kocak	permutation	
4264.0	0.024700912599323388	Kocak	permutation	
4265.0	-0.07071099367094957	Kocak	permutation	
4266.0	-0.08665216378913998	Kocak	permutation	
4267.0	-0.006992166982473513	Kocak	permutation	
4268.0	-0.087658283469354	Kocak	permutation	
4269.0	-0.13912802491433762	Kocak	permutation	
4270.0	0.1516158727324899	Kocak	permutation	
4271.0	0.10583289280592689	Kocak	permutation	
4272.0	0.059472092230739015	Kocak	permutation	
4273.0	0.026922076106247417	Kocak	permutation	
4274.0	0.07602926221221074	Kocak	permutation	
4275.0	-0.009584795782519251	Kocak	permutation	
4276.0	-0.09686583226522405	Kocak	permutation	
4277.0	-0.011070526666696168	Kocak	permutation	
4278.0	-0.05386030371803763	Kocak	permutation	
4279.0	0.1245870065207737	Kocak	permutation	
4280.0	0.01584514952273386	Kocak	permutation	
4281.0	-0.03104140499604391	Kocak	permutation	
4282.0	0.06150412430891361	Kocak	permutation	
4283.0	-0.09415116095618714	Kocak	permutation	
4284.0	-0.1010835831903436	Kocak	permutation	
4285.0	0.0014452139667535668	Kocak	permutation	
4286.0	-0.16715479130126276	Kocak	permutation	
4287.0	0.06286748192046909	Kocak	permutation	
4288.0	-0.006612049135563236	Kocak	permutation	
4289.0	-0.009463672688249769	Kocak	permutation	
4290.0	0.17487846331837575	Kocak	permutation	
4291.0	0.03214676888742973	Kocak	permutation	
4292.0	0.007830843863451342	Kocak	permutation	
4293.0	-0.006928343942779414	Kocak	permutation	
4294.0	0.16290448383610556	Kocak	permutation	
4295.0	0.0011683389938621502	Kocak	permutation	
4296.0	-0.044055843258906435	Kocak	permutation	
4297.0	0.07115297086374994	Kocak	permutation	
4298.0	0.014112916896032779	Kocak	permutation	
4299.0	0.06897562445660821	Kocak	permutation	
4300.0	-0.10728292140047202	Kocak	permutation	
4301.0	0.0035142762128330673	Kocak	permutation	
4302.0	0.08337834743645844	Kocak	permutation	
4303.0	0.08835607641684362	Kocak	permutation	
4304.0	0.1722508905007447	Kocak	permutation	
4305.0	-0.23318053971602115	Kocak	permutation	
4306.0	-0.0075484130698639795	Kocak	permutation	
4307.0	0.02053849892952586	Kocak	permutation	
4308.0	0.0010264819125040958	Kocak	permutation	
4309.0	0.06547783765185278	Kocak	permutation	
4310.0	0.12160190142485527	Kocak	permutation	
4311.0	0.04980207553957117	Kocak	permutation	
4312.0	-0.06773599574049216	Kocak	permutation	
4313.0	0.004319947903999477	Kocak	permutation	
4314.0	0.03806784424380805	Kocak	permutation	
4315.0	-0.01567442547450426	Kocak	permutation	
4316.0	-0.035630048275046455	Kocak	permutation	
4317.0	0.13850073331541646	Kocak	permutation	
4318.0	0.20071379957056656	Kocak	permutation	
4319.0	-0.05392367010537136	Kocak	permutation	
4320.0	-0.062060206101869575	Kocak	permutation	
4321.0	-0.16925571067128686	Kocak	permutation	
4322.0	0.013818543722166954	Kocak	permutation	
4323.0	-0.160014196746884	Kocak	permutation	
4324.0	0.002072452034429073	Kocak	permutation	
4325.0	0.031982980335547584	Kocak	permutation	
4326.0	-0.1623657220360193	Kocak	permutation	
4327.0	-0.00785201264327462	Kocak	permutation	
4328.0	-0.06642329772739153	Kocak	permutation	
4329.0	-0.07413069051889609	Kocak	permutation	
4330.0	0.08357870236617293	Kocak	permutation	
4331.0	-0.07586203224994614	Kocak	permutation	
4332.0	-0.0768715642145521	Kocak	permutation	
4333.0	0.2076466728071158	Kocak	permutation	
4334.0	0.03461005758619695	Kocak	permutation	
4335.0	-0.010124175604978802	Kocak	permutation	
4336.0	-0.08350716846359241	Kocak	permutation	
4337.0	0.011274091978647593	Kocak	permutation	
4338.0	0.07619266142191261	Kocak	permutation	
4339.0	-0.007702202121898427	Kocak	permutation	
4340.0	-0.10166262376360002	Kocak	permutation	
4341.0	-0.04532786314036619	Kocak	permutation	
4342.0	-0.10081154479045207	Kocak	permutation	
4343.0	0.13492030258264887	Kocak	permutation	
4344.0	0.09884420021077922	Kocak	permutation	
4345.0	-0.011849860446604854	Kocak	permutation	
4346.0	0.11155479778087418	Kocak	permutation	
4347.0	-0.1203694950142209	Kocak	permutation	
4348.0	-0.13900997650559077	Kocak	permutation	
4349.0	0.12134934236480488	Kocak	permutation	
4350.0	0.04912392744281391	Kocak	permutation	
4351.0	0.02648700627027223	Kocak	permutation	
4352.0	-0.005318609375011718	Kocak	permutation	
4353.0	-0.06109258939116957	Kocak	permutation	
4354.0	-0.05635196382837426	Kocak	permutation	
4355.0	0.06758786730069177	Kocak	permutation	
4356.0	-0.14098399586009602	Kocak	permutation	
4357.0	0.10139108133033137	Kocak	permutation	
4358.0	-0.02533505608727804	Kocak	permutation	
4359.0	-0.00688666781781988	Kocak	permutation	
4360.0	-0.0758642082201213	Kocak	permutation	
4361.0	0.09195083654772018	Kocak	permutation	
4362.0	-0.01283332948040039	Kocak	permutation	
4363.0	0.08255937719100848	Kocak	permutation	
4364.0	0.015298047781143964	Kocak	permutation	
4365.0	0.16195199204812516	Kocak	permutation	
4366.0	-0.07310114891167618	Kocak	permutation	
4367.0	3.222229140531496e-05	Kocak	permutation	
4368.0	0.06316609723975786	Kocak	permutation	
4369.0	-0.09424321124697332	Kocak	permutation	
4370.0	0.10987819953589373	Kocak	permutation	
4371.0	0.1271679868284723	Kocak	permutation	
4372.0	-0.0048106417793643	Kocak	permutation	
4373.0	-0.10299371021694581	Kocak	permutation	
4374.0	0.06724944683027179	Kocak	permutation	
4375.0	-0.11414002039416093	Kocak	permutation	
4376.0	-0.2392198186621881	Kocak	permutation	
4377.0	-0.07639193475268602	Kocak	permutation	
4378.0	-0.07104789270205991	Kocak	permutation	
4379.0	0.004605784818235481	Kocak	permutation	
4380.0	-0.12457527504034882	Kocak	permutation	
4381.0	0.018664889013950248	Kocak	permutation	
4382.0	-0.06545297327059485	Kocak	permutation	
4383.0	-0.01293347918335197	Kocak	permutation	
4384.0	-0.04832200706828482	Kocak	permutation	
4385.0	-0.0875474674415857	Kocak	permutation	
4386.0	0.16983933214954172	Kocak	permutation	
4387.0	-0.14535248481359053	Kocak	permutation	
4388.0	0.061236299626768353	Kocak	permutation	
4389.0	-0.26017634492800257	Kocak	permutation	
4390.0	-0.12398984097827404	Kocak	permutation	
4391.0	-0.07351135212448057	Kocak	permutation	
4392.0	-0.10530493854988254	Kocak	permutation	
4393.0	-0.08679780804232129	Kocak	permutation	
4394.0	-0.062208180949312464	Kocak	permutation	
4395.0	-0.0855345074407583	Kocak	permutation	
4396.0	0.0026069358420555133	Kocak	permutation	
4397.0	0.07119423953917359	Kocak	permutation	
4398.0	-0.044174280016282985	Kocak	permutation	
4399.0	0.019518924273624005	Kocak	permutation	
4400.0	0.06015640662008037	Kocak	permutation	
4401.0	0.003148910048858866	Kocak	permutation	
4402.0	-0.08534560954169246	Kocak	permutation	
4403.0	0.1719518294374467	Kocak	permutation	
4404.0	-0.06279222925658523	Kocak	permutation	
4405.0	-0.05430186477451793	Kocak	permutation	
4406.0	0.025365394311168465	Kocak	permutation	
4407.0	0.16820748481807213	Kocak	permutation	
4408.0	0.08765450255486007	Kocak	permutation	
4409.0	-0.04145442885572015	Kocak	permutation	
4410.0	0.027538317599073103	Kocak	permutation	
4411.0	0.06512693478721321	Kocak	permutation	
4412.0	-0.06519262661280889	Kocak	permutation	
4413.0	0.07628635410273876	Kocak	permutation	
4414.0	-0.07194304377534788	Kocak	permutation	
4415.0	-0.0836288700995449	Kocak	permutation	
4416.0	0.08580324058772382	Kocak	permutation	
4417.0	0.009445609430687618	Kocak	permutation	
4418.0	0.00030291944221261247	Kocak	permutation	
4419.0	-0.014633538440944172	Kocak	permutation	
4420.0	-0.16176446259029253	Kocak	permutation	
4421.0	-0.12242845414718406	Kocak	permutation	
4422.0	-0.156009647764781	Kocak	permutation	
4423.0	-0.05162982275511796	Kocak	permutation	
4424.0	0.21007306065970344	Kocak	permutation	
4425.0	-0.09478357750894562	Kocak	permutation	
4426.0	-0.13353787601812916	Kocak	permutation	
4427.0	-0.18206822830383373	Kocak	permutation	
4428.0	-0.05145160037743279	Kocak	permutation	
4429.0	-0.19097989156048945	Kocak	permutation	
4430.0	-0.17043134164118579	Kocak	permutation	
4431.0	-0.07781656385159774	Kocak	permutation	
4432.0	-0.051608349472838544	Kocak	permutation	
4433.0	-0.027621068648441494	Kocak	permutation	
4434.0	0.029486865848656674	Kocak	permutation	
4435.0	-0.0005351576868735108	Kocak	permutation	
4436.0	-0.019479221295408244	Kocak	permutation	
4437.0	-0.035198307742598356	Kocak	permutation	
4438.0	-0.0033341661889907392	Kocak	permutation	
4439.0	0.0177612544215342	Kocak	permutation	
4440.0	0.0833839989876477	Kocak	permutation	
4441.0	-0.20586320209686093	Kocak	permutation	
4442.0	-0.11280276480780937	Kocak	permutation	
4443.0	-0.14123350301588777	Kocak	permutation	
4444.0	-0.023817681116022005	Kocak	permutation	
4445.0	0.047950392320542434	Kocak	permutation	
4446.0	-0.1331620002139271	Kocak	permutation	
4447.0	0.000763876949294584	Kocak	permutation	
4448.0	0.07306467080508083	Kocak	permutation	
4449.0	-0.050066594859269564	Kocak	permutation	
4450.0	0.08109633391218019	Kocak	permutation	
4451.0	-0.19953925388034977	Kocak	permutation	
4452.0	-0.2689482664546392	Kocak	permutation	
4453.0	-0.03931396599065806	Kocak	permutation	
4454.0	0.14752111480866636	Kocak	permutation	
4455.0	0.028167796615841123	Kocak	permutation	
4456.0	0.0658311127390987	Kocak	permutation	
4457.0	-0.008372964104867098	Kocak	permutation	
4458.0	-0.02850293371011725	Kocak	permutation	
4459.0	-0.03147298415211974	Kocak	permutation	
4460.0	0.033618054386246765	Kocak	permutation	
4461.0	0.007211897729979544	Kocak	permutation	
4462.0	0.03825345890042264	Kocak	permutation	
4463.0	0.015182159149372154	Kocak	permutation	
4464.0	0.0720468127813878	Kocak	permutation	
4465.0	0.0037024306101174354	Kocak	permutation	
4466.0	2.6014337723978542e-05	Kocak	permutation	
4467.0	-0.19541625071499302	Kocak	permutation	
4468.0	0.011757327958699548	Kocak	permutation	
4469.0	-0.14174121595651146	Kocak	permutation	
4470.0	0.024216237016191133	Kocak	permutation	
4471.0	0.1719607379817938	Kocak	permutation	
4472.0	0.09540026308857685	Kocak	permutation	
4473.0	0.0015803874747781776	Kocak	permutation	
4474.0	-0.17428205728065027	Kocak	permutation	
4475.0	-0.12596287564552178	Kocak	permutation	
4476.0	-0.28471345762737155	Kocak	permutation	
4477.0	-0.059927762526840844	Kocak	permutation	
4478.0	0.14176224120264136	Kocak	permutation	
4479.0	0.15008119634771866	Kocak	permutation	
4480.0	-0.037182727400829396	Kocak	permutation	
4481.0	0.03133792681469183	Kocak	permutation	
4482.0	0.02806251568299567	Kocak	permutation	
4483.0	-0.04461267510785616	Kocak	permutation	
4484.0	-0.02175450356863795	Kocak	permutation	
4485.0	0.031132530552991255	Kocak	permutation	
4486.0	0.15793062664796187	Kocak	permutation	
4487.0	-0.04626387106605767	Kocak	permutation	
4488.0	-0.06410354927641704	Kocak	permutation	
4489.0	-0.10943323529242344	Kocak	permutation	
4490.0	0.23710445540459935	Kocak	permutation	
4491.0	0.07932459333562925	Kocak	permutation	
4492.0	0.15528143494685942	Kocak	permutation	
4493.0	-0.13127923801039287	Kocak	permutation	
4494.0	0.1081013576153711	Kocak	permutation	
4495.0	-0.002702592450726904	Kocak	permutation	
4496.0	-0.11066392201896269	Kocak	permutation	
4497.0	-0.26613028942938133	Kocak	permutation	
4498.0	0.1697774163650725	Kocak	permutation	
4499.0	-0.12349206613266883	Kocak	permutation	
4500.0	0.06405569346129747	Kocak	permutation	
4501.0	-0.17835775390016284	Kocak	permutation	
4502.0	-0.08451549405637904	Kocak	permutation	
4503.0	0.13758451419924445	Kocak	permutation	
4504.0	0.14596045866367868	Kocak	permutation	
4505.0	0.060534217592751016	Kocak	permutation	
4506.0	0.00855661701027799	Kocak	permutation	
4507.0	-0.12715900071152975	Kocak	permutation	
4508.0	-0.03157529326993469	Kocak	permutation	
4509.0	-0.13582329726385023	Kocak	permutation	
4510.0	0.051424450170060254	Kocak	permutation	
4511.0	0.20343692303766803	Kocak	permutation	
4512.0	-0.10910366985817	Kocak	permutation	
4513.0	-0.03831053826134534	Kocak	permutation	
4514.0	-0.02317842776399681	Kocak	permutation	
4515.0	0.0010011518460841806	Kocak	permutation	
4516.0	-0.053688021510697403	Kocak	permutation	
4517.0	-0.07057898724167178	Kocak	permutation	
4518.0	-0.06731673716486997	Kocak	permutation	
4519.0	-0.014948463028088721	Kocak	permutation	
4520.0	0.00794041945286672	Kocak	permutation	
4521.0	0.17525852179470824	Kocak	permutation	
4522.0	-0.1268413749664905	Kocak	permutation	
4523.0	-0.01582634324068488	Kocak	permutation	
4524.0	-0.08489643415446535	Kocak	permutation	
4525.0	0.05664808355239703	Kocak	permutation	
4526.0	-0.002950723915203124	Kocak	permutation	
4527.0	-0.07130341221859027	Kocak	permutation	
4528.0	0.0071933345385968295	Kocak	permutation	
4529.0	0.10241913550055726	Kocak	permutation	
4530.0	-0.04390907873795502	Kocak	permutation	
4531.0	-0.2183970784151983	Kocak	permutation	
4532.0	-0.07751196154592233	Kocak	permutation	
4533.0	0.0488461669416278	Kocak	permutation	
4534.0	-0.006632137688821427	Kocak	permutation	
4535.0	0.0063733429274202	Kocak	permutation	
4536.0	-0.07921733512981444	Kocak	permutation	
4537.0	-0.022513991747844297	Kocak	permutation	
4538.0	-0.13659601566347845	Kocak	permutation	
4539.0	-0.08202060834821667	Kocak	permutation	
4540.0	0.09414346462884282	Kocak	permutation	
4541.0	-0.11402605665611665	Kocak	permutation	
4542.0	0.0016997156041997918	Kocak	permutation	
4543.0	0.09396366612109608	Kocak	permutation	
4544.0	-0.06904260167429133	Kocak	permutation	
4545.0	0.05401771428805757	Kocak	permutation	
4546.0	-0.05840435619965767	Kocak	permutation	
4547.0	-0.05225535110042978	Kocak	permutation	
4548.0	-0.003944593606037383	Kocak	permutation	
4549.0	-0.07452714619231449	Kocak	permutation	
4550.0	0.05009167887144628	Kocak	permutation	
4551.0	-0.05812734516790652	Kocak	permutation	
4552.0	-0.22190944257735934	Kocak	permutation	
4553.0	-0.09065823221544189	Kocak	permutation	
4554.0	0.1440854937378817	Kocak	permutation	
4555.0	-0.1831341557157411	Kocak	permutation	
4556.0	0.028884193910331035	Kocak	permutation	
4557.0	0.0028586837748663108	Kocak	permutation	
4558.0	-0.034312404011786146	Kocak	permutation	
4559.0	-0.03924824593390763	Kocak	permutation	
4560.0	0.037300955562919125	Kocak	permutation	
4561.0	0.005682123016143681	Kocak	permutation	
4562.0	-0.24187981121012303	Kocak	permutation	
4563.0	-0.03569261791023681	Kocak	permutation	
4564.0	0.15816073878158265	Kocak	permutation	
4565.0	0.0019512480746839422	Kocak	permutation	
4566.0	0.08177427126198067	Kocak	permutation	
4567.0	-0.1333688189220954	Kocak	permutation	
4568.0	-0.05056757139980306	Kocak	permutation	
4569.0	0.08624424500924954	Kocak	permutation	
4570.0	-0.08190237336178985	Kocak	permutation	
4571.0	-0.01315202760362233	Kocak	permutation	
4572.0	-0.12802307683502034	Kocak	permutation	
4573.0	-0.002440241486138195	Kocak	permutation	
4574.0	0.23869784781302128	Kocak	permutation	
4575.0	0.04237644178747901	Kocak	permutation	
4576.0	-0.08809495596402517	Kocak	permutation	
4577.0	0.10217732812368752	Kocak	permutation	
4578.0	-0.007995764529995952	Kocak	permutation	
4579.0	-0.05482617560771752	Kocak	permutation	
4580.0	-0.04202436308523039	Kocak	permutation	
4581.0	0.06627510934473246	Kocak	permutation	
4582.0	0.08018083672584053	Kocak	permutation	
4583.0	0.009360920861805955	Kocak	permutation	
4584.0	-0.047394288964055065	Kocak	permutation	
4585.0	-0.03718207442466026	Kocak	permutation	
4586.0	-0.0762715265128806	Kocak	permutation	
4587.0	-0.09410096100281162	Kocak	permutation	
4588.0	-0.053499464497439586	Kocak	permutation	
4589.0	-0.23434906983540582	Kocak	permutation	
4590.0	0.03242234016281964	Kocak	permutation	
4591.0	0.09118948137057359	Kocak	permutation	
4592.0	-0.01782232880929646	Kocak	permutation	
4593.0	0.08946032400324633	Kocak	permutation	
4594.0	0.04390194783083734	Kocak	permutation	
4595.0	0.1381515047448647	Kocak	permutation	
4596.0	-0.018333439220860726	Kocak	permutation	
4597.0	-0.025779467252909694	Kocak	permutation	
4598.0	-0.039854546410500014	Kocak	permutation	
4599.0	-0.1644287599658698	Kocak	permutation	
4600.0	0.03889588785100395	Kocak	permutation	
4601.0	-0.07376890020338633	Kocak	permutation	
4602.0	0.11300627597485757	Kocak	permutation	
4603.0	-0.19379373407991185	Kocak	permutation	
4604.0	0.0701502424964815	Kocak	permutation	
4605.0	-0.29442693585199997	Kocak	permutation	
4606.0	-0.004351288712545642	Kocak	permutation	
4607.0	0.12279088288107198	Kocak	permutation	
4608.0	-0.014133015573523977	Kocak	permutation	
4609.0	-0.07244852946438485	Kocak	permutation	
4610.0	0.030895895343022506	Kocak	permutation	
4611.0	0.06640683792665447	Kocak	permutation	
4612.0	0.017805096667392384	Kocak	permutation	
4613.0	-0.022790353352064585	Kocak	permutation	
4614.0	0.01880592472880549	Kocak	permutation	
4615.0	-0.04948797179268416	Kocak	permutation	
4616.0	0.0528371749099108	Kocak	permutation	
4617.0	-0.07741948549787825	Kocak	permutation	
4618.0	0.18634382123586235	Kocak	permutation	
4619.0	0.11613126375574678	Kocak	permutation	
4620.0	-0.16732049406165883	Kocak	permutation	
4621.0	-0.08492863420581154	Kocak	permutation	
4622.0	0.007831057255438534	Kocak	permutation	
4623.0	0.01849939686866353	Kocak	permutation	
4624.0	0.04910095854276886	Kocak	permutation	
4625.0	-0.2615831716922865	Kocak	permutation	
4626.0	-0.14226947307222115	Kocak	permutation	
4627.0	0.16576176397279063	Kocak	permutation	
4628.0	0.12216588281966034	Kocak	permutation	
4629.0	-0.015134240003794375	Kocak	permutation	
4630.0	0.1084740721720201	Kocak	permutation	
4631.0	0.003473381372994133	Kocak	permutation	
4632.0	-0.08219802182105962	Kocak	permutation	
4633.0	-0.05866263393538862	Kocak	permutation	
4634.0	0.06000101981016659	Kocak	permutation	
4635.0	-0.1411650082379805	Kocak	permutation	
4636.0	0.06110296328115128	Kocak	permutation	
4637.0	-0.038361611021638264	Kocak	permutation	
4638.0	0.03896973549010374	Kocak	permutation	
4639.0	0.06783820946462615	Kocak	permutation	
4640.0	-0.04186306557971431	Kocak	permutation	
4641.0	-0.021806373597034856	Kocak	permutation	
4642.0	-0.08276057416986404	Kocak	permutation	
4643.0	0.1311034672810658	Kocak	permutation	
4644.0	-0.11520254648507011	Kocak	permutation	
4645.0	-0.04138555605886163	Kocak	permutation	
4646.0	-0.134776377798985	Kocak	permutation	
4647.0	0.07760487074190481	Kocak	permutation	
4648.0	0.10028028384316467	Kocak	permutation	
4649.0	0.12442986256140953	Kocak	permutation	
4650.0	0.06464739231306593	Kocak	permutation	
4651.0	0.007378394743017047	Kocak	permutation	
4652.0	0.01184657589594762	Kocak	permutation	
4653.0	-0.01551796052408383	Kocak	permutation	
4654.0	-0.08748226775565371	Kocak	permutation	
4655.0	0.009971652244472828	Kocak	permutation	
4656.0	0.049313073955687514	Kocak	permutation	
4657.0	-0.08153426175975298	Kocak	permutation	
4658.0	0.18468865697615255	Kocak	permutation	
4659.0	0.001376638351381132	Kocak	permutation	
4660.0	-0.053958095826017516	Kocak	permutation	
4661.0	-0.07198583011108983	Kocak	permutation	
4662.0	0.03296405627175991	Kocak	permutation	
4663.0	0.07319404368925575	Kocak	permutation	
4664.0	-0.1200522651587086	Kocak	permutation	
4665.0	0.05094600712990527	Kocak	permutation	
4666.0	-0.0698871213322878	Kocak	permutation	
4667.0	-0.011941277401987804	Kocak	permutation	
4668.0	-0.19101531829501228	Kocak	permutation	
4669.0	-0.053189064171969225	Kocak	permutation	
4670.0	-0.005911218305298949	Kocak	permutation	
4671.0	-0.015033509207832196	Kocak	permutation	
4672.0	0.03688520204523016	Kocak	permutation	
4673.0	-0.11825618720217568	Kocak	permutation	
4674.0	0.10942791101823701	Kocak	permutation	
4675.0	0.06989395559067457	Kocak	permutation	
4676.0	-0.2874998086706415	Kocak	permutation	
4677.0	0.08982448209876015	Kocak	permutation	
4678.0	-0.02111805426122082	Kocak	permutation	
4679.0	-0.18305711447528905	Kocak	permutation	
4680.0	0.054477323443940406	Kocak	permutation	
4681.0	-0.05142254419973202	Kocak	permutation	
4682.0	-0.10209540990734611	Kocak	permutation	
4683.0	-0.07486803638950112	Kocak	permutation	
4684.0	0.0090975745377464	Kocak	permutation	
4685.0	-0.18195600098155174	Kocak	permutation	
4686.0	0.07038416950131632	Kocak	permutation	
4687.0	0.12110600138591376	Kocak	permutation	
4688.0	-0.10654465143316205	Kocak	permutation	
4689.0	0.09664659954867316	Kocak	permutation	
4690.0	-0.012887070722382266	Kocak	permutation	
4691.0	-0.006932915519986871	Kocak	permutation	
4692.0	-0.09793552938237315	Kocak	permutation	
4693.0	0.03807357076511009	Kocak	permutation	
4694.0	-0.012008534049690045	Kocak	permutation	
4695.0	0.0912769229933521	Kocak	permutation	
4696.0	0.013457975812541267	Kocak	permutation	
4697.0	0.05368037826885175	Kocak	permutation	
4698.0	-0.05739051019399044	Kocak	permutation	
4699.0	-0.03232233207500279	Kocak	permutation	
4700.0	0.09883069978239023	Kocak	permutation	
4701.0	-0.023722172193911817	Kocak	permutation	
4702.0	-0.1770552967585184	Kocak	permutation	
4703.0	0.06966713900803301	Kocak	permutation	
4704.0	-0.035471386820946194	Kocak	permutation	
4705.0	0.04599554493909874	Kocak	permutation	
4706.0	0.017991393969809977	Kocak	permutation	
4707.0	-0.09532682133672221	Kocak	permutation	
4708.0	-0.03885566475811064	Kocak	permutation	
4709.0	0.01685045772757343	Kocak	permutation	
4710.0	-0.06119492241285274	Kocak	permutation	
4711.0	0.06941810809993987	Kocak	permutation	
4712.0	0.07684479072141137	Kocak	permutation	
4713.0	-0.21317762478026392	Kocak	permutation	
4714.0	-0.26803557657131893	Kocak	permutation	
4715.0	-0.03063011048029063	Kocak	permutation	
4716.0	-0.074715662172268	Kocak	permutation	
4717.0	0.034270129567473884	Kocak	permutation	
4718.0	-0.05895575355085381	Kocak	permutation	
4719.0	-0.08037515417224927	Kocak	permutation	
4720.0	0.2544483004639111	Kocak	permutation	
4721.0	-0.03127296887332465	Kocak	permutation	
4722.0	0.1707752869858683	Kocak	permutation	
4723.0	0.11964710434668469	Kocak	permutation	
4724.0	-0.07326624763746548	Kocak	permutation	
4725.0	0.036335211167147996	Kocak	permutation	
4726.0	0.09293866763552305	Kocak	permutation	
4727.0	0.09443160881768753	Kocak	permutation	
4728.0	-0.12452235870303197	Kocak	permutation	
4729.0	-0.06285017406291526	Kocak	permutation	
4730.0	0.06322100885499804	Kocak	permutation	
4731.0	-0.019814465197542486	Kocak	permutation	
4732.0	0.031206178964613862	Kocak	permutation	
4733.0	0.24578599417520453	Kocak	permutation	
4734.0	0.015368466157955396	Kocak	permutation	
4735.0	0.008097616081579329	Kocak	permutation	
4736.0	0.02542460764470622	Kocak	permutation	
4737.0	0.03091443439978825	Kocak	permutation	
4738.0	-0.044829448523011184	Kocak	permutation	
4739.0	0.008568323468934658	Kocak	permutation	
4740.0	-0.03688514599378312	Kocak	permutation	
4741.0	-0.22989564471709878	Kocak	permutation	
4742.0	0.07306016859487308	Kocak	permutation	
4743.0	0.08087112643226257	Kocak	permutation	
4744.0	0.1813342344713198	Kocak	permutation	
4745.0	0.010754946733689597	Kocak	permutation	
4746.0	0.09834842825975221	Kocak	permutation	
4747.0	-0.04005425530486395	Kocak	permutation	
4748.0	0.02353186797112583	Kocak	permutation	
4749.0	0.02536147714544157	Kocak	permutation	
4750.0	-0.18117513977532118	Kocak	permutation	
4751.0	-4.2626951100466215e-05	Kocak	permutation	
4752.0	0.11539630411270707	Kocak	permutation	
4753.0	0.10846890304844692	Kocak	permutation	
4754.0	-0.00039576284460984823	Kocak	permutation	
4755.0	-0.007746542558916936	Kocak	permutation	
4756.0	-0.12699720820569294	Kocak	permutation	
4757.0	-0.01564545117263405	Kocak	permutation	
4758.0	-0.17289960809935634	Kocak	permutation	
4759.0	-0.26462332056649585	Kocak	permutation	
4760.0	0.048387052470685976	Kocak	permutation	
4761.0	0.09110045016840695	Kocak	permutation	
4762.0	0.0634287617822955	Kocak	permutation	
4763.0	0.04015232653327061	Kocak	permutation	
4764.0	-0.03435014051658891	Kocak	permutation	
4765.0	-0.14790718303138162	Kocak	permutation	
4766.0	0.058990631107403324	Kocak	permutation	
4767.0	-0.03547179474999984	Kocak	permutation	
4768.0	-0.0782947961638607	Kocak	permutation	
4769.0	-0.04055902177375037	Kocak	permutation	
4770.0	0.03724991389587684	Kocak	permutation	
4771.0	0.035514433999604744	Kocak	permutation	
4772.0	-0.04399802640605399	Kocak	permutation	
4773.0	0.12319609265675302	Kocak	permutation	
4774.0	-0.17493315093149997	Kocak	permutation	
4775.0	0.03341990399234218	Kocak	permutation	
4776.0	-0.08757859926100942	Kocak	permutation	
4777.0	0.04634042592780929	Kocak	permutation	
4778.0	-0.07069222415675336	Kocak	permutation	
4779.0	-0.27436111003327124	Kocak	permutation	
4780.0	-0.07521006239322858	Kocak	permutation	
4781.0	-0.005571585402579959	Kocak	permutation	
4782.0	0.0033984967162195012	Kocak	permutation	
4783.0	0.02190615727645806	Kocak	permutation	
4784.0	-0.1210565402084498	Kocak	permutation	
4785.0	0.06712942136011746	Kocak	permutation	
4786.0	-0.11964166020331124	Kocak	permutation	
4787.0	-0.2627738452004307	Kocak	permutation	
4788.0	-0.05869719375451821	Kocak	permutation	
4789.0	0.033370546440788296	Kocak	permutation	
4790.0	0.09913785848901213	Kocak	permutation	
4791.0	-0.18116717561939	Kocak	permutation	
4792.0	-0.02320636175530666	Kocak	permutation	
4793.0	0.018057728481023272	Kocak	permutation	
4794.0	-0.05954616321309336	Kocak	permutation	
4795.0	0.15378140304408117	Kocak	permutation	
4796.0	-0.047731159514295296	Kocak	permutation	
4797.0	-0.0014083049983932838	Kocak	permutation	
4798.0	-0.018655936509122117	Kocak	permutation	
4799.0	0.06649213432737788	Kocak	permutation	
4800.0	0.023608666806157697	Kocak	permutation	
4801.0	-0.0020289162017839146	Kocak	permutation	
4802.0	-0.09313603663415382	Kocak	permutation	
4803.0	0.07603411895438494	Kocak	permutation	
4804.0	0.10852938639013487	Kocak	permutation	
4805.0	-0.12614733949174184	Kocak	permutation	
4806.0	0.07114080843934989	Kocak	permutation	
4807.0	0.0035625938547045877	Kocak	permutation	
4808.0	-0.06250413271837996	Kocak	permutation	
4809.0	0.008020871082956127	Kocak	permutation	
4810.0	-0.004472560446479701	Kocak	permutation	
4811.0	-0.03706216353118119	Kocak	permutation	
4812.0	0.011044479421359998	Kocak	permutation	
4813.0	0.06168565133347226	Kocak	permutation	
4814.0	0.1124065053433223	Kocak	permutation	
4815.0	0.04966465859399749	Kocak	permutation	
4816.0	-0.00893328382026759	Kocak	permutation	
4817.0	0.07036038169775827	Kocak	permutation	
4818.0	-0.02659185262442465	Kocak	permutation	
4819.0	-0.07179885381184281	Kocak	permutation	
4820.0	0.13753810689219836	Kocak	permutation	
4821.0	0.08522849638834318	Kocak	permutation	
4822.0	-0.0618474585931974	Kocak	permutation	
4823.0	0.023075907333181878	Kocak	permutation	
4824.0	-0.007593959834112152	Kocak	permutation	
4825.0	-0.21429117447528334	Kocak	permutation	
4826.0	0.012683990963244796	Kocak	permutation	
4827.0	-0.03589791759717409	Kocak	permutation	
4828.0	-0.008243962635201996	Kocak	permutation	
4829.0	-0.13522694209716724	Kocak	permutation	
4830.0	-0.11072426502265076	Kocak	permutation	
4831.0	0.06689153541010429	Kocak	permutation	
4832.0	0.041661651815735556	Kocak	permutation	
4833.0	-0.03703333226020389	Kocak	permutation	
4834.0	0.03556188412440964	Kocak	permutation	
4835.0	-0.012232570438587498	Kocak	permutation	
4836.0	-0.17043469051034288	Kocak	permutation	
4837.0	-0.06187604456708451	Kocak	permutation	
4838.0	-0.13122592922946286	Kocak	permutation	
4839.0	0.16834071427833086	Kocak	permutation	
4840.0	0.009060281223398192	Kocak	permutation	
4841.0	-0.003375223374665115	Kocak	permutation	
4842.0	-0.04722316062960141	Kocak	permutation	
4843.0	-0.00453965979696358	Kocak	permutation	
4844.0	-0.18845079070507298	Kocak	permutation	
4845.0	-0.041841681554184884	Kocak	permutation	
4846.0	-0.06722864850961363	Kocak	permutation	
4847.0	-0.04805542973657806	Kocak	permutation	
4848.0	0.15611854481244203	Kocak	permutation	
4849.0	0.09127041844676231	Kocak	permutation	
4850.0	-0.08781506136127026	Kocak	permutation	
4851.0	0.05628063780749626	Kocak	permutation	
4852.0	-0.09313714520521721	Kocak	permutation	
4853.0	-0.11811763053649926	Kocak	permutation	
4854.0	-0.11895595795333236	Kocak	permutation	
4855.0	-0.12558141318408111	Kocak	permutation	
4856.0	-0.06303474651566132	Kocak	permutation	
4857.0	0.00833796169430423	Kocak	permutation	
4858.0	-0.059736302741788094	Kocak	permutation	
4859.0	-0.11209250105116997	Kocak	permutation	
4860.0	-0.00028896724110394345	Kocak	permutation	
4861.0	-0.08399274974062543	Kocak	permutation	
4862.0	-0.058893779937692514	Kocak	permutation	
4863.0	-0.1346336477761172	Kocak	permutation	
4864.0	0.02445978327958631	Kocak	permutation	
4865.0	-0.0705963217322485	Kocak	permutation	
4866.0	0.03538466707236099	Kocak	permutation	
4867.0	0.024774180440842564	Kocak	permutation	
4868.0	-0.07975975723245732	Kocak	permutation	
4869.0	0.16026439056699138	Kocak	permutation	
4870.0	0.2343487277158096	Kocak	permutation	
4871.0	-0.02596957374791309	Kocak	permutation	
4872.0	-0.06284544617657373	Kocak	permutation	
4873.0	-0.031535261200799525	Kocak	permutation	
4874.0	0.08302992817324295	Kocak	permutation	
4875.0	0.08484807172245601	Kocak	permutation	
4876.0	0.017701391426701463	Kocak	permutation	
4877.0	-0.05386305866987762	Kocak	permutation	
4878.0	-0.1473595147507658	Kocak	permutation	
4879.0	-0.1108009899936917	Kocak	permutation	
4880.0	-0.05167920596062636	Kocak	permutation	
4881.0	0.05475343931875676	Kocak	permutation	
4882.0	0.1943348135004075	Kocak	permutation	
4883.0	-0.0880617034846507	Kocak	permutation	
4884.0	-0.006333070579448208	Kocak	permutation	
4885.0	0.02631631728237105	Kocak	permutation	
4886.0	0.03363321447365397	Kocak	permutation	
4887.0	0.012750516633523556	Kocak	permutation	
4888.0	0.10211367249913517	Kocak	permutation	
4889.0	0.043664218782935915	Kocak	permutation	
4890.0	0.044788288090009676	Kocak	permutation	
4891.0	-0.02109851788402306	Kocak	permutation	
4892.0	0.10506351025836214	Kocak	permutation	
4893.0	-0.0914806992613788	Kocak	permutation	
4894.0	-0.02674297448408236	Kocak	permutation	
4895.0	0.023106354943372764	Kocak	permutation	
4896.0	0.23264029248807327	Kocak	permutation	
4897.0	-0.20002545894248902	Kocak	permutation	
4898.0	0.04000512765522757	Kocak	permutation	
4899.0	-0.06442666834967659	Kocak	permutation	
4900.0	0.07828256334067829	Kocak	permutation	
4901.0	-0.04589663366427077	Kocak	permutation	
4902.0	0.09252704965263359	Kocak	permutation	
4903.0	0.3083222927812699	Kocak	permutation	
4904.0	0.03370121817804517	Kocak	permutation	
4905.0	-0.006445003582242759	Kocak	permutation	
4906.0	-0.11111968298706332	Kocak	permutation	
4907.0	-0.03523580934492543	Kocak	permutation	
4908.0	-0.09554674838204358	Kocak	permutation	
4909.0	-0.017548806733013844	Kocak	permutation	
4910.0	0.07646919662034968	Kocak	permutation	
4911.0	0.029108160907742153	Kocak	permutation	
4912.0	-0.12140575282080013	Kocak	permutation	
4913.0	0.07390728991136886	Kocak	permutation	
4914.0	0.00728210390413242	Kocak	permutation	
4915.0	0.1910733134160738	Kocak	permutation	
4916.0	-0.1270347936133196	Kocak	permutation	
4917.0	-0.16955152985031363	Kocak	permutation	
4918.0	0.10970196039395441	Kocak	permutation	
4919.0	0.14831010892697094	Kocak	permutation	
4920.0	-0.08144039150798399	Kocak	permutation	
4921.0	0.08374039640117781	Kocak	permutation	
4922.0	0.1272409087333295	Kocak	permutation	
4923.0	0.07631369606549487	Kocak	permutation	
4924.0	-0.09770737167373555	Kocak	permutation	
4925.0	0.09605784447244448	Kocak	permutation	
4926.0	-0.09765550563789382	Kocak	permutation	
4927.0	-0.04416220468597842	Kocak	permutation	
4928.0	-0.13370711035377525	Kocak	permutation	
4929.0	-0.00339903197985425	Kocak	permutation	
4930.0	-0.11557235250170095	Kocak	permutation	
4931.0	-0.017941748103816657	Kocak	permutation	
4932.0	0.024477324399093003	Kocak	permutation	
4933.0	0.04099248445331938	Kocak	permutation	
4934.0	0.21686146984818144	Kocak	permutation	
4935.0	0.004993926700719964	Kocak	permutation	
4936.0	0.1006250616706561	Kocak	permutation	
4937.0	0.05581381082999437	Kocak	permutation	
4938.0	-0.018007403222930485	Kocak	permutation	
4939.0	-0.04002006372198075	Kocak	permutation	
4940.0	0.02885680951588432	Kocak	permutation	
4941.0	0.018190309459424903	Kocak	permutation	
4942.0	-0.18410104667870364	Kocak	permutation	
4943.0	0.037364490424033114	Kocak	permutation	
4944.0	0.09387957632557598	Kocak	permutation	
4945.0	-0.008586962218279481	Kocak	permutation	
4946.0	0.06697653125450076	Kocak	permutation	
4947.0	0.06897929706439632	Kocak	permutation	
4948.0	-0.20049104361528336	Kocak	permutation	
4949.0	-0.11998653749432675	Kocak	permutation	
4950.0	-0.07585200059369912	Kocak	permutation	
4951.0	0.09213803849936086	Kocak	permutation	
4952.0	0.05527207992633354	Kocak	permutation	
4953.0	-0.08961577876624904	Kocak	permutation	
4954.0	-0.026449090238816364	Kocak	permutation	
4955.0	-0.05639738467676958	Kocak	permutation	
4956.0	0.028874393782882368	Kocak	permutation	
4957.0	-0.02132838319685959	Kocak	permutation	
4958.0	0.06975008196376464	Kocak	permutation	
4959.0	0.05470231041118456	Kocak	permutation	
4960.0	0.08292792657560533	Kocak	permutation	
4961.0	-0.15852533028495808	Kocak	permutation	
4962.0	-0.14782384273155547	Kocak	permutation	
4963.0	-0.08072620949051013	Kocak	permutation	
4964.0	0.22957481310020666	Kocak	permutation	
4965.0	0.015342591686113405	Kocak	permutation	
4966.0	-0.13458035613054253	Kocak	permutation	
4967.0	0.16973704801815526	Kocak	permutation	
4968.0	-0.006172417524110241	Kocak	permutation	
4969.0	-0.1750055825740282	Kocak	permutation	
4970.0	0.10629797828140397	Kocak	permutation	
4971.0	-0.1215995665921965	Kocak	permutation	
4972.0	0.20475828846288424	Kocak	permutation	
4973.0	0.03785790789300991	Kocak	permutation	
4974.0	0.03850327095204076	Kocak	permutation	
4975.0	0.0633649003391823	Kocak	permutation	
4976.0	-0.03418466230714179	Kocak	permutation	
4977.0	-0.017091393156540402	Kocak	permutation	
4978.0	0.006666031627391877	Kocak	permutation	
4979.0	0.0098086827220496	Kocak	permutation	
4980.0	0.015819089486684756	Kocak	permutation	
4981.0	0.1274847769381151	Kocak	permutation	
4982.0	-0.11635387727934976	Kocak	permutation	
4983.0	-0.06745000358805031	Kocak	permutation	
4984.0	-0.04919777473110942	Kocak	permutation	
4985.0	0.015360713357488898	Kocak	permutation	
4986.0	-0.03644294334338527	Kocak	permutation	
4987.0	0.03403376137839054	Kocak	permutation	
4988.0	-0.13601880131806832	Kocak	permutation	
4989.0	-0.022655524341394617	Kocak	permutation	
4990.0	0.06739864201751855	Kocak	permutation	
4991.0	-0.03716860516890419	Kocak	permutation	
4992.0	0.011818987904373746	Kocak	permutation	
4993.0	-0.1028442124205835	Kocak	permutation	
4994.0	0.054847302839629464	Kocak	permutation	
4995.0	0.05257021914130533	Kocak	permutation	
4996.0	-0.16000847220042136	Kocak	permutation	
4997.0	-0.06974738250143986	Kocak	permutation	
4998.0	0.033370016450968265	Kocak	permutation	
4999.0	-0.10316184930944461	Kocak	permutation	
5000.0	0.0417710866614911	Kocak	permutation	
	-0.07819056425105853	Kocak	bootstrap	1.0
	0.047159673774527455	Kocak	bootstrap	2.0
	0.0455038788769877	Kocak	bootstrap	3.0
	0.04334169903769736	Kocak	bootstrap	4.0
	0.0347018817484388	Kocak	bootstrap	5.0
	-0.028426287715477727	Kocak	bootstrap	6.0
	-0.06111189257482197	Kocak	bootstrap	7.0
	0.0587390691243046	Kocak	bootstrap	8.0
	-0.045401974686582136	Kocak	bootstrap	9.0
	0.02348448373723455	Kocak	bootstrap	10.0
	0.036861050364697334	Kocak	bootstrap	11.0
	0.07688104534470641	Kocak	bootstrap	12.0
	0.024684061751041764	Kocak	bootstrap	13.0
	-0.15816628704406677	Kocak	bootstrap	14.0
	0.02527774595767429	Kocak	bootstrap	15.0
	-0.022581325041461042	Kocak	bootstrap	16.0
	-0.08711201789515588	Kocak	bootstrap	17.0
	0.06751109076055295	Kocak	bootstrap	18.0
	-0.07645452688339827	Kocak	bootstrap	19.0
	0.011688913193747652	Kocak	bootstrap	20.0
	-0.1039139750336564	Kocak	bootstrap	21.0
	-0.11680069325893161	Kocak	bootstrap	22.0
	0.03455105064110775	Kocak	bootstrap	23.0
	0.13224830803396959	Kocak	bootstrap	24.0
	-0.03138677034806081	Kocak	bootstrap	25.0
	-0.15492659900597916	Kocak	bootstrap	26.0
	-0.020704703263600077	Kocak	bootstrap	27.0
	0.015045100516636989	Kocak	bootstrap	28.0
	-0.010144547646369961	Kocak	bootstrap	29.0
	0.1281503749956543	Kocak	bootstrap	30.0
	-0.13246701031538244	Kocak	bootstrap	31.0
	-0.14286900377491385	Kocak	bootstrap	32.0
	-0.03840146162683711	Kocak	bootstrap	33.0
	0.05218529910950265	Kocak	bootstrap	34.0
	-0.10044081691002482	Kocak	bootstrap	35.0
	-0.039865241417729624	Kocak	bootstrap	36.0
	-0.001298668558062932	Kocak	bootstrap	37.0
	-0.04048247001116634	Kocak	bootstrap	38.0
	-0.13798473120796162	Kocak	bootstrap	39.0
	-0.0073278738625690565	Kocak	bootstrap	40.0
	-0.07778205330467092	Kocak	bootstrap	41.0
	-0.04758018024921151	Kocak	bootstrap	42.0
	-0.0923283676979314	Kocak	bootstrap	43.0
	-0.11598546588622627	Kocak	bootstrap	44.0
	-0.030075182416913204	Kocak	bootstrap	45.0
	0.0022999268774777093	Kocak	bootstrap	46.0
	-0.11209805496317893	Kocak	bootstrap	47.0
	0.015942274019189462	Kocak	bootstrap	48.0
	-0.08624552660286389	Kocak	bootstrap	49.0
	0.12770248956234598	Kocak	bootstrap	50.0
	-0.07289349917683996	Kocak	bootstrap	51.0
	0.18291235557220586	Kocak	bootstrap	52.0
	-0.06030721904505576	Kocak	bootstrap	53.0
	0.050588788429647646	Kocak	bootstrap	54.0
	-0.15596484747162176	Kocak	bootstrap	55.0
	-0.06644431022942232	Kocak	bootstrap	56.0
	0.25851206267296023	Kocak	bootstrap	57.0
	0.026386474104242552	Kocak	bootstrap	58.0
	-0.11358394798687454	Kocak	bootstrap	59.0
	-0.02932804836502445	Kocak	bootstrap	60.0
	-0.023664210155939447	Kocak	bootstrap	61.0
	-0.056480561106658556	Kocak	bootstrap	62.0
	0.09871808216632694	Kocak	bootstrap	63.0
	-0.09947223544522288	Kocak	bootstrap	64.0
	-0.07215233248524511	Kocak	bootstrap	65.0
	-0.12459110314130406	Kocak	bootstrap	66.0
	0.13792601579157093	Kocak	bootstrap	67.0
	0.09391368876028672	Kocak	bootstrap	68.0
	-0.17547471556839422	Kocak	bootstrap	69.0
	-0.10608886576880439	Kocak	bootstrap	70.0
	0.11765589861644488	Kocak	bootstrap	71.0
	-0.03321402070337243	Kocak	bootstrap	72.0
	0.05707379730262074	Kocak	bootstrap	73.0
	-0.17091974938777366	Kocak	bootstrap	74.0
	-0.031138648704883476	Kocak	bootstrap	75.0
	-0.04985651217923692	Kocak	bootstrap	76.0
	-0.005453609683203187	Kocak	bootstrap	77.0
	-0.09704685541812319	Kocak	bootstrap	78.0
	0.06873352113291098	Kocak	bootstrap	79.0
	0.01787831257036121	Kocak	bootstrap	80.0
	0.08798342701473372	Kocak	bootstrap	81.0
	-0.19056760195400857	Kocak	bootstrap	82.0
	-0.11096680246261936	Kocak	bootstrap	83.0
	0.008540442463736753	Kocak	bootstrap	84.0
	-0.09531564441388518	Kocak	bootstrap	85.0
	-0.10129033198913939	Kocak	bootstrap	86.0
	0.023853060184160668	Kocak	bootstrap	87.0
	0.04387498693968617	Kocak	bootstrap	88.0
	-0.05299970787873187	Kocak	bootstrap	89.0
	0.010056525803791239	Kocak	bootstrap	90.0
	-0.020824076442652384	Kocak	bootstrap	91.0
	-0.13587615857439062	Kocak	bootstrap	92.0
	-0.03846855287577977	Kocak	bootstrap	93.0
	-0.02181872392112716	Kocak	bootstrap	94.0
	-0.03122741772190052	Kocak	bootstrap	95.0
	-0.09302635761274702	Kocak	bootstrap	96.0
	-0.03330864004219958	Kocak	bootstrap	97.0
	0.002048856234029728	Kocak	bootstrap	98.0
	0.02215457718588354	Kocak	bootstrap	99.0
	0.01592986016427389	Kocak	bootstrap	100.0
	0.12757031680309483	Kocak	bootstrap	101.0
	0.1522571883430488	Kocak	bootstrap	102.0
	-0.10014172107130381	Kocak	bootstrap	103.0
	0.0459817347632554	Kocak	bootstrap	104.0
	0.038084702391383285	Kocak	bootstrap	105.0
	0.03856162419737652	Kocak	bootstrap	106.0
	-0.12417631863009859	Kocak	bootstrap	107.0
	-0.043490400994631084	Kocak	bootstrap	108.0
	0.035208210052818156	Kocak	bootstrap	109.0
	-0.20563784118924922	Kocak	bootstrap	110.0
	0.08646700550818709	Kocak	bootstrap	111.0
	0.001767597757277528	Kocak	bootstrap	112.0
	-0.05032801171180212	Kocak	bootstrap	113.0
	-0.0873115352883338	Kocak	bootstrap	114.0
	-0.003592406270637838	Kocak	bootstrap	115.0
	0.045097588510524034	Kocak	bootstrap	116.0
	-0.12374458304182312	Kocak	bootstrap	117.0
	0.018925928671547076	Kocak	bootstrap	118.0
	-0.011512534780298012	Kocak	bootstrap	119.0
	-0.10480100649966051	Kocak	bootstrap	120.0
	-0.0396062501222163	Kocak	bootstrap	121.0
	-0.10562167373151565	Kocak	bootstrap	122.0
	-0.00808545040348907	Kocak	bootstrap	123.0
	0.13486751163334532	Kocak	bootstrap	124.0
	-0.0734040007505321	Kocak	bootstrap	125.0
	0.012370096828820731	Kocak	bootstrap	126.0
	-0.15447282700693155	Kocak	bootstrap	127.0
	0.09615733541308069	Kocak	bootstrap	128.0
	0.08460813457893268	Kocak	bootstrap	129.0
	-0.0853031566038549	Kocak	bootstrap	130.0
	-0.019406336808523328	Kocak	bootstrap	131.0
	-0.08082635903661117	Kocak	bootstrap	132.0
	-0.13200020426875758	Kocak	bootstrap	133.0
	-0.22040241931764992	Kocak	bootstrap	134.0
	-0.0945734227520254	Kocak	bootstrap	135.0
	0.05444255334557413	Kocak	bootstrap	136.0
	0.006051402888732849	Kocak	bootstrap	137.0
	0.0015090690789425487	Kocak	bootstrap	138.0
	0.026379431320276314	Kocak	bootstrap	139.0
	0.010536482075975684	Kocak	bootstrap	140.0
	0.11879743350447836	Kocak	bootstrap	141.0
	-0.06726825856972285	Kocak	bootstrap	142.0
	-0.004199472463406462	Kocak	bootstrap	143.0
	0.11135878377720454	Kocak	bootstrap	144.0
	-0.031729587885066746	Kocak	bootstrap	145.0
	-0.04144225567645865	Kocak	bootstrap	146.0
	0.07068091290047551	Kocak	bootstrap	147.0
	0.11575046731660255	Kocak	bootstrap	148.0
	0.06453949214197552	Kocak	bootstrap	149.0
	-0.1210473068681579	Kocak	bootstrap	150.0
	0.04560789832516443	Kocak	bootstrap	151.0
	0.03226406957204686	Kocak	bootstrap	152.0
	0.061029472545540475	Kocak	bootstrap	153.0
	0.017488797624355623	Kocak	bootstrap	154.0
	0.0916418490141635	Kocak	bootstrap	155.0
	0.08290484283749411	Kocak	bootstrap	156.0
	-0.04119667400927396	Kocak	bootstrap	157.0
	-0.03700555188687238	Kocak	bootstrap	158.0
	-0.12268326896293669	Kocak	bootstrap	159.0
	0.13740390973533412	Kocak	bootstrap	160.0
	0.08507365482888618	Kocak	bootstrap	161.0
	0.16125565705582945	Kocak	bootstrap	162.0
	0.08426326984619781	Kocak	bootstrap	163.0
	-0.1923788799104571	Kocak	bootstrap	164.0
	-0.0727151790538696	Kocak	bootstrap	165.0
	-0.18068143785696833	Kocak	bootstrap	166.0
	-0.15923925044260923	Kocak	bootstrap	167.0
	0.08050262211981174	Kocak	bootstrap	168.0
	-0.0781029776155795	Kocak	bootstrap	169.0
	-0.11188133779928844	Kocak	bootstrap	170.0
	-0.015383493670927617	Kocak	bootstrap	171.0
	0.015074702148929475	Kocak	bootstrap	172.0
	-0.12372073094124181	Kocak	bootstrap	173.0
	0.08884393641365174	Kocak	bootstrap	174.0
	-0.037764716754064676	Kocak	bootstrap	175.0
	0.1213744628510045	Kocak	bootstrap	176.0
	-0.04829299195206227	Kocak	bootstrap	177.0
	-0.06536208313677916	Kocak	bootstrap	178.0
	0.03627216945149092	Kocak	bootstrap	179.0
	0.04359191353521519	Kocak	bootstrap	180.0
	0.14247258409696917	Kocak	bootstrap	181.0
	-0.027769262975978926	Kocak	bootstrap	182.0
	-0.10068041501284775	Kocak	bootstrap	183.0
	-0.033896729980735785	Kocak	bootstrap	184.0
	-0.09004770727077505	Kocak	bootstrap	185.0
	-0.03000699737760737	Kocak	bootstrap	186.0
	-0.048517006395746964	Kocak	bootstrap	187.0
	-0.09733449220456247	Kocak	bootstrap	188.0
	-0.11719737255375673	Kocak	bootstrap	189.0
	0.043560700816760445	Kocak	bootstrap	190.0
	0.08074967257888988	Kocak	bootstrap	191.0
	0.015458962986981906	Kocak	bootstrap	192.0
	0.1390999024812638	Kocak	bootstrap	193.0
	-0.09567594195332374	Kocak	bootstrap	194.0
	-0.014604101536092262	Kocak	bootstrap	195.0
	-0.042524587031260275	Kocak	bootstrap	196.0
	0.021479900043206435	Kocak	bootstrap	197.0
	-0.06178533291129984	Kocak	bootstrap	198.0
	0.1795423398340379	Kocak	bootstrap	199.0
	-0.08285159088629168	Kocak	bootstrap	200.0
	0.10861783476475573	Kocak	bootstrap	201.0
	-0.17043114172385998	Kocak	bootstrap	202.0
	-0.034868636945559306	Kocak	bootstrap	203.0
	0.0665109353628277	Kocak	bootstrap	204.0
	-0.1850759526211463	Kocak	bootstrap	205.0
	0.1761131573773973	Kocak	bootstrap	206.0
	0.004777120001646207	Kocak	bootstrap	207.0
	0.14759568967874293	Kocak	bootstrap	208.0
	-0.089325478518127	Kocak	bootstrap	209.0
	0.08706526014850802	Kocak	bootstrap	210.0
	0.09403253561895841	Kocak	bootstrap	211.0
	0.08670237175167461	Kocak	bootstrap	212.0
	-0.1731624273066843	Kocak	bootstrap	213.0
	0.10726159301560267	Kocak	bootstrap	214.0
	-0.20787071419710612	Kocak	bootstrap	215.0
	-0.1096305227882568	Kocak	bootstrap	216.0
	-0.11653336509310508	Kocak	bootstrap	217.0
	-0.1440517883632415	Kocak	bootstrap	218.0
	-0.020128187560026323	Kocak	bootstrap	219.0
	-0.03770445931450128	Kocak	bootstrap	220.0
	-0.12020220644426294	Kocak	bootstrap	221.0
	-0.06192356086258277	Kocak	bootstrap	222.0
	0.07111041971067911	Kocak	bootstrap	223.0
	0.014874832367229196	Kocak	bootstrap	224.0
	-0.030844413483718913	Kocak	bootstrap	225.0
	0.07948370715922914	Kocak	bootstrap	226.0
	0.07417477649427884	Kocak	bootstrap	227.0
	-0.005265114535428772	Kocak	bootstrap	228.0
	-0.01456936651089702	Kocak	bootstrap	229.0
	0.10000631778351021	Kocak	bootstrap	230.0
	0.009858070861802126	Kocak	bootstrap	231.0
	0.24063879345596995	Kocak	bootstrap	232.0
	-0.04660178861020414	Kocak	bootstrap	233.0
	0.020151994647048088	Kocak	bootstrap	234.0
	-0.0022818065458340975	Kocak	bootstrap	235.0
	0.02864179343119666	Kocak	bootstrap	236.0
	0.057705205898746836	Kocak	bootstrap	237.0
	-0.10793721122731315	Kocak	bootstrap	238.0
	0.09917485507889667	Kocak	bootstrap	239.0
	0.056375986433101044	Kocak	bootstrap	240.0
	0.017193160534991314	Kocak	bootstrap	241.0
	-0.11174922704019652	Kocak	bootstrap	242.0
	-0.06167257753674127	Kocak	bootstrap	243.0
	-0.19886372570598487	Kocak	bootstrap	244.0
	-0.08821543952620114	Kocak	bootstrap	245.0
	-0.04317544573960319	Kocak	bootstrap	246.0
	-0.28954294494198063	Kocak	bootstrap	247.0
	0.07134042485444558	Kocak	bootstrap	248.0
	-0.014380109719990042	Kocak	bootstrap	249.0
	-0.03814793702374919	Kocak	bootstrap	250.0
	0.12362065442718251	Kocak	bootstrap	251.0
	0.0014569368135712857	Kocak	bootstrap	252.0
	0.11985170599702544	Kocak	bootstrap	253.0
	-0.1495246904190859	Kocak	bootstrap	254.0
	0.10643885162176625	Kocak	bootstrap	255.0
	-0.06506130799680232	Kocak	bootstrap	256.0
	-0.030866972593413422	Kocak	bootstrap	257.0
	0.08586647907074774	Kocak	bootstrap	258.0
	-0.031930785876751244	Kocak	bootstrap	259.0
	0.03030795536227915	Kocak	bootstrap	260.0
	0.04430888836465341	Kocak	bootstrap	261.0
	-0.11030321444899815	Kocak	bootstrap	262.0
	-0.08210444188263155	Kocak	bootstrap	263.0
	-0.11959456859366702	Kocak	bootstrap	264.0
	-0.21046968496643848	Kocak	bootstrap	265.0
	0.06038553069593755	Kocak	bootstrap	266.0
	0.06491257020569385	Kocak	bootstrap	267.0
	-0.12238350515328067	Kocak	bootstrap	268.0
	0.030290714633830707	Kocak	bootstrap	269.0
	-0.021635221243076597	Kocak	bootstrap	270.0
	-0.17142707210346275	Kocak	bootstrap	271.0
	-0.16262747458722204	Kocak	bootstrap	272.0
	0.04299605656923955	Kocak	bootstrap	273.0
	-0.03220335829024901	Kocak	bootstrap	274.0
	-0.03595315692771761	Kocak	bootstrap	275.0
	-0.12377890981770445	Kocak	bootstrap	276.0
	0.12105828383846129	Kocak	bootstrap	277.0
	-0.020010722462470376	Kocak	bootstrap	278.0
	-0.09886352405001997	Kocak	bootstrap	279.0
	-0.0817601929648264	Kocak	bootstrap	280.0
	-0.047181278514888625	Kocak	bootstrap	281.0
	-0.16087108298905983	Kocak	bootstrap	282.0
	-0.13375647254928635	Kocak	bootstrap	283.0
	-0.17641488053153775	Kocak	bootstrap	284.0
	-0.077030942030202	Kocak	bootstrap	285.0
	0.05130196502558082	Kocak	bootstrap	286.0
	-0.21699576151923106	Kocak	bootstrap	287.0
	0.05094529518144597	Kocak	bootstrap	288.0
	-0.04545313490989589	Kocak	bootstrap	289.0
	-0.036481837292711816	Kocak	bootstrap	290.0
	0.2133272194430491	Kocak	bootstrap	291.0
	-0.15654485694072307	Kocak	bootstrap	292.0
	0.03175950431415542	Kocak	bootstrap	293.0
	0.08348415630945727	Kocak	bootstrap	294.0
	-0.17418763814227267	Kocak	bootstrap	295.0
	0.018656085585452953	Kocak	bootstrap	296.0
	0.009390492683318374	Kocak	bootstrap	297.0
	0.050943841443618965	Kocak	bootstrap	298.0
	-0.043730632572419825	Kocak	bootstrap	299.0
	0.04613857686918532	Kocak	bootstrap	300.0
	0.16034294061059784	Kocak	bootstrap	301.0
	-0.17418566570326321	Kocak	bootstrap	302.0
	0.05953216883412393	Kocak	bootstrap	303.0
	-0.10593567617745236	Kocak	bootstrap	304.0
	0.05145526822636315	Kocak	bootstrap	305.0
	0.10067585932898826	Kocak	bootstrap	306.0
	0.03472561295975307	Kocak	bootstrap	307.0
	0.02106500334995909	Kocak	bootstrap	308.0
	-0.07436799477958322	Kocak	bootstrap	309.0
	0.04499612109643403	Kocak	bootstrap	310.0
	-0.02857190277902877	Kocak	bootstrap	311.0
	-0.0924492424129717	Kocak	bootstrap	312.0
	0.06708149180406542	Kocak	bootstrap	313.0
	0.1504091971749313	Kocak	bootstrap	314.0
	-0.14594519156526342	Kocak	bootstrap	315.0
	0.053395806474079155	Kocak	bootstrap	316.0
	0.08680324236521875	Kocak	bootstrap	317.0
	0.02525210224291463	Kocak	bootstrap	318.0
	-0.009051356000918442	Kocak	bootstrap	319.0
	-0.11226379113451346	Kocak	bootstrap	320.0
	0.000601090251017844	Kocak	bootstrap	321.0
	0.0610696601993852	Kocak	bootstrap	322.0
	-0.009970863719338308	Kocak	bootstrap	323.0
	-0.08245095676107583	Kocak	bootstrap	324.0
	0.09632548219324644	Kocak	bootstrap	325.0
	-0.053965471228829553	Kocak	bootstrap	326.0
	-0.036835116576219296	Kocak	bootstrap	327.0
	0.11684790638066556	Kocak	bootstrap	328.0
	-0.0368168040487582	Kocak	bootstrap	329.0
	-0.17172608065158412	Kocak	bootstrap	330.0
	-0.21969572814828764	Kocak	bootstrap	331.0
	-0.02759199183088823	Kocak	bootstrap	332.0
	0.10909948175100626	Kocak	bootstrap	333.0
	-0.08003870025831006	Kocak	bootstrap	334.0
	-0.11348932588609228	Kocak	bootstrap	335.0
	-0.049799564544215524	Kocak	bootstrap	336.0
	-0.08623427188784394	Kocak	bootstrap	337.0
	0.18443728870844556	Kocak	bootstrap	338.0
	-0.03968839388364165	Kocak	bootstrap	339.0
	0.0008728897228302834	Kocak	bootstrap	340.0
	-0.10227098095825715	Kocak	bootstrap	341.0
	-0.10728755086263542	Kocak	bootstrap	342.0
	-0.15490273306817048	Kocak	bootstrap	343.0
	0.004819369997031586	Kocak	bootstrap	344.0
	-0.08323890650116761	Kocak	bootstrap	345.0
	0.17419119329815969	Kocak	bootstrap	346.0
	0.04487025995573202	Kocak	bootstrap	347.0
	0.1074772025815256	Kocak	bootstrap	348.0
	-0.11670225238225873	Kocak	bootstrap	349.0
	-0.03908979807333468	Kocak	bootstrap	350.0
	0.07299681602938302	Kocak	bootstrap	351.0
	-0.03794414649212907	Kocak	bootstrap	352.0
	0.20328884732485708	Kocak	bootstrap	353.0
	-0.06529759331117413	Kocak	bootstrap	354.0
	-0.017881784566097014	Kocak	bootstrap	355.0
	0.1240532811517272	Kocak	bootstrap	356.0
	-0.025144300784973428	Kocak	bootstrap	357.0
	0.00022218847434185562	Kocak	bootstrap	358.0
	-0.04030303769466581	Kocak	bootstrap	359.0
	-0.06444851913001459	Kocak	bootstrap	360.0
	0.037538388450182314	Kocak	bootstrap	361.0
	-0.09650087801527096	Kocak	bootstrap	362.0
	-0.09533546827380723	Kocak	bootstrap	363.0
	-0.16392558362164777	Kocak	bootstrap	364.0
	0.08682170354327745	Kocak	bootstrap	365.0
	-0.03796379675821093	Kocak	bootstrap	366.0
	0.017669502787215574	Kocak	bootstrap	367.0
	0.07207647158160801	Kocak	bootstrap	368.0
	0.08985011468280879	Kocak	bootstrap	369.0
	0.16359036692842466	Kocak	bootstrap	370.0
	-0.1556333753853214	Kocak	bootstrap	371.0
	0.036270581527702905	Kocak	bootstrap	372.0
	-0.0803657379393159	Kocak	bootstrap	373.0
	0.2042897559109984	Kocak	bootstrap	374.0
	-0.03794288035224991	Kocak	bootstrap	375.0
	0.1134063369563143	Kocak	bootstrap	376.0
	-0.01225107534081582	Kocak	bootstrap	377.0
	-0.0790497129931258	Kocak	bootstrap	378.0
	0.10783896244210256	Kocak	bootstrap	379.0
	-0.06114629103792657	Kocak	bootstrap	380.0
	-0.019771515894550618	Kocak	bootstrap	381.0
	-0.1556673681784715	Kocak	bootstrap	382.0
	0.051096578783949465	Kocak	bootstrap	383.0
	0.05010916366101448	Kocak	bootstrap	384.0
	0.03485443032015256	Kocak	bootstrap	385.0
	-0.1181913959011367	Kocak	bootstrap	386.0
	0.007909401882840505	Kocak	bootstrap	387.0
	0.007726551044004548	Kocak	bootstrap	388.0
	0.15864984718121766	Kocak	bootstrap	389.0
	-0.17753059053619857	Kocak	bootstrap	390.0
	0.22495560716707397	Kocak	bootstrap	391.0
	-0.013833183366205315	Kocak	bootstrap	392.0
	-0.006967198280444897	Kocak	bootstrap	393.0
	0.06903528542624082	Kocak	bootstrap	394.0
	-0.023121626303449716	Kocak	bootstrap	395.0
	0.06898760602011889	Kocak	bootstrap	396.0
	-0.037892667440088346	Kocak	bootstrap	397.0
	-0.0007758991557604844	Kocak	bootstrap	398.0
	-0.13315781402835958	Kocak	bootstrap	399.0
	-0.06132850189768124	Kocak	bootstrap	400.0
	0.1957633357528228	Kocak	bootstrap	401.0
	-0.1701688581598475	Kocak	bootstrap	402.0
	0.12440559478659985	Kocak	bootstrap	403.0
	0.00514934968226477	Kocak	bootstrap	404.0
	0.17864939500933685	Kocak	bootstrap	405.0
	-0.02933297426184156	Kocak	bootstrap	406.0
	0.1754270911049538	Kocak	bootstrap	407.0
	-0.0360706108750537	Kocak	bootstrap	408.0
	-0.10010764251614956	Kocak	bootstrap	409.0
	-0.030264263482387754	Kocak	bootstrap	410.0
	-0.0760320334744109	Kocak	bootstrap	411.0
	0.06120857269980462	Kocak	bootstrap	412.0
	0.19370760660055675	Kocak	bootstrap	413.0
	-0.034564844742503986	Kocak	bootstrap	414.0
	-0.15690768925248655	Kocak	bootstrap	415.0
	-0.06962989529165231	Kocak	bootstrap	416.0
	-0.16127512978753478	Kocak	bootstrap	417.0
	0.10827659885033158	Kocak	bootstrap	418.0
	-0.1923835921092345	Kocak	bootstrap	419.0
	0.044869963109495536	Kocak	bootstrap	420.0
	-0.030760498119030366	Kocak	bootstrap	421.0
	0.124245773073143	Kocak	bootstrap	422.0
	-0.11671653844887464	Kocak	bootstrap	423.0
	-0.10354603379286598	Kocak	bootstrap	424.0
	-0.2595239393981257	Kocak	bootstrap	425.0
	-0.15738293300496853	Kocak	bootstrap	426.0
	0.13217761741745537	Kocak	bootstrap	427.0
	0.012333987859260098	Kocak	bootstrap	428.0
	-0.20831579422350766	Kocak	bootstrap	429.0
	0.017241074595187644	Kocak	bootstrap	430.0
	0.09151116872194986	Kocak	bootstrap	431.0
	-0.09792434738164824	Kocak	bootstrap	432.0
	0.002902833213478395	Kocak	bootstrap	433.0
	-0.08633534256453856	Kocak	bootstrap	434.0
	-0.025478941227947693	Kocak	bootstrap	435.0
	-0.0625215871009277	Kocak	bootstrap	436.0
	0.07132393369436363	Kocak	bootstrap	437.0
	-0.15767818598405636	Kocak	bootstrap	438.0
	-0.058041485350967204	Kocak	bootstrap	439.0
	0.18783396838816513	Kocak	bootstrap	440.0
	0.0887767965396189	Kocak	bootstrap	441.0
	0.0022541064610281936	Kocak	bootstrap	442.0
	0.05925340080905972	Kocak	bootstrap	443.0
	-0.04172156205639377	Kocak	bootstrap	444.0
	0.10037114105850664	Kocak	bootstrap	445.0
	0.053555148653886775	Kocak	bootstrap	446.0
	0.07807326408265203	Kocak	bootstrap	447.0
	-0.005125003839766329	Kocak	bootstrap	448.0
	-0.0897940910445656	Kocak	bootstrap	449.0
	-0.025064549308153605	Kocak	bootstrap	450.0
	0.10114053403804713	Kocak	bootstrap	451.0
	-0.0062470508534318014	Kocak	bootstrap	452.0
	0.10760633591652757	Kocak	bootstrap	453.0
	-0.042132437430887126	Kocak	bootstrap	454.0
	-0.05111131098640076	Kocak	bootstrap	455.0
	-0.1369015244634717	Kocak	bootstrap	456.0
	-0.02820141307315671	Kocak	bootstrap	457.0
	-0.19700189829705517	Kocak	bootstrap	458.0
	-0.0273189702089085	Kocak	bootstrap	459.0
	-0.19086461723601822	Kocak	bootstrap	460.0
	0.035517984157573235	Kocak	bootstrap	461.0
	0.1325658775297529	Kocak	bootstrap	462.0
	0.17041479846021934	Kocak	bootstrap	463.0
	0.13139854109770122	Kocak	bootstrap	464.0
	-0.05425928310358641	Kocak	bootstrap	465.0
	-0.04743690644584264	Kocak	bootstrap	466.0
	-0.08438777609057535	Kocak	bootstrap	467.0
	-0.06413701120955073	Kocak	bootstrap	468.0
	-0.007063334640044605	Kocak	bootstrap	469.0
	-0.10479614517199165	Kocak	bootstrap	470.0
	-0.04490589795366384	Kocak	bootstrap	471.0
	-0.017532072584526492	Kocak	bootstrap	472.0
	-0.07721398883682085	Kocak	bootstrap	473.0
	0.05479082939730562	Kocak	bootstrap	474.0
	-0.05282614562495169	Kocak	bootstrap	475.0
	-0.07636618698974562	Kocak	bootstrap	476.0
	-0.033642752060135006	Kocak	bootstrap	477.0
	-0.10186275939833278	Kocak	bootstrap	478.0
	0.023477106977738416	Kocak	bootstrap	479.0
	0.05559055419325709	Kocak	bootstrap	480.0
	-0.036037481575146746	Kocak	bootstrap	481.0
	-0.03977662542564486	Kocak	bootstrap	482.0
	0.05784291194184732	Kocak	bootstrap	483.0
	-0.09072499389063848	Kocak	bootstrap	484.0
	0.1470522573665498	Kocak	bootstrap	485.0
	0.08907913088831654	Kocak	bootstrap	486.0
	0.03252952053612823	Kocak	bootstrap	487.0
	-0.0914194745404786	Kocak	bootstrap	488.0
	-0.02669627716943701	Kocak	bootstrap	489.0
	-0.0419732895198246	Kocak	bootstrap	490.0
	0.12558156706900014	Kocak	bootstrap	491.0
	-0.07324113882158878	Kocak	bootstrap	492.0
	-0.04963501479658827	Kocak	bootstrap	493.0
	-0.11619391987093053	Kocak	bootstrap	494.0
	-0.08435882699324049	Kocak	bootstrap	495.0
	0.06355425833686335	Kocak	bootstrap	496.0
	-0.0972860941986391	Kocak	bootstrap	497.0
	-0.03492524756917925	Kocak	bootstrap	498.0
	-0.1090877226813789	Kocak	bootstrap	499.0
	-0.20638754178717988	Kocak	bootstrap	500.0
	0.04323758720960713	Kocak	bootstrap	501.0
	-0.1337152094347771	Kocak	bootstrap	502.0
	0.06136437030447128	Kocak	bootstrap	503.0
	0.09922823468562925	Kocak	bootstrap	504.0
	-0.0848103368494253	Kocak	bootstrap	505.0
	0.11436640306145618	Kocak	bootstrap	506.0
	0.046344341570492276	Kocak	bootstrap	507.0
	0.04046754854418788	Kocak	bootstrap	508.0
	-0.055380405023668366	Kocak	bootstrap	509.0
	0.01574665628114147	Kocak	bootstrap	510.0
	0.019318108556924507	Kocak	bootstrap	511.0
	-0.1045692991651701	Kocak	bootstrap	512.0
	0.010237163120067283	Kocak	bootstrap	513.0
	0.14352919065689917	Kocak	bootstrap	514.0
	0.032327690246912066	Kocak	bootstrap	515.0
	-0.07361495255658301	Kocak	bootstrap	516.0
	-0.11677113073327883	Kocak	bootstrap	517.0
	-0.05225854841322297	Kocak	bootstrap	518.0
	-0.03191064647101394	Kocak	bootstrap	519.0
	-0.11335184045433344	Kocak	bootstrap	520.0
	0.024592218541855893	Kocak	bootstrap	521.0
	0.10539113488225516	Kocak	bootstrap	522.0
	0.0073003232609063495	Kocak	bootstrap	523.0
	-0.06385707184658695	Kocak	bootstrap	524.0
	0.07628081908646545	Kocak	bootstrap	525.0
	-0.021595525897050827	Kocak	bootstrap	526.0
	-0.12208603840655785	Kocak	bootstrap	527.0
	-0.0542108166628914	Kocak	bootstrap	528.0
	0.12303064530658414	Kocak	bootstrap	529.0
	0.18236352746398632	Kocak	bootstrap	530.0
	-0.056729469966152024	Kocak	bootstrap	531.0
	-0.03493697052158762	Kocak	bootstrap	532.0
	0.06609427215861263	Kocak	bootstrap	533.0
	-0.146984189565738	Kocak	bootstrap	534.0
	-0.07840533463638	Kocak	bootstrap	535.0
	0.12822231735722012	Kocak	bootstrap	536.0
	-0.016776433310470296	Kocak	bootstrap	537.0
	-0.035449091559833334	Kocak	bootstrap	538.0
	0.11277076911206185	Kocak	bootstrap	539.0
	0.08757771012706961	Kocak	bootstrap	540.0
	-0.03655317520944745	Kocak	bootstrap	541.0
	-0.005077129877747222	Kocak	bootstrap	542.0
	-0.28755212544861175	Kocak	bootstrap	543.0
	0.05247355291609379	Kocak	bootstrap	544.0
	0.10381043450908001	Kocak	bootstrap	545.0
	-0.03412509128976904	Kocak	bootstrap	546.0
	0.01419362479497055	Kocak	bootstrap	547.0
	0.06134792503207587	Kocak	bootstrap	548.0
	0.10728527237394392	Kocak	bootstrap	549.0
	-0.11551939013826162	Kocak	bootstrap	550.0
	0.09202393109493823	Kocak	bootstrap	551.0
	0.002375675791579379	Kocak	bootstrap	552.0
	-0.005265404203573354	Kocak	bootstrap	553.0
	0.013973770776276151	Kocak	bootstrap	554.0
	-0.005220446762284947	Kocak	bootstrap	555.0
	0.040358606475166425	Kocak	bootstrap	556.0
	-0.09292692664075197	Kocak	bootstrap	557.0
	-0.15612929862767144	Kocak	bootstrap	558.0
	0.005316877591793556	Kocak	bootstrap	559.0
	-0.04129862008647445	Kocak	bootstrap	560.0
	-0.019509762163748334	Kocak	bootstrap	561.0
	0.059081390980395554	Kocak	bootstrap	562.0
	0.011381409927932129	Kocak	bootstrap	563.0
	-0.08868820362248542	Kocak	bootstrap	564.0
	0.04184614421661248	Kocak	bootstrap	565.0
	0.1088747760334372	Kocak	bootstrap	566.0
	-0.08957211808184784	Kocak	bootstrap	567.0
	-0.06311571058770538	Kocak	bootstrap	568.0
	-0.05366724470744577	Kocak	bootstrap	569.0
	-0.03258737773892362	Kocak	bootstrap	570.0
	-0.01915530853232772	Kocak	bootstrap	571.0
	-0.1367329350615889	Kocak	bootstrap	572.0
	-0.1375084617089386	Kocak	bootstrap	573.0
	0.10865012627510051	Kocak	bootstrap	574.0
	0.12419514614297933	Kocak	bootstrap	575.0
	-0.014492295857088333	Kocak	bootstrap	576.0
	0.035126821537095676	Kocak	bootstrap	577.0
	0.07368247905846204	Kocak	bootstrap	578.0
	0.034477757279468335	Kocak	bootstrap	579.0
	0.07232910703154749	Kocak	bootstrap	580.0
	0.030199393788368667	Kocak	bootstrap	581.0
	-0.08692890671515352	Kocak	bootstrap	582.0
	-0.04299648825712943	Kocak	bootstrap	583.0
	0.07615189258191224	Kocak	bootstrap	584.0
	0.08935004319903062	Kocak	bootstrap	585.0
	0.09230857993705444	Kocak	bootstrap	586.0
	-0.03936855066754319	Kocak	bootstrap	587.0
	-0.016671476377081884	Kocak	bootstrap	588.0
	-0.012923489100080676	Kocak	bootstrap	589.0
	-0.28420196437846235	Kocak	bootstrap	590.0
	-0.0058170338420659995	Kocak	bootstrap	591.0
	0.09451611116940839	Kocak	bootstrap	592.0
	0.042475484335907865	Kocak	bootstrap	593.0
	-0.11392463655258078	Kocak	bootstrap	594.0
	7.760373382570407e-06	Kocak	bootstrap	595.0
	-0.07140173952439088	Kocak	bootstrap	596.0
	0.20899138690735164	Kocak	bootstrap	597.0
	0.16726154833346696	Kocak	bootstrap	598.0
	-0.061992171480987235	Kocak	bootstrap	599.0
	-0.16860760269234953	Kocak	bootstrap	600.0
	0.07830103624996676	Kocak	bootstrap	601.0
	0.016658470025382677	Kocak	bootstrap	602.0
	-0.13968622891592286	Kocak	bootstrap	603.0
	-0.13424387787567893	Kocak	bootstrap	604.0
	-0.0701742131967995	Kocak	bootstrap	605.0
	0.058568969830672835	Kocak	bootstrap	606.0
	-0.12068715059438828	Kocak	bootstrap	607.0
	0.09423137580341212	Kocak	bootstrap	608.0
	0.08568615790234224	Kocak	bootstrap	609.0
	-0.01647643140308297	Kocak	bootstrap	610.0
	-0.0369503184296156	Kocak	bootstrap	611.0
	0.10501902228965632	Kocak	bootstrap	612.0
	-0.026777755481659504	Kocak	bootstrap	613.0
	-0.01824968920724901	Kocak	bootstrap	614.0
	0.008967960324337554	Kocak	bootstrap	615.0
	0.08799436854820719	Kocak	bootstrap	616.0
	0.16865249229992596	Kocak	bootstrap	617.0
	0.08595964878154083	Kocak	bootstrap	618.0
	-0.016818778148017355	Kocak	bootstrap	619.0
	0.05255513684850133	Kocak	bootstrap	620.0
	-0.21966138021617487	Kocak	bootstrap	621.0
	0.06386888896575238	Kocak	bootstrap	622.0
	-0.028250105891161503	Kocak	bootstrap	623.0
	0.04855067381643563	Kocak	bootstrap	624.0
	0.13605674424426883	Kocak	bootstrap	625.0
	0.07369074326451974	Kocak	bootstrap	626.0
	-0.08203487013331312	Kocak	bootstrap	627.0
	-0.12490847080950696	Kocak	bootstrap	628.0
	-0.035823828714371064	Kocak	bootstrap	629.0
	-0.004843200814960813	Kocak	bootstrap	630.0
	-0.07616735780107886	Kocak	bootstrap	631.0
	-0.10017833465556691	Kocak	bootstrap	632.0
	-0.16666964095058034	Kocak	bootstrap	633.0
	-0.007257462392997738	Kocak	bootstrap	634.0
	0.11496738900150882	Kocak	bootstrap	635.0
	-0.00018282185372742177	Kocak	bootstrap	636.0
	-0.044768653537849534	Kocak	bootstrap	637.0
	0.22953913768033507	Kocak	bootstrap	638.0
	-0.18698980200337134	Kocak	bootstrap	639.0
	0.058257383744347635	Kocak	bootstrap	640.0
	-0.07626821684909801	Kocak	bootstrap	641.0
	0.05681174302716885	Kocak	bootstrap	642.0
	-0.03157423065392084	Kocak	bootstrap	643.0
	0.13262478448145254	Kocak	bootstrap	644.0
	0.15515617413822547	Kocak	bootstrap	645.0
	0.04779612775896602	Kocak	bootstrap	646.0
	-0.07378537501071625	Kocak	bootstrap	647.0
	0.004995548190230625	Kocak	bootstrap	648.0
	0.09186826521861668	Kocak	bootstrap	649.0
	-0.020671029298902965	Kocak	bootstrap	650.0
	-0.03041796308986111	Kocak	bootstrap	651.0
	0.027987727138553797	Kocak	bootstrap	652.0
	-0.08969795628350319	Kocak	bootstrap	653.0
	-0.12089734246490114	Kocak	bootstrap	654.0
	0.0008775262114784077	Kocak	bootstrap	655.0
	-0.05961851635365045	Kocak	bootstrap	656.0
	0.2086836727856416	Kocak	bootstrap	657.0
	-0.1980110278535152	Kocak	bootstrap	658.0
	-0.024705616415241494	Kocak	bootstrap	659.0
	0.07166098272656729	Kocak	bootstrap	660.0
	0.057488617660237384	Kocak	bootstrap	661.0
	0.05928289155614053	Kocak	bootstrap	662.0
	-0.007964411949557881	Kocak	bootstrap	663.0
	-0.2518007145245562	Kocak	bootstrap	664.0
	-0.06813252488203236	Kocak	bootstrap	665.0
	-0.0841862910556963	Kocak	bootstrap	666.0
	-0.15892752886271122	Kocak	bootstrap	667.0
	0.23642938896632204	Kocak	bootstrap	668.0
	-0.1943927905986702	Kocak	bootstrap	669.0
	-0.10367280611232399	Kocak	bootstrap	670.0
	-0.06532892395740797	Kocak	bootstrap	671.0
	-0.021397188410598567	Kocak	bootstrap	672.0
	0.012642591696186312	Kocak	bootstrap	673.0
	0.01451761311580757	Kocak	bootstrap	674.0
	0.05381632192863384	Kocak	bootstrap	675.0
	0.05101875659856603	Kocak	bootstrap	676.0
	0.055888328723018965	Kocak	bootstrap	677.0
	0.10417620119390714	Kocak	bootstrap	678.0
	-0.014480267226400834	Kocak	bootstrap	679.0
	0.06450298332276105	Kocak	bootstrap	680.0
	0.013139074761628677	Kocak	bootstrap	681.0
	-0.007077210561266423	Kocak	bootstrap	682.0
	-0.11411195288279119	Kocak	bootstrap	683.0
	-0.08386796896033966	Kocak	bootstrap	684.0
	0.11583327862460502	Kocak	bootstrap	685.0
	-0.03818053325183923	Kocak	bootstrap	686.0
	0.16175370268767475	Kocak	bootstrap	687.0
	-0.04265819870505627	Kocak	bootstrap	688.0
	-0.11127598935930783	Kocak	bootstrap	689.0
	-0.05149535363387692	Kocak	bootstrap	690.0
	0.1675882529393431	Kocak	bootstrap	691.0
	0.10793392985746841	Kocak	bootstrap	692.0
	-0.021828137088241384	Kocak	bootstrap	693.0
	0.05562388290408382	Kocak	bootstrap	694.0
	-0.13887916572229475	Kocak	bootstrap	695.0
	0.0033877322078716965	Kocak	bootstrap	696.0
	-0.10174469435089994	Kocak	bootstrap	697.0
	0.12710662564879138	Kocak	bootstrap	698.0
	-0.08237721489515293	Kocak	bootstrap	699.0
	-0.08740284781196772	Kocak	bootstrap	700.0
	0.06619555266208454	Kocak	bootstrap	701.0
	0.20518482415618466	Kocak	bootstrap	702.0
	-0.14597475187831233	Kocak	bootstrap	703.0
	-0.19725979733316867	Kocak	bootstrap	704.0
	-0.03211379465196851	Kocak	bootstrap	705.0
	0.08718259980239518	Kocak	bootstrap	706.0
	-0.11082739942741071	Kocak	bootstrap	707.0
	-0.11083705798094634	Kocak	bootstrap	708.0
	0.07329480172133263	Kocak	bootstrap	709.0
	-0.2208817522649933	Kocak	bootstrap	710.0
	-0.048302355099925975	Kocak	bootstrap	711.0
	0.1884200787640551	Kocak	bootstrap	712.0
	-0.08242362477095311	Kocak	bootstrap	713.0
	-0.023989789039121856	Kocak	bootstrap	714.0
	-0.010963089706481188	Kocak	bootstrap	715.0
	-0.00908886265009512	Kocak	bootstrap	716.0
	0.13514289637521815	Kocak	bootstrap	717.0
	-0.0509525307397416	Kocak	bootstrap	718.0
	0.04185876199993244	Kocak	bootstrap	719.0
	-0.013307599436910955	Kocak	bootstrap	720.0
	-0.15033169921020484	Kocak	bootstrap	721.0
	0.007746718673117936	Kocak	bootstrap	722.0
	-0.0632929235099482	Kocak	bootstrap	723.0
	-0.1549701445662004	Kocak	bootstrap	724.0
	0.017106035868984737	Kocak	bootstrap	725.0
	-0.05500224706382806	Kocak	bootstrap	726.0
	0.18145776164994798	Kocak	bootstrap	727.0
	-0.02411098700482306	Kocak	bootstrap	728.0
	-0.024901489380488417	Kocak	bootstrap	729.0
	0.06070399760750611	Kocak	bootstrap	730.0
	-0.10583881995516675	Kocak	bootstrap	731.0
	-0.14252581214697724	Kocak	bootstrap	732.0
	-0.0008019277506430278	Kocak	bootstrap	733.0
	-0.042770175719760495	Kocak	bootstrap	734.0
	-0.05038094975851459	Kocak	bootstrap	735.0
	-0.13812581291017523	Kocak	bootstrap	736.0
	0.03126575562219891	Kocak	bootstrap	737.0
	0.04660395357526603	Kocak	bootstrap	738.0
	0.11210161499283089	Kocak	bootstrap	739.0
	-0.034618207493465114	Kocak	bootstrap	740.0
	0.08779978196685434	Kocak	bootstrap	741.0
	0.08902652964785718	Kocak	bootstrap	742.0
	-0.028472513695971813	Kocak	bootstrap	743.0
	0.08657995923155193	Kocak	bootstrap	744.0
	0.09837426915966141	Kocak	bootstrap	745.0
	-0.17824901911126645	Kocak	bootstrap	746.0
	-0.0972697225304131	Kocak	bootstrap	747.0
	0.11149027830699332	Kocak	bootstrap	748.0
	0.015376571059844135	Kocak	bootstrap	749.0
	0.0591662562232429	Kocak	bootstrap	750.0
	-0.11091010259746836	Kocak	bootstrap	751.0
	-0.09777232491042209	Kocak	bootstrap	752.0
	0.030781983473076924	Kocak	bootstrap	753.0
	0.02292152735137387	Kocak	bootstrap	754.0
	0.15928390990634744	Kocak	bootstrap	755.0
	-0.16157540707253926	Kocak	bootstrap	756.0
	-0.11466064916488028	Kocak	bootstrap	757.0
	-0.05427680289159342	Kocak	bootstrap	758.0
	0.14751947979331037	Kocak	bootstrap	759.0
	0.030170682589983677	Kocak	bootstrap	760.0
	0.05297680517953962	Kocak	bootstrap	761.0
	0.21775267014587785	Kocak	bootstrap	762.0
	-0.03923416207551478	Kocak	bootstrap	763.0
	-0.03153764750696775	Kocak	bootstrap	764.0
	-0.11419792638601534	Kocak	bootstrap	765.0
	0.13168594278313916	Kocak	bootstrap	766.0
	-0.022924735051011336	Kocak	bootstrap	767.0
	-0.20419764588608302	Kocak	bootstrap	768.0
	-0.0904872575457416	Kocak	bootstrap	769.0
	0.16823786336598667	Kocak	bootstrap	770.0
	-0.18725515529362724	Kocak	bootstrap	771.0
	-0.24203101746019318	Kocak	bootstrap	772.0
	0.12529048973088175	Kocak	bootstrap	773.0
	0.017303476208244017	Kocak	bootstrap	774.0
	0.15173744019550206	Kocak	bootstrap	775.0
	-0.01756936455905489	Kocak	bootstrap	776.0
	0.046460576144657484	Kocak	bootstrap	777.0
	0.030439211153861834	Kocak	bootstrap	778.0
	-0.1649224946757184	Kocak	bootstrap	779.0
	-0.037261601804462696	Kocak	bootstrap	780.0
	-0.05774289085587281	Kocak	bootstrap	781.0
	-0.16681056020455598	Kocak	bootstrap	782.0
	0.024252562517810272	Kocak	bootstrap	783.0
	0.17529918570087188	Kocak	bootstrap	784.0
	0.07554252168658104	Kocak	bootstrap	785.0
	-0.005507601568403242	Kocak	bootstrap	786.0
	0.057897506297276635	Kocak	bootstrap	787.0
	-0.13588899795194065	Kocak	bootstrap	788.0
	-0.12638664966662594	Kocak	bootstrap	789.0
	-0.17671841912444064	Kocak	bootstrap	790.0
	0.020162216662027888	Kocak	bootstrap	791.0
	0.05492821040611151	Kocak	bootstrap	792.0
	-0.18763422514510708	Kocak	bootstrap	793.0
	-0.020853886733001037	Kocak	bootstrap	794.0
	0.1820837013525476	Kocak	bootstrap	795.0
	-0.009348012702099062	Kocak	bootstrap	796.0
	0.1512105327616453	Kocak	bootstrap	797.0
	-0.00970854684943534	Kocak	bootstrap	798.0
	-0.10488595984787397	Kocak	bootstrap	799.0
	-0.04415155682468441	Kocak	bootstrap	800.0
	0.0226637860868264	Kocak	bootstrap	801.0
	-0.05090284886930663	Kocak	bootstrap	802.0
	0.03609303736933267	Kocak	bootstrap	803.0
	0.05516992965468992	Kocak	bootstrap	804.0
	0.04567142181122419	Kocak	bootstrap	805.0
	0.038554189855165344	Kocak	bootstrap	806.0
	-0.03606587043530052	Kocak	bootstrap	807.0
	0.07291072807736088	Kocak	bootstrap	808.0
	-0.0178390539770934	Kocak	bootstrap	809.0
	0.10904069090921897	Kocak	bootstrap	810.0
	-0.15479515673244215	Kocak	bootstrap	811.0
	-0.005485702782566548	Kocak	bootstrap	812.0
	-0.08448072506563742	Kocak	bootstrap	813.0
	-0.00085591266064311	Kocak	bootstrap	814.0
	0.1594017656459603	Kocak	bootstrap	815.0
	0.028845448442394783	Kocak	bootstrap	816.0
	-0.11429544033695826	Kocak	bootstrap	817.0
	-0.22172283454379782	Kocak	bootstrap	818.0
	-0.061985903548412935	Kocak	bootstrap	819.0
	-0.0955916818220004	Kocak	bootstrap	820.0
	-0.04180014929475151	Kocak	bootstrap	821.0
	-0.15782060886188987	Kocak	bootstrap	822.0
	-0.11025149228390818	Kocak	bootstrap	823.0
	-0.07288047828562627	Kocak	bootstrap	824.0
	-0.056725804388293444	Kocak	bootstrap	825.0
	-0.03228692742109063	Kocak	bootstrap	826.0
	-0.10007547023249508	Kocak	bootstrap	827.0
	0.01659751854399749	Kocak	bootstrap	828.0
	0.03135351118356011	Kocak	bootstrap	829.0
	-0.0010904959436759398	Kocak	bootstrap	830.0
	-0.0548381820957462	Kocak	bootstrap	831.0
	0.04502166547678765	Kocak	bootstrap	832.0
	-0.13001085388716893	Kocak	bootstrap	833.0
	0.08090272989311753	Kocak	bootstrap	834.0
	-0.05879715325829471	Kocak	bootstrap	835.0
	-0.18109244162853821	Kocak	bootstrap	836.0
	0.07034000481153635	Kocak	bootstrap	837.0
	-0.1457728905514757	Kocak	bootstrap	838.0
	-0.05392309940383022	Kocak	bootstrap	839.0
	-0.015327113713310858	Kocak	bootstrap	840.0
	-0.09932149606576512	Kocak	bootstrap	841.0
	-0.05255777048354471	Kocak	bootstrap	842.0
	-0.13369200249530833	Kocak	bootstrap	843.0
	-0.14121175750203596	Kocak	bootstrap	844.0
	0.11346287080992257	Kocak	bootstrap	845.0
	0.05987927993115072	Kocak	bootstrap	846.0
	-0.002355557980327827	Kocak	bootstrap	847.0
	0.08779162377299432	Kocak	bootstrap	848.0
	-0.15120301631944777	Kocak	bootstrap	849.0
	0.08557021876983839	Kocak	bootstrap	850.0
	-0.030436175103297547	Kocak	bootstrap	851.0
	-0.12804371975473217	Kocak	bootstrap	852.0
	-0.00024888583355586746	Kocak	bootstrap	853.0
	-0.018546227650851677	Kocak	bootstrap	854.0
	-0.2069764560050138	Kocak	bootstrap	855.0
	0.00046217132839077024	Kocak	bootstrap	856.0
	-0.008735828020534075	Kocak	bootstrap	857.0
	0.116950653169698	Kocak	bootstrap	858.0
	0.018760338674477683	Kocak	bootstrap	859.0
	0.0591699703289601	Kocak	bootstrap	860.0
	0.03698646874053457	Kocak	bootstrap	861.0
	0.01403917112350328	Kocak	bootstrap	862.0
	-0.036159168764427374	Kocak	bootstrap	863.0
	0.05469897431876625	Kocak	bootstrap	864.0
	0.06157132747852945	Kocak	bootstrap	865.0
	0.0318923323752065	Kocak	bootstrap	866.0
	-0.07531165302223819	Kocak	bootstrap	867.0
	0.007925523500822873	Kocak	bootstrap	868.0
	-0.07392434595658548	Kocak	bootstrap	869.0
	-0.1403455887118259	Kocak	bootstrap	870.0
	0.012311508355511425	Kocak	bootstrap	871.0
	-0.11785538265617035	Kocak	bootstrap	872.0
	0.02177974716065112	Kocak	bootstrap	873.0
	0.006831292986168691	Kocak	bootstrap	874.0
	0.17533126131806664	Kocak	bootstrap	875.0
	-0.11771262820643091	Kocak	bootstrap	876.0
	0.05319557387473228	Kocak	bootstrap	877.0
	0.008081678796780345	Kocak	bootstrap	878.0
	0.02328114331006015	Kocak	bootstrap	879.0
	-0.1687408651227167	Kocak	bootstrap	880.0
	0.04741262030058779	Kocak	bootstrap	881.0
	-0.15022601610692776	Kocak	bootstrap	882.0
	-0.15148756852703027	Kocak	bootstrap	883.0
	0.021753787777040845	Kocak	bootstrap	884.0
	-0.16222844633632771	Kocak	bootstrap	885.0
	-0.027564716049206073	Kocak	bootstrap	886.0
	0.03971396984700526	Kocak	bootstrap	887.0
	-0.03599615141442669	Kocak	bootstrap	888.0
	0.13900666076296542	Kocak	bootstrap	889.0
	-0.03467500585444139	Kocak	bootstrap	890.0
	0.13738063214850538	Kocak	bootstrap	891.0
	0.03969095405493217	Kocak	bootstrap	892.0
	-0.16977597200398442	Kocak	bootstrap	893.0
	-0.06413094019099397	Kocak	bootstrap	894.0
	0.00821076535045151	Kocak	bootstrap	895.0
	0.0008582963380985298	Kocak	bootstrap	896.0
	-0.006823120113450543	Kocak	bootstrap	897.0
	-0.1397846821987585	Kocak	bootstrap	898.0
	-0.0326852686727821	Kocak	bootstrap	899.0
	0.07127001574109926	Kocak	bootstrap	900.0
	0.10947937102840832	Kocak	bootstrap	901.0
	-0.0044453183234201	Kocak	bootstrap	902.0
	-0.03804380361015447	Kocak	bootstrap	903.0
	-0.06991263912910028	Kocak	bootstrap	904.0
	-0.13893140229498835	Kocak	bootstrap	905.0
	-0.05089850163025078	Kocak	bootstrap	906.0
	-0.1527274975874069	Kocak	bootstrap	907.0
	-0.028484154432580233	Kocak	bootstrap	908.0
	-0.09463825349396471	Kocak	bootstrap	909.0
	-0.07259241407035111	Kocak	bootstrap	910.0
	-0.1625074154357411	Kocak	bootstrap	911.0
	0.004356177979377929	Kocak	bootstrap	912.0
	0.02149339304351061	Kocak	bootstrap	913.0
	0.12866885288693064	Kocak	bootstrap	914.0
	0.014175385371027804	Kocak	bootstrap	915.0
	0.014582033270739814	Kocak	bootstrap	916.0
	-0.11543044569999195	Kocak	bootstrap	917.0
	-0.06929395481917444	Kocak	bootstrap	918.0
	-0.06109233893995647	Kocak	bootstrap	919.0
	-0.18812542830973467	Kocak	bootstrap	920.0
	-0.052753863780863774	Kocak	bootstrap	921.0
	-0.06677410039305887	Kocak	bootstrap	922.0
	-0.25000030108850524	Kocak	bootstrap	923.0
	0.04551810960430602	Kocak	bootstrap	924.0
	-0.07806081780424323	Kocak	bootstrap	925.0
	-0.09454490027022233	Kocak	bootstrap	926.0
	0.0014026500039818757	Kocak	bootstrap	927.0
	-0.16480363583213098	Kocak	bootstrap	928.0
	-0.03356651885017481	Kocak	bootstrap	929.0
	-0.03188672496418743	Kocak	bootstrap	930.0
	-0.04041049969264199	Kocak	bootstrap	931.0
	0.018577410591038124	Kocak	bootstrap	932.0
	-0.14329805006951402	Kocak	bootstrap	933.0
	-0.0695838069543826	Kocak	bootstrap	934.0
	0.016569045914587743	Kocak	bootstrap	935.0
	0.07405402842163467	Kocak	bootstrap	936.0
	0.04140936598831724	Kocak	bootstrap	937.0
	0.02545538577164752	Kocak	bootstrap	938.0
	-0.04520717459595547	Kocak	bootstrap	939.0
	0.051804370875956796	Kocak	bootstrap	940.0
	-0.14161386637864837	Kocak	bootstrap	941.0
	-0.10182740534193169	Kocak	bootstrap	942.0
	0.16880398333723612	Kocak	bootstrap	943.0
	-0.08828703865976317	Kocak	bootstrap	944.0
	0.07762691135343713	Kocak	bootstrap	945.0
	-0.04166935962765317	Kocak	bootstrap	946.0
	-0.06387035079124326	Kocak	bootstrap	947.0
	0.07629137905282546	Kocak	bootstrap	948.0
	-0.05921656430609756	Kocak	bootstrap	949.0
	-0.0007091632218281241	Kocak	bootstrap	950.0
	-0.032273108539863316	Kocak	bootstrap	951.0
	-0.03922797016317858	Kocak	bootstrap	952.0
	-0.00199450184431349	Kocak	bootstrap	953.0
	-0.016898098376008974	Kocak	bootstrap	954.0
	0.012805467937699433	Kocak	bootstrap	955.0
	-0.051152197249932474	Kocak	bootstrap	956.0
	-0.009611139740322017	Kocak	bootstrap	957.0
	0.1066844119509911	Kocak	bootstrap	958.0
	-0.14233953683311906	Kocak	bootstrap	959.0
	-0.01066919877863537	Kocak	bootstrap	960.0
	0.028549530336151374	Kocak	bootstrap	961.0
	0.02116924288095623	Kocak	bootstrap	962.0
	0.04811555927978528	Kocak	bootstrap	963.0
	-0.0017153110196836963	Kocak	bootstrap	964.0
	0.10445238524370959	Kocak	bootstrap	965.0
	0.06237582292128474	Kocak	bootstrap	966.0
	0.06161473272845974	Kocak	bootstrap	967.0
	0.16876151177068266	Kocak	bootstrap	968.0
	-0.23210242207589005	Kocak	bootstrap	969.0
	-0.17732032557716915	Kocak	bootstrap	970.0
	-0.1131674625122927	Kocak	bootstrap	971.0
	-0.00831478004665609	Kocak	bootstrap	972.0
	0.07702881732617639	Kocak	bootstrap	973.0
	-0.0009613464717768139	Kocak	bootstrap	974.0
	0.0013677626379200447	Kocak	bootstrap	975.0
	-0.19462721824507234	Kocak	bootstrap	976.0
	0.0047529076013486105	Kocak	bootstrap	977.0
	0.02953501884496479	Kocak	bootstrap	978.0
	-0.04053602582569171	Kocak	bootstrap	979.0
	-0.007810452705120152	Kocak	bootstrap	980.0
	0.024191466257732053	Kocak	bootstrap	981.0
	-0.16854145088236505	Kocak	bootstrap	982.0
	-0.03720396574787754	Kocak	bootstrap	983.0
	0.21508147485280338	Kocak	bootstrap	984.0
	0.006634121870154441	Kocak	bootstrap	985.0
	-0.029738308334648522	Kocak	bootstrap	986.0
	-0.21875571032998442	Kocak	bootstrap	987.0
	-0.01954155978793537	Kocak	bootstrap	988.0
	-0.09121407680097304	Kocak	bootstrap	989.0
	-0.04120130225563434	Kocak	bootstrap	990.0
	-0.12784953981659308	Kocak	bootstrap	991.0
	0.02951557881449718	Kocak	bootstrap	992.0
	0.022370009907622723	Kocak	bootstrap	993.0
	0.014999524988663193	Kocak	bootstrap	994.0
	-0.10223353561377913	Kocak	bootstrap	995.0
	-0.00849137199419614	Kocak	bootstrap	996.0
	-0.11402979860449047	Kocak	bootstrap	997.0
	-0.011036187311866286	Kocak	bootstrap	998.0
	0.03848898460074013	Kocak	bootstrap	999.0
	-0.11137874479697984	Kocak	bootstrap	1000.0
	-0.03886589799393958	Kocak	bootstrap	1001.0
	-0.06980043297919902	Kocak	bootstrap	1002.0
	-0.0071593496136834744	Kocak	bootstrap	1003.0
	-0.013307912583810477	Kocak	bootstrap	1004.0
	0.04627881048660054	Kocak	bootstrap	1005.0
	-0.04428598869403677	Kocak	bootstrap	1006.0
	-0.012950462609714997	Kocak	bootstrap	1007.0
	-0.0216088411579185	Kocak	bootstrap	1008.0
	-0.013614332781766159	Kocak	bootstrap	1009.0
	-0.1755857671171599	Kocak	bootstrap	1010.0
	0.02720135814323843	Kocak	bootstrap	1011.0
	-0.09054254835573561	Kocak	bootstrap	1012.0
	0.2817935995639931	Kocak	bootstrap	1013.0
	-0.031549501461270335	Kocak	bootstrap	1014.0
	0.18487000579908042	Kocak	bootstrap	1015.0
	0.02865868956595019	Kocak	bootstrap	1016.0
	-0.03534202620767868	Kocak	bootstrap	1017.0
	-0.11429715477522162	Kocak	bootstrap	1018.0
	-0.06726193442536044	Kocak	bootstrap	1019.0
	0.00235001694061987	Kocak	bootstrap	1020.0
	0.09414160288698525	Kocak	bootstrap	1021.0
	0.09395370751441057	Kocak	bootstrap	1022.0
	0.008322133643451579	Kocak	bootstrap	1023.0
	-0.04359145410651699	Kocak	bootstrap	1024.0
	-0.0774191045135062	Kocak	bootstrap	1025.0
	-0.045174787192992394	Kocak	bootstrap	1026.0
	-0.029725991108133787	Kocak	bootstrap	1027.0
	0.13576056733852226	Kocak	bootstrap	1028.0
	-0.12915304288311846	Kocak	bootstrap	1029.0
	0.08342745647624206	Kocak	bootstrap	1030.0
	-0.12161890280022991	Kocak	bootstrap	1031.0
	-0.05137215874074741	Kocak	bootstrap	1032.0
	-0.11919486815368341	Kocak	bootstrap	1033.0
	-0.13850174095058865	Kocak	bootstrap	1034.0
	0.1606361151793103	Kocak	bootstrap	1035.0
	0.1470128100926682	Kocak	bootstrap	1036.0
	-0.07118588916795199	Kocak	bootstrap	1037.0
	-0.04481353924064102	Kocak	bootstrap	1038.0
	-0.042662961760713713	Kocak	bootstrap	1039.0
	0.0965570181416111	Kocak	bootstrap	1040.0
	0.08266722590879283	Kocak	bootstrap	1041.0
	-0.12188294847577064	Kocak	bootstrap	1042.0
	0.08193839426428884	Kocak	bootstrap	1043.0
	-0.07683001422859581	Kocak	bootstrap	1044.0
	0.011237194285820262	Kocak	bootstrap	1045.0
	0.005397992100770299	Kocak	bootstrap	1046.0
	0.00020573022666336982	Kocak	bootstrap	1047.0
	-0.08012630369927454	Kocak	bootstrap	1048.0
	-0.037688970009277956	Kocak	bootstrap	1049.0
	-0.00612947298221167	Kocak	bootstrap	1050.0
	-0.11856939356585272	Kocak	bootstrap	1051.0
	0.024630208536556175	Kocak	bootstrap	1052.0
	-0.042338241105858376	Kocak	bootstrap	1053.0
	0.022040974649305323	Kocak	bootstrap	1054.0
	0.1379154587986231	Kocak	bootstrap	1055.0
	-0.03916172039147048	Kocak	bootstrap	1056.0
	-0.039834507986030054	Kocak	bootstrap	1057.0
	-0.10244919496248395	Kocak	bootstrap	1058.0
	0.2097964141582871	Kocak	bootstrap	1059.0
	0.02216027477776361	Kocak	bootstrap	1060.0
	0.03622953043767696	Kocak	bootstrap	1061.0
	-0.034834446406949215	Kocak	bootstrap	1062.0
	-0.03845978352486945	Kocak	bootstrap	1063.0
	-0.04380725902055138	Kocak	bootstrap	1064.0
	0.0035567639180174027	Kocak	bootstrap	1065.0
	-0.1234208256235032	Kocak	bootstrap	1066.0
	-0.0633938640046332	Kocak	bootstrap	1067.0
	0.13704704372874188	Kocak	bootstrap	1068.0
	0.005048566183491587	Kocak	bootstrap	1069.0
	0.22750012341451198	Kocak	bootstrap	1070.0
	-0.08659363846378954	Kocak	bootstrap	1071.0
	0.19764026341802632	Kocak	bootstrap	1072.0
	0.14614658086063637	Kocak	bootstrap	1073.0
	-0.050090548454781114	Kocak	bootstrap	1074.0
	-0.13731345027642128	Kocak	bootstrap	1075.0
	-0.000781415600852764	Kocak	bootstrap	1076.0
	-0.13883382743751138	Kocak	bootstrap	1077.0
	-0.08755152999118909	Kocak	bootstrap	1078.0
	0.023775844186944006	Kocak	bootstrap	1079.0
	0.08709102503348243	Kocak	bootstrap	1080.0
	-0.04824362634807722	Kocak	bootstrap	1081.0
	0.06560893180081084	Kocak	bootstrap	1082.0
	0.06824012849511574	Kocak	bootstrap	1083.0
	-0.08635543019941183	Kocak	bootstrap	1084.0
	-0.013264107446431694	Kocak	bootstrap	1085.0
	0.05661254403963589	Kocak	bootstrap	1086.0
	-0.05599958134861094	Kocak	bootstrap	1087.0
	0.04292625087063584	Kocak	bootstrap	1088.0
	-0.17444188208768496	Kocak	bootstrap	1089.0
	-0.07441110559182595	Kocak	bootstrap	1090.0
	-0.05175205334396882	Kocak	bootstrap	1091.0
	-0.14069615513085854	Kocak	bootstrap	1092.0
	-0.095997787933507	Kocak	bootstrap	1093.0
	0.07157433905876953	Kocak	bootstrap	1094.0
	-0.08256268272685041	Kocak	bootstrap	1095.0
	-0.04968187466922158	Kocak	bootstrap	1096.0
	-0.13794202945942713	Kocak	bootstrap	1097.0
	-0.08967652675466731	Kocak	bootstrap	1098.0
	0.008811512390593634	Kocak	bootstrap	1099.0
	-0.29332357216927596	Kocak	bootstrap	1100.0
	-0.1881903739940376	Kocak	bootstrap	1101.0
	0.00841871592439114	Kocak	bootstrap	1102.0
	-0.014939695234915007	Kocak	bootstrap	1103.0
	0.08793116601331352	Kocak	bootstrap	1104.0
	-0.00714515263269222	Kocak	bootstrap	1105.0
	0.1181739827074546	Kocak	bootstrap	1106.0
	0.08515715676888069	Kocak	bootstrap	1107.0
	0.023467427911451733	Kocak	bootstrap	1108.0
	-0.07521149246002912	Kocak	bootstrap	1109.0
	-0.10227396555662516	Kocak	bootstrap	1110.0
	0.053935549190781806	Kocak	bootstrap	1111.0
	0.059793721496387064	Kocak	bootstrap	1112.0
	-0.02919726888404517	Kocak	bootstrap	1113.0
	-0.11001299777140394	Kocak	bootstrap	1114.0
	0.06506148845124882	Kocak	bootstrap	1115.0
	-0.16819885906545018	Kocak	bootstrap	1116.0
	0.018043653822718664	Kocak	bootstrap	1117.0
	-0.17884020076763463	Kocak	bootstrap	1118.0
	-0.18973120305470337	Kocak	bootstrap	1119.0
	-0.004547286213501867	Kocak	bootstrap	1120.0
	0.08414919636537155	Kocak	bootstrap	1121.0
	-0.2051910785653317	Kocak	bootstrap	1122.0
	-0.03279922381307898	Kocak	bootstrap	1123.0
	0.09228578536209886	Kocak	bootstrap	1124.0
	0.06245893241774514	Kocak	bootstrap	1125.0
	-0.06705323144638031	Kocak	bootstrap	1126.0
	-0.04136372220756712	Kocak	bootstrap	1127.0
	-0.11980693922712593	Kocak	bootstrap	1128.0
	0.006456422277821616	Kocak	bootstrap	1129.0
	0.01928406034763208	Kocak	bootstrap	1130.0
	0.15499105572531713	Kocak	bootstrap	1131.0
	-0.232524669237701	Kocak	bootstrap	1132.0
	0.09798997117852037	Kocak	bootstrap	1133.0
	-0.05351277268728527	Kocak	bootstrap	1134.0
	-0.040515535110988043	Kocak	bootstrap	1135.0
	-0.08648934573000222	Kocak	bootstrap	1136.0
	-0.14894476781147636	Kocak	bootstrap	1137.0
	0.05493239730773336	Kocak	bootstrap	1138.0
	-0.09717537850023472	Kocak	bootstrap	1139.0
	-0.07269234425479132	Kocak	bootstrap	1140.0
	0.0038627693956234666	Kocak	bootstrap	1141.0
	-0.07844195595893089	Kocak	bootstrap	1142.0
	0.07528689980302117	Kocak	bootstrap	1143.0
	0.1199683184676239	Kocak	bootstrap	1144.0
	-0.03877311910869263	Kocak	bootstrap	1145.0
	-0.05400591378746222	Kocak	bootstrap	1146.0
	-0.11102658426816481	Kocak	bootstrap	1147.0
	-0.13286233617744792	Kocak	bootstrap	1148.0
	-0.09952904614212876	Kocak	bootstrap	1149.0
	-0.13305665873688577	Kocak	bootstrap	1150.0
	0.016362065996490482	Kocak	bootstrap	1151.0
	0.09231914568842248	Kocak	bootstrap	1152.0
	-0.2169971914277653	Kocak	bootstrap	1153.0
	0.07358264393492231	Kocak	bootstrap	1154.0
	-0.027200692026793316	Kocak	bootstrap	1155.0
	-0.12146448011990474	Kocak	bootstrap	1156.0
	-0.07415668096035599	Kocak	bootstrap	1157.0
	0.0015156860121230409	Kocak	bootstrap	1158.0
	0.008089679531405825	Kocak	bootstrap	1159.0
	0.049349280522036576	Kocak	bootstrap	1160.0
	-0.05894516043372233	Kocak	bootstrap	1161.0
	-0.0020648976999444457	Kocak	bootstrap	1162.0
	0.0018855673605870926	Kocak	bootstrap	1163.0
	-0.05748913462639216	Kocak	bootstrap	1164.0
	-0.2114211593241131	Kocak	bootstrap	1165.0
	-0.011462523541845737	Kocak	bootstrap	1166.0
	-0.1667781741836687	Kocak	bootstrap	1167.0
	0.05962789799249846	Kocak	bootstrap	1168.0
	-0.03563166336041945	Kocak	bootstrap	1169.0
	-0.034728075490831234	Kocak	bootstrap	1170.0
	-0.05919955551540346	Kocak	bootstrap	1171.0
	0.14225051069184147	Kocak	bootstrap	1172.0
	0.04032448376042552	Kocak	bootstrap	1173.0
	-0.04387202140421875	Kocak	bootstrap	1174.0
	-0.014645529589032424	Kocak	bootstrap	1175.0
	-0.03671068604458849	Kocak	bootstrap	1176.0
	-0.046318976130904854	Kocak	bootstrap	1177.0
	0.005055479808032892	Kocak	bootstrap	1178.0
	-0.005472089265022184	Kocak	bootstrap	1179.0
	0.07532724754039588	Kocak	bootstrap	1180.0
	0.04107055638402679	Kocak	bootstrap	1181.0
	0.11050213908231221	Kocak	bootstrap	1182.0
	0.06279477121934418	Kocak	bootstrap	1183.0
	-0.09332820543350318	Kocak	bootstrap	1184.0
	0.00298884900307117	Kocak	bootstrap	1185.0
	0.11400542300253358	Kocak	bootstrap	1186.0
	0.21928405930740835	Kocak	bootstrap	1187.0
	-0.07687634751369599	Kocak	bootstrap	1188.0
	-0.03816394095471409	Kocak	bootstrap	1189.0
	-0.027495696736257624	Kocak	bootstrap	1190.0
	-0.02283220209104808	Kocak	bootstrap	1191.0
	0.11046618024764676	Kocak	bootstrap	1192.0
	-0.10279815962183747	Kocak	bootstrap	1193.0
	-0.26879720809515995	Kocak	bootstrap	1194.0
	-0.08348807359372312	Kocak	bootstrap	1195.0
	0.010677454318255286	Kocak	bootstrap	1196.0
	0.009757416524774687	Kocak	bootstrap	1197.0
	-0.11724911216544776	Kocak	bootstrap	1198.0
	0.033905836981955595	Kocak	bootstrap	1199.0
	0.024786020852693547	Kocak	bootstrap	1200.0
	0.07619246537708424	Kocak	bootstrap	1201.0
	-0.10893921802133422	Kocak	bootstrap	1202.0
	0.01923702032128105	Kocak	bootstrap	1203.0
	0.025151954251070308	Kocak	bootstrap	1204.0
	-0.024180022660529765	Kocak	bootstrap	1205.0
	0.018553247053686217	Kocak	bootstrap	1206.0
	0.08310428028440331	Kocak	bootstrap	1207.0
	-0.025334547600476487	Kocak	bootstrap	1208.0
	-0.15762432926928494	Kocak	bootstrap	1209.0
	-0.1306771041289836	Kocak	bootstrap	1210.0
	-0.03709868054879584	Kocak	bootstrap	1211.0
	-0.04479792665045057	Kocak	bootstrap	1212.0
	-0.00018118305587266903	Kocak	bootstrap	1213.0
	0.02629014253938511	Kocak	bootstrap	1214.0
	-0.009530884287465291	Kocak	bootstrap	1215.0
	0.05972324434465337	Kocak	bootstrap	1216.0
	0.026577719441584602	Kocak	bootstrap	1217.0
	-0.10687124739870679	Kocak	bootstrap	1218.0
	-0.05846447830233714	Kocak	bootstrap	1219.0
	0.11967752311337909	Kocak	bootstrap	1220.0
	0.047045369334906884	Kocak	bootstrap	1221.0
	0.18570061696774864	Kocak	bootstrap	1222.0
	-0.1308473050934591	Kocak	bootstrap	1223.0
	-0.05105537585551856	Kocak	bootstrap	1224.0
	0.14089453309611644	Kocak	bootstrap	1225.0
	0.008374622584876867	Kocak	bootstrap	1226.0
	0.010727786244660642	Kocak	bootstrap	1227.0
	0.003475815602846044	Kocak	bootstrap	1228.0
	0.07349022498517899	Kocak	bootstrap	1229.0
	0.058157841399617105	Kocak	bootstrap	1230.0
	-0.08763173329725538	Kocak	bootstrap	1231.0
	0.07848482770785559	Kocak	bootstrap	1232.0
	-0.012023028434132499	Kocak	bootstrap	1233.0
	0.02054742618809824	Kocak	bootstrap	1234.0
	-0.31966438978347966	Kocak	bootstrap	1235.0
	0.051102970984577833	Kocak	bootstrap	1236.0
	-0.01613171590652529	Kocak	bootstrap	1237.0
	-0.056718281897491174	Kocak	bootstrap	1238.0
	0.02026219991470457	Kocak	bootstrap	1239.0
	-0.0981031074598282	Kocak	bootstrap	1240.0
	0.09736840312823913	Kocak	bootstrap	1241.0
	0.06506761427021024	Kocak	bootstrap	1242.0
	-0.09818110485004716	Kocak	bootstrap	1243.0
	-0.004513636391324738	Kocak	bootstrap	1244.0
	-0.017550217428083936	Kocak	bootstrap	1245.0
	-0.09374485676336253	Kocak	bootstrap	1246.0
	-0.12900832077832325	Kocak	bootstrap	1247.0
	0.08055838368364432	Kocak	bootstrap	1248.0
	0.04694507259836822	Kocak	bootstrap	1249.0
	-0.15446423333126402	Kocak	bootstrap	1250.0
	-0.056697687313422396	Kocak	bootstrap	1251.0
	0.0023289839149724934	Kocak	bootstrap	1252.0
	0.1491532083582925	Kocak	bootstrap	1253.0
	0.14453239637547988	Kocak	bootstrap	1254.0
	0.011266034748677711	Kocak	bootstrap	1255.0
	-0.03300162177412291	Kocak	bootstrap	1256.0
	-0.022027139241904692	Kocak	bootstrap	1257.0
	-0.007637430963365777	Kocak	bootstrap	1258.0
	-0.009955290297301467	Kocak	bootstrap	1259.0
	0.020569792559737454	Kocak	bootstrap	1260.0
	0.08250235682438678	Kocak	bootstrap	1261.0
	-0.010430171681830913	Kocak	bootstrap	1262.0
	-0.08702482871858352	Kocak	bootstrap	1263.0
	-0.12524374079746936	Kocak	bootstrap	1264.0
	0.02403756056875439	Kocak	bootstrap	1265.0
	0.031060398505662334	Kocak	bootstrap	1266.0
	0.0664905950134611	Kocak	bootstrap	1267.0
	-0.04097305048878752	Kocak	bootstrap	1268.0
	0.014842414245030078	Kocak	bootstrap	1269.0
	0.035010621245371354	Kocak	bootstrap	1270.0
	-0.078326604083502	Kocak	bootstrap	1271.0
	-0.04103194245668007	Kocak	bootstrap	1272.0
	-0.06420437065610951	Kocak	bootstrap	1273.0
	0.022481589575866323	Kocak	bootstrap	1274.0
	-0.05902767776525808	Kocak	bootstrap	1275.0
	-0.00947047718587024	Kocak	bootstrap	1276.0
	-0.20954600322430483	Kocak	bootstrap	1277.0
	-0.00544245572205293	Kocak	bootstrap	1278.0
	0.11234028975387167	Kocak	bootstrap	1279.0
	-0.0954724195261707	Kocak	bootstrap	1280.0
	-0.1085399489683252	Kocak	bootstrap	1281.0
	0.09466817565997099	Kocak	bootstrap	1282.0
	0.13568701530136895	Kocak	bootstrap	1283.0
	0.048100243770482276	Kocak	bootstrap	1284.0
	-0.04852709519500298	Kocak	bootstrap	1285.0
	0.14753353567311045	Kocak	bootstrap	1286.0
	-0.028642868056789617	Kocak	bootstrap	1287.0
	0.08023177144665938	Kocak	bootstrap	1288.0
	-0.14528538835381477	Kocak	bootstrap	1289.0
	-0.07600116511086652	Kocak	bootstrap	1290.0
	-0.03229151175353584	Kocak	bootstrap	1291.0
	0.08506037400527067	Kocak	bootstrap	1292.0
	0.03486982220395829	Kocak	bootstrap	1293.0
	0.10663403824520579	Kocak	bootstrap	1294.0
	-0.1702694896779895	Kocak	bootstrap	1295.0
	0.03219769165750774	Kocak	bootstrap	1296.0
	-0.12891702013371997	Kocak	bootstrap	1297.0
	-0.10264506644660143	Kocak	bootstrap	1298.0
	0.10217370303213347	Kocak	bootstrap	1299.0
	0.02369915078851914	Kocak	bootstrap	1300.0
	-0.040676329407498546	Kocak	bootstrap	1301.0
	0.10361146602846238	Kocak	bootstrap	1302.0
	-0.1342604330574324	Kocak	bootstrap	1303.0
	0.009369254466996324	Kocak	bootstrap	1304.0
	0.21313706673548083	Kocak	bootstrap	1305.0
	-0.004788319202505775	Kocak	bootstrap	1306.0
	-0.122640589497657	Kocak	bootstrap	1307.0
	-0.044085752095812225	Kocak	bootstrap	1308.0
	-0.25357334048698554	Kocak	bootstrap	1309.0
	0.061100068475956615	Kocak	bootstrap	1310.0
	0.055377840185594884	Kocak	bootstrap	1311.0
	-0.11085673216065661	Kocak	bootstrap	1312.0
	-0.18568820306693334	Kocak	bootstrap	1313.0
	-0.0604092077238545	Kocak	bootstrap	1314.0
	-0.07152683228757217	Kocak	bootstrap	1315.0
	-0.11419484431949511	Kocak	bootstrap	1316.0
	-0.009580822668314504	Kocak	bootstrap	1317.0
	0.16314536604855112	Kocak	bootstrap	1318.0
	0.012644966482116882	Kocak	bootstrap	1319.0
	-0.13452899722665324	Kocak	bootstrap	1320.0
	0.0280984460544369	Kocak	bootstrap	1321.0
	0.005577446557174515	Kocak	bootstrap	1322.0
	-0.06233850194732504	Kocak	bootstrap	1323.0
	-0.04816473237748786	Kocak	bootstrap	1324.0
	0.15221775996098907	Kocak	bootstrap	1325.0
	-0.204595331499569	Kocak	bootstrap	1326.0
	0.033701853200596155	Kocak	bootstrap	1327.0
	0.06786897615682719	Kocak	bootstrap	1328.0
	0.1579264240512388	Kocak	bootstrap	1329.0
	-0.04372369674884791	Kocak	bootstrap	1330.0
	-0.013692329173168538	Kocak	bootstrap	1331.0
	0.07952382467632235	Kocak	bootstrap	1332.0
	-0.009227267817758289	Kocak	bootstrap	1333.0
	-0.00041945652870412076	Kocak	bootstrap	1334.0
	0.06987592847825708	Kocak	bootstrap	1335.0
	0.1602239681479647	Kocak	bootstrap	1336.0
	0.11276407619175766	Kocak	bootstrap	1337.0
	-0.10503811185731227	Kocak	bootstrap	1338.0
	-0.04454691060530358	Kocak	bootstrap	1339.0
	-0.15218408086813495	Kocak	bootstrap	1340.0
	-0.06348864103758567	Kocak	bootstrap	1341.0
	0.07583996233743573	Kocak	bootstrap	1342.0
	0.18731953056238781	Kocak	bootstrap	1343.0
	-0.07261523908246703	Kocak	bootstrap	1344.0
	0.05560959317009706	Kocak	bootstrap	1345.0
	-0.06360159594499093	Kocak	bootstrap	1346.0
	0.05478737761872399	Kocak	bootstrap	1347.0
	-0.0329614270502514	Kocak	bootstrap	1348.0
	-0.15718569587508124	Kocak	bootstrap	1349.0
	-0.13119349091854815	Kocak	bootstrap	1350.0
	-0.008829453691325373	Kocak	bootstrap	1351.0
	-0.02924806607981001	Kocak	bootstrap	1352.0
	-0.04415135150628169	Kocak	bootstrap	1353.0
	-0.15512990425519568	Kocak	bootstrap	1354.0
	-0.07372826015391754	Kocak	bootstrap	1355.0
	0.0610842894710828	Kocak	bootstrap	1356.0
	-0.0047381421177190575	Kocak	bootstrap	1357.0
	0.09160008564310429	Kocak	bootstrap	1358.0
	-0.08829367265589472	Kocak	bootstrap	1359.0
	0.07003607528529754	Kocak	bootstrap	1360.0
	-0.07288881706631978	Kocak	bootstrap	1361.0
	0.06800474009103041	Kocak	bootstrap	1362.0
	0.09256624505130473	Kocak	bootstrap	1363.0
	0.07111950304428438	Kocak	bootstrap	1364.0
	-0.053428084340897186	Kocak	bootstrap	1365.0
	0.014558902969081355	Kocak	bootstrap	1366.0
	-0.01152484939332954	Kocak	bootstrap	1367.0
	-0.03180243199376642	Kocak	bootstrap	1368.0
	0.168770395158794	Kocak	bootstrap	1369.0
	-0.002687375129631242	Kocak	bootstrap	1370.0
	0.11830397261079906	Kocak	bootstrap	1371.0
	0.10914607823244138	Kocak	bootstrap	1372.0
	-0.08541867788105328	Kocak	bootstrap	1373.0
	0.05095674483473189	Kocak	bootstrap	1374.0
	0.13472930911046666	Kocak	bootstrap	1375.0
	-0.02517746001960397	Kocak	bootstrap	1376.0
	-0.18215412133775732	Kocak	bootstrap	1377.0
	-0.1589086336802752	Kocak	bootstrap	1378.0
	-0.04242274190035422	Kocak	bootstrap	1379.0
	-0.06007893186699187	Kocak	bootstrap	1380.0
	-0.16134005030981813	Kocak	bootstrap	1381.0
	0.02555231069407604	Kocak	bootstrap	1382.0
	0.049191325757054205	Kocak	bootstrap	1383.0
	0.02579236121207895	Kocak	bootstrap	1384.0
	0.009401201083081734	Kocak	bootstrap	1385.0
	0.020738959782602873	Kocak	bootstrap	1386.0
	-0.08896540714751655	Kocak	bootstrap	1387.0
	-0.07741755430761765	Kocak	bootstrap	1388.0
	0.07217164299162393	Kocak	bootstrap	1389.0
	-0.013237984869927555	Kocak	bootstrap	1390.0
	-0.1768365843715829	Kocak	bootstrap	1391.0
	0.2018459467874676	Kocak	bootstrap	1392.0
	0.052606718304331945	Kocak	bootstrap	1393.0
	0.10833659703117071	Kocak	bootstrap	1394.0
	0.0035007330138698833	Kocak	bootstrap	1395.0
	0.02555077380553028	Kocak	bootstrap	1396.0
	-0.09670123922787122	Kocak	bootstrap	1397.0
	-0.05023974103319384	Kocak	bootstrap	1398.0
	-0.006095967844220951	Kocak	bootstrap	1399.0
	-0.04494005202624152	Kocak	bootstrap	1400.0
	0.14009593415479404	Kocak	bootstrap	1401.0
	0.059346766023572695	Kocak	bootstrap	1402.0
	0.21176239109894057	Kocak	bootstrap	1403.0
	-0.08871303799882213	Kocak	bootstrap	1404.0
	-0.06337792643176465	Kocak	bootstrap	1405.0
	0.11088859643263405	Kocak	bootstrap	1406.0
	0.010719302425200805	Kocak	bootstrap	1407.0
	-0.1270013889576962	Kocak	bootstrap	1408.0
	-0.06576103119083943	Kocak	bootstrap	1409.0
	0.06701664757488413	Kocak	bootstrap	1410.0
	0.03671350627774306	Kocak	bootstrap	1411.0
	-0.03609310492487783	Kocak	bootstrap	1412.0
	-0.06410973188667013	Kocak	bootstrap	1413.0
	-0.01650936189687835	Kocak	bootstrap	1414.0
	0.012340450029550976	Kocak	bootstrap	1415.0
	-0.10485416068186204	Kocak	bootstrap	1416.0
	-0.027675173616763526	Kocak	bootstrap	1417.0
	-0.14976017844241696	Kocak	bootstrap	1418.0
	-0.18358317773370247	Kocak	bootstrap	1419.0
	-0.054500446576867034	Kocak	bootstrap	1420.0
	0.08625737377957732	Kocak	bootstrap	1421.0
	-0.09632108596939926	Kocak	bootstrap	1422.0
	-0.039659143364053406	Kocak	bootstrap	1423.0
	-0.16393245412135782	Kocak	bootstrap	1424.0
	0.02509562667467513	Kocak	bootstrap	1425.0
	0.02550430815552618	Kocak	bootstrap	1426.0
	0.0001283112764469685	Kocak	bootstrap	1427.0
	0.04860050580988551	Kocak	bootstrap	1428.0
	-0.1462611859033096	Kocak	bootstrap	1429.0
	-0.0031482745453743632	Kocak	bootstrap	1430.0
	-0.029250204087092335	Kocak	bootstrap	1431.0
	-0.057077081261001084	Kocak	bootstrap	1432.0
	0.04629180336308725	Kocak	bootstrap	1433.0
	-0.19549110762123467	Kocak	bootstrap	1434.0
	0.02534908200251751	Kocak	bootstrap	1435.0
	-0.06894798885855602	Kocak	bootstrap	1436.0
	-0.0030884973690428197	Kocak	bootstrap	1437.0
	0.14074207372278025	Kocak	bootstrap	1438.0
	-0.12273718011708779	Kocak	bootstrap	1439.0
	0.15745246350614073	Kocak	bootstrap	1440.0
	-0.04429600538352485	Kocak	bootstrap	1441.0
	0.033267026679836054	Kocak	bootstrap	1442.0
	-0.1285246675639944	Kocak	bootstrap	1443.0
	-0.03539698889304921	Kocak	bootstrap	1444.0
	0.004536321904001106	Kocak	bootstrap	1445.0
	-0.06962892021395417	Kocak	bootstrap	1446.0
	0.12061162236691958	Kocak	bootstrap	1447.0
	0.03030178111732562	Kocak	bootstrap	1448.0
	-0.022602608728714113	Kocak	bootstrap	1449.0
	-0.09054658650609637	Kocak	bootstrap	1450.0
	-0.04072807290429736	Kocak	bootstrap	1451.0
	0.18333109120932978	Kocak	bootstrap	1452.0
	-0.08854643322919209	Kocak	bootstrap	1453.0
	0.020060997016226878	Kocak	bootstrap	1454.0
	0.039708500015059656	Kocak	bootstrap	1455.0
	0.023324388280520303	Kocak	bootstrap	1456.0
	0.14506309880529056	Kocak	bootstrap	1457.0
	-0.10916645041298167	Kocak	bootstrap	1458.0
	0.1346438275342412	Kocak	bootstrap	1459.0
	0.029702786346298637	Kocak	bootstrap	1460.0
	-0.0646325462570081	Kocak	bootstrap	1461.0
	-0.1272868846095192	Kocak	bootstrap	1462.0
	0.053253776616787096	Kocak	bootstrap	1463.0
	0.08828102395618975	Kocak	bootstrap	1464.0
	-0.07423212201722107	Kocak	bootstrap	1465.0
	0.056858105590168684	Kocak	bootstrap	1466.0
	0.10534455752489391	Kocak	bootstrap	1467.0
	-0.01127703623369758	Kocak	bootstrap	1468.0
	0.12354880176552685	Kocak	bootstrap	1469.0
	0.05848925193269938	Kocak	bootstrap	1470.0
	0.004350232817587507	Kocak	bootstrap	1471.0
	-0.09468743657733025	Kocak	bootstrap	1472.0
	-0.009432083319777629	Kocak	bootstrap	1473.0
	-0.12287957802419625	Kocak	bootstrap	1474.0
	0.042083837903827526	Kocak	bootstrap	1475.0
	-0.009497055659093867	Kocak	bootstrap	1476.0
	-0.08849762075047085	Kocak	bootstrap	1477.0
	-0.001338072945943125	Kocak	bootstrap	1478.0
	0.1133060272512263	Kocak	bootstrap	1479.0
	-0.17043574163314945	Kocak	bootstrap	1480.0
	0.07023940549458008	Kocak	bootstrap	1481.0
	0.04576013412206814	Kocak	bootstrap	1482.0
	-0.15414049106393835	Kocak	bootstrap	1483.0
	-0.07928175019388384	Kocak	bootstrap	1484.0
	0.030661370868992677	Kocak	bootstrap	1485.0
	-0.07486540061476266	Kocak	bootstrap	1486.0
	-0.11772269026211779	Kocak	bootstrap	1487.0
	-0.025228646097328777	Kocak	bootstrap	1488.0
	0.04719978176651418	Kocak	bootstrap	1489.0
	-0.06843445897827882	Kocak	bootstrap	1490.0
	0.08792628912105505	Kocak	bootstrap	1491.0
	0.23978160280390126	Kocak	bootstrap	1492.0
	-0.1626334361761379	Kocak	bootstrap	1493.0
	0.12299575747133895	Kocak	bootstrap	1494.0
	-0.13054169972311236	Kocak	bootstrap	1495.0
	0.07835288160669718	Kocak	bootstrap	1496.0
	-0.029553188035103872	Kocak	bootstrap	1497.0
	-0.10096757720784177	Kocak	bootstrap	1498.0
	0.009103340580101982	Kocak	bootstrap	1499.0
	-0.11585350788170379	Kocak	bootstrap	1500.0
	-0.12965175633947634	Kocak	bootstrap	1501.0
	0.0843151593634981	Kocak	bootstrap	1502.0
	0.12654077570160283	Kocak	bootstrap	1503.0
	-0.005305472013166224	Kocak	bootstrap	1504.0
	-0.08580669096097271	Kocak	bootstrap	1505.0
	0.056490587837853656	Kocak	bootstrap	1506.0
	-0.09380737419050522	Kocak	bootstrap	1507.0
	-0.04631845504173704	Kocak	bootstrap	1508.0
	-0.04499135732438653	Kocak	bootstrap	1509.0
	-0.17169123000281195	Kocak	bootstrap	1510.0
	-0.03004121833346174	Kocak	bootstrap	1511.0
	0.18971716639076597	Kocak	bootstrap	1512.0
	0.027462699662261336	Kocak	bootstrap	1513.0
	0.0012654557449258697	Kocak	bootstrap	1514.0
	-0.04323362114514451	Kocak	bootstrap	1515.0
	0.18542813387532497	Kocak	bootstrap	1516.0
	0.13685391238638367	Kocak	bootstrap	1517.0
	-0.13465498660236097	Kocak	bootstrap	1518.0
	-0.003021831457586721	Kocak	bootstrap	1519.0
	-0.10931874672347996	Kocak	bootstrap	1520.0
	-0.04627276604654096	Kocak	bootstrap	1521.0
	-0.21010569120939993	Kocak	bootstrap	1522.0
	-0.08061277155240498	Kocak	bootstrap	1523.0
	-0.06793211121514986	Kocak	bootstrap	1524.0
	0.15236633340423733	Kocak	bootstrap	1525.0
	0.03251303033868247	Kocak	bootstrap	1526.0
	0.17670381661379864	Kocak	bootstrap	1527.0
	0.11478692416627734	Kocak	bootstrap	1528.0
	0.06092173338966944	Kocak	bootstrap	1529.0
	-0.022378084387395525	Kocak	bootstrap	1530.0
	0.009612581932434416	Kocak	bootstrap	1531.0
	0.051129615785021176	Kocak	bootstrap	1532.0
	0.2179939035321241	Kocak	bootstrap	1533.0
	0.05679598216033899	Kocak	bootstrap	1534.0
	0.13265692371400206	Kocak	bootstrap	1535.0
	-0.019888302013808534	Kocak	bootstrap	1536.0
	0.09339919896340731	Kocak	bootstrap	1537.0
	-0.04926643102791717	Kocak	bootstrap	1538.0
	0.04938028900898406	Kocak	bootstrap	1539.0
	-0.05684518307820596	Kocak	bootstrap	1540.0
	-0.09747704575176952	Kocak	bootstrap	1541.0
	0.0924514654130113	Kocak	bootstrap	1542.0
	-0.03469162247041835	Kocak	bootstrap	1543.0
	0.10560433614383147	Kocak	bootstrap	1544.0
	0.02626026975864937	Kocak	bootstrap	1545.0
	-0.034412779708241636	Kocak	bootstrap	1546.0
	0.032923409131759396	Kocak	bootstrap	1547.0
	0.14396861143285467	Kocak	bootstrap	1548.0
	-0.044262903590089664	Kocak	bootstrap	1549.0
	-0.07894927038267507	Kocak	bootstrap	1550.0
	0.03007460238660542	Kocak	bootstrap	1551.0
	-0.029655872402785555	Kocak	bootstrap	1552.0
	0.06662860003563864	Kocak	bootstrap	1553.0
	-0.1697971498784412	Kocak	bootstrap	1554.0
	-0.052950449305797065	Kocak	bootstrap	1555.0
	-0.2541928133210747	Kocak	bootstrap	1556.0
	-0.07164066206911768	Kocak	bootstrap	1557.0
	-0.08736801368449854	Kocak	bootstrap	1558.0
	0.062193175506467746	Kocak	bootstrap	1559.0
	-0.00598195184962913	Kocak	bootstrap	1560.0
	0.03538195850080461	Kocak	bootstrap	1561.0
	-0.09634478039157157	Kocak	bootstrap	1562.0
	-0.08425485051620374	Kocak	bootstrap	1563.0
	-0.027842795562380562	Kocak	bootstrap	1564.0
	0.06342083964201706	Kocak	bootstrap	1565.0
	0.009482676677406765	Kocak	bootstrap	1566.0
	0.04063778125731776	Kocak	bootstrap	1567.0
	-0.15847249422678722	Kocak	bootstrap	1568.0
	-0.012391432832024485	Kocak	bootstrap	1569.0
	-0.15418613417606553	Kocak	bootstrap	1570.0
	-0.08071593283272271	Kocak	bootstrap	1571.0
	0.04673912013328163	Kocak	bootstrap	1572.0
	-0.011398392589939021	Kocak	bootstrap	1573.0
	-0.034024453849991865	Kocak	bootstrap	1574.0
	-0.1108846539195052	Kocak	bootstrap	1575.0
	0.17863693731349217	Kocak	bootstrap	1576.0
	0.27969440854493	Kocak	bootstrap	1577.0
	0.05050619353430408	Kocak	bootstrap	1578.0
	-0.0946898539033243	Kocak	bootstrap	1579.0
	0.10193906723560486	Kocak	bootstrap	1580.0
	-0.1902767626424371	Kocak	bootstrap	1581.0
	-0.039929294214497535	Kocak	bootstrap	1582.0
	-0.007207369074913483	Kocak	bootstrap	1583.0
	0.2009574502223077	Kocak	bootstrap	1584.0
	0.012536410502090867	Kocak	bootstrap	1585.0
	0.04317463739090632	Kocak	bootstrap	1586.0
	-0.06092972959310172	Kocak	bootstrap	1587.0
	-0.016464517397715817	Kocak	bootstrap	1588.0
	0.039328501472281285	Kocak	bootstrap	1589.0
	0.11603557389692298	Kocak	bootstrap	1590.0
	-0.005277840139283452	Kocak	bootstrap	1591.0
	-0.002012642211883353	Kocak	bootstrap	1592.0
	0.0763838563860868	Kocak	bootstrap	1593.0
	-0.007966067121695453	Kocak	bootstrap	1594.0
	-0.08809572917992492	Kocak	bootstrap	1595.0
	0.07684844616698294	Kocak	bootstrap	1596.0
	0.04747431828171855	Kocak	bootstrap	1597.0
	-0.051882688034306845	Kocak	bootstrap	1598.0
	-0.21978338877929238	Kocak	bootstrap	1599.0
	-0.04967269316083511	Kocak	bootstrap	1600.0
	-0.09613336775647774	Kocak	bootstrap	1601.0
	-0.10703488752400858	Kocak	bootstrap	1602.0
	0.0744750848467235	Kocak	bootstrap	1603.0
	0.14202850225886898	Kocak	bootstrap	1604.0
	-0.047214479811546806	Kocak	bootstrap	1605.0
	-0.15325100462409935	Kocak	bootstrap	1606.0
	-0.1383999966364451	Kocak	bootstrap	1607.0
	-0.013959697764048595	Kocak	bootstrap	1608.0
	0.15207793675308423	Kocak	bootstrap	1609.0
	-0.1274758823590032	Kocak	bootstrap	1610.0
	-0.024835802693302433	Kocak	bootstrap	1611.0
	-0.11441332513136082	Kocak	bootstrap	1612.0
	0.05351659296258271	Kocak	bootstrap	1613.0
	0.017602274460943867	Kocak	bootstrap	1614.0
	0.015485887283228639	Kocak	bootstrap	1615.0
	-0.05990626315868797	Kocak	bootstrap	1616.0
	-0.022093021301903715	Kocak	bootstrap	1617.0
	0.0809222142294157	Kocak	bootstrap	1618.0
	-0.03780579083163094	Kocak	bootstrap	1619.0
	0.005901477842856995	Kocak	bootstrap	1620.0
	0.04490773271492854	Kocak	bootstrap	1621.0
	0.14252270422749014	Kocak	bootstrap	1622.0
	0.04892352554632495	Kocak	bootstrap	1623.0
	0.04669213886425583	Kocak	bootstrap	1624.0
	0.11088462548307065	Kocak	bootstrap	1625.0
	-0.023759716267155007	Kocak	bootstrap	1626.0
	-0.026829375968382863	Kocak	bootstrap	1627.0
	-0.016913524673852542	Kocak	bootstrap	1628.0
	0.038890622709542466	Kocak	bootstrap	1629.0
	-0.1073518943138887	Kocak	bootstrap	1630.0
	-0.10674299475665672	Kocak	bootstrap	1631.0
	-0.13600642721132683	Kocak	bootstrap	1632.0
	-0.15133260710119334	Kocak	bootstrap	1633.0
	0.09856842254325837	Kocak	bootstrap	1634.0
	-0.035312375805556684	Kocak	bootstrap	1635.0
	-0.17947596704720725	Kocak	bootstrap	1636.0
	0.025081839022051966	Kocak	bootstrap	1637.0
	-0.08150972090850894	Kocak	bootstrap	1638.0
	0.0072099737473632075	Kocak	bootstrap	1639.0
	-0.06452665675390801	Kocak	bootstrap	1640.0
	-0.03617610900706447	Kocak	bootstrap	1641.0
	-0.032179652143183635	Kocak	bootstrap	1642.0
	-0.12759449774887077	Kocak	bootstrap	1643.0
	-0.22208201139807393	Kocak	bootstrap	1644.0
	0.024104449995835164	Kocak	bootstrap	1645.0
	0.11617935106677901	Kocak	bootstrap	1646.0
	-0.014752379048102782	Kocak	bootstrap	1647.0
	-0.14121973615126482	Kocak	bootstrap	1648.0
	0.009238303181297702	Kocak	bootstrap	1649.0
	0.03391934700502608	Kocak	bootstrap	1650.0
	0.05524615231539798	Kocak	bootstrap	1651.0
	0.04052016783945245	Kocak	bootstrap	1652.0
	-0.03067279703693071	Kocak	bootstrap	1653.0
	0.042058659463870995	Kocak	bootstrap	1654.0
	0.15776754572446983	Kocak	bootstrap	1655.0
	-0.10012355455294397	Kocak	bootstrap	1656.0
	-0.1191134652893151	Kocak	bootstrap	1657.0
	-0.0357631496529871	Kocak	bootstrap	1658.0
	-0.09191846490912381	Kocak	bootstrap	1659.0
	0.11451207811926567	Kocak	bootstrap	1660.0
	0.09681997253457553	Kocak	bootstrap	1661.0
	0.0077120925243643335	Kocak	bootstrap	1662.0
	0.07770217443971861	Kocak	bootstrap	1663.0
	0.07989946316564112	Kocak	bootstrap	1664.0
	-0.006867893644904477	Kocak	bootstrap	1665.0
	0.022183726534387826	Kocak	bootstrap	1666.0
	0.024677669177057382	Kocak	bootstrap	1667.0
	-0.03282443138879243	Kocak	bootstrap	1668.0
	-0.027789279492561825	Kocak	bootstrap	1669.0
	-0.051692481052225236	Kocak	bootstrap	1670.0
	0.00994093764509607	Kocak	bootstrap	1671.0
	0.03286410545839136	Kocak	bootstrap	1672.0
	0.02970774847428892	Kocak	bootstrap	1673.0
	0.0073139138890949695	Kocak	bootstrap	1674.0
	-0.11765389158298989	Kocak	bootstrap	1675.0
	-0.1602524588286518	Kocak	bootstrap	1676.0
	0.028816584036342796	Kocak	bootstrap	1677.0
	-0.017473574643417145	Kocak	bootstrap	1678.0
	0.2563091958843353	Kocak	bootstrap	1679.0
	-0.1625831839841112	Kocak	bootstrap	1680.0
	-0.13593004880425497	Kocak	bootstrap	1681.0
	0.04457434241648217	Kocak	bootstrap	1682.0
	-0.05811277045430119	Kocak	bootstrap	1683.0
	-0.02217121325214544	Kocak	bootstrap	1684.0
	0.0028278038229485603	Kocak	bootstrap	1685.0
	-0.2400572650496473	Kocak	bootstrap	1686.0
	0.03192613485798512	Kocak	bootstrap	1687.0
	-0.08875428262006979	Kocak	bootstrap	1688.0
	-0.09703626668873389	Kocak	bootstrap	1689.0
	-0.027436278860306196	Kocak	bootstrap	1690.0
	0.03920923864822701	Kocak	bootstrap	1691.0
	-0.05458641335942982	Kocak	bootstrap	1692.0
	-0.13964225611431846	Kocak	bootstrap	1693.0
	0.013091037934208849	Kocak	bootstrap	1694.0
	-0.0035048676948408186	Kocak	bootstrap	1695.0
	-0.16508024264532528	Kocak	bootstrap	1696.0
	-0.10644681997688199	Kocak	bootstrap	1697.0
	-0.2528024442354768	Kocak	bootstrap	1698.0
	0.003165712623316441	Kocak	bootstrap	1699.0
	-0.04318850267673202	Kocak	bootstrap	1700.0
	-0.1324532589614682	Kocak	bootstrap	1701.0
	-0.0162544708149559	Kocak	bootstrap	1702.0
	0.07347330533754048	Kocak	bootstrap	1703.0
	-0.07523255144449736	Kocak	bootstrap	1704.0
	0.04643248141680889	Kocak	bootstrap	1705.0
	-0.06050916017529451	Kocak	bootstrap	1706.0
	0.01919465114785046	Kocak	bootstrap	1707.0
	-0.04590613024676404	Kocak	bootstrap	1708.0
	-0.020454296630628033	Kocak	bootstrap	1709.0
	-0.009022745853576097	Kocak	bootstrap	1710.0
	-0.019084865128941253	Kocak	bootstrap	1711.0
	-0.036956854251933624	Kocak	bootstrap	1712.0
	-0.1802630682915689	Kocak	bootstrap	1713.0
	0.15338601143128106	Kocak	bootstrap	1714.0
	-0.033580000623063544	Kocak	bootstrap	1715.0
	-0.1310539196884446	Kocak	bootstrap	1716.0
	0.026587186776767968	Kocak	bootstrap	1717.0
	0.05774665782679733	Kocak	bootstrap	1718.0
	0.017795796886753923	Kocak	bootstrap	1719.0
	-0.1256613680398906	Kocak	bootstrap	1720.0
	-0.1744052231389559	Kocak	bootstrap	1721.0
	0.06545099076279426	Kocak	bootstrap	1722.0
	-0.31932562787895913	Kocak	bootstrap	1723.0
	-0.11765943540361956	Kocak	bootstrap	1724.0
	0.19845109787856208	Kocak	bootstrap	1725.0
	0.03126606550534339	Kocak	bootstrap	1726.0
	0.07249240721208272	Kocak	bootstrap	1727.0
	-0.08721496516444471	Kocak	bootstrap	1728.0
	-0.011275926054734597	Kocak	bootstrap	1729.0
	0.139346374870982	Kocak	bootstrap	1730.0
	0.08193875739115475	Kocak	bootstrap	1731.0
	0.058524535745910544	Kocak	bootstrap	1732.0
	-0.01604950709178965	Kocak	bootstrap	1733.0
	0.19664213861558277	Kocak	bootstrap	1734.0
	0.1667711330789401	Kocak	bootstrap	1735.0
	0.12282255428735356	Kocak	bootstrap	1736.0
	-0.0404590221783363	Kocak	bootstrap	1737.0
	-0.11079045493183992	Kocak	bootstrap	1738.0
	0.029584551673632387	Kocak	bootstrap	1739.0
	-0.1225967278851261	Kocak	bootstrap	1740.0
	-0.05922642774101039	Kocak	bootstrap	1741.0
	0.0017795420258903683	Kocak	bootstrap	1742.0
	0.021262227799638822	Kocak	bootstrap	1743.0
	0.08955484714147444	Kocak	bootstrap	1744.0
	-0.07049047682876042	Kocak	bootstrap	1745.0
	-0.21433123623570616	Kocak	bootstrap	1746.0
	-0.03136539650158143	Kocak	bootstrap	1747.0
	-0.008819203985840574	Kocak	bootstrap	1748.0
	-0.03071467644414927	Kocak	bootstrap	1749.0
	0.06927061998155803	Kocak	bootstrap	1750.0
	-0.1649567657569202	Kocak	bootstrap	1751.0
	0.005020766275984023	Kocak	bootstrap	1752.0
	0.1783697248658469	Kocak	bootstrap	1753.0
	-0.25489276677213635	Kocak	bootstrap	1754.0
	0.06129868941495653	Kocak	bootstrap	1755.0
	-0.037889856560936686	Kocak	bootstrap	1756.0
	-0.11673128063615934	Kocak	bootstrap	1757.0
	-0.06586607442346182	Kocak	bootstrap	1758.0
	0.12601354082416139	Kocak	bootstrap	1759.0
	-0.023148442823472948	Kocak	bootstrap	1760.0
	0.19425912392410316	Kocak	bootstrap	1761.0
	-0.053446751673079884	Kocak	bootstrap	1762.0
	0.13958315426748946	Kocak	bootstrap	1763.0
	-0.019452132219355267	Kocak	bootstrap	1764.0
	-0.1373310298297561	Kocak	bootstrap	1765.0
	-0.059432336374226846	Kocak	bootstrap	1766.0
	-0.14434288361081693	Kocak	bootstrap	1767.0
	-0.16884144780351296	Kocak	bootstrap	1768.0
	-0.07264857434774319	Kocak	bootstrap	1769.0
	0.02923445590852891	Kocak	bootstrap	1770.0
	-0.054122154159054414	Kocak	bootstrap	1771.0
	-0.15196410061150134	Kocak	bootstrap	1772.0
	-0.07049178922925492	Kocak	bootstrap	1773.0
	-0.1493865735743749	Kocak	bootstrap	1774.0
	-0.17112854801227018	Kocak	bootstrap	1775.0
	0.13381339660419878	Kocak	bootstrap	1776.0
	-0.03024912366361976	Kocak	bootstrap	1777.0
	-0.09401535382384418	Kocak	bootstrap	1778.0
	0.010820959444693301	Kocak	bootstrap	1779.0
	0.14742362001021014	Kocak	bootstrap	1780.0
	0.07962733146768741	Kocak	bootstrap	1781.0
	0.12490515310660655	Kocak	bootstrap	1782.0
	-0.14451595930386985	Kocak	bootstrap	1783.0
	-0.08231618069879154	Kocak	bootstrap	1784.0
	0.15471603235870734	Kocak	bootstrap	1785.0
	-0.20264439148520452	Kocak	bootstrap	1786.0
	0.09782151665102568	Kocak	bootstrap	1787.0
	-0.00020579922750796342	Kocak	bootstrap	1788.0
	0.06857838033925034	Kocak	bootstrap	1789.0
	0.08437603667755367	Kocak	bootstrap	1790.0
	-0.08341507516352431	Kocak	bootstrap	1791.0
	-0.042070635808912016	Kocak	bootstrap	1792.0
	-0.12654239313467386	Kocak	bootstrap	1793.0
	0.045061522619418426	Kocak	bootstrap	1794.0
	0.13251754892800927	Kocak	bootstrap	1795.0
	0.11617774975246764	Kocak	bootstrap	1796.0
	-0.11237104754672256	Kocak	bootstrap	1797.0
	-0.0682071758186753	Kocak	bootstrap	1798.0
	0.07039578892532905	Kocak	bootstrap	1799.0
	-0.06859656982224305	Kocak	bootstrap	1800.0
	0.04673172264062897	Kocak	bootstrap	1801.0
	0.10101064819281325	Kocak	bootstrap	1802.0
	-0.07517663618997172	Kocak	bootstrap	1803.0
	-0.06867839148941002	Kocak	bootstrap	1804.0
	0.017487622018056648	Kocak	bootstrap	1805.0
	0.11339199287819968	Kocak	bootstrap	1806.0
	0.07495071181846802	Kocak	bootstrap	1807.0
	0.030830967417427857	Kocak	bootstrap	1808.0
	0.04206946530414468	Kocak	bootstrap	1809.0
	0.19175594006553398	Kocak	bootstrap	1810.0
	0.04493542887068447	Kocak	bootstrap	1811.0
	-0.06979158388806095	Kocak	bootstrap	1812.0
	-0.08200695168261829	Kocak	bootstrap	1813.0
	0.06715899802350389	Kocak	bootstrap	1814.0
	-0.01854409816462388	Kocak	bootstrap	1815.0
	-0.05056866304793539	Kocak	bootstrap	1816.0
	-0.0189695245407413	Kocak	bootstrap	1817.0
	-0.16161068929010503	Kocak	bootstrap	1818.0
	-0.01676739713501929	Kocak	bootstrap	1819.0
	0.004716410382231473	Kocak	bootstrap	1820.0
	0.08550373742539596	Kocak	bootstrap	1821.0
	-0.08959673038836691	Kocak	bootstrap	1822.0
	-0.07025688524319174	Kocak	bootstrap	1823.0
	0.05922220592542038	Kocak	bootstrap	1824.0
	-0.01736795870708807	Kocak	bootstrap	1825.0
	-0.039787560086986584	Kocak	bootstrap	1826.0
	0.07347343053962296	Kocak	bootstrap	1827.0
	0.14422440832449546	Kocak	bootstrap	1828.0
	-0.052590469128713124	Kocak	bootstrap	1829.0
	-0.007428071003617198	Kocak	bootstrap	1830.0
	-0.14197900242534356	Kocak	bootstrap	1831.0
	-0.22624422789249765	Kocak	bootstrap	1832.0
	0.021843134083594062	Kocak	bootstrap	1833.0
	0.041107597931376194	Kocak	bootstrap	1834.0
	0.04009194949254358	Kocak	bootstrap	1835.0
	-0.13141078750376778	Kocak	bootstrap	1836.0
	-0.10694499350032727	Kocak	bootstrap	1837.0
	0.11379316269470019	Kocak	bootstrap	1838.0
	-0.00020108402688645555	Kocak	bootstrap	1839.0
	-0.06260512949244079	Kocak	bootstrap	1840.0
	0.13908059601319112	Kocak	bootstrap	1841.0
	0.1498289026704307	Kocak	bootstrap	1842.0
	-0.028239290366322223	Kocak	bootstrap	1843.0
	-0.042548645211232916	Kocak	bootstrap	1844.0
	-0.19156318330878985	Kocak	bootstrap	1845.0
	-0.07453370409446469	Kocak	bootstrap	1846.0
	0.01702810945315436	Kocak	bootstrap	1847.0
	0.2129545304072522	Kocak	bootstrap	1848.0
	0.004169633186888344	Kocak	bootstrap	1849.0
	-0.011289062209857814	Kocak	bootstrap	1850.0
	-0.15241143638870192	Kocak	bootstrap	1851.0
	0.11847950405773355	Kocak	bootstrap	1852.0
	-0.06934798657466157	Kocak	bootstrap	1853.0
	0.058265625965138845	Kocak	bootstrap	1854.0
	0.006217233778665676	Kocak	bootstrap	1855.0
	0.024851081996810187	Kocak	bootstrap	1856.0
	0.013181353621925407	Kocak	bootstrap	1857.0
	-0.12362561290655405	Kocak	bootstrap	1858.0
	0.0678488981114187	Kocak	bootstrap	1859.0
	0.02005083273794339	Kocak	bootstrap	1860.0
	0.08040720261530554	Kocak	bootstrap	1861.0
	0.011011639642850568	Kocak	bootstrap	1862.0
	0.12918543898296875	Kocak	bootstrap	1863.0
	-0.1098937518858798	Kocak	bootstrap	1864.0
	-0.0946267337950788	Kocak	bootstrap	1865.0
	-0.02191582065464015	Kocak	bootstrap	1866.0
	0.05758318037814414	Kocak	bootstrap	1867.0
	-0.21262260675000633	Kocak	bootstrap	1868.0
	0.005477067265439839	Kocak	bootstrap	1869.0
	-0.008260179183550598	Kocak	bootstrap	1870.0
	-0.05770452673156923	Kocak	bootstrap	1871.0
	0.07238467899072987	Kocak	bootstrap	1872.0
	-0.04336045443433223	Kocak	bootstrap	1873.0
	0.09204357610651037	Kocak	bootstrap	1874.0
	0.00675539158985039	Kocak	bootstrap	1875.0
	0.041485800870096234	Kocak	bootstrap	1876.0
	0.13853956370718068	Kocak	bootstrap	1877.0
	0.026386726255593018	Kocak	bootstrap	1878.0
	0.10120267702206442	Kocak	bootstrap	1879.0
	0.019592833953666844	Kocak	bootstrap	1880.0
	0.10337800251498885	Kocak	bootstrap	1881.0
	0.05566730118492025	Kocak	bootstrap	1882.0
	0.05958572948584173	Kocak	bootstrap	1883.0
	0.03174165897127601	Kocak	bootstrap	1884.0
	-0.19911349228562925	Kocak	bootstrap	1885.0
	-0.08051406368700498	Kocak	bootstrap	1886.0
	-0.12379444109252447	Kocak	bootstrap	1887.0
	-0.042967074451793597	Kocak	bootstrap	1888.0
	0.18554619237784653	Kocak	bootstrap	1889.0
	0.13279774598233374	Kocak	bootstrap	1890.0
	0.03367305388519748	Kocak	bootstrap	1891.0
	-0.09023290588965338	Kocak	bootstrap	1892.0
	0.06022938346809292	Kocak	bootstrap	1893.0
	0.020604509362671664	Kocak	bootstrap	1894.0
	0.2124819584428792	Kocak	bootstrap	1895.0
	-0.1361562516923649	Kocak	bootstrap	1896.0
	0.000762173746805761	Kocak	bootstrap	1897.0
	-0.04342212416298308	Kocak	bootstrap	1898.0
	-0.07547811719471298	Kocak	bootstrap	1899.0
	-0.048766185717781685	Kocak	bootstrap	1900.0
	0.07807781390133961	Kocak	bootstrap	1901.0
	0.2240837195002099	Kocak	bootstrap	1902.0
	-0.04842852736537662	Kocak	bootstrap	1903.0
	0.029661827518012718	Kocak	bootstrap	1904.0
	0.0260308045298574	Kocak	bootstrap	1905.0
	0.05897129967741943	Kocak	bootstrap	1906.0
	0.03572479073509838	Kocak	bootstrap	1907.0
	0.08921524099770428	Kocak	bootstrap	1908.0
	-0.02257822566245693	Kocak	bootstrap	1909.0
	0.0023396796131498476	Kocak	bootstrap	1910.0
	-0.0424943328802434	Kocak	bootstrap	1911.0
	-0.08009097017581057	Kocak	bootstrap	1912.0
	0.051635048515789705	Kocak	bootstrap	1913.0
	-0.03721201105316929	Kocak	bootstrap	1914.0
	0.10310317162139704	Kocak	bootstrap	1915.0
	0.029895739557407097	Kocak	bootstrap	1916.0
	-0.08302648234262033	Kocak	bootstrap	1917.0
	0.004541016060601866	Kocak	bootstrap	1918.0
	-0.03058662367639764	Kocak	bootstrap	1919.0
	-0.30056663870361566	Kocak	bootstrap	1920.0
	0.06867091806460657	Kocak	bootstrap	1921.0
	-0.12003619769490115	Kocak	bootstrap	1922.0
	-0.016235031954897394	Kocak	bootstrap	1923.0
	-0.003152658554439469	Kocak	bootstrap	1924.0
	-0.11221508049418949	Kocak	bootstrap	1925.0
	-0.004336709012918494	Kocak	bootstrap	1926.0
	0.015964450535618457	Kocak	bootstrap	1927.0
	-0.06448250793201149	Kocak	bootstrap	1928.0
	-0.11908210288555887	Kocak	bootstrap	1929.0
	0.00242406208019208	Kocak	bootstrap	1930.0
	0.03127395938931299	Kocak	bootstrap	1931.0
	-0.03414094388718736	Kocak	bootstrap	1932.0
	0.09229129604059683	Kocak	bootstrap	1933.0
	-0.023062662717849403	Kocak	bootstrap	1934.0
	-0.038827384943018295	Kocak	bootstrap	1935.0
	0.21028481708958635	Kocak	bootstrap	1936.0
	-0.15856517706775408	Kocak	bootstrap	1937.0
	-0.20136851608532647	Kocak	bootstrap	1938.0
	-0.09319664885073387	Kocak	bootstrap	1939.0
	0.012407910753902573	Kocak	bootstrap	1940.0
	0.2043066778935163	Kocak	bootstrap	1941.0
	0.12861104398272438	Kocak	bootstrap	1942.0
	-0.07354041323447236	Kocak	bootstrap	1943.0
	0.06585916616654952	Kocak	bootstrap	1944.0
	-0.13323647926639293	Kocak	bootstrap	1945.0
	-0.026636961858261365	Kocak	bootstrap	1946.0
	-0.1260508402760081	Kocak	bootstrap	1947.0
	0.03328410733240661	Kocak	bootstrap	1948.0
	0.13261239402440328	Kocak	bootstrap	1949.0
	0.062150254177752995	Kocak	bootstrap	1950.0
	-0.05255049311244253	Kocak	bootstrap	1951.0
	0.14146061247400699	Kocak	bootstrap	1952.0
	0.05442138765020754	Kocak	bootstrap	1953.0
	0.09107672923643806	Kocak	bootstrap	1954.0
	-0.04416929356227861	Kocak	bootstrap	1955.0
	-0.08104038641306044	Kocak	bootstrap	1956.0
	0.0027555990186076684	Kocak	bootstrap	1957.0
	0.05820045773636684	Kocak	bootstrap	1958.0
	-0.1230262629650074	Kocak	bootstrap	1959.0
	0.17605162553978415	Kocak	bootstrap	1960.0
	0.046427158558777215	Kocak	bootstrap	1961.0
	-0.053760821773234824	Kocak	bootstrap	1962.0
	-0.07059810832606184	Kocak	bootstrap	1963.0
	0.04070119323912991	Kocak	bootstrap	1964.0
	-0.2587913857908428	Kocak	bootstrap	1965.0
	0.09942457209983502	Kocak	bootstrap	1966.0
	0.05745137046889104	Kocak	bootstrap	1967.0
	-0.03141456805422882	Kocak	bootstrap	1968.0
	0.1208746388233286	Kocak	bootstrap	1969.0
	-0.14147791526119802	Kocak	bootstrap	1970.0
	-0.07830127309037005	Kocak	bootstrap	1971.0
	-0.10166725953603484	Kocak	bootstrap	1972.0
	-0.09005836036450487	Kocak	bootstrap	1973.0
	-0.17427063749913474	Kocak	bootstrap	1974.0
	-0.04795082415811747	Kocak	bootstrap	1975.0
	0.19354416336255387	Kocak	bootstrap	1976.0
	-0.038036834969440214	Kocak	bootstrap	1977.0
	-0.12085675341924107	Kocak	bootstrap	1978.0
	-0.12875307786620738	Kocak	bootstrap	1979.0
	0.050539943201878934	Kocak	bootstrap	1980.0
	0.0887193239607682	Kocak	bootstrap	1981.0
	-0.004171103909435203	Kocak	bootstrap	1982.0
	-0.07994452277068032	Kocak	bootstrap	1983.0
	0.012871858169666961	Kocak	bootstrap	1984.0
	-0.09990530121394903	Kocak	bootstrap	1985.0
	-0.01909408418530978	Kocak	bootstrap	1986.0
	0.053664194805429055	Kocak	bootstrap	1987.0
	0.04644549571493073	Kocak	bootstrap	1988.0
	-0.13381666006205295	Kocak	bootstrap	1989.0
	0.23303761632367248	Kocak	bootstrap	1990.0
	-0.0302881746264565	Kocak	bootstrap	1991.0
	-0.013888197697873306	Kocak	bootstrap	1992.0
	0.014569954670895058	Kocak	bootstrap	1993.0
	-0.0762022042815329	Kocak	bootstrap	1994.0
	-0.04094172801941465	Kocak	bootstrap	1995.0
	-0.10003281723008994	Kocak	bootstrap	1996.0
	-0.04107992167695773	Kocak	bootstrap	1997.0
	0.03362425627606225	Kocak	bootstrap	1998.0
	0.015484766823956164	Kocak	bootstrap	1999.0
	0.008474042584394326	Kocak	bootstrap	2000.0
