perm_id	delta_ccd_draw	database_name	draw_type	bootstrap_id
1.0	-0.04633265490399596	SEQC	permutation	
2.0	0.12883272890020336	SEQC	permutation	
3.0	-0.09357819781253163	SEQC	permutation	
4.0	-0.014497455133449133	SEQC	permutation	
5.0	0.19018151972301167	SEQC	permutation	
6.0	0.06565311683720765	SEQC	permutation	
7.0	-0.16245949940200166	SEQC	permutation	
8.0	-0.050737392816798454	SEQC	permutation	
9.0	-0.15910960792174578	SEQC	permutation	
10.0	0.05574515388247647	SEQC	permutation	
11.0	-0.012961176622323212	SEQC	permutation	
12.0	-0.16999674360863581	SEQC	permutation	
13.0	-0.057620474390895016	SEQC	permutation	
14.0	-0.029939357865994776	SEQC	permutation	
15.0	0.02553808340637742	SEQC	permutation	
16.0	-0.08733383268761452	SEQC	permutation	
17.0	-0.018311382816769584	SEQC	permutation	
18.0	0.07552947584381053	SEQC	permutation	
19.0	-0.15901558797294912	SEQC	permutation	
20.0	-0.023213569308281112	SEQC	permutation	
21.0	-0.20775914919810834	SEQC	permutation	
22.0	0.06201816871196009	SEQC	permutation	
23.0	-0.048822251212464085	SEQC	permutation	
24.0	0.027800788337983384	SEQC	permutation	
25.0	0.12742027926154753	SEQC	permutation	
26.0	0.15877860250204723	SEQC	permutation	
27.0	-0.026424996015548263	SEQC	permutation	
28.0	0.00854186229435916	SEQC	permutation	
29.0	0.018609387483266904	SEQC	permutation	
30.0	-0.01593020057131911	SEQC	permutation	
31.0	0.18391428632053763	SEQC	permutation	
32.0	-0.19407378686144616	SEQC	permutation	
33.0	-0.004468592461208676	SEQC	permutation	
34.0	0.11501110186940755	SEQC	permutation	
35.0	-0.051394574132390236	SEQC	permutation	
36.0	0.018053715528384195	SEQC	permutation	
37.0	-0.1124517530494531	SEQC	permutation	
38.0	0.010124231485581614	SEQC	permutation	
39.0	0.14224782020877225	SEQC	permutation	
40.0	-0.02833171234834131	SEQC	permutation	
41.0	0.023161619043572834	SEQC	permutation	
42.0	0.041978435210390685	SEQC	permutation	
43.0	-0.05362363204260934	SEQC	permutation	
44.0	0.10343266657681394	SEQC	permutation	
45.0	-0.0006674373302808512	SEQC	permutation	
46.0	0.059408131369601325	SEQC	permutation	
47.0	-0.023407519268129562	SEQC	permutation	
48.0	-0.1314947903549717	SEQC	permutation	
49.0	0.0609700664271986	SEQC	permutation	
50.0	0.01973069534335492	SEQC	permutation	
51.0	0.04248718019394193	SEQC	permutation	
52.0	-0.05050507957771311	SEQC	permutation	
53.0	-0.020116716786380273	SEQC	permutation	
54.0	0.1215008977319667	SEQC	permutation	
55.0	-0.07076708641458662	SEQC	permutation	
56.0	-0.07971745907002425	SEQC	permutation	
57.0	0.05593274649625757	SEQC	permutation	
58.0	0.14374919188242608	SEQC	permutation	
59.0	0.07231033226164119	SEQC	permutation	
60.0	-0.050855524340489566	SEQC	permutation	
61.0	0.051722501611311866	SEQC	permutation	
62.0	0.0748417566054762	SEQC	permutation	
63.0	0.17088950981514062	SEQC	permutation	
64.0	0.10671963071058332	SEQC	permutation	
65.0	-0.06792392410706238	SEQC	permutation	
66.0	0.11651147169120257	SEQC	permutation	
67.0	-0.14051732223670932	SEQC	permutation	
68.0	-0.009471258983726027	SEQC	permutation	
69.0	0.09551423289121708	SEQC	permutation	
70.0	-0.005134942019837219	SEQC	permutation	
71.0	0.20313201533026382	SEQC	permutation	
72.0	0.10046112405981056	SEQC	permutation	
73.0	-0.1399578210590522	SEQC	permutation	
74.0	0.09969915217833192	SEQC	permutation	
75.0	0.10824510424936751	SEQC	permutation	
76.0	0.2164826106373572	SEQC	permutation	
77.0	0.005905326382473319	SEQC	permutation	
78.0	0.046752252346546896	SEQC	permutation	
79.0	0.11544603552474308	SEQC	permutation	
80.0	0.007570966180550975	SEQC	permutation	
81.0	0.12194694969203601	SEQC	permutation	
82.0	-0.10170011305852933	SEQC	permutation	
83.0	-0.024757651084747145	SEQC	permutation	
84.0	0.04089739561027672	SEQC	permutation	
85.0	0.17401414261728165	SEQC	permutation	
86.0	-0.0659698814420393	SEQC	permutation	
87.0	0.17505123721842786	SEQC	permutation	
88.0	0.14332402179157233	SEQC	permutation	
89.0	-0.06407979464175906	SEQC	permutation	
90.0	-0.15833641633546636	SEQC	permutation	
91.0	0.08591825653769947	SEQC	permutation	
92.0	0.07482011557083723	SEQC	permutation	
93.0	0.0972336648288632	SEQC	permutation	
94.0	0.07752831336447308	SEQC	permutation	
95.0	0.14849547168655075	SEQC	permutation	
96.0	0.12024385142829397	SEQC	permutation	
97.0	0.014193992041300785	SEQC	permutation	
98.0	-0.06011447025856809	SEQC	permutation	
99.0	0.20202842823988165	SEQC	permutation	
100.0	-0.13487370571080382	SEQC	permutation	
101.0	0.05693409022476148	SEQC	permutation	
102.0	0.20273670521545872	SEQC	permutation	
103.0	0.10250090412161539	SEQC	permutation	
104.0	-0.09251054626656119	SEQC	permutation	
105.0	0.1601947338617422	SEQC	permutation	
106.0	0.14215184411676418	SEQC	permutation	
107.0	0.12224592164476089	SEQC	permutation	
108.0	0.013449258667058928	SEQC	permutation	
109.0	0.0014121268053917113	SEQC	permutation	
110.0	-0.05304340676632657	SEQC	permutation	
111.0	-0.2270331080603034	SEQC	permutation	
112.0	0.22103181677914563	SEQC	permutation	
113.0	0.16630889084125222	SEQC	permutation	
114.0	0.002239167064077563	SEQC	permutation	
115.0	-0.09749829097814366	SEQC	permutation	
116.0	-0.10607524207382557	SEQC	permutation	
117.0	0.07880212873779247	SEQC	permutation	
118.0	0.008320815788650737	SEQC	permutation	
119.0	0.15067132787127102	SEQC	permutation	
120.0	0.04081751941481704	SEQC	permutation	
121.0	0.04780019173644501	SEQC	permutation	
122.0	-0.042229379596495864	SEQC	permutation	
123.0	-0.10508825545671696	SEQC	permutation	
124.0	0.018283634509200564	SEQC	permutation	
125.0	-0.022751781237425828	SEQC	permutation	
126.0	0.08510071574794109	SEQC	permutation	
127.0	0.07757539137406022	SEQC	permutation	
128.0	-0.03760272810657783	SEQC	permutation	
129.0	0.05170822382229545	SEQC	permutation	
130.0	0.05682598356095703	SEQC	permutation	
131.0	0.12344867466379661	SEQC	permutation	
132.0	0.08876523804859104	SEQC	permutation	
133.0	-0.036708378252718	SEQC	permutation	
134.0	0.026607960200156544	SEQC	permutation	
135.0	0.1608047668737349	SEQC	permutation	
136.0	-0.09693086379632465	SEQC	permutation	
137.0	-0.07211040538389879	SEQC	permutation	
138.0	0.009670320645327468	SEQC	permutation	
139.0	0.050290338942307944	SEQC	permutation	
140.0	0.0369285014491858	SEQC	permutation	
141.0	0.08065860348288911	SEQC	permutation	
142.0	-0.10944855749629134	SEQC	permutation	
143.0	0.11257178092760967	SEQC	permutation	
144.0	0.008434593089863718	SEQC	permutation	
145.0	0.010333681771502512	SEQC	permutation	
146.0	0.10170555531955294	SEQC	permutation	
147.0	-0.10813719365939578	SEQC	permutation	
148.0	-0.15631082944055796	SEQC	permutation	
149.0	0.3158000726180261	SEQC	permutation	
150.0	-0.09921791783125622	SEQC	permutation	
151.0	0.2137627199421206	SEQC	permutation	
152.0	0.21327915764214378	SEQC	permutation	
153.0	0.01657388613910893	SEQC	permutation	
154.0	-0.10028812654050956	SEQC	permutation	
155.0	-0.05321590945786836	SEQC	permutation	
156.0	0.029926022582927647	SEQC	permutation	
157.0	0.03539095638943923	SEQC	permutation	
158.0	0.16115305017610293	SEQC	permutation	
159.0	-0.2394806472045703	SEQC	permutation	
160.0	-0.26384166651260266	SEQC	permutation	
161.0	-0.028093706608146363	SEQC	permutation	
162.0	-0.054001417147552466	SEQC	permutation	
163.0	0.018894519097016893	SEQC	permutation	
164.0	-0.16240106884730832	SEQC	permutation	
165.0	0.16029125154739665	SEQC	permutation	
166.0	0.14646685493741574	SEQC	permutation	
167.0	0.05113312853232266	SEQC	permutation	
168.0	0.057702290511065346	SEQC	permutation	
169.0	-0.04598261777591617	SEQC	permutation	
170.0	0.07704468279415044	SEQC	permutation	
171.0	0.09444592815352149	SEQC	permutation	
172.0	-0.040491199541467626	SEQC	permutation	
173.0	-0.04243775438173358	SEQC	permutation	
174.0	-0.12884202928196187	SEQC	permutation	
175.0	-0.1925889187097547	SEQC	permutation	
176.0	-0.08392169911959346	SEQC	permutation	
177.0	-0.1017743942920637	SEQC	permutation	
178.0	0.12584443835540782	SEQC	permutation	
179.0	0.07057310337319178	SEQC	permutation	
180.0	0.006844132010689119	SEQC	permutation	
181.0	-0.03164995015124017	SEQC	permutation	
182.0	-0.05742690013629703	SEQC	permutation	
183.0	0.022558053922639765	SEQC	permutation	
184.0	0.05205848030518423	SEQC	permutation	
185.0	-0.07888660660775759	SEQC	permutation	
186.0	-0.05205826858577023	SEQC	permutation	
187.0	-0.07283612175949283	SEQC	permutation	
188.0	-0.2252815662408847	SEQC	permutation	
189.0	0.06383058332597624	SEQC	permutation	
190.0	0.1690188844602889	SEQC	permutation	
191.0	0.08189379154587506	SEQC	permutation	
192.0	0.04991630171996686	SEQC	permutation	
193.0	0.1279443570486829	SEQC	permutation	
194.0	0.09866241198612835	SEQC	permutation	
195.0	0.10517192594629288	SEQC	permutation	
196.0	-0.2378388536810947	SEQC	permutation	
197.0	0.08207278822777742	SEQC	permutation	
198.0	-0.00025494348112342635	SEQC	permutation	
199.0	-0.1421817756909296	SEQC	permutation	
200.0	0.0971507036657333	SEQC	permutation	
201.0	-0.1011052512509627	SEQC	permutation	
202.0	0.01294779605964047	SEQC	permutation	
203.0	0.013233492804561653	SEQC	permutation	
204.0	0.07469317505521467	SEQC	permutation	
205.0	0.04187966388260955	SEQC	permutation	
206.0	0.00986463989729458	SEQC	permutation	
207.0	-0.015031002316182374	SEQC	permutation	
208.0	0.07553681154618896	SEQC	permutation	
209.0	0.02857739819885685	SEQC	permutation	
210.0	-0.02839643616255172	SEQC	permutation	
211.0	0.2528489166370127	SEQC	permutation	
212.0	-0.11239262513379034	SEQC	permutation	
213.0	0.10964465483614383	SEQC	permutation	
214.0	0.2081650226904288	SEQC	permutation	
215.0	-0.08801722737397322	SEQC	permutation	
216.0	-0.18705364915099798	SEQC	permutation	
217.0	0.010057600915207576	SEQC	permutation	
218.0	-0.008073418042086278	SEQC	permutation	
219.0	0.10527280774315617	SEQC	permutation	
220.0	0.16976539564782733	SEQC	permutation	
221.0	-0.0027782072937800883	SEQC	permutation	
222.0	0.11068550097474894	SEQC	permutation	
223.0	-0.008508557896120372	SEQC	permutation	
224.0	0.08416366057402636	SEQC	permutation	
225.0	0.0009201101277618307	SEQC	permutation	
226.0	0.23583514849782006	SEQC	permutation	
227.0	0.042477093251302556	SEQC	permutation	
228.0	0.1341861808905156	SEQC	permutation	
229.0	0.08116559324217087	SEQC	permutation	
230.0	0.07291674840510431	SEQC	permutation	
231.0	0.03649102064534837	SEQC	permutation	
232.0	0.048952848479210775	SEQC	permutation	
233.0	0.10772555318651111	SEQC	permutation	
234.0	-0.08064247614696551	SEQC	permutation	
235.0	0.127672520625159	SEQC	permutation	
236.0	0.2614261295985072	SEQC	permutation	
237.0	-0.09886492735585772	SEQC	permutation	
238.0	0.031541858736263695	SEQC	permutation	
239.0	-0.1320438364868397	SEQC	permutation	
240.0	0.07728220261307728	SEQC	permutation	
241.0	-0.07722002598716671	SEQC	permutation	
242.0	0.11108230702132715	SEQC	permutation	
243.0	0.03638264902287336	SEQC	permutation	
244.0	-0.1276444330622275	SEQC	permutation	
245.0	-0.016391025742797716	SEQC	permutation	
246.0	-0.08742734693712517	SEQC	permutation	
247.0	-0.027880565485151276	SEQC	permutation	
248.0	0.0669422346732329	SEQC	permutation	
249.0	0.05652411228519938	SEQC	permutation	
250.0	0.1878251221349787	SEQC	permutation	
251.0	0.06527409599668044	SEQC	permutation	
252.0	0.09033579812908021	SEQC	permutation	
253.0	0.21833261446752594	SEQC	permutation	
254.0	0.000357601446779654	SEQC	permutation	
255.0	-0.1840014463266928	SEQC	permutation	
256.0	0.03706858215035558	SEQC	permutation	
257.0	-0.0030474105333793133	SEQC	permutation	
258.0	-0.031229120896083984	SEQC	permutation	
259.0	-0.12732182266890346	SEQC	permutation	
260.0	0.15630807098658295	SEQC	permutation	
261.0	-0.01216256457297371	SEQC	permutation	
262.0	-0.16040547692312934	SEQC	permutation	
263.0	-0.32417423318756367	SEQC	permutation	
264.0	0.14634617809108486	SEQC	permutation	
265.0	0.05370860211622297	SEQC	permutation	
266.0	-0.0725210614573828	SEQC	permutation	
267.0	0.05603184636956193	SEQC	permutation	
268.0	0.21435594586506035	SEQC	permutation	
269.0	-0.061806594488992506	SEQC	permutation	
270.0	0.07657732536807327	SEQC	permutation	
271.0	-0.10140016926848139	SEQC	permutation	
272.0	0.06376733077340324	SEQC	permutation	
273.0	-0.017269650643807033	SEQC	permutation	
274.0	-0.11021906995317865	SEQC	permutation	
275.0	0.0750215486301622	SEQC	permutation	
276.0	0.13089066225247015	SEQC	permutation	
277.0	0.06466998215824127	SEQC	permutation	
278.0	-0.04738236160058085	SEQC	permutation	
279.0	0.005118347619744945	SEQC	permutation	
280.0	0.022783967699599117	SEQC	permutation	
281.0	-0.04637369467879271	SEQC	permutation	
282.0	0.04554718129901181	SEQC	permutation	
283.0	-0.3228958448773307	SEQC	permutation	
284.0	0.04303350079181678	SEQC	permutation	
285.0	0.02606998844253905	SEQC	permutation	
286.0	0.18706520936060755	SEQC	permutation	
287.0	0.15680206500883598	SEQC	permutation	
288.0	0.1486855926685866	SEQC	permutation	
289.0	-0.087595645285798	SEQC	permutation	
290.0	-0.015839299016693786	SEQC	permutation	
291.0	0.005346408302881134	SEQC	permutation	
292.0	0.005923224094046553	SEQC	permutation	
293.0	0.12057655614377794	SEQC	permutation	
294.0	0.09375468120056185	SEQC	permutation	
295.0	0.0937389554132837	SEQC	permutation	
296.0	-0.1089678681185342	SEQC	permutation	
297.0	0.006715176438055082	SEQC	permutation	
298.0	-0.059733125457497316	SEQC	permutation	
299.0	0.1906857054295612	SEQC	permutation	
300.0	-0.0348657861614754	SEQC	permutation	
301.0	0.0010257453287989549	SEQC	permutation	
302.0	-0.06680307331729285	SEQC	permutation	
303.0	-0.10976871265852983	SEQC	permutation	
304.0	-0.03666360768038324	SEQC	permutation	
305.0	0.13279908712232213	SEQC	permutation	
306.0	0.4970399458500463	SEQC	permutation	
307.0	0.08793215547416855	SEQC	permutation	
308.0	-0.014400686718690547	SEQC	permutation	
309.0	0.009473634604549641	SEQC	permutation	
310.0	-0.20923968976163732	SEQC	permutation	
311.0	0.03861377637810115	SEQC	permutation	
312.0	-0.04985345831162924	SEQC	permutation	
313.0	-0.11205975352527364	SEQC	permutation	
314.0	-0.0768612777309663	SEQC	permutation	
315.0	-0.1840480331380694	SEQC	permutation	
316.0	-0.16050792592955432	SEQC	permutation	
317.0	-0.05500973800993991	SEQC	permutation	
318.0	0.12520247573770904	SEQC	permutation	
319.0	-0.0180350560001461	SEQC	permutation	
320.0	0.10477219191829512	SEQC	permutation	
321.0	0.08357635431586363	SEQC	permutation	
322.0	0.05526006794671989	SEQC	permutation	
323.0	-0.039705505943294916	SEQC	permutation	
324.0	0.12009118851182699	SEQC	permutation	
325.0	0.07068976977710895	SEQC	permutation	
326.0	0.07586143823769875	SEQC	permutation	
327.0	-0.09437301945506071	SEQC	permutation	
328.0	-0.07600773422905993	SEQC	permutation	
329.0	-0.07434395081814138	SEQC	permutation	
330.0	-0.10661749915315566	SEQC	permutation	
331.0	0.11449173357605824	SEQC	permutation	
332.0	-0.08814501512787709	SEQC	permutation	
333.0	0.1642331030081774	SEQC	permutation	
334.0	-0.027965828001224047	SEQC	permutation	
335.0	0.06696699624819047	SEQC	permutation	
336.0	0.12799229225105124	SEQC	permutation	
337.0	-0.008139756923511321	SEQC	permutation	
338.0	0.020924401754791155	SEQC	permutation	
339.0	-0.17948469947555568	SEQC	permutation	
340.0	-0.020287921840494327	SEQC	permutation	
341.0	0.0567756001257691	SEQC	permutation	
342.0	-0.11898200343288057	SEQC	permutation	
343.0	0.039973004782333454	SEQC	permutation	
344.0	0.2054975975141078	SEQC	permutation	
345.0	0.09779261704951203	SEQC	permutation	
346.0	-0.04451578563660208	SEQC	permutation	
347.0	0.0114540396888132	SEQC	permutation	
348.0	-0.0544908309111527	SEQC	permutation	
349.0	0.07792306812381788	SEQC	permutation	
350.0	0.12485457117232635	SEQC	permutation	
351.0	0.011087977903043722	SEQC	permutation	
352.0	0.09360964048085307	SEQC	permutation	
353.0	-0.10795788254792615	SEQC	permutation	
354.0	0.044613128492482446	SEQC	permutation	
355.0	0.0949717459333641	SEQC	permutation	
356.0	-0.170952326886737	SEQC	permutation	
357.0	0.02624913669763096	SEQC	permutation	
358.0	0.05435188198314611	SEQC	permutation	
359.0	0.058454936520831335	SEQC	permutation	
360.0	-0.06834416922028641	SEQC	permutation	
361.0	0.1664508721070055	SEQC	permutation	
362.0	-0.03223437110959093	SEQC	permutation	
363.0	0.04634240106572207	SEQC	permutation	
364.0	0.16394568418089595	SEQC	permutation	
365.0	0.0931667947120336	SEQC	permutation	
366.0	-0.15113682277598262	SEQC	permutation	
367.0	-0.0514035600196725	SEQC	permutation	
368.0	0.06764919925078328	SEQC	permutation	
369.0	0.01380809048630427	SEQC	permutation	
370.0	-0.05779685881471952	SEQC	permutation	
371.0	0.03696605620568816	SEQC	permutation	
372.0	0.024280799231621852	SEQC	permutation	
373.0	-0.03431317265508049	SEQC	permutation	
374.0	-0.07986755912427679	SEQC	permutation	
375.0	-0.15261908164869764	SEQC	permutation	
376.0	-0.13688067746109223	SEQC	permutation	
377.0	0.07586177837155228	SEQC	permutation	
378.0	0.09863521131117636	SEQC	permutation	
379.0	0.14875982618410655	SEQC	permutation	
380.0	-0.24379259847003576	SEQC	permutation	
381.0	0.0940206194816322	SEQC	permutation	
382.0	0.10291959850652566	SEQC	permutation	
383.0	0.11797699457642263	SEQC	permutation	
384.0	0.09582029025873373	SEQC	permutation	
385.0	0.05910722165313276	SEQC	permutation	
386.0	-0.21470780637605147	SEQC	permutation	
387.0	0.08999032424277287	SEQC	permutation	
388.0	0.2775980536077096	SEQC	permutation	
389.0	0.04366295932625919	SEQC	permutation	
390.0	-0.16934664811486755	SEQC	permutation	
391.0	-0.08718375097798337	SEQC	permutation	
392.0	0.08937237018652588	SEQC	permutation	
393.0	0.046324512913355154	SEQC	permutation	
394.0	0.07423246641008596	SEQC	permutation	
395.0	0.00816334907730587	SEQC	permutation	
396.0	-0.0392255142702469	SEQC	permutation	
397.0	-0.08366224346682127	SEQC	permutation	
398.0	0.051748527696502844	SEQC	permutation	
399.0	0.11816513874851697	SEQC	permutation	
400.0	0.13163308320842004	SEQC	permutation	
401.0	0.02289384138867856	SEQC	permutation	
402.0	-0.02838952159255781	SEQC	permutation	
403.0	0.02141826565403182	SEQC	permutation	
404.0	0.01032012250837866	SEQC	permutation	
405.0	0.05713400044799766	SEQC	permutation	
406.0	-0.030757747977415484	SEQC	permutation	
407.0	-0.1355639589215678	SEQC	permutation	
408.0	-0.21853335631318327	SEQC	permutation	
409.0	0.029700130735123675	SEQC	permutation	
410.0	0.026934471404740368	SEQC	permutation	
411.0	0.021080317584873054	SEQC	permutation	
412.0	-0.1057562238353853	SEQC	permutation	
413.0	-0.12027567558375907	SEQC	permutation	
414.0	0.06527576254494782	SEQC	permutation	
415.0	0.11263341686205353	SEQC	permutation	
416.0	-0.048737053557596166	SEQC	permutation	
417.0	-0.07729446146631247	SEQC	permutation	
418.0	0.0052225766125051365	SEQC	permutation	
419.0	-0.1571359841115152	SEQC	permutation	
420.0	0.008613701198040946	SEQC	permutation	
421.0	0.0566633236402434	SEQC	permutation	
422.0	-0.27919567978661197	SEQC	permutation	
423.0	0.07545568992031715	SEQC	permutation	
424.0	0.031088468924922008	SEQC	permutation	
425.0	0.11705888942198506	SEQC	permutation	
426.0	-0.08750523408405142	SEQC	permutation	
427.0	-0.013687813168001828	SEQC	permutation	
428.0	0.0647467499037635	SEQC	permutation	
429.0	-0.02177324553844695	SEQC	permutation	
430.0	0.21342997370934214	SEQC	permutation	
431.0	0.022598434660392464	SEQC	permutation	
432.0	-0.08807430541071204	SEQC	permutation	
433.0	-0.015840654734057935	SEQC	permutation	
434.0	0.09475177175715688	SEQC	permutation	
435.0	0.09511509752314407	SEQC	permutation	
436.0	0.015096121275599561	SEQC	permutation	
437.0	0.024060208988906595	SEQC	permutation	
438.0	-0.0177624142484607	SEQC	permutation	
439.0	-0.032873828878217104	SEQC	permutation	
440.0	-0.011628965141709635	SEQC	permutation	
441.0	0.11122832344485234	SEQC	permutation	
442.0	-0.09930282151390868	SEQC	permutation	
443.0	0.15828305542034649	SEQC	permutation	
444.0	0.09807157208957795	SEQC	permutation	
445.0	-0.28131439771492284	SEQC	permutation	
446.0	0.1542745439639459	SEQC	permutation	
447.0	-0.010231461164389	SEQC	permutation	
448.0	0.017865101133077488	SEQC	permutation	
449.0	0.12987479664930657	SEQC	permutation	
450.0	0.015090792776993212	SEQC	permutation	
451.0	-0.04598545115362729	SEQC	permutation	
452.0	-0.056784333647717844	SEQC	permutation	
453.0	0.14256845618849345	SEQC	permutation	
454.0	0.07057261434050943	SEQC	permutation	
455.0	-0.040052446055348856	SEQC	permutation	
456.0	0.07114532331106771	SEQC	permutation	
457.0	-0.20883538890573572	SEQC	permutation	
458.0	-0.017409103407048043	SEQC	permutation	
459.0	-0.015835929620006794	SEQC	permutation	
460.0	0.06436975160568315	SEQC	permutation	
461.0	0.12466148616100536	SEQC	permutation	
462.0	-0.0557483251961699	SEQC	permutation	
463.0	-0.030024651094314958	SEQC	permutation	
464.0	0.06869939875569164	SEQC	permutation	
465.0	0.05498646838975585	SEQC	permutation	
466.0	0.23030242933974288	SEQC	permutation	
467.0	0.15258751421097205	SEQC	permutation	
468.0	0.014773603406143643	SEQC	permutation	
469.0	-0.1403188551618979	SEQC	permutation	
470.0	-0.005784128352263718	SEQC	permutation	
471.0	0.06534784467317234	SEQC	permutation	
472.0	-0.0433090859957721	SEQC	permutation	
473.0	-0.038668703168647234	SEQC	permutation	
474.0	0.01776474515887605	SEQC	permutation	
475.0	0.14795629919519637	SEQC	permutation	
476.0	0.234508794781207	SEQC	permutation	
477.0	0.08669822986001652	SEQC	permutation	
478.0	0.07686625095813904	SEQC	permutation	
479.0	0.11899117211830879	SEQC	permutation	
480.0	0.12979756379041207	SEQC	permutation	
481.0	0.019315462985619813	SEQC	permutation	
482.0	0.020713804660484225	SEQC	permutation	
483.0	0.02442078209137044	SEQC	permutation	
484.0	-0.2506859154177574	SEQC	permutation	
485.0	-0.03424246811171949	SEQC	permutation	
486.0	0.10817488986559409	SEQC	permutation	
487.0	0.05080100954905298	SEQC	permutation	
488.0	0.21316023383068172	SEQC	permutation	
489.0	-0.14873198115240926	SEQC	permutation	
490.0	-0.0051032207709700295	SEQC	permutation	
491.0	-0.1281938851601283	SEQC	permutation	
492.0	-0.03561405480198632	SEQC	permutation	
493.0	0.1353694444901281	SEQC	permutation	
494.0	0.14769158703133334	SEQC	permutation	
495.0	0.02653081379260991	SEQC	permutation	
496.0	0.007795510684978524	SEQC	permutation	
497.0	0.1090427151143909	SEQC	permutation	
498.0	-0.2250641826331159	SEQC	permutation	
499.0	-0.13930518051840624	SEQC	permutation	
500.0	0.08733600739017033	SEQC	permutation	
501.0	-0.0491537137704281	SEQC	permutation	
502.0	-0.026515451421234015	SEQC	permutation	
503.0	-0.003119038227858084	SEQC	permutation	
504.0	-0.15650703103400065	SEQC	permutation	
505.0	0.025567386791487845	SEQC	permutation	
506.0	0.10069016014225252	SEQC	permutation	
507.0	0.09208634022816842	SEQC	permutation	
508.0	0.15716574934564598	SEQC	permutation	
509.0	-0.17599982259670943	SEQC	permutation	
510.0	0.07340374353510137	SEQC	permutation	
511.0	-0.043212187028564664	SEQC	permutation	
512.0	-0.13198422090934425	SEQC	permutation	
513.0	0.1587661052848235	SEQC	permutation	
514.0	0.03974400215761609	SEQC	permutation	
515.0	0.17219238199958875	SEQC	permutation	
516.0	-0.168580155598264	SEQC	permutation	
517.0	-0.04448165444690266	SEQC	permutation	
518.0	-0.04226843831637872	SEQC	permutation	
519.0	0.06920906499728696	SEQC	permutation	
520.0	0.19406983523331656	SEQC	permutation	
521.0	0.19393604378426588	SEQC	permutation	
522.0	0.03301219224953433	SEQC	permutation	
523.0	-0.0011084177730835698	SEQC	permutation	
524.0	0.018858986184476123	SEQC	permutation	
525.0	0.06652549432145571	SEQC	permutation	
526.0	-0.0646946835839648	SEQC	permutation	
527.0	0.035475094742368984	SEQC	permutation	
528.0	-0.03381108986695214	SEQC	permutation	
529.0	0.15173450682157785	SEQC	permutation	
530.0	0.13061570419848234	SEQC	permutation	
531.0	-0.07793676948871742	SEQC	permutation	
532.0	-0.0925737538791842	SEQC	permutation	
533.0	-0.013607904308817531	SEQC	permutation	
534.0	0.07364886924846115	SEQC	permutation	
535.0	0.27093151915678915	SEQC	permutation	
536.0	-0.19788544126441998	SEQC	permutation	
537.0	0.07134998324366704	SEQC	permutation	
538.0	-0.10355586300550845	SEQC	permutation	
539.0	0.0821877999249554	SEQC	permutation	
540.0	0.12893145931793537	SEQC	permutation	
541.0	0.05995617072217252	SEQC	permutation	
542.0	0.10076694397395647	SEQC	permutation	
543.0	0.05479649710288559	SEQC	permutation	
544.0	-0.035013421174245885	SEQC	permutation	
545.0	0.06281832590254144	SEQC	permutation	
546.0	0.11697171879519086	SEQC	permutation	
547.0	0.07313524056190923	SEQC	permutation	
548.0	0.2163246540134267	SEQC	permutation	
549.0	-0.06638753513001694	SEQC	permutation	
550.0	0.16537075434686832	SEQC	permutation	
551.0	0.12499960783044317	SEQC	permutation	
552.0	-0.09390821806414751	SEQC	permutation	
553.0	0.04282209332002118	SEQC	permutation	
554.0	-0.1346560809996693	SEQC	permutation	
555.0	0.11210079084438007	SEQC	permutation	
556.0	0.08297911953087445	SEQC	permutation	
557.0	0.017102562269856403	SEQC	permutation	
558.0	0.20106557483144538	SEQC	permutation	
559.0	0.05621751827298116	SEQC	permutation	
560.0	-0.07822507223654718	SEQC	permutation	
561.0	-0.13863450855990855	SEQC	permutation	
562.0	-0.1122122781674122	SEQC	permutation	
563.0	0.13785926072592458	SEQC	permutation	
564.0	0.020275157075950734	SEQC	permutation	
565.0	0.04255597829942115	SEQC	permutation	
566.0	0.04746268164102885	SEQC	permutation	
567.0	-0.09772823510177764	SEQC	permutation	
568.0	0.031216625804306286	SEQC	permutation	
569.0	0.14071822784176025	SEQC	permutation	
570.0	-0.0359432186006976	SEQC	permutation	
571.0	0.022729694326233396	SEQC	permutation	
572.0	0.010187182429846509	SEQC	permutation	
573.0	0.2172446888295121	SEQC	permutation	
574.0	0.07243467484229171	SEQC	permutation	
575.0	-0.028696464217944584	SEQC	permutation	
576.0	0.08866446062432409	SEQC	permutation	
577.0	0.0011251133999259366	SEQC	permutation	
578.0	0.11828694093113912	SEQC	permutation	
579.0	-0.11338980169495638	SEQC	permutation	
580.0	0.04381204383906567	SEQC	permutation	
581.0	-0.04691871981569751	SEQC	permutation	
582.0	0.12137557379154229	SEQC	permutation	
583.0	0.07967446079593543	SEQC	permutation	
584.0	0.00991694327015269	SEQC	permutation	
585.0	0.15869684474197454	SEQC	permutation	
586.0	-0.050264638116769955	SEQC	permutation	
587.0	-0.0948045297213751	SEQC	permutation	
588.0	0.18824033721701827	SEQC	permutation	
589.0	0.23629943621233407	SEQC	permutation	
590.0	0.004542686088932157	SEQC	permutation	
591.0	0.010298577544125553	SEQC	permutation	
592.0	-0.1495793123127407	SEQC	permutation	
593.0	0.07188318922877812	SEQC	permutation	
594.0	0.13884591877310415	SEQC	permutation	
595.0	0.26788681893397825	SEQC	permutation	
596.0	0.2557037968682563	SEQC	permutation	
597.0	-0.0581483349976315	SEQC	permutation	
598.0	-0.05350584016365634	SEQC	permutation	
599.0	-0.03971029425983552	SEQC	permutation	
600.0	-0.08024700332649592	SEQC	permutation	
601.0	-0.05133619676765333	SEQC	permutation	
602.0	-0.09006087725115686	SEQC	permutation	
603.0	0.12651445680942297	SEQC	permutation	
604.0	0.1495315465688445	SEQC	permutation	
605.0	0.08814424817537869	SEQC	permutation	
606.0	-0.2421808753248338	SEQC	permutation	
607.0	-0.02554455967903202	SEQC	permutation	
608.0	0.03952132628211569	SEQC	permutation	
609.0	0.04401705075694329	SEQC	permutation	
610.0	-0.022866908125132035	SEQC	permutation	
611.0	-0.20078054023159408	SEQC	permutation	
612.0	-0.11570688214781999	SEQC	permutation	
613.0	0.09507770539716898	SEQC	permutation	
614.0	0.0687277460977751	SEQC	permutation	
615.0	0.03367990752511574	SEQC	permutation	
616.0	-0.07506740159186887	SEQC	permutation	
617.0	-0.16166394351237479	SEQC	permutation	
618.0	0.11967968461371514	SEQC	permutation	
619.0	-0.03058168898214042	SEQC	permutation	
620.0	0.003870632217771064	SEQC	permutation	
621.0	0.10889656795894442	SEQC	permutation	
622.0	0.04535539400938271	SEQC	permutation	
623.0	0.13695340440336246	SEQC	permutation	
624.0	0.04382939840847255	SEQC	permutation	
625.0	0.06332779831572832	SEQC	permutation	
626.0	-0.18223064024576718	SEQC	permutation	
627.0	-0.03293539506406429	SEQC	permutation	
628.0	0.007897428568881537	SEQC	permutation	
629.0	0.09109871130874447	SEQC	permutation	
630.0	0.12207276228637287	SEQC	permutation	
631.0	-0.13980826121910983	SEQC	permutation	
632.0	0.18500157308389253	SEQC	permutation	
633.0	0.1705916836452568	SEQC	permutation	
634.0	-0.07843315453899136	SEQC	permutation	
635.0	-0.024371714121758536	SEQC	permutation	
636.0	0.012868429469604425	SEQC	permutation	
637.0	0.07059648775464966	SEQC	permutation	
638.0	0.10676740571111631	SEQC	permutation	
639.0	-0.011104699483739822	SEQC	permutation	
640.0	-0.04849757305150604	SEQC	permutation	
641.0	-0.19073642437254668	SEQC	permutation	
642.0	-0.10387407689244066	SEQC	permutation	
643.0	-0.22868416388155444	SEQC	permutation	
644.0	-0.05165232915288476	SEQC	permutation	
645.0	-0.05813730514089732	SEQC	permutation	
646.0	-0.16458831120680806	SEQC	permutation	
647.0	0.13178418867698305	SEQC	permutation	
648.0	0.017115425365167525	SEQC	permutation	
649.0	-0.06413946532979109	SEQC	permutation	
650.0	-0.019676775565067306	SEQC	permutation	
651.0	-0.05300013353400734	SEQC	permutation	
652.0	-0.14090107699542065	SEQC	permutation	
653.0	-0.043412229187866025	SEQC	permutation	
654.0	-0.051470809500237635	SEQC	permutation	
655.0	0.012561192824569023	SEQC	permutation	
656.0	-0.11495076977130925	SEQC	permutation	
657.0	-0.12546418651292157	SEQC	permutation	
658.0	-0.014758872482890872	SEQC	permutation	
659.0	-0.06929487978293558	SEQC	permutation	
660.0	0.14549664701581388	SEQC	permutation	
661.0	-0.05676189934244347	SEQC	permutation	
662.0	0.14664086284333866	SEQC	permutation	
663.0	0.00360654933423854	SEQC	permutation	
664.0	0.07151812496973875	SEQC	permutation	
665.0	0.04440371265146981	SEQC	permutation	
666.0	-0.011465669697413361	SEQC	permutation	
667.0	-0.05665693985968767	SEQC	permutation	
668.0	-0.028371765375124536	SEQC	permutation	
669.0	0.09407484355226714	SEQC	permutation	
670.0	0.01339588998727681	SEQC	permutation	
671.0	-0.166865643791815	SEQC	permutation	
672.0	0.06269984723613131	SEQC	permutation	
673.0	-0.030631771736262525	SEQC	permutation	
674.0	0.0331271444717971	SEQC	permutation	
675.0	-0.16897584133762367	SEQC	permutation	
676.0	0.15795569964321166	SEQC	permutation	
677.0	0.08248924769298949	SEQC	permutation	
678.0	0.027123979188800273	SEQC	permutation	
679.0	0.16278844710477003	SEQC	permutation	
680.0	-0.02088402454501148	SEQC	permutation	
681.0	-0.10618815064366949	SEQC	permutation	
682.0	0.3489693481105971	SEQC	permutation	
683.0	-0.07205532983833418	SEQC	permutation	
684.0	0.0884235708945984	SEQC	permutation	
685.0	0.10807188323265704	SEQC	permutation	
686.0	0.027350430725903152	SEQC	permutation	
687.0	-0.16132818093779733	SEQC	permutation	
688.0	0.03316323195849202	SEQC	permutation	
689.0	0.010731876224067793	SEQC	permutation	
690.0	0.12295650684644555	SEQC	permutation	
691.0	-0.03078213307486566	SEQC	permutation	
692.0	-0.11443815014763548	SEQC	permutation	
693.0	0.03476265920935928	SEQC	permutation	
694.0	-0.03957520431360395	SEQC	permutation	
695.0	-0.0035634627732243906	SEQC	permutation	
696.0	-0.19906878626438118	SEQC	permutation	
697.0	-0.018565612205258653	SEQC	permutation	
698.0	0.05526818676124412	SEQC	permutation	
699.0	-0.057875877866518266	SEQC	permutation	
700.0	0.02099123081387244	SEQC	permutation	
701.0	-0.052498300203860815	SEQC	permutation	
702.0	-0.04957995838756446	SEQC	permutation	
703.0	0.27115903044240364	SEQC	permutation	
704.0	-0.1191430634842865	SEQC	permutation	
705.0	0.1455433238935897	SEQC	permutation	
706.0	-0.09421922281307449	SEQC	permutation	
707.0	0.02637098236212365	SEQC	permutation	
708.0	0.1719965155608172	SEQC	permutation	
709.0	-0.08585849989528249	SEQC	permutation	
710.0	0.09989166418606743	SEQC	permutation	
711.0	-0.1390433532033506	SEQC	permutation	
712.0	-0.052391278154547916	SEQC	permutation	
713.0	-0.05609432054281305	SEQC	permutation	
714.0	-0.14047701764374887	SEQC	permutation	
715.0	0.14671051645525468	SEQC	permutation	
716.0	-0.08547618491853815	SEQC	permutation	
717.0	0.17034439024702008	SEQC	permutation	
718.0	0.08044443245055932	SEQC	permutation	
719.0	-0.09201934148366142	SEQC	permutation	
720.0	-0.09064759326188554	SEQC	permutation	
721.0	0.047285615052043095	SEQC	permutation	
722.0	0.036536992221352094	SEQC	permutation	
723.0	0.10409039680558996	SEQC	permutation	
724.0	-0.12878612731556105	SEQC	permutation	
725.0	0.061064262039133066	SEQC	permutation	
726.0	-0.01804658127890102	SEQC	permutation	
727.0	0.09338335317040514	SEQC	permutation	
728.0	0.06325639822168672	SEQC	permutation	
729.0	-0.057673297830246995	SEQC	permutation	
730.0	-0.035442185174860974	SEQC	permutation	
731.0	-0.06608723132500938	SEQC	permutation	
732.0	-0.07256213802326172	SEQC	permutation	
733.0	0.09344539425748843	SEQC	permutation	
734.0	-0.10755385753012536	SEQC	permutation	
735.0	-0.043158059791380765	SEQC	permutation	
736.0	0.0797236746058183	SEQC	permutation	
737.0	-0.18706629883547876	SEQC	permutation	
738.0	0.17926604032280924	SEQC	permutation	
739.0	0.029829550134329974	SEQC	permutation	
740.0	-0.13735923228319757	SEQC	permutation	
741.0	0.021812342740772372	SEQC	permutation	
742.0	0.079356279115534	SEQC	permutation	
743.0	0.0025303206158291403	SEQC	permutation	
744.0	0.035354713183255004	SEQC	permutation	
745.0	-0.09410191076692254	SEQC	permutation	
746.0	-0.05877183421778431	SEQC	permutation	
747.0	0.050598373697973376	SEQC	permutation	
748.0	0.0733602217476994	SEQC	permutation	
749.0	0.08996438764573433	SEQC	permutation	
750.0	-0.10753576791907893	SEQC	permutation	
751.0	-0.0810192024902423	SEQC	permutation	
752.0	-0.0317596467055421	SEQC	permutation	
753.0	-0.04155885063333642	SEQC	permutation	
754.0	0.1479079122003193	SEQC	permutation	
755.0	-0.11188082267096044	SEQC	permutation	
756.0	0.04367247891707482	SEQC	permutation	
757.0	0.12529562706094266	SEQC	permutation	
758.0	0.08515912793720037	SEQC	permutation	
759.0	-0.0063624428976671865	SEQC	permutation	
760.0	0.13933073653002914	SEQC	permutation	
761.0	0.03389364459099564	SEQC	permutation	
762.0	0.21963345658791678	SEQC	permutation	
763.0	-0.0840170675432299	SEQC	permutation	
764.0	0.10737774870281491	SEQC	permutation	
765.0	0.19708225755545206	SEQC	permutation	
766.0	0.025721656150788252	SEQC	permutation	
767.0	0.23874134307161965	SEQC	permutation	
768.0	0.05787476812293857	SEQC	permutation	
769.0	-0.025451253892937675	SEQC	permutation	
770.0	0.05224325041281608	SEQC	permutation	
771.0	-0.13048485913736974	SEQC	permutation	
772.0	0.11485115187896033	SEQC	permutation	
773.0	-0.010507979492926367	SEQC	permutation	
774.0	0.06392121731864808	SEQC	permutation	
775.0	-0.01298304677126838	SEQC	permutation	
776.0	0.10430309399677729	SEQC	permutation	
777.0	0.11139065835560924	SEQC	permutation	
778.0	0.03528265899683536	SEQC	permutation	
779.0	0.060889650965294084	SEQC	permutation	
780.0	0.14649578516149964	SEQC	permutation	
781.0	-0.029437754393292437	SEQC	permutation	
782.0	0.063645225513695	SEQC	permutation	
783.0	-0.03502425213282301	SEQC	permutation	
784.0	0.13211948289777897	SEQC	permutation	
785.0	-0.002879622105284696	SEQC	permutation	
786.0	0.09248605717625313	SEQC	permutation	
787.0	-0.03191581050268377	SEQC	permutation	
788.0	-0.09204099603500682	SEQC	permutation	
789.0	-0.04939553534396701	SEQC	permutation	
790.0	-0.03944730170505073	SEQC	permutation	
791.0	0.04305109486464209	SEQC	permutation	
792.0	0.23294481499681075	SEQC	permutation	
793.0	-0.10800764230040683	SEQC	permutation	
794.0	-0.04421516392630975	SEQC	permutation	
795.0	0.048044965007585816	SEQC	permutation	
796.0	-0.1180146509727642	SEQC	permutation	
797.0	-0.12031699829353659	SEQC	permutation	
798.0	0.019903894467184102	SEQC	permutation	
799.0	-0.04759857561976011	SEQC	permutation	
800.0	0.03309573421818568	SEQC	permutation	
801.0	0.15126266372982533	SEQC	permutation	
802.0	0.13523133618217287	SEQC	permutation	
803.0	0.10075618546648046	SEQC	permutation	
804.0	-0.015878209288961553	SEQC	permutation	
805.0	0.09678492488601842	SEQC	permutation	
806.0	-0.1265309763104212	SEQC	permutation	
807.0	0.2519617808768646	SEQC	permutation	
808.0	0.001116827500991402	SEQC	permutation	
809.0	0.13861043301358755	SEQC	permutation	
810.0	-0.13156572637678332	SEQC	permutation	
811.0	0.10061711538160578	SEQC	permutation	
812.0	-0.01076266899493028	SEQC	permutation	
813.0	-0.05421685222634309	SEQC	permutation	
814.0	0.04859302509509078	SEQC	permutation	
815.0	0.002747601843123171	SEQC	permutation	
816.0	0.03601694330599736	SEQC	permutation	
817.0	0.21847474197913908	SEQC	permutation	
818.0	0.20216225877657124	SEQC	permutation	
819.0	-0.17480139640518422	SEQC	permutation	
820.0	0.17214535173201995	SEQC	permutation	
821.0	-0.011992339638455363	SEQC	permutation	
822.0	-0.024775650560781237	SEQC	permutation	
823.0	0.1555201500021921	SEQC	permutation	
824.0	-0.048418195594854385	SEQC	permutation	
825.0	0.11441491355177291	SEQC	permutation	
826.0	0.002876003940928129	SEQC	permutation	
827.0	-0.0009956827470873897	SEQC	permutation	
828.0	0.07479995094998415	SEQC	permutation	
829.0	-0.0392246256752431	SEQC	permutation	
830.0	0.03654840719417951	SEQC	permutation	
831.0	0.058604075701023994	SEQC	permutation	
832.0	0.1666358247537687	SEQC	permutation	
833.0	0.15035148280250166	SEQC	permutation	
834.0	-0.12095908297206881	SEQC	permutation	
835.0	0.19793467445362234	SEQC	permutation	
836.0	0.08384324542270649	SEQC	permutation	
837.0	0.10516821779225616	SEQC	permutation	
838.0	0.24835711757545154	SEQC	permutation	
839.0	-0.12252308348625496	SEQC	permutation	
840.0	0.008406980055270186	SEQC	permutation	
841.0	-0.13222876398777972	SEQC	permutation	
842.0	0.13051079630138673	SEQC	permutation	
843.0	-0.07391888877967334	SEQC	permutation	
844.0	0.03577359729497509	SEQC	permutation	
845.0	0.011013385274044829	SEQC	permutation	
846.0	0.13854019068955958	SEQC	permutation	
847.0	-0.02277861954190552	SEQC	permutation	
848.0	0.2243884954372417	SEQC	permutation	
849.0	0.07326456586319718	SEQC	permutation	
850.0	-0.10532052685498927	SEQC	permutation	
851.0	0.0070507216527788685	SEQC	permutation	
852.0	-0.0174750798950547	SEQC	permutation	
853.0	0.04012791744214317	SEQC	permutation	
854.0	0.12627940674848404	SEQC	permutation	
855.0	0.06317365912517925	SEQC	permutation	
856.0	0.0918188542581353	SEQC	permutation	
857.0	-0.14453497622208156	SEQC	permutation	
858.0	0.0745440210625472	SEQC	permutation	
859.0	0.04881360580600003	SEQC	permutation	
860.0	-0.0076167373982669595	SEQC	permutation	
861.0	0.015062622880610554	SEQC	permutation	
862.0	0.041174056119075875	SEQC	permutation	
863.0	0.009297452053904198	SEQC	permutation	
864.0	-0.06043794449342199	SEQC	permutation	
865.0	-0.05922336410208784	SEQC	permutation	
866.0	0.017732479953101787	SEQC	permutation	
867.0	-0.0350539596103876	SEQC	permutation	
868.0	-0.1283327915662813	SEQC	permutation	
869.0	-0.014555779374020528	SEQC	permutation	
870.0	-0.16223090737916213	SEQC	permutation	
871.0	-0.22190797415651486	SEQC	permutation	
872.0	-0.034874134273013446	SEQC	permutation	
873.0	0.043654130908692856	SEQC	permutation	
874.0	-0.12462339938022726	SEQC	permutation	
875.0	0.024147120367533415	SEQC	permutation	
876.0	0.028751126623030032	SEQC	permutation	
877.0	-0.01037444193390824	SEQC	permutation	
878.0	-0.02008775546025232	SEQC	permutation	
879.0	-0.06608310524768601	SEQC	permutation	
880.0	0.05702120869397831	SEQC	permutation	
881.0	-0.16096356804300527	SEQC	permutation	
882.0	0.018760796202973662	SEQC	permutation	
883.0	-0.001034741777699022	SEQC	permutation	
884.0	0.07544326113420752	SEQC	permutation	
885.0	-0.02999189749995823	SEQC	permutation	
886.0	0.13424335124725228	SEQC	permutation	
887.0	-0.04864357927695506	SEQC	permutation	
888.0	0.18303827315935894	SEQC	permutation	
889.0	0.019053337962667616	SEQC	permutation	
890.0	0.1766385320613293	SEQC	permutation	
891.0	-0.027334882500658075	SEQC	permutation	
892.0	-0.055143767007170386	SEQC	permutation	
893.0	-0.22837665038124166	SEQC	permutation	
894.0	-0.06720681176334642	SEQC	permutation	
895.0	0.037027495888489526	SEQC	permutation	
896.0	0.023596768322486916	SEQC	permutation	
897.0	0.08264284582784276	SEQC	permutation	
898.0	-0.060941840274976844	SEQC	permutation	
899.0	-0.009355064809034364	SEQC	permutation	
900.0	0.13335245730895018	SEQC	permutation	
901.0	-0.046836319375556545	SEQC	permutation	
902.0	0.10750068150446834	SEQC	permutation	
903.0	0.02603709053827563	SEQC	permutation	
904.0	0.15928256128859175	SEQC	permutation	
905.0	-0.17112307082173528	SEQC	permutation	
906.0	-0.14745551957829406	SEQC	permutation	
907.0	0.15656995401517504	SEQC	permutation	
908.0	-0.007222286307372983	SEQC	permutation	
909.0	0.054995071743418666	SEQC	permutation	
910.0	0.0317587876806491	SEQC	permutation	
911.0	-0.17316040647056408	SEQC	permutation	
912.0	-0.0074246363464611775	SEQC	permutation	
913.0	-0.04816160441392858	SEQC	permutation	
914.0	-0.14197547156594403	SEQC	permutation	
915.0	0.1922449399969577	SEQC	permutation	
916.0	-0.005942278192511363	SEQC	permutation	
917.0	-0.18463909345784613	SEQC	permutation	
918.0	-0.0636201280052262	SEQC	permutation	
919.0	0.17636504286450538	SEQC	permutation	
920.0	-0.18188093790267912	SEQC	permutation	
921.0	0.1876256859776806	SEQC	permutation	
922.0	-0.023787821768926243	SEQC	permutation	
923.0	-0.02183627263004695	SEQC	permutation	
924.0	-0.09983946045937708	SEQC	permutation	
925.0	0.039355725159468946	SEQC	permutation	
926.0	-0.012613783137034762	SEQC	permutation	
927.0	0.1015567797062431	SEQC	permutation	
928.0	-0.05080402548724372	SEQC	permutation	
929.0	0.08025051216944457	SEQC	permutation	
930.0	0.09475879648355034	SEQC	permutation	
931.0	-0.18729328239790588	SEQC	permutation	
932.0	-0.08501927541634346	SEQC	permutation	
933.0	0.012527217858858464	SEQC	permutation	
934.0	0.010544562885824504	SEQC	permutation	
935.0	-0.13842982098350642	SEQC	permutation	
936.0	-0.1575728322443708	SEQC	permutation	
937.0	0.013862864291870114	SEQC	permutation	
938.0	-0.10509638658356435	SEQC	permutation	
939.0	-0.03756557274114636	SEQC	permutation	
940.0	0.09993482619046956	SEQC	permutation	
941.0	0.048743004379574906	SEQC	permutation	
942.0	0.09809116854417965	SEQC	permutation	
943.0	-0.011463568936546764	SEQC	permutation	
944.0	0.15978154892275498	SEQC	permutation	
945.0	0.19539910612791944	SEQC	permutation	
946.0	0.024082100010925256	SEQC	permutation	
947.0	0.15064507706427444	SEQC	permutation	
948.0	0.00906118561275715	SEQC	permutation	
949.0	0.04887935084390849	SEQC	permutation	
950.0	0.030461554169087357	SEQC	permutation	
951.0	-0.027950104401591513	SEQC	permutation	
952.0	-0.20286781598199388	SEQC	permutation	
953.0	-0.03388338848496497	SEQC	permutation	
954.0	-0.047765935675201376	SEQC	permutation	
955.0	0.02450078025919611	SEQC	permutation	
956.0	-0.27548704158412507	SEQC	permutation	
957.0	-0.025003456428974058	SEQC	permutation	
958.0	-0.08671279302712165	SEQC	permutation	
959.0	0.13653441910980524	SEQC	permutation	
960.0	0.07444168488753578	SEQC	permutation	
961.0	-0.16758963698671536	SEQC	permutation	
962.0	0.020681259987179956	SEQC	permutation	
963.0	0.09539100423959379	SEQC	permutation	
964.0	-0.06874385199854194	SEQC	permutation	
965.0	0.044909752723476526	SEQC	permutation	
966.0	0.06492276148885745	SEQC	permutation	
967.0	-0.1037132172885955	SEQC	permutation	
968.0	0.01137658717811485	SEQC	permutation	
969.0	0.07983241313251677	SEQC	permutation	
970.0	-0.08850051355179644	SEQC	permutation	
971.0	-0.11490914858197865	SEQC	permutation	
972.0	0.026634412079259207	SEQC	permutation	
973.0	-0.12670436443483624	SEQC	permutation	
974.0	0.06012476523282162	SEQC	permutation	
975.0	-0.13882271785205313	SEQC	permutation	
976.0	0.2782870216804634	SEQC	permutation	
977.0	0.10866506677639665	SEQC	permutation	
978.0	-0.006719244652878764	SEQC	permutation	
979.0	-0.08852435054938157	SEQC	permutation	
980.0	-0.12164383570162673	SEQC	permutation	
981.0	-0.08690395066713474	SEQC	permutation	
982.0	-0.07418069470164568	SEQC	permutation	
983.0	0.07203847428411159	SEQC	permutation	
984.0	0.100088567466035	SEQC	permutation	
985.0	-0.17385671486545595	SEQC	permutation	
986.0	-0.2774438562975079	SEQC	permutation	
987.0	-0.0826071495199816	SEQC	permutation	
988.0	0.15659319593584664	SEQC	permutation	
989.0	-0.08889895582385865	SEQC	permutation	
990.0	-0.08277059655150065	SEQC	permutation	
991.0	0.04790477768146806	SEQC	permutation	
992.0	-0.022398725913562956	SEQC	permutation	
993.0	0.021077119687603396	SEQC	permutation	
994.0	0.017553043367055654	SEQC	permutation	
995.0	0.06848883027910135	SEQC	permutation	
996.0	-0.21508271714730176	SEQC	permutation	
997.0	-0.07801466561211079	SEQC	permutation	
998.0	0.010512011053584569	SEQC	permutation	
999.0	-0.11684025274902599	SEQC	permutation	
1000.0	0.03778237121649042	SEQC	permutation	
1001.0	0.1652813038704979	SEQC	permutation	
1002.0	-0.10546511444549989	SEQC	permutation	
1003.0	-0.1657088024932012	SEQC	permutation	
1004.0	0.1470301744531688	SEQC	permutation	
1005.0	-0.007730589728148551	SEQC	permutation	
1006.0	-0.02030681101888243	SEQC	permutation	
1007.0	-0.07051493946214205	SEQC	permutation	
1008.0	-0.096405814216177	SEQC	permutation	
1009.0	0.2852414720849241	SEQC	permutation	
1010.0	-0.01828508121039052	SEQC	permutation	
1011.0	0.07709321314622297	SEQC	permutation	
1012.0	-0.11019006463101544	SEQC	permutation	
1013.0	-0.04178900422375076	SEQC	permutation	
1014.0	0.09932270518893294	SEQC	permutation	
1015.0	-0.00025197937912757595	SEQC	permutation	
1016.0	-0.03747174720781077	SEQC	permutation	
1017.0	0.04085672991202882	SEQC	permutation	
1018.0	-0.04090347158496632	SEQC	permutation	
1019.0	0.14435262003069083	SEQC	permutation	
1020.0	0.02746155872749556	SEQC	permutation	
1021.0	0.03458034450456182	SEQC	permutation	
1022.0	0.22548454162591147	SEQC	permutation	
1023.0	0.10269142652680774	SEQC	permutation	
1024.0	-0.1456940665543245	SEQC	permutation	
1025.0	0.12664304458589282	SEQC	permutation	
1026.0	-0.013570875627479495	SEQC	permutation	
1027.0	0.1857126808422036	SEQC	permutation	
1028.0	0.07957101808999889	SEQC	permutation	
1029.0	-0.13482655090047313	SEQC	permutation	
1030.0	-0.21134888275376573	SEQC	permutation	
1031.0	-0.008116145140401265	SEQC	permutation	
1032.0	-0.06476988168974573	SEQC	permutation	
1033.0	-0.022103318547612272	SEQC	permutation	
1034.0	0.150059795568124	SEQC	permutation	
1035.0	0.1097178678178774	SEQC	permutation	
1036.0	0.06117605985988783	SEQC	permutation	
1037.0	-0.0198660566715696	SEQC	permutation	
1038.0	0.21252437059790186	SEQC	permutation	
1039.0	-0.007867523674319088	SEQC	permutation	
1040.0	0.049778956635416094	SEQC	permutation	
1041.0	0.07336145184207288	SEQC	permutation	
1042.0	0.1628516047268218	SEQC	permutation	
1043.0	0.01317779376729833	SEQC	permutation	
1044.0	-0.20572058246244485	SEQC	permutation	
1045.0	0.07130758470654319	SEQC	permutation	
1046.0	0.15103976210866232	SEQC	permutation	
1047.0	0.08096439177018944	SEQC	permutation	
1048.0	-0.02022350739951584	SEQC	permutation	
1049.0	0.0626068342959325	SEQC	permutation	
1050.0	0.09170884152896042	SEQC	permutation	
1051.0	0.05884625400138299	SEQC	permutation	
1052.0	0.03962102717986227	SEQC	permutation	
1053.0	-0.0655042107883479	SEQC	permutation	
1054.0	0.22001288298955846	SEQC	permutation	
1055.0	-0.048684505563041824	SEQC	permutation	
1056.0	0.10526043694461595	SEQC	permutation	
1057.0	0.101956644583439	SEQC	permutation	
1058.0	0.03881706407852459	SEQC	permutation	
1059.0	0.118278730151677	SEQC	permutation	
1060.0	-0.13831720955308402	SEQC	permutation	
1061.0	-0.024782206618674252	SEQC	permutation	
1062.0	-0.013221702445151529	SEQC	permutation	
1063.0	0.02362350406336411	SEQC	permutation	
1064.0	-0.030178072530949507	SEQC	permutation	
1065.0	-0.00244570944149336	SEQC	permutation	
1066.0	-0.17462926395167688	SEQC	permutation	
1067.0	-0.05824141921973869	SEQC	permutation	
1068.0	-0.09095146859230363	SEQC	permutation	
1069.0	0.040310713625154815	SEQC	permutation	
1070.0	0.16859681125172044	SEQC	permutation	
1071.0	-0.05335429830706939	SEQC	permutation	
1072.0	0.02646687009424431	SEQC	permutation	
1073.0	0.11311021559858858	SEQC	permutation	
1074.0	0.10206401024583744	SEQC	permutation	
1075.0	0.1024085225570115	SEQC	permutation	
1076.0	-0.09577820147602267	SEQC	permutation	
1077.0	-0.1300528633553797	SEQC	permutation	
1078.0	0.009218527930226372	SEQC	permutation	
1079.0	-0.10180822566921677	SEQC	permutation	
1080.0	0.004691795402552046	SEQC	permutation	
1081.0	0.24736695591658364	SEQC	permutation	
1082.0	-0.01662184565184255	SEQC	permutation	
1083.0	0.07158116371834566	SEQC	permutation	
1084.0	-0.15115974797020604	SEQC	permutation	
1085.0	-0.02655728115122713	SEQC	permutation	
1086.0	0.1647605431465644	SEQC	permutation	
1087.0	-0.00900919462711025	SEQC	permutation	
1088.0	0.1186678156638874	SEQC	permutation	
1089.0	0.020104830644900318	SEQC	permutation	
1090.0	-0.07191464865397501	SEQC	permutation	
1091.0	-0.048662274210735657	SEQC	permutation	
1092.0	0.024304193739298263	SEQC	permutation	
1093.0	0.09103386497868904	SEQC	permutation	
1094.0	-0.037613360923610895	SEQC	permutation	
1095.0	0.09816206059636157	SEQC	permutation	
1096.0	-0.15649119359663954	SEQC	permutation	
1097.0	0.030691618965359435	SEQC	permutation	
1098.0	-0.25925654593984016	SEQC	permutation	
1099.0	0.17411917835219093	SEQC	permutation	
1100.0	0.13552253263411007	SEQC	permutation	
1101.0	-0.11885169992808509	SEQC	permutation	
1102.0	-0.19353693187977594	SEQC	permutation	
1103.0	0.09933116775711381	SEQC	permutation	
1104.0	0.036783514789523686	SEQC	permutation	
1105.0	0.11134253324570631	SEQC	permutation	
1106.0	-0.10621610681235705	SEQC	permutation	
1107.0	0.026198901644212125	SEQC	permutation	
1108.0	-0.053677192780306804	SEQC	permutation	
1109.0	0.08442220193929506	SEQC	permutation	
1110.0	0.1285077656091378	SEQC	permutation	
1111.0	-0.14395831962747518	SEQC	permutation	
1112.0	0.035537037040503705	SEQC	permutation	
1113.0	0.003384576954196028	SEQC	permutation	
1114.0	-0.11622499194370128	SEQC	permutation	
1115.0	-0.07658014473222385	SEQC	permutation	
1116.0	0.053293348547490904	SEQC	permutation	
1117.0	0.13593746627189018	SEQC	permutation	
1118.0	0.09673463902423718	SEQC	permutation	
1119.0	0.09905516005881188	SEQC	permutation	
1120.0	-0.027615463658615003	SEQC	permutation	
1121.0	-0.19866031687211816	SEQC	permutation	
1122.0	-0.1302392847723972	SEQC	permutation	
1123.0	0.21555780612710684	SEQC	permutation	
1124.0	0.10224322737855385	SEQC	permutation	
1125.0	0.05391729806597434	SEQC	permutation	
1126.0	-0.003544661577034258	SEQC	permutation	
1127.0	0.08922960719868644	SEQC	permutation	
1128.0	-0.09484947025966317	SEQC	permutation	
1129.0	-0.06950768307982402	SEQC	permutation	
1130.0	0.012335452988579743	SEQC	permutation	
1131.0	0.13434960554427855	SEQC	permutation	
1132.0	0.11980544412970939	SEQC	permutation	
1133.0	-0.021690900169878624	SEQC	permutation	
1134.0	0.0033658787003512103	SEQC	permutation	
1135.0	0.08072957619035526	SEQC	permutation	
1136.0	0.1333065105573441	SEQC	permutation	
1137.0	0.03518393029963418	SEQC	permutation	
1138.0	-0.08526837706915869	SEQC	permutation	
1139.0	-0.012712313916715345	SEQC	permutation	
1140.0	-0.10776128360635129	SEQC	permutation	
1141.0	0.11800189143797812	SEQC	permutation	
1142.0	-0.012028307835529883	SEQC	permutation	
1143.0	0.0959143034685841	SEQC	permutation	
1144.0	0.0497535217830789	SEQC	permutation	
1145.0	0.24993057272421693	SEQC	permutation	
1146.0	0.09261230977767898	SEQC	permutation	
1147.0	-0.08182822676589563	SEQC	permutation	
1148.0	0.09134509178613648	SEQC	permutation	
1149.0	0.15740984364675947	SEQC	permutation	
1150.0	0.1162100131028514	SEQC	permutation	
1151.0	-0.014848745074018233	SEQC	permutation	
1152.0	0.03544318219892917	SEQC	permutation	
1153.0	0.05779747336690688	SEQC	permutation	
1154.0	0.06620302806201206	SEQC	permutation	
1155.0	0.003848319228450414	SEQC	permutation	
1156.0	-0.18218858174990604	SEQC	permutation	
1157.0	0.02900948957226257	SEQC	permutation	
1158.0	0.001333496997967032	SEQC	permutation	
1159.0	0.08354590090781322	SEQC	permutation	
1160.0	0.004409489562292368	SEQC	permutation	
1161.0	0.045570605812154774	SEQC	permutation	
1162.0	0.08670450080879633	SEQC	permutation	
1163.0	0.030299362641729388	SEQC	permutation	
1164.0	-0.1063134756660924	SEQC	permutation	
1165.0	0.042930097375865284	SEQC	permutation	
1166.0	0.05463340720716481	SEQC	permutation	
1167.0	0.04426793887139091	SEQC	permutation	
1168.0	-0.16409641946194942	SEQC	permutation	
1169.0	-0.061452411108296356	SEQC	permutation	
1170.0	0.10844877012636767	SEQC	permutation	
1171.0	-0.002141414856215107	SEQC	permutation	
1172.0	0.13662399053397234	SEQC	permutation	
1173.0	0.129339501569389	SEQC	permutation	
1174.0	-0.00900296050853866	SEQC	permutation	
1175.0	-0.03168046872040131	SEQC	permutation	
1176.0	0.01285432230648098	SEQC	permutation	
1177.0	0.1910863165634873	SEQC	permutation	
1178.0	0.02491587000856388	SEQC	permutation	
1179.0	-0.062041304214437876	SEQC	permutation	
1180.0	-0.11765768659385589	SEQC	permutation	
1181.0	-0.04463686240731635	SEQC	permutation	
1182.0	-0.21665155579164797	SEQC	permutation	
1183.0	0.019681728453361025	SEQC	permutation	
1184.0	-0.04250220859786591	SEQC	permutation	
1185.0	0.26622833034604465	SEQC	permutation	
1186.0	0.17006497963150125	SEQC	permutation	
1187.0	-0.07251017920892355	SEQC	permutation	
1188.0	0.06555787517756517	SEQC	permutation	
1189.0	2.092755162497184e-05	SEQC	permutation	
1190.0	-0.10217314897935115	SEQC	permutation	
1191.0	-0.007139820022860288	SEQC	permutation	
1192.0	0.08302808171780551	SEQC	permutation	
1193.0	-0.2046333152533113	SEQC	permutation	
1194.0	-0.12476319139236969	SEQC	permutation	
1195.0	0.09215268422323364	SEQC	permutation	
1196.0	0.13103263516953545	SEQC	permutation	
1197.0	0.11744228301086457	SEQC	permutation	
1198.0	-0.10378052897977508	SEQC	permutation	
1199.0	0.05271036441881183	SEQC	permutation	
1200.0	0.12111258259033031	SEQC	permutation	
1201.0	-0.04696534133312502	SEQC	permutation	
1202.0	-0.12677000470000133	SEQC	permutation	
1203.0	-0.04098585003485855	SEQC	permutation	
1204.0	0.22059802834270492	SEQC	permutation	
1205.0	0.0003690800286215712	SEQC	permutation	
1206.0	0.01999076494563301	SEQC	permutation	
1207.0	0.10494239287156049	SEQC	permutation	
1208.0	-0.11737671913653935	SEQC	permutation	
1209.0	-0.045796145060863935	SEQC	permutation	
1210.0	0.17792979151676258	SEQC	permutation	
1211.0	0.07824749094849492	SEQC	permutation	
1212.0	-0.2018215094991671	SEQC	permutation	
1213.0	-0.05207594372277935	SEQC	permutation	
1214.0	0.04753455074210766	SEQC	permutation	
1215.0	0.09066711818579698	SEQC	permutation	
1216.0	-0.0832588154163929	SEQC	permutation	
1217.0	0.008256278740459422	SEQC	permutation	
1218.0	0.01676607582735601	SEQC	permutation	
1219.0	-0.010169309472878751	SEQC	permutation	
1220.0	0.06656641844858235	SEQC	permutation	
1221.0	0.014556216517323861	SEQC	permutation	
1222.0	0.03323729185674962	SEQC	permutation	
1223.0	-0.08232177715775135	SEQC	permutation	
1224.0	0.09741664793123839	SEQC	permutation	
1225.0	-0.11331681913003733	SEQC	permutation	
1226.0	0.145888826018302	SEQC	permutation	
1227.0	0.040178947739784476	SEQC	permutation	
1228.0	0.04770299587644011	SEQC	permutation	
1229.0	0.10190005779343547	SEQC	permutation	
1230.0	-0.015817373308815608	SEQC	permutation	
1231.0	-0.026186152982684785	SEQC	permutation	
1232.0	0.02303706957096452	SEQC	permutation	
1233.0	0.047365811433684346	SEQC	permutation	
1234.0	0.11398904801042908	SEQC	permutation	
1235.0	-0.08904539336339834	SEQC	permutation	
1236.0	-0.1459721481137164	SEQC	permutation	
1237.0	-0.00426580101947005	SEQC	permutation	
1238.0	-0.01938090212931165	SEQC	permutation	
1239.0	0.13677814673787392	SEQC	permutation	
1240.0	0.0885158775230801	SEQC	permutation	
1241.0	-0.05212545022061832	SEQC	permutation	
1242.0	-0.18991457167609038	SEQC	permutation	
1243.0	0.027274356588401272	SEQC	permutation	
1244.0	-0.03232940300169318	SEQC	permutation	
1245.0	-0.17209276243470883	SEQC	permutation	
1246.0	0.08915919680866002	SEQC	permutation	
1247.0	0.026210159284604906	SEQC	permutation	
1248.0	-0.0037874276280915886	SEQC	permutation	
1249.0	0.060087836271684125	SEQC	permutation	
1250.0	-0.07236227294766007	SEQC	permutation	
1251.0	0.020299070650119155	SEQC	permutation	
1252.0	-0.14546828907859188	SEQC	permutation	
1253.0	0.15417683175255759	SEQC	permutation	
1254.0	0.08234172035724763	SEQC	permutation	
1255.0	0.05768354264285458	SEQC	permutation	
1256.0	-0.04796027169188388	SEQC	permutation	
1257.0	-0.0005375600924537594	SEQC	permutation	
1258.0	-0.16955667870506774	SEQC	permutation	
1259.0	0.2291503250210476	SEQC	permutation	
1260.0	0.0011542622914397782	SEQC	permutation	
1261.0	0.022354567511640777	SEQC	permutation	
1262.0	-0.03403694743450103	SEQC	permutation	
1263.0	-0.13164136589294895	SEQC	permutation	
1264.0	0.022716152037625115	SEQC	permutation	
1265.0	-0.04939305962754581	SEQC	permutation	
1266.0	0.023508926499228977	SEQC	permutation	
1267.0	0.14581535351557262	SEQC	permutation	
1268.0	0.02350768834570971	SEQC	permutation	
1269.0	0.07003638279913948	SEQC	permutation	
1270.0	0.0035867603925048286	SEQC	permutation	
1271.0	-0.05230832562067356	SEQC	permutation	
1272.0	0.07334876607042995	SEQC	permutation	
1273.0	-0.041220123835622235	SEQC	permutation	
1274.0	-0.01677406294454631	SEQC	permutation	
1275.0	0.022351637302938432	SEQC	permutation	
1276.0	-0.006209568948067012	SEQC	permutation	
1277.0	-0.027788720789431398	SEQC	permutation	
1278.0	0.004630839799117492	SEQC	permutation	
1279.0	-0.01003214543678066	SEQC	permutation	
1280.0	-0.1016088965519164	SEQC	permutation	
1281.0	0.01990572718641115	SEQC	permutation	
1282.0	0.08504725788831724	SEQC	permutation	
1283.0	0.01793634957162249	SEQC	permutation	
1284.0	0.04516060793484611	SEQC	permutation	
1285.0	-0.19876184897990568	SEQC	permutation	
1286.0	-0.05093055071601915	SEQC	permutation	
1287.0	-0.04766089235961646	SEQC	permutation	
1288.0	-0.1482970969022368	SEQC	permutation	
1289.0	-0.058617431284416543	SEQC	permutation	
1290.0	-0.04392691788111902	SEQC	permutation	
1291.0	0.11651580100324077	SEQC	permutation	
1292.0	-0.04618388098590964	SEQC	permutation	
1293.0	-0.011503964544825163	SEQC	permutation	
1294.0	0.055693638174986404	SEQC	permutation	
1295.0	-0.15270290119957686	SEQC	permutation	
1296.0	-0.04623354059605189	SEQC	permutation	
1297.0	-0.04192149972705517	SEQC	permutation	
1298.0	-0.09026805586899833	SEQC	permutation	
1299.0	-0.043972527864740485	SEQC	permutation	
1300.0	0.10234093638009778	SEQC	permutation	
1301.0	-0.013898991942802752	SEQC	permutation	
1302.0	-0.09243471407776793	SEQC	permutation	
1303.0	-0.1483416661663366	SEQC	permutation	
1304.0	0.21079598560227453	SEQC	permutation	
1305.0	-0.16645177104056996	SEQC	permutation	
1306.0	0.09092739348588053	SEQC	permutation	
1307.0	-0.04626215946121892	SEQC	permutation	
1308.0	0.1981737554882641	SEQC	permutation	
1309.0	0.11461627276476793	SEQC	permutation	
1310.0	-0.090146244503718	SEQC	permutation	
1311.0	-0.014226128898005452	SEQC	permutation	
1312.0	0.004815702014652423	SEQC	permutation	
1313.0	-0.034148218140304554	SEQC	permutation	
1314.0	-0.0068225228356166845	SEQC	permutation	
1315.0	-0.17873181432536844	SEQC	permutation	
1316.0	-0.0992231171807405	SEQC	permutation	
1317.0	0.09999156811027099	SEQC	permutation	
1318.0	0.14193118270100413	SEQC	permutation	
1319.0	0.20234289445412523	SEQC	permutation	
1320.0	-0.17815585922565758	SEQC	permutation	
1321.0	-0.07959816804079534	SEQC	permutation	
1322.0	0.17540870945771703	SEQC	permutation	
1323.0	-0.06419105929893343	SEQC	permutation	
1324.0	0.040434458981368326	SEQC	permutation	
1325.0	-0.09097895103196718	SEQC	permutation	
1326.0	-0.07329665548601749	SEQC	permutation	
1327.0	0.04437177799073666	SEQC	permutation	
1328.0	-0.008450032937993512	SEQC	permutation	
1329.0	0.07826431403954937	SEQC	permutation	
1330.0	-0.021966663928336683	SEQC	permutation	
1331.0	-0.01762179788325602	SEQC	permutation	
1332.0	0.17552575181651653	SEQC	permutation	
1333.0	-0.16722155453476795	SEQC	permutation	
1334.0	0.0005494439225235404	SEQC	permutation	
1335.0	-0.06342732385025851	SEQC	permutation	
1336.0	0.021767172473388552	SEQC	permutation	
1337.0	-0.031076546088695256	SEQC	permutation	
1338.0	-0.05209091886573258	SEQC	permutation	
1339.0	-0.07892618989958544	SEQC	permutation	
1340.0	0.16779630319847172	SEQC	permutation	
1341.0	-0.22060302511843544	SEQC	permutation	
1342.0	-0.06817023245814502	SEQC	permutation	
1343.0	0.016216415352636293	SEQC	permutation	
1344.0	-0.011514368693692933	SEQC	permutation	
1345.0	0.04330326799999584	SEQC	permutation	
1346.0	0.12034842990712313	SEQC	permutation	
1347.0	0.0962614827903363	SEQC	permutation	
1348.0	0.14088624162449603	SEQC	permutation	
1349.0	-0.13793646303399587	SEQC	permutation	
1350.0	0.1122656868437053	SEQC	permutation	
1351.0	-0.1109837620117351	SEQC	permutation	
1352.0	-0.18853054734693497	SEQC	permutation	
1353.0	0.11441427563160689	SEQC	permutation	
1354.0	0.12939252808967572	SEQC	permutation	
1355.0	-0.14463201566767836	SEQC	permutation	
1356.0	-0.18890189090324272	SEQC	permutation	
1357.0	-0.14064203536235764	SEQC	permutation	
1358.0	0.18865690767303134	SEQC	permutation	
1359.0	0.08491051178959674	SEQC	permutation	
1360.0	0.05507089355539696	SEQC	permutation	
1361.0	-0.042848656914106	SEQC	permutation	
1362.0	0.07726726796279593	SEQC	permutation	
1363.0	-0.11705331180974143	SEQC	permutation	
1364.0	0.15548032981814242	SEQC	permutation	
1365.0	0.06303985528895328	SEQC	permutation	
1366.0	-0.023233862132952865	SEQC	permutation	
1367.0	0.00020585861349964318	SEQC	permutation	
1368.0	-0.04613734669948766	SEQC	permutation	
1369.0	-0.058881648568731126	SEQC	permutation	
1370.0	0.10755564078437496	SEQC	permutation	
1371.0	-0.05145770989106957	SEQC	permutation	
1372.0	0.07624383453477179	SEQC	permutation	
1373.0	0.03715422249578282	SEQC	permutation	
1374.0	-0.008422502853663527	SEQC	permutation	
1375.0	0.2045735589937121	SEQC	permutation	
1376.0	0.0995261535596188	SEQC	permutation	
1377.0	-0.11984428419538151	SEQC	permutation	
1378.0	-0.010610600423549332	SEQC	permutation	
1379.0	0.1566893038156607	SEQC	permutation	
1380.0	-0.12281114567475626	SEQC	permutation	
1381.0	-0.09600289021251518	SEQC	permutation	
1382.0	-0.1558619520463984	SEQC	permutation	
1383.0	-0.0018121973876450426	SEQC	permutation	
1384.0	-0.03692363549721689	SEQC	permutation	
1385.0	0.10981628493140727	SEQC	permutation	
1386.0	0.14424992288953664	SEQC	permutation	
1387.0	0.0669952770427944	SEQC	permutation	
1388.0	0.24504699423224308	SEQC	permutation	
1389.0	-0.009243706530626561	SEQC	permutation	
1390.0	0.009163602914616042	SEQC	permutation	
1391.0	-0.1905903496846677	SEQC	permutation	
1392.0	-0.060219411243216836	SEQC	permutation	
1393.0	0.0804374094256115	SEQC	permutation	
1394.0	0.13412477602588435	SEQC	permutation	
1395.0	0.011779099280661232	SEQC	permutation	
1396.0	0.027207927934700837	SEQC	permutation	
1397.0	-0.08228693137237375	SEQC	permutation	
1398.0	-0.12246842736592489	SEQC	permutation	
1399.0	0.09081455756165102	SEQC	permutation	
1400.0	-0.1628903773708461	SEQC	permutation	
1401.0	0.0763947150749158	SEQC	permutation	
1402.0	0.2165132503757583	SEQC	permutation	
1403.0	-0.05535200217469116	SEQC	permutation	
1404.0	-0.03812346115149312	SEQC	permutation	
1405.0	-0.24062153074080195	SEQC	permutation	
1406.0	-0.01225164655551847	SEQC	permutation	
1407.0	-0.06549188231722258	SEQC	permutation	
1408.0	0.1978522637865323	SEQC	permutation	
1409.0	0.12999244854597958	SEQC	permutation	
1410.0	0.1492115802989713	SEQC	permutation	
1411.0	-0.06820491512627891	SEQC	permutation	
1412.0	-0.02633090760381407	SEQC	permutation	
1413.0	0.08730180708058732	SEQC	permutation	
1414.0	0.11208789563641286	SEQC	permutation	
1415.0	0.17764079961665402	SEQC	permutation	
1416.0	0.06721616753233128	SEQC	permutation	
1417.0	0.004590276360149748	SEQC	permutation	
1418.0	0.08287524041004657	SEQC	permutation	
1419.0	0.16143171316698357	SEQC	permutation	
1420.0	0.07491220115704689	SEQC	permutation	
1421.0	-0.01914606309568878	SEQC	permutation	
1422.0	-0.09005185413569805	SEQC	permutation	
1423.0	0.27971732422934137	SEQC	permutation	
1424.0	-0.0660167538289329	SEQC	permutation	
1425.0	-0.046567899035143245	SEQC	permutation	
1426.0	0.0789346555310182	SEQC	permutation	
1427.0	0.019115926703301866	SEQC	permutation	
1428.0	0.0700866902440711	SEQC	permutation	
1429.0	-0.17812885682049417	SEQC	permutation	
1430.0	-0.22567585212687735	SEQC	permutation	
1431.0	0.05188162693278153	SEQC	permutation	
1432.0	0.05736524068126325	SEQC	permutation	
1433.0	-0.0039833510810751704	SEQC	permutation	
1434.0	0.09527936995441211	SEQC	permutation	
1435.0	0.05524376787626073	SEQC	permutation	
1436.0	0.04543432579046636	SEQC	permutation	
1437.0	-0.10897230746091457	SEQC	permutation	
1438.0	-0.009501006423288327	SEQC	permutation	
1439.0	0.039872139260623385	SEQC	permutation	
1440.0	0.14561640942942944	SEQC	permutation	
1441.0	-0.11882362699263238	SEQC	permutation	
1442.0	-0.04114963197825183	SEQC	permutation	
1443.0	0.012226444712948314	SEQC	permutation	
1444.0	0.08108726643501774	SEQC	permutation	
1445.0	-0.17861231849134196	SEQC	permutation	
1446.0	-0.13077689460724828	SEQC	permutation	
1447.0	0.11789704899108866	SEQC	permutation	
1448.0	-0.048723161698883466	SEQC	permutation	
1449.0	0.14933373782998327	SEQC	permutation	
1450.0	0.0858133450935541	SEQC	permutation	
1451.0	0.006635865434254207	SEQC	permutation	
1452.0	0.13665742176023477	SEQC	permutation	
1453.0	-0.1019408507807622	SEQC	permutation	
1454.0	0.06948387537843503	SEQC	permutation	
1455.0	-0.009406058767658099	SEQC	permutation	
1456.0	0.13379390047282502	SEQC	permutation	
1457.0	0.18341137903556293	SEQC	permutation	
1458.0	-0.08943097678680356	SEQC	permutation	
1459.0	0.0638033221115335	SEQC	permutation	
1460.0	0.06944022704005359	SEQC	permutation	
1461.0	0.09794908112165057	SEQC	permutation	
1462.0	-0.1727598827212944	SEQC	permutation	
1463.0	0.15292395310283835	SEQC	permutation	
1464.0	-0.02678231992552016	SEQC	permutation	
1465.0	-0.15935348730609	SEQC	permutation	
1466.0	0.17021168224193373	SEQC	permutation	
1467.0	0.07026425975946715	SEQC	permutation	
1468.0	0.10312439146230323	SEQC	permutation	
1469.0	-0.08959319267068144	SEQC	permutation	
1470.0	-0.038337511663194324	SEQC	permutation	
1471.0	0.01673990055379404	SEQC	permutation	
1472.0	-0.14069946285766566	SEQC	permutation	
1473.0	0.05256519095668777	SEQC	permutation	
1474.0	-0.04157373880361126	SEQC	permutation	
1475.0	0.02671640006499887	SEQC	permutation	
1476.0	0.06515807783853456	SEQC	permutation	
1477.0	-0.04720211130355878	SEQC	permutation	
1478.0	-0.08845281944379657	SEQC	permutation	
1479.0	0.12965599511474357	SEQC	permutation	
1480.0	0.12566171620527244	SEQC	permutation	
1481.0	0.004300063743800209	SEQC	permutation	
1482.0	0.2224667986016824	SEQC	permutation	
1483.0	0.08954967491608823	SEQC	permutation	
1484.0	0.02554174915600882	SEQC	permutation	
1485.0	-0.0028318710448718143	SEQC	permutation	
1486.0	0.20660060554857074	SEQC	permutation	
1487.0	-0.1152820737449538	SEQC	permutation	
1488.0	0.0825418101467914	SEQC	permutation	
1489.0	-0.11534295403586992	SEQC	permutation	
1490.0	0.09499863059509428	SEQC	permutation	
1491.0	-0.19337457797268387	SEQC	permutation	
1492.0	-0.24996932569581487	SEQC	permutation	
1493.0	-0.08924431448785919	SEQC	permutation	
1494.0	-0.07944007583866064	SEQC	permutation	
1495.0	0.016556002321267194	SEQC	permutation	
1496.0	0.04259727483317155	SEQC	permutation	
1497.0	0.17647245566626335	SEQC	permutation	
1498.0	0.2853129917079973	SEQC	permutation	
1499.0	0.036111779765572116	SEQC	permutation	
1500.0	0.10636434074744461	SEQC	permutation	
1501.0	0.23955873634867908	SEQC	permutation	
1502.0	0.1306063651351015	SEQC	permutation	
1503.0	-0.02950981868275715	SEQC	permutation	
1504.0	-0.04913590204375273	SEQC	permutation	
1505.0	0.02187433170638764	SEQC	permutation	
1506.0	-0.12357693742281706	SEQC	permutation	
1507.0	0.09962749488293854	SEQC	permutation	
1508.0	0.06987204344218156	SEQC	permutation	
1509.0	-0.15471127578378452	SEQC	permutation	
1510.0	-0.0023219233083637825	SEQC	permutation	
1511.0	-0.01329371428058268	SEQC	permutation	
1512.0	-0.09754513541502163	SEQC	permutation	
1513.0	-0.08993066302359143	SEQC	permutation	
1514.0	-0.019350535779137257	SEQC	permutation	
1515.0	-0.10236164983460672	SEQC	permutation	
1516.0	0.07430657488962922	SEQC	permutation	
1517.0	-0.10010498350531583	SEQC	permutation	
1518.0	-0.03745720882881409	SEQC	permutation	
1519.0	-0.06892745642827203	SEQC	permutation	
1520.0	-0.10812049325900608	SEQC	permutation	
1521.0	0.062350002881275124	SEQC	permutation	
1522.0	-0.020540808393904708	SEQC	permutation	
1523.0	-0.15452612924269582	SEQC	permutation	
1524.0	0.15309372665603815	SEQC	permutation	
1525.0	-0.10702339924604365	SEQC	permutation	
1526.0	0.0002888439113895025	SEQC	permutation	
1527.0	-0.056191605366719966	SEQC	permutation	
1528.0	0.014481893753493402	SEQC	permutation	
1529.0	-0.06908346229288753	SEQC	permutation	
1530.0	-0.04782904749715389	SEQC	permutation	
1531.0	-0.1404233159405126	SEQC	permutation	
1532.0	0.04680668263808929	SEQC	permutation	
1533.0	-0.027634045974497923	SEQC	permutation	
1534.0	0.013942063749722067	SEQC	permutation	
1535.0	-0.006109569737186682	SEQC	permutation	
1536.0	-0.033672860138727945	SEQC	permutation	
1537.0	-0.0748505300343032	SEQC	permutation	
1538.0	0.2008299168214025	SEQC	permutation	
1539.0	0.005869105479188175	SEQC	permutation	
1540.0	0.010174000985835097	SEQC	permutation	
1541.0	0.031149076394526798	SEQC	permutation	
1542.0	0.03191230691727931	SEQC	permutation	
1543.0	-0.07719410222296386	SEQC	permutation	
1544.0	-0.15336521884089427	SEQC	permutation	
1545.0	-0.043864832591958614	SEQC	permutation	
1546.0	0.13355114630785359	SEQC	permutation	
1547.0	-0.06417509981578062	SEQC	permutation	
1548.0	-0.013840800750215099	SEQC	permutation	
1549.0	0.010017606079700592	SEQC	permutation	
1550.0	0.10552706023588998	SEQC	permutation	
1551.0	-0.19268026608103028	SEQC	permutation	
1552.0	-0.1431325607973153	SEQC	permutation	
1553.0	0.02925891296736438	SEQC	permutation	
1554.0	0.05756052412396073	SEQC	permutation	
1555.0	0.06333588040429694	SEQC	permutation	
1556.0	0.0462222425720773	SEQC	permutation	
1557.0	-0.07144961407129058	SEQC	permutation	
1558.0	0.06731222614609944	SEQC	permutation	
1559.0	0.04860013794816709	SEQC	permutation	
1560.0	0.02225296264641141	SEQC	permutation	
1561.0	-0.08475222451522413	SEQC	permutation	
1562.0	0.048829772737636556	SEQC	permutation	
1563.0	-0.04439741529778374	SEQC	permutation	
1564.0	0.0498568543204394	SEQC	permutation	
1565.0	-0.015172335882776444	SEQC	permutation	
1566.0	0.12296377397555114	SEQC	permutation	
1567.0	-0.01578837024747015	SEQC	permutation	
1568.0	-0.11745894787183975	SEQC	permutation	
1569.0	-0.1808301192923456	SEQC	permutation	
1570.0	-0.043373949154106306	SEQC	permutation	
1571.0	0.17387413162023924	SEQC	permutation	
1572.0	0.058948058480177146	SEQC	permutation	
1573.0	-0.09254623045706944	SEQC	permutation	
1574.0	0.05095083753511931	SEQC	permutation	
1575.0	-0.011143365467913835	SEQC	permutation	
1576.0	0.17164872259905684	SEQC	permutation	
1577.0	-0.20131335744282364	SEQC	permutation	
1578.0	-0.15205405982464182	SEQC	permutation	
1579.0	-0.02649127891245273	SEQC	permutation	
1580.0	0.0694250190875243	SEQC	permutation	
1581.0	0.10092753982229441	SEQC	permutation	
1582.0	0.13743327928424476	SEQC	permutation	
1583.0	-0.056286146407884985	SEQC	permutation	
1584.0	0.08800309009197482	SEQC	permutation	
1585.0	-0.30237929801339014	SEQC	permutation	
1586.0	0.0910230412160069	SEQC	permutation	
1587.0	-0.04087002917207583	SEQC	permutation	
1588.0	-0.0706648411752755	SEQC	permutation	
1589.0	0.02366986541973315	SEQC	permutation	
1590.0	-0.1376414175703875	SEQC	permutation	
1591.0	-0.09364429576383637	SEQC	permutation	
1592.0	-0.07941050545514283	SEQC	permutation	
1593.0	0.017768553841388535	SEQC	permutation	
1594.0	-0.10139123801224859	SEQC	permutation	
1595.0	-0.06385176195166808	SEQC	permutation	
1596.0	-0.057736995509381384	SEQC	permutation	
1597.0	-0.03560225682177265	SEQC	permutation	
1598.0	0.05815179738718346	SEQC	permutation	
1599.0	-0.008915057346941868	SEQC	permutation	
1600.0	-0.018737256436267113	SEQC	permutation	
1601.0	-0.1694732356803188	SEQC	permutation	
1602.0	0.06461605331713915	SEQC	permutation	
1603.0	-0.010832229807111737	SEQC	permutation	
1604.0	-0.12941520542388085	SEQC	permutation	
1605.0	0.021787681688465454	SEQC	permutation	
1606.0	-0.04325840357862676	SEQC	permutation	
1607.0	-0.09465732286621042	SEQC	permutation	
1608.0	0.04065366583496122	SEQC	permutation	
1609.0	0.20075102426181823	SEQC	permutation	
1610.0	-0.09067356579912378	SEQC	permutation	
1611.0	0.015478661897558421	SEQC	permutation	
1612.0	-0.009701807220757086	SEQC	permutation	
1613.0	-0.18694465686834505	SEQC	permutation	
1614.0	-0.045933752383261695	SEQC	permutation	
1615.0	-0.1326050785270514	SEQC	permutation	
1616.0	0.0142142342778655	SEQC	permutation	
1617.0	0.21766030236272815	SEQC	permutation	
1618.0	0.06690012683577695	SEQC	permutation	
1619.0	-0.03351185981261828	SEQC	permutation	
1620.0	0.06550106719531401	SEQC	permutation	
1621.0	-0.1295466484628931	SEQC	permutation	
1622.0	-0.022277899807084278	SEQC	permutation	
1623.0	0.12439762924789921	SEQC	permutation	
1624.0	-0.12131042808015868	SEQC	permutation	
1625.0	0.026680452516679498	SEQC	permutation	
1626.0	0.05999379127288851	SEQC	permutation	
1627.0	0.12575562044456534	SEQC	permutation	
1628.0	-0.24055476156396338	SEQC	permutation	
1629.0	-0.02479559885882665	SEQC	permutation	
1630.0	0.05653364274085826	SEQC	permutation	
1631.0	0.08936626393870473	SEQC	permutation	
1632.0	-0.10016416089369695	SEQC	permutation	
1633.0	0.054150599107478214	SEQC	permutation	
1634.0	0.051464062322074344	SEQC	permutation	
1635.0	0.007307833778410711	SEQC	permutation	
1636.0	-0.046521156356440496	SEQC	permutation	
1637.0	0.1401378658172039	SEQC	permutation	
1638.0	0.008921075471866047	SEQC	permutation	
1639.0	0.096429964182144	SEQC	permutation	
1640.0	0.1906231803016536	SEQC	permutation	
1641.0	0.07544840701827749	SEQC	permutation	
1642.0	0.1237534838355745	SEQC	permutation	
1643.0	-0.14712950195541596	SEQC	permutation	
1644.0	0.03443358563366283	SEQC	permutation	
1645.0	0.024587901297774994	SEQC	permutation	
1646.0	0.06728894243663186	SEQC	permutation	
1647.0	0.025621835877926102	SEQC	permutation	
1648.0	0.0036302034967499175	SEQC	permutation	
1649.0	-0.04382789117652175	SEQC	permutation	
1650.0	0.11351941689161427	SEQC	permutation	
1651.0	-0.08812105445256835	SEQC	permutation	
1652.0	0.0917959951692211	SEQC	permutation	
1653.0	0.08699320832880542	SEQC	permutation	
1654.0	-0.01903080772005694	SEQC	permutation	
1655.0	0.08083624796908184	SEQC	permutation	
1656.0	-0.17522660624005493	SEQC	permutation	
1657.0	0.13657870472740807	SEQC	permutation	
1658.0	0.13595743588938936	SEQC	permutation	
1659.0	-0.16621429111550112	SEQC	permutation	
1660.0	0.2953292609209308	SEQC	permutation	
1661.0	-0.16874588683622305	SEQC	permutation	
1662.0	-0.09225865167485425	SEQC	permutation	
1663.0	0.01759105988693932	SEQC	permutation	
1664.0	-0.034536362725586134	SEQC	permutation	
1665.0	0.10898463278705428	SEQC	permutation	
1666.0	0.09241530709579804	SEQC	permutation	
1667.0	-0.06012401336478801	SEQC	permutation	
1668.0	-0.02125140294698724	SEQC	permutation	
1669.0	-0.20385317116071233	SEQC	permutation	
1670.0	0.06173212089504121	SEQC	permutation	
1671.0	0.12291489751676199	SEQC	permutation	
1672.0	0.007366105693893843	SEQC	permutation	
1673.0	0.07530591886279892	SEQC	permutation	
1674.0	0.12736724880329975	SEQC	permutation	
1675.0	-0.044304745524904376	SEQC	permutation	
1676.0	0.04816234170983691	SEQC	permutation	
1677.0	-0.13356963871719962	SEQC	permutation	
1678.0	-0.12383951592112385	SEQC	permutation	
1679.0	0.03473051541180716	SEQC	permutation	
1680.0	0.030389394596430197	SEQC	permutation	
1681.0	0.18071243688090766	SEQC	permutation	
1682.0	0.057957042721641816	SEQC	permutation	
1683.0	0.043637606022019604	SEQC	permutation	
1684.0	-0.0460310440517997	SEQC	permutation	
1685.0	0.00970911332941915	SEQC	permutation	
1686.0	-0.04795859037222572	SEQC	permutation	
1687.0	-0.0043436717619225185	SEQC	permutation	
1688.0	-0.04388975796681249	SEQC	permutation	
1689.0	0.27794005552423595	SEQC	permutation	
1690.0	-0.00015325596692417065	SEQC	permutation	
1691.0	0.17951329494179324	SEQC	permutation	
1692.0	-0.06181722455208449	SEQC	permutation	
1693.0	0.05730058268322358	SEQC	permutation	
1694.0	-0.0070620636258289515	SEQC	permutation	
1695.0	-0.029850236665292407	SEQC	permutation	
1696.0	-0.036499660691412306	SEQC	permutation	
1697.0	0.12067529168607916	SEQC	permutation	
1698.0	-0.235747983632848	SEQC	permutation	
1699.0	0.032774779811281185	SEQC	permutation	
1700.0	-0.07394549481933987	SEQC	permutation	
1701.0	-0.008909978192847667	SEQC	permutation	
1702.0	0.07515957445555843	SEQC	permutation	
1703.0	-0.08220709272647087	SEQC	permutation	
1704.0	-0.06923557137225789	SEQC	permutation	
1705.0	-0.05688419399305822	SEQC	permutation	
1706.0	-0.09071245243868908	SEQC	permutation	
1707.0	0.12605213574103447	SEQC	permutation	
1708.0	0.07151670045881175	SEQC	permutation	
1709.0	-0.014071881553118892	SEQC	permutation	
1710.0	0.17817181351923672	SEQC	permutation	
1711.0	0.11611332198511093	SEQC	permutation	
1712.0	0.0742810900530535	SEQC	permutation	
1713.0	0.038700998715718526	SEQC	permutation	
1714.0	0.04117059634899922	SEQC	permutation	
1715.0	-0.013363652771717582	SEQC	permutation	
1716.0	0.03073296913427148	SEQC	permutation	
1717.0	0.24131792466945878	SEQC	permutation	
1718.0	-0.09546377875595802	SEQC	permutation	
1719.0	0.04723852322742861	SEQC	permutation	
1720.0	0.12312097648365894	SEQC	permutation	
1721.0	0.13349489403983394	SEQC	permutation	
1722.0	-0.13024823838434063	SEQC	permutation	
1723.0	0.08089465611745794	SEQC	permutation	
1724.0	-0.171434296949188	SEQC	permutation	
1725.0	-0.10479845407254818	SEQC	permutation	
1726.0	0.11790222243077286	SEQC	permutation	
1727.0	-0.08870514633520843	SEQC	permutation	
1728.0	-0.04975798737775694	SEQC	permutation	
1729.0	-0.17192579509232653	SEQC	permutation	
1730.0	0.026521549920116794	SEQC	permutation	
1731.0	0.09230853580147169	SEQC	permutation	
1732.0	0.06633720992740999	SEQC	permutation	
1733.0	-0.1285249781170359	SEQC	permutation	
1734.0	-0.03189607543850714	SEQC	permutation	
1735.0	0.1535501808080082	SEQC	permutation	
1736.0	-0.09227312513732455	SEQC	permutation	
1737.0	-0.02857690352686637	SEQC	permutation	
1738.0	-0.039552274212504734	SEQC	permutation	
1739.0	-0.03644928404489933	SEQC	permutation	
1740.0	0.09954280132844007	SEQC	permutation	
1741.0	-0.11228042314675957	SEQC	permutation	
1742.0	-0.1173518643402871	SEQC	permutation	
1743.0	0.009373902587635818	SEQC	permutation	
1744.0	0.050186840076062555	SEQC	permutation	
1745.0	-0.08243732786754299	SEQC	permutation	
1746.0	0.14304215428702527	SEQC	permutation	
1747.0	0.05748341937814461	SEQC	permutation	
1748.0	0.004454477401881096	SEQC	permutation	
1749.0	-0.04278009251227921	SEQC	permutation	
1750.0	0.0129580960584188	SEQC	permutation	
1751.0	-0.07512131337316541	SEQC	permutation	
1752.0	-0.07339359248587618	SEQC	permutation	
1753.0	0.2125041707139954	SEQC	permutation	
1754.0	0.09641388051427846	SEQC	permutation	
1755.0	0.33418283721851383	SEQC	permutation	
1756.0	-0.0038332847955659943	SEQC	permutation	
1757.0	-0.1311193102059991	SEQC	permutation	
1758.0	-0.132806988871482	SEQC	permutation	
1759.0	-0.04699723300722791	SEQC	permutation	
1760.0	0.1620797317424012	SEQC	permutation	
1761.0	0.18886658567562664	SEQC	permutation	
1762.0	-0.007422522486093541	SEQC	permutation	
1763.0	-0.002242078270571213	SEQC	permutation	
1764.0	-0.05933373811127396	SEQC	permutation	
1765.0	-0.16778720319928908	SEQC	permutation	
1766.0	0.07357429997974618	SEQC	permutation	
1767.0	-0.001145552939293193	SEQC	permutation	
1768.0	0.25925813384785457	SEQC	permutation	
1769.0	0.01189580379790911	SEQC	permutation	
1770.0	0.07072403936682203	SEQC	permutation	
1771.0	-0.16992058671913446	SEQC	permutation	
1772.0	0.14090720871883144	SEQC	permutation	
1773.0	0.0657549970412008	SEQC	permutation	
1774.0	0.016223702976664978	SEQC	permutation	
1775.0	0.10764513062319114	SEQC	permutation	
1776.0	0.13930436288018333	SEQC	permutation	
1777.0	0.030336562623809904	SEQC	permutation	
1778.0	-0.008855183275242151	SEQC	permutation	
1779.0	0.01930572760152849	SEQC	permutation	
1780.0	0.08156567703817608	SEQC	permutation	
1781.0	0.021645013248247746	SEQC	permutation	
1782.0	0.04891568818352088	SEQC	permutation	
1783.0	0.06324334818516686	SEQC	permutation	
1784.0	0.16449682558983003	SEQC	permutation	
1785.0	-0.07270089087142306	SEQC	permutation	
1786.0	-0.03577848539821371	SEQC	permutation	
1787.0	0.04841821949848368	SEQC	permutation	
1788.0	0.022838422506512135	SEQC	permutation	
1789.0	-0.018209414924525547	SEQC	permutation	
1790.0	0.07116446991606962	SEQC	permutation	
1791.0	-0.003020111684350013	SEQC	permutation	
1792.0	-0.25247478447106575	SEQC	permutation	
1793.0	0.040743535003557874	SEQC	permutation	
1794.0	-0.23072792168026934	SEQC	permutation	
1795.0	0.16597239834484556	SEQC	permutation	
1796.0	0.050836742443816085	SEQC	permutation	
1797.0	-0.05963977198131776	SEQC	permutation	
1798.0	-0.07716676256515198	SEQC	permutation	
1799.0	-0.056151899710719544	SEQC	permutation	
1800.0	0.18536470761809642	SEQC	permutation	
1801.0	0.16019726027080994	SEQC	permutation	
1802.0	-0.04606550257269593	SEQC	permutation	
1803.0	-0.01966803073766954	SEQC	permutation	
1804.0	-0.19512854031169402	SEQC	permutation	
1805.0	0.010465438675850702	SEQC	permutation	
1806.0	-0.005238916514230585	SEQC	permutation	
1807.0	0.006544868308197227	SEQC	permutation	
1808.0	0.1025786341081445	SEQC	permutation	
1809.0	0.05530685145070935	SEQC	permutation	
1810.0	0.04808742401366839	SEQC	permutation	
1811.0	-0.09093456869133076	SEQC	permutation	
1812.0	-0.11250266427232081	SEQC	permutation	
1813.0	-0.0038492616820851033	SEQC	permutation	
1814.0	0.024493788902532287	SEQC	permutation	
1815.0	0.11437475449860068	SEQC	permutation	
1816.0	0.029126799267519043	SEQC	permutation	
1817.0	-0.08021309362934304	SEQC	permutation	
1818.0	0.08668236168655064	SEQC	permutation	
1819.0	-0.06206482680082148	SEQC	permutation	
1820.0	0.052135509751039866	SEQC	permutation	
1821.0	0.024969452865315045	SEQC	permutation	
1822.0	-0.0367708085909082	SEQC	permutation	
1823.0	-0.13673626752408685	SEQC	permutation	
1824.0	0.007218803901991588	SEQC	permutation	
1825.0	0.09081800641278193	SEQC	permutation	
1826.0	-0.10468697077347233	SEQC	permutation	
1827.0	-0.16089504748710937	SEQC	permutation	
1828.0	-0.0751764251616307	SEQC	permutation	
1829.0	-0.19923462801432912	SEQC	permutation	
1830.0	0.0733553150119639	SEQC	permutation	
1831.0	0.13868215363295144	SEQC	permutation	
1832.0	0.08034330481587304	SEQC	permutation	
1833.0	-0.047616624078421044	SEQC	permutation	
1834.0	0.15840355445186338	SEQC	permutation	
1835.0	-0.21684990219542266	SEQC	permutation	
1836.0	0.018250299056546737	SEQC	permutation	
1837.0	0.01737950681533107	SEQC	permutation	
1838.0	0.14885641644996772	SEQC	permutation	
1839.0	0.03308534885230374	SEQC	permutation	
1840.0	-0.004260693978863195	SEQC	permutation	
1841.0	-0.11647489882285589	SEQC	permutation	
1842.0	0.07847960699438739	SEQC	permutation	
1843.0	-0.03202128640367263	SEQC	permutation	
1844.0	-0.025827877085046858	SEQC	permutation	
1845.0	-0.20200960834828052	SEQC	permutation	
1846.0	0.012504546994218657	SEQC	permutation	
1847.0	-0.19594219526625833	SEQC	permutation	
1848.0	-0.21620005543185927	SEQC	permutation	
1849.0	-0.1312901965545823	SEQC	permutation	
1850.0	0.036796957128026886	SEQC	permutation	
1851.0	-0.0677864569197193	SEQC	permutation	
1852.0	0.027730915094717368	SEQC	permutation	
1853.0	-0.03987061206550857	SEQC	permutation	
1854.0	-0.08687422172711257	SEQC	permutation	
1855.0	0.12276863288744977	SEQC	permutation	
1856.0	-0.052442873346612906	SEQC	permutation	
1857.0	0.0444608902447543	SEQC	permutation	
1858.0	-0.08448004255798036	SEQC	permutation	
1859.0	-0.030709449526450605	SEQC	permutation	
1860.0	-0.019205621475007817	SEQC	permutation	
1861.0	0.058824087140028514	SEQC	permutation	
1862.0	0.11389451350238344	SEQC	permutation	
1863.0	0.05155696092607309	SEQC	permutation	
1864.0	-0.11714544334888499	SEQC	permutation	
1865.0	0.03388183157623503	SEQC	permutation	
1866.0	0.16554648496207713	SEQC	permutation	
1867.0	-0.01727507052382693	SEQC	permutation	
1868.0	0.19272441563124731	SEQC	permutation	
1869.0	-0.040357112939233275	SEQC	permutation	
1870.0	-0.13649916981145171	SEQC	permutation	
1871.0	-0.15859815903563357	SEQC	permutation	
1872.0	-0.013940951456547168	SEQC	permutation	
1873.0	0.19455291343161996	SEQC	permutation	
1874.0	0.2504983344442966	SEQC	permutation	
1875.0	0.05794579784803888	SEQC	permutation	
1876.0	-0.142973529162298	SEQC	permutation	
1877.0	0.09422678969870768	SEQC	permutation	
1878.0	-0.09833593721299527	SEQC	permutation	
1879.0	-0.07968332001921263	SEQC	permutation	
1880.0	0.09622751296295284	SEQC	permutation	
1881.0	-0.1893082726644577	SEQC	permutation	
1882.0	0.16939136293399715	SEQC	permutation	
1883.0	-0.07392064910509877	SEQC	permutation	
1884.0	-0.028076343937913695	SEQC	permutation	
1885.0	0.1435006125399445	SEQC	permutation	
1886.0	0.11688321722270256	SEQC	permutation	
1887.0	-0.17945956866799584	SEQC	permutation	
1888.0	-0.14641931957136434	SEQC	permutation	
1889.0	0.21533321806680572	SEQC	permutation	
1890.0	-0.09122518084353581	SEQC	permutation	
1891.0	0.18990089115422704	SEQC	permutation	
1892.0	0.17412431602197787	SEQC	permutation	
1893.0	-0.03386847692783945	SEQC	permutation	
1894.0	0.13696416018994606	SEQC	permutation	
1895.0	0.05580072734994479	SEQC	permutation	
1896.0	0.014057994603143609	SEQC	permutation	
1897.0	-0.08773065516532741	SEQC	permutation	
1898.0	0.0020154283479634216	SEQC	permutation	
1899.0	0.10253569072654134	SEQC	permutation	
1900.0	0.0950435489175212	SEQC	permutation	
1901.0	-0.04085377354249653	SEQC	permutation	
1902.0	-0.08303886223380719	SEQC	permutation	
1903.0	-0.19679782603995566	SEQC	permutation	
1904.0	0.02702819496355202	SEQC	permutation	
1905.0	0.216596324952806	SEQC	permutation	
1906.0	0.1196167331111262	SEQC	permutation	
1907.0	-0.06818856156009989	SEQC	permutation	
1908.0	-0.029245546237156805	SEQC	permutation	
1909.0	0.1634169940812229	SEQC	permutation	
1910.0	0.029381524831149974	SEQC	permutation	
1911.0	0.1183266937401437	SEQC	permutation	
1912.0	0.3260640883511363	SEQC	permutation	
1913.0	-0.16182163514620296	SEQC	permutation	
1914.0	0.1319679450227329	SEQC	permutation	
1915.0	0.00031678889109798547	SEQC	permutation	
1916.0	0.0026122330504492197	SEQC	permutation	
1917.0	-0.06887552618167048	SEQC	permutation	
1918.0	0.10741641748526964	SEQC	permutation	
1919.0	-0.005451233111255949	SEQC	permutation	
1920.0	0.14876202109813086	SEQC	permutation	
1921.0	0.05557439924374252	SEQC	permutation	
1922.0	0.28252056556581673	SEQC	permutation	
1923.0	-0.053041190473282374	SEQC	permutation	
1924.0	-0.08643867652714743	SEQC	permutation	
1925.0	-0.09696162890447368	SEQC	permutation	
1926.0	-0.15857026105679717	SEQC	permutation	
1927.0	-0.09264983912321512	SEQC	permutation	
1928.0	0.1654104503122591	SEQC	permutation	
1929.0	0.003137533993380348	SEQC	permutation	
1930.0	-0.04428084424857959	SEQC	permutation	
1931.0	0.0035088023516900435	SEQC	permutation	
1932.0	-0.051470944110570294	SEQC	permutation	
1933.0	0.04961134060289041	SEQC	permutation	
1934.0	0.014360133789178775	SEQC	permutation	
1935.0	-0.013454466337662563	SEQC	permutation	
1936.0	0.08055021379799854	SEQC	permutation	
1937.0	0.007439154264367254	SEQC	permutation	
1938.0	-0.07885580602484188	SEQC	permutation	
1939.0	-0.015110983401018796	SEQC	permutation	
1940.0	-0.09081948302782816	SEQC	permutation	
1941.0	0.012323408663457158	SEQC	permutation	
1942.0	-0.043119513896788586	SEQC	permutation	
1943.0	0.034057364679752844	SEQC	permutation	
1944.0	0.15577562670694256	SEQC	permutation	
1945.0	0.07735910876336716	SEQC	permutation	
1946.0	-0.08967175568169727	SEQC	permutation	
1947.0	0.17679159570380687	SEQC	permutation	
1948.0	0.17587438534447486	SEQC	permutation	
1949.0	0.016647004444235503	SEQC	permutation	
1950.0	-0.0004628718240109464	SEQC	permutation	
1951.0	0.023780357095952276	SEQC	permutation	
1952.0	-0.0887844002641387	SEQC	permutation	
1953.0	0.1746574877635121	SEQC	permutation	
1954.0	0.13806510875131206	SEQC	permutation	
1955.0	-0.004940164707003092	SEQC	permutation	
1956.0	0.010094214973049187	SEQC	permutation	
1957.0	0.028675533814731757	SEQC	permutation	
1958.0	0.18356627139214865	SEQC	permutation	
1959.0	-0.10880572688584467	SEQC	permutation	
1960.0	0.0964036353434552	SEQC	permutation	
1961.0	-0.0725774868199136	SEQC	permutation	
1962.0	-0.12626918158229206	SEQC	permutation	
1963.0	-0.03662752528587587	SEQC	permutation	
1964.0	-0.002992325494925119	SEQC	permutation	
1965.0	-0.03578247413613811	SEQC	permutation	
1966.0	-0.01759867848213359	SEQC	permutation	
1967.0	-0.014085349370843936	SEQC	permutation	
1968.0	-0.07357622330289404	SEQC	permutation	
1969.0	0.07467446205426675	SEQC	permutation	
1970.0	-0.05673050076038599	SEQC	permutation	
1971.0	0.13804831799510664	SEQC	permutation	
1972.0	0.0017918136298757936	SEQC	permutation	
1973.0	0.04101312735846152	SEQC	permutation	
1974.0	-0.013829202123963213	SEQC	permutation	
1975.0	0.052645014692430436	SEQC	permutation	
1976.0	0.16796306625766366	SEQC	permutation	
1977.0	-0.08925653169105097	SEQC	permutation	
1978.0	0.0681781967626196	SEQC	permutation	
1979.0	-0.0012265111512550497	SEQC	permutation	
1980.0	-0.0794423553641388	SEQC	permutation	
1981.0	0.03134083483500616	SEQC	permutation	
1982.0	0.06244564176860257	SEQC	permutation	
1983.0	-0.03782477042975563	SEQC	permutation	
1984.0	-0.10708693184521012	SEQC	permutation	
1985.0	0.07861235068755201	SEQC	permutation	
1986.0	-0.022842881547974425	SEQC	permutation	
1987.0	0.08189323787435576	SEQC	permutation	
1988.0	-0.10090001219684241	SEQC	permutation	
1989.0	-0.06727129800074305	SEQC	permutation	
1990.0	0.13521779600801676	SEQC	permutation	
1991.0	0.08264092685745084	SEQC	permutation	
1992.0	0.07993947938628976	SEQC	permutation	
1993.0	-0.03202825584228153	SEQC	permutation	
1994.0	0.11767895168945008	SEQC	permutation	
1995.0	0.045706425252533656	SEQC	permutation	
1996.0	-0.057533913860157604	SEQC	permutation	
1997.0	0.09702696583361092	SEQC	permutation	
1998.0	-0.035285075494633666	SEQC	permutation	
1999.0	-0.09537502306822487	SEQC	permutation	
2000.0	-0.011115992083808646	SEQC	permutation	
2001.0	0.020604651904871485	SEQC	permutation	
2002.0	-0.15989049765272112	SEQC	permutation	
2003.0	0.035501527417026946	SEQC	permutation	
2004.0	0.19483398327142343	SEQC	permutation	
2005.0	-0.057897271922558335	SEQC	permutation	
2006.0	-0.07413527560624011	SEQC	permutation	
2007.0	0.1560436115144075	SEQC	permutation	
2008.0	0.11786424508034266	SEQC	permutation	
2009.0	0.0558903884490376	SEQC	permutation	
2010.0	0.002075326690886836	SEQC	permutation	
2011.0	-0.02781334848498007	SEQC	permutation	
2012.0	-0.02531796879497472	SEQC	permutation	
2013.0	-0.11924060576836082	SEQC	permutation	
2014.0	0.027633164629869977	SEQC	permutation	
2015.0	0.1197169647001628	SEQC	permutation	
2016.0	0.13901504540866938	SEQC	permutation	
2017.0	0.19976624490906225	SEQC	permutation	
2018.0	-0.04731073497898697	SEQC	permutation	
2019.0	0.025338517087106105	SEQC	permutation	
2020.0	-0.0832593098141361	SEQC	permutation	
2021.0	-0.09627250093051654	SEQC	permutation	
2022.0	0.0675263748013677	SEQC	permutation	
2023.0	0.0862873746564703	SEQC	permutation	
2024.0	-0.13183022624016694	SEQC	permutation	
2025.0	0.02230476755003119	SEQC	permutation	
2026.0	-0.018232978767401153	SEQC	permutation	
2027.0	0.0015736575071194636	SEQC	permutation	
2028.0	-0.11765123491076901	SEQC	permutation	
2029.0	-0.09581164646169205	SEQC	permutation	
2030.0	0.04855643968667778	SEQC	permutation	
2031.0	-0.1781718586726151	SEQC	permutation	
2032.0	0.08467632609082631	SEQC	permutation	
2033.0	0.053630225305156376	SEQC	permutation	
2034.0	0.014541851973491227	SEQC	permutation	
2035.0	0.022018708204841086	SEQC	permutation	
2036.0	0.09071795514981407	SEQC	permutation	
2037.0	-0.15580769440966247	SEQC	permutation	
2038.0	0.1765572014297021	SEQC	permutation	
2039.0	0.09354415872001853	SEQC	permutation	
2040.0	-0.17632439733150385	SEQC	permutation	
2041.0	-0.08639239439866753	SEQC	permutation	
2042.0	0.061723327831415986	SEQC	permutation	
2043.0	0.2059929831918188	SEQC	permutation	
2044.0	0.1002703517209107	SEQC	permutation	
2045.0	0.06538111197016638	SEQC	permutation	
2046.0	-0.0591738006414686	SEQC	permutation	
2047.0	-0.04008839147761023	SEQC	permutation	
2048.0	0.008957994824057014	SEQC	permutation	
2049.0	0.04298417286239742	SEQC	permutation	
2050.0	-0.08117018461923475	SEQC	permutation	
2051.0	0.012361317395110039	SEQC	permutation	
2052.0	0.04955870521750194	SEQC	permutation	
2053.0	0.0315161927726626	SEQC	permutation	
2054.0	-0.20006265717695593	SEQC	permutation	
2055.0	-0.03099899118314875	SEQC	permutation	
2056.0	0.08020817592307061	SEQC	permutation	
2057.0	0.08229668212460295	SEQC	permutation	
2058.0	0.015078783709815635	SEQC	permutation	
2059.0	0.026240403316995398	SEQC	permutation	
2060.0	-0.05773504127720619	SEQC	permutation	
2061.0	-0.10605019332963206	SEQC	permutation	
2062.0	-0.06232644789119268	SEQC	permutation	
2063.0	0.060060323971223184	SEQC	permutation	
2064.0	0.08409448033899514	SEQC	permutation	
2065.0	0.09930691865067276	SEQC	permutation	
2066.0	-0.003159065586989751	SEQC	permutation	
2067.0	0.22819642378729954	SEQC	permutation	
2068.0	0.03765138525230727	SEQC	permutation	
2069.0	0.08900431749843518	SEQC	permutation	
2070.0	-0.04625175081288324	SEQC	permutation	
2071.0	0.0018597259526398346	SEQC	permutation	
2072.0	0.11744365403941748	SEQC	permutation	
2073.0	-0.11042087448392657	SEQC	permutation	
2074.0	0.003112537398291426	SEQC	permutation	
2075.0	0.06955507519659188	SEQC	permutation	
2076.0	-0.13504362823637628	SEQC	permutation	
2077.0	0.07591792201136638	SEQC	permutation	
2078.0	-0.17983176309176185	SEQC	permutation	
2079.0	-0.05315238270569944	SEQC	permutation	
2080.0	0.26485309250864697	SEQC	permutation	
2081.0	0.010073359296936868	SEQC	permutation	
2082.0	-0.041791685045769356	SEQC	permutation	
2083.0	-0.0857738129575103	SEQC	permutation	
2084.0	-0.04351852087880692	SEQC	permutation	
2085.0	-0.07182031630247554	SEQC	permutation	
2086.0	0.07642653044800207	SEQC	permutation	
2087.0	0.03726243223755832	SEQC	permutation	
2088.0	-0.13517166450153706	SEQC	permutation	
2089.0	-0.05360981622571481	SEQC	permutation	
2090.0	0.16595146870439414	SEQC	permutation	
2091.0	0.02809694090758086	SEQC	permutation	
2092.0	0.05669683708600637	SEQC	permutation	
2093.0	0.15393257600781673	SEQC	permutation	
2094.0	0.044671313021658055	SEQC	permutation	
2095.0	-0.009888910286950825	SEQC	permutation	
2096.0	0.08548798036360727	SEQC	permutation	
2097.0	-0.2128560704944027	SEQC	permutation	
2098.0	0.11543889758280423	SEQC	permutation	
2099.0	-0.011924719379461823	SEQC	permutation	
2100.0	0.017902572523835758	SEQC	permutation	
2101.0	0.04589543814540642	SEQC	permutation	
2102.0	-0.07541885566851869	SEQC	permutation	
2103.0	-0.0022775445352398727	SEQC	permutation	
2104.0	0.0038225696038041157	SEQC	permutation	
2105.0	0.05770152712987242	SEQC	permutation	
2106.0	-0.14990948308915053	SEQC	permutation	
2107.0	0.04484771816002775	SEQC	permutation	
2108.0	-0.07402948783784691	SEQC	permutation	
2109.0	-0.04720985147008783	SEQC	permutation	
2110.0	-0.06159002297289984	SEQC	permutation	
2111.0	-0.1644361457866519	SEQC	permutation	
2112.0	0.014919760852032393	SEQC	permutation	
2113.0	-0.16002656725683284	SEQC	permutation	
2114.0	-0.004982274543944953	SEQC	permutation	
2115.0	-0.03463632692264307	SEQC	permutation	
2116.0	-0.05438939658033837	SEQC	permutation	
2117.0	0.030595095919711657	SEQC	permutation	
2118.0	0.034348399214562786	SEQC	permutation	
2119.0	0.11446835854525794	SEQC	permutation	
2120.0	0.09151769764041395	SEQC	permutation	
2121.0	-0.17705373734600593	SEQC	permutation	
2122.0	0.0243828540559341	SEQC	permutation	
2123.0	0.087515982095554	SEQC	permutation	
2124.0	0.06507391303581489	SEQC	permutation	
2125.0	-0.10953675266349983	SEQC	permutation	
2126.0	-0.053922442739367415	SEQC	permutation	
2127.0	0.09892150035285185	SEQC	permutation	
2128.0	0.007135632196969333	SEQC	permutation	
2129.0	0.03304782976968568	SEQC	permutation	
2130.0	-0.01594532907138646	SEQC	permutation	
2131.0	0.0067412193583384905	SEQC	permutation	
2132.0	0.1287879891512489	SEQC	permutation	
2133.0	-0.049804225305721594	SEQC	permutation	
2134.0	-0.007878956499398626	SEQC	permutation	
2135.0	0.013554588285281	SEQC	permutation	
2136.0	0.04443655422832071	SEQC	permutation	
2137.0	0.05621325475164918	SEQC	permutation	
2138.0	0.0743585064798844	SEQC	permutation	
2139.0	0.02279364782608173	SEQC	permutation	
2140.0	-0.0831028769012736	SEQC	permutation	
2141.0	-0.05394441419612184	SEQC	permutation	
2142.0	-0.039993105176818755	SEQC	permutation	
2143.0	0.08683004532567518	SEQC	permutation	
2144.0	0.12319936280544841	SEQC	permutation	
2145.0	-0.034604380353623565	SEQC	permutation	
2146.0	0.010042210248435879	SEQC	permutation	
2147.0	0.21934216204580315	SEQC	permutation	
2148.0	-0.13556782059860195	SEQC	permutation	
2149.0	-0.07429768030818984	SEQC	permutation	
2150.0	0.10615376644308805	SEQC	permutation	
2151.0	0.0100122419514026	SEQC	permutation	
2152.0	-0.04172116343264509	SEQC	permutation	
2153.0	0.14381367289866898	SEQC	permutation	
2154.0	0.015672889825689484	SEQC	permutation	
2155.0	0.048072654895365385	SEQC	permutation	
2156.0	-0.0566346058959577	SEQC	permutation	
2157.0	-0.034649538054909446	SEQC	permutation	
2158.0	-0.1316563050619468	SEQC	permutation	
2159.0	0.20220391788009184	SEQC	permutation	
2160.0	-0.18213156091449667	SEQC	permutation	
2161.0	0.09000556729893061	SEQC	permutation	
2162.0	0.06434805440402247	SEQC	permutation	
2163.0	-0.0714398411581354	SEQC	permutation	
2164.0	-0.08607537837644452	SEQC	permutation	
2165.0	-0.18244123093233666	SEQC	permutation	
2166.0	-0.09350560925158291	SEQC	permutation	
2167.0	-0.0061531799660654585	SEQC	permutation	
2168.0	-0.208326008401166	SEQC	permutation	
2169.0	-0.04247152738335869	SEQC	permutation	
2170.0	0.09408740084682421	SEQC	permutation	
2171.0	-0.06314561654720086	SEQC	permutation	
2172.0	0.050729087652364946	SEQC	permutation	
2173.0	-0.0626685732894594	SEQC	permutation	
2174.0	0.15120909476688826	SEQC	permutation	
2175.0	0.12546321463600218	SEQC	permutation	
2176.0	0.012258893123192838	SEQC	permutation	
2177.0	-0.008011802698024262	SEQC	permutation	
2178.0	0.026365443067338123	SEQC	permutation	
2179.0	-0.029530087609976885	SEQC	permutation	
2180.0	0.028348853779005978	SEQC	permutation	
2181.0	0.013207725061048059	SEQC	permutation	
2182.0	0.07163450770624546	SEQC	permutation	
2183.0	0.13344536867628332	SEQC	permutation	
2184.0	0.02892311015822857	SEQC	permutation	
2185.0	-0.051663559742646026	SEQC	permutation	
2186.0	-0.1285391879579061	SEQC	permutation	
2187.0	-0.10662928657038062	SEQC	permutation	
2188.0	0.0103153047102027	SEQC	permutation	
2189.0	-0.10345232642556468	SEQC	permutation	
2190.0	0.12915946475763906	SEQC	permutation	
2191.0	-0.01748543302811445	SEQC	permutation	
2192.0	-0.12217498878327415	SEQC	permutation	
2193.0	0.08684358616435217	SEQC	permutation	
2194.0	-0.02802538966190493	SEQC	permutation	
2195.0	0.17928644560865825	SEQC	permutation	
2196.0	0.17239456105964335	SEQC	permutation	
2197.0	-0.1302882575175035	SEQC	permutation	
2198.0	-0.1213107879722175	SEQC	permutation	
2199.0	-0.09402853162315283	SEQC	permutation	
2200.0	0.05762695486688374	SEQC	permutation	
2201.0	0.11297020865236052	SEQC	permutation	
2202.0	0.005751298308235064	SEQC	permutation	
2203.0	-0.025540775227247625	SEQC	permutation	
2204.0	-0.003957475511040975	SEQC	permutation	
2205.0	0.007203371215730225	SEQC	permutation	
2206.0	0.15313427166518423	SEQC	permutation	
2207.0	-0.1127554564629012	SEQC	permutation	
2208.0	-0.14529505720887004	SEQC	permutation	
2209.0	0.13109890697363724	SEQC	permutation	
2210.0	0.0796355694180626	SEQC	permutation	
2211.0	0.15966112842410363	SEQC	permutation	
2212.0	0.10844580842057772	SEQC	permutation	
2213.0	0.02686208971528492	SEQC	permutation	
2214.0	0.14880660932249778	SEQC	permutation	
2215.0	0.04826106702526323	SEQC	permutation	
2216.0	0.08976626910708196	SEQC	permutation	
2217.0	0.0052718410303866925	SEQC	permutation	
2218.0	0.07705258112369462	SEQC	permutation	
2219.0	0.05205946783532944	SEQC	permutation	
2220.0	0.28963635781861985	SEQC	permutation	
2221.0	-0.31752706090364446	SEQC	permutation	
2222.0	-0.10258641833958126	SEQC	permutation	
2223.0	-0.001870084908221159	SEQC	permutation	
2224.0	-0.15241169231059537	SEQC	permutation	
2225.0	-0.024116899473443087	SEQC	permutation	
2226.0	-0.18536018061135806	SEQC	permutation	
2227.0	0.16971573461575762	SEQC	permutation	
2228.0	-0.07241107216204457	SEQC	permutation	
2229.0	-0.025835016317532045	SEQC	permutation	
2230.0	-0.18959252506763624	SEQC	permutation	
2231.0	0.2155109580766852	SEQC	permutation	
2232.0	-0.03477282482585453	SEQC	permutation	
2233.0	0.10346452316536858	SEQC	permutation	
2234.0	-0.19373338992991185	SEQC	permutation	
2235.0	0.07294003032984442	SEQC	permutation	
2236.0	0.1803263658879155	SEQC	permutation	
2237.0	-0.030369329225771846	SEQC	permutation	
2238.0	-0.028104673482372444	SEQC	permutation	
2239.0	0.15098418482422638	SEQC	permutation	
2240.0	-0.01122277138701877	SEQC	permutation	
2241.0	0.08715409854859058	SEQC	permutation	
2242.0	-0.11093853148702193	SEQC	permutation	
2243.0	0.10238783080573644	SEQC	permutation	
2244.0	-0.1028997122545543	SEQC	permutation	
2245.0	0.041506720298073674	SEQC	permutation	
2246.0	0.06937211698124557	SEQC	permutation	
2247.0	0.015026326982169547	SEQC	permutation	
2248.0	0.18385228593037972	SEQC	permutation	
2249.0	-0.009989895340135835	SEQC	permutation	
2250.0	0.0986754077284302	SEQC	permutation	
2251.0	0.05151020728478084	SEQC	permutation	
2252.0	0.11187837901160069	SEQC	permutation	
2253.0	-0.13093891562114202	SEQC	permutation	
2254.0	0.021419830545303054	SEQC	permutation	
2255.0	-0.14313743478760044	SEQC	permutation	
2256.0	0.17833087531151337	SEQC	permutation	
2257.0	0.16957730504548474	SEQC	permutation	
2258.0	0.03350559861598246	SEQC	permutation	
2259.0	-0.07714148949280686	SEQC	permutation	
2260.0	0.04874049906646061	SEQC	permutation	
2261.0	0.16211786240806125	SEQC	permutation	
2262.0	0.1253766460918193	SEQC	permutation	
2263.0	-0.0362611502233241	SEQC	permutation	
2264.0	-0.0430444363766358	SEQC	permutation	
2265.0	-0.046148757173727795	SEQC	permutation	
2266.0	-0.024274428143379545	SEQC	permutation	
2267.0	-0.04196595918169521	SEQC	permutation	
2268.0	-0.025158587696374024	SEQC	permutation	
2269.0	0.03742000298775716	SEQC	permutation	
2270.0	-0.0954652538238947	SEQC	permutation	
2271.0	-0.17605630575991205	SEQC	permutation	
2272.0	0.1635001832829026	SEQC	permutation	
2273.0	-0.17705483362427277	SEQC	permutation	
2274.0	0.10896403021075018	SEQC	permutation	
2275.0	-0.05647259941443039	SEQC	permutation	
2276.0	0.03293682977262735	SEQC	permutation	
2277.0	-0.036521482131279814	SEQC	permutation	
2278.0	0.1405759022966011	SEQC	permutation	
2279.0	0.19140990287596749	SEQC	permutation	
2280.0	-0.1787884664210755	SEQC	permutation	
2281.0	-0.030953294147948007	SEQC	permutation	
2282.0	0.11631330652227323	SEQC	permutation	
2283.0	0.039856421673966747	SEQC	permutation	
2284.0	0.1954827028247097	SEQC	permutation	
2285.0	0.13953081438294657	SEQC	permutation	
2286.0	0.010980600278847508	SEQC	permutation	
2287.0	-0.10585780315853066	SEQC	permutation	
2288.0	-0.09970374045026098	SEQC	permutation	
2289.0	-0.047804378305499995	SEQC	permutation	
2290.0	-0.12324878316374654	SEQC	permutation	
2291.0	0.12065761610760939	SEQC	permutation	
2292.0	-0.23854190762022576	SEQC	permutation	
2293.0	0.08903179883699242	SEQC	permutation	
2294.0	-0.01483053615041019	SEQC	permutation	
2295.0	-0.06386823375811312	SEQC	permutation	
2296.0	0.03564287924969811	SEQC	permutation	
2297.0	-0.09982491379478109	SEQC	permutation	
2298.0	-0.05093880721305499	SEQC	permutation	
2299.0	0.05915303186219578	SEQC	permutation	
2300.0	0.008475911234670619	SEQC	permutation	
2301.0	-0.1815806958190529	SEQC	permutation	
2302.0	-0.020044524963131582	SEQC	permutation	
2303.0	0.07159267431413996	SEQC	permutation	
2304.0	-0.004837834390716722	SEQC	permutation	
2305.0	-0.006606823889170332	SEQC	permutation	
2306.0	0.1469686980679774	SEQC	permutation	
2307.0	0.175013615804557	SEQC	permutation	
2308.0	0.2271528220289687	SEQC	permutation	
2309.0	0.05755603521526753	SEQC	permutation	
2310.0	0.18919348225084054	SEQC	permutation	
2311.0	-0.0005513295375738636	SEQC	permutation	
2312.0	0.23058538880897084	SEQC	permutation	
2313.0	0.014669167207691736	SEQC	permutation	
2314.0	-0.007194656170020686	SEQC	permutation	
2315.0	0.05555022500166862	SEQC	permutation	
2316.0	0.008916223820834901	SEQC	permutation	
2317.0	-0.1193775697867201	SEQC	permutation	
2318.0	-0.06994349457158	SEQC	permutation	
2319.0	-0.03426653534961854	SEQC	permutation	
2320.0	0.13018347109259976	SEQC	permutation	
2321.0	-0.14977029465492597	SEQC	permutation	
2322.0	0.04403446382701359	SEQC	permutation	
2323.0	0.07917869574732928	SEQC	permutation	
2324.0	0.09735719124497288	SEQC	permutation	
2325.0	-0.0005880637863802107	SEQC	permutation	
2326.0	0.11696912070104304	SEQC	permutation	
2327.0	-0.013040698783830962	SEQC	permutation	
2328.0	0.15172849903583785	SEQC	permutation	
2329.0	0.007089599672090774	SEQC	permutation	
2330.0	0.12228217512842443	SEQC	permutation	
2331.0	0.0664388131415472	SEQC	permutation	
2332.0	-0.07162152478421158	SEQC	permutation	
2333.0	0.010115886984098488	SEQC	permutation	
2334.0	-0.10462396083077907	SEQC	permutation	
2335.0	-0.12754103536546513	SEQC	permutation	
2336.0	0.07220579595243581	SEQC	permutation	
2337.0	0.04405697342996229	SEQC	permutation	
2338.0	0.042292483291590965	SEQC	permutation	
2339.0	-0.008107682816692385	SEQC	permutation	
2340.0	0.1569731199032205	SEQC	permutation	
2341.0	0.15597502000260377	SEQC	permutation	
2342.0	-0.09059828430157468	SEQC	permutation	
2343.0	-0.01373731989800353	SEQC	permutation	
2344.0	0.14812370068128455	SEQC	permutation	
2345.0	-0.011510131765835041	SEQC	permutation	
2346.0	0.16436763805655596	SEQC	permutation	
2347.0	0.01827775473381621	SEQC	permutation	
2348.0	0.11061664974525742	SEQC	permutation	
2349.0	0.09054487787912491	SEQC	permutation	
2350.0	-0.09578145485303802	SEQC	permutation	
2351.0	-0.12166608160830839	SEQC	permutation	
2352.0	-0.07040889004667683	SEQC	permutation	
2353.0	-0.0033019255975856865	SEQC	permutation	
2354.0	0.04454374676520789	SEQC	permutation	
2355.0	0.005254628008231066	SEQC	permutation	
2356.0	0.08431619664851775	SEQC	permutation	
2357.0	-0.05780373398449834	SEQC	permutation	
2358.0	0.034837338033036236	SEQC	permutation	
2359.0	0.21339297261447676	SEQC	permutation	
2360.0	-0.13870719097637307	SEQC	permutation	
2361.0	-0.13051835879619667	SEQC	permutation	
2362.0	0.08339329978159649	SEQC	permutation	
2363.0	-0.08762953964446529	SEQC	permutation	
2364.0	0.00875699486235293	SEQC	permutation	
2365.0	0.22796138585582293	SEQC	permutation	
2366.0	-0.05086569307247091	SEQC	permutation	
2367.0	-0.07333071345349573	SEQC	permutation	
2368.0	-0.10919787991194374	SEQC	permutation	
2369.0	-0.11614257756462587	SEQC	permutation	
2370.0	-0.029476907101923633	SEQC	permutation	
2371.0	0.1153705703724599	SEQC	permutation	
2372.0	-0.04271689351638308	SEQC	permutation	
2373.0	-0.07997492800337813	SEQC	permutation	
2374.0	-0.1595410237429924	SEQC	permutation	
2375.0	-0.15699941038970255	SEQC	permutation	
2376.0	-0.04098413008255619	SEQC	permutation	
2377.0	-0.027605723541729077	SEQC	permutation	
2378.0	-0.060633175765934855	SEQC	permutation	
2379.0	0.08994672876577026	SEQC	permutation	
2380.0	-0.07889439119271024	SEQC	permutation	
2381.0	-0.028942125536921104	SEQC	permutation	
2382.0	-0.14824354784560745	SEQC	permutation	
2383.0	-0.01023978070920828	SEQC	permutation	
2384.0	-0.07697836582272988	SEQC	permutation	
2385.0	0.05404820098235463	SEQC	permutation	
2386.0	0.1240111927828016	SEQC	permutation	
2387.0	-0.006229795052898446	SEQC	permutation	
2388.0	0.04716163048357869	SEQC	permutation	
2389.0	0.0840217922258395	SEQC	permutation	
2390.0	0.024729729807759337	SEQC	permutation	
2391.0	0.1770961276754126	SEQC	permutation	
2392.0	0.19952051271546356	SEQC	permutation	
2393.0	0.02695410419055211	SEQC	permutation	
2394.0	0.14976603203401062	SEQC	permutation	
2395.0	-0.03570108185444143	SEQC	permutation	
2396.0	0.06365050155431895	SEQC	permutation	
2397.0	-0.0055195887436791935	SEQC	permutation	
2398.0	-0.1913023135488543	SEQC	permutation	
2399.0	0.1436660720738847	SEQC	permutation	
2400.0	-0.006237536671940269	SEQC	permutation	
2401.0	-0.2095198315264457	SEQC	permutation	
2402.0	0.161026987325545	SEQC	permutation	
2403.0	-0.09001920384846374	SEQC	permutation	
2404.0	-0.01338972193744814	SEQC	permutation	
2405.0	-0.028592895683052788	SEQC	permutation	
2406.0	0.087380063742863	SEQC	permutation	
2407.0	0.031093414959839194	SEQC	permutation	
2408.0	0.010556145290899543	SEQC	permutation	
2409.0	-0.10486542139820765	SEQC	permutation	
2410.0	-0.008470542884371657	SEQC	permutation	
2411.0	0.11074803401088484	SEQC	permutation	
2412.0	-0.03167224133000213	SEQC	permutation	
2413.0	0.10538210717127283	SEQC	permutation	
2414.0	-0.0142999899958558	SEQC	permutation	
2415.0	0.07415378201207012	SEQC	permutation	
2416.0	0.1341129311869076	SEQC	permutation	
2417.0	0.12589739315678106	SEQC	permutation	
2418.0	0.0025011161137644677	SEQC	permutation	
2419.0	0.025754185427443677	SEQC	permutation	
2420.0	0.11433160870630976	SEQC	permutation	
2421.0	-0.21119749243375008	SEQC	permutation	
2422.0	-0.08416483008653364	SEQC	permutation	
2423.0	0.011059263893502536	SEQC	permutation	
2424.0	0.15525021055235522	SEQC	permutation	
2425.0	-0.18389161970680767	SEQC	permutation	
2426.0	0.00906544892355221	SEQC	permutation	
2427.0	0.027823259340704176	SEQC	permutation	
2428.0	0.12782877617068378	SEQC	permutation	
2429.0	-0.1192974407947176	SEQC	permutation	
2430.0	0.057460160215245804	SEQC	permutation	
2431.0	-0.11996146190297097	SEQC	permutation	
2432.0	0.10430744012343673	SEQC	permutation	
2433.0	-0.07846218995267851	SEQC	permutation	
2434.0	-0.06488124424123098	SEQC	permutation	
2435.0	0.09031233637816838	SEQC	permutation	
2436.0	0.04319003657927345	SEQC	permutation	
2437.0	-0.1593073977728472	SEQC	permutation	
2438.0	-0.09411856057167123	SEQC	permutation	
2439.0	0.06324248649816155	SEQC	permutation	
2440.0	0.009011187581753788	SEQC	permutation	
2441.0	-0.1304850313156476	SEQC	permutation	
2442.0	-0.012712421529321727	SEQC	permutation	
2443.0	-0.29042388761404503	SEQC	permutation	
2444.0	-0.040496766966322095	SEQC	permutation	
2445.0	0.11131169472894342	SEQC	permutation	
2446.0	0.1178088496136076	SEQC	permutation	
2447.0	-0.052298384844246204	SEQC	permutation	
2448.0	0.016145402551925425	SEQC	permutation	
2449.0	-0.019578700056784637	SEQC	permutation	
2450.0	0.13348817461994855	SEQC	permutation	
2451.0	0.05414584602370409	SEQC	permutation	
2452.0	-0.09788975951142387	SEQC	permutation	
2453.0	-0.06644362345295285	SEQC	permutation	
2454.0	0.06933019234010329	SEQC	permutation	
2455.0	-0.12366284978286535	SEQC	permutation	
2456.0	-0.04423315969942987	SEQC	permutation	
2457.0	0.05845575606001274	SEQC	permutation	
2458.0	-0.05401848022856459	SEQC	permutation	
2459.0	0.09351478074372155	SEQC	permutation	
2460.0	0.15192574854437435	SEQC	permutation	
2461.0	0.05690953168291868	SEQC	permutation	
2462.0	0.1419882470196252	SEQC	permutation	
2463.0	-0.08518840824465101	SEQC	permutation	
2464.0	0.09963289121610464	SEQC	permutation	
2465.0	0.028414229824824222	SEQC	permutation	
2466.0	0.054498948701094285	SEQC	permutation	
2467.0	-0.005707258498065748	SEQC	permutation	
2468.0	0.0031522100953842447	SEQC	permutation	
2469.0	0.07708387333220568	SEQC	permutation	
2470.0	-0.13469232899589478	SEQC	permutation	
2471.0	0.04828780823030865	SEQC	permutation	
2472.0	0.01227601327128669	SEQC	permutation	
2473.0	-0.18933727588381544	SEQC	permutation	
2474.0	0.15151989717606584	SEQC	permutation	
2475.0	-0.14434071746760901	SEQC	permutation	
2476.0	-0.040704021718479755	SEQC	permutation	
2477.0	0.09914051981697147	SEQC	permutation	
2478.0	-0.17896493642315603	SEQC	permutation	
2479.0	0.09400776849870818	SEQC	permutation	
2480.0	-0.03856873878235767	SEQC	permutation	
2481.0	0.10694469122446426	SEQC	permutation	
2482.0	-0.07980604489541054	SEQC	permutation	
2483.0	-0.06096273460549151	SEQC	permutation	
2484.0	-0.09643083302818489	SEQC	permutation	
2485.0	-0.0796895425439117	SEQC	permutation	
2486.0	0.18242248086181778	SEQC	permutation	
2487.0	-0.10188726339866916	SEQC	permutation	
2488.0	0.13772752738321214	SEQC	permutation	
2489.0	0.07341396277221168	SEQC	permutation	
2490.0	-0.023867162767583938	SEQC	permutation	
2491.0	-0.23322494482487288	SEQC	permutation	
2492.0	0.08885712620214159	SEQC	permutation	
2493.0	0.0041967604475741105	SEQC	permutation	
2494.0	-0.06667953105475632	SEQC	permutation	
2495.0	0.10230410334683127	SEQC	permutation	
2496.0	-0.11370927030161093	SEQC	permutation	
2497.0	-0.014748756176278022	SEQC	permutation	
2498.0	0.06639590384855332	SEQC	permutation	
2499.0	-0.10727274228383044	SEQC	permutation	
2500.0	0.011913036519817677	SEQC	permutation	
2501.0	0.11829115928951062	SEQC	permutation	
2502.0	-0.036406514940391155	SEQC	permutation	
2503.0	0.09817099464147727	SEQC	permutation	
2504.0	0.11172476556045163	SEQC	permutation	
2505.0	0.1652866809276996	SEQC	permutation	
2506.0	-0.08785744230927328	SEQC	permutation	
2507.0	0.042959917717097174	SEQC	permutation	
2508.0	0.20818611445702118	SEQC	permutation	
2509.0	0.12055959538681549	SEQC	permutation	
2510.0	-0.10373743448059525	SEQC	permutation	
2511.0	-0.08490925289603846	SEQC	permutation	
2512.0	-0.08404833948374701	SEQC	permutation	
2513.0	0.02739713261191845	SEQC	permutation	
2514.0	0.14999728275326873	SEQC	permutation	
2515.0	0.1541100268683726	SEQC	permutation	
2516.0	-0.2587724789456325	SEQC	permutation	
2517.0	-0.09054200150135294	SEQC	permutation	
2518.0	0.10916729791111779	SEQC	permutation	
2519.0	0.18739489763760542	SEQC	permutation	
2520.0	-0.014282369072200485	SEQC	permutation	
2521.0	0.022560909287150377	SEQC	permutation	
2522.0	0.07738428427900246	SEQC	permutation	
2523.0	0.026141789524124714	SEQC	permutation	
2524.0	-0.12322960102692715	SEQC	permutation	
2525.0	-0.040630711594709545	SEQC	permutation	
2526.0	-0.10319289247528518	SEQC	permutation	
2527.0	-0.06488584227372218	SEQC	permutation	
2528.0	0.211390186561061	SEQC	permutation	
2529.0	0.03633888734526458	SEQC	permutation	
2530.0	-0.09056693616147449	SEQC	permutation	
2531.0	-0.0031167578022839315	SEQC	permutation	
2532.0	0.20015051053270305	SEQC	permutation	
2533.0	0.04802369093342174	SEQC	permutation	
2534.0	0.04466730017038678	SEQC	permutation	
2535.0	0.17819030686231363	SEQC	permutation	
2536.0	0.005494315614773093	SEQC	permutation	
2537.0	0.08941408265498652	SEQC	permutation	
2538.0	0.07107100995249205	SEQC	permutation	
2539.0	0.024258440319469443	SEQC	permutation	
2540.0	-0.002005547455373069	SEQC	permutation	
2541.0	-0.02189037396066995	SEQC	permutation	
2542.0	-0.08919440103969256	SEQC	permutation	
2543.0	-0.034919927709842646	SEQC	permutation	
2544.0	0.04084503553968322	SEQC	permutation	
2545.0	0.01471518790950288	SEQC	permutation	
2546.0	0.0871825363639891	SEQC	permutation	
2547.0	0.083373584126059	SEQC	permutation	
2548.0	-0.02164542747982523	SEQC	permutation	
2549.0	-0.04653371535943629	SEQC	permutation	
2550.0	0.05132610839321483	SEQC	permutation	
2551.0	0.04200375863469219	SEQC	permutation	
2552.0	-0.023913688272823475	SEQC	permutation	
2553.0	0.08678676493644621	SEQC	permutation	
2554.0	0.19482586749166675	SEQC	permutation	
2555.0	0.020830977930287098	SEQC	permutation	
2556.0	0.12046140467334432	SEQC	permutation	
2557.0	-0.08530890299111782	SEQC	permutation	
2558.0	-0.06861973386211728	SEQC	permutation	
2559.0	0.03578160228458316	SEQC	permutation	
2560.0	0.06438961401458476	SEQC	permutation	
2561.0	-0.006053856863276863	SEQC	permutation	
2562.0	-0.01099130684828964	SEQC	permutation	
2563.0	-0.1217179172645877	SEQC	permutation	
2564.0	-0.0004010577429753859	SEQC	permutation	
2565.0	0.025882477233148293	SEQC	permutation	
2566.0	0.08342872983081406	SEQC	permutation	
2567.0	0.02941990218371382	SEQC	permutation	
2568.0	-0.05570839994449539	SEQC	permutation	
2569.0	-0.05950688654602976	SEQC	permutation	
2570.0	-0.09505513659946496	SEQC	permutation	
2571.0	-0.08440787922584514	SEQC	permutation	
2572.0	-0.13800166281438253	SEQC	permutation	
2573.0	0.2416482467208012	SEQC	permutation	
2574.0	0.0776917564865025	SEQC	permutation	
2575.0	0.018335581798595957	SEQC	permutation	
2576.0	-0.07214259799611344	SEQC	permutation	
2577.0	0.10198791939628471	SEQC	permutation	
2578.0	-0.06396851788482172	SEQC	permutation	
2579.0	-0.0696656150627355	SEQC	permutation	
2580.0	0.014279210155697442	SEQC	permutation	
2581.0	0.036290336548854274	SEQC	permutation	
2582.0	-0.15424845254364694	SEQC	permutation	
2583.0	-0.10801925046249705	SEQC	permutation	
2584.0	-0.08203778545791884	SEQC	permutation	
2585.0	0.12577117752889233	SEQC	permutation	
2586.0	0.052276548600989514	SEQC	permutation	
2587.0	0.09047300038200268	SEQC	permutation	
2588.0	0.009821674333900354	SEQC	permutation	
2589.0	0.16159373895962537	SEQC	permutation	
2590.0	0.2863461576572197	SEQC	permutation	
2591.0	-0.0013960992582791043	SEQC	permutation	
2592.0	-0.05762684425897735	SEQC	permutation	
2593.0	-0.06517271888389553	SEQC	permutation	
2594.0	0.03163799032319803	SEQC	permutation	
2595.0	0.10883604316141327	SEQC	permutation	
2596.0	0.01740677214233388	SEQC	permutation	
2597.0	0.09672669743593332	SEQC	permutation	
2598.0	0.04993877010501491	SEQC	permutation	
2599.0	0.08200411047985945	SEQC	permutation	
2600.0	0.10308477623871726	SEQC	permutation	
2601.0	0.11619491401398374	SEQC	permutation	
2602.0	0.18081469269226824	SEQC	permutation	
2603.0	-0.17706305106338416	SEQC	permutation	
2604.0	-0.16655154766670854	SEQC	permutation	
2605.0	0.08420749961945839	SEQC	permutation	
2606.0	0.3937793508766103	SEQC	permutation	
2607.0	-0.09040726393661247	SEQC	permutation	
2608.0	-0.11283721204293728	SEQC	permutation	
2609.0	0.2168523238167004	SEQC	permutation	
2610.0	-0.053963553976901224	SEQC	permutation	
2611.0	-0.0564169822152043	SEQC	permutation	
2612.0	-0.04001117904116214	SEQC	permutation	
2613.0	0.05688646925134888	SEQC	permutation	
2614.0	-0.17227301476063417	SEQC	permutation	
2615.0	0.13536894075968942	SEQC	permutation	
2616.0	0.0507855517950917	SEQC	permutation	
2617.0	0.04451918281175171	SEQC	permutation	
2618.0	-0.011760184795526207	SEQC	permutation	
2619.0	0.09612834883046695	SEQC	permutation	
2620.0	-0.08969354405513119	SEQC	permutation	
2621.0	-0.0374330429266605	SEQC	permutation	
2622.0	0.07651637869626216	SEQC	permutation	
2623.0	0.0677900190261358	SEQC	permutation	
2624.0	-0.1091580286954037	SEQC	permutation	
2625.0	0.0009195238927306448	SEQC	permutation	
2626.0	0.029399237314240878	SEQC	permutation	
2627.0	0.030881216842638892	SEQC	permutation	
2628.0	0.2160011986747774	SEQC	permutation	
2629.0	-0.09119688242772828	SEQC	permutation	
2630.0	0.05562065374511249	SEQC	permutation	
2631.0	0.1051199156215441	SEQC	permutation	
2632.0	0.10534538557311235	SEQC	permutation	
2633.0	-0.051771210944598245	SEQC	permutation	
2634.0	0.02574347463045923	SEQC	permutation	
2635.0	-0.1042922204428871	SEQC	permutation	
2636.0	0.006143447486245623	SEQC	permutation	
2637.0	-0.18617630939381336	SEQC	permutation	
2638.0	0.024266826546181175	SEQC	permutation	
2639.0	0.12152950221458036	SEQC	permutation	
2640.0	0.009485333199145352	SEQC	permutation	
2641.0	-0.08651319406573688	SEQC	permutation	
2642.0	-0.11790134937240371	SEQC	permutation	
2643.0	0.01520147252819637	SEQC	permutation	
2644.0	-0.026058665626706556	SEQC	permutation	
2645.0	-0.19341627211547108	SEQC	permutation	
2646.0	-0.08294354931608439	SEQC	permutation	
2647.0	-0.045889981610317765	SEQC	permutation	
2648.0	0.04580844066911771	SEQC	permutation	
2649.0	0.16109034944938028	SEQC	permutation	
2650.0	0.12885276425699121	SEQC	permutation	
2651.0	0.11740454265424516	SEQC	permutation	
2652.0	-0.12581504435266444	SEQC	permutation	
2653.0	0.08067681730997034	SEQC	permutation	
2654.0	-0.29049259562975127	SEQC	permutation	
2655.0	0.11905020956886192	SEQC	permutation	
2656.0	0.033405025109812136	SEQC	permutation	
2657.0	0.07417020805036323	SEQC	permutation	
2658.0	0.0708101154702585	SEQC	permutation	
2659.0	0.1210380014327912	SEQC	permutation	
2660.0	0.043356404247778535	SEQC	permutation	
2661.0	0.02991000363575891	SEQC	permutation	
2662.0	-0.03900799620155171	SEQC	permutation	
2663.0	0.07552031586635888	SEQC	permutation	
2664.0	0.19591273858793956	SEQC	permutation	
2665.0	-0.025846542588110477	SEQC	permutation	
2666.0	0.1127137057386669	SEQC	permutation	
2667.0	-0.038554931194693776	SEQC	permutation	
2668.0	0.029661605862120854	SEQC	permutation	
2669.0	0.06972514410205877	SEQC	permutation	
2670.0	-0.22394984881851343	SEQC	permutation	
2671.0	-0.050363209329220116	SEQC	permutation	
2672.0	-0.06006294505731091	SEQC	permutation	
2673.0	-0.06440525154587151	SEQC	permutation	
2674.0	-0.04622646080463433	SEQC	permutation	
2675.0	-0.16180097639622737	SEQC	permutation	
2676.0	-0.026065980656357013	SEQC	permutation	
2677.0	-0.12897502856805687	SEQC	permutation	
2678.0	0.07911222774759485	SEQC	permutation	
2679.0	-0.004862987174498734	SEQC	permutation	
2680.0	0.16312281000233453	SEQC	permutation	
2681.0	0.13338819383676226	SEQC	permutation	
2682.0	-0.05358438542984478	SEQC	permutation	
2683.0	0.07603009496211666	SEQC	permutation	
2684.0	-0.11772341765840677	SEQC	permutation	
2685.0	0.04966207544359902	SEQC	permutation	
2686.0	-0.027899673879474562	SEQC	permutation	
2687.0	0.13537143135451712	SEQC	permutation	
2688.0	0.18571852726158422	SEQC	permutation	
2689.0	-0.05696025725659304	SEQC	permutation	
2690.0	-0.06491424226187048	SEQC	permutation	
2691.0	0.0618896059981755	SEQC	permutation	
2692.0	-0.055086811829659244	SEQC	permutation	
2693.0	0.14183575539518856	SEQC	permutation	
2694.0	0.14655409813205678	SEQC	permutation	
2695.0	0.09772723833986552	SEQC	permutation	
2696.0	-0.1209302445879974	SEQC	permutation	
2697.0	0.19599924106654898	SEQC	permutation	
2698.0	0.24220252682161014	SEQC	permutation	
2699.0	0.008161286668276979	SEQC	permutation	
2700.0	0.1805536318996146	SEQC	permutation	
2701.0	0.07295173356269435	SEQC	permutation	
2702.0	0.04628945010872787	SEQC	permutation	
2703.0	0.046641636799136243	SEQC	permutation	
2704.0	0.02197977807300555	SEQC	permutation	
2705.0	-0.03764540482774992	SEQC	permutation	
2706.0	-0.12399000735607846	SEQC	permutation	
2707.0	0.2300888253560549	SEQC	permutation	
2708.0	-0.10167709552043469	SEQC	permutation	
2709.0	-0.016055424397200202	SEQC	permutation	
2710.0	0.04122508484171217	SEQC	permutation	
2711.0	-0.09430549559441337	SEQC	permutation	
2712.0	0.08753510499399741	SEQC	permutation	
2713.0	0.09784450702550584	SEQC	permutation	
2714.0	0.16925526171003646	SEQC	permutation	
2715.0	-0.05314398792479347	SEQC	permutation	
2716.0	-0.08539720257350458	SEQC	permutation	
2717.0	0.15130522397403112	SEQC	permutation	
2718.0	0.07229149922118916	SEQC	permutation	
2719.0	0.19298563511796685	SEQC	permutation	
2720.0	0.1014081547763026	SEQC	permutation	
2721.0	-0.21341098799576175	SEQC	permutation	
2722.0	0.030242297222025094	SEQC	permutation	
2723.0	-0.1355648503044482	SEQC	permutation	
2724.0	0.11596384408237048	SEQC	permutation	
2725.0	-0.09313339977500057	SEQC	permutation	
2726.0	0.021294954672788968	SEQC	permutation	
2727.0	0.059481672136021846	SEQC	permutation	
2728.0	-0.09094571819729813	SEQC	permutation	
2729.0	-0.01318552460714617	SEQC	permutation	
2730.0	-0.07263167908924872	SEQC	permutation	
2731.0	0.07897804202667702	SEQC	permutation	
2732.0	0.03552600923178639	SEQC	permutation	
2733.0	-0.12389416936321673	SEQC	permutation	
2734.0	0.033414369740816685	SEQC	permutation	
2735.0	0.120136368757497	SEQC	permutation	
2736.0	0.24714824791920043	SEQC	permutation	
2737.0	-0.0621165832799333	SEQC	permutation	
2738.0	0.0034669210033579922	SEQC	permutation	
2739.0	0.0541287105155317	SEQC	permutation	
2740.0	-0.1129244853404896	SEQC	permutation	
2741.0	-0.01466791543618795	SEQC	permutation	
2742.0	0.19294074600049216	SEQC	permutation	
2743.0	0.15924520207407156	SEQC	permutation	
2744.0	-0.12220914115119053	SEQC	permutation	
2745.0	-0.029291725692249138	SEQC	permutation	
2746.0	-0.05287534088831869	SEQC	permutation	
2747.0	-0.12778682717581358	SEQC	permutation	
2748.0	0.12723429416118526	SEQC	permutation	
2749.0	0.12993731553484267	SEQC	permutation	
2750.0	0.081594394882754	SEQC	permutation	
2751.0	0.011106583553968985	SEQC	permutation	
2752.0	0.004425258041712787	SEQC	permutation	
2753.0	0.04718116876213152	SEQC	permutation	
2754.0	-0.07531179392967147	SEQC	permutation	
2755.0	-0.04521654464157532	SEQC	permutation	
2756.0	-0.003274641236037379	SEQC	permutation	
2757.0	-0.04706475393417886	SEQC	permutation	
2758.0	-0.12665895627339685	SEQC	permutation	
2759.0	0.04687132619786194	SEQC	permutation	
2760.0	0.06762271569083111	SEQC	permutation	
2761.0	-0.1241041094197497	SEQC	permutation	
2762.0	-0.035340225916896006	SEQC	permutation	
2763.0	-0.1029353430569504	SEQC	permutation	
2764.0	-0.05270269273285866	SEQC	permutation	
2765.0	0.04491786527551955	SEQC	permutation	
2766.0	0.052646657784297	SEQC	permutation	
2767.0	-0.08932523530670089	SEQC	permutation	
2768.0	-0.1075076823771326	SEQC	permutation	
2769.0	-0.21727438672082222	SEQC	permutation	
2770.0	0.26118603670101637	SEQC	permutation	
2771.0	0.18466322128428247	SEQC	permutation	
2772.0	0.015269319365210698	SEQC	permutation	
2773.0	-0.03524921129166403	SEQC	permutation	
2774.0	0.003509761781092635	SEQC	permutation	
2775.0	0.10891165245189471	SEQC	permutation	
2776.0	-0.13380237042916487	SEQC	permutation	
2777.0	0.14077864791101558	SEQC	permutation	
2778.0	0.020097759715001384	SEQC	permutation	
2779.0	-0.11806073514750803	SEQC	permutation	
2780.0	0.1348346116344783	SEQC	permutation	
2781.0	0.024447366333839593	SEQC	permutation	
2782.0	-0.10549653288325267	SEQC	permutation	
2783.0	-0.08155497978030013	SEQC	permutation	
2784.0	-0.032334177965333666	SEQC	permutation	
2785.0	-0.1876449453640956	SEQC	permutation	
2786.0	0.026603599698880043	SEQC	permutation	
2787.0	0.11704976534466693	SEQC	permutation	
2788.0	0.12632433736154303	SEQC	permutation	
2789.0	-0.2541735517497825	SEQC	permutation	
2790.0	0.06813670644264258	SEQC	permutation	
2791.0	0.23496836385427677	SEQC	permutation	
2792.0	0.10042000675175711	SEQC	permutation	
2793.0	-0.021462956555633017	SEQC	permutation	
2794.0	0.019460196096017235	SEQC	permutation	
2795.0	0.07676233052821191	SEQC	permutation	
2796.0	-0.11099323280793039	SEQC	permutation	
2797.0	0.12889804467993748	SEQC	permutation	
2798.0	0.050955747542799745	SEQC	permutation	
2799.0	-0.12601387218716953	SEQC	permutation	
2800.0	0.018627011125284643	SEQC	permutation	
2801.0	-0.04707368073387341	SEQC	permutation	
2802.0	0.05215529406287622	SEQC	permutation	
2803.0	-0.16225526187049866	SEQC	permutation	
2804.0	-0.024237074097644307	SEQC	permutation	
2805.0	0.016104566336918147	SEQC	permutation	
2806.0	-0.026288771411671963	SEQC	permutation	
2807.0	0.0008157384904672327	SEQC	permutation	
2808.0	-0.08453928052514348	SEQC	permutation	
2809.0	0.06568534928836867	SEQC	permutation	
2810.0	0.0906698872594558	SEQC	permutation	
2811.0	-0.11372571352459948	SEQC	permutation	
2812.0	0.05807105913499777	SEQC	permutation	
2813.0	-0.1378085171122656	SEQC	permutation	
2814.0	0.016901967440462684	SEQC	permutation	
2815.0	0.05774789647047962	SEQC	permutation	
2816.0	0.21508384833655958	SEQC	permutation	
2817.0	-0.03782171976495663	SEQC	permutation	
2818.0	-0.3017779726638148	SEQC	permutation	
2819.0	-0.14937716223227637	SEQC	permutation	
2820.0	-0.1513462860467416	SEQC	permutation	
2821.0	-0.10373753054107882	SEQC	permutation	
2822.0	0.0038343213291414102	SEQC	permutation	
2823.0	-0.17547174792411946	SEQC	permutation	
2824.0	0.11850902123884799	SEQC	permutation	
2825.0	0.18552823450116618	SEQC	permutation	
2826.0	-0.002553246646225471	SEQC	permutation	
2827.0	-0.1867418449484295	SEQC	permutation	
2828.0	-0.0007704489574886786	SEQC	permutation	
2829.0	-0.0050905283155593395	SEQC	permutation	
2830.0	-0.024178812088993862	SEQC	permutation	
2831.0	0.1255745281028675	SEQC	permutation	
2832.0	-0.05424587928563929	SEQC	permutation	
2833.0	-0.03612313915342291	SEQC	permutation	
2834.0	0.02650562187008454	SEQC	permutation	
2835.0	0.026666887480557122	SEQC	permutation	
2836.0	-0.0758375729961287	SEQC	permutation	
2837.0	-0.07363915723653758	SEQC	permutation	
2838.0	0.18273695527409695	SEQC	permutation	
2839.0	0.08599869660473969	SEQC	permutation	
2840.0	0.22411609560798196	SEQC	permutation	
2841.0	-0.033499552310247704	SEQC	permutation	
2842.0	-0.10367139426789196	SEQC	permutation	
2843.0	0.06099074593451714	SEQC	permutation	
2844.0	-0.17052240673764318	SEQC	permutation	
2845.0	-0.08833019360221472	SEQC	permutation	
2846.0	0.09398190482379754	SEQC	permutation	
2847.0	0.16412680347673092	SEQC	permutation	
2848.0	-0.14532621429787485	SEQC	permutation	
2849.0	-0.020022610113581862	SEQC	permutation	
2850.0	-0.02413039952440066	SEQC	permutation	
2851.0	0.1627268928468073	SEQC	permutation	
2852.0	-0.14330825838380745	SEQC	permutation	
2853.0	0.21409555149262172	SEQC	permutation	
2854.0	-0.028146112969404502	SEQC	permutation	
2855.0	0.06667765578934537	SEQC	permutation	
2856.0	-0.11869115630517069	SEQC	permutation	
2857.0	0.04556323062400747	SEQC	permutation	
2858.0	0.16492122035151313	SEQC	permutation	
2859.0	0.025196940997088912	SEQC	permutation	
2860.0	0.05852806691129908	SEQC	permutation	
2861.0	0.004399295853292351	SEQC	permutation	
2862.0	0.02941330366568673	SEQC	permutation	
2863.0	-0.08957519626173305	SEQC	permutation	
2864.0	0.1040877227138508	SEQC	permutation	
2865.0	-0.27266873106982636	SEQC	permutation	
2866.0	0.09880989381034588	SEQC	permutation	
2867.0	0.06392202498005561	SEQC	permutation	
2868.0	-0.09086442826222019	SEQC	permutation	
2869.0	-0.06590453200953972	SEQC	permutation	
2870.0	0.14177463782136224	SEQC	permutation	
2871.0	-0.005102996297447149	SEQC	permutation	
2872.0	0.06229889892735141	SEQC	permutation	
2873.0	0.18103497619623576	SEQC	permutation	
2874.0	-0.12102458369769353	SEQC	permutation	
2875.0	-0.018487580410522675	SEQC	permutation	
2876.0	-0.0962141309673914	SEQC	permutation	
2877.0	-0.07144409207950053	SEQC	permutation	
2878.0	0.09826273815946696	SEQC	permutation	
2879.0	-0.07229656832713038	SEQC	permutation	
2880.0	-0.04481775666069954	SEQC	permutation	
2881.0	-0.00121215333405722	SEQC	permutation	
2882.0	-0.12735982997841377	SEQC	permutation	
2883.0	0.02575193672079301	SEQC	permutation	
2884.0	0.09827640435006879	SEQC	permutation	
2885.0	-0.12138312176086163	SEQC	permutation	
2886.0	0.010291057765174916	SEQC	permutation	
2887.0	-0.18467072206326174	SEQC	permutation	
2888.0	-0.22080532240122475	SEQC	permutation	
2889.0	-0.08759523184260987	SEQC	permutation	
2890.0	0.001323132242311953	SEQC	permutation	
2891.0	-0.006308097522316647	SEQC	permutation	
2892.0	0.027919504977957033	SEQC	permutation	
2893.0	-0.06366974152945604	SEQC	permutation	
2894.0	0.012473692438082384	SEQC	permutation	
2895.0	-0.08605965740202981	SEQC	permutation	
2896.0	0.11185616924824382	SEQC	permutation	
2897.0	-0.04081013347896567	SEQC	permutation	
2898.0	-0.07571411987983678	SEQC	permutation	
2899.0	0.055894320152356514	SEQC	permutation	
2900.0	-0.08825727260219418	SEQC	permutation	
2901.0	0.07055667151855571	SEQC	permutation	
2902.0	0.1725342182316867	SEQC	permutation	
2903.0	0.11191052948777891	SEQC	permutation	
2904.0	-0.054089577944506306	SEQC	permutation	
2905.0	-0.20693489833633505	SEQC	permutation	
2906.0	-0.09973800924546161	SEQC	permutation	
2907.0	-0.026122568251984113	SEQC	permutation	
2908.0	0.014574479941155793	SEQC	permutation	
2909.0	-0.22507813835352408	SEQC	permutation	
2910.0	0.0656419998524096	SEQC	permutation	
2911.0	-0.09126137731511186	SEQC	permutation	
2912.0	-0.015880843405358558	SEQC	permutation	
2913.0	-0.35864732853210857	SEQC	permutation	
2914.0	0.07152417161827485	SEQC	permutation	
2915.0	0.16812289540873016	SEQC	permutation	
2916.0	0.01105589608935098	SEQC	permutation	
2917.0	0.11527979245966069	SEQC	permutation	
2918.0	0.02973942605669544	SEQC	permutation	
2919.0	-0.08031698299263779	SEQC	permutation	
2920.0	-0.044477544154564175	SEQC	permutation	
2921.0	0.04266805910158622	SEQC	permutation	
2922.0	0.08269249467325368	SEQC	permutation	
2923.0	0.03263380574695818	SEQC	permutation	
2924.0	-0.15535064825714384	SEQC	permutation	
2925.0	-0.07914648629182874	SEQC	permutation	
2926.0	0.07930613405546483	SEQC	permutation	
2927.0	-0.19963680525670302	SEQC	permutation	
2928.0	0.03130743679318959	SEQC	permutation	
2929.0	-0.045915765693881117	SEQC	permutation	
2930.0	0.01808425109341938	SEQC	permutation	
2931.0	-0.16101091205926066	SEQC	permutation	
2932.0	0.10365938908745687	SEQC	permutation	
2933.0	0.16017911364333637	SEQC	permutation	
2934.0	0.05008500616729483	SEQC	permutation	
2935.0	0.0967938069334453	SEQC	permutation	
2936.0	0.141548634700551	SEQC	permutation	
2937.0	0.18465697698525707	SEQC	permutation	
2938.0	-0.027330012810999893	SEQC	permutation	
2939.0	0.1484387813060759	SEQC	permutation	
2940.0	0.20960045564550267	SEQC	permutation	
2941.0	0.20518189267944154	SEQC	permutation	
2942.0	-0.0048299537710398965	SEQC	permutation	
2943.0	-0.07428026074833172	SEQC	permutation	
2944.0	-0.15705368575139378	SEQC	permutation	
2945.0	-0.21268073126010334	SEQC	permutation	
2946.0	0.05126832155217853	SEQC	permutation	
2947.0	-0.0835190176767413	SEQC	permutation	
2948.0	-0.1195384761044509	SEQC	permutation	
2949.0	-0.04030378063926143	SEQC	permutation	
2950.0	0.035921124183211806	SEQC	permutation	
2951.0	0.18336120656596178	SEQC	permutation	
2952.0	0.12485463830683852	SEQC	permutation	
2953.0	0.025542470142547735	SEQC	permutation	
2954.0	0.15430369511786335	SEQC	permutation	
2955.0	-0.10335902827934218	SEQC	permutation	
2956.0	-0.14180401094122086	SEQC	permutation	
2957.0	-0.02590663554218775	SEQC	permutation	
2958.0	0.09594548203682995	SEQC	permutation	
2959.0	-0.04821518667874791	SEQC	permutation	
2960.0	-0.03526815605358902	SEQC	permutation	
2961.0	-0.007739500029503521	SEQC	permutation	
2962.0	0.1412330086999649	SEQC	permutation	
2963.0	0.17228887394759296	SEQC	permutation	
2964.0	0.24982462142762252	SEQC	permutation	
2965.0	0.10113761881227212	SEQC	permutation	
2966.0	0.028390446892971433	SEQC	permutation	
2967.0	-0.05133815566856148	SEQC	permutation	
2968.0	-0.0031366475416478856	SEQC	permutation	
2969.0	-0.027756500316198807	SEQC	permutation	
2970.0	-0.08355647228975993	SEQC	permutation	
2971.0	0.07992045458005625	SEQC	permutation	
2972.0	0.024029215536871096	SEQC	permutation	
2973.0	-0.0806888400731145	SEQC	permutation	
2974.0	-0.01575101928608369	SEQC	permutation	
2975.0	0.1782557692918849	SEQC	permutation	
2976.0	0.2035989104691205	SEQC	permutation	
2977.0	0.17097665932675365	SEQC	permutation	
2978.0	0.13654281479397046	SEQC	permutation	
2979.0	0.08852281545595453	SEQC	permutation	
2980.0	-0.013737559450943237	SEQC	permutation	
2981.0	0.1442153706001963	SEQC	permutation	
2982.0	0.08219654603942805	SEQC	permutation	
2983.0	-0.10228386452385108	SEQC	permutation	
2984.0	0.032981107905011964	SEQC	permutation	
2985.0	-0.04412713739993546	SEQC	permutation	
2986.0	0.05842164096990077	SEQC	permutation	
2987.0	-0.030102703866837555	SEQC	permutation	
2988.0	0.0261954358652714	SEQC	permutation	
2989.0	-0.09092340556274836	SEQC	permutation	
2990.0	0.12539228765627008	SEQC	permutation	
2991.0	-0.002398597850906903	SEQC	permutation	
2992.0	-0.029109742541669537	SEQC	permutation	
2993.0	-0.06791793005715752	SEQC	permutation	
2994.0	-0.11628991966918534	SEQC	permutation	
2995.0	-0.10379384439472128	SEQC	permutation	
2996.0	0.20165062376639886	SEQC	permutation	
2997.0	0.2109405559104358	SEQC	permutation	
2998.0	-0.006930809939123428	SEQC	permutation	
2999.0	-0.01330288194397422	SEQC	permutation	
3000.0	-0.15354716707958938	SEQC	permutation	
3001.0	0.06848517282541344	SEQC	permutation	
3002.0	0.12233193192949621	SEQC	permutation	
3003.0	0.14376678376622198	SEQC	permutation	
3004.0	0.1463350716800753	SEQC	permutation	
3005.0	-0.2040755090334181	SEQC	permutation	
3006.0	-0.04194249509051895	SEQC	permutation	
3007.0	-0.01612911720347121	SEQC	permutation	
3008.0	-0.12353294173747287	SEQC	permutation	
3009.0	0.1586181762299459	SEQC	permutation	
3010.0	0.1943339388537484	SEQC	permutation	
3011.0	-0.09506381508216055	SEQC	permutation	
3012.0	-0.044152471255619385	SEQC	permutation	
3013.0	0.029000645043470108	SEQC	permutation	
3014.0	-0.20500764286401774	SEQC	permutation	
3015.0	-0.034594463077506354	SEQC	permutation	
3016.0	0.007687329050348524	SEQC	permutation	
3017.0	0.1400824541862873	SEQC	permutation	
3018.0	-0.1886427023258186	SEQC	permutation	
3019.0	0.07601176860492309	SEQC	permutation	
3020.0	-0.019788721513933183	SEQC	permutation	
3021.0	0.06585649415366257	SEQC	permutation	
3022.0	-0.054721668118626	SEQC	permutation	
3023.0	-0.06543932408222819	SEQC	permutation	
3024.0	-0.08660149284661944	SEQC	permutation	
3025.0	-0.07735007371436442	SEQC	permutation	
3026.0	0.07724242191935948	SEQC	permutation	
3027.0	-0.15460112378657698	SEQC	permutation	
3028.0	-0.12854046290718646	SEQC	permutation	
3029.0	-0.0949263988111535	SEQC	permutation	
3030.0	-0.19226873814035184	SEQC	permutation	
3031.0	-0.10943612919088075	SEQC	permutation	
3032.0	0.1483903690367705	SEQC	permutation	
3033.0	0.07719806378766592	SEQC	permutation	
3034.0	-0.037168781301660125	SEQC	permutation	
3035.0	0.147449985624438	SEQC	permutation	
3036.0	0.20749960363468345	SEQC	permutation	
3037.0	0.009383505569447337	SEQC	permutation	
3038.0	-0.008015400147836083	SEQC	permutation	
3039.0	0.06588685743464762	SEQC	permutation	
3040.0	0.04427105562471256	SEQC	permutation	
3041.0	0.07459793983299123	SEQC	permutation	
3042.0	0.011416839575271176	SEQC	permutation	
3043.0	0.08682257501020896	SEQC	permutation	
3044.0	0.021331352116048752	SEQC	permutation	
3045.0	-0.0409594448694075	SEQC	permutation	
3046.0	0.08469906320491294	SEQC	permutation	
3047.0	-0.0889211825134173	SEQC	permutation	
3048.0	-0.043529431485382464	SEQC	permutation	
3049.0	-0.0824836232278292	SEQC	permutation	
3050.0	0.16824143772409128	SEQC	permutation	
3051.0	-0.04911274135747634	SEQC	permutation	
3052.0	0.07130195406833773	SEQC	permutation	
3053.0	0.07420799771959441	SEQC	permutation	
3054.0	0.039755791889785286	SEQC	permutation	
3055.0	0.025275773870549134	SEQC	permutation	
3056.0	-0.061324612650389465	SEQC	permutation	
3057.0	0.054537215903608605	SEQC	permutation	
3058.0	0.11334456675172166	SEQC	permutation	
3059.0	-0.10964840304643797	SEQC	permutation	
3060.0	0.014786103799586225	SEQC	permutation	
3061.0	0.045844085522417366	SEQC	permutation	
3062.0	-0.06636920478927788	SEQC	permutation	
3063.0	0.020289928489264142	SEQC	permutation	
3064.0	-0.01282889948637278	SEQC	permutation	
3065.0	-0.053343153400299936	SEQC	permutation	
3066.0	0.03550181040653522	SEQC	permutation	
3067.0	-0.037326438140285134	SEQC	permutation	
3068.0	-0.025415820143201096	SEQC	permutation	
3069.0	-0.08647933392891582	SEQC	permutation	
3070.0	0.03853454286818936	SEQC	permutation	
3071.0	0.04468914838023741	SEQC	permutation	
3072.0	-0.051109429950726426	SEQC	permutation	
3073.0	0.16031891666581455	SEQC	permutation	
3074.0	0.05696893497758948	SEQC	permutation	
3075.0	-0.10124525716444754	SEQC	permutation	
3076.0	0.11444717652886238	SEQC	permutation	
3077.0	0.10375675968733189	SEQC	permutation	
3078.0	0.044954075454172404	SEQC	permutation	
3079.0	0.12745560996342142	SEQC	permutation	
3080.0	0.06857892373280716	SEQC	permutation	
3081.0	0.13514598052211646	SEQC	permutation	
3082.0	-0.03260336719054857	SEQC	permutation	
3083.0	-0.132151436763412	SEQC	permutation	
3084.0	0.11329516731670441	SEQC	permutation	
3085.0	-0.044589806944861365	SEQC	permutation	
3086.0	-0.2941706532734152	SEQC	permutation	
3087.0	-0.1371984265151629	SEQC	permutation	
3088.0	-0.06376212687528815	SEQC	permutation	
3089.0	0.09590514250212534	SEQC	permutation	
3090.0	-0.09461868668825835	SEQC	permutation	
3091.0	0.054882700906747406	SEQC	permutation	
3092.0	0.20494938965860188	SEQC	permutation	
3093.0	-0.13549551539798355	SEQC	permutation	
3094.0	-0.03750680763287617	SEQC	permutation	
3095.0	0.04947162130997729	SEQC	permutation	
3096.0	0.0889415902709052	SEQC	permutation	
3097.0	0.019894654659312838	SEQC	permutation	
3098.0	-0.13831209833174496	SEQC	permutation	
3099.0	0.1883652841579524	SEQC	permutation	
3100.0	-0.1372810266035076	SEQC	permutation	
3101.0	-0.13959263742694716	SEQC	permutation	
3102.0	-0.21146987430527053	SEQC	permutation	
3103.0	0.0031322298563170037	SEQC	permutation	
3104.0	-0.009757365761089432	SEQC	permutation	
3105.0	0.04072069343856466	SEQC	permutation	
3106.0	-0.10145586417963104	SEQC	permutation	
3107.0	-0.21193317661931754	SEQC	permutation	
3108.0	-0.05068602384455412	SEQC	permutation	
3109.0	-0.030412762607316957	SEQC	permutation	
3110.0	0.03728560769840117	SEQC	permutation	
3111.0	-0.1766769442965157	SEQC	permutation	
3112.0	0.015262998999315602	SEQC	permutation	
3113.0	0.17160089067765671	SEQC	permutation	
3114.0	-0.09860269179765924	SEQC	permutation	
3115.0	-0.09952032938455169	SEQC	permutation	
3116.0	-0.08932959877959723	SEQC	permutation	
3117.0	-0.13692143222853437	SEQC	permutation	
3118.0	-0.10115314380206364	SEQC	permutation	
3119.0	0.1288906748232712	SEQC	permutation	
3120.0	-0.04392053171496624	SEQC	permutation	
3121.0	-0.17612120817836185	SEQC	permutation	
3122.0	0.1779384889072162	SEQC	permutation	
3123.0	-0.10780719076036371	SEQC	permutation	
3124.0	0.08760198351533965	SEQC	permutation	
3125.0	-0.10690776717255357	SEQC	permutation	
3126.0	-0.05882063886818267	SEQC	permutation	
3127.0	0.003475622024709857	SEQC	permutation	
3128.0	-0.11710026216317093	SEQC	permutation	
3129.0	-0.07343640880269042	SEQC	permutation	
3130.0	0.17885157680193098	SEQC	permutation	
3131.0	-0.01291228409961409	SEQC	permutation	
3132.0	-0.14576330181687958	SEQC	permutation	
3133.0	-0.16977356685012523	SEQC	permutation	
3134.0	0.05280363601353155	SEQC	permutation	
3135.0	0.016457250912144783	SEQC	permutation	
3136.0	-0.1081125536954266	SEQC	permutation	
3137.0	-0.12341710334585398	SEQC	permutation	
3138.0	-0.01981328630542789	SEQC	permutation	
3139.0	-0.06074444411706503	SEQC	permutation	
3140.0	-0.05606697050443987	SEQC	permutation	
3141.0	0.049985390006907604	SEQC	permutation	
3142.0	-0.047737813615055025	SEQC	permutation	
3143.0	-0.1185573329125571	SEQC	permutation	
3144.0	0.039804192810599215	SEQC	permutation	
3145.0	-0.11166575496742759	SEQC	permutation	
3146.0	-0.013351530088290708	SEQC	permutation	
3147.0	-0.08657229720854209	SEQC	permutation	
3148.0	0.04876785760994862	SEQC	permutation	
3149.0	-0.05445014588750352	SEQC	permutation	
3150.0	0.09431534438962252	SEQC	permutation	
3151.0	-0.025131649229035435	SEQC	permutation	
3152.0	0.00332197083250918	SEQC	permutation	
3153.0	-0.0863664895969607	SEQC	permutation	
3154.0	0.12413127493093246	SEQC	permutation	
3155.0	-0.06630575853187803	SEQC	permutation	
3156.0	0.13590339976436994	SEQC	permutation	
3157.0	-0.05164929194079626	SEQC	permutation	
3158.0	-0.05697430146129667	SEQC	permutation	
3159.0	-0.0219710468657075	SEQC	permutation	
3160.0	0.028481609477906122	SEQC	permutation	
3161.0	0.08309990382337995	SEQC	permutation	
3162.0	-0.1728295333886667	SEQC	permutation	
3163.0	-0.11877528232899293	SEQC	permutation	
3164.0	0.026857050185022935	SEQC	permutation	
3165.0	-0.20352962792380902	SEQC	permutation	
3166.0	-0.011451095873948436	SEQC	permutation	
3167.0	0.09985273133384487	SEQC	permutation	
3168.0	-0.17293602936994112	SEQC	permutation	
3169.0	-0.20388387858428692	SEQC	permutation	
3170.0	-0.10814195505430035	SEQC	permutation	
3171.0	0.07640664832740862	SEQC	permutation	
3172.0	-0.02991576300407006	SEQC	permutation	
3173.0	0.21566838568550573	SEQC	permutation	
3174.0	-0.11664779747389131	SEQC	permutation	
3175.0	0.043737559944542426	SEQC	permutation	
3176.0	0.08694323043570451	SEQC	permutation	
3177.0	0.0500298376806354	SEQC	permutation	
3178.0	0.062061786215132475	SEQC	permutation	
3179.0	-0.1454434022997959	SEQC	permutation	
3180.0	-0.04688702966324643	SEQC	permutation	
3181.0	-0.04908807355681288	SEQC	permutation	
3182.0	0.06516157690499291	SEQC	permutation	
3183.0	-0.23858076134726636	SEQC	permutation	
3184.0	0.19996167346572458	SEQC	permutation	
3185.0	0.16573931408560272	SEQC	permutation	
3186.0	0.1564412395601864	SEQC	permutation	
3187.0	-0.07264633991201608	SEQC	permutation	
3188.0	0.08088722019172767	SEQC	permutation	
3189.0	-0.052533955248015296	SEQC	permutation	
3190.0	0.0699882004510961	SEQC	permutation	
3191.0	-0.06708511461011435	SEQC	permutation	
3192.0	-0.15957313033239506	SEQC	permutation	
3193.0	-0.13185240141674148	SEQC	permutation	
3194.0	0.04696522844311657	SEQC	permutation	
3195.0	0.08470005341739695	SEQC	permutation	
3196.0	0.15521861695173111	SEQC	permutation	
3197.0	0.14761775284585132	SEQC	permutation	
3198.0	0.08660961760657271	SEQC	permutation	
3199.0	0.10385789717742755	SEQC	permutation	
3200.0	0.09615798790196184	SEQC	permutation	
3201.0	0.009575474002198714	SEQC	permutation	
3202.0	-0.17127146527003578	SEQC	permutation	
3203.0	-0.12601968559693644	SEQC	permutation	
3204.0	-0.11908459215953382	SEQC	permutation	
3205.0	-0.10631696697405424	SEQC	permutation	
3206.0	-0.059968261396269096	SEQC	permutation	
3207.0	-0.16387349154940134	SEQC	permutation	
3208.0	0.030273719097465346	SEQC	permutation	
3209.0	-0.04326205267017924	SEQC	permutation	
3210.0	-0.014958293646262888	SEQC	permutation	
3211.0	0.0936062311854915	SEQC	permutation	
3212.0	0.12708174688128482	SEQC	permutation	
3213.0	-0.005954361510384754	SEQC	permutation	
3214.0	-0.04628746176773202	SEQC	permutation	
3215.0	-0.08682506860013905	SEQC	permutation	
3216.0	0.04467801258949411	SEQC	permutation	
3217.0	0.12999800098350622	SEQC	permutation	
3218.0	-0.09514376829953797	SEQC	permutation	
3219.0	-0.07806666250914285	SEQC	permutation	
3220.0	-0.07445726898695382	SEQC	permutation	
3221.0	0.2332839930773032	SEQC	permutation	
3222.0	0.25146641990184326	SEQC	permutation	
3223.0	0.06985815277933227	SEQC	permutation	
3224.0	-0.04434579839839037	SEQC	permutation	
3225.0	-0.029525362538839417	SEQC	permutation	
3226.0	0.014417966708013097	SEQC	permutation	
3227.0	0.07567881207278271	SEQC	permutation	
3228.0	-0.06676300010924408	SEQC	permutation	
3229.0	-0.026284064223289327	SEQC	permutation	
3230.0	-0.0758739490377014	SEQC	permutation	
3231.0	0.15600169485801318	SEQC	permutation	
3232.0	0.10494463633975304	SEQC	permutation	
3233.0	0.08378907330056418	SEQC	permutation	
3234.0	0.038366297838992924	SEQC	permutation	
3235.0	0.17127709997028884	SEQC	permutation	
3236.0	0.10297656633153807	SEQC	permutation	
3237.0	0.03928941799525676	SEQC	permutation	
3238.0	0.03317513804533245	SEQC	permutation	
3239.0	-0.005101295388690641	SEQC	permutation	
3240.0	-0.01974176929044491	SEQC	permutation	
3241.0	-0.0027659564840045725	SEQC	permutation	
3242.0	-0.007209417678596175	SEQC	permutation	
3243.0	-0.06663125169359141	SEQC	permutation	
3244.0	-0.026678346689632537	SEQC	permutation	
3245.0	0.06270188932708853	SEQC	permutation	
3246.0	-0.17171232527646207	SEQC	permutation	
3247.0	0.004977347811576216	SEQC	permutation	
3248.0	0.14413749967980127	SEQC	permutation	
3249.0	0.06478838511946616	SEQC	permutation	
3250.0	0.1261289761303468	SEQC	permutation	
3251.0	-0.06053158484989307	SEQC	permutation	
3252.0	0.1287289398619773	SEQC	permutation	
3253.0	-0.09807199885147266	SEQC	permutation	
3254.0	0.028068387121441774	SEQC	permutation	
3255.0	0.056221644255947556	SEQC	permutation	
3256.0	-0.037277305423319085	SEQC	permutation	
3257.0	-0.12267895225877856	SEQC	permutation	
3258.0	0.16904996924585625	SEQC	permutation	
3259.0	0.10394319585037692	SEQC	permutation	
3260.0	-0.22522669058943867	SEQC	permutation	
3261.0	-0.05825724265980847	SEQC	permutation	
3262.0	-0.03798436565879504	SEQC	permutation	
3263.0	0.14987407184674817	SEQC	permutation	
3264.0	0.1729260370684238	SEQC	permutation	
3265.0	-0.12905061271145124	SEQC	permutation	
3266.0	0.14004834105099961	SEQC	permutation	
3267.0	-0.04513195586170049	SEQC	permutation	
3268.0	-0.031428833235126685	SEQC	permutation	
3269.0	-0.051354228694559634	SEQC	permutation	
3270.0	-0.02124503510706166	SEQC	permutation	
3271.0	0.1935378639565295	SEQC	permutation	
3272.0	-0.03497932923020475	SEQC	permutation	
3273.0	-0.02831133342683856	SEQC	permutation	
3274.0	-0.08197580239061741	SEQC	permutation	
3275.0	0.07708161586318907	SEQC	permutation	
3276.0	0.04348312661666576	SEQC	permutation	
3277.0	0.03699230859387459	SEQC	permutation	
3278.0	0.1250753135265099	SEQC	permutation	
3279.0	-0.0007937848909413958	SEQC	permutation	
3280.0	0.363071445830482	SEQC	permutation	
3281.0	-0.01204674443960263	SEQC	permutation	
3282.0	-0.09540438045464938	SEQC	permutation	
3283.0	0.013879356836569379	SEQC	permutation	
3284.0	-0.06817462587382206	SEQC	permutation	
3285.0	0.008024851387556264	SEQC	permutation	
3286.0	-0.03542689223740547	SEQC	permutation	
3287.0	-0.017550309901341432	SEQC	permutation	
3288.0	0.07822463015638448	SEQC	permutation	
3289.0	-0.10641364610593973	SEQC	permutation	
3290.0	-0.07683300092109668	SEQC	permutation	
3291.0	-0.06042805006724139	SEQC	permutation	
3292.0	0.27773064329675856	SEQC	permutation	
3293.0	0.1498617054319622	SEQC	permutation	
3294.0	0.1792302200755742	SEQC	permutation	
3295.0	-0.051973165294331825	SEQC	permutation	
3296.0	-0.01572627369253743	SEQC	permutation	
3297.0	0.11442843016288151	SEQC	permutation	
3298.0	-0.01836068392218193	SEQC	permutation	
3299.0	-0.22090257590211193	SEQC	permutation	
3300.0	-0.06017821336104223	SEQC	permutation	
3301.0	0.10371412139330571	SEQC	permutation	
3302.0	-0.19414535366650476	SEQC	permutation	
3303.0	-0.01733384957073847	SEQC	permutation	
3304.0	0.10576521360601143	SEQC	permutation	
3305.0	0.2077215466653275	SEQC	permutation	
3306.0	-0.07450958940456331	SEQC	permutation	
3307.0	0.007699883126931262	SEQC	permutation	
3308.0	0.15589958455325137	SEQC	permutation	
3309.0	0.17166235989563638	SEQC	permutation	
3310.0	0.10866613771727662	SEQC	permutation	
3311.0	-0.17197115729963297	SEQC	permutation	
3312.0	0.07597055513516526	SEQC	permutation	
3313.0	-0.005010179853351726	SEQC	permutation	
3314.0	0.007917153415700096	SEQC	permutation	
3315.0	0.09513020378386328	SEQC	permutation	
3316.0	-0.0295965352126788	SEQC	permutation	
3317.0	0.07628586318433372	SEQC	permutation	
3318.0	0.006673939430329678	SEQC	permutation	
3319.0	0.2681642499794772	SEQC	permutation	
3320.0	0.07175238096528425	SEQC	permutation	
3321.0	0.10200911572861537	SEQC	permutation	
3322.0	-0.03419950217608125	SEQC	permutation	
3323.0	-0.12033793267557114	SEQC	permutation	
3324.0	-0.06208985879704931	SEQC	permutation	
3325.0	0.03356097306653716	SEQC	permutation	
3326.0	0.11825793016662978	SEQC	permutation	
3327.0	-0.0719636333876239	SEQC	permutation	
3328.0	0.02243130103187818	SEQC	permutation	
3329.0	-0.1057264752113456	SEQC	permutation	
3330.0	-0.16499760546959497	SEQC	permutation	
3331.0	0.07473908970331644	SEQC	permutation	
3332.0	-0.1655414790872327	SEQC	permutation	
3333.0	0.16883398675277128	SEQC	permutation	
3334.0	-0.019436985058876033	SEQC	permutation	
3335.0	0.0962533641838812	SEQC	permutation	
3336.0	-0.0352545426956401	SEQC	permutation	
3337.0	-0.06031705412144417	SEQC	permutation	
3338.0	-0.0513699677210937	SEQC	permutation	
3339.0	-0.14468234481643316	SEQC	permutation	
3340.0	-0.020761876938183654	SEQC	permutation	
3341.0	0.001121155734762791	SEQC	permutation	
3342.0	-0.06869055365941978	SEQC	permutation	
3343.0	-0.0946387817343175	SEQC	permutation	
3344.0	-0.07531909780304069	SEQC	permutation	
3345.0	-0.14905511436976182	SEQC	permutation	
3346.0	0.025490441420327414	SEQC	permutation	
3347.0	-0.01180415843743976	SEQC	permutation	
3348.0	-0.028212049383840032	SEQC	permutation	
3349.0	-0.11582372998401613	SEQC	permutation	
3350.0	-0.026259254939510868	SEQC	permutation	
3351.0	-0.09655187439370172	SEQC	permutation	
3352.0	0.046296843395956966	SEQC	permutation	
3353.0	0.11548930473087404	SEQC	permutation	
3354.0	-0.09059055931910631	SEQC	permutation	
3355.0	-0.15124064339136334	SEQC	permutation	
3356.0	0.12062585658820169	SEQC	permutation	
3357.0	-0.05330070389648345	SEQC	permutation	
3358.0	-0.21690112495200742	SEQC	permutation	
3359.0	-0.05242045340832169	SEQC	permutation	
3360.0	-0.0267353265315724	SEQC	permutation	
3361.0	0.11350802121289005	SEQC	permutation	
3362.0	-0.17055772502597044	SEQC	permutation	
3363.0	0.007771929938348077	SEQC	permutation	
3364.0	-0.1037886931818166	SEQC	permutation	
3365.0	0.026704221586187238	SEQC	permutation	
3366.0	-0.1585892357809584	SEQC	permutation	
3367.0	0.14293041315669752	SEQC	permutation	
3368.0	0.018821757731886546	SEQC	permutation	
3369.0	0.044224382479276514	SEQC	permutation	
3370.0	-0.05824998296138606	SEQC	permutation	
3371.0	0.016656983755240606	SEQC	permutation	
3372.0	0.08993037908799417	SEQC	permutation	
3373.0	0.11039398404366096	SEQC	permutation	
3374.0	0.008432198076221642	SEQC	permutation	
3375.0	0.16763038726922197	SEQC	permutation	
3376.0	0.150845150136234	SEQC	permutation	
3377.0	0.04424382794347137	SEQC	permutation	
3378.0	0.08885682495423186	SEQC	permutation	
3379.0	0.05178485381203268	SEQC	permutation	
3380.0	0.042384410288357266	SEQC	permutation	
3381.0	0.0907465117532209	SEQC	permutation	
3382.0	-0.011370071491600076	SEQC	permutation	
3383.0	0.045846525796744864	SEQC	permutation	
3384.0	0.017605953764872062	SEQC	permutation	
3385.0	-0.009020857221531564	SEQC	permutation	
3386.0	0.102290910654534	SEQC	permutation	
3387.0	0.02509194456704833	SEQC	permutation	
3388.0	-0.003848079092652057	SEQC	permutation	
3389.0	0.1317083814777087	SEQC	permutation	
3390.0	-0.14172566228856853	SEQC	permutation	
3391.0	0.042842500576561804	SEQC	permutation	
3392.0	-0.039298107565244766	SEQC	permutation	
3393.0	-0.22631237045839336	SEQC	permutation	
3394.0	0.22242530956663442	SEQC	permutation	
3395.0	0.13705602454035315	SEQC	permutation	
3396.0	-0.004043862572252088	SEQC	permutation	
3397.0	0.018833460559499304	SEQC	permutation	
3398.0	0.20513148367152967	SEQC	permutation	
3399.0	0.09342681587585444	SEQC	permutation	
3400.0	-0.11046021453110333	SEQC	permutation	
3401.0	-0.08534956199932475	SEQC	permutation	
3402.0	-0.15192146146726193	SEQC	permutation	
3403.0	0.029238135725289993	SEQC	permutation	
3404.0	0.14719233505393303	SEQC	permutation	
3405.0	0.14272547593792018	SEQC	permutation	
3406.0	0.2100309332253847	SEQC	permutation	
3407.0	0.04388521708629689	SEQC	permutation	
3408.0	0.19989869014891104	SEQC	permutation	
3409.0	-0.023820005373281994	SEQC	permutation	
3410.0	-0.005866668253331042	SEQC	permutation	
3411.0	0.05054870447453297	SEQC	permutation	
3412.0	0.06408551859553535	SEQC	permutation	
3413.0	-0.1635589268556954	SEQC	permutation	
3414.0	0.12082493436035557	SEQC	permutation	
3415.0	-0.21837200416139435	SEQC	permutation	
3416.0	-0.035660923798678024	SEQC	permutation	
3417.0	1.3070251889679696e-06	SEQC	permutation	
3418.0	0.04976957949647609	SEQC	permutation	
3419.0	-0.07614806045527622	SEQC	permutation	
3420.0	0.1587137728992336	SEQC	permutation	
3421.0	0.02158796648017658	SEQC	permutation	
3422.0	0.13528223202149103	SEQC	permutation	
3423.0	-0.014767257576774995	SEQC	permutation	
3424.0	-0.11423989386552336	SEQC	permutation	
3425.0	-0.22467952248907208	SEQC	permutation	
3426.0	0.10879004231031475	SEQC	permutation	
3427.0	-0.007557911026926156	SEQC	permutation	
3428.0	0.12507542780071246	SEQC	permutation	
3429.0	-0.05728761978126018	SEQC	permutation	
3430.0	0.054191997285074844	SEQC	permutation	
3431.0	0.005720958128814235	SEQC	permutation	
3432.0	0.08096560133774622	SEQC	permutation	
3433.0	0.06443630742863116	SEQC	permutation	
3434.0	0.0912953371015015	SEQC	permutation	
3435.0	0.16464438357985633	SEQC	permutation	
3436.0	0.06721479097807093	SEQC	permutation	
3437.0	-0.03949736689608985	SEQC	permutation	
3438.0	0.18625577237392044	SEQC	permutation	
3439.0	-0.08258290541950997	SEQC	permutation	
3440.0	-0.025354808603592627	SEQC	permutation	
3441.0	0.18663376512017704	SEQC	permutation	
3442.0	-0.0011346273679953	SEQC	permutation	
3443.0	0.04026657333512329	SEQC	permutation	
3444.0	0.16792550445503274	SEQC	permutation	
3445.0	0.05157020897182152	SEQC	permutation	
3446.0	-0.10545861755401464	SEQC	permutation	
3447.0	0.08546312191537364	SEQC	permutation	
3448.0	0.02056035287130653	SEQC	permutation	
3449.0	-0.09466898518845124	SEQC	permutation	
3450.0	0.11036361822522966	SEQC	permutation	
3451.0	-0.05332755281514068	SEQC	permutation	
3452.0	-0.023376426588511023	SEQC	permutation	
3453.0	-0.1018385833569071	SEQC	permutation	
3454.0	-0.041899066589677236	SEQC	permutation	
3455.0	-0.13341523917476872	SEQC	permutation	
3456.0	0.10527695599336173	SEQC	permutation	
3457.0	-0.1304828102749589	SEQC	permutation	
3458.0	-0.1154609996854381	SEQC	permutation	
3459.0	-0.2024674922700309	SEQC	permutation	
3460.0	0.015267675073723286	SEQC	permutation	
3461.0	-0.07956586576314617	SEQC	permutation	
3462.0	0.05437502130818084	SEQC	permutation	
3463.0	-0.1600363676228329	SEQC	permutation	
3464.0	0.08877127762200399	SEQC	permutation	
3465.0	-0.0009327348509362565	SEQC	permutation	
3466.0	0.04391655374501191	SEQC	permutation	
3467.0	0.00410116495935009	SEQC	permutation	
3468.0	0.22107885657016313	SEQC	permutation	
3469.0	0.13421889733923953	SEQC	permutation	
3470.0	0.05378148746707634	SEQC	permutation	
3471.0	-0.1722745448671943	SEQC	permutation	
3472.0	-0.138270668834362	SEQC	permutation	
3473.0	0.1235663778805991	SEQC	permutation	
3474.0	0.06695788846204387	SEQC	permutation	
3475.0	-0.06669158606194392	SEQC	permutation	
3476.0	0.07578412648512689	SEQC	permutation	
3477.0	0.03972615410360847	SEQC	permutation	
3478.0	-0.14602568087326384	SEQC	permutation	
3479.0	0.036942662199693554	SEQC	permutation	
3480.0	-0.19843051011215884	SEQC	permutation	
3481.0	0.040394326639920486	SEQC	permutation	
3482.0	0.044647654018346916	SEQC	permutation	
3483.0	-0.008991869325906343	SEQC	permutation	
3484.0	0.006554950731566311	SEQC	permutation	
3485.0	0.12241986220409062	SEQC	permutation	
3486.0	0.055660602133367654	SEQC	permutation	
3487.0	0.02219526031336283	SEQC	permutation	
3488.0	0.04430767980012851	SEQC	permutation	
3489.0	0.23974520702272972	SEQC	permutation	
3490.0	0.2637163073388793	SEQC	permutation	
3491.0	0.13821129204470228	SEQC	permutation	
3492.0	-0.1805288934388245	SEQC	permutation	
3493.0	0.09758799954141217	SEQC	permutation	
3494.0	-0.12704479749385644	SEQC	permutation	
3495.0	-0.022028609318537118	SEQC	permutation	
3496.0	-0.13340496366304233	SEQC	permutation	
3497.0	-0.1676652298666128	SEQC	permutation	
3498.0	-0.008223434323412881	SEQC	permutation	
3499.0	0.00220090885610702	SEQC	permutation	
3500.0	0.08333067511154058	SEQC	permutation	
3501.0	0.18455756058472472	SEQC	permutation	
3502.0	0.034894103524831355	SEQC	permutation	
3503.0	0.059954184614978256	SEQC	permutation	
3504.0	-0.12446592007521806	SEQC	permutation	
3505.0	0.03612463085013662	SEQC	permutation	
3506.0	0.0365161768809843	SEQC	permutation	
3507.0	-0.048652162963534806	SEQC	permutation	
3508.0	-0.04896165251115736	SEQC	permutation	
3509.0	0.014320277594919162	SEQC	permutation	
3510.0	0.163659887985804	SEQC	permutation	
3511.0	0.03063689171385464	SEQC	permutation	
3512.0	0.1111292731198601	SEQC	permutation	
3513.0	-0.04610239288083129	SEQC	permutation	
3514.0	0.267673737699488	SEQC	permutation	
3515.0	-0.10887733119028864	SEQC	permutation	
3516.0	-0.09095472946569183	SEQC	permutation	
3517.0	0.02016448524119907	SEQC	permutation	
3518.0	0.2842237906577445	SEQC	permutation	
3519.0	0.15187881754835164	SEQC	permutation	
3520.0	0.17957799663481033	SEQC	permutation	
3521.0	-0.01964054907262236	SEQC	permutation	
3522.0	-0.09269056727062619	SEQC	permutation	
3523.0	-0.08135326917005958	SEQC	permutation	
3524.0	0.05655945099702375	SEQC	permutation	
3525.0	0.06812446670357186	SEQC	permutation	
3526.0	-0.019766519580753705	SEQC	permutation	
3527.0	-0.026946508580511175	SEQC	permutation	
3528.0	0.221186774569178	SEQC	permutation	
3529.0	0.02358042633314561	SEQC	permutation	
3530.0	0.06977062817688662	SEQC	permutation	
3531.0	0.013779016072378525	SEQC	permutation	
3532.0	0.07874556615745565	SEQC	permutation	
3533.0	-0.09141487856879982	SEQC	permutation	
3534.0	-0.07910498563032764	SEQC	permutation	
3535.0	0.11187833522586255	SEQC	permutation	
3536.0	0.13047197828534207	SEQC	permutation	
3537.0	0.00044291256855233385	SEQC	permutation	
3538.0	-0.24696977294727906	SEQC	permutation	
3539.0	0.08462759265727193	SEQC	permutation	
3540.0	-0.07016041394872197	SEQC	permutation	
3541.0	0.02616466644323534	SEQC	permutation	
3542.0	0.02209006673887881	SEQC	permutation	
3543.0	0.1323443727275171	SEQC	permutation	
3544.0	0.11259402890241743	SEQC	permutation	
3545.0	-0.19904564716953832	SEQC	permutation	
3546.0	-0.09244284678320014	SEQC	permutation	
3547.0	-0.0955677529370389	SEQC	permutation	
3548.0	-0.11814693566723289	SEQC	permutation	
3549.0	-0.05290876929860566	SEQC	permutation	
3550.0	-0.16506796071362162	SEQC	permutation	
3551.0	0.09113324556829516	SEQC	permutation	
3552.0	-0.018795244321780924	SEQC	permutation	
3553.0	0.03838916432913431	SEQC	permutation	
3554.0	0.07356644667236534	SEQC	permutation	
3555.0	0.021853566575359196	SEQC	permutation	
3556.0	0.09285532248234096	SEQC	permutation	
3557.0	-0.0029602318795549643	SEQC	permutation	
3558.0	0.06468360793923367	SEQC	permutation	
3559.0	0.056731480733718254	SEQC	permutation	
3560.0	0.017925811135606207	SEQC	permutation	
3561.0	0.055027572408369974	SEQC	permutation	
3562.0	0.1325192863069682	SEQC	permutation	
3563.0	0.1445098452001914	SEQC	permutation	
3564.0	0.04818856817742567	SEQC	permutation	
3565.0	-0.1122944853574186	SEQC	permutation	
3566.0	-0.06774875337993036	SEQC	permutation	
3567.0	0.029728888862347702	SEQC	permutation	
3568.0	0.11681768331196496	SEQC	permutation	
3569.0	-0.19199467505148693	SEQC	permutation	
3570.0	0.21949705056706126	SEQC	permutation	
3571.0	-0.14863871990438016	SEQC	permutation	
3572.0	-0.06259037759971564	SEQC	permutation	
3573.0	0.0899157449132586	SEQC	permutation	
3574.0	0.16798926769116607	SEQC	permutation	
3575.0	0.0009040969905567131	SEQC	permutation	
3576.0	0.03068883052578686	SEQC	permutation	
3577.0	0.017311492521584704	SEQC	permutation	
3578.0	0.21721966352071442	SEQC	permutation	
3579.0	-0.1383049939774521	SEQC	permutation	
3580.0	-0.05048824639414251	SEQC	permutation	
3581.0	0.22611975682145058	SEQC	permutation	
3582.0	-0.2421872317946261	SEQC	permutation	
3583.0	-0.009149348255848011	SEQC	permutation	
3584.0	0.04354823522983464	SEQC	permutation	
3585.0	0.10964274636003113	SEQC	permutation	
3586.0	-0.034470098184808506	SEQC	permutation	
3587.0	-0.15046435269188496	SEQC	permutation	
3588.0	-0.0780141399014207	SEQC	permutation	
3589.0	0.014244303854627383	SEQC	permutation	
3590.0	-0.06997800458537107	SEQC	permutation	
3591.0	0.08097320573875688	SEQC	permutation	
3592.0	0.009662913081982971	SEQC	permutation	
3593.0	-0.014630249227133518	SEQC	permutation	
3594.0	0.15916490824324692	SEQC	permutation	
3595.0	0.06875426670445872	SEQC	permutation	
3596.0	0.03857743665603719	SEQC	permutation	
3597.0	0.07321522119473034	SEQC	permutation	
3598.0	0.19329802530225182	SEQC	permutation	
3599.0	0.030604981124655595	SEQC	permutation	
3600.0	-0.25671780625935137	SEQC	permutation	
3601.0	-0.1168461205582414	SEQC	permutation	
3602.0	0.13145053409989504	SEQC	permutation	
3603.0	0.04280044482647405	SEQC	permutation	
3604.0	0.030881056247820116	SEQC	permutation	
3605.0	-0.18896912630499152	SEQC	permutation	
3606.0	0.15463164202716717	SEQC	permutation	
3607.0	-0.03170029366811056	SEQC	permutation	
3608.0	0.07200318621508872	SEQC	permutation	
3609.0	0.00752257528914857	SEQC	permutation	
3610.0	-0.005114358677540398	SEQC	permutation	
3611.0	-0.06136210880496895	SEQC	permutation	
3612.0	0.04844013495081745	SEQC	permutation	
3613.0	0.12355621990738808	SEQC	permutation	
3614.0	0.06616016926956014	SEQC	permutation	
3615.0	-0.06985632952283849	SEQC	permutation	
3616.0	-0.03568187757174446	SEQC	permutation	
3617.0	0.00922749244937604	SEQC	permutation	
3618.0	-0.206048517921134	SEQC	permutation	
3619.0	0.08200248269084698	SEQC	permutation	
3620.0	-0.038167869206217286	SEQC	permutation	
3621.0	-0.1475789588598735	SEQC	permutation	
3622.0	0.17034962796204622	SEQC	permutation	
3623.0	-0.08913914182267568	SEQC	permutation	
3624.0	0.13319636924730327	SEQC	permutation	
3625.0	0.12584773835874685	SEQC	permutation	
3626.0	0.11756898408801719	SEQC	permutation	
3627.0	0.20078818511173813	SEQC	permutation	
3628.0	-0.06360121711142286	SEQC	permutation	
3629.0	0.040682157010263786	SEQC	permutation	
3630.0	0.3020177187660882	SEQC	permutation	
3631.0	-0.06631643416680477	SEQC	permutation	
3632.0	0.16948288232208064	SEQC	permutation	
3633.0	-0.12301999587988321	SEQC	permutation	
3634.0	-0.004914241710152645	SEQC	permutation	
3635.0	-0.029164498813152306	SEQC	permutation	
3636.0	0.006520438667356299	SEQC	permutation	
3637.0	-0.06047193290964703	SEQC	permutation	
3638.0	0.1708747152310126	SEQC	permutation	
3639.0	0.10037683414857224	SEQC	permutation	
3640.0	-0.05247246582967113	SEQC	permutation	
3641.0	0.08123863437473133	SEQC	permutation	
3642.0	-0.03640715461597388	SEQC	permutation	
3643.0	-0.06040313194310265	SEQC	permutation	
3644.0	-0.08921425098353897	SEQC	permutation	
3645.0	-0.020066440829817456	SEQC	permutation	
3646.0	-0.11341452697131871	SEQC	permutation	
3647.0	-0.05187010185696295	SEQC	permutation	
3648.0	0.006151083067428953	SEQC	permutation	
3649.0	-0.2327808911683178	SEQC	permutation	
3650.0	0.09457538410334543	SEQC	permutation	
3651.0	-0.0014328810538533077	SEQC	permutation	
3652.0	0.1993018845071597	SEQC	permutation	
3653.0	-0.15273224734324664	SEQC	permutation	
3654.0	-0.20673179517134477	SEQC	permutation	
3655.0	-0.0325129298712028	SEQC	permutation	
3656.0	0.0028309540989934767	SEQC	permutation	
3657.0	0.004724034774719055	SEQC	permutation	
3658.0	-0.11480321293274587	SEQC	permutation	
3659.0	0.05605719651663099	SEQC	permutation	
3660.0	0.13587935636041193	SEQC	permutation	
3661.0	-0.05298446480491137	SEQC	permutation	
3662.0	0.3059206329680224	SEQC	permutation	
3663.0	-0.006313161421671598	SEQC	permutation	
3664.0	0.13572597755836657	SEQC	permutation	
3665.0	0.09621799627764727	SEQC	permutation	
3666.0	-0.05371422596171138	SEQC	permutation	
3667.0	-0.02007074790790897	SEQC	permutation	
3668.0	-0.08899495459912243	SEQC	permutation	
3669.0	-0.08829063703543838	SEQC	permutation	
3670.0	0.15714446872859167	SEQC	permutation	
3671.0	0.10081778159545074	SEQC	permutation	
3672.0	0.08562788692324919	SEQC	permutation	
3673.0	-0.0292548966418833	SEQC	permutation	
3674.0	0.053992061939860836	SEQC	permutation	
3675.0	-0.048223129964588995	SEQC	permutation	
3676.0	-0.06504623981270186	SEQC	permutation	
3677.0	0.08934800778643437	SEQC	permutation	
3678.0	0.04933224816275361	SEQC	permutation	
3679.0	0.14466209773241667	SEQC	permutation	
3680.0	0.051977710839665736	SEQC	permutation	
3681.0	-0.08685215733853635	SEQC	permutation	
3682.0	-0.04573411865480326	SEQC	permutation	
3683.0	-0.17466779459965887	SEQC	permutation	
3684.0	0.021407804278612996	SEQC	permutation	
3685.0	0.07430693431981616	SEQC	permutation	
3686.0	0.00011049448007760532	SEQC	permutation	
3687.0	-0.04207166247032301	SEQC	permutation	
3688.0	-0.08657634716836737	SEQC	permutation	
3689.0	-0.09540445192416014	SEQC	permutation	
3690.0	0.0004580486054015509	SEQC	permutation	
3691.0	-0.18526868497673243	SEQC	permutation	
3692.0	-0.04694575222373043	SEQC	permutation	
3693.0	0.06187155286154855	SEQC	permutation	
3694.0	-0.021460537260733936	SEQC	permutation	
3695.0	0.0350674415966834	SEQC	permutation	
3696.0	0.12999628596076374	SEQC	permutation	
3697.0	0.005148264574746708	SEQC	permutation	
3698.0	-0.023268285063624106	SEQC	permutation	
3699.0	0.18104859581940458	SEQC	permutation	
3700.0	-0.014155603426808216	SEQC	permutation	
3701.0	-0.01050839431459627	SEQC	permutation	
3702.0	0.1030243882073969	SEQC	permutation	
3703.0	-0.1390680817486123	SEQC	permutation	
3704.0	0.17295924008761743	SEQC	permutation	
3705.0	0.04494143743990886	SEQC	permutation	
3706.0	0.01677421928671219	SEQC	permutation	
3707.0	0.0681248071141689	SEQC	permutation	
3708.0	-0.07575853634537166	SEQC	permutation	
3709.0	0.04883694453065779	SEQC	permutation	
3710.0	0.14611885600244	SEQC	permutation	
3711.0	0.02330508909915041	SEQC	permutation	
3712.0	-0.07042045868219038	SEQC	permutation	
3713.0	0.0032645677603020395	SEQC	permutation	
3714.0	-0.07199849212358833	SEQC	permutation	
3715.0	-0.020425888040819906	SEQC	permutation	
3716.0	-0.06970325621082418	SEQC	permutation	
3717.0	-0.08291267365071642	SEQC	permutation	
3718.0	-0.027458678851742135	SEQC	permutation	
3719.0	-0.14935527149225925	SEQC	permutation	
3720.0	0.06664375556704538	SEQC	permutation	
3721.0	-0.019656166309011347	SEQC	permutation	
3722.0	0.11915498124045287	SEQC	permutation	
3723.0	0.09114512539622588	SEQC	permutation	
3724.0	0.06436635508500288	SEQC	permutation	
3725.0	-0.10264506733637857	SEQC	permutation	
3726.0	-0.1528978682172779	SEQC	permutation	
3727.0	0.010410869264644962	SEQC	permutation	
3728.0	0.00422786237731021	SEQC	permutation	
3729.0	0.08090212125737262	SEQC	permutation	
3730.0	0.1250103858160143	SEQC	permutation	
3731.0	-0.0827251616499578	SEQC	permutation	
3732.0	-0.27169324246286397	SEQC	permutation	
3733.0	0.06841801909166945	SEQC	permutation	
3734.0	-0.15033117960939846	SEQC	permutation	
3735.0	-0.05808744988615233	SEQC	permutation	
3736.0	0.04399251907966617	SEQC	permutation	
3737.0	-0.009972006946383782	SEQC	permutation	
3738.0	0.09731958582348232	SEQC	permutation	
3739.0	0.019208970396923597	SEQC	permutation	
3740.0	0.03488823045367173	SEQC	permutation	
3741.0	0.1144538878839616	SEQC	permutation	
3742.0	0.07249226163358147	SEQC	permutation	
3743.0	-0.011886850760769452	SEQC	permutation	
3744.0	0.0226632064710377	SEQC	permutation	
3745.0	-0.055341880300262325	SEQC	permutation	
3746.0	-0.06726616625318016	SEQC	permutation	
3747.0	-0.052903624283383355	SEQC	permutation	
3748.0	0.19349806174083595	SEQC	permutation	
3749.0	0.1652466414143028	SEQC	permutation	
3750.0	-0.035999627817651536	SEQC	permutation	
3751.0	-0.006623114269717956	SEQC	permutation	
3752.0	-0.06937485823619394	SEQC	permutation	
3753.0	0.062218919105073045	SEQC	permutation	
3754.0	0.099173774703468	SEQC	permutation	
3755.0	0.15007596076893304	SEQC	permutation	
3756.0	0.07147619045838827	SEQC	permutation	
3757.0	-0.011509527071380532	SEQC	permutation	
3758.0	0.16141186055137924	SEQC	permutation	
3759.0	0.14886685623924034	SEQC	permutation	
3760.0	-0.08761701598622817	SEQC	permutation	
3761.0	0.04330344898853378	SEQC	permutation	
3762.0	0.03772433342129844	SEQC	permutation	
3763.0	-0.1745392083298558	SEQC	permutation	
3764.0	0.12422431729700767	SEQC	permutation	
3765.0	0.06400766220140808	SEQC	permutation	
3766.0	0.009374274153866491	SEQC	permutation	
3767.0	0.03140011066232917	SEQC	permutation	
3768.0	0.200465535595848	SEQC	permutation	
3769.0	0.011260220914908636	SEQC	permutation	
3770.0	-0.0014265823188557292	SEQC	permutation	
3771.0	-0.1713663105889598	SEQC	permutation	
3772.0	0.0629910357593797	SEQC	permutation	
3773.0	0.053140431694757684	SEQC	permutation	
3774.0	-0.02074192196278446	SEQC	permutation	
3775.0	0.028728421222149247	SEQC	permutation	
3776.0	0.19966941049126863	SEQC	permutation	
3777.0	0.15935814935927262	SEQC	permutation	
3778.0	0.02603619219777986	SEQC	permutation	
3779.0	0.11554628386059518	SEQC	permutation	
3780.0	-0.07430977079922707	SEQC	permutation	
3781.0	0.15998856874265366	SEQC	permutation	
3782.0	0.11711633800540788	SEQC	permutation	
3783.0	-0.21044069520296338	SEQC	permutation	
3784.0	0.04859103853568936	SEQC	permutation	
3785.0	-0.0896900707718431	SEQC	permutation	
3786.0	-0.045016673327682444	SEQC	permutation	
3787.0	0.15065711780788105	SEQC	permutation	
3788.0	-0.09445488149459358	SEQC	permutation	
3789.0	-0.07067150947319423	SEQC	permutation	
3790.0	-0.13500451060274798	SEQC	permutation	
3791.0	-0.0534922208523394	SEQC	permutation	
3792.0	-0.016447096046559473	SEQC	permutation	
3793.0	-0.16384015355897263	SEQC	permutation	
3794.0	-0.04702254726051125	SEQC	permutation	
3795.0	0.02083346211385173	SEQC	permutation	
3796.0	-0.22783431390908016	SEQC	permutation	
3797.0	0.1372028709495301	SEQC	permutation	
3798.0	0.012281490466639067	SEQC	permutation	
3799.0	0.039572929467480034	SEQC	permutation	
3800.0	0.0746889292385493	SEQC	permutation	
3801.0	-0.07755080341608878	SEQC	permutation	
3802.0	0.0038910754319116947	SEQC	permutation	
3803.0	0.08928452908112394	SEQC	permutation	
3804.0	-0.04521815753016645	SEQC	permutation	
3805.0	-0.06276277491486448	SEQC	permutation	
3806.0	-0.004498527553907117	SEQC	permutation	
3807.0	0.18360972717790913	SEQC	permutation	
3808.0	0.1553716446726967	SEQC	permutation	
3809.0	0.0211051543900469	SEQC	permutation	
3810.0	-0.2051013811075153	SEQC	permutation	
3811.0	0.10157465565960333	SEQC	permutation	
3812.0	-0.1409898969337906	SEQC	permutation	
3813.0	0.05740829934082736	SEQC	permutation	
3814.0	0.054195616877231956	SEQC	permutation	
3815.0	-0.04403002946709966	SEQC	permutation	
3816.0	-0.07433155843440353	SEQC	permutation	
3817.0	0.1628716412669049	SEQC	permutation	
3818.0	0.07932749917809101	SEQC	permutation	
3819.0	0.09105281839837076	SEQC	permutation	
3820.0	0.11420974973932063	SEQC	permutation	
3821.0	0.0108995875125113	SEQC	permutation	
3822.0	-0.13011382226268076	SEQC	permutation	
3823.0	0.08329675283528681	SEQC	permutation	
3824.0	0.032469456334516256	SEQC	permutation	
3825.0	0.07510934064811892	SEQC	permutation	
3826.0	0.059160814454793265	SEQC	permutation	
3827.0	0.022072833752092347	SEQC	permutation	
3828.0	0.031011594425983002	SEQC	permutation	
3829.0	0.14203415785854778	SEQC	permutation	
3830.0	-0.07170901255114348	SEQC	permutation	
3831.0	0.16423218899349967	SEQC	permutation	
3832.0	0.09155190083955889	SEQC	permutation	
3833.0	0.07577364863554026	SEQC	permutation	
3834.0	0.11195258372590144	SEQC	permutation	
3835.0	0.08663542548735936	SEQC	permutation	
3836.0	-0.07962372355341962	SEQC	permutation	
3837.0	0.11108337377893074	SEQC	permutation	
3838.0	-0.08233818739038412	SEQC	permutation	
3839.0	0.02872098098547049	SEQC	permutation	
3840.0	-0.002724309785552048	SEQC	permutation	
3841.0	0.11893816705605165	SEQC	permutation	
3842.0	-0.11222406483549596	SEQC	permutation	
3843.0	0.0343603560418968	SEQC	permutation	
3844.0	0.028081289530172082	SEQC	permutation	
3845.0	-0.00250440340060587	SEQC	permutation	
3846.0	0.032285473578191226	SEQC	permutation	
3847.0	-0.1254170493859328	SEQC	permutation	
3848.0	-0.09806943750504393	SEQC	permutation	
3849.0	0.12476827676317859	SEQC	permutation	
3850.0	-0.07032673449924065	SEQC	permutation	
3851.0	-0.16499127545683656	SEQC	permutation	
3852.0	-0.041191685578853665	SEQC	permutation	
3853.0	0.03667753619894576	SEQC	permutation	
3854.0	0.043461940993601456	SEQC	permutation	
3855.0	0.027358018205617007	SEQC	permutation	
3856.0	0.004038973675003721	SEQC	permutation	
3857.0	0.04792289976197983	SEQC	permutation	
3858.0	-0.00079649226237688	SEQC	permutation	
3859.0	-0.01711762220618418	SEQC	permutation	
3860.0	0.11566138233754009	SEQC	permutation	
3861.0	-0.07009814990253682	SEQC	permutation	
3862.0	0.0570183498879584	SEQC	permutation	
3863.0	-0.08010519526924664	SEQC	permutation	
3864.0	0.006260464710562186	SEQC	permutation	
3865.0	0.03221848389806414	SEQC	permutation	
3866.0	-0.026044450576896416	SEQC	permutation	
3867.0	0.057759068769847044	SEQC	permutation	
3868.0	-0.18554351311715367	SEQC	permutation	
3869.0	0.009759027717629376	SEQC	permutation	
3870.0	0.15343355742315978	SEQC	permutation	
3871.0	0.10030004367831191	SEQC	permutation	
3872.0	-0.023024553262439795	SEQC	permutation	
3873.0	0.21058051042917336	SEQC	permutation	
3874.0	-0.04272835831929367	SEQC	permutation	
3875.0	-0.09136475792397247	SEQC	permutation	
3876.0	0.29733857797314567	SEQC	permutation	
3877.0	0.03880414301433177	SEQC	permutation	
3878.0	0.06697091678611011	SEQC	permutation	
3879.0	-0.17649106919270885	SEQC	permutation	
3880.0	0.1427294023395489	SEQC	permutation	
3881.0	-0.13824969692352607	SEQC	permutation	
3882.0	0.06656178824895376	SEQC	permutation	
3883.0	-0.035481659418415745	SEQC	permutation	
3884.0	-0.05999966650906563	SEQC	permutation	
3885.0	-0.03650759590424846	SEQC	permutation	
3886.0	-0.0177495176459761	SEQC	permutation	
3887.0	-0.027608814927467584	SEQC	permutation	
3888.0	-0.19090769735437885	SEQC	permutation	
3889.0	0.25391491468883487	SEQC	permutation	
3890.0	0.06338953946126269	SEQC	permutation	
3891.0	-0.22512240811647644	SEQC	permutation	
3892.0	-0.04873544429828325	SEQC	permutation	
3893.0	-0.039694960848495775	SEQC	permutation	
3894.0	-0.1539683023392442	SEQC	permutation	
3895.0	0.11467235217506966	SEQC	permutation	
3896.0	0.19552044350145792	SEQC	permutation	
3897.0	0.06097941392181294	SEQC	permutation	
3898.0	-0.011430678272766226	SEQC	permutation	
3899.0	-0.008658127574732166	SEQC	permutation	
3900.0	0.11628474345064888	SEQC	permutation	
3901.0	0.010597830430987276	SEQC	permutation	
3902.0	-0.06941652606397763	SEQC	permutation	
3903.0	-0.015092299746502835	SEQC	permutation	
3904.0	0.12413350542916524	SEQC	permutation	
3905.0	0.2770482128043965	SEQC	permutation	
3906.0	-0.10409197617266575	SEQC	permutation	
3907.0	0.18075451629323425	SEQC	permutation	
3908.0	0.092010763987318	SEQC	permutation	
3909.0	0.043495446222190814	SEQC	permutation	
3910.0	0.09609298726688786	SEQC	permutation	
3911.0	-0.02482509620109763	SEQC	permutation	
3912.0	-0.03728234835652877	SEQC	permutation	
3913.0	0.20585282272500205	SEQC	permutation	
3914.0	-0.07476874508775566	SEQC	permutation	
3915.0	-0.0395902404306252	SEQC	permutation	
3916.0	-0.13466830683033537	SEQC	permutation	
3917.0	-0.12876020362429763	SEQC	permutation	
3918.0	0.01182126113182047	SEQC	permutation	
3919.0	0.004406649694809417	SEQC	permutation	
3920.0	0.1924418679569393	SEQC	permutation	
3921.0	-0.034483535419449485	SEQC	permutation	
3922.0	-0.016623317861990117	SEQC	permutation	
3923.0	0.19542948147354	SEQC	permutation	
3924.0	0.014633533076877647	SEQC	permutation	
3925.0	0.09544426547274787	SEQC	permutation	
3926.0	-0.15403091948568015	SEQC	permutation	
3927.0	-0.11418320415814609	SEQC	permutation	
3928.0	-0.015306730825461301	SEQC	permutation	
3929.0	0.09074071384788107	SEQC	permutation	
3930.0	0.19803364833004178	SEQC	permutation	
3931.0	0.13672421084323272	SEQC	permutation	
3932.0	0.10655484335480736	SEQC	permutation	
3933.0	0.0647043041540818	SEQC	permutation	
3934.0	-0.13949599831305104	SEQC	permutation	
3935.0	-0.009553722797607911	SEQC	permutation	
3936.0	0.016702106610385403	SEQC	permutation	
3937.0	0.2673657029624792	SEQC	permutation	
3938.0	0.0007024582206023311	SEQC	permutation	
3939.0	0.10353799946390652	SEQC	permutation	
3940.0	-0.1365311401196374	SEQC	permutation	
3941.0	0.10540558783009502	SEQC	permutation	
3942.0	-0.05641139386004923	SEQC	permutation	
3943.0	0.0433120507393463	SEQC	permutation	
3944.0	0.06126215830445503	SEQC	permutation	
3945.0	-0.07310323902344695	SEQC	permutation	
3946.0	0.09810820079636917	SEQC	permutation	
3947.0	-0.023675026373355834	SEQC	permutation	
3948.0	0.040504937792182005	SEQC	permutation	
3949.0	-0.14886217721278427	SEQC	permutation	
3950.0	-0.1874818747507545	SEQC	permutation	
3951.0	0.028338202882332908	SEQC	permutation	
3952.0	-0.09154485762106068	SEQC	permutation	
3953.0	0.10977569476789428	SEQC	permutation	
3954.0	0.11351628580162698	SEQC	permutation	
3955.0	0.15156295461222635	SEQC	permutation	
3956.0	0.14610685556398595	SEQC	permutation	
3957.0	0.142857798889525	SEQC	permutation	
3958.0	-0.08135823378789153	SEQC	permutation	
3959.0	0.09967323720310262	SEQC	permutation	
3960.0	0.11399425035864841	SEQC	permutation	
3961.0	-0.07513542774625437	SEQC	permutation	
3962.0	0.015707378592362264	SEQC	permutation	
3963.0	-0.005513452915441697	SEQC	permutation	
3964.0	-0.10209690306082919	SEQC	permutation	
3965.0	0.006591069250782677	SEQC	permutation	
3966.0	0.1928095590342167	SEQC	permutation	
3967.0	0.02130261224120167	SEQC	permutation	
3968.0	-0.07111171925544468	SEQC	permutation	
3969.0	-0.10399397636090413	SEQC	permutation	
3970.0	0.02066118206891643	SEQC	permutation	
3971.0	-0.023982273621961703	SEQC	permutation	
3972.0	0.05717141696431671	SEQC	permutation	
3973.0	-0.007232216013338455	SEQC	permutation	
3974.0	-0.06895111763289963	SEQC	permutation	
3975.0	0.028501762668811104	SEQC	permutation	
3976.0	0.12542511742650575	SEQC	permutation	
3977.0	-0.08583986965950352	SEQC	permutation	
3978.0	0.04833794705661276	SEQC	permutation	
3979.0	-0.005804519791309026	SEQC	permutation	
3980.0	-0.040932443495436566	SEQC	permutation	
3981.0	-0.03310109605865108	SEQC	permutation	
3982.0	-0.08101927811039422	SEQC	permutation	
3983.0	0.1440371095695001	SEQC	permutation	
3984.0	0.01322636853459258	SEQC	permutation	
3985.0	0.12947048524980653	SEQC	permutation	
3986.0	0.18603585408210677	SEQC	permutation	
3987.0	-0.0797185528441311	SEQC	permutation	
3988.0	-0.16790832788586485	SEQC	permutation	
3989.0	0.2065252565309299	SEQC	permutation	
3990.0	0.1697668096644236	SEQC	permutation	
3991.0	0.12368229366280259	SEQC	permutation	
3992.0	0.2006192333659742	SEQC	permutation	
3993.0	-0.08674981372582335	SEQC	permutation	
3994.0	0.017744334327860045	SEQC	permutation	
3995.0	-0.02416806580988462	SEQC	permutation	
3996.0	0.08578864528240615	SEQC	permutation	
3997.0	-0.15291050487521352	SEQC	permutation	
3998.0	0.09958217961942628	SEQC	permutation	
3999.0	-0.044831139961827304	SEQC	permutation	
4000.0	-0.053435696670885324	SEQC	permutation	
4001.0	0.07276989006657253	SEQC	permutation	
4002.0	0.07183940069030115	SEQC	permutation	
4003.0	-0.047532040284162136	SEQC	permutation	
4004.0	-0.07903995357190752	SEQC	permutation	
4005.0	-0.22170620488185566	SEQC	permutation	
4006.0	0.16651697792772469	SEQC	permutation	
4007.0	-0.053484638225378855	SEQC	permutation	
4008.0	0.09079281567568298	SEQC	permutation	
4009.0	0.20473266111695976	SEQC	permutation	
4010.0	0.04007000117097492	SEQC	permutation	
4011.0	0.1412857707269648	SEQC	permutation	
4012.0	0.004133093502924456	SEQC	permutation	
4013.0	0.13413743246025467	SEQC	permutation	
4014.0	0.2047649377127323	SEQC	permutation	
4015.0	0.020195068767203228	SEQC	permutation	
4016.0	0.022529603769860795	SEQC	permutation	
4017.0	0.05009649583678577	SEQC	permutation	
4018.0	-0.09031744112246498	SEQC	permutation	
4019.0	0.11270138203886493	SEQC	permutation	
4020.0	0.09128194353931107	SEQC	permutation	
4021.0	-0.005381688014141073	SEQC	permutation	
4022.0	-0.0840549542674296	SEQC	permutation	
4023.0	0.12650618949270553	SEQC	permutation	
4024.0	0.15912186120148553	SEQC	permutation	
4025.0	-0.11245083994004101	SEQC	permutation	
4026.0	-0.11704157186493447	SEQC	permutation	
4027.0	0.014453713457907913	SEQC	permutation	
4028.0	0.09386579216707558	SEQC	permutation	
4029.0	0.0033920507576929992	SEQC	permutation	
4030.0	0.062136668458710353	SEQC	permutation	
4031.0	-0.014572978651891777	SEQC	permutation	
4032.0	0.05632510896763643	SEQC	permutation	
4033.0	0.0454491544290776	SEQC	permutation	
4034.0	0.17016795316313438	SEQC	permutation	
4035.0	0.07101376937585968	SEQC	permutation	
4036.0	-0.11284549060714966	SEQC	permutation	
4037.0	-0.03233834431370264	SEQC	permutation	
4038.0	-0.0501562470946566	SEQC	permutation	
4039.0	-0.1133147578626974	SEQC	permutation	
4040.0	-0.0015206004443926169	SEQC	permutation	
4041.0	-0.0064653562579359836	SEQC	permutation	
4042.0	0.0363817075709334	SEQC	permutation	
4043.0	-0.11533848221318754	SEQC	permutation	
4044.0	0.11864070361983448	SEQC	permutation	
4045.0	0.013826461441806437	SEQC	permutation	
4046.0	-0.06891384008678214	SEQC	permutation	
4047.0	0.16689586035914905	SEQC	permutation	
4048.0	-0.01876423393414184	SEQC	permutation	
4049.0	0.05109629498355428	SEQC	permutation	
4050.0	0.20537779048307003	SEQC	permutation	
4051.0	0.0985894628245183	SEQC	permutation	
4052.0	0.17343978554044392	SEQC	permutation	
4053.0	-0.12124609092075378	SEQC	permutation	
4054.0	0.0910741456931854	SEQC	permutation	
4055.0	-0.1795094604030254	SEQC	permutation	
4056.0	-0.1023594945454156	SEQC	permutation	
4057.0	-0.14946691081510677	SEQC	permutation	
4058.0	0.10113249271189195	SEQC	permutation	
4059.0	0.006828428081184779	SEQC	permutation	
4060.0	0.05627442062891097	SEQC	permutation	
4061.0	-0.18317743017615928	SEQC	permutation	
4062.0	0.04693591423746968	SEQC	permutation	
4063.0	0.017570720059442824	SEQC	permutation	
4064.0	0.03924905944332302	SEQC	permutation	
4065.0	-0.14886020206890782	SEQC	permutation	
4066.0	0.08487470022744414	SEQC	permutation	
4067.0	-0.09505883559101269	SEQC	permutation	
4068.0	-0.05280675224163067	SEQC	permutation	
4069.0	-0.10858081090319072	SEQC	permutation	
4070.0	-0.022906487884882143	SEQC	permutation	
4071.0	-0.014708248867643547	SEQC	permutation	
4072.0	-0.0503407241837035	SEQC	permutation	
4073.0	0.061557052510957444	SEQC	permutation	
4074.0	-0.011860913680379781	SEQC	permutation	
4075.0	0.252497946827142	SEQC	permutation	
4076.0	-0.05534504962230846	SEQC	permutation	
4077.0	-0.1654384014217185	SEQC	permutation	
4078.0	-0.05842982995430068	SEQC	permutation	
4079.0	0.05306280379441741	SEQC	permutation	
4080.0	0.10210726097046186	SEQC	permutation	
4081.0	0.033813399463245464	SEQC	permutation	
4082.0	-0.06922909906259411	SEQC	permutation	
4083.0	0.010748868060790784	SEQC	permutation	
4084.0	-0.10401310718646739	SEQC	permutation	
4085.0	0.03963207849172923	SEQC	permutation	
4086.0	0.017153116978338545	SEQC	permutation	
4087.0	-0.15854737625216542	SEQC	permutation	
4088.0	0.005901967761822391	SEQC	permutation	
4089.0	0.012234678322673886	SEQC	permutation	
4090.0	0.049673903416737275	SEQC	permutation	
4091.0	0.1736611588941921	SEQC	permutation	
4092.0	-0.08272419754008098	SEQC	permutation	
4093.0	-0.1696169801865799	SEQC	permutation	
4094.0	-0.16162616288414355	SEQC	permutation	
4095.0	-0.07332774152159605	SEQC	permutation	
4096.0	-0.16786783803126504	SEQC	permutation	
4097.0	0.0495668965193361	SEQC	permutation	
4098.0	-0.051933558517819556	SEQC	permutation	
4099.0	-0.03135246308842454	SEQC	permutation	
4100.0	-0.01642495635308361	SEQC	permutation	
4101.0	-0.1312788130171274	SEQC	permutation	
4102.0	0.03138005352948525	SEQC	permutation	
4103.0	0.11608639199200388	SEQC	permutation	
4104.0	-0.058360651819846066	SEQC	permutation	
4105.0	0.11905262625709012	SEQC	permutation	
4106.0	0.12227216688712428	SEQC	permutation	
4107.0	-0.06350742187447755	SEQC	permutation	
4108.0	-0.09084910106115807	SEQC	permutation	
4109.0	0.06310022871697507	SEQC	permutation	
4110.0	-0.07196453564710614	SEQC	permutation	
4111.0	-0.04946169615593288	SEQC	permutation	
4112.0	0.18632108453513618	SEQC	permutation	
4113.0	0.018672881296557087	SEQC	permutation	
4114.0	-0.31865479985772627	SEQC	permutation	
4115.0	0.0476420119994061	SEQC	permutation	
4116.0	-0.06416707594764226	SEQC	permutation	
4117.0	0.057856139930249295	SEQC	permutation	
4118.0	0.10306802405595183	SEQC	permutation	
4119.0	-0.047452220760258346	SEQC	permutation	
4120.0	-0.10765398785228619	SEQC	permutation	
4121.0	0.02081492694365572	SEQC	permutation	
4122.0	0.21632238404264736	SEQC	permutation	
4123.0	0.1108777874372584	SEQC	permutation	
4124.0	0.06754762843899309	SEQC	permutation	
4125.0	-0.06195852116408895	SEQC	permutation	
4126.0	-0.08981821041877724	SEQC	permutation	
4127.0	0.0740978472964362	SEQC	permutation	
4128.0	0.01777360223554414	SEQC	permutation	
4129.0	-0.057886755992833105	SEQC	permutation	
4130.0	0.044000984419011235	SEQC	permutation	
4131.0	0.14057221812779996	SEQC	permutation	
4132.0	0.00955021418989288	SEQC	permutation	
4133.0	-0.052188279791748116	SEQC	permutation	
4134.0	-0.01340680527023519	SEQC	permutation	
4135.0	-0.023942913235261987	SEQC	permutation	
4136.0	-0.0015223345407044953	SEQC	permutation	
4137.0	0.0424703642601032	SEQC	permutation	
4138.0	0.09768897687506195	SEQC	permutation	
4139.0	0.1557651048470885	SEQC	permutation	
4140.0	0.10667696738944343	SEQC	permutation	
4141.0	0.059851976995056955	SEQC	permutation	
4142.0	0.048688991948844684	SEQC	permutation	
4143.0	0.03413099859205193	SEQC	permutation	
4144.0	0.20410392090845253	SEQC	permutation	
4145.0	0.11447752199488415	SEQC	permutation	
4146.0	-0.029012292536732875	SEQC	permutation	
4147.0	-0.01029615373179249	SEQC	permutation	
4148.0	0.013569458486354158	SEQC	permutation	
4149.0	0.04131627615448519	SEQC	permutation	
4150.0	0.23221255476742453	SEQC	permutation	
4151.0	-0.12592121243718601	SEQC	permutation	
4152.0	-0.14184458652122167	SEQC	permutation	
4153.0	-0.11271547377815772	SEQC	permutation	
4154.0	-0.0644986139619177	SEQC	permutation	
4155.0	-0.017500964279204112	SEQC	permutation	
4156.0	0.031081347998040076	SEQC	permutation	
4157.0	-0.13213223961950593	SEQC	permutation	
4158.0	0.087311677916313	SEQC	permutation	
4159.0	-0.17284326828588092	SEQC	permutation	
4160.0	0.0989309276855539	SEQC	permutation	
4161.0	0.055085999970489574	SEQC	permutation	
4162.0	0.07388470139443282	SEQC	permutation	
4163.0	-0.02806355411745365	SEQC	permutation	
4164.0	0.05342839472606142	SEQC	permutation	
4165.0	-0.01590018711168195	SEQC	permutation	
4166.0	-0.061347571031884485	SEQC	permutation	
4167.0	-0.09133791357061272	SEQC	permutation	
4168.0	-0.11081556820836047	SEQC	permutation	
4169.0	0.017995668879216886	SEQC	permutation	
4170.0	0.2959218232947567	SEQC	permutation	
4171.0	0.09613503246310673	SEQC	permutation	
4172.0	0.12999657705384848	SEQC	permutation	
4173.0	0.046599319249596594	SEQC	permutation	
4174.0	0.0030343734804318956	SEQC	permutation	
4175.0	0.05358465906861687	SEQC	permutation	
4176.0	-0.07141292082985062	SEQC	permutation	
4177.0	0.05842131333406497	SEQC	permutation	
4178.0	-0.07379955125262105	SEQC	permutation	
4179.0	0.17116238033865505	SEQC	permutation	
4180.0	-0.15086437582309475	SEQC	permutation	
4181.0	-0.07280502593884153	SEQC	permutation	
4182.0	-0.2087155384292143	SEQC	permutation	
4183.0	0.12838660183232387	SEQC	permutation	
4184.0	0.12322096603674604	SEQC	permutation	
4185.0	0.03978928133679638	SEQC	permutation	
4186.0	0.17957492937960629	SEQC	permutation	
4187.0	-0.16925514088704974	SEQC	permutation	
4188.0	0.03540064048811731	SEQC	permutation	
4189.0	0.24168858211657884	SEQC	permutation	
4190.0	-0.02779345121521759	SEQC	permutation	
4191.0	-0.0463854695423791	SEQC	permutation	
4192.0	0.09206878028644372	SEQC	permutation	
4193.0	0.1743814293618251	SEQC	permutation	
4194.0	-0.033747741939634146	SEQC	permutation	
4195.0	0.22832970972558053	SEQC	permutation	
4196.0	0.18811193422389882	SEQC	permutation	
4197.0	-0.00030144574902690735	SEQC	permutation	
4198.0	0.0889404367631883	SEQC	permutation	
4199.0	-0.00944845422068763	SEQC	permutation	
4200.0	0.005436355311962959	SEQC	permutation	
4201.0	0.05204795866283529	SEQC	permutation	
4202.0	-0.09701202002153009	SEQC	permutation	
4203.0	0.04228716082059769	SEQC	permutation	
4204.0	0.03101855721345448	SEQC	permutation	
4205.0	-0.15797454937995958	SEQC	permutation	
4206.0	0.20227399496304788	SEQC	permutation	
4207.0	0.07094777204523517	SEQC	permutation	
4208.0	-0.03508958545325802	SEQC	permutation	
4209.0	-0.15557891901050347	SEQC	permutation	
4210.0	0.16295348948259392	SEQC	permutation	
4211.0	0.12002877422492952	SEQC	permutation	
4212.0	0.041049650180446484	SEQC	permutation	
4213.0	0.09984570161919759	SEQC	permutation	
4214.0	0.09598319028857727	SEQC	permutation	
4215.0	0.004256657584418733	SEQC	permutation	
4216.0	-0.06339906675863327	SEQC	permutation	
4217.0	0.039599160417520096	SEQC	permutation	
4218.0	0.1345020742766132	SEQC	permutation	
4219.0	0.028714244926782317	SEQC	permutation	
4220.0	0.0825467719185009	SEQC	permutation	
4221.0	0.09157976321506034	SEQC	permutation	
4222.0	-0.051195171601929435	SEQC	permutation	
4223.0	0.13292319222580717	SEQC	permutation	
4224.0	0.03184549474477594	SEQC	permutation	
4225.0	-0.14205061549315978	SEQC	permutation	
4226.0	0.21270937289515368	SEQC	permutation	
4227.0	0.0320743702014199	SEQC	permutation	
4228.0	0.03398090145912125	SEQC	permutation	
4229.0	0.06635082405214376	SEQC	permutation	
4230.0	0.007971160301463165	SEQC	permutation	
4231.0	0.17456980493411178	SEQC	permutation	
4232.0	-0.16779943678485587	SEQC	permutation	
4233.0	-0.015535545933086592	SEQC	permutation	
4234.0	0.06250961343946226	SEQC	permutation	
4235.0	-0.03176691262447218	SEQC	permutation	
4236.0	-0.022576422513427286	SEQC	permutation	
4237.0	-0.028527614258460954	SEQC	permutation	
4238.0	-0.10269994591824938	SEQC	permutation	
4239.0	-0.03588008848893631	SEQC	permutation	
4240.0	-0.018896546572570116	SEQC	permutation	
4241.0	0.20142765269396667	SEQC	permutation	
4242.0	-0.04470554800340887	SEQC	permutation	
4243.0	0.06456162975560131	SEQC	permutation	
4244.0	-0.018055348536594185	SEQC	permutation	
4245.0	-0.05625928042408779	SEQC	permutation	
4246.0	0.049982922921920636	SEQC	permutation	
4247.0	0.024510719613849652	SEQC	permutation	
4248.0	-0.011858794594409527	SEQC	permutation	
4249.0	-0.11316494920796494	SEQC	permutation	
4250.0	0.22257578023011915	SEQC	permutation	
4251.0	0.008317998967031226	SEQC	permutation	
4252.0	0.31133569652579407	SEQC	permutation	
4253.0	0.04454284053883706	SEQC	permutation	
4254.0	0.08243049973819483	SEQC	permutation	
4255.0	-0.1134750131092197	SEQC	permutation	
4256.0	0.09608941796025094	SEQC	permutation	
4257.0	0.16467434709802564	SEQC	permutation	
4258.0	0.05117921955328564	SEQC	permutation	
4259.0	0.2127497995801657	SEQC	permutation	
4260.0	-0.14224442010022909	SEQC	permutation	
4261.0	0.20120870465282392	SEQC	permutation	
4262.0	-0.13220348697050932	SEQC	permutation	
4263.0	0.059891931990405656	SEQC	permutation	
4264.0	-0.0878289441529394	SEQC	permutation	
4265.0	0.09065524166447725	SEQC	permutation	
4266.0	0.06821765435481053	SEQC	permutation	
4267.0	-0.09891600339129969	SEQC	permutation	
4268.0	-0.03258612455380927	SEQC	permutation	
4269.0	0.04177211386321744	SEQC	permutation	
4270.0	0.13919465118963137	SEQC	permutation	
4271.0	-0.12856901494242967	SEQC	permutation	
4272.0	0.14675371273896465	SEQC	permutation	
4273.0	0.07531472957177554	SEQC	permutation	
4274.0	-0.01988334990088436	SEQC	permutation	
4275.0	-0.08487486543121969	SEQC	permutation	
4276.0	-0.15908112359221027	SEQC	permutation	
4277.0	0.047758726003296115	SEQC	permutation	
4278.0	-0.2353840544436383	SEQC	permutation	
4279.0	0.08789971986307954	SEQC	permutation	
4280.0	-0.04476589368182671	SEQC	permutation	
4281.0	-0.13571672231225262	SEQC	permutation	
4282.0	-0.051252102712089354	SEQC	permutation	
4283.0	0.06622104924150296	SEQC	permutation	
4284.0	0.045314888083808125	SEQC	permutation	
4285.0	0.11341007555257354	SEQC	permutation	
4286.0	0.04252580209777168	SEQC	permutation	
4287.0	-0.05314081776172275	SEQC	permutation	
4288.0	-0.01094620499613086	SEQC	permutation	
4289.0	-0.039094707739764534	SEQC	permutation	
4290.0	0.17507351124922277	SEQC	permutation	
4291.0	-0.09818414472888914	SEQC	permutation	
4292.0	-0.2485526948567549	SEQC	permutation	
4293.0	0.003676524335366693	SEQC	permutation	
4294.0	0.04537770469403268	SEQC	permutation	
4295.0	-0.009351268221065911	SEQC	permutation	
4296.0	0.08308992006145743	SEQC	permutation	
4297.0	-0.09713984612234139	SEQC	permutation	
4298.0	0.0765407063068384	SEQC	permutation	
4299.0	0.14305824944375845	SEQC	permutation	
4300.0	-0.27151776801037064	SEQC	permutation	
4301.0	0.1076806928805607	SEQC	permutation	
4302.0	0.009027111122749787	SEQC	permutation	
4303.0	-0.044520352456603796	SEQC	permutation	
4304.0	-0.12488471383396371	SEQC	permutation	
4305.0	-0.16404565164631357	SEQC	permutation	
4306.0	0.001274549637691802	SEQC	permutation	
4307.0	-0.044600308105655184	SEQC	permutation	
4308.0	-0.13556329386603538	SEQC	permutation	
4309.0	0.0018150577754183495	SEQC	permutation	
4310.0	0.19080124682770405	SEQC	permutation	
4311.0	0.006721864414123591	SEQC	permutation	
4312.0	0.16603087363792968	SEQC	permutation	
4313.0	0.13466791822288737	SEQC	permutation	
4314.0	0.09513184901185978	SEQC	permutation	
4315.0	0.07812590721419577	SEQC	permutation	
4316.0	-0.05024079830594408	SEQC	permutation	
4317.0	-0.03312781915510321	SEQC	permutation	
4318.0	0.1288366114530648	SEQC	permutation	
4319.0	0.06944001455840176	SEQC	permutation	
4320.0	0.0263496445331195	SEQC	permutation	
4321.0	0.1881121864860913	SEQC	permutation	
4322.0	0.001041395390772415	SEQC	permutation	
4323.0	-0.07033629639129568	SEQC	permutation	
4324.0	0.09336063125890215	SEQC	permutation	
4325.0	0.07606466020991487	SEQC	permutation	
4326.0	-0.14193044550157685	SEQC	permutation	
4327.0	-0.0919620839355546	SEQC	permutation	
4328.0	-0.08645352467806644	SEQC	permutation	
4329.0	-0.05812483162443138	SEQC	permutation	
4330.0	0.19025587794862275	SEQC	permutation	
4331.0	0.13570730377615403	SEQC	permutation	
4332.0	0.30582321813147617	SEQC	permutation	
4333.0	0.030818492104178752	SEQC	permutation	
4334.0	0.06029716632576054	SEQC	permutation	
4335.0	0.0030278110118469037	SEQC	permutation	
4336.0	0.06860077226585659	SEQC	permutation	
4337.0	0.06387111255972622	SEQC	permutation	
4338.0	-0.009779744524844425	SEQC	permutation	
4339.0	0.1295261241794794	SEQC	permutation	
4340.0	0.10623544868199497	SEQC	permutation	
4341.0	0.06685185703255359	SEQC	permutation	
4342.0	-0.024892774639245996	SEQC	permutation	
4343.0	-0.09058369855578174	SEQC	permutation	
4344.0	0.05333642373602432	SEQC	permutation	
4345.0	-0.022103329763706547	SEQC	permutation	
4346.0	0.20296750769058391	SEQC	permutation	
4347.0	-0.04299075133655128	SEQC	permutation	
4348.0	-0.006729222183934791	SEQC	permutation	
4349.0	0.03437982638184556	SEQC	permutation	
4350.0	0.33107813954308307	SEQC	permutation	
4351.0	0.12710336881987194	SEQC	permutation	
4352.0	0.21408277964023714	SEQC	permutation	
4353.0	-0.03926984701698766	SEQC	permutation	
4354.0	0.033495748387858626	SEQC	permutation	
4355.0	0.169623748587159	SEQC	permutation	
4356.0	0.06330306248061834	SEQC	permutation	
4357.0	-0.04284041951180706	SEQC	permutation	
4358.0	0.023939557469048633	SEQC	permutation	
4359.0	0.09812436214423048	SEQC	permutation	
4360.0	0.08889905057812442	SEQC	permutation	
4361.0	-0.20736472872253842	SEQC	permutation	
4362.0	-0.08949865807140656	SEQC	permutation	
4363.0	0.0542613078579679	SEQC	permutation	
4364.0	0.014961483135971676	SEQC	permutation	
4365.0	-0.0998115433934017	SEQC	permutation	
4366.0	-0.026271748936368855	SEQC	permutation	
4367.0	-0.03460397017396	SEQC	permutation	
4368.0	0.178509624244942	SEQC	permutation	
4369.0	0.08591228547521412	SEQC	permutation	
4370.0	-0.14283945521048524	SEQC	permutation	
4371.0	0.20684474757596405	SEQC	permutation	
4372.0	0.10455841380762765	SEQC	permutation	
4373.0	0.14533714762300942	SEQC	permutation	
4374.0	-0.1753565012219762	SEQC	permutation	
4375.0	0.12361562514542257	SEQC	permutation	
4376.0	0.008352419122006793	SEQC	permutation	
4377.0	-0.002912500112420169	SEQC	permutation	
4378.0	0.08792522364191946	SEQC	permutation	
4379.0	-0.08387904831074211	SEQC	permutation	
4380.0	-0.21623232671535542	SEQC	permutation	
4381.0	-0.07880223883717097	SEQC	permutation	
4382.0	-0.027363311643186172	SEQC	permutation	
4383.0	-0.11533950939891602	SEQC	permutation	
4384.0	0.04138369918485285	SEQC	permutation	
4385.0	0.044163053938442776	SEQC	permutation	
4386.0	-0.19121311838731003	SEQC	permutation	
4387.0	-0.05966949952406342	SEQC	permutation	
4388.0	-0.07267854996458967	SEQC	permutation	
4389.0	-0.10632636264222306	SEQC	permutation	
4390.0	-0.10833082010696815	SEQC	permutation	
4391.0	-0.01791740462620739	SEQC	permutation	
4392.0	-0.02130657775769551	SEQC	permutation	
4393.0	0.13328064908324855	SEQC	permutation	
4394.0	-0.017799440168293934	SEQC	permutation	
4395.0	0.13615189372273617	SEQC	permutation	
4396.0	-0.010042600925940004	SEQC	permutation	
4397.0	-0.10034082224042296	SEQC	permutation	
4398.0	0.1521734268157493	SEQC	permutation	
4399.0	0.14965545861350238	SEQC	permutation	
4400.0	-0.04037967738443182	SEQC	permutation	
4401.0	0.031786517620534305	SEQC	permutation	
4402.0	0.1609425003882765	SEQC	permutation	
4403.0	-0.050348516148738476	SEQC	permutation	
4404.0	-0.13970108704425277	SEQC	permutation	
4405.0	0.2530508807400751	SEQC	permutation	
4406.0	0.10253249583636181	SEQC	permutation	
4407.0	-0.10992297165011466	SEQC	permutation	
4408.0	0.014532413171654657	SEQC	permutation	
4409.0	0.10300258453029798	SEQC	permutation	
4410.0	0.05377483074578526	SEQC	permutation	
4411.0	-0.12014724452052183	SEQC	permutation	
4412.0	-0.10652438457507918	SEQC	permutation	
4413.0	0.07345668729421062	SEQC	permutation	
4414.0	0.18927736574630005	SEQC	permutation	
4415.0	0.05802659481137917	SEQC	permutation	
4416.0	-0.042800802490453815	SEQC	permutation	
4417.0	0.07068236057052912	SEQC	permutation	
4418.0	0.09581902907109408	SEQC	permutation	
4419.0	0.04383443269564635	SEQC	permutation	
4420.0	-0.12859322828257858	SEQC	permutation	
4421.0	0.11861816785017743	SEQC	permutation	
4422.0	0.06949047003395004	SEQC	permutation	
4423.0	0.08878037207547029	SEQC	permutation	
4424.0	0.03612748804314192	SEQC	permutation	
4425.0	-0.02905797240584862	SEQC	permutation	
4426.0	0.13481534113458382	SEQC	permutation	
4427.0	0.058320036066711545	SEQC	permutation	
4428.0	-0.030757697589355537	SEQC	permutation	
4429.0	0.08872728242268924	SEQC	permutation	
4430.0	-0.06321622859456166	SEQC	permutation	
4431.0	0.052723046375203975	SEQC	permutation	
4432.0	-0.128233140554181	SEQC	permutation	
4433.0	0.11916413717158303	SEQC	permutation	
4434.0	0.03048453004711371	SEQC	permutation	
4435.0	-0.052642239792948686	SEQC	permutation	
4436.0	-0.06014028392512971	SEQC	permutation	
4437.0	0.0371265828013545	SEQC	permutation	
4438.0	-0.07514037151769326	SEQC	permutation	
4439.0	0.1019957976681014	SEQC	permutation	
4440.0	0.04504541825250685	SEQC	permutation	
4441.0	-0.07581064419089856	SEQC	permutation	
4442.0	0.05861651518244626	SEQC	permutation	
4443.0	0.05358450521086633	SEQC	permutation	
4444.0	0.020580525013816242	SEQC	permutation	
4445.0	-0.08463173152409587	SEQC	permutation	
4446.0	0.03699919304996069	SEQC	permutation	
4447.0	-0.0009841241017869429	SEQC	permutation	
4448.0	0.029301781765904256	SEQC	permutation	
4449.0	0.017585231717579752	SEQC	permutation	
4450.0	0.17633416722957396	SEQC	permutation	
4451.0	0.05299592422949351	SEQC	permutation	
4452.0	0.10761869460346762	SEQC	permutation	
4453.0	0.08492457720654123	SEQC	permutation	
4454.0	-0.022710707929033624	SEQC	permutation	
4455.0	-0.13552856497259258	SEQC	permutation	
4456.0	-0.12712745888109023	SEQC	permutation	
4457.0	-0.10422507865312935	SEQC	permutation	
4458.0	0.06624118209604779	SEQC	permutation	
4459.0	0.04821199194066539	SEQC	permutation	
4460.0	-0.23324102534326085	SEQC	permutation	
4461.0	0.14530208177996062	SEQC	permutation	
4462.0	-0.051914457557621585	SEQC	permutation	
4463.0	-0.00794435262528248	SEQC	permutation	
4464.0	-0.03821043490282472	SEQC	permutation	
4465.0	-0.044275398183736936	SEQC	permutation	
4466.0	0.12324328443086774	SEQC	permutation	
4467.0	-0.13722871005310244	SEQC	permutation	
4468.0	0.11912007595422436	SEQC	permutation	
4469.0	0.16124087194323922	SEQC	permutation	
4470.0	0.08897049335997398	SEQC	permutation	
4471.0	-0.22612885617072953	SEQC	permutation	
4472.0	-0.05280759202133867	SEQC	permutation	
4473.0	0.140340771209436	SEQC	permutation	
4474.0	0.055235160283344076	SEQC	permutation	
4475.0	-0.047711630591774856	SEQC	permutation	
4476.0	0.09467836958427389	SEQC	permutation	
4477.0	-0.09381488345650668	SEQC	permutation	
4478.0	0.1133932678503089	SEQC	permutation	
4479.0	-0.10396474888531859	SEQC	permutation	
4480.0	-0.1990418726139862	SEQC	permutation	
4481.0	-0.03195956901040331	SEQC	permutation	
4482.0	-0.04251388845734905	SEQC	permutation	
4483.0	0.057681691074083385	SEQC	permutation	
4484.0	0.005771050342172401	SEQC	permutation	
4485.0	0.1338886076587129	SEQC	permutation	
4486.0	0.08296992856600305	SEQC	permutation	
4487.0	0.062429203941313016	SEQC	permutation	
4488.0	0.008254375320021268	SEQC	permutation	
4489.0	0.20962484361909128	SEQC	permutation	
4490.0	-0.003846101097907617	SEQC	permutation	
4491.0	-0.005557264628346825	SEQC	permutation	
4492.0	-0.1151454310439819	SEQC	permutation	
4493.0	-0.08570770891921775	SEQC	permutation	
4494.0	0.01876420578494553	SEQC	permutation	
4495.0	0.05106474286993423	SEQC	permutation	
4496.0	-0.11148151314814037	SEQC	permutation	
4497.0	0.013382770454503756	SEQC	permutation	
4498.0	-0.03132340886816243	SEQC	permutation	
4499.0	0.039015639180669304	SEQC	permutation	
4500.0	0.02236114851218085	SEQC	permutation	
4501.0	0.0009702041308887743	SEQC	permutation	
4502.0	0.21005804802084516	SEQC	permutation	
4503.0	-0.07182614882380856	SEQC	permutation	
4504.0	-0.02707649259745981	SEQC	permutation	
4505.0	-0.1457530918216987	SEQC	permutation	
4506.0	0.08662187357412199	SEQC	permutation	
4507.0	-0.05349477018984228	SEQC	permutation	
4508.0	-0.12584312606025838	SEQC	permutation	
4509.0	0.013470539467156595	SEQC	permutation	
4510.0	-0.04617375683425262	SEQC	permutation	
4511.0	-0.03833501238403958	SEQC	permutation	
4512.0	0.053954375012363	SEQC	permutation	
4513.0	0.020369148468675657	SEQC	permutation	
4514.0	0.02678642252719543	SEQC	permutation	
4515.0	-0.10931631407890086	SEQC	permutation	
4516.0	0.03488545412626731	SEQC	permutation	
4517.0	-0.05108982314680022	SEQC	permutation	
4518.0	0.02686941281597699	SEQC	permutation	
4519.0	0.09432692823653444	SEQC	permutation	
4520.0	-0.1132298306103765	SEQC	permutation	
4521.0	-0.010111437634666487	SEQC	permutation	
4522.0	-0.11668896410674501	SEQC	permutation	
4523.0	-0.08638628153528405	SEQC	permutation	
4524.0	-0.13544739637677417	SEQC	permutation	
4525.0	-0.011441551779223236	SEQC	permutation	
4526.0	0.11616634225631417	SEQC	permutation	
4527.0	-0.12943632444281317	SEQC	permutation	
4528.0	-0.2515817747336788	SEQC	permutation	
4529.0	-0.009201589582851888	SEQC	permutation	
4530.0	-0.010021139872625096	SEQC	permutation	
4531.0	0.11046436985611807	SEQC	permutation	
4532.0	-0.1558544060819318	SEQC	permutation	
4533.0	-0.050985459802753486	SEQC	permutation	
4534.0	0.18400399188413896	SEQC	permutation	
4535.0	-0.009004380467091622	SEQC	permutation	
4536.0	0.06711861000445518	SEQC	permutation	
4537.0	-0.10551902824019876	SEQC	permutation	
4538.0	-0.08699934156354816	SEQC	permutation	
4539.0	0.05870726746118926	SEQC	permutation	
4540.0	-0.11132730123274781	SEQC	permutation	
4541.0	0.008488238442020624	SEQC	permutation	
4542.0	-0.1162549851730037	SEQC	permutation	
4543.0	0.028902458869312753	SEQC	permutation	
4544.0	-0.05647229692374678	SEQC	permutation	
4545.0	0.08520391542755279	SEQC	permutation	
4546.0	0.07945894691369526	SEQC	permutation	
4547.0	-0.09023007722315457	SEQC	permutation	
4548.0	0.0800958213366636	SEQC	permutation	
4549.0	-0.05061639600475498	SEQC	permutation	
4550.0	0.020908524059962463	SEQC	permutation	
4551.0	0.08607749567560452	SEQC	permutation	
4552.0	0.09132411332420354	SEQC	permutation	
4553.0	-0.14640102090926987	SEQC	permutation	
4554.0	0.10612482285554581	SEQC	permutation	
4555.0	0.08904414402987637	SEQC	permutation	
4556.0	-0.13967469526783605	SEQC	permutation	
4557.0	0.20043755434954935	SEQC	permutation	
4558.0	-0.13721525475855767	SEQC	permutation	
4559.0	-0.059079506707423235	SEQC	permutation	
4560.0	0.04158211832614889	SEQC	permutation	
4561.0	0.15752467721873264	SEQC	permutation	
4562.0	-0.1685264375424671	SEQC	permutation	
4563.0	0.12056760135539957	SEQC	permutation	
4564.0	-0.04364086095935038	SEQC	permutation	
4565.0	0.15953729174087572	SEQC	permutation	
4566.0	-0.04069869879052623	SEQC	permutation	
4567.0	0.14051734882377165	SEQC	permutation	
4568.0	-0.020235156054509762	SEQC	permutation	
4569.0	0.11840317258699384	SEQC	permutation	
4570.0	0.041967271793502015	SEQC	permutation	
4571.0	0.033353039347712166	SEQC	permutation	
4572.0	0.14181076371857992	SEQC	permutation	
4573.0	0.08062060945648764	SEQC	permutation	
4574.0	0.1626467043847848	SEQC	permutation	
4575.0	-0.08320859049290741	SEQC	permutation	
4576.0	0.1806468776307102	SEQC	permutation	
4577.0	0.11140391584528819	SEQC	permutation	
4578.0	0.20930925488440444	SEQC	permutation	
4579.0	0.08229579988615088	SEQC	permutation	
4580.0	-0.026217870124508824	SEQC	permutation	
4581.0	0.22776708233935317	SEQC	permutation	
4582.0	0.09717590781029717	SEQC	permutation	
4583.0	-0.02534688825968745	SEQC	permutation	
4584.0	-0.02148735659511436	SEQC	permutation	
4585.0	-0.010367286676620235	SEQC	permutation	
4586.0	0.20786208035160003	SEQC	permutation	
4587.0	-0.1893895683062108	SEQC	permutation	
4588.0	0.006029008938417846	SEQC	permutation	
4589.0	0.018862487260537186	SEQC	permutation	
4590.0	0.10630476616975804	SEQC	permutation	
4591.0	0.026513721639015664	SEQC	permutation	
4592.0	-0.01864651162328501	SEQC	permutation	
4593.0	-0.016829495519304682	SEQC	permutation	
4594.0	0.26984004747116197	SEQC	permutation	
4595.0	0.05219292947193699	SEQC	permutation	
4596.0	-0.04031206677069932	SEQC	permutation	
4597.0	0.11996897446215726	SEQC	permutation	
4598.0	0.01439961542163326	SEQC	permutation	
4599.0	0.08236058941192637	SEQC	permutation	
4600.0	-0.0881752152508044	SEQC	permutation	
4601.0	-0.19003746459063509	SEQC	permutation	
4602.0	-0.09090716057599835	SEQC	permutation	
4603.0	0.1265107414153781	SEQC	permutation	
4604.0	0.07751467535411516	SEQC	permutation	
4605.0	0.07924708501173594	SEQC	permutation	
4606.0	-0.02314798492565906	SEQC	permutation	
4607.0	0.11122791379378416	SEQC	permutation	
4608.0	0.046148791963125824	SEQC	permutation	
4609.0	0.23387560474317715	SEQC	permutation	
4610.0	-0.010024484221467844	SEQC	permutation	
4611.0	0.04804330256082512	SEQC	permutation	
4612.0	-0.14344352103268942	SEQC	permutation	
4613.0	-0.04248454585252093	SEQC	permutation	
4614.0	-0.20025447157623644	SEQC	permutation	
4615.0	0.01993928395980671	SEQC	permutation	
4616.0	-0.008904292881324771	SEQC	permutation	
4617.0	0.09973456203523545	SEQC	permutation	
4618.0	0.11111067644548145	SEQC	permutation	
4619.0	0.07345470565738355	SEQC	permutation	
4620.0	0.05640719978877806	SEQC	permutation	
4621.0	-0.08893445254768872	SEQC	permutation	
4622.0	-0.01582790964276004	SEQC	permutation	
4623.0	-0.049378957127687695	SEQC	permutation	
4624.0	-0.11652509838598357	SEQC	permutation	
4625.0	0.004634912870615793	SEQC	permutation	
4626.0	-0.06048880398557044	SEQC	permutation	
4627.0	0.037502615651486604	SEQC	permutation	
4628.0	-0.11520328389732715	SEQC	permutation	
4629.0	-0.0368517574250955	SEQC	permutation	
4630.0	0.05981114858194614	SEQC	permutation	
4631.0	0.046899517722974515	SEQC	permutation	
4632.0	-0.039694082020381494	SEQC	permutation	
4633.0	0.06935628530794391	SEQC	permutation	
4634.0	0.14589091416596212	SEQC	permutation	
4635.0	-0.03442122477935783	SEQC	permutation	
4636.0	-0.09897233226952729	SEQC	permutation	
4637.0	0.10569640810143976	SEQC	permutation	
4638.0	-0.13621994690318884	SEQC	permutation	
4639.0	0.17945461664378826	SEQC	permutation	
4640.0	0.12540319870435912	SEQC	permutation	
4641.0	0.034123164878332	SEQC	permutation	
4642.0	0.20511591148694652	SEQC	permutation	
4643.0	-0.02443787434270117	SEQC	permutation	
4644.0	-0.03174510428452759	SEQC	permutation	
4645.0	-0.06304222450642438	SEQC	permutation	
4646.0	0.19168928187005818	SEQC	permutation	
4647.0	0.08224879261919327	SEQC	permutation	
4648.0	-0.042439145319157934	SEQC	permutation	
4649.0	0.05290912754481747	SEQC	permutation	
4650.0	0.05775673205555654	SEQC	permutation	
4651.0	0.023139318518728746	SEQC	permutation	
4652.0	-0.021519011040291414	SEQC	permutation	
4653.0	-0.10691444075566148	SEQC	permutation	
4654.0	-0.12717453163655845	SEQC	permutation	
4655.0	0.0680716787088178	SEQC	permutation	
4656.0	-0.011560364764927389	SEQC	permutation	
4657.0	-0.08368552775076665	SEQC	permutation	
4658.0	-0.045758166352595886	SEQC	permutation	
4659.0	0.008619127255019343	SEQC	permutation	
4660.0	-0.0727432291949075	SEQC	permutation	
4661.0	0.10224289974208389	SEQC	permutation	
4662.0	0.38742172797918917	SEQC	permutation	
4663.0	-0.05880220277272219	SEQC	permutation	
4664.0	0.0738240384749469	SEQC	permutation	
4665.0	0.055976783557307286	SEQC	permutation	
4666.0	-0.03254518522185723	SEQC	permutation	
4667.0	-0.22143774268300076	SEQC	permutation	
4668.0	-0.15986397521499063	SEQC	permutation	
4669.0	0.13183114877668256	SEQC	permutation	
4670.0	-0.10009831322933493	SEQC	permutation	
4671.0	-0.0694645862039538	SEQC	permutation	
4672.0	-0.1333017003042385	SEQC	permutation	
4673.0	-0.007954534567026883	SEQC	permutation	
4674.0	-0.056142243197648156	SEQC	permutation	
4675.0	0.08880877809991805	SEQC	permutation	
4676.0	-0.0750643178249577	SEQC	permutation	
4677.0	0.02025441770733849	SEQC	permutation	
4678.0	0.1136489176262927	SEQC	permutation	
4679.0	-0.06563063804476421	SEQC	permutation	
4680.0	0.0718907385033205	SEQC	permutation	
4681.0	0.13003674449340252	SEQC	permutation	
4682.0	-4.44120682234761e-05	SEQC	permutation	
4683.0	-0.055503137711941264	SEQC	permutation	
4684.0	0.07749116351827556	SEQC	permutation	
4685.0	-0.0364268406193311	SEQC	permutation	
4686.0	0.12484654905813253	SEQC	permutation	
4687.0	-0.124379601257123	SEQC	permutation	
4688.0	0.002194168512419381	SEQC	permutation	
4689.0	0.2622387859984623	SEQC	permutation	
4690.0	-0.05386201100536958	SEQC	permutation	
4691.0	0.05176262133188647	SEQC	permutation	
4692.0	-0.12274782011557939	SEQC	permutation	
4693.0	0.008898595520964392	SEQC	permutation	
4694.0	0.05359442626361499	SEQC	permutation	
4695.0	-0.042493473217826594	SEQC	permutation	
4696.0	-0.09670305324202166	SEQC	permutation	
4697.0	-0.0012460094591366655	SEQC	permutation	
4698.0	-0.09642222891819374	SEQC	permutation	
4699.0	-0.14010430391756312	SEQC	permutation	
4700.0	0.09449419257228264	SEQC	permutation	
4701.0	0.21062061674013322	SEQC	permutation	
4702.0	0.12196988257211494	SEQC	permutation	
4703.0	0.3435853746353019	SEQC	permutation	
4704.0	0.05628287074167959	SEQC	permutation	
4705.0	-0.133182926093808	SEQC	permutation	
4706.0	-0.02450027597520732	SEQC	permutation	
4707.0	0.09052334624978542	SEQC	permutation	
4708.0	0.2031410457556393	SEQC	permutation	
4709.0	-0.025361903466949443	SEQC	permutation	
4710.0	-0.008350977855229758	SEQC	permutation	
4711.0	-0.22750646659034546	SEQC	permutation	
4712.0	-0.03401893674791889	SEQC	permutation	
4713.0	-0.06103855838798866	SEQC	permutation	
4714.0	-0.13241344277744327	SEQC	permutation	
4715.0	0.09684748220907746	SEQC	permutation	
4716.0	0.1545622523060599	SEQC	permutation	
4717.0	-0.07420261225688929	SEQC	permutation	
4718.0	-0.11626756952339479	SEQC	permutation	
4719.0	0.00077218501748888	SEQC	permutation	
4720.0	0.14675800533157846	SEQC	permutation	
4721.0	-0.13443687039577812	SEQC	permutation	
4722.0	-0.27922619506586965	SEQC	permutation	
4723.0	-0.03295997225707348	SEQC	permutation	
4724.0	-0.038653355427288094	SEQC	permutation	
4725.0	-0.05964232324953711	SEQC	permutation	
4726.0	0.07499701840844342	SEQC	permutation	
4727.0	0.0065585340678566695	SEQC	permutation	
4728.0	0.009402106011834555	SEQC	permutation	
4729.0	0.08262697486534831	SEQC	permutation	
4730.0	-0.04724785993917058	SEQC	permutation	
4731.0	-0.03806991544289051	SEQC	permutation	
4732.0	0.08631672339083707	SEQC	permutation	
4733.0	0.18251863027778992	SEQC	permutation	
4734.0	-0.044160784675352005	SEQC	permutation	
4735.0	0.055819370395877144	SEQC	permutation	
4736.0	0.13537668402680092	SEQC	permutation	
4737.0	-0.03039319895534165	SEQC	permutation	
4738.0	0.08057753266270273	SEQC	permutation	
4739.0	0.07111224557712292	SEQC	permutation	
4740.0	0.10988556301883667	SEQC	permutation	
4741.0	-0.015057880150519676	SEQC	permutation	
4742.0	0.009627532275337636	SEQC	permutation	
4743.0	-0.04828230895129115	SEQC	permutation	
4744.0	0.16738066311601463	SEQC	permutation	
4745.0	-0.07549017192275231	SEQC	permutation	
4746.0	-0.013693949485096724	SEQC	permutation	
4747.0	0.09757707602949095	SEQC	permutation	
4748.0	-0.08261379036871697	SEQC	permutation	
4749.0	-0.11595326014261609	SEQC	permutation	
4750.0	-0.11515547037487117	SEQC	permutation	
4751.0	-0.067282813790563	SEQC	permutation	
4752.0	0.08363642231334856	SEQC	permutation	
4753.0	0.06831588537532074	SEQC	permutation	
4754.0	-0.15585935277925023	SEQC	permutation	
4755.0	0.24727192943965726	SEQC	permutation	
4756.0	0.1938035973902048	SEQC	permutation	
4757.0	-0.010118329206908694	SEQC	permutation	
4758.0	-0.20346018560057244	SEQC	permutation	
4759.0	0.07874387747052625	SEQC	permutation	
4760.0	0.07325444389790725	SEQC	permutation	
4761.0	-0.1076809998750834	SEQC	permutation	
4762.0	0.04174324257598716	SEQC	permutation	
4763.0	-0.06261420146596874	SEQC	permutation	
4764.0	0.12470343705708897	SEQC	permutation	
4765.0	0.07003593350149462	SEQC	permutation	
4766.0	-0.13580810894988682	SEQC	permutation	
4767.0	0.028131210994589484	SEQC	permutation	
4768.0	0.015466676847895933	SEQC	permutation	
4769.0	-0.027771947692022625	SEQC	permutation	
4770.0	0.0044476045268329045	SEQC	permutation	
4771.0	-0.043351561018893925	SEQC	permutation	
4772.0	-0.08203207481582675	SEQC	permutation	
4773.0	0.006276417810820334	SEQC	permutation	
4774.0	0.11958437076984119	SEQC	permutation	
4775.0	-0.0175430746701406	SEQC	permutation	
4776.0	0.11452107346081464	SEQC	permutation	
4777.0	0.012276302205425083	SEQC	permutation	
4778.0	0.22995144804527	SEQC	permutation	
4779.0	-0.14378946813402083	SEQC	permutation	
4780.0	0.1946124649089147	SEQC	permutation	
4781.0	-0.10063458630653566	SEQC	permutation	
4782.0	-0.08502054167997164	SEQC	permutation	
4783.0	0.20860769763274956	SEQC	permutation	
4784.0	0.018911297913549507	SEQC	permutation	
4785.0	0.2890326167731132	SEQC	permutation	
4786.0	0.017029692686908682	SEQC	permutation	
4787.0	0.01835536088975731	SEQC	permutation	
4788.0	0.055911612764806495	SEQC	permutation	
4789.0	0.12392348001821452	SEQC	permutation	
4790.0	0.08120249780638744	SEQC	permutation	
4791.0	-0.06519614921831929	SEQC	permutation	
4792.0	-0.1366802514132881	SEQC	permutation	
4793.0	0.1820788929553454	SEQC	permutation	
4794.0	-0.10123037227059228	SEQC	permutation	
4795.0	0.042838687012793475	SEQC	permutation	
4796.0	-0.1286709141595921	SEQC	permutation	
4797.0	-0.01962145130856996	SEQC	permutation	
4798.0	0.22953742977869052	SEQC	permutation	
4799.0	0.04282064368928307	SEQC	permutation	
4800.0	0.05768917825895237	SEQC	permutation	
4801.0	-0.0590180284812547	SEQC	permutation	
4802.0	0.06714802910667261	SEQC	permutation	
4803.0	0.17077286358074328	SEQC	permutation	
4804.0	-0.04120013594435079	SEQC	permutation	
4805.0	0.07851924991708081	SEQC	permutation	
4806.0	0.02406657492121722	SEQC	permutation	
4807.0	-0.1251981342788291	SEQC	permutation	
4808.0	0.007477475862423866	SEQC	permutation	
4809.0	-0.07477565314960977	SEQC	permutation	
4810.0	0.12527629737665302	SEQC	permutation	
4811.0	-0.057190733753694545	SEQC	permutation	
4812.0	-0.00028969160528369287	SEQC	permutation	
4813.0	-0.14083986557143247	SEQC	permutation	
4814.0	-0.03974678077809912	SEQC	permutation	
4815.0	-0.0013993497416175948	SEQC	permutation	
4816.0	0.06398400546024963	SEQC	permutation	
4817.0	-0.1443465707506597	SEQC	permutation	
4818.0	-0.0034485340189496227	SEQC	permutation	
4819.0	0.14239127692355114	SEQC	permutation	
4820.0	-0.029266203060017926	SEQC	permutation	
4821.0	-0.02277224582388815	SEQC	permutation	
4822.0	0.03175641226756021	SEQC	permutation	
4823.0	-0.023956796291372484	SEQC	permutation	
4824.0	0.09825214551423844	SEQC	permutation	
4825.0	0.024089698204809995	SEQC	permutation	
4826.0	-0.10544653124657888	SEQC	permutation	
4827.0	0.16412063237511854	SEQC	permutation	
4828.0	-0.045995092256941206	SEQC	permutation	
4829.0	0.03678398778990832	SEQC	permutation	
4830.0	0.0004811738742578342	SEQC	permutation	
4831.0	0.33472070666964315	SEQC	permutation	
4832.0	-0.06457681356495559	SEQC	permutation	
4833.0	0.008683907044796157	SEQC	permutation	
4834.0	0.09714901533515263	SEQC	permutation	
4835.0	0.3549254285211223	SEQC	permutation	
4836.0	-0.04878488798233782	SEQC	permutation	
4837.0	0.06259055431216476	SEQC	permutation	
4838.0	-0.007755508432611968	SEQC	permutation	
4839.0	-0.021697916985565335	SEQC	permutation	
4840.0	0.17909774674477053	SEQC	permutation	
4841.0	0.015507468117785805	SEQC	permutation	
4842.0	0.03933068715083321	SEQC	permutation	
4843.0	0.10481575688163369	SEQC	permutation	
4844.0	-0.06659872843754666	SEQC	permutation	
4845.0	-0.171220143644633	SEQC	permutation	
4846.0	0.06572522186839835	SEQC	permutation	
4847.0	0.09632818487306061	SEQC	permutation	
4848.0	-0.002413153937360857	SEQC	permutation	
4849.0	-0.12850314778253757	SEQC	permutation	
4850.0	0.09365781190362199	SEQC	permutation	
4851.0	0.0453684450379499	SEQC	permutation	
4852.0	-0.033493731165429974	SEQC	permutation	
4853.0	-0.04955595377629596	SEQC	permutation	
4854.0	-0.15957995728330543	SEQC	permutation	
4855.0	0.05758758797822017	SEQC	permutation	
4856.0	0.08521488158751245	SEQC	permutation	
4857.0	-0.007192983596437497	SEQC	permutation	
4858.0	-0.03472438330821648	SEQC	permutation	
4859.0	0.06192030697199158	SEQC	permutation	
4860.0	0.2763293534097224	SEQC	permutation	
4861.0	-0.08386089940157815	SEQC	permutation	
4862.0	-0.07051671173369334	SEQC	permutation	
4863.0	-0.04794293446264808	SEQC	permutation	
4864.0	-0.04424679602579218	SEQC	permutation	
4865.0	0.0635096094464962	SEQC	permutation	
4866.0	-0.050768907297628285	SEQC	permutation	
4867.0	0.1834345789337588	SEQC	permutation	
4868.0	0.15090128919299195	SEQC	permutation	
4869.0	-0.06323683981956307	SEQC	permutation	
4870.0	0.012250699604123838	SEQC	permutation	
4871.0	0.05188703903795444	SEQC	permutation	
4872.0	0.11723525856314199	SEQC	permutation	
4873.0	0.11029233683980078	SEQC	permutation	
4874.0	0.05544566916573501	SEQC	permutation	
4875.0	-0.06681866045983087	SEQC	permutation	
4876.0	-0.06580948394452646	SEQC	permutation	
4877.0	0.04573416552072862	SEQC	permutation	
4878.0	-0.2177931462439382	SEQC	permutation	
4879.0	0.05167290022387805	SEQC	permutation	
4880.0	0.10684546980669118	SEQC	permutation	
4881.0	0.010930582680652279	SEQC	permutation	
4882.0	-0.0028361303679602656	SEQC	permutation	
4883.0	0.09229721986026851	SEQC	permutation	
4884.0	-0.02345780316823598	SEQC	permutation	
4885.0	-0.04364953594878562	SEQC	permutation	
4886.0	0.2118297278752892	SEQC	permutation	
4887.0	-0.005365307289380894	SEQC	permutation	
4888.0	-0.15987299848754155	SEQC	permutation	
4889.0	0.13730947006450922	SEQC	permutation	
4890.0	0.10666904852849157	SEQC	permutation	
4891.0	0.09420304321986883	SEQC	permutation	
4892.0	0.08789492756410144	SEQC	permutation	
4893.0	0.11190797784371576	SEQC	permutation	
4894.0	-0.043598122969224384	SEQC	permutation	
4895.0	-0.1006869379422195	SEQC	permutation	
4896.0	-0.2485484991677862	SEQC	permutation	
4897.0	-0.02947044370850982	SEQC	permutation	
4898.0	-0.2143276948292927	SEQC	permutation	
4899.0	-0.057695379945629455	SEQC	permutation	
4900.0	-0.07794209239423999	SEQC	permutation	
4901.0	0.13729337159702304	SEQC	permutation	
4902.0	-0.13698193740826925	SEQC	permutation	
4903.0	0.0512302393901245	SEQC	permutation	
4904.0	-0.0366637120403599	SEQC	permutation	
4905.0	0.19786521502065524	SEQC	permutation	
4906.0	0.05655310569982053	SEQC	permutation	
4907.0	0.06758665338383674	SEQC	permutation	
4908.0	-0.14159495669647315	SEQC	permutation	
4909.0	0.2559474652432425	SEQC	permutation	
4910.0	-0.09311804688262093	SEQC	permutation	
4911.0	-0.03110244718519617	SEQC	permutation	
4912.0	0.10085713395737184	SEQC	permutation	
4913.0	-0.061255363947190666	SEQC	permutation	
4914.0	0.09971255115319622	SEQC	permutation	
4915.0	0.09201905457168458	SEQC	permutation	
4916.0	-0.05014486955386932	SEQC	permutation	
4917.0	-0.02547882115253275	SEQC	permutation	
4918.0	0.11513337541193946	SEQC	permutation	
4919.0	0.17183414987118661	SEQC	permutation	
4920.0	0.09499173767267521	SEQC	permutation	
4921.0	0.051650386176276264	SEQC	permutation	
4922.0	-0.01310154438771649	SEQC	permutation	
4923.0	-0.011241715158663013	SEQC	permutation	
4924.0	-0.0943811263156702	SEQC	permutation	
4925.0	-0.10624044396586285	SEQC	permutation	
4926.0	-0.0010185695856432808	SEQC	permutation	
4927.0	0.13460704468088114	SEQC	permutation	
4928.0	0.03380397545780056	SEQC	permutation	
4929.0	-0.12934370993908084	SEQC	permutation	
4930.0	-0.13498772495098432	SEQC	permutation	
4931.0	0.118378966158732	SEQC	permutation	
4932.0	0.2814347996196016	SEQC	permutation	
4933.0	0.21885938278173223	SEQC	permutation	
4934.0	-0.15472890777245052	SEQC	permutation	
4935.0	0.1130039750800429	SEQC	permutation	
4936.0	0.08385346969538077	SEQC	permutation	
4937.0	-0.10077065350350356	SEQC	permutation	
4938.0	-0.03400879559787873	SEQC	permutation	
4939.0	0.16247989166224208	SEQC	permutation	
4940.0	0.1518211357015553	SEQC	permutation	
4941.0	0.04224768534658896	SEQC	permutation	
4942.0	0.016636612367482595	SEQC	permutation	
4943.0	0.004774752445272146	SEQC	permutation	
4944.0	-0.10699599489668898	SEQC	permutation	
4945.0	-0.14110489741064125	SEQC	permutation	
4946.0	0.10299119110483845	SEQC	permutation	
4947.0	-0.02623257702248738	SEQC	permutation	
4948.0	0.028340609466463107	SEQC	permutation	
4949.0	-0.1617897659257994	SEQC	permutation	
4950.0	-0.14310442156233405	SEQC	permutation	
4951.0	0.2175992882450788	SEQC	permutation	
4952.0	0.11558418550834393	SEQC	permutation	
4953.0	-0.07453422910243912	SEQC	permutation	
4954.0	0.054465783051142136	SEQC	permutation	
4955.0	-0.0499486897192809	SEQC	permutation	
4956.0	-0.07963143535820016	SEQC	permutation	
4957.0	-0.022928172071384978	SEQC	permutation	
4958.0	-0.048882353725700156	SEQC	permutation	
4959.0	0.04615831179186447	SEQC	permutation	
4960.0	-0.15822304268980858	SEQC	permutation	
4961.0	0.12283026943244124	SEQC	permutation	
4962.0	-0.12495611979640309	SEQC	permutation	
4963.0	0.014269059080468605	SEQC	permutation	
4964.0	-0.18708498709307353	SEQC	permutation	
4965.0	0.019837029964547614	SEQC	permutation	
4966.0	0.12376096042503537	SEQC	permutation	
4967.0	0.11822888307325474	SEQC	permutation	
4968.0	0.10349190806863717	SEQC	permutation	
4969.0	0.06349724102643073	SEQC	permutation	
4970.0	0.052075886075655387	SEQC	permutation	
4971.0	-0.005219609741854203	SEQC	permutation	
4972.0	0.07307350619750608	SEQC	permutation	
4973.0	0.033158519303134515	SEQC	permutation	
4974.0	-0.0040259822731365524	SEQC	permutation	
4975.0	0.05018784874486615	SEQC	permutation	
4976.0	0.06989091185139396	SEQC	permutation	
4977.0	-0.052842076133907234	SEQC	permutation	
4978.0	0.03324348672310684	SEQC	permutation	
4979.0	-0.058197885990331155	SEQC	permutation	
4980.0	0.18960445290825856	SEQC	permutation	
4981.0	-0.12244484791755328	SEQC	permutation	
4982.0	0.04313011729075855	SEQC	permutation	
4983.0	0.015425903754952675	SEQC	permutation	
4984.0	-0.02481111397325053	SEQC	permutation	
4985.0	0.07264417935701895	SEQC	permutation	
4986.0	-0.14963679541462982	SEQC	permutation	
4987.0	-0.08455184335446919	SEQC	permutation	
4988.0	0.010627468785091132	SEQC	permutation	
4989.0	0.02438036436963742	SEQC	permutation	
4990.0	-0.15417288753770286	SEQC	permutation	
4991.0	0.20116513209532494	SEQC	permutation	
4992.0	0.06546196073424104	SEQC	permutation	
4993.0	-0.082518219793843	SEQC	permutation	
4994.0	0.15054811068345453	SEQC	permutation	
4995.0	0.1048324518222934	SEQC	permutation	
4996.0	-0.055589362569685274	SEQC	permutation	
4997.0	0.1217082745963709	SEQC	permutation	
4998.0	0.13137834547560656	SEQC	permutation	
4999.0	0.2710434483371933	SEQC	permutation	
5000.0	0.15819157336286027	SEQC	permutation	
	0.5748893067572411	SEQC	bootstrap	1.0
	0.5911485450718019	SEQC	bootstrap	2.0
	0.436067080999472	SEQC	bootstrap	3.0
	0.6219811747219439	SEQC	bootstrap	4.0
	0.5366472206742845	SEQC	bootstrap	5.0
	0.4903859981943981	SEQC	bootstrap	6.0
	0.5112376438282054	SEQC	bootstrap	7.0
	0.3785719935969869	SEQC	bootstrap	8.0
	0.46970259954973725	SEQC	bootstrap	9.0
	0.5901609194832935	SEQC	bootstrap	10.0
	0.27096417535793815	SEQC	bootstrap	11.0
	0.5676124931127533	SEQC	bootstrap	12.0
	0.5018126007160029	SEQC	bootstrap	13.0
	0.3918088103651183	SEQC	bootstrap	14.0
	0.3664672949244481	SEQC	bootstrap	15.0
	0.537065493346375	SEQC	bootstrap	16.0
	0.4175308696046631	SEQC	bootstrap	17.0
	0.47043432648249395	SEQC	bootstrap	18.0
	0.5801855307257053	SEQC	bootstrap	19.0
	0.4178893524548566	SEQC	bootstrap	20.0
	0.35370930294493386	SEQC	bootstrap	21.0
	0.55543102529843	SEQC	bootstrap	22.0
	0.4112013047214509	SEQC	bootstrap	23.0
	0.453895921873567	SEQC	bootstrap	24.0
	0.44955977640351863	SEQC	bootstrap	25.0
	0.44711108399607724	SEQC	bootstrap	26.0
	0.5482854059691817	SEQC	bootstrap	27.0
	0.43444521699315963	SEQC	bootstrap	28.0
	0.6375207849892708	SEQC	bootstrap	29.0
	0.6049106259851991	SEQC	bootstrap	30.0
	0.3606955470416855	SEQC	bootstrap	31.0
	0.33492256913224994	SEQC	bootstrap	32.0
	0.3618039934871127	SEQC	bootstrap	33.0
	0.5156685781619474	SEQC	bootstrap	34.0
	0.4425187629953009	SEQC	bootstrap	35.0
	0.5883898933664966	SEQC	bootstrap	36.0
	0.5037591981607585	SEQC	bootstrap	37.0
	0.5309979905028142	SEQC	bootstrap	38.0
	0.4331297968651122	SEQC	bootstrap	39.0
	0.5755907638612028	SEQC	bootstrap	40.0
	0.3743522970202853	SEQC	bootstrap	41.0
	0.5202977361946624	SEQC	bootstrap	42.0
	0.46277995737214095	SEQC	bootstrap	43.0
	0.3931524298043261	SEQC	bootstrap	44.0
	0.6378779982375957	SEQC	bootstrap	45.0
	0.6125301014084985	SEQC	bootstrap	46.0
	0.503381582051825	SEQC	bootstrap	47.0
	0.38736824680139037	SEQC	bootstrap	48.0
	0.4499398642027459	SEQC	bootstrap	49.0
	0.5036458622451327	SEQC	bootstrap	50.0
	0.5316873392602974	SEQC	bootstrap	51.0
	0.6094546673834405	SEQC	bootstrap	52.0
	0.5072591556003059	SEQC	bootstrap	53.0
	0.5608964351165979	SEQC	bootstrap	54.0
	0.38181124062183347	SEQC	bootstrap	55.0
	0.6529636599221282	SEQC	bootstrap	56.0
	0.6366193175432824	SEQC	bootstrap	57.0
	0.6441249015743398	SEQC	bootstrap	58.0
	0.5834853757616787	SEQC	bootstrap	59.0
	0.5399105306731524	SEQC	bootstrap	60.0
	0.6368617042266718	SEQC	bootstrap	61.0
	0.3840307086120185	SEQC	bootstrap	62.0
	0.6327352692323869	SEQC	bootstrap	63.0
	0.36585253923969674	SEQC	bootstrap	64.0
	0.43250950461469495	SEQC	bootstrap	65.0
	0.457368385461983	SEQC	bootstrap	66.0
	0.4934583703984843	SEQC	bootstrap	67.0
	0.4704545602355772	SEQC	bootstrap	68.0
	0.41535681261800717	SEQC	bootstrap	69.0
	0.38023096301233217	SEQC	bootstrap	70.0
	0.5227479845055036	SEQC	bootstrap	71.0
	0.659259013742227	SEQC	bootstrap	72.0
	0.41981141902881847	SEQC	bootstrap	73.0
	0.5111318037226349	SEQC	bootstrap	74.0
	0.607619893833419	SEQC	bootstrap	75.0
	0.6038851888557724	SEQC	bootstrap	76.0
	0.46713404341262343	SEQC	bootstrap	77.0
	0.55920811205683	SEQC	bootstrap	78.0
	0.5766500981921574	SEQC	bootstrap	79.0
	0.6412411896135537	SEQC	bootstrap	80.0
	0.5482824812610754	SEQC	bootstrap	81.0
	0.5185040099472462	SEQC	bootstrap	82.0
	0.553340660707641	SEQC	bootstrap	83.0
	0.498049455440686	SEQC	bootstrap	84.0
	0.5867936695479141	SEQC	bootstrap	85.0
	0.6799232584920367	SEQC	bootstrap	86.0
	0.6307959256149678	SEQC	bootstrap	87.0
	0.4356786177633061	SEQC	bootstrap	88.0
	0.4731366291792356	SEQC	bootstrap	89.0
	0.6384390370826742	SEQC	bootstrap	90.0
	0.5804401115180613	SEQC	bootstrap	91.0
	0.4599876431556287	SEQC	bootstrap	92.0
	0.5553435404487099	SEQC	bootstrap	93.0
	0.46061254927826223	SEQC	bootstrap	94.0
	0.5595155866904933	SEQC	bootstrap	95.0
	0.40697555524035156	SEQC	bootstrap	96.0
	0.7087033289812519	SEQC	bootstrap	97.0
	0.654630976631084	SEQC	bootstrap	98.0
	0.4841500998762207	SEQC	bootstrap	99.0
	0.45822074525691114	SEQC	bootstrap	100.0
	0.4454606975151125	SEQC	bootstrap	101.0
	0.4941690935223759	SEQC	bootstrap	102.0
	0.616842628012606	SEQC	bootstrap	103.0
	0.48730531321393844	SEQC	bootstrap	104.0
	0.47464296516530613	SEQC	bootstrap	105.0
	0.26598942170132034	SEQC	bootstrap	106.0
	0.56332219763387	SEQC	bootstrap	107.0
	0.45545238564512047	SEQC	bootstrap	108.0
	0.449106018331233	SEQC	bootstrap	109.0
	0.44879711003933487	SEQC	bootstrap	110.0
	0.42660973383800993	SEQC	bootstrap	111.0
	0.5219410232921189	SEQC	bootstrap	112.0
	0.4998337242075208	SEQC	bootstrap	113.0
	0.6215758706531593	SEQC	bootstrap	114.0
	0.5341683069542054	SEQC	bootstrap	115.0
	0.49869943753102497	SEQC	bootstrap	116.0
	0.430933088180105	SEQC	bootstrap	117.0
	0.3906423146790434	SEQC	bootstrap	118.0
	0.6007670173696029	SEQC	bootstrap	119.0
	0.6428592453941206	SEQC	bootstrap	120.0
	0.43732505938611954	SEQC	bootstrap	121.0
	0.5884688380320493	SEQC	bootstrap	122.0
	0.48606753404533176	SEQC	bootstrap	123.0
	0.45900500080859485	SEQC	bootstrap	124.0
	0.37854990959319457	SEQC	bootstrap	125.0
	0.5858256663826653	SEQC	bootstrap	126.0
	0.5273809727223036	SEQC	bootstrap	127.0
	0.5183821354016183	SEQC	bootstrap	128.0
	0.3150070223800223	SEQC	bootstrap	129.0
	0.4770914801087174	SEQC	bootstrap	130.0
	0.4395341399504562	SEQC	bootstrap	131.0
	0.4869389653890486	SEQC	bootstrap	132.0
	0.5135065106525847	SEQC	bootstrap	133.0
	0.4995540259430422	SEQC	bootstrap	134.0
	0.3508198352362122	SEQC	bootstrap	135.0
	0.5438960572281077	SEQC	bootstrap	136.0
	0.5753793840755259	SEQC	bootstrap	137.0
	0.5570211749912115	SEQC	bootstrap	138.0
	0.7903153335646507	SEQC	bootstrap	139.0
	0.4496820404759925	SEQC	bootstrap	140.0
	0.4250727192705135	SEQC	bootstrap	141.0
	0.5653611416454734	SEQC	bootstrap	142.0
	0.544538029997343	SEQC	bootstrap	143.0
	0.46900404843735366	SEQC	bootstrap	144.0
	0.5876298099614687	SEQC	bootstrap	145.0
	0.3546216599324925	SEQC	bootstrap	146.0
	0.26652239039777204	SEQC	bootstrap	147.0
	0.5300476717728375	SEQC	bootstrap	148.0
	0.5879178673403418	SEQC	bootstrap	149.0
	0.4746771613847738	SEQC	bootstrap	150.0
	0.5132521352965229	SEQC	bootstrap	151.0
	0.659606585485899	SEQC	bootstrap	152.0
	0.623399172712999	SEQC	bootstrap	153.0
	0.4592005508322803	SEQC	bootstrap	154.0
	0.3194257053677476	SEQC	bootstrap	155.0
	0.5058863362407928	SEQC	bootstrap	156.0
	0.6249805419152064	SEQC	bootstrap	157.0
	0.3602319294591241	SEQC	bootstrap	158.0
	0.46897345465944795	SEQC	bootstrap	159.0
	0.6200956912682938	SEQC	bootstrap	160.0
	0.511730583956691	SEQC	bootstrap	161.0
	0.5310345355676698	SEQC	bootstrap	162.0
	0.6452162661774419	SEQC	bootstrap	163.0
	0.4760084035978518	SEQC	bootstrap	164.0
	0.3718966441821214	SEQC	bootstrap	165.0
	0.7787740320529908	SEQC	bootstrap	166.0
	0.5452844367048746	SEQC	bootstrap	167.0
	0.6476060658420257	SEQC	bootstrap	168.0
	0.5666011016868935	SEQC	bootstrap	169.0
	0.48504523080324713	SEQC	bootstrap	170.0
	0.5426322722842358	SEQC	bootstrap	171.0
	0.47698683944176334	SEQC	bootstrap	172.0
	0.3040065609278688	SEQC	bootstrap	173.0
	0.6115802742358696	SEQC	bootstrap	174.0
	0.80206399165426	SEQC	bootstrap	175.0
	0.6803265356831734	SEQC	bootstrap	176.0
	0.5387536862724156	SEQC	bootstrap	177.0
	0.5949514517076615	SEQC	bootstrap	178.0
	0.7264966206208228	SEQC	bootstrap	179.0
	0.5715751696637166	SEQC	bootstrap	180.0
	0.5128518010666889	SEQC	bootstrap	181.0
	0.4649918810370046	SEQC	bootstrap	182.0
	0.5356124667221533	SEQC	bootstrap	183.0
	0.6939030440513965	SEQC	bootstrap	184.0
	0.602044980973456	SEQC	bootstrap	185.0
	0.516538255814718	SEQC	bootstrap	186.0
	0.5072495711651515	SEQC	bootstrap	187.0
	0.4956729153351658	SEQC	bootstrap	188.0
	0.638565605069648	SEQC	bootstrap	189.0
	0.6398446791555465	SEQC	bootstrap	190.0
	0.4469741047278317	SEQC	bootstrap	191.0
	0.3896210850257318	SEQC	bootstrap	192.0
	0.5412200340306552	SEQC	bootstrap	193.0
	0.5999196859063249	SEQC	bootstrap	194.0
	0.2333411264487082	SEQC	bootstrap	195.0
	0.7467316852445216	SEQC	bootstrap	196.0
	0.4705814646941904	SEQC	bootstrap	197.0
	0.3169459052378243	SEQC	bootstrap	198.0
	0.387011738003757	SEQC	bootstrap	199.0
	0.41841070303266736	SEQC	bootstrap	200.0
	0.4027779974072998	SEQC	bootstrap	201.0
	0.4646953961223965	SEQC	bootstrap	202.0
	0.5814711308553191	SEQC	bootstrap	203.0
	0.6351163507450024	SEQC	bootstrap	204.0
	0.5517987076858897	SEQC	bootstrap	205.0
	0.7535685788391402	SEQC	bootstrap	206.0
	0.626443675373825	SEQC	bootstrap	207.0
	0.3864120418238448	SEQC	bootstrap	208.0
	0.5741547768519912	SEQC	bootstrap	209.0
	0.45571505169442705	SEQC	bootstrap	210.0
	0.5784231574357603	SEQC	bootstrap	211.0
	0.4889361199992659	SEQC	bootstrap	212.0
	0.577510232280444	SEQC	bootstrap	213.0
	0.33052486119084534	SEQC	bootstrap	214.0
	0.6078233938168509	SEQC	bootstrap	215.0
	0.3854620170720584	SEQC	bootstrap	216.0
	0.5368882312178682	SEQC	bootstrap	217.0
	0.39363788506047603	SEQC	bootstrap	218.0
	0.4390986540895656	SEQC	bootstrap	219.0
	0.60534759571124	SEQC	bootstrap	220.0
	0.5725338239360478	SEQC	bootstrap	221.0
	0.45401655394675844	SEQC	bootstrap	222.0
	0.43206174801708563	SEQC	bootstrap	223.0
	0.5020210169250614	SEQC	bootstrap	224.0
	0.3432440903486995	SEQC	bootstrap	225.0
	0.4135922491724999	SEQC	bootstrap	226.0
	0.3106862245331743	SEQC	bootstrap	227.0
	0.44553299851298744	SEQC	bootstrap	228.0
	0.5322113008341054	SEQC	bootstrap	229.0
	0.5439895434485398	SEQC	bootstrap	230.0
	0.39788551457814725	SEQC	bootstrap	231.0
	0.5195074725324833	SEQC	bootstrap	232.0
	0.5107413029072725	SEQC	bootstrap	233.0
	0.45324008219239786	SEQC	bootstrap	234.0
	0.6137499737805006	SEQC	bootstrap	235.0
	0.3949682950830722	SEQC	bootstrap	236.0
	0.48786356105628714	SEQC	bootstrap	237.0
	0.6028443126291396	SEQC	bootstrap	238.0
	0.37609201739025133	SEQC	bootstrap	239.0
	0.5436923790015151	SEQC	bootstrap	240.0
	0.6248759899140719	SEQC	bootstrap	241.0
	0.44104958291667096	SEQC	bootstrap	242.0
	0.40631174871704046	SEQC	bootstrap	243.0
	0.4583201360983402	SEQC	bootstrap	244.0
	0.5873165263756635	SEQC	bootstrap	245.0
	0.5655069079837318	SEQC	bootstrap	246.0
	0.3871949194166655	SEQC	bootstrap	247.0
	0.5515846472957913	SEQC	bootstrap	248.0
	0.4616892134971775	SEQC	bootstrap	249.0
	0.46047159074644206	SEQC	bootstrap	250.0
	0.24392217853611786	SEQC	bootstrap	251.0
	0.5115556365199057	SEQC	bootstrap	252.0
	0.44727644794907206	SEQC	bootstrap	253.0
	0.6006725527691414	SEQC	bootstrap	254.0
	0.4119416108540692	SEQC	bootstrap	255.0
	0.3885363169417073	SEQC	bootstrap	256.0
	0.45369847444112343	SEQC	bootstrap	257.0
	0.532219493148085	SEQC	bootstrap	258.0
	0.504532454891248	SEQC	bootstrap	259.0
	0.5321553307257991	SEQC	bootstrap	260.0
	0.5079966780714189	SEQC	bootstrap	261.0
	0.4400791615765538	SEQC	bootstrap	262.0
	0.6030765877926565	SEQC	bootstrap	263.0
	0.6368516512474103	SEQC	bootstrap	264.0
	0.4630037083201328	SEQC	bootstrap	265.0
	0.47521300428608937	SEQC	bootstrap	266.0
	0.5661865991050137	SEQC	bootstrap	267.0
	0.5585086657035774	SEQC	bootstrap	268.0
	0.5856496302339327	SEQC	bootstrap	269.0
	0.6433931755810658	SEQC	bootstrap	270.0
	0.5295663975814451	SEQC	bootstrap	271.0
	0.39183138473869716	SEQC	bootstrap	272.0
	0.5444899220932147	SEQC	bootstrap	273.0
	0.4686860694116146	SEQC	bootstrap	274.0
	0.43855479598436364	SEQC	bootstrap	275.0
	0.5253095918460642	SEQC	bootstrap	276.0
	0.4308399725316603	SEQC	bootstrap	277.0
	0.7388644985299413	SEQC	bootstrap	278.0
	0.4347691854152864	SEQC	bootstrap	279.0
	0.29160063741561126	SEQC	bootstrap	280.0
	0.2294734900576736	SEQC	bootstrap	281.0
	0.5661549346478676	SEQC	bootstrap	282.0
	0.49619839149647227	SEQC	bootstrap	283.0
	0.5385703859814353	SEQC	bootstrap	284.0
	0.520122815543202	SEQC	bootstrap	285.0
	0.4685230341540856	SEQC	bootstrap	286.0
	0.563604936796835	SEQC	bootstrap	287.0
	0.5095853658177432	SEQC	bootstrap	288.0
	0.3666787361168167	SEQC	bootstrap	289.0
	0.4501346012701646	SEQC	bootstrap	290.0
	0.3622608470392228	SEQC	bootstrap	291.0
	0.4445094870131312	SEQC	bootstrap	292.0
	0.5407190986657371	SEQC	bootstrap	293.0
	0.556781710426685	SEQC	bootstrap	294.0
	0.4509147479191853	SEQC	bootstrap	295.0
	0.5647294095353486	SEQC	bootstrap	296.0
	0.5693812754301812	SEQC	bootstrap	297.0
	0.4331589863196208	SEQC	bootstrap	298.0
	0.4837505437959906	SEQC	bootstrap	299.0
	0.5456740296918845	SEQC	bootstrap	300.0
	0.5790743399194502	SEQC	bootstrap	301.0
	0.36775796836468455	SEQC	bootstrap	302.0
	0.44464039404023925	SEQC	bootstrap	303.0
	0.3948044608175074	SEQC	bootstrap	304.0
	0.47383600491295974	SEQC	bootstrap	305.0
	0.4644734788480611	SEQC	bootstrap	306.0
	0.3978074803860969	SEQC	bootstrap	307.0
	0.7095938791574405	SEQC	bootstrap	308.0
	0.41858810030808824	SEQC	bootstrap	309.0
	0.4293292639454087	SEQC	bootstrap	310.0
	0.5886471190143552	SEQC	bootstrap	311.0
	0.6205975544741227	SEQC	bootstrap	312.0
	0.4806837063565643	SEQC	bootstrap	313.0
	0.4393673890218599	SEQC	bootstrap	314.0
	0.5317092437559925	SEQC	bootstrap	315.0
	0.3942136200414641	SEQC	bootstrap	316.0
	0.42381544249057246	SEQC	bootstrap	317.0
	0.5129402666381853	SEQC	bootstrap	318.0
	0.520394379113966	SEQC	bootstrap	319.0
	0.3895593800923707	SEQC	bootstrap	320.0
	0.36807872510576267	SEQC	bootstrap	321.0
	0.43355752893073163	SEQC	bootstrap	322.0
	0.5719653258471822	SEQC	bootstrap	323.0
	0.45150480522149516	SEQC	bootstrap	324.0
	0.5152397886811744	SEQC	bootstrap	325.0
	0.48599312058839095	SEQC	bootstrap	326.0
	0.41501136462520494	SEQC	bootstrap	327.0
	0.5150457416170182	SEQC	bootstrap	328.0
	0.3305642105707065	SEQC	bootstrap	329.0
	0.3260459146119081	SEQC	bootstrap	330.0
	0.4277211486121808	SEQC	bootstrap	331.0
	0.6211712948685086	SEQC	bootstrap	332.0
	0.44824610042834756	SEQC	bootstrap	333.0
	0.43330399472003656	SEQC	bootstrap	334.0
	0.450711957482691	SEQC	bootstrap	335.0
	0.4285333996305085	SEQC	bootstrap	336.0
	0.509234297904896	SEQC	bootstrap	337.0
	0.46205126419336384	SEQC	bootstrap	338.0
	0.5061394114771249	SEQC	bootstrap	339.0
	0.5444255541098606	SEQC	bootstrap	340.0
	0.5765289139646366	SEQC	bootstrap	341.0
	0.46054012290268886	SEQC	bootstrap	342.0
	0.524756676830652	SEQC	bootstrap	343.0
	0.5334782862465697	SEQC	bootstrap	344.0
	0.41654917968604677	SEQC	bootstrap	345.0
	0.45004470611578284	SEQC	bootstrap	346.0
	0.4623866576471092	SEQC	bootstrap	347.0
	0.5640132853848505	SEQC	bootstrap	348.0
	0.6309851170486436	SEQC	bootstrap	349.0
	0.6965203775903448	SEQC	bootstrap	350.0
	0.6041380639619987	SEQC	bootstrap	351.0
	0.4885707043615781	SEQC	bootstrap	352.0
	0.5711402396888521	SEQC	bootstrap	353.0
	0.6238941239421347	SEQC	bootstrap	354.0
	0.4017934863066066	SEQC	bootstrap	355.0
	0.3555841922841849	SEQC	bootstrap	356.0
	0.4960834265396894	SEQC	bootstrap	357.0
	0.5402303631041727	SEQC	bootstrap	358.0
	0.43887794312332984	SEQC	bootstrap	359.0
	0.5510563534182755	SEQC	bootstrap	360.0
	0.5747172375092386	SEQC	bootstrap	361.0
	0.428808020638737	SEQC	bootstrap	362.0
	0.45254680475427245	SEQC	bootstrap	363.0
	0.4178957860048347	SEQC	bootstrap	364.0
	0.31301898118590854	SEQC	bootstrap	365.0
	0.5262625994616821	SEQC	bootstrap	366.0
	0.414265072107479	SEQC	bootstrap	367.0
	0.4264967557585613	SEQC	bootstrap	368.0
	0.626514717757475	SEQC	bootstrap	369.0
	0.31379928903034404	SEQC	bootstrap	370.0
	0.5157456877614846	SEQC	bootstrap	371.0
	0.5411041825724343	SEQC	bootstrap	372.0
	0.2882049816790846	SEQC	bootstrap	373.0
	0.375189304383845	SEQC	bootstrap	374.0
	0.5431296030242398	SEQC	bootstrap	375.0
	0.45741251064394595	SEQC	bootstrap	376.0
	0.5261407835885374	SEQC	bootstrap	377.0
	0.5439922229758261	SEQC	bootstrap	378.0
	0.6232844083390301	SEQC	bootstrap	379.0
	0.43105841306001036	SEQC	bootstrap	380.0
	0.48246823294274144	SEQC	bootstrap	381.0
	0.49683189221502966	SEQC	bootstrap	382.0
	0.6265604331109667	SEQC	bootstrap	383.0
	0.43474409810457626	SEQC	bootstrap	384.0
	0.5029699050493979	SEQC	bootstrap	385.0
	0.4859875091069994	SEQC	bootstrap	386.0
	0.5214134938636694	SEQC	bootstrap	387.0
	0.5482612687493815	SEQC	bootstrap	388.0
	0.7289745365248388	SEQC	bootstrap	389.0
	0.5398731897728277	SEQC	bootstrap	390.0
	0.5873134323018903	SEQC	bootstrap	391.0
	0.6416673415045366	SEQC	bootstrap	392.0
	0.49408900311368553	SEQC	bootstrap	393.0
	0.5649551651388496	SEQC	bootstrap	394.0
	0.5275164719414027	SEQC	bootstrap	395.0
	0.5200641795460399	SEQC	bootstrap	396.0
	0.3627636359433084	SEQC	bootstrap	397.0
	0.6248159351391216	SEQC	bootstrap	398.0
	0.6165858829834274	SEQC	bootstrap	399.0
	0.4903003423365111	SEQC	bootstrap	400.0
	0.5886764813415843	SEQC	bootstrap	401.0
	0.5868422866804885	SEQC	bootstrap	402.0
	0.487921506260403	SEQC	bootstrap	403.0
	0.6294512091422289	SEQC	bootstrap	404.0
	0.44990102640340757	SEQC	bootstrap	405.0
	0.5438317806974213	SEQC	bootstrap	406.0
	0.40641451390810257	SEQC	bootstrap	407.0
	0.5936996606028715	SEQC	bootstrap	408.0
	0.4702172568688159	SEQC	bootstrap	409.0
	0.47147843339573026	SEQC	bootstrap	410.0
	0.5045138648269019	SEQC	bootstrap	411.0
	0.4991418068386051	SEQC	bootstrap	412.0
	0.42091108856852033	SEQC	bootstrap	413.0
	0.5770898786831244	SEQC	bootstrap	414.0
	0.5097608294863059	SEQC	bootstrap	415.0
	0.41585567445335814	SEQC	bootstrap	416.0
	0.5514182842389346	SEQC	bootstrap	417.0
	0.5193850841349641	SEQC	bootstrap	418.0
	0.506776228481113	SEQC	bootstrap	419.0
	0.694996695284849	SEQC	bootstrap	420.0
	0.5996032435649439	SEQC	bootstrap	421.0
	0.5252493865331918	SEQC	bootstrap	422.0
	0.5041734432109801	SEQC	bootstrap	423.0
	0.5833363258419504	SEQC	bootstrap	424.0
	0.5164030052967008	SEQC	bootstrap	425.0
	0.6643522668760973	SEQC	bootstrap	426.0
	0.37055801016513223	SEQC	bootstrap	427.0
	0.4205966376955237	SEQC	bootstrap	428.0
	0.5099177266789967	SEQC	bootstrap	429.0
	0.5647147578939604	SEQC	bootstrap	430.0
	0.3666411499000519	SEQC	bootstrap	431.0
	0.43132879151637393	SEQC	bootstrap	432.0
	0.4462400201946828	SEQC	bootstrap	433.0
	0.5608684130255055	SEQC	bootstrap	434.0
	0.6116278266635922	SEQC	bootstrap	435.0
	0.6225369342849882	SEQC	bootstrap	436.0
	0.6379332437377854	SEQC	bootstrap	437.0
	0.4293700103044147	SEQC	bootstrap	438.0
	0.4636838819334792	SEQC	bootstrap	439.0
	0.7181098247830535	SEQC	bootstrap	440.0
	0.544193765015319	SEQC	bootstrap	441.0
	0.41838906409592624	SEQC	bootstrap	442.0
	0.733028390921306	SEQC	bootstrap	443.0
	0.5301617930693072	SEQC	bootstrap	444.0
	0.3758576348142406	SEQC	bootstrap	445.0
	0.5780048962982489	SEQC	bootstrap	446.0
	0.6880956493356711	SEQC	bootstrap	447.0
	0.6176117168714743	SEQC	bootstrap	448.0
	0.5956153875688184	SEQC	bootstrap	449.0
	0.5976676416519555	SEQC	bootstrap	450.0
	0.4426805984379998	SEQC	bootstrap	451.0
	0.49938078170374345	SEQC	bootstrap	452.0
	0.401964753744831	SEQC	bootstrap	453.0
	0.48957515502478666	SEQC	bootstrap	454.0
	0.6491623636785979	SEQC	bootstrap	455.0
	0.4817647831965295	SEQC	bootstrap	456.0
	0.5103694968388726	SEQC	bootstrap	457.0
	0.34888109870172634	SEQC	bootstrap	458.0
	0.6662755842895547	SEQC	bootstrap	459.0
	0.36137490362354674	SEQC	bootstrap	460.0
	0.3896343411395069	SEQC	bootstrap	461.0
	0.4204282293824555	SEQC	bootstrap	462.0
	0.532600734856274	SEQC	bootstrap	463.0
	0.47634278473539826	SEQC	bootstrap	464.0
	0.39584257608065654	SEQC	bootstrap	465.0
	0.617298484267399	SEQC	bootstrap	466.0
	0.5079431495717164	SEQC	bootstrap	467.0
	0.390082866516436	SEQC	bootstrap	468.0
	0.5386609807541087	SEQC	bootstrap	469.0
	0.5905548843621542	SEQC	bootstrap	470.0
	0.3645470682122154	SEQC	bootstrap	471.0
	0.3440085301036677	SEQC	bootstrap	472.0
	0.6814304839272407	SEQC	bootstrap	473.0
	0.4889691013964743	SEQC	bootstrap	474.0
	0.6333259885717086	SEQC	bootstrap	475.0
	0.5211405650643317	SEQC	bootstrap	476.0
	0.3390626175463347	SEQC	bootstrap	477.0
	0.2739204888584603	SEQC	bootstrap	478.0
	0.4406449764563245	SEQC	bootstrap	479.0
	0.5121975854250023	SEQC	bootstrap	480.0
	0.5553172988047397	SEQC	bootstrap	481.0
	0.46929598052438415	SEQC	bootstrap	482.0
	0.6122103623143347	SEQC	bootstrap	483.0
	0.4870221446514962	SEQC	bootstrap	484.0
	0.5694264654086552	SEQC	bootstrap	485.0
	0.42515670011453155	SEQC	bootstrap	486.0
	0.4814547835268237	SEQC	bootstrap	487.0
	0.3719791093242071	SEQC	bootstrap	488.0
	0.5170045841519619	SEQC	bootstrap	489.0
	0.376907354476232	SEQC	bootstrap	490.0
	0.6021819955805059	SEQC	bootstrap	491.0
	0.42106361522243585	SEQC	bootstrap	492.0
	0.6603658779952668	SEQC	bootstrap	493.0
	0.7170122136871604	SEQC	bootstrap	494.0
	0.34835228304905375	SEQC	bootstrap	495.0
	0.5356749699750796	SEQC	bootstrap	496.0
	0.563408903419762	SEQC	bootstrap	497.0
	0.3544845635632168	SEQC	bootstrap	498.0
	0.7568907897226493	SEQC	bootstrap	499.0
	0.5726358754629075	SEQC	bootstrap	500.0
	0.342883714079095	SEQC	bootstrap	501.0
	0.4455181600835343	SEQC	bootstrap	502.0
	0.47968340706754464	SEQC	bootstrap	503.0
	0.5976096779624229	SEQC	bootstrap	504.0
	0.5281184192325945	SEQC	bootstrap	505.0
	0.4130799634396909	SEQC	bootstrap	506.0
	0.2798768944735377	SEQC	bootstrap	507.0
	0.3382998841946838	SEQC	bootstrap	508.0
	0.5396922566159885	SEQC	bootstrap	509.0
	0.5020308844466776	SEQC	bootstrap	510.0
	0.5640145745591525	SEQC	bootstrap	511.0
	0.4737041683895886	SEQC	bootstrap	512.0
	0.5048376217115234	SEQC	bootstrap	513.0
	0.5119760483460225	SEQC	bootstrap	514.0
	0.42763607779238244	SEQC	bootstrap	515.0
	0.513833824694637	SEQC	bootstrap	516.0
	0.4706937292277731	SEQC	bootstrap	517.0
	0.425488335142707	SEQC	bootstrap	518.0
	0.6299620663706924	SEQC	bootstrap	519.0
	0.6445360504074285	SEQC	bootstrap	520.0
	0.5138533522689444	SEQC	bootstrap	521.0
	0.5070772799822185	SEQC	bootstrap	522.0
	0.523722746954641	SEQC	bootstrap	523.0
	0.5324112418754927	SEQC	bootstrap	524.0
	0.4822045431472817	SEQC	bootstrap	525.0
	0.5387877356868067	SEQC	bootstrap	526.0
	0.5987108625397144	SEQC	bootstrap	527.0
	0.6488462011930687	SEQC	bootstrap	528.0
	0.6474185791656097	SEQC	bootstrap	529.0
	0.44492295460711295	SEQC	bootstrap	530.0
	0.4345340245076774	SEQC	bootstrap	531.0
	0.4211756771557522	SEQC	bootstrap	532.0
	0.5157088537859007	SEQC	bootstrap	533.0
	0.46671819984762264	SEQC	bootstrap	534.0
	0.4314669125392152	SEQC	bootstrap	535.0
	0.6129554499857406	SEQC	bootstrap	536.0
	0.48719881493214157	SEQC	bootstrap	537.0
	0.5612855284033831	SEQC	bootstrap	538.0
	0.5518152079267056	SEQC	bootstrap	539.0
	0.3841808566933098	SEQC	bootstrap	540.0
	0.46776555301970113	SEQC	bootstrap	541.0
	0.46688575057888215	SEQC	bootstrap	542.0
	0.622531320053608	SEQC	bootstrap	543.0
	0.3015788292568957	SEQC	bootstrap	544.0
	0.6620290894055283	SEQC	bootstrap	545.0
	0.49323703774004235	SEQC	bootstrap	546.0
	0.4382053627271576	SEQC	bootstrap	547.0
	0.5701497796213761	SEQC	bootstrap	548.0
	0.5572532824011893	SEQC	bootstrap	549.0
	0.51297331271246	SEQC	bootstrap	550.0
	0.5892145631071757	SEQC	bootstrap	551.0
	0.504889988858245	SEQC	bootstrap	552.0
	0.5830497717400571	SEQC	bootstrap	553.0
	0.5376172800037122	SEQC	bootstrap	554.0
	0.4602339413518526	SEQC	bootstrap	555.0
	0.6015575355999903	SEQC	bootstrap	556.0
	0.6336448316683114	SEQC	bootstrap	557.0
	0.5698232882589509	SEQC	bootstrap	558.0
	0.8523518694551613	SEQC	bootstrap	559.0
	0.3783102704077992	SEQC	bootstrap	560.0
	0.28010381512507454	SEQC	bootstrap	561.0
	0.4334311976996581	SEQC	bootstrap	562.0
	0.5755683034508805	SEQC	bootstrap	563.0
	0.3720202252937592	SEQC	bootstrap	564.0
	0.3857381171737151	SEQC	bootstrap	565.0
	0.4481428072254259	SEQC	bootstrap	566.0
	0.44665917635366403	SEQC	bootstrap	567.0
	0.4122076597979123	SEQC	bootstrap	568.0
	0.46408069238258554	SEQC	bootstrap	569.0
	0.36059640693073547	SEQC	bootstrap	570.0
	0.39247514816496576	SEQC	bootstrap	571.0
	0.49579493147874576	SEQC	bootstrap	572.0
	0.4176404676066108	SEQC	bootstrap	573.0
	0.5549966249785925	SEQC	bootstrap	574.0
	0.5169753806863482	SEQC	bootstrap	575.0
	0.47830291368018285	SEQC	bootstrap	576.0
	0.5305351562667675	SEQC	bootstrap	577.0
	0.6884069220650963	SEQC	bootstrap	578.0
	0.4883042214881046	SEQC	bootstrap	579.0
	0.6202906890792517	SEQC	bootstrap	580.0
	0.5174519494776124	SEQC	bootstrap	581.0
	0.5394705821078891	SEQC	bootstrap	582.0
	0.4949620384344482	SEQC	bootstrap	583.0
	0.45849120191027204	SEQC	bootstrap	584.0
	0.31520638568362	SEQC	bootstrap	585.0
	0.5335524554777926	SEQC	bootstrap	586.0
	0.4494838142560482	SEQC	bootstrap	587.0
	0.5736425617472412	SEQC	bootstrap	588.0
	0.6114763197569792	SEQC	bootstrap	589.0
	0.4082467789730524	SEQC	bootstrap	590.0
	0.5540681112597903	SEQC	bootstrap	591.0
	0.5533549332701524	SEQC	bootstrap	592.0
	0.4682497297162751	SEQC	bootstrap	593.0
	0.6253126426678421	SEQC	bootstrap	594.0
	0.5154208295529861	SEQC	bootstrap	595.0
	0.41344997852842447	SEQC	bootstrap	596.0
	0.2998924742896829	SEQC	bootstrap	597.0
	0.586644194428787	SEQC	bootstrap	598.0
	0.42646940766533303	SEQC	bootstrap	599.0
	0.4536316099989137	SEQC	bootstrap	600.0
	0.37982763855284585	SEQC	bootstrap	601.0
	0.46301815246546374	SEQC	bootstrap	602.0
	0.4851408882080044	SEQC	bootstrap	603.0
	0.4078587890462937	SEQC	bootstrap	604.0
	0.6455596745093262	SEQC	bootstrap	605.0
	0.5486578244343803	SEQC	bootstrap	606.0
	0.411761689353245	SEQC	bootstrap	607.0
	0.4628456238430019	SEQC	bootstrap	608.0
	0.6519930714651192	SEQC	bootstrap	609.0
	0.7130911030095386	SEQC	bootstrap	610.0
	0.5040290510990002	SEQC	bootstrap	611.0
	0.6977842214144037	SEQC	bootstrap	612.0
	0.42729692604426184	SEQC	bootstrap	613.0
	0.44594290611223375	SEQC	bootstrap	614.0
	0.5261719812612657	SEQC	bootstrap	615.0
	0.5400181514140239	SEQC	bootstrap	616.0
	0.649519255056815	SEQC	bootstrap	617.0
	0.4809079256478639	SEQC	bootstrap	618.0
	0.6072458785287895	SEQC	bootstrap	619.0
	0.6424018853136673	SEQC	bootstrap	620.0
	0.4521112439308945	SEQC	bootstrap	621.0
	0.46132889583373027	SEQC	bootstrap	622.0
	0.516886951314993	SEQC	bootstrap	623.0
	0.6862785289229478	SEQC	bootstrap	624.0
	0.5814033770700782	SEQC	bootstrap	625.0
	0.5236631899933366	SEQC	bootstrap	626.0
	0.5546105754698125	SEQC	bootstrap	627.0
	0.6220195747690385	SEQC	bootstrap	628.0
	0.4842492746220999	SEQC	bootstrap	629.0
	0.6233956102673033	SEQC	bootstrap	630.0
	0.5788918278270221	SEQC	bootstrap	631.0
	0.5203381730147973	SEQC	bootstrap	632.0
	0.33482601691370295	SEQC	bootstrap	633.0
	0.5694799621667075	SEQC	bootstrap	634.0
	0.35282813593100437	SEQC	bootstrap	635.0
	0.5692527976391237	SEQC	bootstrap	636.0
	0.4345579706451268	SEQC	bootstrap	637.0
	0.3773753589748714	SEQC	bootstrap	638.0
	0.6777696119155312	SEQC	bootstrap	639.0
	0.507307659550206	SEQC	bootstrap	640.0
	0.5416999187935612	SEQC	bootstrap	641.0
	0.4927567733598881	SEQC	bootstrap	642.0
	0.40249370492387593	SEQC	bootstrap	643.0
	0.33844893051175395	SEQC	bootstrap	644.0
	0.5306027305459682	SEQC	bootstrap	645.0
	0.5018164260857487	SEQC	bootstrap	646.0
	0.46404344832521804	SEQC	bootstrap	647.0
	0.4857805013246077	SEQC	bootstrap	648.0
	0.5311784461267459	SEQC	bootstrap	649.0
	0.49059638985650134	SEQC	bootstrap	650.0
	0.5204745791347238	SEQC	bootstrap	651.0
	0.42157129440802565	SEQC	bootstrap	652.0
	0.514819731778871	SEQC	bootstrap	653.0
	0.5071914948115053	SEQC	bootstrap	654.0
	0.5069204532924068	SEQC	bootstrap	655.0
	0.6415729665522654	SEQC	bootstrap	656.0
	0.48963083477068015	SEQC	bootstrap	657.0
	0.44614135986460246	SEQC	bootstrap	658.0
	0.48015576095181745	SEQC	bootstrap	659.0
	0.4949989727562718	SEQC	bootstrap	660.0
	0.5002489861215653	SEQC	bootstrap	661.0
	0.6018394588186413	SEQC	bootstrap	662.0
	0.5406646369354515	SEQC	bootstrap	663.0
	0.44900557294341326	SEQC	bootstrap	664.0
	0.3921270290792598	SEQC	bootstrap	665.0
	0.5273587971326021	SEQC	bootstrap	666.0
	0.4620556227780037	SEQC	bootstrap	667.0
	0.5566272840041258	SEQC	bootstrap	668.0
	0.49531577782332015	SEQC	bootstrap	669.0
	0.36018361694489975	SEQC	bootstrap	670.0
	0.5333079593585746	SEQC	bootstrap	671.0
	0.4826559631692997	SEQC	bootstrap	672.0
	0.4492816143715137	SEQC	bootstrap	673.0
	0.5333270735168876	SEQC	bootstrap	674.0
	0.41523719078041355	SEQC	bootstrap	675.0
	0.6075430911804633	SEQC	bootstrap	676.0
	0.7305080922175424	SEQC	bootstrap	677.0
	0.5217834797931338	SEQC	bootstrap	678.0
	0.4965079925855198	SEQC	bootstrap	679.0
	0.5799636099510255	SEQC	bootstrap	680.0
	0.48732923609650225	SEQC	bootstrap	681.0
	0.6201184025671327	SEQC	bootstrap	682.0
	0.5202339789489003	SEQC	bootstrap	683.0
	0.34022690608856365	SEQC	bootstrap	684.0
	0.5586550714690319	SEQC	bootstrap	685.0
	0.64820586368233	SEQC	bootstrap	686.0
	0.27679295231131995	SEQC	bootstrap	687.0
	0.45105776857813984	SEQC	bootstrap	688.0
	0.5734302013167776	SEQC	bootstrap	689.0
	0.48303827034878033	SEQC	bootstrap	690.0
	0.6104408418600946	SEQC	bootstrap	691.0
	0.6847259169982496	SEQC	bootstrap	692.0
	0.4181637962914473	SEQC	bootstrap	693.0
	0.5361741015154822	SEQC	bootstrap	694.0
	0.47976391791557305	SEQC	bootstrap	695.0
	0.5067944852757242	SEQC	bootstrap	696.0
	0.2919978076325931	SEQC	bootstrap	697.0
	0.5277162751621343	SEQC	bootstrap	698.0
	0.5155847059505083	SEQC	bootstrap	699.0
	0.47069215563932065	SEQC	bootstrap	700.0
	0.5370203172318204	SEQC	bootstrap	701.0
	0.6549177407641822	SEQC	bootstrap	702.0
	0.279891482223976	SEQC	bootstrap	703.0
	0.7065259611934254	SEQC	bootstrap	704.0
	0.44155149615648615	SEQC	bootstrap	705.0
	0.4036064920402689	SEQC	bootstrap	706.0
	0.5041893957768511	SEQC	bootstrap	707.0
	0.27603349143424216	SEQC	bootstrap	708.0
	0.507256754185951	SEQC	bootstrap	709.0
	0.6787957022441646	SEQC	bootstrap	710.0
	0.3730190912560962	SEQC	bootstrap	711.0
	0.4220822947574545	SEQC	bootstrap	712.0
	0.55057580466449	SEQC	bootstrap	713.0
	0.5389935854837606	SEQC	bootstrap	714.0
	0.5635253051447475	SEQC	bootstrap	715.0
	0.401696121481796	SEQC	bootstrap	716.0
	0.45930305763968127	SEQC	bootstrap	717.0
	0.3848702675889646	SEQC	bootstrap	718.0
	0.6070522294621385	SEQC	bootstrap	719.0
	0.6662596524668909	SEQC	bootstrap	720.0
	0.4817931735404444	SEQC	bootstrap	721.0
	0.4760125204750665	SEQC	bootstrap	722.0
	0.3476177590958076	SEQC	bootstrap	723.0
	0.6832086252330685	SEQC	bootstrap	724.0
	0.5158601935622107	SEQC	bootstrap	725.0
	0.45372252140578384	SEQC	bootstrap	726.0
	0.6285471869321477	SEQC	bootstrap	727.0
	0.36920233289560844	SEQC	bootstrap	728.0
	0.7391014777509803	SEQC	bootstrap	729.0
	0.711125554839318	SEQC	bootstrap	730.0
	0.38451937256460766	SEQC	bootstrap	731.0
	0.3641687765339845	SEQC	bootstrap	732.0
	0.4255803555987572	SEQC	bootstrap	733.0
	0.6371791622839624	SEQC	bootstrap	734.0
	0.3638569671656171	SEQC	bootstrap	735.0
	0.462727504920748	SEQC	bootstrap	736.0
	0.5514887902376606	SEQC	bootstrap	737.0
	0.5723367641220127	SEQC	bootstrap	738.0
	0.5852723269964089	SEQC	bootstrap	739.0
	0.3494116010180215	SEQC	bootstrap	740.0
	0.6683353830645529	SEQC	bootstrap	741.0
	0.39572844242788596	SEQC	bootstrap	742.0
	0.5205531159812238	SEQC	bootstrap	743.0
	0.5803310750254247	SEQC	bootstrap	744.0
	0.7632054966716093	SEQC	bootstrap	745.0
	0.6735485576399927	SEQC	bootstrap	746.0
	0.5461383805041997	SEQC	bootstrap	747.0
	0.5524155471275769	SEQC	bootstrap	748.0
	0.5279758312712315	SEQC	bootstrap	749.0
	0.37461312017133785	SEQC	bootstrap	750.0
	0.5075952125784413	SEQC	bootstrap	751.0
	0.5633781325336717	SEQC	bootstrap	752.0
	0.44543182558142336	SEQC	bootstrap	753.0
	0.60433255940332	SEQC	bootstrap	754.0
	0.41363058172751543	SEQC	bootstrap	755.0
	0.6407116435641496	SEQC	bootstrap	756.0
	0.3630317541667769	SEQC	bootstrap	757.0
	0.4968129732182076	SEQC	bootstrap	758.0
	0.4523993701323592	SEQC	bootstrap	759.0
	0.4653314927793617	SEQC	bootstrap	760.0
	0.3474089657167223	SEQC	bootstrap	761.0
	0.6907476811664361	SEQC	bootstrap	762.0
	0.478849129042314	SEQC	bootstrap	763.0
	0.38620544017469927	SEQC	bootstrap	764.0
	0.5102422720203088	SEQC	bootstrap	765.0
	0.4760454745709679	SEQC	bootstrap	766.0
	0.49618705023826326	SEQC	bootstrap	767.0
	0.7910951418909509	SEQC	bootstrap	768.0
	0.8008637091728166	SEQC	bootstrap	769.0
	0.45143984702961903	SEQC	bootstrap	770.0
	0.4133705201829505	SEQC	bootstrap	771.0
	0.7290399060264927	SEQC	bootstrap	772.0
	0.5184212591919808	SEQC	bootstrap	773.0
	0.6255440441617206	SEQC	bootstrap	774.0
	0.4633502246457959	SEQC	bootstrap	775.0
	0.6218468929321053	SEQC	bootstrap	776.0
	0.3251898954054986	SEQC	bootstrap	777.0
	0.5502252302795445	SEQC	bootstrap	778.0
	0.6221250765093553	SEQC	bootstrap	779.0
	0.5320030826854332	SEQC	bootstrap	780.0
	0.5693515278759245	SEQC	bootstrap	781.0
	0.45594304761253657	SEQC	bootstrap	782.0
	0.5097438794702138	SEQC	bootstrap	783.0
	0.4884615053174626	SEQC	bootstrap	784.0
	0.6001049197323192	SEQC	bootstrap	785.0
	0.5091268977631809	SEQC	bootstrap	786.0
	0.3565019252122741	SEQC	bootstrap	787.0
	0.46630308192587977	SEQC	bootstrap	788.0
	0.6683432295073537	SEQC	bootstrap	789.0
	0.6327231919259901	SEQC	bootstrap	790.0
	0.41488464871830466	SEQC	bootstrap	791.0
	0.43938886680709155	SEQC	bootstrap	792.0
	0.6713949621291251	SEQC	bootstrap	793.0
	0.43570933876720686	SEQC	bootstrap	794.0
	0.5090503958117556	SEQC	bootstrap	795.0
	0.45717283676978404	SEQC	bootstrap	796.0
	0.46835773561978566	SEQC	bootstrap	797.0
	0.4646697849732546	SEQC	bootstrap	798.0
	0.5570885689106628	SEQC	bootstrap	799.0
	0.6746608682253163	SEQC	bootstrap	800.0
	0.5194628933502119	SEQC	bootstrap	801.0
	0.420030950127499	SEQC	bootstrap	802.0
	0.5318999908600182	SEQC	bootstrap	803.0
	0.5668583258618161	SEQC	bootstrap	804.0
	0.497370515609993	SEQC	bootstrap	805.0
	0.6063871752454326	SEQC	bootstrap	806.0
	0.5557811307882892	SEQC	bootstrap	807.0
	0.4358531410870934	SEQC	bootstrap	808.0
	0.5969683609646816	SEQC	bootstrap	809.0
	0.6285473396895163	SEQC	bootstrap	810.0
	0.5409357165939905	SEQC	bootstrap	811.0
	0.3582414962467473	SEQC	bootstrap	812.0
	0.4688931347624332	SEQC	bootstrap	813.0
	0.29187537332319247	SEQC	bootstrap	814.0
	0.5597426874287494	SEQC	bootstrap	815.0
	0.6540933130423952	SEQC	bootstrap	816.0
	0.5642380974318022	SEQC	bootstrap	817.0
	0.5166641401030119	SEQC	bootstrap	818.0
	0.4191641039544245	SEQC	bootstrap	819.0
	0.4050573114166225	SEQC	bootstrap	820.0
	0.45655605415037037	SEQC	bootstrap	821.0
	0.4612452719712108	SEQC	bootstrap	822.0
	0.433268031456127	SEQC	bootstrap	823.0
	0.574595926514144	SEQC	bootstrap	824.0
	0.4663200544303008	SEQC	bootstrap	825.0
	0.5770200393710865	SEQC	bootstrap	826.0
	0.6473738685502948	SEQC	bootstrap	827.0
	0.5158656119786977	SEQC	bootstrap	828.0
	0.5283828020333154	SEQC	bootstrap	829.0
	0.4846314119615105	SEQC	bootstrap	830.0
	0.5967395144635725	SEQC	bootstrap	831.0
	0.4661003838337989	SEQC	bootstrap	832.0
	0.49426665603877495	SEQC	bootstrap	833.0
	0.6928723212324384	SEQC	bootstrap	834.0
	0.4111395543427858	SEQC	bootstrap	835.0
	0.4872839475202029	SEQC	bootstrap	836.0
	0.4865759797508007	SEQC	bootstrap	837.0
	0.4548059793985071	SEQC	bootstrap	838.0
	0.415715786389228	SEQC	bootstrap	839.0
	0.6207052393382733	SEQC	bootstrap	840.0
	0.4974840408420138	SEQC	bootstrap	841.0
	0.4909155673194343	SEQC	bootstrap	842.0
	0.44845383902361435	SEQC	bootstrap	843.0
	0.5189509975307147	SEQC	bootstrap	844.0
	0.628036174740235	SEQC	bootstrap	845.0
	0.5342140680816629	SEQC	bootstrap	846.0
	0.7017955501174487	SEQC	bootstrap	847.0
	0.5640968284106429	SEQC	bootstrap	848.0
	0.42607147780187127	SEQC	bootstrap	849.0
	0.5453758576241601	SEQC	bootstrap	850.0
	0.4259433637460619	SEQC	bootstrap	851.0
	0.5459819534774133	SEQC	bootstrap	852.0
	0.2977048209075779	SEQC	bootstrap	853.0
	0.41793502247857717	SEQC	bootstrap	854.0
	0.4079050838161802	SEQC	bootstrap	855.0
	0.6898570416197294	SEQC	bootstrap	856.0
	0.5634817589280932	SEQC	bootstrap	857.0
	0.3667972985387635	SEQC	bootstrap	858.0
	0.5813838527629915	SEQC	bootstrap	859.0
	0.5853435473430637	SEQC	bootstrap	860.0
	0.5502589891055658	SEQC	bootstrap	861.0
	0.5384528259810684	SEQC	bootstrap	862.0
	0.6406483842392605	SEQC	bootstrap	863.0
	0.5622700822411302	SEQC	bootstrap	864.0
	0.6861964132751881	SEQC	bootstrap	865.0
	0.5374490536370065	SEQC	bootstrap	866.0
	0.5991739783160157	SEQC	bootstrap	867.0
	0.3873014696296506	SEQC	bootstrap	868.0
	0.5214340586140667	SEQC	bootstrap	869.0
	0.41830375547064236	SEQC	bootstrap	870.0
	0.45228648921957815	SEQC	bootstrap	871.0
	0.4021602373580766	SEQC	bootstrap	872.0
	0.4950853545998717	SEQC	bootstrap	873.0
	0.6134942314321505	SEQC	bootstrap	874.0
	0.46233331366463704	SEQC	bootstrap	875.0
	0.5943830367085967	SEQC	bootstrap	876.0
	0.45872225630647145	SEQC	bootstrap	877.0
	0.5000748617118176	SEQC	bootstrap	878.0
	0.5372595782000809	SEQC	bootstrap	879.0
	0.46172229419665056	SEQC	bootstrap	880.0
	0.5605035122128674	SEQC	bootstrap	881.0
	0.44115547500975216	SEQC	bootstrap	882.0
	0.5242918464973987	SEQC	bootstrap	883.0
	0.5058032353667916	SEQC	bootstrap	884.0
	0.36858895316288187	SEQC	bootstrap	885.0
	0.3910351919774002	SEQC	bootstrap	886.0
	0.4217913781883924	SEQC	bootstrap	887.0
	0.3257889100203748	SEQC	bootstrap	888.0
	0.4564947049250372	SEQC	bootstrap	889.0
	0.5325018102038603	SEQC	bootstrap	890.0
	0.7053562350032339	SEQC	bootstrap	891.0
	0.4670138965613426	SEQC	bootstrap	892.0
	0.5659681188214307	SEQC	bootstrap	893.0
	0.43722280283457193	SEQC	bootstrap	894.0
	0.6132551960944577	SEQC	bootstrap	895.0
	0.32716324488541915	SEQC	bootstrap	896.0
	0.6284124216569946	SEQC	bootstrap	897.0
	0.5165587991108374	SEQC	bootstrap	898.0
	0.5363260977908513	SEQC	bootstrap	899.0
	0.6974958422572048	SEQC	bootstrap	900.0
	0.5123985573040386	SEQC	bootstrap	901.0
	0.4571274722704137	SEQC	bootstrap	902.0
	0.36483086048400626	SEQC	bootstrap	903.0
	0.6992317014875473	SEQC	bootstrap	904.0
	0.5244699644018866	SEQC	bootstrap	905.0
	0.5265226470354123	SEQC	bootstrap	906.0
	0.620949144919535	SEQC	bootstrap	907.0
	0.5819013304738418	SEQC	bootstrap	908.0
	0.28210958793978236	SEQC	bootstrap	909.0
	0.5629844286851924	SEQC	bootstrap	910.0
	0.3144018968886164	SEQC	bootstrap	911.0
	0.5635090606239137	SEQC	bootstrap	912.0
	0.41363653839900927	SEQC	bootstrap	913.0
	0.6034231061861135	SEQC	bootstrap	914.0
	0.45590850253986037	SEQC	bootstrap	915.0
	0.28424136142537026	SEQC	bootstrap	916.0
	0.3193435244045171	SEQC	bootstrap	917.0
	0.4106380421937379	SEQC	bootstrap	918.0
	0.5028024241019904	SEQC	bootstrap	919.0
	0.4498715924947736	SEQC	bootstrap	920.0
	0.7225949030739129	SEQC	bootstrap	921.0
	0.47146738560171064	SEQC	bootstrap	922.0
	0.4995108914156554	SEQC	bootstrap	923.0
	0.6456444894952695	SEQC	bootstrap	924.0
	0.6128749491071566	SEQC	bootstrap	925.0
	0.5491187544597409	SEQC	bootstrap	926.0
	0.6083094723610984	SEQC	bootstrap	927.0
	0.5101993789965045	SEQC	bootstrap	928.0
	0.5471073835069493	SEQC	bootstrap	929.0
	0.6961627144139619	SEQC	bootstrap	930.0
	0.5150545091140302	SEQC	bootstrap	931.0
	0.6600962537425654	SEQC	bootstrap	932.0
	0.6480344542761576	SEQC	bootstrap	933.0
	0.32668523722805354	SEQC	bootstrap	934.0
	0.5701613311242011	SEQC	bootstrap	935.0
	0.46302982506498314	SEQC	bootstrap	936.0
	0.46222596813545236	SEQC	bootstrap	937.0
	0.45959560651998643	SEQC	bootstrap	938.0
	0.6875796637383957	SEQC	bootstrap	939.0
	0.4923550507431482	SEQC	bootstrap	940.0
	0.336536906623333	SEQC	bootstrap	941.0
	0.4319751404791212	SEQC	bootstrap	942.0
	0.6912944402106311	SEQC	bootstrap	943.0
	0.5462308436630869	SEQC	bootstrap	944.0
	0.6808502213453771	SEQC	bootstrap	945.0
	0.39087902875584124	SEQC	bootstrap	946.0
	0.46062042240573886	SEQC	bootstrap	947.0
	0.39950960446956785	SEQC	bootstrap	948.0
	0.44615254158773077	SEQC	bootstrap	949.0
	0.6639862448693501	SEQC	bootstrap	950.0
	0.33282248381349744	SEQC	bootstrap	951.0
	0.6743983749351012	SEQC	bootstrap	952.0
	0.4781484502115827	SEQC	bootstrap	953.0
	0.4103200719908733	SEQC	bootstrap	954.0
	0.48956330363639333	SEQC	bootstrap	955.0
	0.38131778924014315	SEQC	bootstrap	956.0
	0.5598211090647496	SEQC	bootstrap	957.0
	0.4306461821066865	SEQC	bootstrap	958.0
	0.4463824411154662	SEQC	bootstrap	959.0
	0.5420117844150396	SEQC	bootstrap	960.0
	0.2222543699720605	SEQC	bootstrap	961.0
	0.6233914590339649	SEQC	bootstrap	962.0
	0.5436619755254699	SEQC	bootstrap	963.0
	0.5149838546707404	SEQC	bootstrap	964.0
	0.4584042073252359	SEQC	bootstrap	965.0
	0.6653545291390524	SEQC	bootstrap	966.0
	0.5395628553405212	SEQC	bootstrap	967.0
	0.5130314540249756	SEQC	bootstrap	968.0
	0.5674254702707224	SEQC	bootstrap	969.0
	0.43622105680401546	SEQC	bootstrap	970.0
	0.4955545219316071	SEQC	bootstrap	971.0
	0.5120448311696832	SEQC	bootstrap	972.0
	0.47485146987049554	SEQC	bootstrap	973.0
	0.5488673122183574	SEQC	bootstrap	974.0
	0.6210565522137923	SEQC	bootstrap	975.0
	0.6666274822059846	SEQC	bootstrap	976.0
	0.5198511752443924	SEQC	bootstrap	977.0
	0.6599146274129533	SEQC	bootstrap	978.0
	0.541589180018299	SEQC	bootstrap	979.0
	0.6293438484191447	SEQC	bootstrap	980.0
	0.6377888013795379	SEQC	bootstrap	981.0
	0.4936454695265762	SEQC	bootstrap	982.0
	0.4472260394290326	SEQC	bootstrap	983.0
	0.5316760934858431	SEQC	bootstrap	984.0
	0.5383701733503923	SEQC	bootstrap	985.0
	0.38779399313476715	SEQC	bootstrap	986.0
	0.6966391807204224	SEQC	bootstrap	987.0
	0.5203848730776222	SEQC	bootstrap	988.0
	0.4765452332084936	SEQC	bootstrap	989.0
	0.5210749131687002	SEQC	bootstrap	990.0
	0.6285602389949454	SEQC	bootstrap	991.0
	0.37231757765595264	SEQC	bootstrap	992.0
	0.40149483739009284	SEQC	bootstrap	993.0
	0.5412044183413682	SEQC	bootstrap	994.0
	0.6953822160704863	SEQC	bootstrap	995.0
	0.40108167854814925	SEQC	bootstrap	996.0
	0.42230493451152595	SEQC	bootstrap	997.0
	0.28338560533928403	SEQC	bootstrap	998.0
	0.6242833949566697	SEQC	bootstrap	999.0
	0.46693523318940766	SEQC	bootstrap	1000.0
	0.3908566159475684	SEQC	bootstrap	1001.0
	0.4450004506850802	SEQC	bootstrap	1002.0
	0.4784942959091514	SEQC	bootstrap	1003.0
	0.36300035292028365	SEQC	bootstrap	1004.0
	0.6494603249395454	SEQC	bootstrap	1005.0
	0.5503561508609014	SEQC	bootstrap	1006.0
	0.6099552036134792	SEQC	bootstrap	1007.0
	0.6414273188977884	SEQC	bootstrap	1008.0
	0.5732326446495919	SEQC	bootstrap	1009.0
	0.4328443875635597	SEQC	bootstrap	1010.0
	0.5056775530659903	SEQC	bootstrap	1011.0
	0.5582685777124818	SEQC	bootstrap	1012.0
	0.4384636105566786	SEQC	bootstrap	1013.0
	0.5265616728820182	SEQC	bootstrap	1014.0
	0.35962926648259286	SEQC	bootstrap	1015.0
	0.5544048380091806	SEQC	bootstrap	1016.0
	0.417331773439102	SEQC	bootstrap	1017.0
	0.5234430673860753	SEQC	bootstrap	1018.0
	0.5240689938309764	SEQC	bootstrap	1019.0
	0.5173949416626735	SEQC	bootstrap	1020.0
	0.49948378539649374	SEQC	bootstrap	1021.0
	0.5006091301609534	SEQC	bootstrap	1022.0
	0.6806637356337943	SEQC	bootstrap	1023.0
	0.5506431841388455	SEQC	bootstrap	1024.0
	0.5062954558127615	SEQC	bootstrap	1025.0
	0.5233321359083298	SEQC	bootstrap	1026.0
	0.5502876878522263	SEQC	bootstrap	1027.0
	0.5835961916657819	SEQC	bootstrap	1028.0
	0.4907431707730834	SEQC	bootstrap	1029.0
	0.4929668704436443	SEQC	bootstrap	1030.0
	0.5322417756164537	SEQC	bootstrap	1031.0
	0.562078463968807	SEQC	bootstrap	1032.0
	0.6751124126897623	SEQC	bootstrap	1033.0
	0.570619876761814	SEQC	bootstrap	1034.0
	0.4760958634967354	SEQC	bootstrap	1035.0
	0.41257919208017757	SEQC	bootstrap	1036.0
	0.5204663497034443	SEQC	bootstrap	1037.0
	0.4323208029197345	SEQC	bootstrap	1038.0
	0.4221525276488194	SEQC	bootstrap	1039.0
	0.4783623910478352	SEQC	bootstrap	1040.0
	0.5223255367366848	SEQC	bootstrap	1041.0
	0.5821132790571264	SEQC	bootstrap	1042.0
	0.5372059856629465	SEQC	bootstrap	1043.0
	0.5099356575744958	SEQC	bootstrap	1044.0
	0.4222544847382079	SEQC	bootstrap	1045.0
	0.48135213304886015	SEQC	bootstrap	1046.0
	0.5050715805770571	SEQC	bootstrap	1047.0
	0.4418000839503775	SEQC	bootstrap	1048.0
	0.5855219018576667	SEQC	bootstrap	1049.0
	0.4431316691382885	SEQC	bootstrap	1050.0
	0.533908465992853	SEQC	bootstrap	1051.0
	0.6260524981352762	SEQC	bootstrap	1052.0
	0.3746221116562838	SEQC	bootstrap	1053.0
	0.6988618107912687	SEQC	bootstrap	1054.0
	0.4996353601678587	SEQC	bootstrap	1055.0
	0.48486909101043585	SEQC	bootstrap	1056.0
	0.5139156699442351	SEQC	bootstrap	1057.0
	0.6462340118549292	SEQC	bootstrap	1058.0
	0.3023520549896701	SEQC	bootstrap	1059.0
	0.656346339958481	SEQC	bootstrap	1060.0
	0.5585376592942266	SEQC	bootstrap	1061.0
	0.5558875332079567	SEQC	bootstrap	1062.0
	0.608195052186328	SEQC	bootstrap	1063.0
	0.3370051929788067	SEQC	bootstrap	1064.0
	0.48158528387389854	SEQC	bootstrap	1065.0
	0.5490187585641348	SEQC	bootstrap	1066.0
	0.5876557475422541	SEQC	bootstrap	1067.0
	0.5367818705031446	SEQC	bootstrap	1068.0
	0.4172586245493042	SEQC	bootstrap	1069.0
	0.6078650939440173	SEQC	bootstrap	1070.0
	0.4857985175493247	SEQC	bootstrap	1071.0
	0.5125648729216294	SEQC	bootstrap	1072.0
	0.5136157194647755	SEQC	bootstrap	1073.0
	0.47877112466475014	SEQC	bootstrap	1074.0
	0.28437301041181495	SEQC	bootstrap	1075.0
	0.558183852274194	SEQC	bootstrap	1076.0
	0.41786267345408135	SEQC	bootstrap	1077.0
	0.4016150091604258	SEQC	bootstrap	1078.0
	0.5492168695345652	SEQC	bootstrap	1079.0
	0.6410570114582042	SEQC	bootstrap	1080.0
	0.339836857774499	SEQC	bootstrap	1081.0
	0.40860304613024123	SEQC	bootstrap	1082.0
	0.5070388418223253	SEQC	bootstrap	1083.0
	0.5411488034620322	SEQC	bootstrap	1084.0
	0.7172109890629366	SEQC	bootstrap	1085.0
	0.6743403184759846	SEQC	bootstrap	1086.0
	0.49357828078563815	SEQC	bootstrap	1087.0
	0.5127546561988812	SEQC	bootstrap	1088.0
	0.43968543570202634	SEQC	bootstrap	1089.0
	0.5761350527558768	SEQC	bootstrap	1090.0
	0.405348188001569	SEQC	bootstrap	1091.0
	0.4416936974649519	SEQC	bootstrap	1092.0
	0.36160514903051144	SEQC	bootstrap	1093.0
	0.5648908054309927	SEQC	bootstrap	1094.0
	0.4722880008881112	SEQC	bootstrap	1095.0
	0.6234674126228126	SEQC	bootstrap	1096.0
	0.4370115285849403	SEQC	bootstrap	1097.0
	0.5769357562005575	SEQC	bootstrap	1098.0
	0.3369463523899987	SEQC	bootstrap	1099.0
	0.47824319637085244	SEQC	bootstrap	1100.0
	0.5011446932781194	SEQC	bootstrap	1101.0
	0.5054405951282681	SEQC	bootstrap	1102.0
	0.5543831722201578	SEQC	bootstrap	1103.0
	0.465983769191483	SEQC	bootstrap	1104.0
	0.4716700241612357	SEQC	bootstrap	1105.0
	0.4050535862610869	SEQC	bootstrap	1106.0
	0.6117301449080759	SEQC	bootstrap	1107.0
	0.4138042105227586	SEQC	bootstrap	1108.0
	0.5736132589288219	SEQC	bootstrap	1109.0
	0.5184172426847629	SEQC	bootstrap	1110.0
	0.3972196921713964	SEQC	bootstrap	1111.0
	0.5067139900367965	SEQC	bootstrap	1112.0
	0.4460195019973612	SEQC	bootstrap	1113.0
	0.5943842234602665	SEQC	bootstrap	1114.0
	0.4964630250851023	SEQC	bootstrap	1115.0
	0.6185527066086101	SEQC	bootstrap	1116.0
	0.49412097576553515	SEQC	bootstrap	1117.0
	0.4653630299397009	SEQC	bootstrap	1118.0
	0.37920871174295145	SEQC	bootstrap	1119.0
	0.533923002890337	SEQC	bootstrap	1120.0
	0.5528884816973134	SEQC	bootstrap	1121.0
	0.46604156901963467	SEQC	bootstrap	1122.0
	0.5765327795230961	SEQC	bootstrap	1123.0
	0.36335764758799005	SEQC	bootstrap	1124.0
	0.5629305923899248	SEQC	bootstrap	1125.0
	0.5126735933813116	SEQC	bootstrap	1126.0
	0.5141294993284089	SEQC	bootstrap	1127.0
	0.5165868876735704	SEQC	bootstrap	1128.0
	0.36492277138190143	SEQC	bootstrap	1129.0
	0.4751375235485833	SEQC	bootstrap	1130.0
	0.5187039376199389	SEQC	bootstrap	1131.0
	0.6385159743782478	SEQC	bootstrap	1132.0
	0.7638350677178689	SEQC	bootstrap	1133.0
	0.3913642725987505	SEQC	bootstrap	1134.0
	0.35318462920682103	SEQC	bootstrap	1135.0
	0.5062941016600906	SEQC	bootstrap	1136.0
	0.6369759555560486	SEQC	bootstrap	1137.0
	0.4886406195087032	SEQC	bootstrap	1138.0
	0.34515353544014804	SEQC	bootstrap	1139.0
	0.39418535943192845	SEQC	bootstrap	1140.0
	0.4253664518013789	SEQC	bootstrap	1141.0
	0.4487776731899027	SEQC	bootstrap	1142.0
	0.6097889642263699	SEQC	bootstrap	1143.0
	0.5427100550091537	SEQC	bootstrap	1144.0
	0.4521620714887704	SEQC	bootstrap	1145.0
	0.5380847096430066	SEQC	bootstrap	1146.0
	0.39002684754628003	SEQC	bootstrap	1147.0
	0.4834698183623187	SEQC	bootstrap	1148.0
	0.39266864122560197	SEQC	bootstrap	1149.0
	0.3985709970969511	SEQC	bootstrap	1150.0
	0.48907406007154597	SEQC	bootstrap	1151.0
	0.3116431216008886	SEQC	bootstrap	1152.0
	0.5314922083274101	SEQC	bootstrap	1153.0
	0.515931094731398	SEQC	bootstrap	1154.0
	0.4424864358386076	SEQC	bootstrap	1155.0
	0.7356270520400385	SEQC	bootstrap	1156.0
	0.4789522316690249	SEQC	bootstrap	1157.0
	0.6500667976676464	SEQC	bootstrap	1158.0
	0.6387085865842814	SEQC	bootstrap	1159.0
	0.3801012325115223	SEQC	bootstrap	1160.0
	0.6293083741373762	SEQC	bootstrap	1161.0
	0.6206140361683623	SEQC	bootstrap	1162.0
	0.6457730288580597	SEQC	bootstrap	1163.0
	0.4618342586224169	SEQC	bootstrap	1164.0
	0.5814857335201014	SEQC	bootstrap	1165.0
	0.48441371361140506	SEQC	bootstrap	1166.0
	0.4337010560807122	SEQC	bootstrap	1167.0
	0.7863115128210088	SEQC	bootstrap	1168.0
	0.631338239611885	SEQC	bootstrap	1169.0
	0.6017596591701735	SEQC	bootstrap	1170.0
	0.5087833024883235	SEQC	bootstrap	1171.0
	0.46535633534894805	SEQC	bootstrap	1172.0
	0.513316358472069	SEQC	bootstrap	1173.0
	0.5236710855469258	SEQC	bootstrap	1174.0
	0.33518768578313285	SEQC	bootstrap	1175.0
	0.5794425699436045	SEQC	bootstrap	1176.0
	0.4381678272799112	SEQC	bootstrap	1177.0
	0.4779267714061928	SEQC	bootstrap	1178.0
	0.6349126465452439	SEQC	bootstrap	1179.0
	0.6088941145155475	SEQC	bootstrap	1180.0
	0.3386724237988221	SEQC	bootstrap	1181.0
	0.46259205479894705	SEQC	bootstrap	1182.0
	0.6545142860351061	SEQC	bootstrap	1183.0
	0.5972050849932988	SEQC	bootstrap	1184.0
	0.5148621390518624	SEQC	bootstrap	1185.0
	0.39782235572628677	SEQC	bootstrap	1186.0
	0.4847097467690169	SEQC	bootstrap	1187.0
	0.5767397234067322	SEQC	bootstrap	1188.0
	0.6931447665732193	SEQC	bootstrap	1189.0
	0.40671406598682625	SEQC	bootstrap	1190.0
	0.5680144812459655	SEQC	bootstrap	1191.0
	0.5894110942155755	SEQC	bootstrap	1192.0
	0.4595735397643086	SEQC	bootstrap	1193.0
	0.42868524804871866	SEQC	bootstrap	1194.0
	0.44819237649206656	SEQC	bootstrap	1195.0
	0.47648688073210943	SEQC	bootstrap	1196.0
	0.44428137795630507	SEQC	bootstrap	1197.0
	0.4627747797891111	SEQC	bootstrap	1198.0
	0.4062489933567406	SEQC	bootstrap	1199.0
	0.2751274185969175	SEQC	bootstrap	1200.0
	0.4877046598102921	SEQC	bootstrap	1201.0
	0.5424256317232605	SEQC	bootstrap	1202.0
	0.4401494329171576	SEQC	bootstrap	1203.0
	0.4845837407574285	SEQC	bootstrap	1204.0
	0.5005794345832308	SEQC	bootstrap	1205.0
	0.4075254700674793	SEQC	bootstrap	1206.0
	0.5788613493295549	SEQC	bootstrap	1207.0
	0.7644892491167963	SEQC	bootstrap	1208.0
	0.4600848545683509	SEQC	bootstrap	1209.0
	0.5167041388569733	SEQC	bootstrap	1210.0
	0.35090474423792184	SEQC	bootstrap	1211.0
	0.356653173765487	SEQC	bootstrap	1212.0
	0.5251941984133301	SEQC	bootstrap	1213.0
	0.4887190540529218	SEQC	bootstrap	1214.0
	0.4918087725753493	SEQC	bootstrap	1215.0
	0.6162964000814921	SEQC	bootstrap	1216.0
	0.4774145447753617	SEQC	bootstrap	1217.0
	0.4541557276539754	SEQC	bootstrap	1218.0
	0.6013945091631689	SEQC	bootstrap	1219.0
	0.4741552669357221	SEQC	bootstrap	1220.0
	0.6346271064694262	SEQC	bootstrap	1221.0
	0.5409325165315435	SEQC	bootstrap	1222.0
	0.5819760189162024	SEQC	bootstrap	1223.0
	0.5531456140314686	SEQC	bootstrap	1224.0
	0.6046268132542734	SEQC	bootstrap	1225.0
	0.5804421829542981	SEQC	bootstrap	1226.0
	0.5266235964311257	SEQC	bootstrap	1227.0
	0.5255112442799978	SEQC	bootstrap	1228.0
	0.5583213891239098	SEQC	bootstrap	1229.0
	0.6710233616273209	SEQC	bootstrap	1230.0
	0.4118044700608854	SEQC	bootstrap	1231.0
	0.49563717447696165	SEQC	bootstrap	1232.0
	0.5463991320261377	SEQC	bootstrap	1233.0
	0.49370421107167006	SEQC	bootstrap	1234.0
	0.5199411658234583	SEQC	bootstrap	1235.0
	0.4057671460426513	SEQC	bootstrap	1236.0
	0.511485179579251	SEQC	bootstrap	1237.0
	0.48729273558155484	SEQC	bootstrap	1238.0
	0.40960786361880297	SEQC	bootstrap	1239.0
	0.5308159082194446	SEQC	bootstrap	1240.0
	0.43484209526111073	SEQC	bootstrap	1241.0
	0.6359772206385395	SEQC	bootstrap	1242.0
	0.5158313317999137	SEQC	bootstrap	1243.0
	0.5308485305002009	SEQC	bootstrap	1244.0
	0.36655698224309496	SEQC	bootstrap	1245.0
	0.49291836014023627	SEQC	bootstrap	1246.0
	0.500741265923073	SEQC	bootstrap	1247.0
	0.5426540826358699	SEQC	bootstrap	1248.0
	0.33366595317886194	SEQC	bootstrap	1249.0
	0.4242179548147771	SEQC	bootstrap	1250.0
	0.6311679532592676	SEQC	bootstrap	1251.0
	0.5461882609795952	SEQC	bootstrap	1252.0
	0.4299169383228074	SEQC	bootstrap	1253.0
	0.5126233669211704	SEQC	bootstrap	1254.0
	0.43098646950685726	SEQC	bootstrap	1255.0
	0.37393792696182704	SEQC	bootstrap	1256.0
	0.7079464333562258	SEQC	bootstrap	1257.0
	0.5799790515382082	SEQC	bootstrap	1258.0
	0.5401876067835234	SEQC	bootstrap	1259.0
	0.5255791853260532	SEQC	bootstrap	1260.0
	0.386495472484381	SEQC	bootstrap	1261.0
	0.3682827471056229	SEQC	bootstrap	1262.0
	0.4232144996579654	SEQC	bootstrap	1263.0
	0.5451029775582255	SEQC	bootstrap	1264.0
	0.5645488130519634	SEQC	bootstrap	1265.0
	0.5826806777170308	SEQC	bootstrap	1266.0
	0.6297852898040519	SEQC	bootstrap	1267.0
	0.488139442432177	SEQC	bootstrap	1268.0
	0.42710347909356816	SEQC	bootstrap	1269.0
	0.6213299453392067	SEQC	bootstrap	1270.0
	0.42993981077452537	SEQC	bootstrap	1271.0
	0.5962368395187809	SEQC	bootstrap	1272.0
	0.6023822068700486	SEQC	bootstrap	1273.0
	0.3783790638901374	SEQC	bootstrap	1274.0
	0.6433264177047016	SEQC	bootstrap	1275.0
	0.6207929352074837	SEQC	bootstrap	1276.0
	0.4642156759510492	SEQC	bootstrap	1277.0
	0.5394671131484468	SEQC	bootstrap	1278.0
	0.5412137089208549	SEQC	bootstrap	1279.0
	0.48231243668623014	SEQC	bootstrap	1280.0
	0.49603091552082823	SEQC	bootstrap	1281.0
	0.6835216975462481	SEQC	bootstrap	1282.0
	0.5350603522427129	SEQC	bootstrap	1283.0
	0.48027931292660586	SEQC	bootstrap	1284.0
	0.5639663117210039	SEQC	bootstrap	1285.0
	0.6371236249263532	SEQC	bootstrap	1286.0
	0.6342857785231275	SEQC	bootstrap	1287.0
	0.3590357732320766	SEQC	bootstrap	1288.0
	0.427763428699488	SEQC	bootstrap	1289.0
	0.44888020453668975	SEQC	bootstrap	1290.0
	0.3898274000627451	SEQC	bootstrap	1291.0
	0.526167206108795	SEQC	bootstrap	1292.0
	0.5891457555107036	SEQC	bootstrap	1293.0
	0.39009374616397485	SEQC	bootstrap	1294.0
	0.4874659756553861	SEQC	bootstrap	1295.0
	0.44656387562659283	SEQC	bootstrap	1296.0
	0.6484712747551109	SEQC	bootstrap	1297.0
	0.38002430095189066	SEQC	bootstrap	1298.0
	0.39021025494952566	SEQC	bootstrap	1299.0
	0.41591889575504704	SEQC	bootstrap	1300.0
	0.5214546438075951	SEQC	bootstrap	1301.0
	0.66233801015703	SEQC	bootstrap	1302.0
	0.5019464713549042	SEQC	bootstrap	1303.0
	0.5300282488841082	SEQC	bootstrap	1304.0
	0.686538140097122	SEQC	bootstrap	1305.0
	0.5916567397996682	SEQC	bootstrap	1306.0
	0.47468953350886434	SEQC	bootstrap	1307.0
	0.41930404852085523	SEQC	bootstrap	1308.0
	0.5721804483744202	SEQC	bootstrap	1309.0
	0.7117965478164661	SEQC	bootstrap	1310.0
	0.49197339347916946	SEQC	bootstrap	1311.0
	0.5828635912586231	SEQC	bootstrap	1312.0
	0.606581683813876	SEQC	bootstrap	1313.0
	0.4243185724382639	SEQC	bootstrap	1314.0
	0.46244808497433665	SEQC	bootstrap	1315.0
	0.5428047372491291	SEQC	bootstrap	1316.0
	0.42187836379844823	SEQC	bootstrap	1317.0
	0.3284632729948189	SEQC	bootstrap	1318.0
	0.44685917063575165	SEQC	bootstrap	1319.0
	0.4542594432814786	SEQC	bootstrap	1320.0
	0.47634559894810424	SEQC	bootstrap	1321.0
	0.5706341993273729	SEQC	bootstrap	1322.0
	0.3851684898369716	SEQC	bootstrap	1323.0
	0.5012417711123023	SEQC	bootstrap	1324.0
	0.8042561796270311	SEQC	bootstrap	1325.0
	0.5779606437968972	SEQC	bootstrap	1326.0
	0.5920773155433485	SEQC	bootstrap	1327.0
	0.45335389615983557	SEQC	bootstrap	1328.0
	0.6019600215177903	SEQC	bootstrap	1329.0
	0.4614745789941903	SEQC	bootstrap	1330.0
	0.5441258540762077	SEQC	bootstrap	1331.0
	0.3413423919404037	SEQC	bootstrap	1332.0
	0.5145737246249831	SEQC	bootstrap	1333.0
	0.4475031182249052	SEQC	bootstrap	1334.0
	0.4115416349163503	SEQC	bootstrap	1335.0
	0.46722915694696354	SEQC	bootstrap	1336.0
	0.3966002870539991	SEQC	bootstrap	1337.0
	0.468708241648065	SEQC	bootstrap	1338.0
	0.3915961503055665	SEQC	bootstrap	1339.0
	0.4674871307595998	SEQC	bootstrap	1340.0
	0.40037358515034693	SEQC	bootstrap	1341.0
	0.4895452731851626	SEQC	bootstrap	1342.0
	0.41492936038260675	SEQC	bootstrap	1343.0
	0.5184590199710013	SEQC	bootstrap	1344.0
	0.5417785345366397	SEQC	bootstrap	1345.0
	0.41294576212570044	SEQC	bootstrap	1346.0
	0.5321313421582743	SEQC	bootstrap	1347.0
	0.5619639339866649	SEQC	bootstrap	1348.0
	0.5225014834689765	SEQC	bootstrap	1349.0
	0.5634640713288706	SEQC	bootstrap	1350.0
	0.4280632709544605	SEQC	bootstrap	1351.0
	0.5225235452107655	SEQC	bootstrap	1352.0
	0.6488823590799662	SEQC	bootstrap	1353.0
	0.4759731368247824	SEQC	bootstrap	1354.0
	0.5668223012176199	SEQC	bootstrap	1355.0
	0.6282415133722816	SEQC	bootstrap	1356.0
	0.34218984258566953	SEQC	bootstrap	1357.0
	0.42832709327129237	SEQC	bootstrap	1358.0
	0.4701609260905766	SEQC	bootstrap	1359.0
	0.6544409859681997	SEQC	bootstrap	1360.0
	0.8884044152041923	SEQC	bootstrap	1361.0
	0.5259529886703529	SEQC	bootstrap	1362.0
	0.6333460775768724	SEQC	bootstrap	1363.0
	0.6097275811180709	SEQC	bootstrap	1364.0
	0.6036362786568334	SEQC	bootstrap	1365.0
	0.6019410960993268	SEQC	bootstrap	1366.0
	0.7138670960756435	SEQC	bootstrap	1367.0
	0.6090397375747805	SEQC	bootstrap	1368.0
	0.560219943392668	SEQC	bootstrap	1369.0
	0.5893283372887055	SEQC	bootstrap	1370.0
	0.37259290199877837	SEQC	bootstrap	1371.0
	0.5937426099050365	SEQC	bootstrap	1372.0
	0.6727514411314925	SEQC	bootstrap	1373.0
	0.5578740686370969	SEQC	bootstrap	1374.0
	0.6014077954058239	SEQC	bootstrap	1375.0
	0.5321140348790268	SEQC	bootstrap	1376.0
	0.5524327569328222	SEQC	bootstrap	1377.0
	0.466858251859549	SEQC	bootstrap	1378.0
	0.6089523605291052	SEQC	bootstrap	1379.0
	0.5812153330786338	SEQC	bootstrap	1380.0
	0.3145083111060316	SEQC	bootstrap	1381.0
	0.5696378169549501	SEQC	bootstrap	1382.0
	0.31475130435724674	SEQC	bootstrap	1383.0
	0.4221378203965229	SEQC	bootstrap	1384.0
	0.5252257437635839	SEQC	bootstrap	1385.0
	0.5030827488282839	SEQC	bootstrap	1386.0
	0.46324991286802275	SEQC	bootstrap	1387.0
	0.5044705771522269	SEQC	bootstrap	1388.0
	0.40148818268122843	SEQC	bootstrap	1389.0
	0.5517358437241731	SEQC	bootstrap	1390.0
	0.48578106773580965	SEQC	bootstrap	1391.0
	0.4365500391374484	SEQC	bootstrap	1392.0
	0.5384000455119331	SEQC	bootstrap	1393.0
	0.4178790203220544	SEQC	bootstrap	1394.0
	0.43107968332068314	SEQC	bootstrap	1395.0
	0.4234345263148849	SEQC	bootstrap	1396.0
	0.676451779780316	SEQC	bootstrap	1397.0
	0.4291157826109373	SEQC	bootstrap	1398.0
	0.4718942199048044	SEQC	bootstrap	1399.0
	0.3890919865517528	SEQC	bootstrap	1400.0
	0.8407433595749838	SEQC	bootstrap	1401.0
	0.4842602260524944	SEQC	bootstrap	1402.0
	0.6214411894446092	SEQC	bootstrap	1403.0
	0.5636329506786733	SEQC	bootstrap	1404.0
	0.542701031181418	SEQC	bootstrap	1405.0
	0.4885955415246408	SEQC	bootstrap	1406.0
	0.41592693516829327	SEQC	bootstrap	1407.0
	0.5815620199559208	SEQC	bootstrap	1408.0
	0.4018416456116136	SEQC	bootstrap	1409.0
	0.4799792823836717	SEQC	bootstrap	1410.0
	0.4729723852383394	SEQC	bootstrap	1411.0
	0.4870620944981541	SEQC	bootstrap	1412.0
	0.43219772094610676	SEQC	bootstrap	1413.0
	0.5122406616514397	SEQC	bootstrap	1414.0
	0.5874730571792885	SEQC	bootstrap	1415.0
	0.39133133402186315	SEQC	bootstrap	1416.0
	0.5066773249970913	SEQC	bootstrap	1417.0
	0.4702580308796267	SEQC	bootstrap	1418.0
	0.4264585606792797	SEQC	bootstrap	1419.0
	0.54072386177458	SEQC	bootstrap	1420.0
	0.5441016848639872	SEQC	bootstrap	1421.0
	0.4731963065106455	SEQC	bootstrap	1422.0
	0.4078586290939956	SEQC	bootstrap	1423.0
	0.5322333531321801	SEQC	bootstrap	1424.0
	0.478336221591098	SEQC	bootstrap	1425.0
	0.5609070661592614	SEQC	bootstrap	1426.0
	0.3757353506121359	SEQC	bootstrap	1427.0
	0.35914421045854095	SEQC	bootstrap	1428.0
	0.4460511865231229	SEQC	bootstrap	1429.0
	0.4654531906231547	SEQC	bootstrap	1430.0
	0.6077688089630437	SEQC	bootstrap	1431.0
	0.5563189043748173	SEQC	bootstrap	1432.0
	0.45220917160073615	SEQC	bootstrap	1433.0
	0.4245421395020794	SEQC	bootstrap	1434.0
	0.4028118971936965	SEQC	bootstrap	1435.0
	0.45723743788970417	SEQC	bootstrap	1436.0
	0.4980507592606256	SEQC	bootstrap	1437.0
	0.395554229552483	SEQC	bootstrap	1438.0
	0.6366711234757712	SEQC	bootstrap	1439.0
	0.7107561253445045	SEQC	bootstrap	1440.0
	0.5208820205005869	SEQC	bootstrap	1441.0
	0.5916048346668563	SEQC	bootstrap	1442.0
	0.5217962650768522	SEQC	bootstrap	1443.0
	0.4136597595279672	SEQC	bootstrap	1444.0
	0.4736255898597861	SEQC	bootstrap	1445.0
	0.569442221167217	SEQC	bootstrap	1446.0
	0.497530487147249	SEQC	bootstrap	1447.0
	0.5445446271522982	SEQC	bootstrap	1448.0
	0.5153771995980869	SEQC	bootstrap	1449.0
	0.43046827716581726	SEQC	bootstrap	1450.0
	0.5201567560064984	SEQC	bootstrap	1451.0
	0.5539687628981058	SEQC	bootstrap	1452.0
	0.5149801998752626	SEQC	bootstrap	1453.0
	0.5120898879340721	SEQC	bootstrap	1454.0
	0.5916541925408909	SEQC	bootstrap	1455.0
	0.587686701147367	SEQC	bootstrap	1456.0
	0.46645248560842	SEQC	bootstrap	1457.0
	0.5438313380274744	SEQC	bootstrap	1458.0
	0.5114223593207816	SEQC	bootstrap	1459.0
	0.44441024236190163	SEQC	bootstrap	1460.0
	0.44042638698399683	SEQC	bootstrap	1461.0
	0.6541661142336959	SEQC	bootstrap	1462.0
	0.6515221413188184	SEQC	bootstrap	1463.0
	0.37936680324797534	SEQC	bootstrap	1464.0
	0.4293555498420152	SEQC	bootstrap	1465.0
	0.5102206994282938	SEQC	bootstrap	1466.0
	0.5502204317144428	SEQC	bootstrap	1467.0
	0.5482993963971006	SEQC	bootstrap	1468.0
	0.4600917942681013	SEQC	bootstrap	1469.0
	0.5726047373637262	SEQC	bootstrap	1470.0
	0.6816609750796339	SEQC	bootstrap	1471.0
	0.48803080581019564	SEQC	bootstrap	1472.0
	0.3926079567706444	SEQC	bootstrap	1473.0
	0.581102032019742	SEQC	bootstrap	1474.0
	0.5235555059193007	SEQC	bootstrap	1475.0
	0.5494882273650701	SEQC	bootstrap	1476.0
	0.30393585629732334	SEQC	bootstrap	1477.0
	0.3504658208003826	SEQC	bootstrap	1478.0
	0.5672521897793992	SEQC	bootstrap	1479.0
	0.3751732578324476	SEQC	bootstrap	1480.0
	0.3995058785550136	SEQC	bootstrap	1481.0
	0.4374855950822947	SEQC	bootstrap	1482.0
	0.36293342864644673	SEQC	bootstrap	1483.0
	0.5143217260738706	SEQC	bootstrap	1484.0
	0.4755155336825134	SEQC	bootstrap	1485.0
	0.5468916789990264	SEQC	bootstrap	1486.0
	0.5765796531119416	SEQC	bootstrap	1487.0
	0.5713976278397328	SEQC	bootstrap	1488.0
	0.46946531397683167	SEQC	bootstrap	1489.0
	0.5567733818606122	SEQC	bootstrap	1490.0
	0.47836572653703113	SEQC	bootstrap	1491.0
	0.5507042408046212	SEQC	bootstrap	1492.0
	0.49265524543980277	SEQC	bootstrap	1493.0
	0.5704049577061623	SEQC	bootstrap	1494.0
	0.7007298619984721	SEQC	bootstrap	1495.0
	0.5613833668434762	SEQC	bootstrap	1496.0
	0.6399469703324234	SEQC	bootstrap	1497.0
	0.49800721291977856	SEQC	bootstrap	1498.0
	0.3551725245398143	SEQC	bootstrap	1499.0
	0.48330279649704355	SEQC	bootstrap	1500.0
	0.3696248677119556	SEQC	bootstrap	1501.0
	0.39157910910998917	SEQC	bootstrap	1502.0
	0.5044147873157234	SEQC	bootstrap	1503.0
	0.537093909914784	SEQC	bootstrap	1504.0
	0.6935301747094962	SEQC	bootstrap	1505.0
	0.4421868612734876	SEQC	bootstrap	1506.0
	0.5995118944357491	SEQC	bootstrap	1507.0
	0.49402122095390233	SEQC	bootstrap	1508.0
	0.45829998872531297	SEQC	bootstrap	1509.0
	0.44973469166698843	SEQC	bootstrap	1510.0
	0.43197799483937205	SEQC	bootstrap	1511.0
	0.5655762186598521	SEQC	bootstrap	1512.0
	0.3621058848200507	SEQC	bootstrap	1513.0
	0.4795488891073414	SEQC	bootstrap	1514.0
	0.44012057638423885	SEQC	bootstrap	1515.0
	0.44782051848801085	SEQC	bootstrap	1516.0
	0.5734602906729851	SEQC	bootstrap	1517.0
	0.6256967666848641	SEQC	bootstrap	1518.0
	0.6880731169291256	SEQC	bootstrap	1519.0
	0.3555690738955519	SEQC	bootstrap	1520.0
	0.622159689509584	SEQC	bootstrap	1521.0
	0.5667231765811094	SEQC	bootstrap	1522.0
	0.34780780024827873	SEQC	bootstrap	1523.0
	0.32455814498720503	SEQC	bootstrap	1524.0
	0.5093049568544461	SEQC	bootstrap	1525.0
	0.5555980306608892	SEQC	bootstrap	1526.0
	0.34309369606716533	SEQC	bootstrap	1527.0
	0.3887101316753605	SEQC	bootstrap	1528.0
	0.5539925035897095	SEQC	bootstrap	1529.0
	0.483025053025814	SEQC	bootstrap	1530.0
	0.41357450876593305	SEQC	bootstrap	1531.0
	0.42793957042539255	SEQC	bootstrap	1532.0
	0.6859979940166028	SEQC	bootstrap	1533.0
	0.5863809015523689	SEQC	bootstrap	1534.0
	0.5699446378497095	SEQC	bootstrap	1535.0
	0.4548719520861231	SEQC	bootstrap	1536.0
	0.6234365180959629	SEQC	bootstrap	1537.0
	0.7217967851099938	SEQC	bootstrap	1538.0
	0.48898148911768713	SEQC	bootstrap	1539.0
	0.5279520568199958	SEQC	bootstrap	1540.0
	0.5191164409791633	SEQC	bootstrap	1541.0
	0.3164142214332406	SEQC	bootstrap	1542.0
	0.5646946061608547	SEQC	bootstrap	1543.0
	0.2840979457819821	SEQC	bootstrap	1544.0
	0.5188710078273577	SEQC	bootstrap	1545.0
	0.6860568721566671	SEQC	bootstrap	1546.0
	0.5319075548410184	SEQC	bootstrap	1547.0
	0.32558426110445593	SEQC	bootstrap	1548.0
	0.3601065629585358	SEQC	bootstrap	1549.0
	0.31104511905289245	SEQC	bootstrap	1550.0
	0.49097641229837086	SEQC	bootstrap	1551.0
	0.39740793286091103	SEQC	bootstrap	1552.0
	0.4521952376746685	SEQC	bootstrap	1553.0
	0.40720174463342174	SEQC	bootstrap	1554.0
	0.44303190973723394	SEQC	bootstrap	1555.0
	0.4786487902098102	SEQC	bootstrap	1556.0
	0.45394676208159934	SEQC	bootstrap	1557.0
	0.4045415813874178	SEQC	bootstrap	1558.0
	0.5981398022491411	SEQC	bootstrap	1559.0
	0.4060200489366603	SEQC	bootstrap	1560.0
	0.4798480420323137	SEQC	bootstrap	1561.0
	0.5280308367054127	SEQC	bootstrap	1562.0
	0.6425651331330875	SEQC	bootstrap	1563.0
	0.49912786290087174	SEQC	bootstrap	1564.0
	0.47957416842766154	SEQC	bootstrap	1565.0
	0.4623172287075197	SEQC	bootstrap	1566.0
	0.4208962119793558	SEQC	bootstrap	1567.0
	0.6240374669981259	SEQC	bootstrap	1568.0
	0.5834973015781291	SEQC	bootstrap	1569.0
	0.4062629811626026	SEQC	bootstrap	1570.0
	0.5639226066591387	SEQC	bootstrap	1571.0
	0.5149409063174719	SEQC	bootstrap	1572.0
	0.42252103569200994	SEQC	bootstrap	1573.0
	0.45483722833648965	SEQC	bootstrap	1574.0
	0.47959812946343083	SEQC	bootstrap	1575.0
	0.26434101360050954	SEQC	bootstrap	1576.0
	0.5693194100263392	SEQC	bootstrap	1577.0
	0.5043789515718085	SEQC	bootstrap	1578.0
	0.40427389489312215	SEQC	bootstrap	1579.0
	0.5561821743937783	SEQC	bootstrap	1580.0
	0.48561864714203384	SEQC	bootstrap	1581.0
	0.5524774228867102	SEQC	bootstrap	1582.0
	0.4314647417849291	SEQC	bootstrap	1583.0
	0.4391051119160245	SEQC	bootstrap	1584.0
	0.6236348551760584	SEQC	bootstrap	1585.0
	0.503072987782121	SEQC	bootstrap	1586.0
	0.5138944883590759	SEQC	bootstrap	1587.0
	0.4799312779913656	SEQC	bootstrap	1588.0
	0.4356211710571407	SEQC	bootstrap	1589.0
	0.6142454476837842	SEQC	bootstrap	1590.0
	0.52704502698244	SEQC	bootstrap	1591.0
	0.4578254398721633	SEQC	bootstrap	1592.0
	0.6737618611853429	SEQC	bootstrap	1593.0
	0.667878949631941	SEQC	bootstrap	1594.0
	0.4690794793695279	SEQC	bootstrap	1595.0
	0.43285087686824575	SEQC	bootstrap	1596.0
	0.5759040217222857	SEQC	bootstrap	1597.0
	0.475814060243132	SEQC	bootstrap	1598.0
	0.32413449673539496	SEQC	bootstrap	1599.0
	0.48316912783999033	SEQC	bootstrap	1600.0
	0.5908748346192638	SEQC	bootstrap	1601.0
	0.582816566101561	SEQC	bootstrap	1602.0
	0.5129295337373811	SEQC	bootstrap	1603.0
	0.5107820168504653	SEQC	bootstrap	1604.0
	0.42245484962909785	SEQC	bootstrap	1605.0
	0.5723445073234519	SEQC	bootstrap	1606.0
	0.6124644609626428	SEQC	bootstrap	1607.0
	0.6885596302410333	SEQC	bootstrap	1608.0
	0.40644095764272015	SEQC	bootstrap	1609.0
	0.5505600530694541	SEQC	bootstrap	1610.0
	0.5910535726956727	SEQC	bootstrap	1611.0
	0.567015963799343	SEQC	bootstrap	1612.0
	0.4564823528437989	SEQC	bootstrap	1613.0
	0.4604788893839151	SEQC	bootstrap	1614.0
	0.44968974395570926	SEQC	bootstrap	1615.0
	0.40614834818110745	SEQC	bootstrap	1616.0
	0.3194627761343014	SEQC	bootstrap	1617.0
	0.5027941061299388	SEQC	bootstrap	1618.0
	0.5326632581343222	SEQC	bootstrap	1619.0
	0.5875885889512302	SEQC	bootstrap	1620.0
	0.36598790651874635	SEQC	bootstrap	1621.0
	0.6096529398366477	SEQC	bootstrap	1622.0
	0.4877550616265207	SEQC	bootstrap	1623.0
	0.4549779018362319	SEQC	bootstrap	1624.0
	0.48874882349478765	SEQC	bootstrap	1625.0
	0.5124754083342711	SEQC	bootstrap	1626.0
	0.3930885348651336	SEQC	bootstrap	1627.0
	0.5489077507429609	SEQC	bootstrap	1628.0
	0.5976014084297558	SEQC	bootstrap	1629.0
	0.3966690877214716	SEQC	bootstrap	1630.0
	0.33895744584476883	SEQC	bootstrap	1631.0
	0.4421897397593586	SEQC	bootstrap	1632.0
	0.5014849494675606	SEQC	bootstrap	1633.0
	0.4479137620198239	SEQC	bootstrap	1634.0
	0.5311398229721149	SEQC	bootstrap	1635.0
	0.5843496284117258	SEQC	bootstrap	1636.0
	0.4898049686943633	SEQC	bootstrap	1637.0
	0.3543748326710148	SEQC	bootstrap	1638.0
	0.5677014147369532	SEQC	bootstrap	1639.0
	0.5155981775306824	SEQC	bootstrap	1640.0
	0.36300198627049785	SEQC	bootstrap	1641.0
	0.4047134462507378	SEQC	bootstrap	1642.0
	0.4984628067613439	SEQC	bootstrap	1643.0
	0.5753417538591066	SEQC	bootstrap	1644.0
	0.402951748468364	SEQC	bootstrap	1645.0
	0.7497182402012057	SEQC	bootstrap	1646.0
	0.39546724098386354	SEQC	bootstrap	1647.0
	0.6196091766332734	SEQC	bootstrap	1648.0
	0.4239557293011278	SEQC	bootstrap	1649.0
	0.5850305931115667	SEQC	bootstrap	1650.0
	0.41258234534455296	SEQC	bootstrap	1651.0
	0.5171337847422901	SEQC	bootstrap	1652.0
	0.5535058582091956	SEQC	bootstrap	1653.0
	0.4867731606710519	SEQC	bootstrap	1654.0
	0.5778038852615626	SEQC	bootstrap	1655.0
	0.4096223515066746	SEQC	bootstrap	1656.0
	0.5702653798733044	SEQC	bootstrap	1657.0
	0.5955862226956232	SEQC	bootstrap	1658.0
	0.6214989535389619	SEQC	bootstrap	1659.0
	0.39036557676113137	SEQC	bootstrap	1660.0
	0.5595810255840044	SEQC	bootstrap	1661.0
	0.5817007616790426	SEQC	bootstrap	1662.0
	0.5106192406720735	SEQC	bootstrap	1663.0
	0.3024256030745627	SEQC	bootstrap	1664.0
	0.5404919321333654	SEQC	bootstrap	1665.0
	0.41971402412753633	SEQC	bootstrap	1666.0
	0.4061076292015193	SEQC	bootstrap	1667.0
	0.45538477529561083	SEQC	bootstrap	1668.0
	0.5014442159733221	SEQC	bootstrap	1669.0
	0.5401531592352642	SEQC	bootstrap	1670.0
	0.6386234295737765	SEQC	bootstrap	1671.0
	0.5349141639120072	SEQC	bootstrap	1672.0
	0.501129243931111	SEQC	bootstrap	1673.0
	0.504082363951011	SEQC	bootstrap	1674.0
	0.8091095978334191	SEQC	bootstrap	1675.0
	0.4466407911039423	SEQC	bootstrap	1676.0
	0.6184652653777607	SEQC	bootstrap	1677.0
	0.60314097904274	SEQC	bootstrap	1678.0
	0.7875675537065656	SEQC	bootstrap	1679.0
	0.5517154254186409	SEQC	bootstrap	1680.0
	0.47597759850790533	SEQC	bootstrap	1681.0
	0.5880612994555494	SEQC	bootstrap	1682.0
	0.5856796075506807	SEQC	bootstrap	1683.0
	0.46684908441755457	SEQC	bootstrap	1684.0
	0.4028388969555685	SEQC	bootstrap	1685.0
	0.4786886675055797	SEQC	bootstrap	1686.0
	0.5339917907530993	SEQC	bootstrap	1687.0
	0.3979614469431114	SEQC	bootstrap	1688.0
	0.3626225750375318	SEQC	bootstrap	1689.0
	0.4413009732905011	SEQC	bootstrap	1690.0
	0.5068025705668955	SEQC	bootstrap	1691.0
	0.4472242520937306	SEQC	bootstrap	1692.0
	0.39193596008613296	SEQC	bootstrap	1693.0
	0.5766733175683743	SEQC	bootstrap	1694.0
	0.5110517752471533	SEQC	bootstrap	1695.0
	0.6256659925238979	SEQC	bootstrap	1696.0
	0.4812771790331358	SEQC	bootstrap	1697.0
	0.5155016967202211	SEQC	bootstrap	1698.0
	0.5133628398629901	SEQC	bootstrap	1699.0
	0.541233482325425	SEQC	bootstrap	1700.0
	0.5103494535429185	SEQC	bootstrap	1701.0
	0.4638487400065201	SEQC	bootstrap	1702.0
	0.5417317752650557	SEQC	bootstrap	1703.0
	0.5581508426173833	SEQC	bootstrap	1704.0
	0.6555910252804646	SEQC	bootstrap	1705.0
	0.6463543017366562	SEQC	bootstrap	1706.0
	0.6004264466168836	SEQC	bootstrap	1707.0
	0.4971283464047027	SEQC	bootstrap	1708.0
	0.4663810968273885	SEQC	bootstrap	1709.0
	0.3602215655632133	SEQC	bootstrap	1710.0
	0.5351580211864588	SEQC	bootstrap	1711.0
	0.5822141344734404	SEQC	bootstrap	1712.0
	0.41400063221755357	SEQC	bootstrap	1713.0
	0.48577784350416575	SEQC	bootstrap	1714.0
	0.4679059350673893	SEQC	bootstrap	1715.0
	0.5310739851654311	SEQC	bootstrap	1716.0
	0.7164437763444149	SEQC	bootstrap	1717.0
	0.6501447917596117	SEQC	bootstrap	1718.0
	0.4172405892732982	SEQC	bootstrap	1719.0
	0.4631300829784908	SEQC	bootstrap	1720.0
	0.2705752688203109	SEQC	bootstrap	1721.0
	0.581139363427992	SEQC	bootstrap	1722.0
	0.44672208951484516	SEQC	bootstrap	1723.0
	0.34041472997688826	SEQC	bootstrap	1724.0
	0.4731789712499648	SEQC	bootstrap	1725.0
	0.42670995337287376	SEQC	bootstrap	1726.0
	0.42107746818471137	SEQC	bootstrap	1727.0
	0.6334805191391562	SEQC	bootstrap	1728.0
	0.40992732518793895	SEQC	bootstrap	1729.0
	0.5786049432353253	SEQC	bootstrap	1730.0
	0.6598703145992157	SEQC	bootstrap	1731.0
	0.6316270636687595	SEQC	bootstrap	1732.0
	0.5395957699054375	SEQC	bootstrap	1733.0
	0.4378624100736688	SEQC	bootstrap	1734.0
	0.42232103348739836	SEQC	bootstrap	1735.0
	0.5123481011122424	SEQC	bootstrap	1736.0
	0.542270752686405	SEQC	bootstrap	1737.0
	0.5639126490460047	SEQC	bootstrap	1738.0
	0.4252141965040752	SEQC	bootstrap	1739.0
	0.5923567143879529	SEQC	bootstrap	1740.0
	0.5984158588420998	SEQC	bootstrap	1741.0
	0.5351117592926289	SEQC	bootstrap	1742.0
	0.39657996030058174	SEQC	bootstrap	1743.0
	0.5353134473005028	SEQC	bootstrap	1744.0
	0.4482531809219217	SEQC	bootstrap	1745.0
	0.6411412281900435	SEQC	bootstrap	1746.0
	0.31352798754085676	SEQC	bootstrap	1747.0
	0.4940017357374651	SEQC	bootstrap	1748.0
	0.4387640471710821	SEQC	bootstrap	1749.0
	0.44582400124467503	SEQC	bootstrap	1750.0
	0.6219220813639033	SEQC	bootstrap	1751.0
	0.5987837372282345	SEQC	bootstrap	1752.0
	0.6681269095755713	SEQC	bootstrap	1753.0
	0.4911539095255928	SEQC	bootstrap	1754.0
	0.5829597798748813	SEQC	bootstrap	1755.0
	0.4609162887577103	SEQC	bootstrap	1756.0
	0.5040708095866497	SEQC	bootstrap	1757.0
	0.38677891656545693	SEQC	bootstrap	1758.0
	0.5114673489649575	SEQC	bootstrap	1759.0
	0.36719486895729414	SEQC	bootstrap	1760.0
	0.44269898058392343	SEQC	bootstrap	1761.0
	0.5565029981310303	SEQC	bootstrap	1762.0
	0.51735443050134	SEQC	bootstrap	1763.0
	0.38363792539606845	SEQC	bootstrap	1764.0
	0.5087655670906268	SEQC	bootstrap	1765.0
	0.5907679966134274	SEQC	bootstrap	1766.0
	0.686132859322572	SEQC	bootstrap	1767.0
	0.4587400226285081	SEQC	bootstrap	1768.0
	0.5716699883642669	SEQC	bootstrap	1769.0
	0.5855325502324145	SEQC	bootstrap	1770.0
	0.6982943785920557	SEQC	bootstrap	1771.0
	0.37135501717035524	SEQC	bootstrap	1772.0
	0.39858929845023017	SEQC	bootstrap	1773.0
	0.6194191424109352	SEQC	bootstrap	1774.0
	0.4013877608527352	SEQC	bootstrap	1775.0
	0.4863489689434659	SEQC	bootstrap	1776.0
	0.6034516314375633	SEQC	bootstrap	1777.0
	0.5691413126636578	SEQC	bootstrap	1778.0
	0.41406246198495333	SEQC	bootstrap	1779.0
	0.4517845137063192	SEQC	bootstrap	1780.0
	0.5326617672261316	SEQC	bootstrap	1781.0
	0.4846028278635317	SEQC	bootstrap	1782.0
	0.34366608213172967	SEQC	bootstrap	1783.0
	0.457732061807516	SEQC	bootstrap	1784.0
	0.6113273920415785	SEQC	bootstrap	1785.0
	0.5789048563191717	SEQC	bootstrap	1786.0
	0.5896941187534224	SEQC	bootstrap	1787.0
	0.5263726489279543	SEQC	bootstrap	1788.0
	0.3368094664333059	SEQC	bootstrap	1789.0
	0.40170073337537193	SEQC	bootstrap	1790.0
	0.602700115842306	SEQC	bootstrap	1791.0
	0.22339144673662936	SEQC	bootstrap	1792.0
	0.6389788897311961	SEQC	bootstrap	1793.0
	0.6007682608242582	SEQC	bootstrap	1794.0
	0.35964533293624923	SEQC	bootstrap	1795.0
	0.4965097297763492	SEQC	bootstrap	1796.0
	0.5575923101485665	SEQC	bootstrap	1797.0
	0.5721756946252374	SEQC	bootstrap	1798.0
	0.5702608777053779	SEQC	bootstrap	1799.0
	0.5722916401065565	SEQC	bootstrap	1800.0
	0.48298716895751825	SEQC	bootstrap	1801.0
	0.5115236253449882	SEQC	bootstrap	1802.0
	0.46366335724107133	SEQC	bootstrap	1803.0
	0.5172579895996696	SEQC	bootstrap	1804.0
	0.6007631418420103	SEQC	bootstrap	1805.0
	0.47522200554540595	SEQC	bootstrap	1806.0
	0.440325310036235	SEQC	bootstrap	1807.0
	0.5402512839535221	SEQC	bootstrap	1808.0
	0.5198551883055895	SEQC	bootstrap	1809.0
	0.3447551105948454	SEQC	bootstrap	1810.0
	0.5924591778626245	SEQC	bootstrap	1811.0
	0.47083077544346175	SEQC	bootstrap	1812.0
	0.48726284005358256	SEQC	bootstrap	1813.0
	0.5617122430918235	SEQC	bootstrap	1814.0
	0.36864295754052456	SEQC	bootstrap	1815.0
	0.4328156604658271	SEQC	bootstrap	1816.0
	0.3856219181781606	SEQC	bootstrap	1817.0
	0.45568202692203386	SEQC	bootstrap	1818.0
	0.509923436392663	SEQC	bootstrap	1819.0
	0.6048604420057684	SEQC	bootstrap	1820.0
	0.4767412213905766	SEQC	bootstrap	1821.0
	0.6991962441278039	SEQC	bootstrap	1822.0
	0.42905308081832194	SEQC	bootstrap	1823.0
	0.5339608927773578	SEQC	bootstrap	1824.0
	0.4282685327517317	SEQC	bootstrap	1825.0
	0.48400889218111853	SEQC	bootstrap	1826.0
	0.5995090976420285	SEQC	bootstrap	1827.0
	0.7347554110731473	SEQC	bootstrap	1828.0
	0.4610839668730433	SEQC	bootstrap	1829.0
	0.463958780923428	SEQC	bootstrap	1830.0
	0.3762128374736191	SEQC	bootstrap	1831.0
	0.487283092636857	SEQC	bootstrap	1832.0
	0.413595128945905	SEQC	bootstrap	1833.0
	0.6098379785402233	SEQC	bootstrap	1834.0
	0.44581351735476327	SEQC	bootstrap	1835.0
	0.48868832070751633	SEQC	bootstrap	1836.0
	0.4457242139006845	SEQC	bootstrap	1837.0
	0.6112168134792859	SEQC	bootstrap	1838.0
	0.5436157101528467	SEQC	bootstrap	1839.0
	0.6244389023571464	SEQC	bootstrap	1840.0
	0.4831884521851686	SEQC	bootstrap	1841.0
	0.5963946901271724	SEQC	bootstrap	1842.0
	0.49571883220804436	SEQC	bootstrap	1843.0
	0.34630418210862324	SEQC	bootstrap	1844.0
	0.43339344048231476	SEQC	bootstrap	1845.0
	0.4785827915584222	SEQC	bootstrap	1846.0
	0.37589778126892215	SEQC	bootstrap	1847.0
	0.46397959771623976	SEQC	bootstrap	1848.0
	0.5502997694033289	SEQC	bootstrap	1849.0
	0.5537459145735113	SEQC	bootstrap	1850.0
	0.5581403307770758	SEQC	bootstrap	1851.0
	0.3032396766521419	SEQC	bootstrap	1852.0
	0.5240424511912147	SEQC	bootstrap	1853.0
	0.516685524868429	SEQC	bootstrap	1854.0
	0.5656872107709243	SEQC	bootstrap	1855.0
	0.40280075062455856	SEQC	bootstrap	1856.0
	0.6315242636996548	SEQC	bootstrap	1857.0
	0.5247892720946417	SEQC	bootstrap	1858.0
	0.4570917274790225	SEQC	bootstrap	1859.0
	0.6696033962297676	SEQC	bootstrap	1860.0
	0.3658895810592959	SEQC	bootstrap	1861.0
	0.45872860543834415	SEQC	bootstrap	1862.0
	0.4220413127192373	SEQC	bootstrap	1863.0
	0.49797013603350626	SEQC	bootstrap	1864.0
	0.39027649410816556	SEQC	bootstrap	1865.0
	0.26775418137826845	SEQC	bootstrap	1866.0
	0.5665609142968244	SEQC	bootstrap	1867.0
	0.6050249572215467	SEQC	bootstrap	1868.0
	0.5178956977372011	SEQC	bootstrap	1869.0
	0.43673416712190827	SEQC	bootstrap	1870.0
	0.4459726181022172	SEQC	bootstrap	1871.0
	0.636401790884646	SEQC	bootstrap	1872.0
	0.34701287061020514	SEQC	bootstrap	1873.0
	0.6250400155060252	SEQC	bootstrap	1874.0
	0.579423193135681	SEQC	bootstrap	1875.0
	0.4588322807638643	SEQC	bootstrap	1876.0
	0.7049258210135374	SEQC	bootstrap	1877.0
	0.5421292742342461	SEQC	bootstrap	1878.0
	0.5015467273254597	SEQC	bootstrap	1879.0
	0.5974948975670795	SEQC	bootstrap	1880.0
	0.4931835585018174	SEQC	bootstrap	1881.0
	0.5504414706260574	SEQC	bootstrap	1882.0
	0.42582648198335304	SEQC	bootstrap	1883.0
	0.5689522183705771	SEQC	bootstrap	1884.0
	0.5530976776270009	SEQC	bootstrap	1885.0
	0.5368132000874279	SEQC	bootstrap	1886.0
	0.4755634922790195	SEQC	bootstrap	1887.0
	0.4250004342307836	SEQC	bootstrap	1888.0
	0.3988555429447094	SEQC	bootstrap	1889.0
	0.49417540520311265	SEQC	bootstrap	1890.0
	0.6034155902355329	SEQC	bootstrap	1891.0
	0.45700493062764025	SEQC	bootstrap	1892.0
	0.7207669495268498	SEQC	bootstrap	1893.0
	0.5129001998587501	SEQC	bootstrap	1894.0
	0.4318572701846559	SEQC	bootstrap	1895.0
	0.4067719425330769	SEQC	bootstrap	1896.0
	0.4098974639182398	SEQC	bootstrap	1897.0
	0.5231287336227353	SEQC	bootstrap	1898.0
	0.587697222643432	SEQC	bootstrap	1899.0
	0.5467128099788403	SEQC	bootstrap	1900.0
	0.6456468721625939	SEQC	bootstrap	1901.0
	0.7141353652665701	SEQC	bootstrap	1902.0
	0.4508609506779133	SEQC	bootstrap	1903.0
	0.5194377989080667	SEQC	bootstrap	1904.0
	0.4973012699753996	SEQC	bootstrap	1905.0
	0.3643309995216937	SEQC	bootstrap	1906.0
	0.6026024025847367	SEQC	bootstrap	1907.0
	0.23520701326646476	SEQC	bootstrap	1908.0
	0.33392282519156113	SEQC	bootstrap	1909.0
	0.46909969285682385	SEQC	bootstrap	1910.0
	0.5818757813164654	SEQC	bootstrap	1911.0
	0.5009077588887281	SEQC	bootstrap	1912.0
	0.5014133313714773	SEQC	bootstrap	1913.0
	0.5200422753618623	SEQC	bootstrap	1914.0
	0.3708359892536248	SEQC	bootstrap	1915.0
	0.6047462864261619	SEQC	bootstrap	1916.0
	0.3716194568738631	SEQC	bootstrap	1917.0
	0.5114731482652393	SEQC	bootstrap	1918.0
	0.44440147126342744	SEQC	bootstrap	1919.0
	0.5477207439100118	SEQC	bootstrap	1920.0
	0.3838656263529634	SEQC	bootstrap	1921.0
	0.5717444854053455	SEQC	bootstrap	1922.0
	0.6570518410594053	SEQC	bootstrap	1923.0
	0.5486350676613756	SEQC	bootstrap	1924.0
	0.5731755252533208	SEQC	bootstrap	1925.0
	0.5352116820817114	SEQC	bootstrap	1926.0
	0.49222415572780864	SEQC	bootstrap	1927.0
	0.6502864991036503	SEQC	bootstrap	1928.0
	0.5199588195906157	SEQC	bootstrap	1929.0
	0.5783519569468156	SEQC	bootstrap	1930.0
	0.3821911561625755	SEQC	bootstrap	1931.0
	0.7089642772254887	SEQC	bootstrap	1932.0
	0.6436424332906467	SEQC	bootstrap	1933.0
	0.531785821294827	SEQC	bootstrap	1934.0
	0.48000926606951255	SEQC	bootstrap	1935.0
	0.5626138951028965	SEQC	bootstrap	1936.0
	0.5626240049223168	SEQC	bootstrap	1937.0
	0.6120222256705556	SEQC	bootstrap	1938.0
	0.40607451579833365	SEQC	bootstrap	1939.0
	0.46361329338208934	SEQC	bootstrap	1940.0
	0.5323107405571026	SEQC	bootstrap	1941.0
	0.5639253875243724	SEQC	bootstrap	1942.0
	0.5679616110789212	SEQC	bootstrap	1943.0
	0.539878432962511	SEQC	bootstrap	1944.0
	0.4613542304803433	SEQC	bootstrap	1945.0
	0.5669247680724356	SEQC	bootstrap	1946.0
	0.43488147450892223	SEQC	bootstrap	1947.0
	0.6766719169366753	SEQC	bootstrap	1948.0
	0.46329012228695143	SEQC	bootstrap	1949.0
	0.5458700947846951	SEQC	bootstrap	1950.0
	0.39998851921770706	SEQC	bootstrap	1951.0
	0.4487665356854684	SEQC	bootstrap	1952.0
	0.5148282037319865	SEQC	bootstrap	1953.0
	0.40397354613467584	SEQC	bootstrap	1954.0
	0.5920909412319122	SEQC	bootstrap	1955.0
	0.5853395090788598	SEQC	bootstrap	1956.0
	0.40762323000264367	SEQC	bootstrap	1957.0
	0.5512399953051124	SEQC	bootstrap	1958.0
	0.4175263262728519	SEQC	bootstrap	1959.0
	0.6011520790968863	SEQC	bootstrap	1960.0
	0.4931118413183291	SEQC	bootstrap	1961.0
	0.43882327132004084	SEQC	bootstrap	1962.0
	0.41666342449256577	SEQC	bootstrap	1963.0
	0.5182714130775774	SEQC	bootstrap	1964.0
	0.4329737046835924	SEQC	bootstrap	1965.0
	0.4414708135506147	SEQC	bootstrap	1966.0
	0.5045764455766908	SEQC	bootstrap	1967.0
	0.4475330623480329	SEQC	bootstrap	1968.0
	0.5458108054569104	SEQC	bootstrap	1969.0
	0.46854947978974826	SEQC	bootstrap	1970.0
	0.6550593331998775	SEQC	bootstrap	1971.0
	0.6275170964744641	SEQC	bootstrap	1972.0
	0.5378091492064789	SEQC	bootstrap	1973.0
	0.6369794458656695	SEQC	bootstrap	1974.0
	0.6454542466826458	SEQC	bootstrap	1975.0
	0.448506982379421	SEQC	bootstrap	1976.0
	0.42214737067229313	SEQC	bootstrap	1977.0
	0.5232167932043428	SEQC	bootstrap	1978.0
	0.44282642724710364	SEQC	bootstrap	1979.0
	0.44057551064967626	SEQC	bootstrap	1980.0
	0.4173454417800926	SEQC	bootstrap	1981.0
	0.44661548912504845	SEQC	bootstrap	1982.0
	0.4394065252532964	SEQC	bootstrap	1983.0
	0.5760319366614208	SEQC	bootstrap	1984.0
	0.47654639391682574	SEQC	bootstrap	1985.0
	0.4765839672652188	SEQC	bootstrap	1986.0
	0.5418184814033755	SEQC	bootstrap	1987.0
	0.5883181621885596	SEQC	bootstrap	1988.0
	0.4436821348237814	SEQC	bootstrap	1989.0
	0.4305816848723816	SEQC	bootstrap	1990.0
	0.37212466703004177	SEQC	bootstrap	1991.0
	0.37561415465347503	SEQC	bootstrap	1992.0
	0.39941208248330495	SEQC	bootstrap	1993.0
	0.40262527252263514	SEQC	bootstrap	1994.0
	0.5837580928442896	SEQC	bootstrap	1995.0
	0.46374892289722514	SEQC	bootstrap	1996.0
	0.664181468008481	SEQC	bootstrap	1997.0
	0.5450111594058415	SEQC	bootstrap	1998.0
	0.49641472151533783	SEQC	bootstrap	1999.0
	0.6453499476918636	SEQC	bootstrap	2000.0
1.0	0.03176524919888246	Kocak	permutation	
2.0	0.10406567821305446	Kocak	permutation	
3.0	0.1343167418181106	Kocak	permutation	
4.0	0.10231967263577557	Kocak	permutation	
5.0	-0.21081979626295633	Kocak	permutation	
6.0	-0.15242874532077	Kocak	permutation	
7.0	-0.019300049565439625	Kocak	permutation	
8.0	0.10800369146021138	Kocak	permutation	
9.0	0.15031719454836168	Kocak	permutation	
10.0	0.05937953639210791	Kocak	permutation	
11.0	-0.08725893069525137	Kocak	permutation	
12.0	-0.11031433270568414	Kocak	permutation	
13.0	0.04801124621075381	Kocak	permutation	
14.0	0.09032352063418392	Kocak	permutation	
15.0	-0.030906948170390525	Kocak	permutation	
16.0	0.01182479156120042	Kocak	permutation	
17.0	-0.0013556126145632952	Kocak	permutation	
18.0	0.08946714286418	Kocak	permutation	
19.0	0.1002003399529574	Kocak	permutation	
20.0	-0.14050736003483877	Kocak	permutation	
21.0	0.010780285814908641	Kocak	permutation	
22.0	0.031200484916201088	Kocak	permutation	
23.0	-0.044044327786618265	Kocak	permutation	
24.0	-0.036670274796656965	Kocak	permutation	
25.0	0.016885780780131476	Kocak	permutation	
26.0	-0.1566820237113702	Kocak	permutation	
27.0	-0.0728264458153487	Kocak	permutation	
28.0	-0.20734545243335	Kocak	permutation	
29.0	-0.0427372536065076	Kocak	permutation	
30.0	0.027541718930139236	Kocak	permutation	
31.0	-0.0361068813080907	Kocak	permutation	
32.0	0.004477349494679483	Kocak	permutation	
33.0	-0.10159514777627532	Kocak	permutation	
34.0	0.024852239174789403	Kocak	permutation	
35.0	0.09885141068537262	Kocak	permutation	
36.0	0.049354820950389566	Kocak	permutation	
37.0	0.05953829786235021	Kocak	permutation	
38.0	-0.07958356777379993	Kocak	permutation	
39.0	0.09296138880591132	Kocak	permutation	
40.0	0.10005751043781741	Kocak	permutation	
41.0	-0.008064768762549246	Kocak	permutation	
42.0	-0.13571488594086345	Kocak	permutation	
43.0	0.04215211366617133	Kocak	permutation	
44.0	0.08970575861164232	Kocak	permutation	
45.0	-0.04627462102348412	Kocak	permutation	
46.0	0.1331198529044757	Kocak	permutation	
47.0	-0.045783454585685224	Kocak	permutation	
48.0	-0.09861135761610917	Kocak	permutation	
49.0	0.139392945034559	Kocak	permutation	
50.0	0.17236160073004836	Kocak	permutation	
51.0	-0.10710220988912811	Kocak	permutation	
52.0	0.014356880240305792	Kocak	permutation	
53.0	0.11191832556668624	Kocak	permutation	
54.0	0.04015131470095534	Kocak	permutation	
55.0	0.15785145847700788	Kocak	permutation	
56.0	-0.045056172565221875	Kocak	permutation	
57.0	0.09176990120341566	Kocak	permutation	
58.0	-0.10852764708873641	Kocak	permutation	
59.0	0.10803691379882085	Kocak	permutation	
60.0	-0.07619305235677176	Kocak	permutation	
61.0	-0.018037353194490624	Kocak	permutation	
62.0	0.15600674330034403	Kocak	permutation	
63.0	0.23678037574982547	Kocak	permutation	
64.0	0.001014486811786952	Kocak	permutation	
65.0	0.017397774508109975	Kocak	permutation	
66.0	-0.09994284850841462	Kocak	permutation	
67.0	-0.09616434195517654	Kocak	permutation	
68.0	0.03923995556271542	Kocak	permutation	
69.0	-0.08231353854741785	Kocak	permutation	
70.0	0.11469704877494502	Kocak	permutation	
71.0	0.01544548047080685	Kocak	permutation	
72.0	-0.11654817747285717	Kocak	permutation	
73.0	-0.0583324552131228	Kocak	permutation	
74.0	-0.06379530360079766	Kocak	permutation	
75.0	0.043468055302177344	Kocak	permutation	
76.0	0.21396682772756748	Kocak	permutation	
77.0	-0.09977065454122735	Kocak	permutation	
78.0	0.10756199980243641	Kocak	permutation	
79.0	0.12507851989591723	Kocak	permutation	
80.0	0.07036932293938802	Kocak	permutation	
81.0	0.11097039701175904	Kocak	permutation	
82.0	0.061440613846943215	Kocak	permutation	
83.0	0.224592185217241	Kocak	permutation	
84.0	0.033239776104049934	Kocak	permutation	
85.0	0.011995477587579462	Kocak	permutation	
86.0	-0.1492995268422006	Kocak	permutation	
87.0	-0.016160115703821365	Kocak	permutation	
88.0	-0.021058669429537602	Kocak	permutation	
89.0	-0.028174471073630247	Kocak	permutation	
90.0	-0.009608226237848516	Kocak	permutation	
91.0	0.14681723901860044	Kocak	permutation	
92.0	-0.004606313811148954	Kocak	permutation	
93.0	0.17505088157341397	Kocak	permutation	
94.0	0.09111332740944089	Kocak	permutation	
95.0	-0.23661289546478992	Kocak	permutation	
96.0	0.11093133574231295	Kocak	permutation	
97.0	-0.06007474189827011	Kocak	permutation	
98.0	-0.03311784951023844	Kocak	permutation	
99.0	-0.01905999354460075	Kocak	permutation	
100.0	0.05389667428704703	Kocak	permutation	
101.0	0.02533676989440181	Kocak	permutation	
102.0	0.06314245209535585	Kocak	permutation	
103.0	0.0363493523813494	Kocak	permutation	
104.0	0.08187193661545145	Kocak	permutation	
105.0	0.05650630390575362	Kocak	permutation	
106.0	0.02052769614480532	Kocak	permutation	
107.0	0.1627743543904172	Kocak	permutation	
108.0	0.13513642405793336	Kocak	permutation	
109.0	0.1269084226914976	Kocak	permutation	
110.0	-0.01293376040860883	Kocak	permutation	
111.0	0.0008902787056146444	Kocak	permutation	
112.0	0.008055355645299134	Kocak	permutation	
113.0	0.08546315752512701	Kocak	permutation	
114.0	0.0059649594925268445	Kocak	permutation	
115.0	0.02156295458592261	Kocak	permutation	
116.0	0.0495875312088252	Kocak	permutation	
117.0	-0.06715755057318917	Kocak	permutation	
118.0	-0.06603908753323529	Kocak	permutation	
119.0	-0.10060280297604729	Kocak	permutation	
120.0	0.0707694116411135	Kocak	permutation	
121.0	0.010877387313342979	Kocak	permutation	
122.0	0.018141536174878237	Kocak	permutation	
123.0	0.06473249195591224	Kocak	permutation	
124.0	-0.034072673690793476	Kocak	permutation	
125.0	0.030523133256113777	Kocak	permutation	
126.0	-0.058604414199875166	Kocak	permutation	
127.0	0.047091714156184405	Kocak	permutation	
128.0	0.041148872577679185	Kocak	permutation	
129.0	-0.0012646327946228553	Kocak	permutation	
130.0	0.03142935723949769	Kocak	permutation	
131.0	0.035300610316719716	Kocak	permutation	
132.0	-0.20049004062407683	Kocak	permutation	
133.0	-0.10724921547123678	Kocak	permutation	
134.0	-0.09563754891610099	Kocak	permutation	
135.0	0.05230429304419992	Kocak	permutation	
136.0	0.027993006911742224	Kocak	permutation	
137.0	0.0904248814710038	Kocak	permutation	
138.0	0.08075262843511899	Kocak	permutation	
139.0	0.03400555329792532	Kocak	permutation	
140.0	-0.11155744019543157	Kocak	permutation	
141.0	-0.10189117045276408	Kocak	permutation	
142.0	0.09810597304961366	Kocak	permutation	
143.0	0.02034751656096434	Kocak	permutation	
144.0	0.18134647711538854	Kocak	permutation	
145.0	-0.009629181051209912	Kocak	permutation	
146.0	0.0906023748039293	Kocak	permutation	
147.0	-0.04120615166723418	Kocak	permutation	
148.0	0.07670879482385606	Kocak	permutation	
149.0	-0.1202207241037625	Kocak	permutation	
150.0	0.12695519101046182	Kocak	permutation	
151.0	-0.12954967605783363	Kocak	permutation	
152.0	-0.05695469556177457	Kocak	permutation	
153.0	0.1027758584359515	Kocak	permutation	
154.0	-0.05647662315600499	Kocak	permutation	
155.0	-0.18598518963482702	Kocak	permutation	
156.0	-0.09277625504651477	Kocak	permutation	
157.0	0.11178829312032601	Kocak	permutation	
158.0	0.04679494689327823	Kocak	permutation	
159.0	-0.01782591921218124	Kocak	permutation	
160.0	-0.015730855600653015	Kocak	permutation	
161.0	-0.06288322743689845	Kocak	permutation	
162.0	-0.10561564946894109	Kocak	permutation	
163.0	-0.08390687359835525	Kocak	permutation	
164.0	-0.0745120744015364	Kocak	permutation	
165.0	0.14588408135698838	Kocak	permutation	
166.0	0.01304696382763515	Kocak	permutation	
167.0	-0.027656115688152738	Kocak	permutation	
168.0	-0.0743333239395203	Kocak	permutation	
169.0	-0.18449016016371278	Kocak	permutation	
170.0	-0.03344679511302173	Kocak	permutation	
171.0	-0.01423829674415078	Kocak	permutation	
172.0	-0.14875133484002534	Kocak	permutation	
173.0	-0.1109546771885257	Kocak	permutation	
174.0	0.11770786388114374	Kocak	permutation	
175.0	-0.008200603478814017	Kocak	permutation	
176.0	-0.06341193547705304	Kocak	permutation	
177.0	0.15679593145822235	Kocak	permutation	
178.0	0.1654178774776427	Kocak	permutation	
179.0	0.0274591722326738	Kocak	permutation	
180.0	0.0658314030611642	Kocak	permutation	
181.0	0.0642333309807217	Kocak	permutation	
182.0	0.015817541712158878	Kocak	permutation	
183.0	-0.07694774299995855	Kocak	permutation	
184.0	0.08673091570627234	Kocak	permutation	
185.0	-0.016463481250590384	Kocak	permutation	
186.0	0.003465770324573292	Kocak	permutation	
187.0	0.11198447643683496	Kocak	permutation	
188.0	0.15220578454378364	Kocak	permutation	
189.0	0.004508755022501809	Kocak	permutation	
190.0	-0.08003872493931974	Kocak	permutation	
191.0	-0.03955763599841022	Kocak	permutation	
192.0	0.08090808445033648	Kocak	permutation	
193.0	-0.06973465740908935	Kocak	permutation	
194.0	0.12933648460775515	Kocak	permutation	
195.0	-0.052661144623425304	Kocak	permutation	
196.0	0.0007588210212845503	Kocak	permutation	
197.0	-0.01114605589368578	Kocak	permutation	
198.0	-0.08567529738652269	Kocak	permutation	
199.0	0.0033753607795685703	Kocak	permutation	
200.0	0.18695628927718566	Kocak	permutation	
201.0	-0.0066489777868730116	Kocak	permutation	
202.0	0.04610806965230685	Kocak	permutation	
203.0	-0.0710515836416934	Kocak	permutation	
204.0	-0.023342105995404427	Kocak	permutation	
205.0	0.15740824588543711	Kocak	permutation	
206.0	-0.003781635162448449	Kocak	permutation	
207.0	-0.08816108493463215	Kocak	permutation	
208.0	0.09048293553050657	Kocak	permutation	
209.0	-0.19022213383007713	Kocak	permutation	
210.0	0.054606611304411246	Kocak	permutation	
211.0	0.05421907492175437	Kocak	permutation	
212.0	0.016398985872835503	Kocak	permutation	
213.0	0.08449042082535874	Kocak	permutation	
214.0	-0.06751389611806724	Kocak	permutation	
215.0	-0.027485757971239533	Kocak	permutation	
216.0	-0.07874417324414562	Kocak	permutation	
217.0	-0.09209415505935592	Kocak	permutation	
218.0	0.24358787138779103	Kocak	permutation	
219.0	0.07560753948358157	Kocak	permutation	
220.0	0.04539113155644081	Kocak	permutation	
221.0	-0.014876555738811525	Kocak	permutation	
222.0	0.056406959619399455	Kocak	permutation	
223.0	0.0335831331606804	Kocak	permutation	
224.0	0.0035695074920449876	Kocak	permutation	
225.0	-0.04742724561934919	Kocak	permutation	
226.0	-0.11817281678856695	Kocak	permutation	
227.0	0.022807905341132084	Kocak	permutation	
228.0	0.03936110939304216	Kocak	permutation	
229.0	-0.18981433929316172	Kocak	permutation	
230.0	-0.10682495940451675	Kocak	permutation	
231.0	-0.0397986085301838	Kocak	permutation	
232.0	-0.019206398937269942	Kocak	permutation	
233.0	-0.012428008908252242	Kocak	permutation	
234.0	-0.0002726809755322357	Kocak	permutation	
235.0	-0.08893846199572808	Kocak	permutation	
236.0	0.040667266525320045	Kocak	permutation	
237.0	0.10990297179347142	Kocak	permutation	
238.0	-0.006790715618972154	Kocak	permutation	
239.0	0.09071573258499521	Kocak	permutation	
240.0	0.013832464652623777	Kocak	permutation	
241.0	-0.09307127513040081	Kocak	permutation	
242.0	-0.02363451093162272	Kocak	permutation	
243.0	0.025682210378583648	Kocak	permutation	
244.0	0.0499853011215734	Kocak	permutation	
245.0	0.020663305707181223	Kocak	permutation	
246.0	-0.11839322870423263	Kocak	permutation	
247.0	0.07693443125207544	Kocak	permutation	
248.0	0.047164524396445806	Kocak	permutation	
249.0	0.13058163875793927	Kocak	permutation	
250.0	-0.026444496572989085	Kocak	permutation	
251.0	-0.025326600833356583	Kocak	permutation	
252.0	-0.12928667098253843	Kocak	permutation	
253.0	0.004093076676476404	Kocak	permutation	
254.0	-0.11708930187421274	Kocak	permutation	
255.0	0.14214858250983697	Kocak	permutation	
256.0	0.04964492211040605	Kocak	permutation	
257.0	-0.07895030651640145	Kocak	permutation	
258.0	0.12165889514645034	Kocak	permutation	
259.0	0.22346369767962804	Kocak	permutation	
260.0	0.017468887161053548	Kocak	permutation	
261.0	0.07699167833413689	Kocak	permutation	
262.0	-0.06688526190352562	Kocak	permutation	
263.0	0.01909221182415921	Kocak	permutation	
264.0	-0.02037587701056065	Kocak	permutation	
265.0	-0.0325707351134632	Kocak	permutation	
266.0	-0.04182686039568484	Kocak	permutation	
267.0	0.09485584608444064	Kocak	permutation	
268.0	-0.024148992669593028	Kocak	permutation	
269.0	-0.1397490908076069	Kocak	permutation	
270.0	0.1267052256644372	Kocak	permutation	
271.0	0.05841601521336681	Kocak	permutation	
272.0	0.12914702602913808	Kocak	permutation	
273.0	-0.06083428411481506	Kocak	permutation	
274.0	0.08959440540396058	Kocak	permutation	
275.0	0.04979255909523195	Kocak	permutation	
276.0	-0.09352304077259266	Kocak	permutation	
277.0	-0.015060446659842963	Kocak	permutation	
278.0	0.01352693733465049	Kocak	permutation	
279.0	0.0996412976017349	Kocak	permutation	
280.0	-0.01064860588996508	Kocak	permutation	
281.0	0.05077882721115534	Kocak	permutation	
282.0	0.048405363364463216	Kocak	permutation	
283.0	-0.06681447570409071	Kocak	permutation	
284.0	0.1807932278638611	Kocak	permutation	
285.0	-0.08049632454893141	Kocak	permutation	
286.0	-0.16428663441418578	Kocak	permutation	
287.0	0.07578099710109143	Kocak	permutation	
288.0	-0.04351001763725648	Kocak	permutation	
289.0	-0.08492190892109353	Kocak	permutation	
290.0	-0.054237422177251915	Kocak	permutation	
291.0	0.14354862743223462	Kocak	permutation	
292.0	0.010595867466291153	Kocak	permutation	
293.0	0.26057539821482356	Kocak	permutation	
294.0	-0.09998068173771157	Kocak	permutation	
295.0	0.2359790558375452	Kocak	permutation	
296.0	-0.18812492854973817	Kocak	permutation	
297.0	-0.06936206658534472	Kocak	permutation	
298.0	-0.07595434235505305	Kocak	permutation	
299.0	0.06691386591484738	Kocak	permutation	
300.0	0.06921071503162368	Kocak	permutation	
301.0	0.08015924939119135	Kocak	permutation	
302.0	0.003729280209093133	Kocak	permutation	
303.0	-0.04825627733626359	Kocak	permutation	
304.0	-0.06389891840817974	Kocak	permutation	
305.0	-0.04787385515925324	Kocak	permutation	
306.0	0.013493091134541668	Kocak	permutation	
307.0	0.05855101606091484	Kocak	permutation	
308.0	0.028667443856137176	Kocak	permutation	
309.0	0.024903128550390008	Kocak	permutation	
310.0	0.08480383137237668	Kocak	permutation	
311.0	0.12642499872241109	Kocak	permutation	
312.0	0.11661707436709223	Kocak	permutation	
313.0	-0.04948754894774421	Kocak	permutation	
314.0	0.023077657541838548	Kocak	permutation	
315.0	0.06445797511029383	Kocak	permutation	
316.0	-0.07365630184542615	Kocak	permutation	
317.0	0.014368736637413448	Kocak	permutation	
318.0	0.04186015431451828	Kocak	permutation	
319.0	0.11184862073974555	Kocak	permutation	
320.0	0.12716375228757126	Kocak	permutation	
321.0	-0.06735377890569971	Kocak	permutation	
322.0	0.07421198029534137	Kocak	permutation	
323.0	0.13842063812699967	Kocak	permutation	
324.0	-0.03604025610546957	Kocak	permutation	
325.0	0.06482326328669696	Kocak	permutation	
326.0	-0.04323883413470675	Kocak	permutation	
327.0	0.08164485146114586	Kocak	permutation	
328.0	0.12602534043122082	Kocak	permutation	
329.0	-0.052198956082278425	Kocak	permutation	
330.0	0.09031990947909208	Kocak	permutation	
331.0	-0.16167192161636823	Kocak	permutation	
332.0	0.03363975845723033	Kocak	permutation	
333.0	0.2531536220059567	Kocak	permutation	
334.0	-0.05907181752896751	Kocak	permutation	
335.0	-0.07446414402464896	Kocak	permutation	
336.0	0.045700266411610624	Kocak	permutation	
337.0	-0.22159248525152053	Kocak	permutation	
338.0	0.1454427747817566	Kocak	permutation	
339.0	-0.02945164193263583	Kocak	permutation	
340.0	0.05318182394782456	Kocak	permutation	
341.0	0.010989540887655025	Kocak	permutation	
342.0	0.07699817737607173	Kocak	permutation	
343.0	0.007987441348409341	Kocak	permutation	
344.0	-0.0445884016565441	Kocak	permutation	
345.0	0.042235740849126735	Kocak	permutation	
346.0	0.2701469585203444	Kocak	permutation	
347.0	-0.08472132939798627	Kocak	permutation	
348.0	0.07447881620492014	Kocak	permutation	
349.0	0.02793361390007343	Kocak	permutation	
350.0	0.09530556405988388	Kocak	permutation	
351.0	-0.026062494569220718	Kocak	permutation	
352.0	0.17240383182091001	Kocak	permutation	
353.0	-0.0306097852575391	Kocak	permutation	
354.0	-0.20862341465148004	Kocak	permutation	
355.0	-0.12224452927936147	Kocak	permutation	
356.0	-0.09289882888595269	Kocak	permutation	
357.0	0.09863219964495507	Kocak	permutation	
358.0	0.19462774666407778	Kocak	permutation	
359.0	0.06884131380745906	Kocak	permutation	
360.0	0.054443921692480135	Kocak	permutation	
361.0	0.019260963876248205	Kocak	permutation	
362.0	0.2880387675955589	Kocak	permutation	
363.0	0.05690843257429057	Kocak	permutation	
364.0	0.1941786152881657	Kocak	permutation	
365.0	-0.10614460624821476	Kocak	permutation	
366.0	0.018554401004146293	Kocak	permutation	
367.0	-0.029280104514056493	Kocak	permutation	
368.0	0.22588772626995235	Kocak	permutation	
369.0	0.11839765537097469	Kocak	permutation	
370.0	0.12008675450504258	Kocak	permutation	
371.0	0.13711559548454444	Kocak	permutation	
372.0	-0.11137051319758307	Kocak	permutation	
373.0	-0.04970402940114349	Kocak	permutation	
374.0	0.033365616233944184	Kocak	permutation	
375.0	-0.0013917643528658097	Kocak	permutation	
376.0	0.10912459776492378	Kocak	permutation	
377.0	0.007024642531139769	Kocak	permutation	
378.0	0.060212296470030235	Kocak	permutation	
379.0	0.0682116432966331	Kocak	permutation	
380.0	0.012502447873256717	Kocak	permutation	
381.0	0.08418477269998226	Kocak	permutation	
382.0	0.15603488882087735	Kocak	permutation	
383.0	0.17784877876883742	Kocak	permutation	
384.0	0.06920608665929695	Kocak	permutation	
385.0	-0.21210503310683437	Kocak	permutation	
386.0	-0.22113437089056776	Kocak	permutation	
387.0	-0.01964656993956959	Kocak	permutation	
388.0	-0.2907462800728009	Kocak	permutation	
389.0	0.006201360939793066	Kocak	permutation	
390.0	0.2134141322120806	Kocak	permutation	
391.0	-0.01800216799884291	Kocak	permutation	
392.0	0.06066266084426131	Kocak	permutation	
393.0	0.08498896580705662	Kocak	permutation	
394.0	0.01691069025349634	Kocak	permutation	
395.0	0.09068877533406683	Kocak	permutation	
396.0	-0.03846674385200499	Kocak	permutation	
397.0	-0.015646421924598197	Kocak	permutation	
398.0	-0.021219147090172363	Kocak	permutation	
399.0	0.13196728236719624	Kocak	permutation	
400.0	-0.036497129475509205	Kocak	permutation	
401.0	0.02725846552529365	Kocak	permutation	
402.0	-0.03106934391913052	Kocak	permutation	
403.0	-0.0017356325270938555	Kocak	permutation	
404.0	0.20981012962421097	Kocak	permutation	
405.0	0.13743023966663337	Kocak	permutation	
406.0	-0.046232826703136	Kocak	permutation	
407.0	-0.023245177018033303	Kocak	permutation	
408.0	-0.006302856381447786	Kocak	permutation	
409.0	0.0015865811562121301	Kocak	permutation	
410.0	-0.012848500667022478	Kocak	permutation	
411.0	-0.06084848100190854	Kocak	permutation	
412.0	-0.026562027668645793	Kocak	permutation	
413.0	0.039988028957170574	Kocak	permutation	
414.0	-0.031985641958196975	Kocak	permutation	
415.0	0.1646820632206354	Kocak	permutation	
416.0	-0.005865745487112495	Kocak	permutation	
417.0	-0.13434326077901293	Kocak	permutation	
418.0	0.08568817434216403	Kocak	permutation	
419.0	0.011950057375308631	Kocak	permutation	
420.0	-0.001742145812084317	Kocak	permutation	
421.0	0.03395272704952523	Kocak	permutation	
422.0	0.0035170627817309175	Kocak	permutation	
423.0	-0.02889022583692702	Kocak	permutation	
424.0	0.0655776662191978	Kocak	permutation	
425.0	-0.05924836971816205	Kocak	permutation	
426.0	0.033104153137960335	Kocak	permutation	
427.0	-0.09383145452695763	Kocak	permutation	
428.0	-0.07016683048175798	Kocak	permutation	
429.0	0.06922128556550655	Kocak	permutation	
430.0	0.041629851657736694	Kocak	permutation	
431.0	0.1309992888281566	Kocak	permutation	
432.0	-0.019957268470103706	Kocak	permutation	
433.0	0.1004458029675721	Kocak	permutation	
434.0	-0.09385553455956863	Kocak	permutation	
435.0	0.01927211978345955	Kocak	permutation	
436.0	0.22284905012724687	Kocak	permutation	
437.0	0.0684335829023035	Kocak	permutation	
438.0	0.20927122107687568	Kocak	permutation	
439.0	0.19930066239384825	Kocak	permutation	
440.0	0.062480453202949704	Kocak	permutation	
441.0	-0.27233164134073506	Kocak	permutation	
442.0	-0.024852657033595627	Kocak	permutation	
443.0	-0.04962261269054968	Kocak	permutation	
444.0	0.02303690853524687	Kocak	permutation	
445.0	0.0982314275927112	Kocak	permutation	
446.0	0.1430161836528665	Kocak	permutation	
447.0	-0.09894148687559667	Kocak	permutation	
448.0	-0.02257348736104081	Kocak	permutation	
449.0	0.1001664529067745	Kocak	permutation	
450.0	-0.07602215612542018	Kocak	permutation	
451.0	0.1712479914099787	Kocak	permutation	
452.0	0.06477455898998175	Kocak	permutation	
453.0	-0.04270400302330346	Kocak	permutation	
454.0	-0.012634355555772192	Kocak	permutation	
455.0	-0.0043070930832249665	Kocak	permutation	
456.0	-0.013201186231749151	Kocak	permutation	
457.0	0.231083225089026	Kocak	permutation	
458.0	-0.03358126933910732	Kocak	permutation	
459.0	-0.08713562702675182	Kocak	permutation	
460.0	-0.02368482430301455	Kocak	permutation	
461.0	-0.024521409641082847	Kocak	permutation	
462.0	-0.06000751613865818	Kocak	permutation	
463.0	0.11392359769998972	Kocak	permutation	
464.0	0.029051746199561634	Kocak	permutation	
465.0	0.1470006427954509	Kocak	permutation	
466.0	-0.12642371773118466	Kocak	permutation	
467.0	-0.08640195284377583	Kocak	permutation	
468.0	-0.15214999044762978	Kocak	permutation	
469.0	0.012970012660090013	Kocak	permutation	
470.0	-0.04902303970022981	Kocak	permutation	
471.0	-0.09457803565839251	Kocak	permutation	
472.0	0.0815634006089958	Kocak	permutation	
473.0	0.0033611503903512308	Kocak	permutation	
474.0	-0.07178283381462203	Kocak	permutation	
475.0	-0.12427869882117148	Kocak	permutation	
476.0	0.018111809782807242	Kocak	permutation	
477.0	0.024024127739915357	Kocak	permutation	
478.0	0.024917398739475072	Kocak	permutation	
479.0	0.0015692470610546572	Kocak	permutation	
480.0	-0.008790336840085011	Kocak	permutation	
481.0	0.016361078786633954	Kocak	permutation	
482.0	0.15433862936068987	Kocak	permutation	
483.0	0.10890519081957084	Kocak	permutation	
484.0	0.13715593592472386	Kocak	permutation	
485.0	-0.013273258372747954	Kocak	permutation	
486.0	0.023997044020126257	Kocak	permutation	
487.0	-0.10108625219407319	Kocak	permutation	
488.0	0.08678327077617043	Kocak	permutation	
489.0	0.07887641191519501	Kocak	permutation	
490.0	-0.12510556770749526	Kocak	permutation	
491.0	0.05516821831484586	Kocak	permutation	
492.0	0.2633247036855857	Kocak	permutation	
493.0	-0.1298689854854116	Kocak	permutation	
494.0	-0.09003174949739101	Kocak	permutation	
495.0	-0.07877730434683183	Kocak	permutation	
496.0	0.00017099475364545924	Kocak	permutation	
497.0	-0.118222850103062	Kocak	permutation	
498.0	0.03345476571662198	Kocak	permutation	
499.0	0.039550734595356296	Kocak	permutation	
500.0	0.11593501350997215	Kocak	permutation	
501.0	0.04778195482507375	Kocak	permutation	
502.0	0.05827060254634553	Kocak	permutation	
503.0	-0.06278070033271144	Kocak	permutation	
504.0	-0.03759426611852046	Kocak	permutation	
505.0	-0.22444638610348466	Kocak	permutation	
506.0	0.16434291215829244	Kocak	permutation	
507.0	-0.036354371957426856	Kocak	permutation	
508.0	0.10672077377388067	Kocak	permutation	
509.0	0.0034368890273972497	Kocak	permutation	
510.0	0.041546946361988635	Kocak	permutation	
511.0	-0.07224748232124822	Kocak	permutation	
512.0	0.03280823397800692	Kocak	permutation	
513.0	0.0371149695043389	Kocak	permutation	
514.0	0.2552677406050474	Kocak	permutation	
515.0	0.02451344824144197	Kocak	permutation	
516.0	-0.12322480828674509	Kocak	permutation	
517.0	-0.0591266715307337	Kocak	permutation	
518.0	-0.0433631149735767	Kocak	permutation	
519.0	0.014140866435984556	Kocak	permutation	
520.0	-0.05437139374730027	Kocak	permutation	
521.0	0.05905127652878317	Kocak	permutation	
522.0	0.07132854075732942	Kocak	permutation	
523.0	0.03720960544621166	Kocak	permutation	
524.0	-0.02999570421503739	Kocak	permutation	
525.0	0.054911043737069676	Kocak	permutation	
526.0	0.103552825669047	Kocak	permutation	
527.0	0.07399735748531411	Kocak	permutation	
528.0	0.0006684828193206371	Kocak	permutation	
529.0	0.13614822080858024	Kocak	permutation	
530.0	-0.12183219973840398	Kocak	permutation	
531.0	-0.026600255220970315	Kocak	permutation	
532.0	-0.018496831719374995	Kocak	permutation	
533.0	-0.10281363418472322	Kocak	permutation	
534.0	-0.0011982336726901188	Kocak	permutation	
535.0	-0.0652900360890829	Kocak	permutation	
536.0	0.08266531720748427	Kocak	permutation	
537.0	-0.008889220671342901	Kocak	permutation	
538.0	0.24123563992812036	Kocak	permutation	
539.0	0.09164227733780539	Kocak	permutation	
540.0	-0.11371406258130401	Kocak	permutation	
541.0	0.016378497474328846	Kocak	permutation	
542.0	-0.03766350278381214	Kocak	permutation	
543.0	0.11855335462261074	Kocak	permutation	
544.0	-0.203215632980148	Kocak	permutation	
545.0	-0.17979999692127846	Kocak	permutation	
546.0	-0.05338597529646005	Kocak	permutation	
547.0	0.11876663258230602	Kocak	permutation	
548.0	-0.09495893388720411	Kocak	permutation	
549.0	0.04767144804035928	Kocak	permutation	
550.0	0.0890750650140073	Kocak	permutation	
551.0	-0.04296550250929343	Kocak	permutation	
552.0	-0.002881115315987337	Kocak	permutation	
553.0	-0.08166235265116217	Kocak	permutation	
554.0	0.14623620081546607	Kocak	permutation	
555.0	-0.04267257621924081	Kocak	permutation	
556.0	0.07208846723381868	Kocak	permutation	
557.0	0.07363662133702586	Kocak	permutation	
558.0	0.0021457636900592547	Kocak	permutation	
559.0	0.013021719790180963	Kocak	permutation	
560.0	0.10662557891382374	Kocak	permutation	
561.0	0.2199343846596804	Kocak	permutation	
562.0	0.08994282409433296	Kocak	permutation	
563.0	0.029803021582010647	Kocak	permutation	
564.0	-0.07818568143742288	Kocak	permutation	
565.0	-0.1072867415325045	Kocak	permutation	
566.0	0.04842159502835264	Kocak	permutation	
567.0	-0.1125664062354188	Kocak	permutation	
568.0	-0.11460271164562297	Kocak	permutation	
569.0	-0.07926321625644084	Kocak	permutation	
570.0	0.07329739459144458	Kocak	permutation	
571.0	0.11507859805637732	Kocak	permutation	
572.0	0.018367718663760968	Kocak	permutation	
573.0	0.11737752344366692	Kocak	permutation	
574.0	-0.05392369515277817	Kocak	permutation	
575.0	-0.10790118371672053	Kocak	permutation	
576.0	0.0878536357969617	Kocak	permutation	
577.0	0.09403080168465916	Kocak	permutation	
578.0	0.011815026298226172	Kocak	permutation	
579.0	-0.05083251089683216	Kocak	permutation	
580.0	-0.0444346247320917	Kocak	permutation	
581.0	0.18370420125371467	Kocak	permutation	
582.0	-0.0343962296427911	Kocak	permutation	
583.0	-0.01742437595314872	Kocak	permutation	
584.0	0.068752535270733	Kocak	permutation	
585.0	0.0194017574710581	Kocak	permutation	
586.0	0.11123251384330324	Kocak	permutation	
587.0	-0.052288827726612475	Kocak	permutation	
588.0	-0.029722338773849444	Kocak	permutation	
589.0	-0.13942459077123504	Kocak	permutation	
590.0	-0.12878716529947498	Kocak	permutation	
591.0	0.13808942731985363	Kocak	permutation	
592.0	0.029050356350823314	Kocak	permutation	
593.0	0.24336718644781863	Kocak	permutation	
594.0	-0.04858430426559757	Kocak	permutation	
595.0	0.09721635376262805	Kocak	permutation	
596.0	-0.10785050646631023	Kocak	permutation	
597.0	-0.13370557015133455	Kocak	permutation	
598.0	-0.03628718170981937	Kocak	permutation	
599.0	0.03649244290179121	Kocak	permutation	
600.0	-0.053406381714246276	Kocak	permutation	
601.0	0.11248263700249339	Kocak	permutation	
602.0	0.026257154888266854	Kocak	permutation	
603.0	0.1418529433504614	Kocak	permutation	
604.0	0.24236465042046662	Kocak	permutation	
605.0	0.15067185005545802	Kocak	permutation	
606.0	0.0018293183208983876	Kocak	permutation	
607.0	-0.02011352453390991	Kocak	permutation	
608.0	-0.02114821091091379	Kocak	permutation	
609.0	-0.1384945429471074	Kocak	permutation	
610.0	-0.10381730661482669	Kocak	permutation	
611.0	0.018401105212000335	Kocak	permutation	
612.0	-0.005248843029631356	Kocak	permutation	
613.0	-0.010705272227602425	Kocak	permutation	
614.0	0.05861686824803147	Kocak	permutation	
615.0	0.05716941568974221	Kocak	permutation	
616.0	-0.15257060534658073	Kocak	permutation	
617.0	-0.08616151039630848	Kocak	permutation	
618.0	-0.04322016670629303	Kocak	permutation	
619.0	-0.14320343476819586	Kocak	permutation	
620.0	0.13430776688339607	Kocak	permutation	
621.0	0.06859954928719292	Kocak	permutation	
622.0	-0.09208901201139952	Kocak	permutation	
623.0	0.12259477489717296	Kocak	permutation	
624.0	0.09965086763683306	Kocak	permutation	
625.0	-0.12435719689861457	Kocak	permutation	
626.0	0.2363483272864868	Kocak	permutation	
627.0	-0.021953685027661596	Kocak	permutation	
628.0	-0.10964268052343096	Kocak	permutation	
629.0	-0.06492637681614921	Kocak	permutation	
630.0	-0.009902526380818344	Kocak	permutation	
631.0	0.11739450161534837	Kocak	permutation	
632.0	0.10045283845774033	Kocak	permutation	
633.0	0.0484402296023867	Kocak	permutation	
634.0	-0.03577367690698052	Kocak	permutation	
635.0	-0.03346770733611004	Kocak	permutation	
636.0	0.22052940960669343	Kocak	permutation	
637.0	0.13414217907890436	Kocak	permutation	
638.0	0.032267306559157216	Kocak	permutation	
639.0	-0.11353670827328433	Kocak	permutation	
640.0	0.06665897353041794	Kocak	permutation	
641.0	0.03091191863637155	Kocak	permutation	
642.0	-0.09540683956323726	Kocak	permutation	
643.0	-0.10333329852213469	Kocak	permutation	
644.0	-0.059422661587017256	Kocak	permutation	
645.0	0.008161951811448187	Kocak	permutation	
646.0	-0.0714725347807601	Kocak	permutation	
647.0	-0.06254164218616776	Kocak	permutation	
648.0	-0.2128016279042737	Kocak	permutation	
649.0	-0.06647249769305574	Kocak	permutation	
650.0	-0.06609389357882423	Kocak	permutation	
651.0	0.19365358156390977	Kocak	permutation	
652.0	-0.005758529447188465	Kocak	permutation	
653.0	0.1725666938610475	Kocak	permutation	
654.0	-0.025045622511008947	Kocak	permutation	
655.0	-0.006977812142361817	Kocak	permutation	
656.0	-0.034811009475590016	Kocak	permutation	
657.0	0.02745252425623601	Kocak	permutation	
658.0	0.020701942026145836	Kocak	permutation	
659.0	0.08496065536560593	Kocak	permutation	
660.0	0.10032941874055945	Kocak	permutation	
661.0	0.026421047334206804	Kocak	permutation	
662.0	0.052177509067879324	Kocak	permutation	
663.0	-0.02110714011380521	Kocak	permutation	
664.0	-0.051319279665638096	Kocak	permutation	
665.0	0.003908477698846724	Kocak	permutation	
666.0	0.24524134091287975	Kocak	permutation	
667.0	0.05357608186175433	Kocak	permutation	
668.0	0.02284428987252829	Kocak	permutation	
669.0	0.03464879833745593	Kocak	permutation	
670.0	-0.12096856931346789	Kocak	permutation	
671.0	0.007837350564229961	Kocak	permutation	
672.0	0.0010275249144950926	Kocak	permutation	
673.0	-0.06860215576028628	Kocak	permutation	
674.0	-0.11089924326082068	Kocak	permutation	
675.0	0.1100077324593931	Kocak	permutation	
676.0	-0.05860524463343042	Kocak	permutation	
677.0	0.02430849141757596	Kocak	permutation	
678.0	0.09076220536972635	Kocak	permutation	
679.0	-0.054390666676333854	Kocak	permutation	
680.0	0.05704782861224711	Kocak	permutation	
681.0	0.02022043991868072	Kocak	permutation	
682.0	0.1147700110266614	Kocak	permutation	
683.0	0.05415813576862849	Kocak	permutation	
684.0	0.10030762158455797	Kocak	permutation	
685.0	-0.039167171095442654	Kocak	permutation	
686.0	0.03192108729916088	Kocak	permutation	
687.0	0.042770985037686504	Kocak	permutation	
688.0	0.07121105843126907	Kocak	permutation	
689.0	0.05830695828213628	Kocak	permutation	
690.0	-0.008710723716848445	Kocak	permutation	
691.0	0.20346537196329617	Kocak	permutation	
692.0	0.13367480092787742	Kocak	permutation	
693.0	-0.08870324878045643	Kocak	permutation	
694.0	0.046938401823064524	Kocak	permutation	
695.0	0.05140469625192301	Kocak	permutation	
696.0	0.07441521216156799	Kocak	permutation	
697.0	-0.07667928552538861	Kocak	permutation	
698.0	-0.05347932755020235	Kocak	permutation	
699.0	0.17895107369813745	Kocak	permutation	
700.0	0.20626358351748442	Kocak	permutation	
701.0	0.08113502027578345	Kocak	permutation	
702.0	0.028548283567340516	Kocak	permutation	
703.0	-0.01818637588957328	Kocak	permutation	
704.0	0.04031983372517578	Kocak	permutation	
705.0	0.12424102855426744	Kocak	permutation	
706.0	0.1066961968389446	Kocak	permutation	
707.0	0.11566636133707764	Kocak	permutation	
708.0	-0.12961971224261415	Kocak	permutation	
709.0	0.001729917991607266	Kocak	permutation	
710.0	-0.1337348322658487	Kocak	permutation	
711.0	0.11756205346405668	Kocak	permutation	
712.0	-0.011751380022925417	Kocak	permutation	
713.0	-0.11519177955016202	Kocak	permutation	
714.0	0.1418335325468849	Kocak	permutation	
715.0	0.04971584355992453	Kocak	permutation	
716.0	0.16018479493883664	Kocak	permutation	
717.0	0.08816666329307976	Kocak	permutation	
718.0	0.11458445411786	Kocak	permutation	
719.0	-0.03405559523134283	Kocak	permutation	
720.0	-0.09707639457560147	Kocak	permutation	
721.0	-0.15504218574910356	Kocak	permutation	
722.0	0.17947766298122803	Kocak	permutation	
723.0	0.06192895285237343	Kocak	permutation	
724.0	0.03739607671171408	Kocak	permutation	
725.0	0.19076280025287762	Kocak	permutation	
726.0	0.1445950692856015	Kocak	permutation	
727.0	-0.028946577448868194	Kocak	permutation	
728.0	0.022457221962898455	Kocak	permutation	
729.0	-0.21704303034808525	Kocak	permutation	
730.0	-0.05452037796246545	Kocak	permutation	
731.0	-0.006182501611414981	Kocak	permutation	
732.0	0.06842621912371438	Kocak	permutation	
733.0	0.0920426459864303	Kocak	permutation	
734.0	-0.13218137272779495	Kocak	permutation	
735.0	0.060528270772189696	Kocak	permutation	
736.0	0.035836771196165795	Kocak	permutation	
737.0	0.22073414590959795	Kocak	permutation	
738.0	-0.00498369854310754	Kocak	permutation	
739.0	-0.011902365893643907	Kocak	permutation	
740.0	0.030963759382754308	Kocak	permutation	
741.0	-0.14714664257527765	Kocak	permutation	
742.0	0.047269518325295135	Kocak	permutation	
743.0	0.018285943086960188	Kocak	permutation	
744.0	-0.03293034209796897	Kocak	permutation	
745.0	-0.04726242875416409	Kocak	permutation	
746.0	-0.053259744980487245	Kocak	permutation	
747.0	0.0020445443355838755	Kocak	permutation	
748.0	0.16524725917468785	Kocak	permutation	
749.0	-0.10642709445329279	Kocak	permutation	
750.0	-0.0471039828233879	Kocak	permutation	
751.0	0.05497060904358886	Kocak	permutation	
752.0	-0.030058273994442608	Kocak	permutation	
753.0	0.15489953001819368	Kocak	permutation	
754.0	0.010443006651576159	Kocak	permutation	
755.0	0.03270660921921875	Kocak	permutation	
756.0	0.007184857879282358	Kocak	permutation	
757.0	0.06837956335872297	Kocak	permutation	
758.0	-0.060518692987383105	Kocak	permutation	
759.0	-0.0604241253743556	Kocak	permutation	
760.0	0.03377573223414432	Kocak	permutation	
761.0	-0.07665305375559406	Kocak	permutation	
762.0	-0.04406327415621725	Kocak	permutation	
763.0	0.09581271699519345	Kocak	permutation	
764.0	0.18161784200017506	Kocak	permutation	
765.0	-0.07183281027112542	Kocak	permutation	
766.0	0.0015010437032518809	Kocak	permutation	
767.0	-0.1702297240378745	Kocak	permutation	
768.0	0.08404663330318973	Kocak	permutation	
769.0	-0.019877736800633983	Kocak	permutation	
770.0	-0.1556077387798438	Kocak	permutation	
771.0	0.15253401629229968	Kocak	permutation	
772.0	-0.00422622116129423	Kocak	permutation	
773.0	0.12056596559683452	Kocak	permutation	
774.0	-0.025144209712659737	Kocak	permutation	
775.0	-0.05701616100062257	Kocak	permutation	
776.0	-0.07569734541457818	Kocak	permutation	
777.0	-0.19150489531176307	Kocak	permutation	
778.0	-0.09467089750920232	Kocak	permutation	
779.0	0.18681205715742966	Kocak	permutation	
780.0	0.05282848543586516	Kocak	permutation	
781.0	0.13343103186366667	Kocak	permutation	
782.0	0.06188251826455016	Kocak	permutation	
783.0	0.01952742821403941	Kocak	permutation	
784.0	0.0944973803681659	Kocak	permutation	
785.0	0.043722647746602394	Kocak	permutation	
786.0	0.0557442157646828	Kocak	permutation	
787.0	0.09654146611416481	Kocak	permutation	
788.0	-0.24158541105221465	Kocak	permutation	
789.0	-0.15131578676944502	Kocak	permutation	
790.0	0.08357173300533027	Kocak	permutation	
791.0	0.001363720317149486	Kocak	permutation	
792.0	0.14350684199137298	Kocak	permutation	
793.0	0.0792089057739469	Kocak	permutation	
794.0	0.08065110750529092	Kocak	permutation	
795.0	-0.01843132330740893	Kocak	permutation	
796.0	0.01657668122321887	Kocak	permutation	
797.0	0.23625261575321188	Kocak	permutation	
798.0	0.13160293889196684	Kocak	permutation	
799.0	0.06344615148432986	Kocak	permutation	
800.0	-0.08790231370903268	Kocak	permutation	
801.0	0.17788859096543552	Kocak	permutation	
802.0	-0.10609979584001161	Kocak	permutation	
803.0	-0.062069747715181034	Kocak	permutation	
804.0	-0.03784062941412847	Kocak	permutation	
805.0	-0.09345629132480093	Kocak	permutation	
806.0	0.06264086803195079	Kocak	permutation	
807.0	0.0847763767032772	Kocak	permutation	
808.0	0.19423055867619254	Kocak	permutation	
809.0	-0.12842174096024817	Kocak	permutation	
810.0	0.10944724610258394	Kocak	permutation	
811.0	-0.13341784961802539	Kocak	permutation	
812.0	0.010219054522746074	Kocak	permutation	
813.0	0.12068587440150136	Kocak	permutation	
814.0	0.051895180159722276	Kocak	permutation	
815.0	-0.23755963323874152	Kocak	permutation	
816.0	-0.025399670349887327	Kocak	permutation	
817.0	0.05604232510689666	Kocak	permutation	
818.0	0.0764648638555201	Kocak	permutation	
819.0	0.14241406511568	Kocak	permutation	
820.0	-0.02020586856004769	Kocak	permutation	
821.0	-0.05312930066236987	Kocak	permutation	
822.0	-0.050908225196583334	Kocak	permutation	
823.0	0.06252257401115857	Kocak	permutation	
824.0	0.04501818904880217	Kocak	permutation	
825.0	0.1245216830554976	Kocak	permutation	
826.0	0.0609914391588231	Kocak	permutation	
827.0	0.01875861670429302	Kocak	permutation	
828.0	-0.20226903076453695	Kocak	permutation	
829.0	-0.08225365103178683	Kocak	permutation	
830.0	0.12370342522952393	Kocak	permutation	
831.0	-0.06425061064452331	Kocak	permutation	
832.0	-0.040512083425882306	Kocak	permutation	
833.0	0.11111548771125168	Kocak	permutation	
834.0	-0.006010802842081109	Kocak	permutation	
835.0	0.0698795710721023	Kocak	permutation	
836.0	0.08007859106148807	Kocak	permutation	
837.0	-0.09466296941851882	Kocak	permutation	
838.0	-0.16136066314915798	Kocak	permutation	
839.0	0.17163068525205238	Kocak	permutation	
840.0	-0.006011766919573613	Kocak	permutation	
841.0	0.01815556614834657	Kocak	permutation	
842.0	0.015844119580717297	Kocak	permutation	
843.0	-0.03322669374831344	Kocak	permutation	
844.0	-0.010981576288144002	Kocak	permutation	
845.0	-0.04931271370587442	Kocak	permutation	
846.0	0.009122613393157675	Kocak	permutation	
847.0	-0.20648643064845018	Kocak	permutation	
848.0	0.02508738414790601	Kocak	permutation	
849.0	-0.13878478374393755	Kocak	permutation	
850.0	0.1676328884815077	Kocak	permutation	
851.0	0.1397752400265131	Kocak	permutation	
852.0	0.14338246182691927	Kocak	permutation	
853.0	0.12602983657733935	Kocak	permutation	
854.0	-0.09604725446791162	Kocak	permutation	
855.0	0.12614439371536745	Kocak	permutation	
856.0	0.06758860209543549	Kocak	permutation	
857.0	-0.05318995264252013	Kocak	permutation	
858.0	-0.044671546105752746	Kocak	permutation	
859.0	0.21608147634918318	Kocak	permutation	
860.0	0.13094025500103212	Kocak	permutation	
861.0	0.14849682872369652	Kocak	permutation	
862.0	0.027598216315930735	Kocak	permutation	
863.0	-0.18420867589241796	Kocak	permutation	
864.0	-0.13468580171282873	Kocak	permutation	
865.0	0.297220621848445	Kocak	permutation	
866.0	-0.00598135294346136	Kocak	permutation	
867.0	0.12986536459763753	Kocak	permutation	
868.0	0.031434226229553275	Kocak	permutation	
869.0	-0.05171794223852766	Kocak	permutation	
870.0	0.18580826097490544	Kocak	permutation	
871.0	-0.1325501764251653	Kocak	permutation	
872.0	0.06721507896367962	Kocak	permutation	
873.0	0.031090727504720306	Kocak	permutation	
874.0	-0.0243338248370657	Kocak	permutation	
875.0	-0.04098763644505565	Kocak	permutation	
876.0	0.0640070390712637	Kocak	permutation	
877.0	0.178327919111688	Kocak	permutation	
878.0	0.03935387205094676	Kocak	permutation	
879.0	-0.05010048592556737	Kocak	permutation	
880.0	-0.10796500466542769	Kocak	permutation	
881.0	0.12241762567750891	Kocak	permutation	
882.0	-0.0016770398425656197	Kocak	permutation	
883.0	-0.014514233338722704	Kocak	permutation	
884.0	-0.14261650565101558	Kocak	permutation	
885.0	0.09634780603296944	Kocak	permutation	
886.0	-0.06535509226823644	Kocak	permutation	
887.0	0.025745973795078925	Kocak	permutation	
888.0	0.040384453824198197	Kocak	permutation	
889.0	0.03233995831009606	Kocak	permutation	
890.0	-0.1862293930534169	Kocak	permutation	
891.0	-0.00030483935063729817	Kocak	permutation	
892.0	-0.05347705081341969	Kocak	permutation	
893.0	-0.007678414072194606	Kocak	permutation	
894.0	-0.14834333570104974	Kocak	permutation	
895.0	0.11705917095230278	Kocak	permutation	
896.0	-0.1536590583713524	Kocak	permutation	
897.0	-0.10942745308703872	Kocak	permutation	
898.0	0.06234026437072693	Kocak	permutation	
899.0	0.08761104050090873	Kocak	permutation	
900.0	0.002894625239469484	Kocak	permutation	
901.0	0.22468122652036104	Kocak	permutation	
902.0	0.13994201146582252	Kocak	permutation	
903.0	-0.009111645008646807	Kocak	permutation	
904.0	0.10480094259149375	Kocak	permutation	
905.0	0.13409655499715534	Kocak	permutation	
906.0	-0.05236786142718497	Kocak	permutation	
907.0	-0.022126826873265948	Kocak	permutation	
908.0	0.11665131186644917	Kocak	permutation	
909.0	0.07890286689568082	Kocak	permutation	
910.0	-0.1551284612527848	Kocak	permutation	
911.0	-0.14014612072781008	Kocak	permutation	
912.0	0.011175703258525349	Kocak	permutation	
913.0	0.016509327480508595	Kocak	permutation	
914.0	-0.1766574353029342	Kocak	permutation	
915.0	0.037627349064713655	Kocak	permutation	
916.0	-0.09256431152495903	Kocak	permutation	
917.0	-0.1913047106689656	Kocak	permutation	
918.0	0.03575335293426951	Kocak	permutation	
919.0	0.021528102484396072	Kocak	permutation	
920.0	-0.022868096847131536	Kocak	permutation	
921.0	-0.013149604588865937	Kocak	permutation	
922.0	0.018962274650560218	Kocak	permutation	
923.0	0.05161897174200991	Kocak	permutation	
924.0	-0.05306601689382662	Kocak	permutation	
925.0	0.03202893377161642	Kocak	permutation	
926.0	-0.08576527065582873	Kocak	permutation	
927.0	-0.15041763219123538	Kocak	permutation	
928.0	0.002855054158814152	Kocak	permutation	
929.0	0.1447162604787544	Kocak	permutation	
930.0	0.001990850907333641	Kocak	permutation	
931.0	-0.02824571011995669	Kocak	permutation	
932.0	0.12166738334987848	Kocak	permutation	
933.0	0.0639675717446182	Kocak	permutation	
934.0	-0.12857509858157856	Kocak	permutation	
935.0	0.13878157856165174	Kocak	permutation	
936.0	0.15421436829806678	Kocak	permutation	
937.0	-0.04848816821395818	Kocak	permutation	
938.0	-0.02420210126012634	Kocak	permutation	
939.0	-0.0899484039556242	Kocak	permutation	
940.0	-0.03637969759298931	Kocak	permutation	
941.0	-0.023989662912787146	Kocak	permutation	
942.0	0.000714415961258652	Kocak	permutation	
943.0	-0.02333883229269995	Kocak	permutation	
944.0	0.01897165717931637	Kocak	permutation	
945.0	0.2425726811549085	Kocak	permutation	
946.0	0.2292218964301509	Kocak	permutation	
947.0	0.221284855805711	Kocak	permutation	
948.0	-0.23756097144920174	Kocak	permutation	
949.0	-0.03799742623782887	Kocak	permutation	
950.0	0.026910074457259014	Kocak	permutation	
951.0	-0.16267390824200634	Kocak	permutation	
952.0	-0.08929126729320336	Kocak	permutation	
953.0	0.05217896016943557	Kocak	permutation	
954.0	0.017844883725510297	Kocak	permutation	
955.0	0.18441136352145504	Kocak	permutation	
956.0	-0.1906920711465392	Kocak	permutation	
957.0	0.010183272937122734	Kocak	permutation	
958.0	-0.12881291262827554	Kocak	permutation	
959.0	-0.06734924176577906	Kocak	permutation	
960.0	0.00984380294182996	Kocak	permutation	
961.0	0.15562082002479327	Kocak	permutation	
962.0	0.004312831694688324	Kocak	permutation	
963.0	-0.0024025914630891876	Kocak	permutation	
964.0	-0.059130975659935636	Kocak	permutation	
965.0	0.0017219512312931506	Kocak	permutation	
966.0	-0.04885634431979202	Kocak	permutation	
967.0	0.036112760995527626	Kocak	permutation	
968.0	-0.04350454824715788	Kocak	permutation	
969.0	-0.16709978605367537	Kocak	permutation	
970.0	-0.10399155678917849	Kocak	permutation	
971.0	-0.07428959174950878	Kocak	permutation	
972.0	0.10378199207754912	Kocak	permutation	
973.0	1.4110938586053834e-05	Kocak	permutation	
974.0	0.09309512030144473	Kocak	permutation	
975.0	0.02271249473277903	Kocak	permutation	
976.0	0.11950519777767576	Kocak	permutation	
977.0	0.055098071233703916	Kocak	permutation	
978.0	-0.03687339290190694	Kocak	permutation	
979.0	0.10597466272969491	Kocak	permutation	
980.0	0.1915700846280517	Kocak	permutation	
981.0	0.12594444960198903	Kocak	permutation	
982.0	-0.14618437270516793	Kocak	permutation	
983.0	0.05457534552194421	Kocak	permutation	
984.0	-0.029106040062131466	Kocak	permutation	
985.0	0.07317098648724674	Kocak	permutation	
986.0	0.11669454369080423	Kocak	permutation	
987.0	0.002780895894066049	Kocak	permutation	
988.0	-0.016556424589571073	Kocak	permutation	
989.0	-0.032956527815910075	Kocak	permutation	
990.0	0.09682220481736481	Kocak	permutation	
991.0	0.1453069075397897	Kocak	permutation	
992.0	0.051872671663476755	Kocak	permutation	
993.0	-0.12072393469217957	Kocak	permutation	
994.0	-0.1813160891304455	Kocak	permutation	
995.0	0.2173029753964424	Kocak	permutation	
996.0	0.18465918720815377	Kocak	permutation	
997.0	0.11228092123866729	Kocak	permutation	
998.0	-0.016025283176100746	Kocak	permutation	
999.0	-0.017189470856601385	Kocak	permutation	
1000.0	0.021758222106099456	Kocak	permutation	
1001.0	0.015166080362109646	Kocak	permutation	
1002.0	0.10973718479479011	Kocak	permutation	
1003.0	-0.004106805651335144	Kocak	permutation	
1004.0	0.051481912160750376	Kocak	permutation	
1005.0	-0.05316372367981703	Kocak	permutation	
1006.0	-0.020976165410761638	Kocak	permutation	
1007.0	0.0220618533915502	Kocak	permutation	
1008.0	-0.058896920501380734	Kocak	permutation	
1009.0	-0.008112933931333721	Kocak	permutation	
1010.0	0.11044426854526268	Kocak	permutation	
1011.0	-0.1555917355301184	Kocak	permutation	
1012.0	0.1315797811297541	Kocak	permutation	
1013.0	-0.06303769672647253	Kocak	permutation	
1014.0	0.05547769387041379	Kocak	permutation	
1015.0	-0.04634292209219071	Kocak	permutation	
1016.0	-0.10667678294885619	Kocak	permutation	
1017.0	0.06869008643722063	Kocak	permutation	
1018.0	0.07753626485798204	Kocak	permutation	
1019.0	0.03487498704348635	Kocak	permutation	
1020.0	0.03390116310078595	Kocak	permutation	
1021.0	0.0065214013496830425	Kocak	permutation	
1022.0	0.043630163416235934	Kocak	permutation	
1023.0	0.19465303670290002	Kocak	permutation	
1024.0	-0.18537973987006717	Kocak	permutation	
1025.0	0.043180279668769916	Kocak	permutation	
1026.0	0.043619879452422516	Kocak	permutation	
1027.0	-0.02703857285878053	Kocak	permutation	
1028.0	0.04614889049224491	Kocak	permutation	
1029.0	0.07035185398618582	Kocak	permutation	
1030.0	0.12899835903438195	Kocak	permutation	
1031.0	0.028279102138343504	Kocak	permutation	
1032.0	0.12543682167784986	Kocak	permutation	
1033.0	0.13728717489044318	Kocak	permutation	
1034.0	0.08425355690071301	Kocak	permutation	
1035.0	-0.018854500783886508	Kocak	permutation	
1036.0	0.24284953688956223	Kocak	permutation	
1037.0	-0.296880058833517	Kocak	permutation	
1038.0	-0.0009018171113841511	Kocak	permutation	
1039.0	-0.015417450497809071	Kocak	permutation	
1040.0	0.05114759850230799	Kocak	permutation	
1041.0	0.13139515041565186	Kocak	permutation	
1042.0	-0.026653048716793748	Kocak	permutation	
1043.0	-0.06168179608103941	Kocak	permutation	
1044.0	0.02619149784526087	Kocak	permutation	
1045.0	-0.28267674844680846	Kocak	permutation	
1046.0	0.15394363212772788	Kocak	permutation	
1047.0	0.08233146146843628	Kocak	permutation	
1048.0	-0.06652564256492033	Kocak	permutation	
1049.0	0.09975406729063874	Kocak	permutation	
1050.0	0.026719459258525813	Kocak	permutation	
1051.0	0.22849867498096144	Kocak	permutation	
1052.0	0.013448851825751618	Kocak	permutation	
1053.0	0.1385252382142994	Kocak	permutation	
1054.0	-0.09401568012765305	Kocak	permutation	
1055.0	0.059684873274835404	Kocak	permutation	
1056.0	-0.08466040070519742	Kocak	permutation	
1057.0	0.07569590364004242	Kocak	permutation	
1058.0	0.009772774100260673	Kocak	permutation	
1059.0	-0.06227698277767679	Kocak	permutation	
1060.0	-0.09285517633363227	Kocak	permutation	
1061.0	-0.020979470979674897	Kocak	permutation	
1062.0	0.018199041217288325	Kocak	permutation	
1063.0	0.04465073791550944	Kocak	permutation	
1064.0	0.1810991326123541	Kocak	permutation	
1065.0	0.1529916973284875	Kocak	permutation	
1066.0	-0.12410768994275712	Kocak	permutation	
1067.0	-0.12467305512986426	Kocak	permutation	
1068.0	0.010726356210301269	Kocak	permutation	
1069.0	-0.015333015970873554	Kocak	permutation	
1070.0	0.07066175227010119	Kocak	permutation	
1071.0	0.10559753419135331	Kocak	permutation	
1072.0	0.06646657697417169	Kocak	permutation	
1073.0	-0.15161524140071458	Kocak	permutation	
1074.0	-0.025637799634867342	Kocak	permutation	
1075.0	0.020008972292939298	Kocak	permutation	
1076.0	-0.10157202050536762	Kocak	permutation	
1077.0	0.062128248554071064	Kocak	permutation	
1078.0	0.06927589281258006	Kocak	permutation	
1079.0	0.07255187233442806	Kocak	permutation	
1080.0	0.07755031959663983	Kocak	permutation	
1081.0	0.021233798180181562	Kocak	permutation	
1082.0	0.10833793588877993	Kocak	permutation	
1083.0	0.04576877177721794	Kocak	permutation	
1084.0	0.05202822833555176	Kocak	permutation	
1085.0	0.0949985080726301	Kocak	permutation	
1086.0	0.12126768030841584	Kocak	permutation	
1087.0	-0.023594146719152498	Kocak	permutation	
1088.0	0.023627708526298807	Kocak	permutation	
1089.0	-0.15394864378305284	Kocak	permutation	
1090.0	0.11135545055856344	Kocak	permutation	
1091.0	0.15338686080058395	Kocak	permutation	
1092.0	-0.07853663721958215	Kocak	permutation	
1093.0	0.11295454940610972	Kocak	permutation	
1094.0	-0.10085512880950409	Kocak	permutation	
1095.0	0.1725467762526307	Kocak	permutation	
1096.0	0.21826497390188804	Kocak	permutation	
1097.0	0.012398777014786422	Kocak	permutation	
1098.0	0.028470544352198868	Kocak	permutation	
1099.0	0.061641332567373475	Kocak	permutation	
1100.0	0.1637434302158871	Kocak	permutation	
1101.0	-0.07071294409466855	Kocak	permutation	
1102.0	0.026553865550266842	Kocak	permutation	
1103.0	-0.04005664178147139	Kocak	permutation	
1104.0	0.09060628032878038	Kocak	permutation	
1105.0	0.1461627191941246	Kocak	permutation	
1106.0	-0.03581913188583741	Kocak	permutation	
1107.0	0.011682344751202667	Kocak	permutation	
1108.0	-0.0029382616657898097	Kocak	permutation	
1109.0	-0.13513763943608748	Kocak	permutation	
1110.0	0.19704322566050125	Kocak	permutation	
1111.0	-0.13375751454197982	Kocak	permutation	
1112.0	0.20179280715102577	Kocak	permutation	
1113.0	-0.00947332735343931	Kocak	permutation	
1114.0	-0.08577954476704619	Kocak	permutation	
1115.0	-0.15996230354636243	Kocak	permutation	
1116.0	-0.12321040392366323	Kocak	permutation	
1117.0	-0.02262394681099833	Kocak	permutation	
1118.0	-0.04551073052486698	Kocak	permutation	
1119.0	0.023318422866544175	Kocak	permutation	
1120.0	-0.09541384218585591	Kocak	permutation	
1121.0	-0.14304766109600786	Kocak	permutation	
1122.0	0.09664365643431472	Kocak	permutation	
1123.0	-0.03211636255331429	Kocak	permutation	
1124.0	0.04380814021443458	Kocak	permutation	
1125.0	0.1406187934190415	Kocak	permutation	
1126.0	0.02476769379963928	Kocak	permutation	
1127.0	-0.10501121382077416	Kocak	permutation	
1128.0	-0.009264016008801335	Kocak	permutation	
1129.0	-0.1598197687898053	Kocak	permutation	
1130.0	0.019579276831384718	Kocak	permutation	
1131.0	0.005659068859324989	Kocak	permutation	
1132.0	-0.06361146429684972	Kocak	permutation	
1133.0	0.11613925526663804	Kocak	permutation	
1134.0	0.0428780388463772	Kocak	permutation	
1135.0	0.02328254233316729	Kocak	permutation	
1136.0	0.21765874250771855	Kocak	permutation	
1137.0	-0.14824670231236636	Kocak	permutation	
1138.0	0.08629691611860801	Kocak	permutation	
1139.0	-0.025496842866512548	Kocak	permutation	
1140.0	0.06492524305920444	Kocak	permutation	
1141.0	0.019589200134194407	Kocak	permutation	
1142.0	-0.09766442702485989	Kocak	permutation	
1143.0	-0.051204480884466275	Kocak	permutation	
1144.0	0.043742580877059734	Kocak	permutation	
1145.0	-0.09522292617968997	Kocak	permutation	
1146.0	-0.09297262707230702	Kocak	permutation	
1147.0	-0.02861899770928389	Kocak	permutation	
1148.0	-0.06867013674421818	Kocak	permutation	
1149.0	0.1334680842715219	Kocak	permutation	
1150.0	0.0864091659802364	Kocak	permutation	
1151.0	0.024231755449587222	Kocak	permutation	
1152.0	0.11332095765540817	Kocak	permutation	
1153.0	0.16950745297760283	Kocak	permutation	
1154.0	-0.18057161564245128	Kocak	permutation	
1155.0	-0.022230402939359628	Kocak	permutation	
1156.0	0.016529631638540376	Kocak	permutation	
1157.0	0.1534507775616274	Kocak	permutation	
1158.0	0.14949082456242868	Kocak	permutation	
1159.0	0.1479186300208566	Kocak	permutation	
1160.0	-0.027946134889214047	Kocak	permutation	
1161.0	-0.019115060067111056	Kocak	permutation	
1162.0	0.1816949963218124	Kocak	permutation	
1163.0	-0.03785050292160941	Kocak	permutation	
1164.0	0.02480090714340033	Kocak	permutation	
1165.0	-0.19031398961344603	Kocak	permutation	
1166.0	0.14539326695933674	Kocak	permutation	
1167.0	-0.05372559176090119	Kocak	permutation	
1168.0	0.08007251041051733	Kocak	permutation	
1169.0	-0.013674146840825241	Kocak	permutation	
1170.0	0.003725742699754342	Kocak	permutation	
1171.0	-0.12941503970138868	Kocak	permutation	
1172.0	-0.03245884640316943	Kocak	permutation	
1173.0	0.036313220841695415	Kocak	permutation	
1174.0	0.2867749836124971	Kocak	permutation	
1175.0	0.052756710657304584	Kocak	permutation	
1176.0	-0.007473624377924981	Kocak	permutation	
1177.0	0.05897995516969523	Kocak	permutation	
1178.0	0.09666443434695227	Kocak	permutation	
1179.0	-0.058622667431988074	Kocak	permutation	
1180.0	-0.03822744598799055	Kocak	permutation	
1181.0	0.011049756173998837	Kocak	permutation	
1182.0	-0.18430472646308882	Kocak	permutation	
1183.0	0.02467916180650942	Kocak	permutation	
1184.0	0.004571633688796872	Kocak	permutation	
1185.0	0.029636009446975198	Kocak	permutation	
1186.0	-0.010296545699840731	Kocak	permutation	
1187.0	0.053142397644616146	Kocak	permutation	
1188.0	0.08920255805197641	Kocak	permutation	
1189.0	-0.0896032288462143	Kocak	permutation	
1190.0	0.0924974350399026	Kocak	permutation	
1191.0	0.01939548651186529	Kocak	permutation	
1192.0	-0.27501174472473355	Kocak	permutation	
1193.0	0.12891101376945935	Kocak	permutation	
1194.0	0.02089714398685727	Kocak	permutation	
1195.0	0.027790055368807742	Kocak	permutation	
1196.0	0.11566742937971997	Kocak	permutation	
1197.0	0.21216595822424988	Kocak	permutation	
1198.0	-0.059135500422587306	Kocak	permutation	
1199.0	-0.003961541277092806	Kocak	permutation	
1200.0	0.05378814509521446	Kocak	permutation	
1201.0	0.13303860049498661	Kocak	permutation	
1202.0	-0.09235248785886441	Kocak	permutation	
1203.0	-0.04333993366743849	Kocak	permutation	
1204.0	-0.08805014990274085	Kocak	permutation	
1205.0	0.07790891682579115	Kocak	permutation	
1206.0	0.1031004418910495	Kocak	permutation	
1207.0	0.12435834602692619	Kocak	permutation	
1208.0	-0.0339233995267767	Kocak	permutation	
1209.0	0.02322382568149317	Kocak	permutation	
1210.0	0.13817538700382226	Kocak	permutation	
1211.0	-0.0800872516674711	Kocak	permutation	
1212.0	0.229307805568566	Kocak	permutation	
1213.0	-0.0317163123294133	Kocak	permutation	
1214.0	0.011020341881427864	Kocak	permutation	
1215.0	0.0061479843357918895	Kocak	permutation	
1216.0	0.1851114875981139	Kocak	permutation	
1217.0	-0.12388980305868724	Kocak	permutation	
1218.0	0.14255785097751428	Kocak	permutation	
1219.0	0.017207930188348097	Kocak	permutation	
1220.0	0.0038424070352984785	Kocak	permutation	
1221.0	0.020302055577867684	Kocak	permutation	
1222.0	0.06693615404670616	Kocak	permutation	
1223.0	-0.017434475781864744	Kocak	permutation	
1224.0	-0.0913804331105954	Kocak	permutation	
1225.0	-0.036568830024461985	Kocak	permutation	
1226.0	-0.006726801640017932	Kocak	permutation	
1227.0	0.042398349973225	Kocak	permutation	
1228.0	0.13685328515557638	Kocak	permutation	
1229.0	0.059694467272783935	Kocak	permutation	
1230.0	0.04228632968606538	Kocak	permutation	
1231.0	0.016391587526132234	Kocak	permutation	
1232.0	-0.1280009752104232	Kocak	permutation	
1233.0	0.03542060948171066	Kocak	permutation	
1234.0	0.07300334336810499	Kocak	permutation	
1235.0	-0.16508750560823682	Kocak	permutation	
1236.0	0.0771553020614526	Kocak	permutation	
1237.0	0.046930405549040266	Kocak	permutation	
1238.0	0.03693966660048975	Kocak	permutation	
1239.0	-0.04328969674138783	Kocak	permutation	
1240.0	0.10940684294028902	Kocak	permutation	
1241.0	0.05553175846904024	Kocak	permutation	
1242.0	-0.049384476323336646	Kocak	permutation	
1243.0	0.16022560639725203	Kocak	permutation	
1244.0	0.18219510833985586	Kocak	permutation	
1245.0	0.02186073894026963	Kocak	permutation	
1246.0	0.07582074614126233	Kocak	permutation	
1247.0	0.009354001346491891	Kocak	permutation	
1248.0	-0.14534673168778323	Kocak	permutation	
1249.0	0.04481717870977642	Kocak	permutation	
1250.0	0.02612686119780161	Kocak	permutation	
1251.0	-0.112761579150368	Kocak	permutation	
1252.0	-0.14781072594878886	Kocak	permutation	
1253.0	0.043947011603373554	Kocak	permutation	
1254.0	0.015267908546438225	Kocak	permutation	
1255.0	0.020054014302071543	Kocak	permutation	
1256.0	0.04765348781472012	Kocak	permutation	
1257.0	-0.04418186830652493	Kocak	permutation	
1258.0	0.06381794659092588	Kocak	permutation	
1259.0	0.1281497519526611	Kocak	permutation	
1260.0	-0.016388142590228583	Kocak	permutation	
1261.0	-0.07626389711759396	Kocak	permutation	
1262.0	-0.14571266372048175	Kocak	permutation	
1263.0	-0.21187022043389536	Kocak	permutation	
1264.0	0.027422778581451812	Kocak	permutation	
1265.0	0.05836843957269444	Kocak	permutation	
1266.0	0.13743481743169816	Kocak	permutation	
1267.0	-0.019528457142190092	Kocak	permutation	
1268.0	0.006832802772666735	Kocak	permutation	
1269.0	0.14009574652802614	Kocak	permutation	
1270.0	0.007086916140733646	Kocak	permutation	
1271.0	-0.0018588579559097873	Kocak	permutation	
1272.0	0.09172248799986793	Kocak	permutation	
1273.0	-0.006021101171002297	Kocak	permutation	
1274.0	0.09910233067054541	Kocak	permutation	
1275.0	-0.02427101699271228	Kocak	permutation	
1276.0	-0.08687683397561452	Kocak	permutation	
1277.0	-0.034973689647336936	Kocak	permutation	
1278.0	-0.11963938834799626	Kocak	permutation	
1279.0	-0.08077263268470736	Kocak	permutation	
1280.0	-0.1634050994095917	Kocak	permutation	
1281.0	-0.029778025380203577	Kocak	permutation	
1282.0	0.065624569485359	Kocak	permutation	
1283.0	-0.10242486759715641	Kocak	permutation	
1284.0	0.18018666847429543	Kocak	permutation	
1285.0	-0.03170985102160895	Kocak	permutation	
1286.0	-0.027725748121146587	Kocak	permutation	
1287.0	-0.048389485120738485	Kocak	permutation	
1288.0	0.030292907505598876	Kocak	permutation	
1289.0	0.011887526749162713	Kocak	permutation	
1290.0	-0.049361654201963034	Kocak	permutation	
1291.0	-0.1571489235759853	Kocak	permutation	
1292.0	0.11347055039749598	Kocak	permutation	
1293.0	0.1193478593977999	Kocak	permutation	
1294.0	0.07510560356641083	Kocak	permutation	
1295.0	0.20342479572294625	Kocak	permutation	
1296.0	0.022091216027655403	Kocak	permutation	
1297.0	-0.07168404327888434	Kocak	permutation	
1298.0	-0.04044690038968124	Kocak	permutation	
1299.0	0.07794505048325151	Kocak	permutation	
1300.0	0.03799147690144489	Kocak	permutation	
1301.0	0.09569015729208985	Kocak	permutation	
1302.0	0.057852333715408655	Kocak	permutation	
1303.0	0.14206849081447048	Kocak	permutation	
1304.0	0.028063754037894295	Kocak	permutation	
1305.0	0.0470280036798667	Kocak	permutation	
1306.0	0.0010038888181025385	Kocak	permutation	
1307.0	0.044398467584915835	Kocak	permutation	
1308.0	0.0918633908921942	Kocak	permutation	
1309.0	-0.025240716900623905	Kocak	permutation	
1310.0	-0.006980879123248851	Kocak	permutation	
1311.0	-0.06080380121310691	Kocak	permutation	
1312.0	-0.06465149142061222	Kocak	permutation	
1313.0	0.036289058072509484	Kocak	permutation	
1314.0	-0.0354973029448451	Kocak	permutation	
1315.0	-0.021338836781568116	Kocak	permutation	
1316.0	-0.08189123870414416	Kocak	permutation	
1317.0	0.009932399412464488	Kocak	permutation	
1318.0	-0.07890697639793132	Kocak	permutation	
1319.0	-0.15935034176405916	Kocak	permutation	
1320.0	0.07537836230964423	Kocak	permutation	
1321.0	0.0974377736699239	Kocak	permutation	
1322.0	0.11165429011766292	Kocak	permutation	
1323.0	0.053093995909571756	Kocak	permutation	
1324.0	0.055853319723746075	Kocak	permutation	
1325.0	-0.026551998241175934	Kocak	permutation	
1326.0	-0.08515299524456044	Kocak	permutation	
1327.0	0.07648287187976033	Kocak	permutation	
1328.0	0.1770672430374045	Kocak	permutation	
1329.0	-0.07187789116938781	Kocak	permutation	
1330.0	-0.059893792693039405	Kocak	permutation	
1331.0	0.13265216866511143	Kocak	permutation	
1332.0	-0.019906785105783253	Kocak	permutation	
1333.0	0.24099763652708628	Kocak	permutation	
1334.0	0.07150744023820232	Kocak	permutation	
1335.0	0.14580117839247286	Kocak	permutation	
1336.0	0.03532186297777917	Kocak	permutation	
1337.0	0.1930266720928011	Kocak	permutation	
1338.0	0.099761031635198	Kocak	permutation	
1339.0	0.062383280369939786	Kocak	permutation	
1340.0	-0.008044402255111383	Kocak	permutation	
1341.0	-0.16626791038900324	Kocak	permutation	
1342.0	0.08458146616463669	Kocak	permutation	
1343.0	0.05783961479855915	Kocak	permutation	
1344.0	0.07195862822332	Kocak	permutation	
1345.0	-0.036743816142864816	Kocak	permutation	
1346.0	0.06732394078410353	Kocak	permutation	
1347.0	0.0050543593715537405	Kocak	permutation	
1348.0	-0.1622842169809151	Kocak	permutation	
1349.0	-0.01922957845449247	Kocak	permutation	
1350.0	-0.0049760981204487464	Kocak	permutation	
1351.0	-0.09049623860874956	Kocak	permutation	
1352.0	-0.08540852470464921	Kocak	permutation	
1353.0	0.11334279826480209	Kocak	permutation	
1354.0	0.09830238532781577	Kocak	permutation	
1355.0	-0.004793644223072491	Kocak	permutation	
1356.0	-0.06858069199318706	Kocak	permutation	
1357.0	-0.03944651698301049	Kocak	permutation	
1358.0	0.16000189811812326	Kocak	permutation	
1359.0	0.07879178603027892	Kocak	permutation	
1360.0	0.15275798251549189	Kocak	permutation	
1361.0	-0.04225238823587851	Kocak	permutation	
1362.0	0.08346060118470522	Kocak	permutation	
1363.0	0.18483973307092594	Kocak	permutation	
1364.0	0.035204748649364515	Kocak	permutation	
1365.0	0.16381415846390635	Kocak	permutation	
1366.0	-0.05974943213140227	Kocak	permutation	
1367.0	0.1706928689130911	Kocak	permutation	
1368.0	0.0369767485303365	Kocak	permutation	
1369.0	-0.1787131167314362	Kocak	permutation	
1370.0	0.10098129052206417	Kocak	permutation	
1371.0	-0.006782172766106598	Kocak	permutation	
1372.0	0.12542730901297894	Kocak	permutation	
1373.0	0.01078016841189644	Kocak	permutation	
1374.0	0.04860198240690128	Kocak	permutation	
1375.0	-0.09578740894258697	Kocak	permutation	
1376.0	-0.12411846890383549	Kocak	permutation	
1377.0	-0.08681827075279669	Kocak	permutation	
1378.0	0.16506369825756773	Kocak	permutation	
1379.0	-0.11107863896158232	Kocak	permutation	
1380.0	-0.07534982686598246	Kocak	permutation	
1381.0	-0.0580641974261078	Kocak	permutation	
1382.0	-0.05131189851050344	Kocak	permutation	
1383.0	-0.19492525535804495	Kocak	permutation	
1384.0	0.11525027216305883	Kocak	permutation	
1385.0	0.03424491656371531	Kocak	permutation	
1386.0	0.0666201280906451	Kocak	permutation	
1387.0	-0.07157445689661168	Kocak	permutation	
1388.0	0.02803691868027114	Kocak	permutation	
1389.0	0.022742505593707385	Kocak	permutation	
1390.0	-0.15036708628392503	Kocak	permutation	
1391.0	-0.03129635264395425	Kocak	permutation	
1392.0	0.14053144776431736	Kocak	permutation	
1393.0	0.012547235857364836	Kocak	permutation	
1394.0	-0.07211718520074983	Kocak	permutation	
1395.0	0.04394015293737441	Kocak	permutation	
1396.0	0.007372224841167618	Kocak	permutation	
1397.0	-0.016261346087865558	Kocak	permutation	
1398.0	0.09984491708981613	Kocak	permutation	
1399.0	0.049313885592053186	Kocak	permutation	
1400.0	0.029554377405432763	Kocak	permutation	
1401.0	0.035298948527510365	Kocak	permutation	
1402.0	-0.21503063621597196	Kocak	permutation	
1403.0	0.08645523250447029	Kocak	permutation	
1404.0	-0.036038563301073356	Kocak	permutation	
1405.0	-0.0011180269715684865	Kocak	permutation	
1406.0	0.1067258617777691	Kocak	permutation	
1407.0	0.004441589725813877	Kocak	permutation	
1408.0	0.060935501024241834	Kocak	permutation	
1409.0	0.031503286017722676	Kocak	permutation	
1410.0	0.1020892471597552	Kocak	permutation	
1411.0	-0.05997697785223499	Kocak	permutation	
1412.0	0.05684828416645793	Kocak	permutation	
1413.0	0.07649299636078277	Kocak	permutation	
1414.0	0.023649822733939452	Kocak	permutation	
1415.0	0.1355442759228862	Kocak	permutation	
1416.0	-0.06978653416893499	Kocak	permutation	
1417.0	-0.008717519136840046	Kocak	permutation	
1418.0	0.049479527874298324	Kocak	permutation	
1419.0	-0.08413669085543107	Kocak	permutation	
1420.0	0.12259879131883844	Kocak	permutation	
1421.0	-0.12750271232033406	Kocak	permutation	
1422.0	-0.010296349125395565	Kocak	permutation	
1423.0	0.009150278736132833	Kocak	permutation	
1424.0	0.03360957315921054	Kocak	permutation	
1425.0	0.12098775959394725	Kocak	permutation	
1426.0	-0.05530596230328211	Kocak	permutation	
1427.0	0.056944330190885406	Kocak	permutation	
1428.0	0.1700649258694047	Kocak	permutation	
1429.0	0.1465839331299259	Kocak	permutation	
1430.0	-0.05575926228612227	Kocak	permutation	
1431.0	0.08135048089936037	Kocak	permutation	
1432.0	-0.07579350355769954	Kocak	permutation	
1433.0	-0.12593262320582	Kocak	permutation	
1434.0	-0.17711118266703707	Kocak	permutation	
1435.0	-0.10039963802898466	Kocak	permutation	
1436.0	-0.0011690390887917346	Kocak	permutation	
1437.0	-0.009000101051130027	Kocak	permutation	
1438.0	0.12475076443027255	Kocak	permutation	
1439.0	-0.15469162474188503	Kocak	permutation	
1440.0	-0.03424542310102563	Kocak	permutation	
1441.0	0.006438205687260723	Kocak	permutation	
1442.0	0.14016920683401946	Kocak	permutation	
1443.0	0.04475256993611021	Kocak	permutation	
1444.0	-0.0702486872347281	Kocak	permutation	
1445.0	0.22809374654749437	Kocak	permutation	
1446.0	0.01537447260557645	Kocak	permutation	
1447.0	0.1352687434207276	Kocak	permutation	
1448.0	0.05169340891216301	Kocak	permutation	
1449.0	-0.032254396369371996	Kocak	permutation	
1450.0	0.14622246829080954	Kocak	permutation	
1451.0	-0.05011211814553507	Kocak	permutation	
1452.0	-0.03464238467567693	Kocak	permutation	
1453.0	-0.05507954310282015	Kocak	permutation	
1454.0	0.0007425902978162036	Kocak	permutation	
1455.0	-0.011804887746660775	Kocak	permutation	
1456.0	-0.13938987288603322	Kocak	permutation	
1457.0	0.06968772262156575	Kocak	permutation	
1458.0	0.02088923569140544	Kocak	permutation	
1459.0	0.04831449310112168	Kocak	permutation	
1460.0	0.02497436297603839	Kocak	permutation	
1461.0	0.10760338261274516	Kocak	permutation	
1462.0	-0.01969178858276477	Kocak	permutation	
1463.0	0.08153025403503378	Kocak	permutation	
1464.0	0.1088305347833125	Kocak	permutation	
1465.0	0.0952859719671375	Kocak	permutation	
1466.0	-0.052670221727268984	Kocak	permutation	
1467.0	0.15854124291444682	Kocak	permutation	
1468.0	0.12397213645082061	Kocak	permutation	
1469.0	0.031228445637779156	Kocak	permutation	
1470.0	0.14465440783639494	Kocak	permutation	
1471.0	0.04584194296425004	Kocak	permutation	
1472.0	0.11136723949808847	Kocak	permutation	
1473.0	0.056692514161929886	Kocak	permutation	
1474.0	0.0480396908529257	Kocak	permutation	
1475.0	-0.12279684367556198	Kocak	permutation	
1476.0	0.0526011584175472	Kocak	permutation	
1477.0	-0.050124107963338105	Kocak	permutation	
1478.0	-0.078202249558605	Kocak	permutation	
1479.0	0.07318883173986146	Kocak	permutation	
1480.0	0.12570479957180902	Kocak	permutation	
1481.0	0.07346303753150973	Kocak	permutation	
1482.0	-0.18645421786447613	Kocak	permutation	
1483.0	-0.06875476205176012	Kocak	permutation	
1484.0	-0.013385285960369142	Kocak	permutation	
1485.0	0.13943450949958436	Kocak	permutation	
1486.0	0.13624369336379738	Kocak	permutation	
1487.0	-0.10336419084918624	Kocak	permutation	
1488.0	-0.22475096068925504	Kocak	permutation	
1489.0	-0.027863914540294576	Kocak	permutation	
1490.0	0.009854163504233515	Kocak	permutation	
1491.0	0.12420932400727658	Kocak	permutation	
1492.0	0.07792417803814677	Kocak	permutation	
1493.0	-0.03922533941570627	Kocak	permutation	
1494.0	-0.09487963734799765	Kocak	permutation	
1495.0	0.027637256879254668	Kocak	permutation	
1496.0	-0.03643003191662331	Kocak	permutation	
1497.0	-0.06269898076436942	Kocak	permutation	
1498.0	-0.06005200385084919	Kocak	permutation	
1499.0	0.1088261561973547	Kocak	permutation	
1500.0	-0.12686382104405292	Kocak	permutation	
1501.0	-0.03262615918182421	Kocak	permutation	
1502.0	-0.07060756991005013	Kocak	permutation	
1503.0	0.12412071205372488	Kocak	permutation	
1504.0	-0.054678712418015696	Kocak	permutation	
1505.0	0.12214438662575233	Kocak	permutation	
1506.0	0.011381890351750634	Kocak	permutation	
1507.0	0.037183326455291876	Kocak	permutation	
1508.0	0.08114135957670099	Kocak	permutation	
1509.0	-0.12707704667742004	Kocak	permutation	
1510.0	-0.015321920888129004	Kocak	permutation	
1511.0	0.13026440392628302	Kocak	permutation	
1512.0	0.04997513348296723	Kocak	permutation	
1513.0	0.08475830256160632	Kocak	permutation	
1514.0	0.026503185295962073	Kocak	permutation	
1515.0	-0.04483827613338853	Kocak	permutation	
1516.0	-0.15296100933097456	Kocak	permutation	
1517.0	0.06469273411836829	Kocak	permutation	
1518.0	-0.1316700107393327	Kocak	permutation	
1519.0	-0.12171217248306387	Kocak	permutation	
1520.0	0.09755858419090702	Kocak	permutation	
1521.0	-0.12322985640105877	Kocak	permutation	
1522.0	0.19682100397871682	Kocak	permutation	
1523.0	-0.0340911330525695	Kocak	permutation	
1524.0	0.04970196727402376	Kocak	permutation	
1525.0	-0.013422655233032987	Kocak	permutation	
1526.0	-0.01683785131846305	Kocak	permutation	
1527.0	-0.19493215355736115	Kocak	permutation	
1528.0	-0.0022656876323168262	Kocak	permutation	
1529.0	-0.029898399158945654	Kocak	permutation	
1530.0	0.06531800846848457	Kocak	permutation	
1531.0	0.030067057507881412	Kocak	permutation	
1532.0	0.07944583809886252	Kocak	permutation	
1533.0	0.09752761974463642	Kocak	permutation	
1534.0	-0.04024142342126469	Kocak	permutation	
1535.0	-0.17162270634686783	Kocak	permutation	
1536.0	-0.005499408574912934	Kocak	permutation	
1537.0	0.045842413891459266	Kocak	permutation	
1538.0	0.026294311506898538	Kocak	permutation	
1539.0	-0.09068636115821116	Kocak	permutation	
1540.0	0.034343836288521334	Kocak	permutation	
1541.0	-0.048534857993579816	Kocak	permutation	
1542.0	0.017554608172169583	Kocak	permutation	
1543.0	0.014647899413152476	Kocak	permutation	
1544.0	0.17057567107081928	Kocak	permutation	
1545.0	-0.13578213797001304	Kocak	permutation	
1546.0	0.05620040249980196	Kocak	permutation	
1547.0	0.05572798979514415	Kocak	permutation	
1548.0	-0.033448936487024294	Kocak	permutation	
1549.0	-0.04273958487852081	Kocak	permutation	
1550.0	0.09742411373528048	Kocak	permutation	
1551.0	-0.1476094137373587	Kocak	permutation	
1552.0	0.01898344445427247	Kocak	permutation	
1553.0	-0.07522355159856176	Kocak	permutation	
1554.0	0.07135624826352283	Kocak	permutation	
1555.0	-0.002791650825807679	Kocak	permutation	
1556.0	0.07949104944449248	Kocak	permutation	
1557.0	-0.021143995133301008	Kocak	permutation	
1558.0	0.1155522662806665	Kocak	permutation	
1559.0	-0.033410986652144814	Kocak	permutation	
1560.0	-0.03719849069075831	Kocak	permutation	
1561.0	-0.017602157293855836	Kocak	permutation	
1562.0	-0.12011870539886749	Kocak	permutation	
1563.0	0.002250935918740371	Kocak	permutation	
1564.0	0.055270269272839734	Kocak	permutation	
1565.0	0.19457515354495758	Kocak	permutation	
1566.0	0.19180657575729887	Kocak	permutation	
1567.0	-0.1492989406897718	Kocak	permutation	
1568.0	0.08350410981959566	Kocak	permutation	
1569.0	-0.1288632876730187	Kocak	permutation	
1570.0	-0.009415563065362509	Kocak	permutation	
1571.0	0.06605415824107341	Kocak	permutation	
1572.0	0.1400256939299509	Kocak	permutation	
1573.0	0.05459992763476906	Kocak	permutation	
1574.0	0.14503990202358263	Kocak	permutation	
1575.0	0.002946278030832694	Kocak	permutation	
1576.0	-0.1228206528634721	Kocak	permutation	
1577.0	-0.10970575061852772	Kocak	permutation	
1578.0	0.14142105679826678	Kocak	permutation	
1579.0	0.07162213796611283	Kocak	permutation	
1580.0	-0.015878691770513154	Kocak	permutation	
1581.0	0.123247859261443	Kocak	permutation	
1582.0	0.0355637918346563	Kocak	permutation	
1583.0	0.18590090986836438	Kocak	permutation	
1584.0	0.02763773024862326	Kocak	permutation	
1585.0	-0.01877418861987845	Kocak	permutation	
1586.0	-0.04422531137293184	Kocak	permutation	
1587.0	-0.04897710632473684	Kocak	permutation	
1588.0	-0.056624996205095535	Kocak	permutation	
1589.0	0.0024284892113999312	Kocak	permutation	
1590.0	0.07232670532102237	Kocak	permutation	
1591.0	-0.08842905318074346	Kocak	permutation	
1592.0	0.08076574384165935	Kocak	permutation	
1593.0	0.07754987506963218	Kocak	permutation	
1594.0	0.09743939854800221	Kocak	permutation	
1595.0	0.11820445162054138	Kocak	permutation	
1596.0	0.04928183817266474	Kocak	permutation	
1597.0	0.09136243729645965	Kocak	permutation	
1598.0	-0.1855423466981101	Kocak	permutation	
1599.0	0.039515206767190225	Kocak	permutation	
1600.0	0.028948168070175306	Kocak	permutation	
1601.0	0.16542975404283444	Kocak	permutation	
1602.0	0.08075601126920251	Kocak	permutation	
1603.0	-0.056409517903944106	Kocak	permutation	
1604.0	-0.10422279015133595	Kocak	permutation	
1605.0	0.05234971192138671	Kocak	permutation	
1606.0	-0.13994664327234796	Kocak	permutation	
1607.0	0.08283873581787304	Kocak	permutation	
1608.0	-0.1720796953989887	Kocak	permutation	
1609.0	0.08117632711844713	Kocak	permutation	
1610.0	0.07150008691149301	Kocak	permutation	
1611.0	-0.20060555457988993	Kocak	permutation	
1612.0	0.07280792510441847	Kocak	permutation	
1613.0	0.04225528552850211	Kocak	permutation	
1614.0	0.08389793337643914	Kocak	permutation	
1615.0	0.19526619007642276	Kocak	permutation	
1616.0	0.0591954729969717	Kocak	permutation	
1617.0	0.13523269203716604	Kocak	permutation	
1618.0	-0.0007053892670350059	Kocak	permutation	
1619.0	-0.22308703741943248	Kocak	permutation	
1620.0	-0.07158737832782958	Kocak	permutation	
1621.0	0.20665134463157475	Kocak	permutation	
1622.0	-0.08560526944851965	Kocak	permutation	
1623.0	-0.051692130480253784	Kocak	permutation	
1624.0	-0.038433475655967	Kocak	permutation	
1625.0	0.013570614973358097	Kocak	permutation	
1626.0	0.01046230347853605	Kocak	permutation	
1627.0	0.062172123919645994	Kocak	permutation	
1628.0	0.042659224115267236	Kocak	permutation	
1629.0	-0.0038364515023947554	Kocak	permutation	
1630.0	-0.020476772293653855	Kocak	permutation	
1631.0	-0.270861786856051	Kocak	permutation	
1632.0	0.09416670676035332	Kocak	permutation	
1633.0	0.0880300586281284	Kocak	permutation	
1634.0	0.02784224552974779	Kocak	permutation	
1635.0	0.006247238016452883	Kocak	permutation	
1636.0	0.15382640195923702	Kocak	permutation	
1637.0	-0.00875968799811444	Kocak	permutation	
1638.0	-0.06313422537743696	Kocak	permutation	
1639.0	0.04232437235609776	Kocak	permutation	
1640.0	0.052882959926563	Kocak	permutation	
1641.0	0.08568242427570771	Kocak	permutation	
1642.0	-0.14979871732050754	Kocak	permutation	
1643.0	-0.002389657614692897	Kocak	permutation	
1644.0	0.05628147748728907	Kocak	permutation	
1645.0	0.09082035615347817	Kocak	permutation	
1646.0	0.0006174538235441673	Kocak	permutation	
1647.0	0.027913713412015095	Kocak	permutation	
1648.0	-0.05440971360677649	Kocak	permutation	
1649.0	0.216565013844066	Kocak	permutation	
1650.0	0.0628749645049016	Kocak	permutation	
1651.0	-0.07766223614305456	Kocak	permutation	
1652.0	0.132874669651057	Kocak	permutation	
1653.0	0.017185150746085842	Kocak	permutation	
1654.0	0.018963622407903724	Kocak	permutation	
1655.0	-0.21810659005611654	Kocak	permutation	
1656.0	-0.0453320194909006	Kocak	permutation	
1657.0	0.11639256680837251	Kocak	permutation	
1658.0	-0.23189030215076745	Kocak	permutation	
1659.0	-0.10920588872773962	Kocak	permutation	
1660.0	-0.1567159688948423	Kocak	permutation	
1661.0	-0.03226218691865679	Kocak	permutation	
1662.0	-0.014098890646722761	Kocak	permutation	
1663.0	0.0165917548346175	Kocak	permutation	
1664.0	-0.0176369957848328	Kocak	permutation	
1665.0	0.04720164241090563	Kocak	permutation	
1666.0	-0.1585903518792131	Kocak	permutation	
1667.0	-0.014921183457622167	Kocak	permutation	
1668.0	-0.11564219360685213	Kocak	permutation	
1669.0	0.1650832421703612	Kocak	permutation	
1670.0	-0.13942375816991648	Kocak	permutation	
1671.0	0.027670162747057248	Kocak	permutation	
1672.0	0.07227637341698223	Kocak	permutation	
1673.0	0.13604869840972178	Kocak	permutation	
1674.0	-0.057784194099613106	Kocak	permutation	
1675.0	0.06480555734518578	Kocak	permutation	
1676.0	-0.03546006938839641	Kocak	permutation	
1677.0	0.10265211147109898	Kocak	permutation	
1678.0	0.01670682255294187	Kocak	permutation	
1679.0	-0.014186425729237229	Kocak	permutation	
1680.0	0.10076356631031436	Kocak	permutation	
1681.0	-0.052980325300710174	Kocak	permutation	
1682.0	-0.051743833559135144	Kocak	permutation	
1683.0	0.09698761370221742	Kocak	permutation	
1684.0	0.006564727791511515	Kocak	permutation	
1685.0	-0.04960041422145567	Kocak	permutation	
1686.0	0.08308301328084244	Kocak	permutation	
1687.0	0.16880105630395548	Kocak	permutation	
1688.0	-0.06920656906517753	Kocak	permutation	
1689.0	0.13719197303862307	Kocak	permutation	
1690.0	0.03933051740203908	Kocak	permutation	
1691.0	-0.10514541682897338	Kocak	permutation	
1692.0	0.013563975950837026	Kocak	permutation	
1693.0	-0.14628388194926023	Kocak	permutation	
1694.0	0.07430155451242548	Kocak	permutation	
1695.0	-0.01425558396591331	Kocak	permutation	
1696.0	0.045919228646735366	Kocak	permutation	
1697.0	0.059346588839508385	Kocak	permutation	
1698.0	0.154452781300082	Kocak	permutation	
1699.0	0.06956384892555034	Kocak	permutation	
1700.0	0.06427315111930865	Kocak	permutation	
1701.0	0.1779418847897456	Kocak	permutation	
1702.0	-0.022236382644428954	Kocak	permutation	
1703.0	0.03170231056015771	Kocak	permutation	
1704.0	0.015780569988237403	Kocak	permutation	
1705.0	-0.1321134913024502	Kocak	permutation	
1706.0	0.08449641170711386	Kocak	permutation	
1707.0	-0.06530107007450692	Kocak	permutation	
1708.0	0.1099843136192531	Kocak	permutation	
1709.0	-0.1547556021302503	Kocak	permutation	
1710.0	-0.0029556289160930227	Kocak	permutation	
1711.0	0.21308386851494276	Kocak	permutation	
1712.0	-0.03780974123207992	Kocak	permutation	
1713.0	0.04907937289282671	Kocak	permutation	
1714.0	-0.02728309758387759	Kocak	permutation	
1715.0	0.1438614745291531	Kocak	permutation	
1716.0	-0.11244044567725053	Kocak	permutation	
1717.0	-0.02550386742900912	Kocak	permutation	
1718.0	-0.0321612950058805	Kocak	permutation	
1719.0	-0.14386223293048772	Kocak	permutation	
1720.0	-0.020323794869246736	Kocak	permutation	
1721.0	0.035611098624224624	Kocak	permutation	
1722.0	0.07179387357154798	Kocak	permutation	
1723.0	-0.051886294929091914	Kocak	permutation	
1724.0	-0.13843445737365423	Kocak	permutation	
1725.0	-0.004530902544686022	Kocak	permutation	
1726.0	-0.08711933580042475	Kocak	permutation	
1727.0	0.07909658102207606	Kocak	permutation	
1728.0	0.14576974050398395	Kocak	permutation	
1729.0	0.19622761190374272	Kocak	permutation	
1730.0	-0.15547873273616375	Kocak	permutation	
1731.0	0.024797024437123394	Kocak	permutation	
1732.0	0.015934421249114816	Kocak	permutation	
1733.0	0.017486460688577843	Kocak	permutation	
1734.0	0.06512032088159492	Kocak	permutation	
1735.0	-0.08629057239766968	Kocak	permutation	
1736.0	-0.20255538898773873	Kocak	permutation	
1737.0	0.18558163048919285	Kocak	permutation	
1738.0	0.018528304599280787	Kocak	permutation	
1739.0	0.08118462166996032	Kocak	permutation	
1740.0	-0.025127334940715063	Kocak	permutation	
1741.0	0.06744956652370382	Kocak	permutation	
1742.0	0.08652299331381119	Kocak	permutation	
1743.0	-0.03218910314181045	Kocak	permutation	
1744.0	0.06616311099235972	Kocak	permutation	
1745.0	-0.14128403641902754	Kocak	permutation	
1746.0	0.024001203825320783	Kocak	permutation	
1747.0	-0.07329342356327162	Kocak	permutation	
1748.0	-0.05520888586631001	Kocak	permutation	
1749.0	0.0953150112055261	Kocak	permutation	
1750.0	-0.007260044301061086	Kocak	permutation	
1751.0	-0.038205056627747425	Kocak	permutation	
1752.0	0.05183788672921974	Kocak	permutation	
1753.0	-0.028186274285377788	Kocak	permutation	
1754.0	0.1764936836779607	Kocak	permutation	
1755.0	-0.07711618231086304	Kocak	permutation	
1756.0	0.047910642146225424	Kocak	permutation	
1757.0	-0.042311343502647425	Kocak	permutation	
1758.0	-0.13752691824657548	Kocak	permutation	
1759.0	0.14264905271112127	Kocak	permutation	
1760.0	-0.10667761518449925	Kocak	permutation	
1761.0	-0.00012123299658561848	Kocak	permutation	
1762.0	-0.13870430490356078	Kocak	permutation	
1763.0	0.29378322183673244	Kocak	permutation	
1764.0	0.01637472740529944	Kocak	permutation	
1765.0	0.013804360867139653	Kocak	permutation	
1766.0	-0.14354744014983112	Kocak	permutation	
1767.0	-0.051712030741627224	Kocak	permutation	
1768.0	-0.05943041233267232	Kocak	permutation	
1769.0	-0.05732130342352315	Kocak	permutation	
1770.0	0.06137558519152453	Kocak	permutation	
1771.0	-0.0800598113881974	Kocak	permutation	
1772.0	-0.10626333620631989	Kocak	permutation	
1773.0	-0.03302268056056512	Kocak	permutation	
1774.0	-0.036988000925091136	Kocak	permutation	
1775.0	-0.0467372108663473	Kocak	permutation	
1776.0	0.17308215893065837	Kocak	permutation	
1777.0	0.10520665965097642	Kocak	permutation	
1778.0	0.03796291244005534	Kocak	permutation	
1779.0	0.003046719726266911	Kocak	permutation	
1780.0	-0.14083416777113733	Kocak	permutation	
1781.0	0.05885375513354374	Kocak	permutation	
1782.0	0.01071974556108568	Kocak	permutation	
1783.0	-0.08574167586210768	Kocak	permutation	
1784.0	0.027249805608842603	Kocak	permutation	
1785.0	0.03359085233754078	Kocak	permutation	
1786.0	0.03723903516910054	Kocak	permutation	
1787.0	0.10984799066557915	Kocak	permutation	
1788.0	-0.018234475938690764	Kocak	permutation	
1789.0	0.2043354137103659	Kocak	permutation	
1790.0	-0.003298899994821358	Kocak	permutation	
1791.0	0.026460694666120776	Kocak	permutation	
1792.0	0.013706470069775989	Kocak	permutation	
1793.0	0.05271397987138826	Kocak	permutation	
1794.0	0.11916532393955803	Kocak	permutation	
1795.0	0.11728549900266261	Kocak	permutation	
1796.0	0.043284736540090574	Kocak	permutation	
1797.0	0.06654666934119913	Kocak	permutation	
1798.0	0.16445751314022283	Kocak	permutation	
1799.0	0.06966792368887775	Kocak	permutation	
1800.0	-0.04968122592205271	Kocak	permutation	
1801.0	-0.0573538405862033	Kocak	permutation	
1802.0	-0.12635012576528926	Kocak	permutation	
1803.0	0.15272304432962303	Kocak	permutation	
1804.0	-0.19272132286770693	Kocak	permutation	
1805.0	0.0678061146147706	Kocak	permutation	
1806.0	0.09074131322363943	Kocak	permutation	
1807.0	0.08061738104219485	Kocak	permutation	
1808.0	0.04988231932692644	Kocak	permutation	
1809.0	0.004497511996681247	Kocak	permutation	
1810.0	-0.026444982266441652	Kocak	permutation	
1811.0	-0.004639080145330432	Kocak	permutation	
1812.0	-0.0073044120606731155	Kocak	permutation	
1813.0	-0.21321370982729881	Kocak	permutation	
1814.0	-0.09232360056246636	Kocak	permutation	
1815.0	0.1827454844470866	Kocak	permutation	
1816.0	-0.05931844233538719	Kocak	permutation	
1817.0	0.004560560274323944	Kocak	permutation	
1818.0	-0.05557954165582801	Kocak	permutation	
1819.0	0.038562846323072275	Kocak	permutation	
1820.0	0.08043914079479642	Kocak	permutation	
1821.0	-0.007823207907118768	Kocak	permutation	
1822.0	-0.07963713564384678	Kocak	permutation	
1823.0	-0.10574160413359479	Kocak	permutation	
1824.0	0.034466628233863705	Kocak	permutation	
1825.0	0.06474027389261616	Kocak	permutation	
1826.0	0.030105475736547316	Kocak	permutation	
1827.0	0.14316117714301546	Kocak	permutation	
1828.0	0.07082196163063337	Kocak	permutation	
1829.0	-0.1257476609500321	Kocak	permutation	
1830.0	-0.21120220343686125	Kocak	permutation	
1831.0	0.030870488484330494	Kocak	permutation	
1832.0	-0.10188469137095035	Kocak	permutation	
1833.0	0.0650450819453372	Kocak	permutation	
1834.0	-0.028554539486437935	Kocak	permutation	
1835.0	0.10894018920110637	Kocak	permutation	
1836.0	0.003456459099571596	Kocak	permutation	
1837.0	-0.06220247659314326	Kocak	permutation	
1838.0	0.10455401211411086	Kocak	permutation	
1839.0	0.03659731577798997	Kocak	permutation	
1840.0	-0.028892364562639106	Kocak	permutation	
1841.0	-0.08094808454622537	Kocak	permutation	
1842.0	-0.037618673193366536	Kocak	permutation	
1843.0	0.02500937928045488	Kocak	permutation	
1844.0	0.061826596650531584	Kocak	permutation	
1845.0	0.0429920076593957	Kocak	permutation	
1846.0	-0.11588121597360646	Kocak	permutation	
1847.0	0.07258979142839062	Kocak	permutation	
1848.0	0.08305181705736864	Kocak	permutation	
1849.0	0.015166417881749439	Kocak	permutation	
1850.0	0.015497495332778222	Kocak	permutation	
1851.0	0.010432390440985984	Kocak	permutation	
1852.0	-0.1269959894324839	Kocak	permutation	
1853.0	0.1186263497316089	Kocak	permutation	
1854.0	-0.0312619616118579	Kocak	permutation	
1855.0	-0.06474114466206204	Kocak	permutation	
1856.0	0.1764920954174758	Kocak	permutation	
1857.0	0.011308651108943302	Kocak	permutation	
1858.0	0.07567615101490643	Kocak	permutation	
1859.0	0.030677675243306002	Kocak	permutation	
1860.0	-0.03359686525711503	Kocak	permutation	
1861.0	0.03498235602873301	Kocak	permutation	
1862.0	0.0014364311741217328	Kocak	permutation	
1863.0	0.15390638952264402	Kocak	permutation	
1864.0	0.06188139230739553	Kocak	permutation	
1865.0	-0.1517845579434649	Kocak	permutation	
1866.0	-0.23479010377628473	Kocak	permutation	
1867.0	0.07867069296432971	Kocak	permutation	
1868.0	-0.0021386951874502458	Kocak	permutation	
1869.0	-0.12713854577642625	Kocak	permutation	
1870.0	-0.031086868516650323	Kocak	permutation	
1871.0	-0.08169314182587728	Kocak	permutation	
1872.0	0.044587864553825796	Kocak	permutation	
1873.0	0.2376481504790604	Kocak	permutation	
1874.0	0.08141053274953292	Kocak	permutation	
1875.0	-0.023380360648704634	Kocak	permutation	
1876.0	-0.08035981288483107	Kocak	permutation	
1877.0	-0.16364506233103793	Kocak	permutation	
1878.0	-0.014415195610885334	Kocak	permutation	
1879.0	-0.00241598620817296	Kocak	permutation	
1880.0	-0.20811524599106068	Kocak	permutation	
1881.0	-0.06673446960979712	Kocak	permutation	
1882.0	0.29916237650038324	Kocak	permutation	
1883.0	0.017047131243136615	Kocak	permutation	
1884.0	-0.12565922827596854	Kocak	permutation	
1885.0	0.05291687344170182	Kocak	permutation	
1886.0	-0.011180029016673032	Kocak	permutation	
1887.0	0.11466386204481482	Kocak	permutation	
1888.0	-0.10110182149562252	Kocak	permutation	
1889.0	0.09688037485672618	Kocak	permutation	
1890.0	0.08176635749666739	Kocak	permutation	
1891.0	-0.018640312301152928	Kocak	permutation	
1892.0	0.04569279174742258	Kocak	permutation	
1893.0	0.031353010838940154	Kocak	permutation	
1894.0	-0.06574781142586428	Kocak	permutation	
1895.0	0.03015442537590296	Kocak	permutation	
1896.0	-0.027575244911416164	Kocak	permutation	
1897.0	0.17702090940455673	Kocak	permutation	
1898.0	-0.10383441258688775	Kocak	permutation	
1899.0	-0.01017832279459574	Kocak	permutation	
1900.0	-0.04439894208206141	Kocak	permutation	
1901.0	0.015207593968993294	Kocak	permutation	
1902.0	-0.06037864188543862	Kocak	permutation	
1903.0	-0.037338810232937725	Kocak	permutation	
1904.0	0.04947033815425028	Kocak	permutation	
1905.0	0.03681594137860067	Kocak	permutation	
1906.0	-0.08294720039185721	Kocak	permutation	
1907.0	0.028999123166125518	Kocak	permutation	
1908.0	-0.040343332154537226	Kocak	permutation	
1909.0	-0.11822558413993223	Kocak	permutation	
1910.0	0.11141957025311777	Kocak	permutation	
1911.0	0.029997779137111547	Kocak	permutation	
1912.0	-0.09216565075403604	Kocak	permutation	
1913.0	0.0740596185303879	Kocak	permutation	
1914.0	0.11910259821823077	Kocak	permutation	
1915.0	-0.014027520744896993	Kocak	permutation	
1916.0	-0.013421543866154018	Kocak	permutation	
1917.0	0.059453929230704805	Kocak	permutation	
1918.0	-0.03439480796779293	Kocak	permutation	
1919.0	0.10299030931713293	Kocak	permutation	
1920.0	-0.08744269779650837	Kocak	permutation	
1921.0	-0.03427531065357092	Kocak	permutation	
1922.0	-0.08120724303195104	Kocak	permutation	
1923.0	-0.15435808549850538	Kocak	permutation	
1924.0	0.10370321731447296	Kocak	permutation	
1925.0	0.14313903470156086	Kocak	permutation	
1926.0	-0.11927470417553465	Kocak	permutation	
1927.0	0.05101242043134713	Kocak	permutation	
1928.0	-0.05951132213758603	Kocak	permutation	
1929.0	0.005973344547756998	Kocak	permutation	
1930.0	0.1299090321435452	Kocak	permutation	
1931.0	0.04268555004996211	Kocak	permutation	
1932.0	0.04064259727904185	Kocak	permutation	
1933.0	0.02302385079465097	Kocak	permutation	
1934.0	0.12244004435960143	Kocak	permutation	
1935.0	0.022426280499106	Kocak	permutation	
1936.0	0.01607426592129224	Kocak	permutation	
1937.0	0.12814718828195826	Kocak	permutation	
1938.0	-0.008315805575147994	Kocak	permutation	
1939.0	0.15898978124665764	Kocak	permutation	
1940.0	-0.05980481813761873	Kocak	permutation	
1941.0	0.0020374811242360735	Kocak	permutation	
1942.0	0.0945121712711261	Kocak	permutation	
1943.0	-0.02590460945106532	Kocak	permutation	
1944.0	0.13126636259665903	Kocak	permutation	
1945.0	0.08264323301274379	Kocak	permutation	
1946.0	-0.06225238497923824	Kocak	permutation	
1947.0	-0.09391465507524233	Kocak	permutation	
1948.0	-0.04553125077231135	Kocak	permutation	
1949.0	0.11577308519701868	Kocak	permutation	
1950.0	-0.003499962136229051	Kocak	permutation	
1951.0	0.010898387432526135	Kocak	permutation	
1952.0	-0.1835465919728576	Kocak	permutation	
1953.0	-0.057798500981849354	Kocak	permutation	
1954.0	-0.12160888140896509	Kocak	permutation	
1955.0	0.08134438824793033	Kocak	permutation	
1956.0	-0.02870029667084406	Kocak	permutation	
1957.0	0.20382643643118392	Kocak	permutation	
1958.0	-0.0485164343936324	Kocak	permutation	
1959.0	0.19577015947644227	Kocak	permutation	
1960.0	0.2304255838297231	Kocak	permutation	
1961.0	-0.023332585802110728	Kocak	permutation	
1962.0	0.13981922088907206	Kocak	permutation	
1963.0	-0.03264527593396904	Kocak	permutation	
1964.0	0.01945314114641583	Kocak	permutation	
1965.0	-0.05222484878119982	Kocak	permutation	
1966.0	-0.016305014939761886	Kocak	permutation	
1967.0	-0.04840649385325424	Kocak	permutation	
1968.0	0.10728472254447086	Kocak	permutation	
1969.0	-0.01466558079549829	Kocak	permutation	
1970.0	-0.12437278713582467	Kocak	permutation	
1971.0	0.01758977668085837	Kocak	permutation	
1972.0	-0.09401845182004953	Kocak	permutation	
1973.0	0.003932381038116439	Kocak	permutation	
1974.0	0.02439601207124964	Kocak	permutation	
1975.0	0.13610538394980765	Kocak	permutation	
1976.0	0.023648186272516192	Kocak	permutation	
1977.0	0.004027224296201837	Kocak	permutation	
1978.0	-0.09697497065465521	Kocak	permutation	
1979.0	-0.0008217493820743549	Kocak	permutation	
1980.0	-0.028901704533852435	Kocak	permutation	
1981.0	0.08351617101402375	Kocak	permutation	
1982.0	0.10960213017816622	Kocak	permutation	
1983.0	0.14383949894966763	Kocak	permutation	
1984.0	0.20418671353931428	Kocak	permutation	
1985.0	-0.12949724549673514	Kocak	permutation	
1986.0	0.1876284077701964	Kocak	permutation	
1987.0	0.12192676121656287	Kocak	permutation	
1988.0	0.05534787297394317	Kocak	permutation	
1989.0	0.07548662144529628	Kocak	permutation	
1990.0	0.3232888732698189	Kocak	permutation	
1991.0	0.006456655268384015	Kocak	permutation	
1992.0	-0.16798233652736716	Kocak	permutation	
1993.0	0.004360545745364153	Kocak	permutation	
1994.0	-0.037939805401356	Kocak	permutation	
1995.0	-0.05650961281189337	Kocak	permutation	
1996.0	-0.048771272652346376	Kocak	permutation	
1997.0	-0.08454557880335756	Kocak	permutation	
1998.0	0.21373599838331447	Kocak	permutation	
1999.0	-0.027044862546137693	Kocak	permutation	
2000.0	-0.025779887053563044	Kocak	permutation	
2001.0	0.08856507900548705	Kocak	permutation	
2002.0	-0.09554888580416776	Kocak	permutation	
2003.0	-0.18290958002619906	Kocak	permutation	
2004.0	-0.03369286139788086	Kocak	permutation	
2005.0	0.006545908316557547	Kocak	permutation	
2006.0	-0.012202087845719856	Kocak	permutation	
2007.0	-0.13138191981932357	Kocak	permutation	
2008.0	0.06994707890743923	Kocak	permutation	
2009.0	0.0608998508240699	Kocak	permutation	
2010.0	0.08426268355965538	Kocak	permutation	
2011.0	0.041922190338289145	Kocak	permutation	
2012.0	-0.02924753181831985	Kocak	permutation	
2013.0	-0.023321134961583834	Kocak	permutation	
2014.0	0.006760170924813291	Kocak	permutation	
2015.0	0.1343822102795551	Kocak	permutation	
2016.0	-0.10701090460307805	Kocak	permutation	
2017.0	0.026703759933288218	Kocak	permutation	
2018.0	0.17163224345075978	Kocak	permutation	
2019.0	-0.15128791310405543	Kocak	permutation	
2020.0	-0.012636135379093805	Kocak	permutation	
2021.0	0.21349440402218578	Kocak	permutation	
2022.0	0.13140278464655442	Kocak	permutation	
2023.0	0.15208633588165021	Kocak	permutation	
2024.0	0.0047313129038206725	Kocak	permutation	
2025.0	-0.06805736826398867	Kocak	permutation	
2026.0	0.08114901224091975	Kocak	permutation	
2027.0	0.11298316117712925	Kocak	permutation	
2028.0	0.1004733997882794	Kocak	permutation	
2029.0	0.03817055623753918	Kocak	permutation	
2030.0	0.021594811528080626	Kocak	permutation	
2031.0	0.10176823256723777	Kocak	permutation	
2032.0	-0.1005133650183252	Kocak	permutation	
2033.0	-0.03331919674358419	Kocak	permutation	
2034.0	0.16151976908813603	Kocak	permutation	
2035.0	0.02547803546305838	Kocak	permutation	
2036.0	0.14327448998825432	Kocak	permutation	
2037.0	0.12511112667970004	Kocak	permutation	
2038.0	0.08390742424799891	Kocak	permutation	
2039.0	0.09771301608642124	Kocak	permutation	
2040.0	0.03442900091414147	Kocak	permutation	
2041.0	-0.11181014801553468	Kocak	permutation	
2042.0	-0.10090128469784876	Kocak	permutation	
2043.0	-0.01065025236923578	Kocak	permutation	
2044.0	0.0631970379326372	Kocak	permutation	
2045.0	-0.058039158422170445	Kocak	permutation	
2046.0	-0.07605668263092458	Kocak	permutation	
2047.0	-0.06600948750117963	Kocak	permutation	
2048.0	-0.12412345264839963	Kocak	permutation	
2049.0	-0.20306495868179963	Kocak	permutation	
2050.0	0.00037503288088602815	Kocak	permutation	
2051.0	-0.10723372404563669	Kocak	permutation	
2052.0	-0.010223891803441632	Kocak	permutation	
2053.0	0.1772629393861882	Kocak	permutation	
2054.0	-0.3191380351484865	Kocak	permutation	
2055.0	0.12878440954567205	Kocak	permutation	
2056.0	-0.015165626101033336	Kocak	permutation	
2057.0	0.025391579092011174	Kocak	permutation	
2058.0	0.24549987220515623	Kocak	permutation	
2059.0	-0.13797933313908084	Kocak	permutation	
2060.0	-0.006711651087375703	Kocak	permutation	
2061.0	0.13906082541972165	Kocak	permutation	
2062.0	-0.039049435483493156	Kocak	permutation	
2063.0	0.025199781900143492	Kocak	permutation	
2064.0	-0.028998347764930266	Kocak	permutation	
2065.0	0.03473918794184083	Kocak	permutation	
2066.0	0.25392192440450634	Kocak	permutation	
2067.0	-0.034253105919717086	Kocak	permutation	
2068.0	0.05346090093599498	Kocak	permutation	
2069.0	-0.12466527882054423	Kocak	permutation	
2070.0	0.01101335939509207	Kocak	permutation	
2071.0	0.04165706971800098	Kocak	permutation	
2072.0	0.11790571154000418	Kocak	permutation	
2073.0	0.14813882279181367	Kocak	permutation	
2074.0	-0.008970202194280574	Kocak	permutation	
2075.0	-0.045788660055099406	Kocak	permutation	
2076.0	-0.04478115180064002	Kocak	permutation	
2077.0	-0.048078165928359784	Kocak	permutation	
2078.0	-0.0581607747833095	Kocak	permutation	
2079.0	-0.02742902956088633	Kocak	permutation	
2080.0	-0.15404186175395695	Kocak	permutation	
2081.0	0.22290160511556767	Kocak	permutation	
2082.0	-0.02780470444567751	Kocak	permutation	
2083.0	0.08989563455889504	Kocak	permutation	
2084.0	0.060929274574762715	Kocak	permutation	
2085.0	0.044955537298116965	Kocak	permutation	
2086.0	0.0624241012736908	Kocak	permutation	
2087.0	-0.20046291003183336	Kocak	permutation	
2088.0	0.1235793663113105	Kocak	permutation	
2089.0	0.21510906602257585	Kocak	permutation	
2090.0	-0.004967878954739824	Kocak	permutation	
2091.0	0.1901985346742059	Kocak	permutation	
2092.0	-0.03224000113821912	Kocak	permutation	
2093.0	-0.12257817479740529	Kocak	permutation	
2094.0	0.19641658397458528	Kocak	permutation	
2095.0	-0.010696897514774317	Kocak	permutation	
2096.0	0.15641758447764254	Kocak	permutation	
2097.0	-0.09554860748013638	Kocak	permutation	
2098.0	-0.1067449750173286	Kocak	permutation	
2099.0	0.1768008801959704	Kocak	permutation	
2100.0	0.11965101614754214	Kocak	permutation	
2101.0	-0.04784103364121295	Kocak	permutation	
2102.0	-0.08523618341359906	Kocak	permutation	
2103.0	0.07064528247672452	Kocak	permutation	
2104.0	-0.0171789181288724	Kocak	permutation	
2105.0	0.058572182093946434	Kocak	permutation	
2106.0	0.04600034191516977	Kocak	permutation	
2107.0	-0.1349519738675533	Kocak	permutation	
2108.0	0.027936927876365925	Kocak	permutation	
2109.0	-0.11552573673237854	Kocak	permutation	
2110.0	-0.044135605288265545	Kocak	permutation	
2111.0	0.069168408282124	Kocak	permutation	
2112.0	0.2802162033392621	Kocak	permutation	
2113.0	0.13110878477665677	Kocak	permutation	
2114.0	0.12098224360943366	Kocak	permutation	
2115.0	-0.01837743390479396	Kocak	permutation	
2116.0	-0.010575639068057807	Kocak	permutation	
2117.0	-0.16678610221823043	Kocak	permutation	
2118.0	-0.08377387008165549	Kocak	permutation	
2119.0	0.15823024427419607	Kocak	permutation	
2120.0	0.0899322790406627	Kocak	permutation	
2121.0	-0.06027855773870172	Kocak	permutation	
2122.0	0.16839941951776405	Kocak	permutation	
2123.0	-0.0002459488496633355	Kocak	permutation	
2124.0	0.05049548124690206	Kocak	permutation	
2125.0	0.07027697362774354	Kocak	permutation	
2126.0	0.10305323903024677	Kocak	permutation	
2127.0	-0.11967611913348941	Kocak	permutation	
2128.0	0.023169806676255345	Kocak	permutation	
2129.0	0.1017728483380127	Kocak	permutation	
2130.0	0.016287143827963924	Kocak	permutation	
2131.0	0.0888608279699663	Kocak	permutation	
2132.0	-0.01712501830183699	Kocak	permutation	
2133.0	0.0170518091623455	Kocak	permutation	
2134.0	0.24100755186179512	Kocak	permutation	
2135.0	-0.025917439907880535	Kocak	permutation	
2136.0	-0.030145001581586506	Kocak	permutation	
2137.0	0.06345906978783589	Kocak	permutation	
2138.0	-0.12666789932802125	Kocak	permutation	
2139.0	-0.06791736449952612	Kocak	permutation	
2140.0	0.21110827369127216	Kocak	permutation	
2141.0	0.03756076941286812	Kocak	permutation	
2142.0	-0.06867737469763613	Kocak	permutation	
2143.0	-0.03729563308425421	Kocak	permutation	
2144.0	0.015643267874601463	Kocak	permutation	
2145.0	0.030360465644214685	Kocak	permutation	
2146.0	-0.0991515128478393	Kocak	permutation	
2147.0	0.019810072633357656	Kocak	permutation	
2148.0	-0.15192926229703207	Kocak	permutation	
2149.0	-0.007212474536850255	Kocak	permutation	
2150.0	-0.12046426962761414	Kocak	permutation	
2151.0	0.025852045519699995	Kocak	permutation	
2152.0	0.02103023641306523	Kocak	permutation	
2153.0	0.26719047384103867	Kocak	permutation	
2154.0	0.0855945906734239	Kocak	permutation	
2155.0	0.06468075052483035	Kocak	permutation	
2156.0	0.027387714002518493	Kocak	permutation	
2157.0	0.1717104704218242	Kocak	permutation	
2158.0	0.019171779655324794	Kocak	permutation	
2159.0	-0.03833784177891042	Kocak	permutation	
2160.0	-0.050459641306646486	Kocak	permutation	
2161.0	-0.057462456319623545	Kocak	permutation	
2162.0	-0.10276602761470022	Kocak	permutation	
2163.0	0.1047947188770113	Kocak	permutation	
2164.0	0.20878385842623404	Kocak	permutation	
2165.0	-0.025637175108245813	Kocak	permutation	
2166.0	-0.17944229186416472	Kocak	permutation	
2167.0	-0.16523868774984196	Kocak	permutation	
2168.0	-0.1644140521474795	Kocak	permutation	
2169.0	-0.06395838755047123	Kocak	permutation	
2170.0	-0.12924789429718686	Kocak	permutation	
2171.0	-0.09096741046707901	Kocak	permutation	
2172.0	0.10538082930042014	Kocak	permutation	
2173.0	0.08574811317830644	Kocak	permutation	
2174.0	-0.041634629146796165	Kocak	permutation	
2175.0	0.0734061732459419	Kocak	permutation	
2176.0	-0.0012443656445890738	Kocak	permutation	
2177.0	0.013209300411260116	Kocak	permutation	
2178.0	-0.14326647692794037	Kocak	permutation	
2179.0	0.2971780192993938	Kocak	permutation	
2180.0	-0.19327917916117698	Kocak	permutation	
2181.0	0.025471124545885626	Kocak	permutation	
2182.0	-0.00784504342747594	Kocak	permutation	
2183.0	0.02290038313073417	Kocak	permutation	
2184.0	0.032116730114603254	Kocak	permutation	
2185.0	0.06791287095214882	Kocak	permutation	
2186.0	0.026569574049744027	Kocak	permutation	
2187.0	0.055211740303398926	Kocak	permutation	
2188.0	-0.07784039829292944	Kocak	permutation	
2189.0	0.008092022175955282	Kocak	permutation	
2190.0	0.11657318322600041	Kocak	permutation	
2191.0	0.02549332663499193	Kocak	permutation	
2192.0	0.0996258052196013	Kocak	permutation	
2193.0	0.07212566126656883	Kocak	permutation	
2194.0	0.019520540103930006	Kocak	permutation	
2195.0	0.12851093199892816	Kocak	permutation	
2196.0	-0.13133446643723534	Kocak	permutation	
2197.0	0.13165655831829248	Kocak	permutation	
2198.0	-0.1400229948106233	Kocak	permutation	
2199.0	-0.032848743211535414	Kocak	permutation	
2200.0	0.09950838145583685	Kocak	permutation	
2201.0	0.014946243822682614	Kocak	permutation	
2202.0	-0.1268593379137508	Kocak	permutation	
2203.0	0.0031793328734353032	Kocak	permutation	
2204.0	-0.045636921977931344	Kocak	permutation	
2205.0	-0.0006635101751988337	Kocak	permutation	
2206.0	0.041258658418714234	Kocak	permutation	
2207.0	0.11339078688477722	Kocak	permutation	
2208.0	0.0723762423151455	Kocak	permutation	
2209.0	0.01111829874386272	Kocak	permutation	
2210.0	0.07555082299242022	Kocak	permutation	
2211.0	-0.08608772550978738	Kocak	permutation	
2212.0	-0.001496049672565114	Kocak	permutation	
2213.0	-0.12358560575099098	Kocak	permutation	
2214.0	0.0536503711732772	Kocak	permutation	
2215.0	-0.033673349354705895	Kocak	permutation	
2216.0	-0.013715735845522214	Kocak	permutation	
2217.0	0.1931446488274955	Kocak	permutation	
2218.0	0.0227411951627996	Kocak	permutation	
2219.0	-0.09536826562032807	Kocak	permutation	
2220.0	-0.10832463378212687	Kocak	permutation	
2221.0	0.03111677433444804	Kocak	permutation	
2222.0	-0.056848207767088876	Kocak	permutation	
2223.0	0.1359070148966941	Kocak	permutation	
2224.0	0.09134771717052326	Kocak	permutation	
2225.0	0.052812216467339024	Kocak	permutation	
2226.0	0.08416763450814635	Kocak	permutation	
2227.0	-0.10055450415297473	Kocak	permutation	
2228.0	0.013284346665271674	Kocak	permutation	
2229.0	0.104653711537118	Kocak	permutation	
2230.0	0.16339653986023128	Kocak	permutation	
2231.0	0.0761289502807454	Kocak	permutation	
2232.0	-0.062008380308768984	Kocak	permutation	
2233.0	0.061980236675933664	Kocak	permutation	
2234.0	0.0010163024400626774	Kocak	permutation	
2235.0	0.11051411409809342	Kocak	permutation	
2236.0	0.12316055406298831	Kocak	permutation	
2237.0	0.08284905358766759	Kocak	permutation	
2238.0	0.09587718868392026	Kocak	permutation	
2239.0	0.1307795926084263	Kocak	permutation	
2240.0	0.04472042080562044	Kocak	permutation	
2241.0	-0.028336659344489146	Kocak	permutation	
2242.0	-0.00822819312074241	Kocak	permutation	
2243.0	-0.13834764105708386	Kocak	permutation	
2244.0	0.06770437547742514	Kocak	permutation	
2245.0	0.11883633146494876	Kocak	permutation	
2246.0	0.04896653760330416	Kocak	permutation	
2247.0	0.12575559691801264	Kocak	permutation	
2248.0	0.0514334787012225	Kocak	permutation	
2249.0	0.061250596210068675	Kocak	permutation	
2250.0	0.01656162328573929	Kocak	permutation	
2251.0	0.0781371656418588	Kocak	permutation	
2252.0	0.16958927098529886	Kocak	permutation	
2253.0	-0.08933172828474278	Kocak	permutation	
2254.0	-0.11949458328823725	Kocak	permutation	
2255.0	-0.07350934693860633	Kocak	permutation	
2256.0	0.15616364700447383	Kocak	permutation	
2257.0	-0.007584238266250765	Kocak	permutation	
2258.0	-0.10584291649042887	Kocak	permutation	
2259.0	0.09658283453281191	Kocak	permutation	
2260.0	-0.07176543217620779	Kocak	permutation	
2261.0	-0.07905430128441227	Kocak	permutation	
2262.0	0.06429593535482647	Kocak	permutation	
2263.0	-0.08024671770336234	Kocak	permutation	
2264.0	-0.13843533278772835	Kocak	permutation	
2265.0	-0.07981897393561699	Kocak	permutation	
2266.0	-0.015140267437054433	Kocak	permutation	
2267.0	0.1279816436971517	Kocak	permutation	
2268.0	0.10814651185694624	Kocak	permutation	
2269.0	-0.06614330083219766	Kocak	permutation	
2270.0	0.12896968587002844	Kocak	permutation	
2271.0	-0.025125186679838762	Kocak	permutation	
2272.0	-0.0387550493896045	Kocak	permutation	
2273.0	0.06686540932044194	Kocak	permutation	
2274.0	-0.061268947593764	Kocak	permutation	
2275.0	0.10295433892226002	Kocak	permutation	
2276.0	0.04172099816373942	Kocak	permutation	
2277.0	-0.16184727345766659	Kocak	permutation	
2278.0	0.03551853193947885	Kocak	permutation	
2279.0	-0.17070201520550343	Kocak	permutation	
2280.0	0.005862079230577244	Kocak	permutation	
2281.0	-0.055946888160216535	Kocak	permutation	
2282.0	0.07876539457107468	Kocak	permutation	
2283.0	-0.05241738989442046	Kocak	permutation	
2284.0	0.127988408711738	Kocak	permutation	
2285.0	0.008480112109436444	Kocak	permutation	
2286.0	-0.029990874023470226	Kocak	permutation	
2287.0	-0.06291730677955698	Kocak	permutation	
2288.0	0.1322745197201063	Kocak	permutation	
2289.0	0.10460017398011878	Kocak	permutation	
2290.0	0.092026508385461	Kocak	permutation	
2291.0	0.029639378891826773	Kocak	permutation	
2292.0	0.09340386699977854	Kocak	permutation	
2293.0	0.05305533227764192	Kocak	permutation	
2294.0	0.13805784664355691	Kocak	permutation	
2295.0	-0.04461731690892279	Kocak	permutation	
2296.0	-0.051931951507263374	Kocak	permutation	
2297.0	-0.02501357757410183	Kocak	permutation	
2298.0	0.002229927617994676	Kocak	permutation	
2299.0	0.01024726889617078	Kocak	permutation	
2300.0	0.004227384668356482	Kocak	permutation	
2301.0	-0.10404145134479936	Kocak	permutation	
2302.0	0.14703932663517216	Kocak	permutation	
2303.0	0.12122527159751462	Kocak	permutation	
2304.0	0.08428821721515245	Kocak	permutation	
2305.0	0.07185107101416088	Kocak	permutation	
2306.0	0.10775165105919138	Kocak	permutation	
2307.0	-0.00012760805530431796	Kocak	permutation	
2308.0	0.06654059092005138	Kocak	permutation	
2309.0	0.03188597804908522	Kocak	permutation	
2310.0	0.10940469980633649	Kocak	permutation	
2311.0	-0.055042966424077466	Kocak	permutation	
2312.0	0.04793850504835717	Kocak	permutation	
2313.0	0.07952088282899838	Kocak	permutation	
2314.0	0.07206679027031226	Kocak	permutation	
2315.0	0.10011497093361177	Kocak	permutation	
2316.0	-0.00166565543526076	Kocak	permutation	
2317.0	0.07550431012041381	Kocak	permutation	
2318.0	-0.028715921436084813	Kocak	permutation	
2319.0	-0.1356498006894271	Kocak	permutation	
2320.0	0.19081347871877297	Kocak	permutation	
2321.0	-0.015881873616404807	Kocak	permutation	
2322.0	-0.2570392475712251	Kocak	permutation	
2323.0	0.18156077956283578	Kocak	permutation	
2324.0	0.01693777088243431	Kocak	permutation	
2325.0	0.03503533840742756	Kocak	permutation	
2326.0	0.13158475464983654	Kocak	permutation	
2327.0	-0.1295221995131901	Kocak	permutation	
2328.0	0.14519470374826682	Kocak	permutation	
2329.0	0.1508799471236255	Kocak	permutation	
2330.0	0.05810846594082486	Kocak	permutation	
2331.0	0.014722453029684335	Kocak	permutation	
2332.0	0.1337534615831908	Kocak	permutation	
2333.0	-0.023419177614484532	Kocak	permutation	
2334.0	0.00975149954770771	Kocak	permutation	
2335.0	0.026814678760554767	Kocak	permutation	
2336.0	0.05418412842112552	Kocak	permutation	
2337.0	-0.08119085373094315	Kocak	permutation	
2338.0	0.08689720413761082	Kocak	permutation	
2339.0	0.11562609310486138	Kocak	permutation	
2340.0	0.13101605288993756	Kocak	permutation	
2341.0	-0.10248663499465671	Kocak	permutation	
2342.0	0.1094744174294977	Kocak	permutation	
2343.0	-0.08558215411793801	Kocak	permutation	
2344.0	-0.1331707887118596	Kocak	permutation	
2345.0	0.21494105378356432	Kocak	permutation	
2346.0	0.026097895883541167	Kocak	permutation	
2347.0	0.1861068730165445	Kocak	permutation	
2348.0	0.07787755899990678	Kocak	permutation	
2349.0	-0.06827466192107234	Kocak	permutation	
2350.0	0.12808464824322296	Kocak	permutation	
2351.0	-0.14136448733441087	Kocak	permutation	
2352.0	0.0008118708277367048	Kocak	permutation	
2353.0	-0.13575667857134333	Kocak	permutation	
2354.0	0.13495878504524095	Kocak	permutation	
2355.0	0.06733357146227137	Kocak	permutation	
2356.0	-0.1396681302926268	Kocak	permutation	
2357.0	0.008794288820173968	Kocak	permutation	
2358.0	-0.021487103161170307	Kocak	permutation	
2359.0	0.04415556471245763	Kocak	permutation	
2360.0	0.07148427557289327	Kocak	permutation	
2361.0	0.09129751507605421	Kocak	permutation	
2362.0	-0.02225877328828485	Kocak	permutation	
2363.0	-0.07263851798132537	Kocak	permutation	
2364.0	0.01966988486816179	Kocak	permutation	
2365.0	-0.043803881593958316	Kocak	permutation	
2366.0	0.023168908251517628	Kocak	permutation	
2367.0	-0.024587193213235548	Kocak	permutation	
2368.0	0.024475291566950386	Kocak	permutation	
2369.0	0.09037909635947283	Kocak	permutation	
2370.0	0.1752547335961241	Kocak	permutation	
2371.0	0.18724607844817331	Kocak	permutation	
2372.0	0.002844141371172615	Kocak	permutation	
2373.0	-0.0008725102933277995	Kocak	permutation	
2374.0	-0.014147210182726244	Kocak	permutation	
2375.0	0.05271474241446272	Kocak	permutation	
2376.0	0.1467890870197155	Kocak	permutation	
2377.0	0.11787340830396342	Kocak	permutation	
2378.0	0.045341073012944655	Kocak	permutation	
2379.0	0.09708626868366643	Kocak	permutation	
2380.0	0.12900129021683515	Kocak	permutation	
2381.0	0.04388231800898934	Kocak	permutation	
2382.0	-0.09215097767599989	Kocak	permutation	
2383.0	-0.03290238620679764	Kocak	permutation	
2384.0	0.15191339811900884	Kocak	permutation	
2385.0	-0.03730341501394774	Kocak	permutation	
2386.0	-0.06549887118491649	Kocak	permutation	
2387.0	0.08150039833068723	Kocak	permutation	
2388.0	0.08848020845030957	Kocak	permutation	
2389.0	-0.044219526364729145	Kocak	permutation	
2390.0	0.03335039720104316	Kocak	permutation	
2391.0	0.2607227405885415	Kocak	permutation	
2392.0	0.0479434751463379	Kocak	permutation	
2393.0	0.049445227109008005	Kocak	permutation	
2394.0	0.12098670777229881	Kocak	permutation	
2395.0	0.059881488930559	Kocak	permutation	
2396.0	0.084214426089527	Kocak	permutation	
2397.0	-0.0744099175511419	Kocak	permutation	
2398.0	0.01009520043385681	Kocak	permutation	
2399.0	0.25385899121912114	Kocak	permutation	
2400.0	-0.016121079319327603	Kocak	permutation	
2401.0	0.10906843298712676	Kocak	permutation	
2402.0	-0.005982049150000002	Kocak	permutation	
2403.0	0.014945585072198675	Kocak	permutation	
2404.0	-0.07979967952567568	Kocak	permutation	
2405.0	0.043176658029821624	Kocak	permutation	
2406.0	-0.1212184102749716	Kocak	permutation	
2407.0	0.08681189040406778	Kocak	permutation	
2408.0	-0.019045873376207556	Kocak	permutation	
2409.0	0.022865912190052295	Kocak	permutation	
2410.0	-0.09784280984749749	Kocak	permutation	
2411.0	0.21158673555555696	Kocak	permutation	
2412.0	0.08700783042459959	Kocak	permutation	
2413.0	-0.08733506143026482	Kocak	permutation	
2414.0	0.016580894959452586	Kocak	permutation	
2415.0	-0.037756544223136235	Kocak	permutation	
2416.0	0.1042354840795805	Kocak	permutation	
2417.0	0.020809496245898895	Kocak	permutation	
2418.0	-0.085683307937372	Kocak	permutation	
2419.0	0.002630658262827268	Kocak	permutation	
2420.0	0.019058646672597046	Kocak	permutation	
2421.0	0.2332591000820332	Kocak	permutation	
2422.0	-0.10342593392394406	Kocak	permutation	
2423.0	0.044962857715010074	Kocak	permutation	
2424.0	-0.3297229466932188	Kocak	permutation	
2425.0	-0.09213992511931579	Kocak	permutation	
2426.0	0.08713726930124999	Kocak	permutation	
2427.0	0.01753157008408479	Kocak	permutation	
2428.0	0.01230047635018261	Kocak	permutation	
2429.0	-0.01930776089594488	Kocak	permutation	
2430.0	0.11737721077919838	Kocak	permutation	
2431.0	-0.15259241138770907	Kocak	permutation	
2432.0	0.02971124819545956	Kocak	permutation	
2433.0	0.23093756346604266	Kocak	permutation	
2434.0	-0.13454968525474564	Kocak	permutation	
2435.0	0.0370792634665742	Kocak	permutation	
2436.0	-0.027130691934207363	Kocak	permutation	
2437.0	-0.08295979181279112	Kocak	permutation	
2438.0	-0.08919576824452502	Kocak	permutation	
2439.0	0.019617800556448906	Kocak	permutation	
2440.0	0.04604752690407743	Kocak	permutation	
2441.0	0.02869405119476731	Kocak	permutation	
2442.0	0.03691843735663847	Kocak	permutation	
2443.0	0.0299746489520345	Kocak	permutation	
2444.0	0.12135377714034679	Kocak	permutation	
2445.0	0.16633646706484573	Kocak	permutation	
2446.0	-0.03733239072675287	Kocak	permutation	
2447.0	0.02449638946612831	Kocak	permutation	
2448.0	-0.06310283582395027	Kocak	permutation	
2449.0	0.09564116198190131	Kocak	permutation	
2450.0	0.12123185038660678	Kocak	permutation	
2451.0	-0.07309285534686438	Kocak	permutation	
2452.0	-0.042571649886568697	Kocak	permutation	
2453.0	0.1927239784324395	Kocak	permutation	
2454.0	0.05599548834504331	Kocak	permutation	
2455.0	-0.01757339892759413	Kocak	permutation	
2456.0	0.10648879056390337	Kocak	permutation	
2457.0	-0.15540163993083356	Kocak	permutation	
2458.0	0.050809851253516225	Kocak	permutation	
2459.0	-0.049018222473539375	Kocak	permutation	
2460.0	0.1150862512937132	Kocak	permutation	
2461.0	0.0754346860230144	Kocak	permutation	
2462.0	0.22650480664863304	Kocak	permutation	
2463.0	-0.006638797765294413	Kocak	permutation	
2464.0	0.0479345756034224	Kocak	permutation	
2465.0	-0.036052944067141546	Kocak	permutation	
2466.0	-0.034540579802527116	Kocak	permutation	
2467.0	0.16215768489648896	Kocak	permutation	
2468.0	-0.08305107799957634	Kocak	permutation	
2469.0	-0.016621611287309435	Kocak	permutation	
2470.0	-0.0011898596535058203	Kocak	permutation	
2471.0	-0.04936263934885332	Kocak	permutation	
2472.0	-0.09258678414269905	Kocak	permutation	
2473.0	0.07280299293521741	Kocak	permutation	
2474.0	0.1290401808663182	Kocak	permutation	
2475.0	0.04082037744674416	Kocak	permutation	
2476.0	-0.1578476782091509	Kocak	permutation	
2477.0	0.16891400006634694	Kocak	permutation	
2478.0	-0.04104775473842359	Kocak	permutation	
2479.0	-0.13392343075104085	Kocak	permutation	
2480.0	-0.040074090143139784	Kocak	permutation	
2481.0	-0.007528458551665729	Kocak	permutation	
2482.0	0.061395141993859426	Kocak	permutation	
2483.0	-0.0887860678759913	Kocak	permutation	
2484.0	-0.02995357587901326	Kocak	permutation	
2485.0	-0.06805363613094473	Kocak	permutation	
2486.0	0.13689650038273626	Kocak	permutation	
2487.0	0.1167298138612618	Kocak	permutation	
2488.0	-0.06407640625255073	Kocak	permutation	
2489.0	-0.1542645573435375	Kocak	permutation	
2490.0	-0.14078600282765086	Kocak	permutation	
2491.0	-0.12021832682044442	Kocak	permutation	
2492.0	0.025045838150094646	Kocak	permutation	
2493.0	-0.1032405345713121	Kocak	permutation	
2494.0	0.01607529983448286	Kocak	permutation	
2495.0	0.020413433518989166	Kocak	permutation	
2496.0	0.01398102896573361	Kocak	permutation	
2497.0	0.19223323908616985	Kocak	permutation	
2498.0	0.07866175108620777	Kocak	permutation	
2499.0	0.05692883472861432	Kocak	permutation	
2500.0	-0.03539696404759374	Kocak	permutation	
2501.0	-0.117193476288318	Kocak	permutation	
2502.0	-0.04759652372783396	Kocak	permutation	
2503.0	-0.018564619554913175	Kocak	permutation	
2504.0	0.07441425339640073	Kocak	permutation	
2505.0	-0.037472382075535826	Kocak	permutation	
2506.0	-0.08210176526667157	Kocak	permutation	
2507.0	-0.14434782102185695	Kocak	permutation	
2508.0	-0.01568872566279156	Kocak	permutation	
2509.0	-0.05144406644581512	Kocak	permutation	
2510.0	0.04955094569621821	Kocak	permutation	
2511.0	0.17324728790319632	Kocak	permutation	
2512.0	0.031627422600883026	Kocak	permutation	
2513.0	0.07410926645863558	Kocak	permutation	
2514.0	0.12652725356261785	Kocak	permutation	
2515.0	0.13125634761794025	Kocak	permutation	
2516.0	0.035007533591413065	Kocak	permutation	
2517.0	0.00920951355486821	Kocak	permutation	
2518.0	-0.0015237849020444116	Kocak	permutation	
2519.0	0.06639333678922466	Kocak	permutation	
2520.0	0.0871169935138627	Kocak	permutation	
2521.0	0.1683483502443437	Kocak	permutation	
2522.0	0.151738425185719	Kocak	permutation	
2523.0	0.12275568520274982	Kocak	permutation	
2524.0	0.003986397832413502	Kocak	permutation	
2525.0	-0.06126505538029248	Kocak	permutation	
2526.0	-0.015734560604432346	Kocak	permutation	
2527.0	0.09449998479452182	Kocak	permutation	
2528.0	0.017854593142601516	Kocak	permutation	
2529.0	0.05580458174206493	Kocak	permutation	
2530.0	-0.08459252385414517	Kocak	permutation	
2531.0	0.16960228955521472	Kocak	permutation	
2532.0	-0.039048989172121296	Kocak	permutation	
2533.0	0.09496579433330687	Kocak	permutation	
2534.0	0.25490551595484323	Kocak	permutation	
2535.0	0.08709027605375042	Kocak	permutation	
2536.0	-0.062342601982092294	Kocak	permutation	
2537.0	0.04370348670571911	Kocak	permutation	
2538.0	0.1708871019680509	Kocak	permutation	
2539.0	0.1386554877189452	Kocak	permutation	
2540.0	0.08499463042855693	Kocak	permutation	
2541.0	0.19667631435430266	Kocak	permutation	
2542.0	0.024796791115438754	Kocak	permutation	
2543.0	0.03915105173435629	Kocak	permutation	
2544.0	0.10199112953042455	Kocak	permutation	
2545.0	-0.03603458819623695	Kocak	permutation	
2546.0	0.09367286226858385	Kocak	permutation	
2547.0	0.07519516077991817	Kocak	permutation	
2548.0	0.1651895151020013	Kocak	permutation	
2549.0	0.12408439799903004	Kocak	permutation	
2550.0	-0.022030835375003832	Kocak	permutation	
2551.0	0.09451077303126842	Kocak	permutation	
2552.0	-0.06327814398154841	Kocak	permutation	
2553.0	0.017629286645130193	Kocak	permutation	
2554.0	0.016049056074646018	Kocak	permutation	
2555.0	-0.09618515391185056	Kocak	permutation	
2556.0	-0.002084827137053935	Kocak	permutation	
2557.0	0.10229483612601564	Kocak	permutation	
2558.0	-0.07242598666392519	Kocak	permutation	
2559.0	0.10124252514316234	Kocak	permutation	
2560.0	0.026735997436101222	Kocak	permutation	
2561.0	-0.02465234041629749	Kocak	permutation	
2562.0	-0.025976825916223856	Kocak	permutation	
2563.0	0.06143067298562954	Kocak	permutation	
2564.0	-0.04720873763722366	Kocak	permutation	
2565.0	-0.09777220956603871	Kocak	permutation	
2566.0	-0.052843400157002396	Kocak	permutation	
2567.0	0.011646585922053365	Kocak	permutation	
2568.0	-0.06253302954679318	Kocak	permutation	
2569.0	0.11376728909965816	Kocak	permutation	
2570.0	-0.08865332020478434	Kocak	permutation	
2571.0	0.10825024056735977	Kocak	permutation	
2572.0	0.08862339636567196	Kocak	permutation	
2573.0	0.034022073896019744	Kocak	permutation	
2574.0	0.16659490790592857	Kocak	permutation	
2575.0	0.1081643791921496	Kocak	permutation	
2576.0	-0.09174379310322456	Kocak	permutation	
2577.0	0.03939130483405817	Kocak	permutation	
2578.0	0.0036736491117053127	Kocak	permutation	
2579.0	0.13176627352864223	Kocak	permutation	
2580.0	0.061484745242816885	Kocak	permutation	
2581.0	0.15181413259996512	Kocak	permutation	
2582.0	-0.06336243080644	Kocak	permutation	
2583.0	0.019007463259775648	Kocak	permutation	
2584.0	0.03250032569409367	Kocak	permutation	
2585.0	-0.12858689412218194	Kocak	permutation	
2586.0	-0.0313813840034225	Kocak	permutation	
2587.0	0.02739989320756253	Kocak	permutation	
2588.0	0.09329354758531938	Kocak	permutation	
2589.0	0.08256880315361181	Kocak	permutation	
2590.0	-0.1486294275574167	Kocak	permutation	
2591.0	0.039029500282469876	Kocak	permutation	
2592.0	0.13181471551704416	Kocak	permutation	
2593.0	-0.1309246651252467	Kocak	permutation	
2594.0	-0.11847251544502502	Kocak	permutation	
2595.0	0.05388295922258157	Kocak	permutation	
2596.0	0.24536309633451348	Kocak	permutation	
2597.0	-0.1716255475693047	Kocak	permutation	
2598.0	0.022779570166361562	Kocak	permutation	
2599.0	0.09759052065784912	Kocak	permutation	
2600.0	0.1901414060938511	Kocak	permutation	
2601.0	-0.0530849234772357	Kocak	permutation	
2602.0	0.0934323044504044	Kocak	permutation	
2603.0	0.06178465446039105	Kocak	permutation	
2604.0	-0.1437661818142244	Kocak	permutation	
2605.0	-0.01914553596792512	Kocak	permutation	
2606.0	0.03940918685047956	Kocak	permutation	
2607.0	-0.11561918238023328	Kocak	permutation	
2608.0	-0.042231252784788786	Kocak	permutation	
2609.0	0.04660249431170316	Kocak	permutation	
2610.0	0.0745639402805991	Kocak	permutation	
2611.0	-0.05209826220361924	Kocak	permutation	
2612.0	-0.05563974621483414	Kocak	permutation	
2613.0	0.06142215869042511	Kocak	permutation	
2614.0	-0.11645525377704802	Kocak	permutation	
2615.0	-0.06801804243750809	Kocak	permutation	
2616.0	0.14829689965208015	Kocak	permutation	
2617.0	0.04722997881495106	Kocak	permutation	
2618.0	0.006488937889141511	Kocak	permutation	
2619.0	0.07941491708869464	Kocak	permutation	
2620.0	-0.13059994723642143	Kocak	permutation	
2621.0	-0.12357530015919416	Kocak	permutation	
2622.0	0.053794469358988906	Kocak	permutation	
2623.0	-0.015300702997176785	Kocak	permutation	
2624.0	0.03232412932442141	Kocak	permutation	
2625.0	0.0428891959251998	Kocak	permutation	
2626.0	0.12676027849405802	Kocak	permutation	
2627.0	0.08864311745168729	Kocak	permutation	
2628.0	0.03848278343730893	Kocak	permutation	
2629.0	-0.2357090115884226	Kocak	permutation	
2630.0	-0.01569999779708464	Kocak	permutation	
2631.0	-0.10069376835343569	Kocak	permutation	
2632.0	-0.06003773832026882	Kocak	permutation	
2633.0	0.1569455271170508	Kocak	permutation	
2634.0	0.058732670009872034	Kocak	permutation	
2635.0	-0.09827260439551999	Kocak	permutation	
2636.0	0.09964891002141085	Kocak	permutation	
2637.0	-0.1539940009898353	Kocak	permutation	
2638.0	-0.05351073978074483	Kocak	permutation	
2639.0	-0.06174693730854042	Kocak	permutation	
2640.0	0.05606455342972483	Kocak	permutation	
2641.0	0.10263409893862185	Kocak	permutation	
2642.0	-0.01514014142870801	Kocak	permutation	
2643.0	0.05560831006562106	Kocak	permutation	
2644.0	-0.0006080086732866974	Kocak	permutation	
2645.0	0.061859167351798305	Kocak	permutation	
2646.0	-0.12397444735036434	Kocak	permutation	
2647.0	0.08717849862770244	Kocak	permutation	
2648.0	-0.07987033970016899	Kocak	permutation	
2649.0	0.020002262713829655	Kocak	permutation	
2650.0	0.030304690557716896	Kocak	permutation	
2651.0	-0.05315385708557985	Kocak	permutation	
2652.0	0.02190936247129338	Kocak	permutation	
2653.0	-0.007842475778033986	Kocak	permutation	
2654.0	0.159770954975885	Kocak	permutation	
2655.0	-0.01988777322017299	Kocak	permutation	
2656.0	0.11168543660901431	Kocak	permutation	
2657.0	0.14309621025468866	Kocak	permutation	
2658.0	0.0809441187574258	Kocak	permutation	
2659.0	0.05590348474780393	Kocak	permutation	
2660.0	0.07199296870277028	Kocak	permutation	
2661.0	0.08649336027731147	Kocak	permutation	
2662.0	0.0694225898325942	Kocak	permutation	
2663.0	0.16159876355558644	Kocak	permutation	
2664.0	-0.05623187662516749	Kocak	permutation	
2665.0	-0.028149477377203524	Kocak	permutation	
2666.0	-0.04290480691775045	Kocak	permutation	
2667.0	0.04368111107078354	Kocak	permutation	
2668.0	-0.10659538048395811	Kocak	permutation	
2669.0	-0.00886019092099355	Kocak	permutation	
2670.0	0.06535605597968397	Kocak	permutation	
2671.0	-0.09870414848677322	Kocak	permutation	
2672.0	-0.08398068786847013	Kocak	permutation	
2673.0	0.007813067323044098	Kocak	permutation	
2674.0	-0.06800343674263942	Kocak	permutation	
2675.0	0.032073577215594895	Kocak	permutation	
2676.0	-0.03477808086897127	Kocak	permutation	
2677.0	0.04041401800065625	Kocak	permutation	
2678.0	-0.11742928799444519	Kocak	permutation	
2679.0	-0.10710408455160536	Kocak	permutation	
2680.0	-0.18123617898243705	Kocak	permutation	
2681.0	-0.14058281339329692	Kocak	permutation	
2682.0	-0.0701478579283985	Kocak	permutation	
2683.0	0.07451180153793135	Kocak	permutation	
2684.0	-0.004696595581802576	Kocak	permutation	
2685.0	-0.023596579646962823	Kocak	permutation	
2686.0	0.15864381260286775	Kocak	permutation	
2687.0	0.15616500365176167	Kocak	permutation	
2688.0	0.15385147009150701	Kocak	permutation	
2689.0	-0.05798529302736366	Kocak	permutation	
2690.0	0.050686191892026944	Kocak	permutation	
2691.0	-0.025256323238849188	Kocak	permutation	
2692.0	0.11132111566249048	Kocak	permutation	
2693.0	-0.08536954973535726	Kocak	permutation	
2694.0	-0.028596072541214212	Kocak	permutation	
2695.0	0.05390294482186375	Kocak	permutation	
2696.0	0.14986637290217963	Kocak	permutation	
2697.0	0.1457628373969979	Kocak	permutation	
2698.0	0.12746516342565206	Kocak	permutation	
2699.0	-0.01878990372170053	Kocak	permutation	
2700.0	-0.18958867094201937	Kocak	permutation	
2701.0	0.05098311269275646	Kocak	permutation	
2702.0	0.06170533645891707	Kocak	permutation	
2703.0	0.08980833868313898	Kocak	permutation	
2704.0	0.04499655603149222	Kocak	permutation	
2705.0	0.10083393028631393	Kocak	permutation	
2706.0	0.07714574200660884	Kocak	permutation	
2707.0	-0.10101134052908511	Kocak	permutation	
2708.0	-0.012231996746967955	Kocak	permutation	
2709.0	0.10320225579360143	Kocak	permutation	
2710.0	0.014262102248735253	Kocak	permutation	
2711.0	0.2232275457048405	Kocak	permutation	
2712.0	-0.11979841962613724	Kocak	permutation	
2713.0	-0.012281741958193315	Kocak	permutation	
2714.0	0.03371928469859675	Kocak	permutation	
2715.0	0.09317883231349056	Kocak	permutation	
2716.0	0.1278485979729309	Kocak	permutation	
2717.0	0.04559576969629342	Kocak	permutation	
2718.0	0.1397778129607805	Kocak	permutation	
2719.0	0.04737779419324051	Kocak	permutation	
2720.0	-0.20771187663198587	Kocak	permutation	
2721.0	0.08466546121685381	Kocak	permutation	
2722.0	-0.11646183826600964	Kocak	permutation	
2723.0	0.0389325004028076	Kocak	permutation	
2724.0	-0.14144226936991533	Kocak	permutation	
2725.0	-0.034626078250732384	Kocak	permutation	
2726.0	0.023093507803177538	Kocak	permutation	
2727.0	-0.009872266816903341	Kocak	permutation	
2728.0	-0.16228296931469677	Kocak	permutation	
2729.0	0.12805058238955613	Kocak	permutation	
2730.0	0.004247012365667491	Kocak	permutation	
2731.0	0.00848069624950254	Kocak	permutation	
2732.0	0.03325387009700531	Kocak	permutation	
2733.0	0.18563141805211014	Kocak	permutation	
2734.0	0.14672707409977326	Kocak	permutation	
2735.0	0.19774077855262817	Kocak	permutation	
2736.0	-0.05324836165573332	Kocak	permutation	
2737.0	0.027912574089394404	Kocak	permutation	
2738.0	-0.10013600757548335	Kocak	permutation	
2739.0	0.07053823912629875	Kocak	permutation	
2740.0	0.019710886993867582	Kocak	permutation	
2741.0	0.018835599549408055	Kocak	permutation	
2742.0	0.10656751051924429	Kocak	permutation	
2743.0	-0.01197011252577429	Kocak	permutation	
2744.0	0.07476485350833473	Kocak	permutation	
2745.0	0.16530139726772575	Kocak	permutation	
2746.0	-0.05815510197641194	Kocak	permutation	
2747.0	0.026246578896148787	Kocak	permutation	
2748.0	0.010254030691570826	Kocak	permutation	
2749.0	0.11774849302147716	Kocak	permutation	
2750.0	-0.08008924288359331	Kocak	permutation	
2751.0	0.2161948023198339	Kocak	permutation	
2752.0	-0.15801455946865905	Kocak	permutation	
2753.0	0.09349557603652814	Kocak	permutation	
2754.0	0.08688048628679157	Kocak	permutation	
2755.0	0.05394840662513367	Kocak	permutation	
2756.0	-0.17915214958313141	Kocak	permutation	
2757.0	0.02900658827390723	Kocak	permutation	
2758.0	-0.05987049288505952	Kocak	permutation	
2759.0	-0.043692996598097	Kocak	permutation	
2760.0	0.05423472889070924	Kocak	permutation	
2761.0	0.11032650215003814	Kocak	permutation	
2762.0	0.002502298267658354	Kocak	permutation	
2763.0	0.09146340946394416	Kocak	permutation	
2764.0	0.024376196841210618	Kocak	permutation	
2765.0	0.08251814140379032	Kocak	permutation	
2766.0	0.1531244278154924	Kocak	permutation	
2767.0	-0.038901650463013304	Kocak	permutation	
2768.0	0.2133423201539264	Kocak	permutation	
2769.0	0.1528955510595429	Kocak	permutation	
2770.0	0.024593384597781487	Kocak	permutation	
2771.0	0.1097599351271259	Kocak	permutation	
2772.0	-0.005208025153450091	Kocak	permutation	
2773.0	0.07568480436955483	Kocak	permutation	
2774.0	-0.06383406358870491	Kocak	permutation	
2775.0	-0.0981983059541176	Kocak	permutation	
2776.0	0.01540674411678733	Kocak	permutation	
2777.0	0.05277326876569122	Kocak	permutation	
2778.0	0.010071894504556589	Kocak	permutation	
2779.0	0.025087069753792157	Kocak	permutation	
2780.0	0.12476115602914328	Kocak	permutation	
2781.0	-0.1326914873724041	Kocak	permutation	
2782.0	-0.14990593429580157	Kocak	permutation	
2783.0	0.14407871080712997	Kocak	permutation	
2784.0	0.06428562999962839	Kocak	permutation	
2785.0	0.03764886270803425	Kocak	permutation	
2786.0	0.08729927500570289	Kocak	permutation	
2787.0	0.2348744346419669	Kocak	permutation	
2788.0	0.07003504998215426	Kocak	permutation	
2789.0	-0.05597771805401974	Kocak	permutation	
2790.0	0.08362584328858214	Kocak	permutation	
2791.0	0.09232518125778721	Kocak	permutation	
2792.0	0.13439718743618645	Kocak	permutation	
2793.0	-0.23825878317746474	Kocak	permutation	
2794.0	0.15277296836323817	Kocak	permutation	
2795.0	-0.1328125256774264	Kocak	permutation	
2796.0	0.17626272912040797	Kocak	permutation	
2797.0	-0.012415315915250691	Kocak	permutation	
2798.0	0.055673161364172774	Kocak	permutation	
2799.0	-0.09210256553032492	Kocak	permutation	
2800.0	0.05376943046064264	Kocak	permutation	
2801.0	-0.05955845065325205	Kocak	permutation	
2802.0	-0.004533670417361524	Kocak	permutation	
2803.0	-0.13513456267087198	Kocak	permutation	
2804.0	0.09684128361043509	Kocak	permutation	
2805.0	0.08434422606032532	Kocak	permutation	
2806.0	0.17599864572569723	Kocak	permutation	
2807.0	0.11756042712899584	Kocak	permutation	
2808.0	-0.07144273535342727	Kocak	permutation	
2809.0	0.08897174021636634	Kocak	permutation	
2810.0	-0.014871617973390538	Kocak	permutation	
2811.0	-0.20983204345583317	Kocak	permutation	
2812.0	0.0007802958066358556	Kocak	permutation	
2813.0	-0.003995104723953258	Kocak	permutation	
2814.0	0.16052686821847262	Kocak	permutation	
2815.0	0.11174556641916045	Kocak	permutation	
2816.0	0.018903268581085264	Kocak	permutation	
2817.0	0.010847157106525174	Kocak	permutation	
2818.0	-0.03783280622754415	Kocak	permutation	
2819.0	0.15474998017848796	Kocak	permutation	
2820.0	0.14197250926432314	Kocak	permutation	
2821.0	0.04957756804795155	Kocak	permutation	
2822.0	0.11981148376711959	Kocak	permutation	
2823.0	0.04885471225293303	Kocak	permutation	
2824.0	-0.05690595797762166	Kocak	permutation	
2825.0	-0.02324119300194072	Kocak	permutation	
2826.0	-0.12904601180269593	Kocak	permutation	
2827.0	0.06882312445212913	Kocak	permutation	
2828.0	0.026405834565993658	Kocak	permutation	
2829.0	-0.08749410399779478	Kocak	permutation	
2830.0	-0.06947858073850632	Kocak	permutation	
2831.0	0.02666265832891268	Kocak	permutation	
2832.0	-0.23734389899430264	Kocak	permutation	
2833.0	0.222598804935203	Kocak	permutation	
2834.0	0.045833563329431115	Kocak	permutation	
2835.0	-0.15101422754051486	Kocak	permutation	
2836.0	-0.004743025944541124	Kocak	permutation	
2837.0	-0.20452087530701935	Kocak	permutation	
2838.0	0.014479027485884366	Kocak	permutation	
2839.0	0.07412301248580411	Kocak	permutation	
2840.0	-0.029000638862302974	Kocak	permutation	
2841.0	0.07084853311961314	Kocak	permutation	
2842.0	-0.027467934405528638	Kocak	permutation	
2843.0	-0.21436004274535048	Kocak	permutation	
2844.0	-0.018749979402660877	Kocak	permutation	
2845.0	-0.08033925033308709	Kocak	permutation	
2846.0	-0.14523079642126824	Kocak	permutation	
2847.0	0.049520370492505794	Kocak	permutation	
2848.0	-0.08443963491716522	Kocak	permutation	
2849.0	0.09742414762164975	Kocak	permutation	
2850.0	-0.04475444809002305	Kocak	permutation	
2851.0	0.025883337358362013	Kocak	permutation	
2852.0	0.018855975812441805	Kocak	permutation	
2853.0	0.15681240965465015	Kocak	permutation	
2854.0	-0.06494781080735468	Kocak	permutation	
2855.0	-0.10865230939874904	Kocak	permutation	
2856.0	0.05734174769169886	Kocak	permutation	
2857.0	0.16132276269487011	Kocak	permutation	
2858.0	0.01012649828382095	Kocak	permutation	
2859.0	0.16972528582679258	Kocak	permutation	
2860.0	0.08385716409458421	Kocak	permutation	
2861.0	-0.1111633183339098	Kocak	permutation	
2862.0	-0.1343316164411008	Kocak	permutation	
2863.0	-0.042564559227629584	Kocak	permutation	
2864.0	-0.08089151347092383	Kocak	permutation	
2865.0	-0.07563145735427224	Kocak	permutation	
2866.0	-0.05764021470455427	Kocak	permutation	
2867.0	0.06866594031871642	Kocak	permutation	
2868.0	0.08004823095466351	Kocak	permutation	
2869.0	0.1125471375232574	Kocak	permutation	
2870.0	0.07813148154372618	Kocak	permutation	
2871.0	0.11626915712542552	Kocak	permutation	
2872.0	0.09855624313208766	Kocak	permutation	
2873.0	0.08192838758304877	Kocak	permutation	
2874.0	-0.08946129831361826	Kocak	permutation	
2875.0	-0.04501912839559541	Kocak	permutation	
2876.0	0.002116521867895127	Kocak	permutation	
2877.0	0.12385141919355958	Kocak	permutation	
2878.0	0.10756181351439675	Kocak	permutation	
2879.0	0.016420720840617076	Kocak	permutation	
2880.0	-0.0644356192628397	Kocak	permutation	
2881.0	0.05227800224433343	Kocak	permutation	
2882.0	-0.06728663316966532	Kocak	permutation	
2883.0	0.020534881275008132	Kocak	permutation	
2884.0	0.157031583844359	Kocak	permutation	
2885.0	0.0322724326146373	Kocak	permutation	
2886.0	0.056479857401329436	Kocak	permutation	
2887.0	0.1881144533137582	Kocak	permutation	
2888.0	0.002882522562532408	Kocak	permutation	
2889.0	0.20639437673794037	Kocak	permutation	
2890.0	0.0001572745435880485	Kocak	permutation	
2891.0	-0.07675044863390657	Kocak	permutation	
2892.0	0.013927419352541381	Kocak	permutation	
2893.0	-0.05530425844532161	Kocak	permutation	
2894.0	0.16705736454146747	Kocak	permutation	
2895.0	0.06511436155591133	Kocak	permutation	
2896.0	-0.06447036050188526	Kocak	permutation	
2897.0	-0.05629243929953187	Kocak	permutation	
2898.0	-0.10272743136407847	Kocak	permutation	
2899.0	0.15586382906382967	Kocak	permutation	
2900.0	-0.031272787197480056	Kocak	permutation	
2901.0	0.04830137975597326	Kocak	permutation	
2902.0	-0.1122578352931094	Kocak	permutation	
2903.0	0.011067033038499208	Kocak	permutation	
2904.0	0.16626963288688268	Kocak	permutation	
2905.0	-0.06304959302817181	Kocak	permutation	
2906.0	0.005688837932910751	Kocak	permutation	
2907.0	-0.12056284801788486	Kocak	permutation	
2908.0	0.11959223738501557	Kocak	permutation	
2909.0	0.0806612952883845	Kocak	permutation	
2910.0	0.013981879200537506	Kocak	permutation	
2911.0	-0.13887936143443103	Kocak	permutation	
2912.0	-0.04770344288721606	Kocak	permutation	
2913.0	-0.1512462529016445	Kocak	permutation	
2914.0	-0.1383263368176566	Kocak	permutation	
2915.0	-0.04495428679772662	Kocak	permutation	
2916.0	0.15141212634935108	Kocak	permutation	
2917.0	0.058499040915978906	Kocak	permutation	
2918.0	0.07922964138782396	Kocak	permutation	
2919.0	0.02824655266862619	Kocak	permutation	
2920.0	0.2027593399637171	Kocak	permutation	
2921.0	0.04000388749213091	Kocak	permutation	
2922.0	-0.055277450455827104	Kocak	permutation	
2923.0	-0.026815280520225304	Kocak	permutation	
2924.0	-0.0012636885345544968	Kocak	permutation	
2925.0	0.010577779591816494	Kocak	permutation	
2926.0	-0.057329356523339925	Kocak	permutation	
2927.0	-0.05715224617766834	Kocak	permutation	
2928.0	-0.1297038020630663	Kocak	permutation	
2929.0	-0.23575358166118976	Kocak	permutation	
2930.0	0.1302448956548976	Kocak	permutation	
2931.0	0.3274868997202005	Kocak	permutation	
2932.0	0.057636363161458704	Kocak	permutation	
2933.0	0.0446025163521333	Kocak	permutation	
2934.0	0.02545406791209759	Kocak	permutation	
2935.0	0.021495661102309604	Kocak	permutation	
2936.0	-0.014875100698424681	Kocak	permutation	
2937.0	-0.03195650189168031	Kocak	permutation	
2938.0	-0.009801452221659623	Kocak	permutation	
2939.0	0.18131301864965188	Kocak	permutation	
2940.0	0.09965941800736422	Kocak	permutation	
2941.0	0.12900692183192497	Kocak	permutation	
2942.0	0.11603316737614167	Kocak	permutation	
2943.0	-0.002270370128701238	Kocak	permutation	
2944.0	-0.11902544197942122	Kocak	permutation	
2945.0	0.03142982438016517	Kocak	permutation	
2946.0	0.023247545450508333	Kocak	permutation	
2947.0	0.0636895796345005	Kocak	permutation	
2948.0	0.037383236620248894	Kocak	permutation	
2949.0	-0.00958107247312645	Kocak	permutation	
2950.0	0.15644076649044703	Kocak	permutation	
2951.0	-0.0861964113479532	Kocak	permutation	
2952.0	-0.06371016120081574	Kocak	permutation	
2953.0	0.18678210703749043	Kocak	permutation	
2954.0	-0.038559236513422857	Kocak	permutation	
2955.0	-0.03061992004049996	Kocak	permutation	
2956.0	0.24973097507512954	Kocak	permutation	
2957.0	0.10264156963867466	Kocak	permutation	
2958.0	0.09474664844674541	Kocak	permutation	
2959.0	0.02422136229012528	Kocak	permutation	
2960.0	0.03469363770321143	Kocak	permutation	
2961.0	-0.0732708212018034	Kocak	permutation	
2962.0	0.07851916560788963	Kocak	permutation	
2963.0	-0.022000925949615446	Kocak	permutation	
2964.0	0.09537826987902731	Kocak	permutation	
2965.0	-0.004477339555499782	Kocak	permutation	
2966.0	-0.03621923271868388	Kocak	permutation	
2967.0	0.028439807230074887	Kocak	permutation	
2968.0	-0.04181563263793864	Kocak	permutation	
2969.0	0.036348948558163396	Kocak	permutation	
2970.0	-0.0762787675074601	Kocak	permutation	
2971.0	0.016291203099789264	Kocak	permutation	
2972.0	-0.01491663187130765	Kocak	permutation	
2973.0	0.08804277869141508	Kocak	permutation	
2974.0	-0.16778471566834385	Kocak	permutation	
2975.0	0.07081016463774548	Kocak	permutation	
2976.0	0.11272994772423761	Kocak	permutation	
2977.0	-0.06925280488893115	Kocak	permutation	
2978.0	0.08130895470104527	Kocak	permutation	
2979.0	-0.004535178541677176	Kocak	permutation	
2980.0	-0.0832966579198211	Kocak	permutation	
2981.0	0.11474293234360955	Kocak	permutation	
2982.0	-0.05404033290417409	Kocak	permutation	
2983.0	0.008656792067553543	Kocak	permutation	
2984.0	-0.09995524168669867	Kocak	permutation	
2985.0	0.1135433139403288	Kocak	permutation	
2986.0	0.051126178234920605	Kocak	permutation	
2987.0	0.16319391566446795	Kocak	permutation	
2988.0	0.12967657422981205	Kocak	permutation	
2989.0	-0.05902813861622258	Kocak	permutation	
2990.0	0.04904698696665122	Kocak	permutation	
2991.0	0.05177191438441797	Kocak	permutation	
2992.0	0.16172812894035404	Kocak	permutation	
2993.0	0.1301292201514639	Kocak	permutation	
2994.0	-0.0019037153176659771	Kocak	permutation	
2995.0	-0.1603381589716184	Kocak	permutation	
2996.0	0.05896267126638666	Kocak	permutation	
2997.0	0.13983549444674637	Kocak	permutation	
2998.0	-0.05113961254716903	Kocak	permutation	
2999.0	0.15351451726699317	Kocak	permutation	
3000.0	-0.0017178503416510615	Kocak	permutation	
3001.0	0.023885353456323255	Kocak	permutation	
3002.0	0.06354873978807163	Kocak	permutation	
3003.0	0.08936562429400485	Kocak	permutation	
3004.0	-0.15327365033826146	Kocak	permutation	
3005.0	0.05434611603451156	Kocak	permutation	
3006.0	-0.054802813224125835	Kocak	permutation	
3007.0	0.04171209175957058	Kocak	permutation	
3008.0	-0.05535782771440356	Kocak	permutation	
3009.0	-0.013898169239538571	Kocak	permutation	
3010.0	-0.05412966810908815	Kocak	permutation	
3011.0	0.08182884914758048	Kocak	permutation	
3012.0	-0.003909085188343653	Kocak	permutation	
3013.0	0.09277076519155569	Kocak	permutation	
3014.0	-0.006888063900966301	Kocak	permutation	
3015.0	0.035307754755572685	Kocak	permutation	
3016.0	-0.057438072066587686	Kocak	permutation	
3017.0	0.009093990327118107	Kocak	permutation	
3018.0	-0.13150383321906345	Kocak	permutation	
3019.0	0.019772470790374808	Kocak	permutation	
3020.0	-0.07083438559439736	Kocak	permutation	
3021.0	-0.08813129586076851	Kocak	permutation	
3022.0	-0.08177349948986867	Kocak	permutation	
3023.0	0.10495380562043755	Kocak	permutation	
3024.0	-0.07802318625152882	Kocak	permutation	
3025.0	-0.08252727423246986	Kocak	permutation	
3026.0	-0.10145036404212604	Kocak	permutation	
3027.0	0.12839847490682432	Kocak	permutation	
3028.0	0.05178758897071223	Kocak	permutation	
3029.0	0.08267226507708791	Kocak	permutation	
3030.0	0.028170827422978384	Kocak	permutation	
3031.0	-0.18661734635173222	Kocak	permutation	
3032.0	-0.08261565853591657	Kocak	permutation	
3033.0	-0.04392051010811926	Kocak	permutation	
3034.0	-0.06636080624175955	Kocak	permutation	
3035.0	0.08125089309966382	Kocak	permutation	
3036.0	-0.02118027780831877	Kocak	permutation	
3037.0	0.007424770756160548	Kocak	permutation	
3038.0	-0.03397023432290647	Kocak	permutation	
3039.0	0.13511678650353298	Kocak	permutation	
3040.0	-0.09488073220062887	Kocak	permutation	
3041.0	-0.026253523980376503	Kocak	permutation	
3042.0	0.22322159840759914	Kocak	permutation	
3043.0	-0.0026719251962337154	Kocak	permutation	
3044.0	0.07600917243037131	Kocak	permutation	
3045.0	0.1267358090788928	Kocak	permutation	
3046.0	0.10713076993865212	Kocak	permutation	
3047.0	0.022841774715242735	Kocak	permutation	
3048.0	0.11736985545742629	Kocak	permutation	
3049.0	0.15145404264531193	Kocak	permutation	
3050.0	0.11724239267220948	Kocak	permutation	
3051.0	-0.10772512957013891	Kocak	permutation	
3052.0	-0.04567884030587521	Kocak	permutation	
3053.0	-0.025980710732259826	Kocak	permutation	
3054.0	-0.016651792633869622	Kocak	permutation	
3055.0	0.034177868912629084	Kocak	permutation	
3056.0	-0.1321298111418634	Kocak	permutation	
3057.0	0.1611634273891429	Kocak	permutation	
3058.0	0.06224735406094517	Kocak	permutation	
3059.0	0.1072071745412182	Kocak	permutation	
3060.0	0.2574710442136765	Kocak	permutation	
3061.0	0.09026510840348978	Kocak	permutation	
3062.0	-0.014412011933310875	Kocak	permutation	
3063.0	-0.13319661679167538	Kocak	permutation	
3064.0	0.004846889793075793	Kocak	permutation	
3065.0	-0.02643047384433883	Kocak	permutation	
3066.0	0.07834359444915728	Kocak	permutation	
3067.0	0.06354285519458935	Kocak	permutation	
3068.0	-0.11321433885820786	Kocak	permutation	
3069.0	-0.08890829487977747	Kocak	permutation	
3070.0	0.05327825109981177	Kocak	permutation	
3071.0	0.00601775575132546	Kocak	permutation	
3072.0	-0.019406481814950638	Kocak	permutation	
3073.0	0.09882726525251684	Kocak	permutation	
3074.0	0.013805617910350954	Kocak	permutation	
3075.0	0.004714374847021752	Kocak	permutation	
3076.0	0.15602547773472963	Kocak	permutation	
3077.0	0.08254406567273165	Kocak	permutation	
3078.0	0.010459066079889112	Kocak	permutation	
3079.0	-0.013491658134176188	Kocak	permutation	
3080.0	0.15781232359283948	Kocak	permutation	
3081.0	0.0031669603711956817	Kocak	permutation	
3082.0	-0.017326181272126373	Kocak	permutation	
3083.0	-0.06901924496953438	Kocak	permutation	
3084.0	-0.15635898860593445	Kocak	permutation	
3085.0	0.00771257540879855	Kocak	permutation	
3086.0	-0.08782628668004477	Kocak	permutation	
3087.0	-0.13595901323328174	Kocak	permutation	
3088.0	0.19259564174184085	Kocak	permutation	
3089.0	0.038016398783660144	Kocak	permutation	
3090.0	0.00936101652237209	Kocak	permutation	
3091.0	0.11980514919578189	Kocak	permutation	
3092.0	0.06429316219155323	Kocak	permutation	
3093.0	0.001456885997465296	Kocak	permutation	
3094.0	0.03874093743103879	Kocak	permutation	
3095.0	-0.12077060959377839	Kocak	permutation	
3096.0	0.054906863955775265	Kocak	permutation	
3097.0	0.02517354202277211	Kocak	permutation	
3098.0	0.1598296087151989	Kocak	permutation	
3099.0	-0.05784636647922703	Kocak	permutation	
3100.0	0.08321490880632076	Kocak	permutation	
3101.0	0.15180148299819907	Kocak	permutation	
3102.0	-0.07348425540338921	Kocak	permutation	
3103.0	0.0522693925492379	Kocak	permutation	
3104.0	-0.12121585157349646	Kocak	permutation	
3105.0	0.04840800859880723	Kocak	permutation	
3106.0	-0.022318243755088396	Kocak	permutation	
3107.0	0.10683311279212937	Kocak	permutation	
3108.0	-0.006856637604759186	Kocak	permutation	
3109.0	-0.01798777008257968	Kocak	permutation	
3110.0	0.10215316488293835	Kocak	permutation	
3111.0	-0.05015356445025043	Kocak	permutation	
3112.0	0.07343228731686535	Kocak	permutation	
3113.0	0.06128441868361145	Kocak	permutation	
3114.0	0.21641518763676038	Kocak	permutation	
3115.0	0.031128832094580616	Kocak	permutation	
3116.0	-0.07839070357707056	Kocak	permutation	
3117.0	0.05252360813084378	Kocak	permutation	
3118.0	-0.10161265142817877	Kocak	permutation	
3119.0	-0.14275258213579933	Kocak	permutation	
3120.0	-0.03450713625326607	Kocak	permutation	
3121.0	0.08015838201001291	Kocak	permutation	
3122.0	-0.0276975205693355	Kocak	permutation	
3123.0	-0.011885744540144572	Kocak	permutation	
3124.0	0.08359712885097581	Kocak	permutation	
3125.0	0.002229051131676929	Kocak	permutation	
3126.0	-0.010442756119973584	Kocak	permutation	
3127.0	0.008205614041593368	Kocak	permutation	
3128.0	0.2066785311144428	Kocak	permutation	
3129.0	0.039794551259304534	Kocak	permutation	
3130.0	0.056825321864680145	Kocak	permutation	
3131.0	0.1600156554467178	Kocak	permutation	
3132.0	-0.12542228495688157	Kocak	permutation	
3133.0	-0.0052987288218262485	Kocak	permutation	
3134.0	0.08103616868300056	Kocak	permutation	
3135.0	0.08822444771488325	Kocak	permutation	
3136.0	-0.053310943654049314	Kocak	permutation	
3137.0	-0.20545819661604847	Kocak	permutation	
3138.0	0.05108403134966233	Kocak	permutation	
3139.0	-0.1035216611266625	Kocak	permutation	
3140.0	0.006107414636912001	Kocak	permutation	
3141.0	-0.10309541097267605	Kocak	permutation	
3142.0	0.075934978582334	Kocak	permutation	
3143.0	-0.07588776243905215	Kocak	permutation	
3144.0	0.03867667760861382	Kocak	permutation	
3145.0	0.0320089637350236	Kocak	permutation	
3146.0	0.022014273379997285	Kocak	permutation	
3147.0	0.024883937409559742	Kocak	permutation	
3148.0	-0.04842232168376093	Kocak	permutation	
3149.0	-0.005128483379388982	Kocak	permutation	
3150.0	0.12085172154508417	Kocak	permutation	
3151.0	0.21531755166432642	Kocak	permutation	
3152.0	0.10144487018844384	Kocak	permutation	
3153.0	-0.08484389864940889	Kocak	permutation	
3154.0	-0.009442286955668067	Kocak	permutation	
3155.0	0.07321466155913825	Kocak	permutation	
3156.0	-0.04218038194283613	Kocak	permutation	
3157.0	-0.008680980581242448	Kocak	permutation	
3158.0	0.05476825356015036	Kocak	permutation	
3159.0	0.1668941625788105	Kocak	permutation	
3160.0	-0.10162069087895453	Kocak	permutation	
3161.0	0.022000158221129773	Kocak	permutation	
3162.0	0.07786459620351893	Kocak	permutation	
3163.0	0.01788852110971062	Kocak	permutation	
3164.0	0.013152895276629106	Kocak	permutation	
3165.0	-0.040893908154053804	Kocak	permutation	
3166.0	0.10885650464058783	Kocak	permutation	
3167.0	-0.12286289525023886	Kocak	permutation	
3168.0	0.09958183611407723	Kocak	permutation	
3169.0	0.09499719916650484	Kocak	permutation	
3170.0	-0.009500661866420845	Kocak	permutation	
3171.0	0.005875014627133357	Kocak	permutation	
3172.0	-0.01042875968709911	Kocak	permutation	
3173.0	0.047821541363240794	Kocak	permutation	
3174.0	0.08774498434166667	Kocak	permutation	
3175.0	-0.007920238289697679	Kocak	permutation	
3176.0	-0.03283869759457003	Kocak	permutation	
3177.0	-0.030002994409424222	Kocak	permutation	
3178.0	-0.049801827063401305	Kocak	permutation	
3179.0	0.04028428597645428	Kocak	permutation	
3180.0	0.03120479481627303	Kocak	permutation	
3181.0	0.08299776513715562	Kocak	permutation	
3182.0	0.1651182718144497	Kocak	permutation	
3183.0	-0.1300244022878667	Kocak	permutation	
3184.0	0.0005871774188390688	Kocak	permutation	
3185.0	0.06320577802775595	Kocak	permutation	
3186.0	0.10862719018033662	Kocak	permutation	
3187.0	-0.04041967898127341	Kocak	permutation	
3188.0	-0.14762860354385587	Kocak	permutation	
3189.0	0.1099225837896487	Kocak	permutation	
3190.0	0.01703415886057069	Kocak	permutation	
3191.0	-0.02877947823769711	Kocak	permutation	
3192.0	0.14075567225319485	Kocak	permutation	
3193.0	-0.0841606482424937	Kocak	permutation	
3194.0	-0.12020417131897476	Kocak	permutation	
3195.0	-0.05039201895829315	Kocak	permutation	
3196.0	-0.1322496192315641	Kocak	permutation	
3197.0	0.044507266298978276	Kocak	permutation	
3198.0	0.12405642791369598	Kocak	permutation	
3199.0	0.20056260818358362	Kocak	permutation	
3200.0	0.06109587954097373	Kocak	permutation	
3201.0	-0.035718683719568656	Kocak	permutation	
3202.0	-0.029539153845643096	Kocak	permutation	
3203.0	-0.05434294869989875	Kocak	permutation	
3204.0	-0.06875554645521431	Kocak	permutation	
3205.0	0.09901750430526901	Kocak	permutation	
3206.0	-0.05823988302446059	Kocak	permutation	
3207.0	-0.05447768288656851	Kocak	permutation	
3208.0	-0.036521629560910984	Kocak	permutation	
3209.0	0.00269726485320243	Kocak	permutation	
3210.0	-0.0076504312687184495	Kocak	permutation	
3211.0	-0.028443128115658745	Kocak	permutation	
3212.0	-0.04774428729549607	Kocak	permutation	
3213.0	0.12272869201195125	Kocak	permutation	
3214.0	0.1413260635692266	Kocak	permutation	
3215.0	-0.1271651563237688	Kocak	permutation	
3216.0	-0.03734254714140617	Kocak	permutation	
3217.0	0.03327075355791953	Kocak	permutation	
3218.0	0.08551367752684413	Kocak	permutation	
3219.0	0.01513704792899162	Kocak	permutation	
3220.0	0.0985527708620384	Kocak	permutation	
3221.0	0.008912181170124267	Kocak	permutation	
3222.0	0.0018828044782357445	Kocak	permutation	
3223.0	-0.06132400775567204	Kocak	permutation	
3224.0	0.03671136693816557	Kocak	permutation	
3225.0	0.11636103080591376	Kocak	permutation	
3226.0	0.04621763256280387	Kocak	permutation	
3227.0	0.009715508913155979	Kocak	permutation	
3228.0	-0.026251759416736853	Kocak	permutation	
3229.0	-0.018259361140334107	Kocak	permutation	
3230.0	0.08350924290159556	Kocak	permutation	
3231.0	-0.049106946676751306	Kocak	permutation	
3232.0	0.0125469611436273	Kocak	permutation	
3233.0	0.01832183003512	Kocak	permutation	
3234.0	0.0351114249282416	Kocak	permutation	
3235.0	-0.08958201568872193	Kocak	permutation	
3236.0	-0.14504889362936124	Kocak	permutation	
3237.0	-0.07572720878210859	Kocak	permutation	
3238.0	-0.11512069963938432	Kocak	permutation	
3239.0	0.15851689661158508	Kocak	permutation	
3240.0	0.08986606774643047	Kocak	permutation	
3241.0	0.006096783873799971	Kocak	permutation	
3242.0	0.16075899597444732	Kocak	permutation	
3243.0	0.13875935998070998	Kocak	permutation	
3244.0	0.10459367424020094	Kocak	permutation	
3245.0	-0.09766886363888005	Kocak	permutation	
3246.0	-0.04889768097071112	Kocak	permutation	
3247.0	-0.008005118923058774	Kocak	permutation	
3248.0	0.0761712056596946	Kocak	permutation	
3249.0	0.016559341617428114	Kocak	permutation	
3250.0	0.07969642157079049	Kocak	permutation	
3251.0	0.10664370496021958	Kocak	permutation	
3252.0	0.1845397057233953	Kocak	permutation	
3253.0	0.06405193611895799	Kocak	permutation	
3254.0	0.030145379639864522	Kocak	permutation	
3255.0	0.1315572181732083	Kocak	permutation	
3256.0	-0.13355255957129053	Kocak	permutation	
3257.0	0.00650739903381492	Kocak	permutation	
3258.0	-0.07637109758546679	Kocak	permutation	
3259.0	0.06881629903904729	Kocak	permutation	
3260.0	0.10983259858094918	Kocak	permutation	
3261.0	0.10979423627453455	Kocak	permutation	
3262.0	-0.07014871064023298	Kocak	permutation	
3263.0	-0.12742554123817662	Kocak	permutation	
3264.0	-0.055729534988548046	Kocak	permutation	
3265.0	0.12733641293832898	Kocak	permutation	
3266.0	-0.03212122535648909	Kocak	permutation	
3267.0	0.052285649877199525	Kocak	permutation	
3268.0	-0.04806790329301114	Kocak	permutation	
3269.0	-0.014327224016937645	Kocak	permutation	
3270.0	-0.03390171309945522	Kocak	permutation	
3271.0	0.03496909382861846	Kocak	permutation	
3272.0	-0.010703948841548794	Kocak	permutation	
3273.0	-0.057431581833697454	Kocak	permutation	
3274.0	-0.06840925081894333	Kocak	permutation	
3275.0	-0.15788558828311183	Kocak	permutation	
3276.0	0.018328929023729845	Kocak	permutation	
3277.0	0.0637942398619975	Kocak	permutation	
3278.0	-0.02889400313509327	Kocak	permutation	
3279.0	0.06747662140418598	Kocak	permutation	
3280.0	0.023820020642332018	Kocak	permutation	
3281.0	0.10691086714603593	Kocak	permutation	
3282.0	0.04033969308268581	Kocak	permutation	
3283.0	0.2600824908105759	Kocak	permutation	
3284.0	0.037230482596613435	Kocak	permutation	
3285.0	-0.013190478842474374	Kocak	permutation	
3286.0	0.017561549757526773	Kocak	permutation	
3287.0	-0.04717176914842103	Kocak	permutation	
3288.0	-0.049199644773819884	Kocak	permutation	
3289.0	-0.06063686990411998	Kocak	permutation	
3290.0	0.06045808434954747	Kocak	permutation	
3291.0	-0.16920832630668325	Kocak	permutation	
3292.0	-0.025665212464237364	Kocak	permutation	
3293.0	0.05162441635697412	Kocak	permutation	
3294.0	0.181049584126884	Kocak	permutation	
3295.0	0.04394649363358738	Kocak	permutation	
3296.0	0.15837457732347415	Kocak	permutation	
3297.0	-0.06646304236957778	Kocak	permutation	
3298.0	0.03053352487021943	Kocak	permutation	
3299.0	0.1906491522609417	Kocak	permutation	
3300.0	0.13377455437558083	Kocak	permutation	
3301.0	0.19790479612474066	Kocak	permutation	
3302.0	0.03922351540222735	Kocak	permutation	
3303.0	0.1253470895666311	Kocak	permutation	
3304.0	0.16185506796384264	Kocak	permutation	
3305.0	0.07941163385664884	Kocak	permutation	
3306.0	0.13712107097453297	Kocak	permutation	
3307.0	-0.18887759697210793	Kocak	permutation	
3308.0	0.05527122736748824	Kocak	permutation	
3309.0	-0.01290151575685794	Kocak	permutation	
3310.0	-0.014116933800858877	Kocak	permutation	
3311.0	-0.15185598861373073	Kocak	permutation	
3312.0	0.023947096678918367	Kocak	permutation	
3313.0	0.04751739707817526	Kocak	permutation	
3314.0	0.06689973190197884	Kocak	permutation	
3315.0	0.28308085587991894	Kocak	permutation	
3316.0	0.12302962554347863	Kocak	permutation	
3317.0	-0.0817847078019347	Kocak	permutation	
3318.0	0.06825828982604909	Kocak	permutation	
3319.0	-0.033860311873032956	Kocak	permutation	
3320.0	-0.24180411606570873	Kocak	permutation	
3321.0	-0.19631004960512355	Kocak	permutation	
3322.0	-0.09154359669725487	Kocak	permutation	
3323.0	0.05371443132795628	Kocak	permutation	
3324.0	-0.08727924156942901	Kocak	permutation	
3325.0	-0.011885690030901674	Kocak	permutation	
3326.0	0.11319541558243351	Kocak	permutation	
3327.0	-0.008823608848206987	Kocak	permutation	
3328.0	0.031668164039550195	Kocak	permutation	
3329.0	-0.08624284246922187	Kocak	permutation	
3330.0	-0.11823509459644432	Kocak	permutation	
3331.0	-0.0656084834229107	Kocak	permutation	
3332.0	0.04292073459624257	Kocak	permutation	
3333.0	0.17212851856136036	Kocak	permutation	
3334.0	-0.04573871672669094	Kocak	permutation	
3335.0	0.014254710879868071	Kocak	permutation	
3336.0	0.15543504040756861	Kocak	permutation	
3337.0	0.02484740275224384	Kocak	permutation	
3338.0	0.0438306966129951	Kocak	permutation	
3339.0	0.07548232183231107	Kocak	permutation	
3340.0	-0.1562191784959408	Kocak	permutation	
3341.0	-0.027099419692190096	Kocak	permutation	
3342.0	0.02105687784587751	Kocak	permutation	
3343.0	-0.13892899367773115	Kocak	permutation	
3344.0	-0.03157756901187625	Kocak	permutation	
3345.0	0.051925206346632446	Kocak	permutation	
3346.0	-0.012269842045584678	Kocak	permutation	
3347.0	-0.08324562585358208	Kocak	permutation	
3348.0	-0.035330026974688344	Kocak	permutation	
3349.0	-0.0449400650652092	Kocak	permutation	
3350.0	0.03748680138508176	Kocak	permutation	
3351.0	-0.032146370695144366	Kocak	permutation	
3352.0	0.06407451166848865	Kocak	permutation	
3353.0	0.07539961679307616	Kocak	permutation	
3354.0	-0.11145434761316819	Kocak	permutation	
3355.0	-0.09383569919881474	Kocak	permutation	
3356.0	0.19072804484396233	Kocak	permutation	
3357.0	0.191932528363564	Kocak	permutation	
3358.0	-0.17457965010405463	Kocak	permutation	
3359.0	0.07344269379483803	Kocak	permutation	
3360.0	0.00484125222457088	Kocak	permutation	
3361.0	0.051332568522792776	Kocak	permutation	
3362.0	-0.04526516374873335	Kocak	permutation	
3363.0	0.05674979149993398	Kocak	permutation	
3364.0	0.04611922558107073	Kocak	permutation	
3365.0	0.02478284239303452	Kocak	permutation	
3366.0	0.09909430634444139	Kocak	permutation	
3367.0	0.10462802000523208	Kocak	permutation	
3368.0	0.014993811233864118	Kocak	permutation	
3369.0	0.11523615706248069	Kocak	permutation	
3370.0	0.09357148030707796	Kocak	permutation	
3371.0	0.020501823750922465	Kocak	permutation	
3372.0	0.01388364410933951	Kocak	permutation	
3373.0	0.0949920664846613	Kocak	permutation	
3374.0	-0.17784653684081508	Kocak	permutation	
3375.0	0.005524590183342948	Kocak	permutation	
3376.0	0.05496666922936422	Kocak	permutation	
3377.0	0.06272707884325524	Kocak	permutation	
3378.0	0.05448302313723019	Kocak	permutation	
3379.0	0.05285111481734006	Kocak	permutation	
3380.0	-0.03184024385735951	Kocak	permutation	
3381.0	-0.0057615316608887746	Kocak	permutation	
3382.0	-0.037959185611652124	Kocak	permutation	
3383.0	-0.05733632815078904	Kocak	permutation	
3384.0	-0.09127106617829339	Kocak	permutation	
3385.0	0.1267039004782613	Kocak	permutation	
3386.0	0.21881265582975606	Kocak	permutation	
3387.0	0.02453817886819465	Kocak	permutation	
3388.0	-0.061356758206543294	Kocak	permutation	
3389.0	-0.07605252039829358	Kocak	permutation	
3390.0	-0.10513737701527148	Kocak	permutation	
3391.0	-0.013302835929515311	Kocak	permutation	
3392.0	-0.0290344632619548	Kocak	permutation	
3393.0	0.010620253223403875	Kocak	permutation	
3394.0	0.08720352316465618	Kocak	permutation	
3395.0	0.15305361338783952	Kocak	permutation	
3396.0	0.08654200759502384	Kocak	permutation	
3397.0	0.01708891004429569	Kocak	permutation	
3398.0	0.05941571190690054	Kocak	permutation	
3399.0	0.012176469750429852	Kocak	permutation	
3400.0	-0.14956172524825284	Kocak	permutation	
3401.0	-0.0563478202252905	Kocak	permutation	
3402.0	-0.17380951652966248	Kocak	permutation	
3403.0	0.1229519797637475	Kocak	permutation	
3404.0	0.1238387582936995	Kocak	permutation	
3405.0	0.16966974025725357	Kocak	permutation	
3406.0	0.014056513852866548	Kocak	permutation	
3407.0	0.09982431612763465	Kocak	permutation	
3408.0	-0.18029386376335	Kocak	permutation	
3409.0	0.05306177747522289	Kocak	permutation	
3410.0	0.0617697130983581	Kocak	permutation	
3411.0	0.09264260823080939	Kocak	permutation	
3412.0	-0.013653966221431446	Kocak	permutation	
3413.0	0.12658035923050281	Kocak	permutation	
3414.0	0.1939489700711836	Kocak	permutation	
3415.0	-0.09204983199842509	Kocak	permutation	
3416.0	0.07542997805583695	Kocak	permutation	
3417.0	0.03333660827333418	Kocak	permutation	
3418.0	0.10878549240114044	Kocak	permutation	
3419.0	0.07815750925816056	Kocak	permutation	
3420.0	0.051848119881823695	Kocak	permutation	
3421.0	0.04826319648286326	Kocak	permutation	
3422.0	0.17039064398452153	Kocak	permutation	
3423.0	0.17890419323662154	Kocak	permutation	
3424.0	0.05484380338993056	Kocak	permutation	
3425.0	-0.04821654235652506	Kocak	permutation	
3426.0	-0.14136950532448234	Kocak	permutation	
3427.0	-0.09368661646167364	Kocak	permutation	
3428.0	0.28426044971348174	Kocak	permutation	
3429.0	0.10210265951723274	Kocak	permutation	
3430.0	0.12153340039931715	Kocak	permutation	
3431.0	0.0487843030120807	Kocak	permutation	
3432.0	0.20355505655562878	Kocak	permutation	
3433.0	-0.08520022993927068	Kocak	permutation	
3434.0	-0.11676341728116624	Kocak	permutation	
3435.0	0.016818341684188276	Kocak	permutation	
3436.0	-0.1129916271490452	Kocak	permutation	
3437.0	-0.009741135718423166	Kocak	permutation	
3438.0	-0.13157921431205954	Kocak	permutation	
3439.0	-0.10951610579612892	Kocak	permutation	
3440.0	0.08178647612962253	Kocak	permutation	
3441.0	0.21905242376863843	Kocak	permutation	
3442.0	0.19564080316771015	Kocak	permutation	
3443.0	0.001276859158228394	Kocak	permutation	
3444.0	0.01976408637801219	Kocak	permutation	
3445.0	0.15652148786281694	Kocak	permutation	
3446.0	0.020586812859729076	Kocak	permutation	
3447.0	-0.05799991424622686	Kocak	permutation	
3448.0	0.03000148140009795	Kocak	permutation	
3449.0	-0.039471554177049395	Kocak	permutation	
3450.0	0.19537700639813682	Kocak	permutation	
3451.0	0.06346816013697998	Kocak	permutation	
3452.0	0.0710725291910288	Kocak	permutation	
3453.0	-0.0361765918594239	Kocak	permutation	
3454.0	0.06584483987627898	Kocak	permutation	
3455.0	-0.06953396274709878	Kocak	permutation	
3456.0	0.0936521629663245	Kocak	permutation	
3457.0	0.007844988818582976	Kocak	permutation	
3458.0	0.15742801999473777	Kocak	permutation	
3459.0	0.09643594862555505	Kocak	permutation	
3460.0	-0.016256883378947595	Kocak	permutation	
3461.0	-0.16118777945416518	Kocak	permutation	
3462.0	0.07034746643910506	Kocak	permutation	
3463.0	-0.00758910845768801	Kocak	permutation	
3464.0	0.04418539570179414	Kocak	permutation	
3465.0	-0.05270892059066146	Kocak	permutation	
3466.0	0.1268880325789965	Kocak	permutation	
3467.0	0.12241623963708603	Kocak	permutation	
3468.0	0.08967252227794464	Kocak	permutation	
3469.0	0.10390003050281083	Kocak	permutation	
3470.0	-0.001418421632110256	Kocak	permutation	
3471.0	0.05484823537895567	Kocak	permutation	
3472.0	-0.11998210886705962	Kocak	permutation	
3473.0	0.014645933612070117	Kocak	permutation	
3474.0	0.001736234827556693	Kocak	permutation	
3475.0	-0.09778547649812142	Kocak	permutation	
3476.0	-0.14222295425824427	Kocak	permutation	
3477.0	0.08466568873326752	Kocak	permutation	
3478.0	-0.021383814346224828	Kocak	permutation	
3479.0	0.030414537032159128	Kocak	permutation	
3480.0	-0.046477286699927234	Kocak	permutation	
3481.0	0.03723957520387433	Kocak	permutation	
3482.0	-0.10328451828806884	Kocak	permutation	
3483.0	0.18420313739598182	Kocak	permutation	
3484.0	-0.08064602052262204	Kocak	permutation	
3485.0	-0.007664771634223744	Kocak	permutation	
3486.0	-0.06030471488726974	Kocak	permutation	
3487.0	0.04527667382920164	Kocak	permutation	
3488.0	-0.12502186736467058	Kocak	permutation	
3489.0	0.06060389287675205	Kocak	permutation	
3490.0	0.04691810193027246	Kocak	permutation	
3491.0	-0.026925459389582684	Kocak	permutation	
3492.0	-0.12129048173164403	Kocak	permutation	
3493.0	-0.061135825599573757	Kocak	permutation	
3494.0	-0.03686223871674166	Kocak	permutation	
3495.0	-0.07366940840745606	Kocak	permutation	
3496.0	0.10689303474991352	Kocak	permutation	
3497.0	0.10703526207181246	Kocak	permutation	
3498.0	-0.18180832772160027	Kocak	permutation	
3499.0	-0.12370374712346122	Kocak	permutation	
3500.0	0.06219553247635945	Kocak	permutation	
3501.0	-0.04616991723662833	Kocak	permutation	
3502.0	-0.11675131948580342	Kocak	permutation	
3503.0	-0.237607493267336	Kocak	permutation	
3504.0	0.07669007343489032	Kocak	permutation	
3505.0	0.0075368505626074445	Kocak	permutation	
3506.0	0.028705413008168534	Kocak	permutation	
3507.0	0.08610196643486434	Kocak	permutation	
3508.0	0.054625690381458814	Kocak	permutation	
3509.0	0.10512140396806657	Kocak	permutation	
3510.0	-0.13498286701559525	Kocak	permutation	
3511.0	0.021623346364427753	Kocak	permutation	
3512.0	-0.009881812362102949	Kocak	permutation	
3513.0	0.013611603692513352	Kocak	permutation	
3514.0	0.08877272039788542	Kocak	permutation	
3515.0	0.02533111613597372	Kocak	permutation	
3516.0	0.005497255890144714	Kocak	permutation	
3517.0	-0.21285341324209694	Kocak	permutation	
3518.0	0.0005300062707207509	Kocak	permutation	
3519.0	0.21002664730147513	Kocak	permutation	
3520.0	0.11263976890358851	Kocak	permutation	
3521.0	0.10317966017240598	Kocak	permutation	
3522.0	-0.04575008711426465	Kocak	permutation	
3523.0	-0.13972735106219059	Kocak	permutation	
3524.0	0.0902481116493088	Kocak	permutation	
3525.0	0.034095993903548116	Kocak	permutation	
3526.0	0.1383419972715232	Kocak	permutation	
3527.0	0.07956289725206078	Kocak	permutation	
3528.0	0.23670625987294924	Kocak	permutation	
3529.0	0.09771869502256791	Kocak	permutation	
3530.0	0.16389242966567075	Kocak	permutation	
3531.0	-0.020900574121101023	Kocak	permutation	
3532.0	-0.1644956541416649	Kocak	permutation	
3533.0	-0.18357641618001264	Kocak	permutation	
3534.0	0.10050830137361766	Kocak	permutation	
3535.0	0.08692815005633436	Kocak	permutation	
3536.0	-0.040449469136282445	Kocak	permutation	
3537.0	-0.04201687782630659	Kocak	permutation	
3538.0	0.015940232146843147	Kocak	permutation	
3539.0	-0.04130010116561289	Kocak	permutation	
3540.0	0.15372625382356597	Kocak	permutation	
3541.0	-0.023803397930162173	Kocak	permutation	
3542.0	0.02784581349275994	Kocak	permutation	
3543.0	0.18114438546692258	Kocak	permutation	
3544.0	-0.20042965461912754	Kocak	permutation	
3545.0	0.01788811235576393	Kocak	permutation	
3546.0	0.04868242639746212	Kocak	permutation	
3547.0	0.002675061453484062	Kocak	permutation	
3548.0	0.12789640724867857	Kocak	permutation	
3549.0	-0.030717804283174832	Kocak	permutation	
3550.0	0.18139717958262613	Kocak	permutation	
3551.0	0.04546712092934779	Kocak	permutation	
3552.0	0.00811587138112424	Kocak	permutation	
3553.0	0.034504050791207774	Kocak	permutation	
3554.0	0.001451077953168678	Kocak	permutation	
3555.0	0.1362277380099033	Kocak	permutation	
3556.0	0.1399582106900601	Kocak	permutation	
3557.0	-0.20027834838872138	Kocak	permutation	
3558.0	0.052747324078931346	Kocak	permutation	
3559.0	0.12355632024519547	Kocak	permutation	
3560.0	-0.009341985930061192	Kocak	permutation	
3561.0	-0.15365641429190058	Kocak	permutation	
3562.0	-0.059539655551076986	Kocak	permutation	
3563.0	-0.11315605526308481	Kocak	permutation	
3564.0	0.11161586746761998	Kocak	permutation	
3565.0	0.06941332815066126	Kocak	permutation	
3566.0	-0.014076560499131752	Kocak	permutation	
3567.0	-0.04874353366734052	Kocak	permutation	
3568.0	0.0416072883658396	Kocak	permutation	
3569.0	0.0012094834132359011	Kocak	permutation	
3570.0	0.2885748288135064	Kocak	permutation	
3571.0	-0.0961670270341406	Kocak	permutation	
3572.0	0.024722328772371238	Kocak	permutation	
3573.0	-0.01255446584599973	Kocak	permutation	
3574.0	-0.17905199234725577	Kocak	permutation	
3575.0	0.023648283887628185	Kocak	permutation	
3576.0	-0.08008771917806756	Kocak	permutation	
3577.0	-0.027557747775205144	Kocak	permutation	
3578.0	0.015460580222006914	Kocak	permutation	
3579.0	0.1688486124656512	Kocak	permutation	
3580.0	0.2429875101048551	Kocak	permutation	
3581.0	-0.03168708206099291	Kocak	permutation	
3582.0	-0.03378829138904793	Kocak	permutation	
3583.0	-0.03768480697743026	Kocak	permutation	
3584.0	0.08768803769811218	Kocak	permutation	
3585.0	-0.13655815866743204	Kocak	permutation	
3586.0	-0.1178473687748296	Kocak	permutation	
3587.0	0.0324841217397851	Kocak	permutation	
3588.0	-0.09530809616745772	Kocak	permutation	
3589.0	-0.025972748733462225	Kocak	permutation	
3590.0	0.018172273500605574	Kocak	permutation	
3591.0	0.19107769683995146	Kocak	permutation	
3592.0	0.0021879671349820384	Kocak	permutation	
3593.0	0.05643329208868364	Kocak	permutation	
3594.0	-0.12977559990353393	Kocak	permutation	
3595.0	-0.018163091768978123	Kocak	permutation	
3596.0	-0.04869946925793567	Kocak	permutation	
3597.0	0.007199597706213368	Kocak	permutation	
3598.0	-0.2198840747485038	Kocak	permutation	
3599.0	0.04199104469971493	Kocak	permutation	
3600.0	0.08868643728950376	Kocak	permutation	
3601.0	-0.04948528004253028	Kocak	permutation	
3602.0	-0.031983028033435	Kocak	permutation	
3603.0	-0.11346702567583078	Kocak	permutation	
3604.0	-0.11486872658855818	Kocak	permutation	
3605.0	-0.11885427456634545	Kocak	permutation	
3606.0	-0.08492414014951777	Kocak	permutation	
3607.0	-0.07439143841109264	Kocak	permutation	
3608.0	0.09108503900060505	Kocak	permutation	
3609.0	0.044140708533222384	Kocak	permutation	
3610.0	-0.03889812606503629	Kocak	permutation	
3611.0	0.04547899166959235	Kocak	permutation	
3612.0	-0.002655042458818091	Kocak	permutation	
3613.0	0.0876302778533744	Kocak	permutation	
3614.0	0.16139912536952394	Kocak	permutation	
3615.0	0.11471648384922606	Kocak	permutation	
3616.0	-0.0589102658841969	Kocak	permutation	
3617.0	-0.02578733197967864	Kocak	permutation	
3618.0	0.07561151946208522	Kocak	permutation	
3619.0	0.029882444623016813	Kocak	permutation	
3620.0	-0.05004442769607209	Kocak	permutation	
3621.0	0.054061401981144286	Kocak	permutation	
3622.0	0.06404897083932948	Kocak	permutation	
3623.0	0.0921400960394454	Kocak	permutation	
3624.0	-0.03055639602427096	Kocak	permutation	
3625.0	-0.0032405479380850366	Kocak	permutation	
3626.0	0.031605455423830975	Kocak	permutation	
3627.0	0.08585472545807082	Kocak	permutation	
3628.0	0.19219482005987842	Kocak	permutation	
3629.0	-0.07667167347911485	Kocak	permutation	
3630.0	-0.015034218943374533	Kocak	permutation	
3631.0	0.08731442085953312	Kocak	permutation	
3632.0	0.19154327604292032	Kocak	permutation	
3633.0	0.18060687006292442	Kocak	permutation	
3634.0	-0.1286775742264039	Kocak	permutation	
3635.0	-0.09621577382902169	Kocak	permutation	
3636.0	0.11313237254432185	Kocak	permutation	
3637.0	0.2007110081845549	Kocak	permutation	
3638.0	0.055386479097775165	Kocak	permutation	
3639.0	0.1584212805759777	Kocak	permutation	
3640.0	0.083712509422321	Kocak	permutation	
3641.0	-0.0989654912181761	Kocak	permutation	
3642.0	0.05887371377848316	Kocak	permutation	
3643.0	-0.023465159126124124	Kocak	permutation	
3644.0	-0.022730129965998547	Kocak	permutation	
3645.0	0.03304150841984432	Kocak	permutation	
3646.0	-0.15047726857752863	Kocak	permutation	
3647.0	0.0030317808969604343	Kocak	permutation	
3648.0	-0.0005564260047861147	Kocak	permutation	
3649.0	0.01137740080506866	Kocak	permutation	
3650.0	-0.141679996513969	Kocak	permutation	
3651.0	-0.21112070175114983	Kocak	permutation	
3652.0	-0.19378574743366483	Kocak	permutation	
3653.0	-0.030790419586302686	Kocak	permutation	
3654.0	-0.0846350074162383	Kocak	permutation	
3655.0	-0.12498255018260895	Kocak	permutation	
3656.0	0.06931849159814085	Kocak	permutation	
3657.0	-0.1030681422046622	Kocak	permutation	
3658.0	-0.028953432129404266	Kocak	permutation	
3659.0	0.027681082232385634	Kocak	permutation	
3660.0	0.035627146827670764	Kocak	permutation	
3661.0	-0.051750837346550504	Kocak	permutation	
3662.0	0.09635497601904275	Kocak	permutation	
3663.0	-0.12424353561440205	Kocak	permutation	
3664.0	0.10592370348854496	Kocak	permutation	
3665.0	-0.020670320752567584	Kocak	permutation	
3666.0	-0.017916635853144847	Kocak	permutation	
3667.0	-0.043815470715630855	Kocak	permutation	
3668.0	-0.06268454191697481	Kocak	permutation	
3669.0	-0.03586533578490503	Kocak	permutation	
3670.0	0.03296621588481097	Kocak	permutation	
3671.0	-0.10787333578192726	Kocak	permutation	
3672.0	-0.07672044291540603	Kocak	permutation	
3673.0	-0.03894188871369275	Kocak	permutation	
3674.0	-0.0671633852570297	Kocak	permutation	
3675.0	0.17924552638260272	Kocak	permutation	
3676.0	0.052184257275343704	Kocak	permutation	
3677.0	-0.005878714958411191	Kocak	permutation	
3678.0	-0.015338343852462799	Kocak	permutation	
3679.0	-0.14612106369450073	Kocak	permutation	
3680.0	0.1252709426511811	Kocak	permutation	
3681.0	0.06721780157734791	Kocak	permutation	
3682.0	0.20659452119283062	Kocak	permutation	
3683.0	-0.0054411431610286165	Kocak	permutation	
3684.0	0.0840464621946917	Kocak	permutation	
3685.0	-0.06236188228674866	Kocak	permutation	
3686.0	0.12452574574273179	Kocak	permutation	
3687.0	0.10245098009970066	Kocak	permutation	
3688.0	0.11951881999653313	Kocak	permutation	
3689.0	-0.00945531438050784	Kocak	permutation	
3690.0	0.02927768462344993	Kocak	permutation	
3691.0	0.06276768779360964	Kocak	permutation	
3692.0	-0.05693569350291483	Kocak	permutation	
3693.0	0.08603226110587991	Kocak	permutation	
3694.0	-0.061948467376709004	Kocak	permutation	
3695.0	0.044602575388304366	Kocak	permutation	
3696.0	0.07877934237475337	Kocak	permutation	
3697.0	0.012249270384008248	Kocak	permutation	
3698.0	0.048038506950947024	Kocak	permutation	
3699.0	-0.1379676147816289	Kocak	permutation	
3700.0	0.12858803103648953	Kocak	permutation	
3701.0	-0.044540176927937214	Kocak	permutation	
3702.0	-0.012296034769344377	Kocak	permutation	
3703.0	0.07924656693400145	Kocak	permutation	
3704.0	-0.12266747139427192	Kocak	permutation	
3705.0	-0.04913929995091282	Kocak	permutation	
3706.0	0.012611395840963713	Kocak	permutation	
3707.0	-0.07330716736597953	Kocak	permutation	
3708.0	0.18521895939708433	Kocak	permutation	
3709.0	0.12488269870506663	Kocak	permutation	
3710.0	0.12193697122878033	Kocak	permutation	
3711.0	0.08460267992993575	Kocak	permutation	
3712.0	0.1369246641736126	Kocak	permutation	
3713.0	0.127939208644531	Kocak	permutation	
3714.0	-0.0242187555429223	Kocak	permutation	
3715.0	-0.0925376259422146	Kocak	permutation	
3716.0	-0.035928796260653595	Kocak	permutation	
3717.0	0.11952543094907186	Kocak	permutation	
3718.0	0.050813696977577205	Kocak	permutation	
3719.0	0.19046850588549358	Kocak	permutation	
3720.0	0.10180899961480572	Kocak	permutation	
3721.0	0.013202878975618226	Kocak	permutation	
3722.0	-0.03012563034937399	Kocak	permutation	
3723.0	-0.12354824584359347	Kocak	permutation	
3724.0	-0.08445058565707608	Kocak	permutation	
3725.0	0.1265355935054049	Kocak	permutation	
3726.0	0.11643308768744198	Kocak	permutation	
3727.0	0.0842731058422932	Kocak	permutation	
3728.0	0.10067733124462785	Kocak	permutation	
3729.0	-0.10669569654250122	Kocak	permutation	
3730.0	-0.08438413718241922	Kocak	permutation	
3731.0	0.0726881523468812	Kocak	permutation	
3732.0	-0.09627900193645544	Kocak	permutation	
3733.0	-0.09816518211879721	Kocak	permutation	
3734.0	-0.005112017026231541	Kocak	permutation	
3735.0	0.06740422477413288	Kocak	permutation	
3736.0	0.1479863323357824	Kocak	permutation	
3737.0	-0.04778601335340227	Kocak	permutation	
3738.0	0.20495604646742915	Kocak	permutation	
3739.0	-0.08870978345483582	Kocak	permutation	
3740.0	-0.23174392827660473	Kocak	permutation	
3741.0	-0.06146959654692674	Kocak	permutation	
3742.0	0.07784463126051167	Kocak	permutation	
3743.0	0.16509894382260493	Kocak	permutation	
3744.0	0.022377619271088722	Kocak	permutation	
3745.0	0.1222723120984095	Kocak	permutation	
3746.0	-0.021406847585833333	Kocak	permutation	
3747.0	0.021488319701148395	Kocak	permutation	
3748.0	-0.049684971921236	Kocak	permutation	
3749.0	-0.07618839213333839	Kocak	permutation	
3750.0	0.0035055432902857397	Kocak	permutation	
3751.0	-0.13843871819653586	Kocak	permutation	
3752.0	0.10753694877270048	Kocak	permutation	
3753.0	-0.10692346207242842	Kocak	permutation	
3754.0	0.051000929387889915	Kocak	permutation	
3755.0	-0.26412289883809104	Kocak	permutation	
3756.0	0.040375064080020895	Kocak	permutation	
3757.0	-0.09055946669170822	Kocak	permutation	
3758.0	-0.09784772146451326	Kocak	permutation	
3759.0	0.09936084065303197	Kocak	permutation	
3760.0	0.02255221772800642	Kocak	permutation	
3761.0	-0.007817531938000943	Kocak	permutation	
3762.0	-0.01036813359608102	Kocak	permutation	
3763.0	0.12684975337440063	Kocak	permutation	
3764.0	-0.04808052792109141	Kocak	permutation	
3765.0	0.03729631126021937	Kocak	permutation	
3766.0	0.15735882162961	Kocak	permutation	
3767.0	0.0006155006444430455	Kocak	permutation	
3768.0	0.04786577615435128	Kocak	permutation	
3769.0	0.05038594486207515	Kocak	permutation	
3770.0	0.10884132931672763	Kocak	permutation	
3771.0	-0.06474941469560225	Kocak	permutation	
3772.0	0.20368505449208696	Kocak	permutation	
3773.0	-0.050492138585821245	Kocak	permutation	
3774.0	0.21411565287726964	Kocak	permutation	
3775.0	0.14499014551527933	Kocak	permutation	
3776.0	0.21289787239239688	Kocak	permutation	
3777.0	-0.028188913047955122	Kocak	permutation	
3778.0	0.046013365827942465	Kocak	permutation	
3779.0	-0.04697459786525027	Kocak	permutation	
3780.0	0.0631846916078791	Kocak	permutation	
3781.0	-0.11926370039464596	Kocak	permutation	
3782.0	0.057450188466294794	Kocak	permutation	
3783.0	0.1138161773562909	Kocak	permutation	
3784.0	-0.027592738005731476	Kocak	permutation	
3785.0	0.072602103547311	Kocak	permutation	
3786.0	-0.13950400321031564	Kocak	permutation	
3787.0	0.01627317846053078	Kocak	permutation	
3788.0	-0.013720802041475633	Kocak	permutation	
3789.0	0.08537466860307807	Kocak	permutation	
3790.0	0.1041232954622755	Kocak	permutation	
3791.0	0.06325028710099989	Kocak	permutation	
3792.0	0.09654985490882328	Kocak	permutation	
3793.0	0.05939492966536575	Kocak	permutation	
3794.0	0.1776010920954465	Kocak	permutation	
3795.0	0.06291628973914554	Kocak	permutation	
3796.0	-0.15648648814012978	Kocak	permutation	
3797.0	-0.22879132538978553	Kocak	permutation	
3798.0	-0.0930394567722308	Kocak	permutation	
3799.0	-0.09225683824653697	Kocak	permutation	
3800.0	-0.11417467864242381	Kocak	permutation	
3801.0	0.08227674398784712	Kocak	permutation	
3802.0	-0.014574486546905963	Kocak	permutation	
3803.0	0.20876241380156157	Kocak	permutation	
3804.0	0.16702626447103297	Kocak	permutation	
3805.0	0.23558679557444595	Kocak	permutation	
3806.0	0.08890812660840686	Kocak	permutation	
3807.0	-0.07769749051906416	Kocak	permutation	
3808.0	0.012902483340970772	Kocak	permutation	
3809.0	0.03446486507170832	Kocak	permutation	
3810.0	0.11671807478018881	Kocak	permutation	
3811.0	-0.10610352076996943	Kocak	permutation	
3812.0	-0.054973841603321194	Kocak	permutation	
3813.0	0.07744665530371231	Kocak	permutation	
3814.0	-0.02016604634327157	Kocak	permutation	
3815.0	0.09506168359442135	Kocak	permutation	
3816.0	0.10714939471760276	Kocak	permutation	
3817.0	0.2144876643381326	Kocak	permutation	
3818.0	0.18182061401449445	Kocak	permutation	
3819.0	-0.12419769400134406	Kocak	permutation	
3820.0	-0.028865317654263922	Kocak	permutation	
3821.0	0.08588724104826762	Kocak	permutation	
3822.0	-0.02677133441509394	Kocak	permutation	
3823.0	0.06943548046806303	Kocak	permutation	
3824.0	0.0689075288982024	Kocak	permutation	
3825.0	-0.0878926377028928	Kocak	permutation	
3826.0	-0.045215462434751164	Kocak	permutation	
3827.0	0.06704135265180389	Kocak	permutation	
3828.0	-0.06022887606592242	Kocak	permutation	
3829.0	0.11184971082006578	Kocak	permutation	
3830.0	0.10166495700702205	Kocak	permutation	
3831.0	0.13183999689283166	Kocak	permutation	
3832.0	0.11605112349131286	Kocak	permutation	
3833.0	-0.015913575827455784	Kocak	permutation	
3834.0	0.04224481499204513	Kocak	permutation	
3835.0	-0.10585730523344328	Kocak	permutation	
3836.0	0.11422924164861215	Kocak	permutation	
3837.0	-0.0019379628563727103	Kocak	permutation	
3838.0	0.0754910450981292	Kocak	permutation	
3839.0	-0.07838866114146548	Kocak	permutation	
3840.0	0.060381529179606375	Kocak	permutation	
3841.0	-0.030080660249234725	Kocak	permutation	
3842.0	-0.014878175872832244	Kocak	permutation	
3843.0	0.02176653338804657	Kocak	permutation	
3844.0	0.08990977643709508	Kocak	permutation	
3845.0	-0.07507186751663353	Kocak	permutation	
3846.0	-0.01113931240293331	Kocak	permutation	
3847.0	0.016958280255117586	Kocak	permutation	
3848.0	-0.06797628339157002	Kocak	permutation	
3849.0	0.11292120399314243	Kocak	permutation	
3850.0	0.033956483288585915	Kocak	permutation	
3851.0	0.037981659321348005	Kocak	permutation	
3852.0	0.10261937389637366	Kocak	permutation	
3853.0	-0.082485508787697	Kocak	permutation	
3854.0	-0.016138472484156452	Kocak	permutation	
3855.0	-0.14014535205092526	Kocak	permutation	
3856.0	0.13286030283934114	Kocak	permutation	
3857.0	0.0878732563367306	Kocak	permutation	
3858.0	-0.021303975724562996	Kocak	permutation	
3859.0	-0.12032438703617032	Kocak	permutation	
3860.0	0.008250171479728952	Kocak	permutation	
3861.0	-0.09336047700209038	Kocak	permutation	
3862.0	0.039284166391274855	Kocak	permutation	
3863.0	0.03301163300303722	Kocak	permutation	
3864.0	0.124839669718106	Kocak	permutation	
3865.0	-0.24351943193244718	Kocak	permutation	
3866.0	-0.05719740458225964	Kocak	permutation	
3867.0	-0.05731084847935852	Kocak	permutation	
3868.0	-0.10791449439675338	Kocak	permutation	
3869.0	-0.07047117708119499	Kocak	permutation	
3870.0	0.15806097939760466	Kocak	permutation	
3871.0	-0.23921515439985397	Kocak	permutation	
3872.0	0.1432838705805244	Kocak	permutation	
3873.0	-0.11805880209310704	Kocak	permutation	
3874.0	0.04838677256667445	Kocak	permutation	
3875.0	0.0031751263196424517	Kocak	permutation	
3876.0	-0.13285081104541163	Kocak	permutation	
3877.0	-0.17180036679354949	Kocak	permutation	
3878.0	0.011931165322447868	Kocak	permutation	
3879.0	0.0668096811023684	Kocak	permutation	
3880.0	-0.026827922760106926	Kocak	permutation	
3881.0	-0.008778162523316979	Kocak	permutation	
3882.0	-0.0692862229160407	Kocak	permutation	
3883.0	0.013594653804735124	Kocak	permutation	
3884.0	-0.004537693733498216	Kocak	permutation	
3885.0	0.0028080762100808343	Kocak	permutation	
3886.0	0.11795867312346653	Kocak	permutation	
3887.0	-0.014606402670430896	Kocak	permutation	
3888.0	0.04935794928404924	Kocak	permutation	
3889.0	0.1577334331225062	Kocak	permutation	
3890.0	0.03385199235893621	Kocak	permutation	
3891.0	0.039195147952508336	Kocak	permutation	
3892.0	-0.11406763978567458	Kocak	permutation	
3893.0	0.06808291382158194	Kocak	permutation	
3894.0	0.052167457259580274	Kocak	permutation	
3895.0	0.015333942007616397	Kocak	permutation	
3896.0	-0.12553938732465886	Kocak	permutation	
3897.0	-0.006868355214832089	Kocak	permutation	
3898.0	-0.012658381142130803	Kocak	permutation	
3899.0	0.024240887711395764	Kocak	permutation	
3900.0	0.010977921131730461	Kocak	permutation	
3901.0	0.009887198446780765	Kocak	permutation	
3902.0	-0.041901313025463516	Kocak	permutation	
3903.0	0.04510377927783349	Kocak	permutation	
3904.0	0.11569175794708553	Kocak	permutation	
3905.0	0.04559819747152494	Kocak	permutation	
3906.0	-0.012352715985756824	Kocak	permutation	
3907.0	-0.11413433535503881	Kocak	permutation	
3908.0	0.04864444675622215	Kocak	permutation	
3909.0	0.12723708492723818	Kocak	permutation	
3910.0	-0.039152235166308724	Kocak	permutation	
3911.0	0.03768685297967256	Kocak	permutation	
3912.0	-0.10560169515649731	Kocak	permutation	
3913.0	-0.01815058836890815	Kocak	permutation	
3914.0	0.007638555886507525	Kocak	permutation	
3915.0	0.18605893805346785	Kocak	permutation	
3916.0	-0.11679134180856865	Kocak	permutation	
3917.0	0.04671084196745934	Kocak	permutation	
3918.0	0.06130186136734439	Kocak	permutation	
3919.0	-0.06269547125060893	Kocak	permutation	
3920.0	0.003899658115799731	Kocak	permutation	
3921.0	0.18751074867811157	Kocak	permutation	
3922.0	0.1626134573947473	Kocak	permutation	
3923.0	0.24223021090057362	Kocak	permutation	
3924.0	-0.013736853479423772	Kocak	permutation	
3925.0	-0.20008966145958862	Kocak	permutation	
3926.0	0.013159577467780625	Kocak	permutation	
3927.0	0.048182114911614615	Kocak	permutation	
3928.0	0.016115983743313578	Kocak	permutation	
3929.0	0.015115568703233162	Kocak	permutation	
3930.0	0.19813949596215075	Kocak	permutation	
3931.0	0.16510887002125685	Kocak	permutation	
3932.0	0.08742835037956809	Kocak	permutation	
3933.0	-0.2186625702919187	Kocak	permutation	
3934.0	-0.12054366548069462	Kocak	permutation	
3935.0	0.054990615064136605	Kocak	permutation	
3936.0	-0.0019033741887741762	Kocak	permutation	
3937.0	-0.026627626801992044	Kocak	permutation	
3938.0	-0.022780623804611988	Kocak	permutation	
3939.0	0.04366797517241716	Kocak	permutation	
3940.0	-0.021831160234659475	Kocak	permutation	
3941.0	0.16634994893182897	Kocak	permutation	
3942.0	0.06138662423120378	Kocak	permutation	
3943.0	-0.06010325745287037	Kocak	permutation	
3944.0	-0.0026347186947779377	Kocak	permutation	
3945.0	-0.037260203987551144	Kocak	permutation	
3946.0	-0.05630559681128311	Kocak	permutation	
3947.0	0.10475272344549946	Kocak	permutation	
3948.0	-0.012766018681049207	Kocak	permutation	
3949.0	0.12027862694579428	Kocak	permutation	
3950.0	-0.09144335789703062	Kocak	permutation	
3951.0	-0.004983816415356834	Kocak	permutation	
3952.0	0.13091692064285354	Kocak	permutation	
3953.0	0.038036402878299125	Kocak	permutation	
3954.0	0.10109735568329681	Kocak	permutation	
3955.0	0.32637720662420344	Kocak	permutation	
3956.0	-0.0794946191875665	Kocak	permutation	
3957.0	-0.021465331963553602	Kocak	permutation	
3958.0	-0.056492361995556184	Kocak	permutation	
3959.0	0.040048005623758876	Kocak	permutation	
3960.0	0.058267378473745524	Kocak	permutation	
3961.0	0.07692176483193913	Kocak	permutation	
3962.0	0.09992655056487054	Kocak	permutation	
3963.0	-0.09813951745882177	Kocak	permutation	
3964.0	0.03021849870768545	Kocak	permutation	
3965.0	0.06828581131192868	Kocak	permutation	
3966.0	0.08292206708905558	Kocak	permutation	
3967.0	0.12347814025913584	Kocak	permutation	
3968.0	0.07565394113083812	Kocak	permutation	
3969.0	0.17187230287656385	Kocak	permutation	
3970.0	0.12555446513945778	Kocak	permutation	
3971.0	-0.054087246644178855	Kocak	permutation	
3972.0	-0.21197837746073356	Kocak	permutation	
3973.0	0.09112522023875913	Kocak	permutation	
3974.0	-0.010135004698384353	Kocak	permutation	
3975.0	-0.08222654839755705	Kocak	permutation	
3976.0	-0.09854774562882884	Kocak	permutation	
3977.0	0.19071860123757256	Kocak	permutation	
3978.0	-0.08263883006954309	Kocak	permutation	
3979.0	-0.07448229141048657	Kocak	permutation	
3980.0	-0.05057739482171497	Kocak	permutation	
3981.0	-0.02427543756756645	Kocak	permutation	
3982.0	-0.18881658344733987	Kocak	permutation	
3983.0	0.132416376945097	Kocak	permutation	
3984.0	-0.12130812322485873	Kocak	permutation	
3985.0	-0.023786519456337363	Kocak	permutation	
3986.0	-0.036676667682339126	Kocak	permutation	
3987.0	-0.013829544338857858	Kocak	permutation	
3988.0	0.08259650803639529	Kocak	permutation	
3989.0	-0.0559734215306964	Kocak	permutation	
3990.0	-0.025725754388078226	Kocak	permutation	
3991.0	0.06445579445853644	Kocak	permutation	
3992.0	0.18730818627843293	Kocak	permutation	
3993.0	-0.081745354325093	Kocak	permutation	
3994.0	-0.03560547408184611	Kocak	permutation	
3995.0	-0.02584671853130427	Kocak	permutation	
3996.0	0.08145830450488756	Kocak	permutation	
3997.0	-0.1250183133056928	Kocak	permutation	
3998.0	-0.023945189065023964	Kocak	permutation	
3999.0	-0.05660173194834872	Kocak	permutation	
4000.0	0.002910732809322525	Kocak	permutation	
4001.0	-0.04276201626609888	Kocak	permutation	
4002.0	0.061685442138062374	Kocak	permutation	
4003.0	0.14012941406026247	Kocak	permutation	
4004.0	0.07648460713928662	Kocak	permutation	
4005.0	0.15718543883642733	Kocak	permutation	
4006.0	0.09163976106845872	Kocak	permutation	
4007.0	-0.025439039656926177	Kocak	permutation	
4008.0	0.06939689864650633	Kocak	permutation	
4009.0	-0.1633706429771835	Kocak	permutation	
4010.0	0.012959078984273287	Kocak	permutation	
4011.0	-0.0059632500574018366	Kocak	permutation	
4012.0	0.10224101494490334	Kocak	permutation	
4013.0	0.034593304513039325	Kocak	permutation	
4014.0	-0.09944141924070005	Kocak	permutation	
4015.0	0.021387131757315103	Kocak	permutation	
4016.0	0.029998450188004178	Kocak	permutation	
4017.0	0.058016702260847985	Kocak	permutation	
4018.0	0.02136710383965168	Kocak	permutation	
4019.0	-0.1290072834512732	Kocak	permutation	
4020.0	0.1806724371138997	Kocak	permutation	
4021.0	0.008549434869173922	Kocak	permutation	
4022.0	-0.13182942090744643	Kocak	permutation	
4023.0	-0.12313073018371812	Kocak	permutation	
4024.0	0.02505301398122306	Kocak	permutation	
4025.0	0.12915284210839495	Kocak	permutation	
4026.0	-0.014578032432361443	Kocak	permutation	
4027.0	-0.01570512552569081	Kocak	permutation	
4028.0	0.056120942331500334	Kocak	permutation	
4029.0	0.21056069943103806	Kocak	permutation	
4030.0	-0.03837777964979372	Kocak	permutation	
4031.0	-0.11411902732382684	Kocak	permutation	
4032.0	0.15318249017935148	Kocak	permutation	
4033.0	0.07978816554490731	Kocak	permutation	
4034.0	-0.13624880948611162	Kocak	permutation	
4035.0	-0.09695851184694027	Kocak	permutation	
4036.0	0.10506724540211998	Kocak	permutation	
4037.0	0.04540185130631036	Kocak	permutation	
4038.0	-0.2203937261826181	Kocak	permutation	
4039.0	-0.0154460161037564	Kocak	permutation	
4040.0	0.06469100778082337	Kocak	permutation	
4041.0	-0.030653826881176904	Kocak	permutation	
4042.0	0.1263713219661322	Kocak	permutation	
4043.0	0.07535619111308245	Kocak	permutation	
4044.0	-0.015416156597758857	Kocak	permutation	
4045.0	0.15587780934897966	Kocak	permutation	
4046.0	0.02025289335734426	Kocak	permutation	
4047.0	-0.08626615227177137	Kocak	permutation	
4048.0	-0.029781622376849892	Kocak	permutation	
4049.0	0.047648697878201585	Kocak	permutation	
4050.0	0.031764816308204935	Kocak	permutation	
4051.0	-0.051356061345347204	Kocak	permutation	
4052.0	0.11339751792713182	Kocak	permutation	
4053.0	-0.0599007714546973	Kocak	permutation	
4054.0	0.006102517703593158	Kocak	permutation	
4055.0	0.09025288263929498	Kocak	permutation	
4056.0	0.008575309711711387	Kocak	permutation	
4057.0	-0.018025080301582008	Kocak	permutation	
4058.0	0.006158814511850519	Kocak	permutation	
4059.0	-0.02715727137605395	Kocak	permutation	
4060.0	-0.05782387244263765	Kocak	permutation	
4061.0	0.16082338047781564	Kocak	permutation	
4062.0	-0.03350227052720234	Kocak	permutation	
4063.0	0.01799635252901277	Kocak	permutation	
4064.0	0.060696673385192135	Kocak	permutation	
4065.0	0.04196152505020212	Kocak	permutation	
4066.0	0.102611842030087	Kocak	permutation	
4067.0	-0.01731626576137213	Kocak	permutation	
4068.0	0.1185217922235009	Kocak	permutation	
4069.0	0.012250920700471735	Kocak	permutation	
4070.0	-0.06164425890406333	Kocak	permutation	
4071.0	-0.011391309061455246	Kocak	permutation	
4072.0	-0.14261022457087824	Kocak	permutation	
4073.0	-0.10653118907676307	Kocak	permutation	
4074.0	-0.05858851070517934	Kocak	permutation	
4075.0	0.17208996365856022	Kocak	permutation	
4076.0	-0.02280767937697714	Kocak	permutation	
4077.0	0.013072528583814691	Kocak	permutation	
4078.0	0.11077883498961283	Kocak	permutation	
4079.0	0.12200985592424018	Kocak	permutation	
4080.0	0.008953655631411372	Kocak	permutation	
4081.0	-0.0197217347539822	Kocak	permutation	
4082.0	-0.049153638728875126	Kocak	permutation	
4083.0	0.1225171967183174	Kocak	permutation	
4084.0	-0.028025515660302425	Kocak	permutation	
4085.0	0.11563859645955121	Kocak	permutation	
4086.0	0.09126810874515012	Kocak	permutation	
4087.0	0.011062259452419454	Kocak	permutation	
4088.0	-0.08301331413113333	Kocak	permutation	
4089.0	0.08297533926637124	Kocak	permutation	
4090.0	0.09312501281859431	Kocak	permutation	
4091.0	0.005926568893695805	Kocak	permutation	
4092.0	0.03498953140773464	Kocak	permutation	
4093.0	-0.07713403834374155	Kocak	permutation	
4094.0	-0.15491189893315482	Kocak	permutation	
4095.0	0.09570889914310188	Kocak	permutation	
4096.0	0.10087228142166182	Kocak	permutation	
4097.0	0.02783337305638023	Kocak	permutation	
4098.0	-0.07852574578580596	Kocak	permutation	
4099.0	0.2156074975515332	Kocak	permutation	
4100.0	0.11129663527761746	Kocak	permutation	
4101.0	0.07166023175873448	Kocak	permutation	
4102.0	-0.14311122658509845	Kocak	permutation	
4103.0	-0.11008366856915686	Kocak	permutation	
4104.0	-0.05120855198278296	Kocak	permutation	
4105.0	-0.2359066369103613	Kocak	permutation	
4106.0	0.13560844608051292	Kocak	permutation	
4107.0	0.040931351299839935	Kocak	permutation	
4108.0	0.13866354546808557	Kocak	permutation	
4109.0	-0.013934254636113863	Kocak	permutation	
4110.0	0.019181997201658252	Kocak	permutation	
4111.0	-0.1065974846315827	Kocak	permutation	
4112.0	-0.02694370122131806	Kocak	permutation	
4113.0	-0.15884183155209586	Kocak	permutation	
4114.0	0.011898532796648098	Kocak	permutation	
4115.0	0.10730314565387511	Kocak	permutation	
4116.0	0.1729574759450423	Kocak	permutation	
4117.0	0.2023394340908049	Kocak	permutation	
4118.0	-0.011534040034498538	Kocak	permutation	
4119.0	0.11467185929803358	Kocak	permutation	
4120.0	0.08585699547863745	Kocak	permutation	
4121.0	0.18715139614521004	Kocak	permutation	
4122.0	0.07872122784510349	Kocak	permutation	
4123.0	-0.07867055889142538	Kocak	permutation	
4124.0	-0.23906342743753228	Kocak	permutation	
4125.0	0.02677873433873401	Kocak	permutation	
4126.0	0.04177236724151179	Kocak	permutation	
4127.0	-0.0532364146808435	Kocak	permutation	
4128.0	0.005847866877398911	Kocak	permutation	
4129.0	0.05820824798715174	Kocak	permutation	
4130.0	0.019839462900071325	Kocak	permutation	
4131.0	-0.07986694195026534	Kocak	permutation	
4132.0	0.15571387257478664	Kocak	permutation	
4133.0	0.05830038834467288	Kocak	permutation	
4134.0	-0.07755472775289407	Kocak	permutation	
4135.0	0.038688172493058115	Kocak	permutation	
4136.0	0.1309514016558877	Kocak	permutation	
4137.0	-0.06764741523856	Kocak	permutation	
4138.0	0.0863029876976924	Kocak	permutation	
4139.0	0.30456910498114587	Kocak	permutation	
4140.0	-0.024962995348230432	Kocak	permutation	
4141.0	-0.11397504845164441	Kocak	permutation	
4142.0	-0.12380793900369413	Kocak	permutation	
4143.0	0.17040789546998214	Kocak	permutation	
4144.0	-0.02611542857516236	Kocak	permutation	
4145.0	0.09525256751836109	Kocak	permutation	
4146.0	-0.1435756107951902	Kocak	permutation	
4147.0	-0.12201772705975511	Kocak	permutation	
4148.0	-0.13435550676925123	Kocak	permutation	
4149.0	0.03198375048115709	Kocak	permutation	
4150.0	0.014432890591633107	Kocak	permutation	
4151.0	0.05186920132280104	Kocak	permutation	
4152.0	-0.06261552155294225	Kocak	permutation	
4153.0	0.08748153184400076	Kocak	permutation	
4154.0	0.13046054910535076	Kocak	permutation	
4155.0	0.12304627688886471	Kocak	permutation	
4156.0	-0.0769125299652238	Kocak	permutation	
4157.0	0.04762224943483595	Kocak	permutation	
4158.0	-0.05279581041327486	Kocak	permutation	
4159.0	0.27262265842324185	Kocak	permutation	
4160.0	0.026773199994995167	Kocak	permutation	
4161.0	0.11356418375992838	Kocak	permutation	
4162.0	-0.039779776651749366	Kocak	permutation	
4163.0	-0.28945384572620725	Kocak	permutation	
4164.0	0.051344216853419944	Kocak	permutation	
4165.0	-0.032830336937631266	Kocak	permutation	
4166.0	-0.03819067597626713	Kocak	permutation	
4167.0	0.09285909665862357	Kocak	permutation	
4168.0	0.18248355670510374	Kocak	permutation	
4169.0	0.1999870251698712	Kocak	permutation	
4170.0	0.047779745991816114	Kocak	permutation	
4171.0	-0.058655476625289804	Kocak	permutation	
4172.0	0.21897987223721538	Kocak	permutation	
4173.0	0.06501093550481007	Kocak	permutation	
4174.0	0.04085430624404829	Kocak	permutation	
4175.0	0.11058768735965918	Kocak	permutation	
4176.0	-0.019628162114913472	Kocak	permutation	
4177.0	-0.17886938424050935	Kocak	permutation	
4178.0	0.03260915650318319	Kocak	permutation	
4179.0	-0.031801634747020024	Kocak	permutation	
4180.0	-0.11797443895764292	Kocak	permutation	
4181.0	0.1608780387291766	Kocak	permutation	
4182.0	0.05613104552600401	Kocak	permutation	
4183.0	-0.03517659287219832	Kocak	permutation	
4184.0	0.050894903894732835	Kocak	permutation	
4185.0	0.14133652275509467	Kocak	permutation	
4186.0	0.13409150104117185	Kocak	permutation	
4187.0	-0.07278091101396367	Kocak	permutation	
4188.0	-0.015050456238395515	Kocak	permutation	
4189.0	-0.011379922865619285	Kocak	permutation	
4190.0	-0.13442146821822343	Kocak	permutation	
4191.0	-0.09797019790029671	Kocak	permutation	
4192.0	0.03553864013611685	Kocak	permutation	
4193.0	0.10830801088549569	Kocak	permutation	
4194.0	-0.06523696442234916	Kocak	permutation	
4195.0	-0.0326673995025466	Kocak	permutation	
4196.0	0.11596857782856462	Kocak	permutation	
4197.0	0.0292719458904811	Kocak	permutation	
4198.0	0.10519069993312069	Kocak	permutation	
4199.0	-0.03974627367884098	Kocak	permutation	
4200.0	-0.13902442013892413	Kocak	permutation	
4201.0	-0.08355450688928112	Kocak	permutation	
4202.0	-0.06393465986892988	Kocak	permutation	
4203.0	0.014427356475465558	Kocak	permutation	
4204.0	-0.004420005392659299	Kocak	permutation	
4205.0	-0.0985233958806564	Kocak	permutation	
4206.0	-0.06959129008172704	Kocak	permutation	
4207.0	0.12607992544115243	Kocak	permutation	
4208.0	0.04327294089502631	Kocak	permutation	
4209.0	-0.0009805506137938735	Kocak	permutation	
4210.0	-0.10719059752171356	Kocak	permutation	
4211.0	-0.02951487288911725	Kocak	permutation	
4212.0	0.07216426953452704	Kocak	permutation	
4213.0	0.10334858199113262	Kocak	permutation	
4214.0	0.030102978938616687	Kocak	permutation	
4215.0	-0.07270554306053079	Kocak	permutation	
4216.0	-0.01856451711006546	Kocak	permutation	
4217.0	0.2551232896529658	Kocak	permutation	
4218.0	0.034285406040504895	Kocak	permutation	
4219.0	0.014870853913594217	Kocak	permutation	
4220.0	-0.03630247506566997	Kocak	permutation	
4221.0	-0.07887333719510181	Kocak	permutation	
4222.0	0.043834928467177736	Kocak	permutation	
4223.0	-0.01611415687971185	Kocak	permutation	
4224.0	0.17822396470188773	Kocak	permutation	
4225.0	0.021324282302050523	Kocak	permutation	
4226.0	0.13305530810118116	Kocak	permutation	
4227.0	0.0012093856066375253	Kocak	permutation	
4228.0	0.07203329453475682	Kocak	permutation	
4229.0	-0.039952083614561484	Kocak	permutation	
4230.0	-0.03049401401705243	Kocak	permutation	
4231.0	-0.02466949717569511	Kocak	permutation	
4232.0	0.009112105471499543	Kocak	permutation	
4233.0	0.013043889638593154	Kocak	permutation	
4234.0	0.04537299839933695	Kocak	permutation	
4235.0	0.02831834658192456	Kocak	permutation	
4236.0	-0.08204520512433255	Kocak	permutation	
4237.0	0.04545157856543813	Kocak	permutation	
4238.0	0.09324304033492625	Kocak	permutation	
4239.0	0.014607705921507286	Kocak	permutation	
4240.0	-0.10280201511689313	Kocak	permutation	
4241.0	0.11618264139604229	Kocak	permutation	
4242.0	-0.08844722594522292	Kocak	permutation	
4243.0	-0.14803251039259724	Kocak	permutation	
4244.0	0.05316387944094014	Kocak	permutation	
4245.0	-0.06510906558112861	Kocak	permutation	
4246.0	0.1843880668068163	Kocak	permutation	
4247.0	-0.00815024912202178	Kocak	permutation	
4248.0	0.058104324266974317	Kocak	permutation	
4249.0	0.04450454466895959	Kocak	permutation	
4250.0	0.03178698645381317	Kocak	permutation	
4251.0	0.12863761642674287	Kocak	permutation	
4252.0	0.04192481275577897	Kocak	permutation	
4253.0	-0.11638998676573609	Kocak	permutation	
4254.0	0.1807294094259908	Kocak	permutation	
4255.0	-0.07252503618052542	Kocak	permutation	
4256.0	0.12877390240724695	Kocak	permutation	
4257.0	0.03736285109939752	Kocak	permutation	
4258.0	0.014644857125221566	Kocak	permutation	
4259.0	-0.07319353786042582	Kocak	permutation	
4260.0	-0.0470363570667387	Kocak	permutation	
4261.0	0.07848365334127338	Kocak	permutation	
4262.0	0.0005279990759738951	Kocak	permutation	
4263.0	0.03820216661568976	Kocak	permutation	
4264.0	0.024567969832311576	Kocak	permutation	
4265.0	0.08792660313064626	Kocak	permutation	
4266.0	0.11201733346890563	Kocak	permutation	
4267.0	-0.0879257499653936	Kocak	permutation	
4268.0	0.15346185625841446	Kocak	permutation	
4269.0	-0.07001655543799368	Kocak	permutation	
4270.0	-0.07231395192307133	Kocak	permutation	
4271.0	0.16009020065184254	Kocak	permutation	
4272.0	-0.06323992445957449	Kocak	permutation	
4273.0	-0.14735750857814178	Kocak	permutation	
4274.0	0.0459965821106727	Kocak	permutation	
4275.0	0.10732820869323279	Kocak	permutation	
4276.0	0.008861942767077302	Kocak	permutation	
4277.0	0.13122359451887222	Kocak	permutation	
4278.0	0.22511453309241602	Kocak	permutation	
4279.0	0.11765117698989602	Kocak	permutation	
4280.0	-0.08096270235146097	Kocak	permutation	
4281.0	0.040477668268458	Kocak	permutation	
4282.0	-0.004293930911989374	Kocak	permutation	
4283.0	0.08165351290288925	Kocak	permutation	
4284.0	-0.15559891351786348	Kocak	permutation	
4285.0	0.044129664196776996	Kocak	permutation	
4286.0	0.08897380157274082	Kocak	permutation	
4287.0	0.06234526840792487	Kocak	permutation	
4288.0	-0.010459360348515023	Kocak	permutation	
4289.0	-0.0013511548944005192	Kocak	permutation	
4290.0	-0.03974560794789106	Kocak	permutation	
4291.0	0.19427785737817027	Kocak	permutation	
4292.0	-0.03960123043981545	Kocak	permutation	
4293.0	-0.057867601080595854	Kocak	permutation	
4294.0	0.0310378652731349	Kocak	permutation	
4295.0	0.05297442938231667	Kocak	permutation	
4296.0	0.08390460220125417	Kocak	permutation	
4297.0	-0.07590535625092709	Kocak	permutation	
4298.0	0.002796391984228652	Kocak	permutation	
4299.0	-0.05933950772812224	Kocak	permutation	
4300.0	-0.01912374146922069	Kocak	permutation	
4301.0	-0.0385624600019403	Kocak	permutation	
4302.0	-0.03624676253092485	Kocak	permutation	
4303.0	0.0541833000936065	Kocak	permutation	
4304.0	0.03791299625495004	Kocak	permutation	
4305.0	0.010808064763881298	Kocak	permutation	
4306.0	-0.00036869399662098346	Kocak	permutation	
4307.0	-0.12125640468967447	Kocak	permutation	
4308.0	-0.054107783468830384	Kocak	permutation	
4309.0	0.08986178318490223	Kocak	permutation	
4310.0	0.009245344111682208	Kocak	permutation	
4311.0	0.12477230365045866	Kocak	permutation	
4312.0	0.024729892619927973	Kocak	permutation	
4313.0	-0.017204378203032444	Kocak	permutation	
4314.0	0.18844229622954156	Kocak	permutation	
4315.0	-0.10966925525517013	Kocak	permutation	
4316.0	0.006141397682577043	Kocak	permutation	
4317.0	0.13307878689864205	Kocak	permutation	
4318.0	0.07198565339270413	Kocak	permutation	
4319.0	-0.04782349757430504	Kocak	permutation	
4320.0	0.177811956212929	Kocak	permutation	
4321.0	0.08841602951395133	Kocak	permutation	
4322.0	-0.10988879186505729	Kocak	permutation	
4323.0	-0.1624848250698463	Kocak	permutation	
4324.0	-0.07380857183518641	Kocak	permutation	
4325.0	0.1190149556892468	Kocak	permutation	
4326.0	0.07115554276190039	Kocak	permutation	
4327.0	-0.023172551135700825	Kocak	permutation	
4328.0	-0.02819525602014572	Kocak	permutation	
4329.0	-0.07977044737711703	Kocak	permutation	
4330.0	0.07887649272717923	Kocak	permutation	
4331.0	0.05292111185349713	Kocak	permutation	
4332.0	-0.04620247245323572	Kocak	permutation	
4333.0	0.12720415521034223	Kocak	permutation	
4334.0	0.09670835227447228	Kocak	permutation	
4335.0	0.0459480460935362	Kocak	permutation	
4336.0	0.06334320405340721	Kocak	permutation	
4337.0	0.26619456104505934	Kocak	permutation	
4338.0	-0.024082678187924866	Kocak	permutation	
4339.0	-0.061046304251204386	Kocak	permutation	
4340.0	0.0708700610631805	Kocak	permutation	
4341.0	0.009807962489411626	Kocak	permutation	
4342.0	0.06426828189719247	Kocak	permutation	
4343.0	-0.040672616472609224	Kocak	permutation	
4344.0	0.0015882563649394221	Kocak	permutation	
4345.0	-0.10751623449947267	Kocak	permutation	
4346.0	-0.06932180606129146	Kocak	permutation	
4347.0	-0.042628774165929695	Kocak	permutation	
4348.0	-0.1636241905684952	Kocak	permutation	
4349.0	-0.09247216032990213	Kocak	permutation	
4350.0	-0.0169776918010327	Kocak	permutation	
4351.0	0.2904184395881737	Kocak	permutation	
4352.0	-0.0007483053602079792	Kocak	permutation	
4353.0	-0.024150691327090357	Kocak	permutation	
4354.0	-0.015051012367410355	Kocak	permutation	
4355.0	0.0598970198865465	Kocak	permutation	
4356.0	0.15635368908039737	Kocak	permutation	
4357.0	-0.06836568637415441	Kocak	permutation	
4358.0	0.10432220650348034	Kocak	permutation	
4359.0	-0.029832688401873142	Kocak	permutation	
4360.0	-0.07403669493540033	Kocak	permutation	
4361.0	0.0023370978182226665	Kocak	permutation	
4362.0	-0.045620086750151057	Kocak	permutation	
4363.0	0.10376002117596528	Kocak	permutation	
4364.0	0.03602128001249616	Kocak	permutation	
4365.0	0.05255783476304865	Kocak	permutation	
4366.0	0.1410270987895177	Kocak	permutation	
4367.0	-0.05897271673179372	Kocak	permutation	
4368.0	0.24237486756246218	Kocak	permutation	
4369.0	0.10929631795785388	Kocak	permutation	
4370.0	-0.1515588961997083	Kocak	permutation	
4371.0	-0.050612930513251	Kocak	permutation	
4372.0	0.05684909043188169	Kocak	permutation	
4373.0	-0.04161501903497511	Kocak	permutation	
4374.0	-0.028647316847746573	Kocak	permutation	
4375.0	0.2532025239422513	Kocak	permutation	
4376.0	0.2610983700412741	Kocak	permutation	
4377.0	-0.0695312343890917	Kocak	permutation	
4378.0	-0.11913725158917954	Kocak	permutation	
4379.0	0.005280132948576988	Kocak	permutation	
4380.0	0.014742358950348589	Kocak	permutation	
4381.0	0.04924673308168215	Kocak	permutation	
4382.0	0.025313944041791547	Kocak	permutation	
4383.0	0.06270199448353386	Kocak	permutation	
4384.0	-0.026593661352809495	Kocak	permutation	
4385.0	-0.05152863041412692	Kocak	permutation	
4386.0	0.019646853965221478	Kocak	permutation	
4387.0	-0.04109179262294127	Kocak	permutation	
4388.0	0.09694315910038132	Kocak	permutation	
4389.0	0.09059267115573677	Kocak	permutation	
4390.0	0.004141880808339327	Kocak	permutation	
4391.0	0.07000819330146424	Kocak	permutation	
4392.0	0.03710715715293755	Kocak	permutation	
4393.0	-0.010777890617095665	Kocak	permutation	
4394.0	-0.0150208773707865	Kocak	permutation	
4395.0	0.10253641554281812	Kocak	permutation	
4396.0	0.10800759928450088	Kocak	permutation	
4397.0	0.17894518656981973	Kocak	permutation	
4398.0	-0.09025941507124724	Kocak	permutation	
4399.0	-0.030398413935813995	Kocak	permutation	
4400.0	0.01570451230250658	Kocak	permutation	
4401.0	0.12451486790971922	Kocak	permutation	
4402.0	-0.12243002421445404	Kocak	permutation	
4403.0	0.031926404400457464	Kocak	permutation	
4404.0	-0.008018647957323655	Kocak	permutation	
4405.0	0.055372513813420454	Kocak	permutation	
4406.0	-0.0042613992646640675	Kocak	permutation	
4407.0	-0.0783134666601355	Kocak	permutation	
4408.0	-0.1883941890919334	Kocak	permutation	
4409.0	-0.2432173464406353	Kocak	permutation	
4410.0	0.002630105777233993	Kocak	permutation	
4411.0	-0.003973554812807034	Kocak	permutation	
4412.0	-0.19027647618381005	Kocak	permutation	
4413.0	0.02402356841993214	Kocak	permutation	
4414.0	0.022595614290282118	Kocak	permutation	
4415.0	0.006118472196362745	Kocak	permutation	
4416.0	0.06623887718458166	Kocak	permutation	
4417.0	-0.0076256847579974085	Kocak	permutation	
4418.0	0.06218837479548389	Kocak	permutation	
4419.0	-0.08212712941306632	Kocak	permutation	
4420.0	-0.049615748348394106	Kocak	permutation	
4421.0	-0.06657268751085965	Kocak	permutation	
4422.0	0.21272280136231725	Kocak	permutation	
4423.0	-0.028576018312547635	Kocak	permutation	
4424.0	-0.03846832671852862	Kocak	permutation	
4425.0	0.27360596275710325	Kocak	permutation	
4426.0	0.047674333933038326	Kocak	permutation	
4427.0	0.007762530147942481	Kocak	permutation	
4428.0	-0.1029470949163751	Kocak	permutation	
4429.0	0.05523823331438171	Kocak	permutation	
4430.0	0.0669690505481122	Kocak	permutation	
4431.0	0.0898588091314858	Kocak	permutation	
4432.0	0.24208363884042816	Kocak	permutation	
4433.0	0.027466729502227505	Kocak	permutation	
4434.0	0.08062585406403233	Kocak	permutation	
4435.0	0.055963529385159916	Kocak	permutation	
4436.0	-0.1096762492221135	Kocak	permutation	
4437.0	0.12990043261749973	Kocak	permutation	
4438.0	-0.10071222246657463	Kocak	permutation	
4439.0	0.12438863676814327	Kocak	permutation	
4440.0	0.02794155258628539	Kocak	permutation	
4441.0	-0.02137183389508923	Kocak	permutation	
4442.0	0.07376925383930955	Kocak	permutation	
4443.0	-0.020975519929104625	Kocak	permutation	
4444.0	0.0023338252263611636	Kocak	permutation	
4445.0	0.0461283654603033	Kocak	permutation	
4446.0	-0.00926855134854776	Kocak	permutation	
4447.0	-0.003968550396998616	Kocak	permutation	
4448.0	0.13577738504022951	Kocak	permutation	
4449.0	-0.10159655198682804	Kocak	permutation	
4450.0	-0.07412162030459468	Kocak	permutation	
4451.0	-0.026292324480156726	Kocak	permutation	
4452.0	0.1809650153520237	Kocak	permutation	
4453.0	0.21614471106520527	Kocak	permutation	
4454.0	0.16895227228688592	Kocak	permutation	
4455.0	0.02182901788343372	Kocak	permutation	
4456.0	-0.03505899060240081	Kocak	permutation	
4457.0	0.141648717766377	Kocak	permutation	
4458.0	0.2850409526099398	Kocak	permutation	
4459.0	0.03897255428190283	Kocak	permutation	
4460.0	-0.12486565752536993	Kocak	permutation	
4461.0	-0.12426586182851285	Kocak	permutation	
4462.0	-0.13612917509981548	Kocak	permutation	
4463.0	-0.1529335664748679	Kocak	permutation	
4464.0	-0.001269761022529181	Kocak	permutation	
4465.0	0.024860092223754737	Kocak	permutation	
4466.0	-0.1160465922380336	Kocak	permutation	
4467.0	0.1187883376738803	Kocak	permutation	
4468.0	0.169924386648729	Kocak	permutation	
4469.0	-0.09354791359892944	Kocak	permutation	
4470.0	-0.01133206009238874	Kocak	permutation	
4471.0	0.054727771545317605	Kocak	permutation	
4472.0	-0.16099572804041484	Kocak	permutation	
4473.0	-0.07934575451619308	Kocak	permutation	
4474.0	0.024985500834508567	Kocak	permutation	
4475.0	-0.1444816950543899	Kocak	permutation	
4476.0	-0.03001657799011248	Kocak	permutation	
4477.0	-0.15938060547819877	Kocak	permutation	
4478.0	-0.016636285129689288	Kocak	permutation	
4479.0	-0.00463302148343292	Kocak	permutation	
4480.0	0.10057782161223017	Kocak	permutation	
4481.0	-0.04341839458368746	Kocak	permutation	
4482.0	-0.15500907894075278	Kocak	permutation	
4483.0	0.14960830037552908	Kocak	permutation	
4484.0	-0.019145122719914642	Kocak	permutation	
4485.0	0.013017126508596988	Kocak	permutation	
4486.0	0.05407611746007612	Kocak	permutation	
4487.0	0.0301469366025513	Kocak	permutation	
4488.0	-0.15310705745333042	Kocak	permutation	
4489.0	0.08359953389979147	Kocak	permutation	
4490.0	-0.2073108836753157	Kocak	permutation	
4491.0	-0.04008155718176809	Kocak	permutation	
4492.0	0.030846632500380444	Kocak	permutation	
4493.0	-0.16962848395422547	Kocak	permutation	
4494.0	-0.13558016247526616	Kocak	permutation	
4495.0	-0.04723069616082576	Kocak	permutation	
4496.0	0.025492220624104167	Kocak	permutation	
4497.0	-0.04727968841267005	Kocak	permutation	
4498.0	0.01166044274011746	Kocak	permutation	
4499.0	0.10367359150913291	Kocak	permutation	
4500.0	0.06320318102844658	Kocak	permutation	
4501.0	-0.03196876277431304	Kocak	permutation	
4502.0	0.10729542858777164	Kocak	permutation	
4503.0	-0.05522738445305242	Kocak	permutation	
4504.0	-0.012544702293866727	Kocak	permutation	
4505.0	0.12675624940679153	Kocak	permutation	
4506.0	0.18373352566719303	Kocak	permutation	
4507.0	0.19286060994752985	Kocak	permutation	
4508.0	-0.005571506555634986	Kocak	permutation	
4509.0	-0.006031674007710652	Kocak	permutation	
4510.0	0.13408731782128624	Kocak	permutation	
4511.0	-0.08129256967955101	Kocak	permutation	
4512.0	0.04760421900445788	Kocak	permutation	
4513.0	0.027176197857786466	Kocak	permutation	
4514.0	0.11285751083571327	Kocak	permutation	
4515.0	-0.21359041488334407	Kocak	permutation	
4516.0	0.23376995017070135	Kocak	permutation	
4517.0	0.17369552128658938	Kocak	permutation	
4518.0	0.08769663863113086	Kocak	permutation	
4519.0	-0.026874221428314193	Kocak	permutation	
4520.0	0.07487747625713181	Kocak	permutation	
4521.0	0.06477815377470009	Kocak	permutation	
4522.0	0.09550242097487782	Kocak	permutation	
4523.0	0.07485283396678133	Kocak	permutation	
4524.0	-0.058584897459434515	Kocak	permutation	
4525.0	-0.05593478972666466	Kocak	permutation	
4526.0	0.17730053581995575	Kocak	permutation	
4527.0	-0.0010895792144896	Kocak	permutation	
4528.0	0.04318667870565562	Kocak	permutation	
4529.0	0.04065181513034455	Kocak	permutation	
4530.0	-0.033779184462862766	Kocak	permutation	
4531.0	0.04193553309664955	Kocak	permutation	
4532.0	-0.09764702392870195	Kocak	permutation	
4533.0	0.04555856379188894	Kocak	permutation	
4534.0	0.08129762339832203	Kocak	permutation	
4535.0	0.0383638701925304	Kocak	permutation	
4536.0	0.04453811998220525	Kocak	permutation	
4537.0	0.1822707368958918	Kocak	permutation	
4538.0	-0.06558618703043662	Kocak	permutation	
4539.0	0.20362535415963867	Kocak	permutation	
4540.0	0.11532084433337708	Kocak	permutation	
4541.0	0.05050812821443973	Kocak	permutation	
4542.0	0.09314244531461346	Kocak	permutation	
4543.0	-0.058538787770735734	Kocak	permutation	
4544.0	-0.0722736374888231	Kocak	permutation	
4545.0	-0.1128993861426677	Kocak	permutation	
4546.0	0.04321947888994515	Kocak	permutation	
4547.0	-0.102484853941895	Kocak	permutation	
4548.0	0.016372840525897825	Kocak	permutation	
4549.0	0.05697956548786509	Kocak	permutation	
4550.0	0.025292910663115897	Kocak	permutation	
4551.0	0.196006944924783	Kocak	permutation	
4552.0	0.1556989754055631	Kocak	permutation	
4553.0	0.06324344509585922	Kocak	permutation	
4554.0	-0.0403819533874179	Kocak	permutation	
4555.0	0.06057977945113535	Kocak	permutation	
4556.0	0.10988127949945614	Kocak	permutation	
4557.0	0.021659999041153455	Kocak	permutation	
4558.0	0.02754756415757198	Kocak	permutation	
4559.0	0.13238544180351886	Kocak	permutation	
4560.0	-0.05313176578818268	Kocak	permutation	
4561.0	0.022867066320628293	Kocak	permutation	
4562.0	-0.04004584732446359	Kocak	permutation	
4563.0	0.11666837936361052	Kocak	permutation	
4564.0	-0.022641842384640842	Kocak	permutation	
4565.0	0.052097910635418465	Kocak	permutation	
4566.0	0.11662544663348395	Kocak	permutation	
4567.0	0.01315660939743557	Kocak	permutation	
4568.0	0.043527921920285095	Kocak	permutation	
4569.0	0.11588571759452604	Kocak	permutation	
4570.0	0.04541533788862884	Kocak	permutation	
4571.0	0.10318922888846016	Kocak	permutation	
4572.0	0.010279555871354873	Kocak	permutation	
4573.0	-0.04254009121482838	Kocak	permutation	
4574.0	-0.03294552232680781	Kocak	permutation	
4575.0	-0.03586022491323604	Kocak	permutation	
4576.0	-0.04077332502922992	Kocak	permutation	
4577.0	0.15486050143414687	Kocak	permutation	
4578.0	-0.05449944054598754	Kocak	permutation	
4579.0	0.15790253696284484	Kocak	permutation	
4580.0	0.004321999210563643	Kocak	permutation	
4581.0	-0.08611656843896265	Kocak	permutation	
4582.0	-0.026465982985318437	Kocak	permutation	
4583.0	0.09952370822658319	Kocak	permutation	
4584.0	-0.009001375057916317	Kocak	permutation	
4585.0	-0.06801666138172902	Kocak	permutation	
4586.0	0.09463671239057092	Kocak	permutation	
4587.0	0.013651893437073515	Kocak	permutation	
4588.0	-0.009841030793688255	Kocak	permutation	
4589.0	-0.0033186161672404957	Kocak	permutation	
4590.0	0.02720887801055616	Kocak	permutation	
4591.0	0.18012952945845395	Kocak	permutation	
4592.0	0.008848642733618295	Kocak	permutation	
4593.0	-0.01860854743648943	Kocak	permutation	
4594.0	-0.012162479648663904	Kocak	permutation	
4595.0	0.0364293166514047	Kocak	permutation	
4596.0	-0.03897986679034826	Kocak	permutation	
4597.0	0.00020499195038903295	Kocak	permutation	
4598.0	-0.07891663223314715	Kocak	permutation	
4599.0	0.04519307871199052	Kocak	permutation	
4600.0	0.279776191006615	Kocak	permutation	
4601.0	0.11667610624124292	Kocak	permutation	
4602.0	-0.04442764691700818	Kocak	permutation	
4603.0	-0.13522779000582918	Kocak	permutation	
4604.0	-0.026194225825618034	Kocak	permutation	
4605.0	-0.026283127040235943	Kocak	permutation	
4606.0	0.11279499541255777	Kocak	permutation	
4607.0	0.013710564410470027	Kocak	permutation	
4608.0	0.014864340290320577	Kocak	permutation	
4609.0	0.04259450390412178	Kocak	permutation	
4610.0	0.04904699190491524	Kocak	permutation	
4611.0	0.024124030020661547	Kocak	permutation	
4612.0	-0.08992831022920722	Kocak	permutation	
4613.0	0.05359753352499741	Kocak	permutation	
4614.0	-0.07574855491183996	Kocak	permutation	
4615.0	0.056566534896986376	Kocak	permutation	
4616.0	-0.010259546713967449	Kocak	permutation	
4617.0	-0.006029555770555639	Kocak	permutation	
4618.0	0.010846141238119333	Kocak	permutation	
4619.0	0.09644871597956284	Kocak	permutation	
4620.0	-0.0327058874755366	Kocak	permutation	
4621.0	-0.04932685042957985	Kocak	permutation	
4622.0	0.05089903822178998	Kocak	permutation	
4623.0	0.019355274061415795	Kocak	permutation	
4624.0	0.02711241450272084	Kocak	permutation	
4625.0	-0.16000463914263907	Kocak	permutation	
4626.0	0.08420201473895927	Kocak	permutation	
4627.0	-0.0348113736593767	Kocak	permutation	
4628.0	0.041621703298944546	Kocak	permutation	
4629.0	0.05939977101971161	Kocak	permutation	
4630.0	0.14049424820577983	Kocak	permutation	
4631.0	-0.15778382355956744	Kocak	permutation	
4632.0	-0.04201334349463082	Kocak	permutation	
4633.0	0.058461689226127156	Kocak	permutation	
4634.0	-0.11619577929081704	Kocak	permutation	
4635.0	0.058303932498317224	Kocak	permutation	
4636.0	0.04974626741005217	Kocak	permutation	
4637.0	-0.011835843022973691	Kocak	permutation	
4638.0	0.06771024294007777	Kocak	permutation	
4639.0	0.011830109402649391	Kocak	permutation	
4640.0	-0.09499611624574689	Kocak	permutation	
4641.0	0.06676447205068126	Kocak	permutation	
4642.0	0.045629308737533236	Kocak	permutation	
4643.0	0.05718605847435754	Kocak	permutation	
4644.0	0.010225315355814946	Kocak	permutation	
4645.0	0.08514999792562516	Kocak	permutation	
4646.0	0.04860852592659981	Kocak	permutation	
4647.0	0.0686055246408368	Kocak	permutation	
4648.0	0.022740423486378614	Kocak	permutation	
4649.0	0.12047718629147885	Kocak	permutation	
4650.0	-0.07741739952209947	Kocak	permutation	
4651.0	0.048190043175742936	Kocak	permutation	
4652.0	0.10517043497638134	Kocak	permutation	
4653.0	0.10821238502958641	Kocak	permutation	
4654.0	-0.051736338822328864	Kocak	permutation	
4655.0	-0.0708660319087202	Kocak	permutation	
4656.0	-0.04627026196357242	Kocak	permutation	
4657.0	0.10704748923088525	Kocak	permutation	
4658.0	-0.09927266239410759	Kocak	permutation	
4659.0	0.07781373124372681	Kocak	permutation	
4660.0	-0.051235756671527355	Kocak	permutation	
4661.0	0.26125325026754354	Kocak	permutation	
4662.0	-0.07519729698122202	Kocak	permutation	
4663.0	0.0036962857574742713	Kocak	permutation	
4664.0	-0.04721390337738063	Kocak	permutation	
4665.0	0.08710706924006084	Kocak	permutation	
4666.0	-0.1672657271704252	Kocak	permutation	
4667.0	-0.17589471862692374	Kocak	permutation	
4668.0	0.023995043980967967	Kocak	permutation	
4669.0	0.03556714232747682	Kocak	permutation	
4670.0	-0.026437773661339925	Kocak	permutation	
4671.0	0.1323206542142059	Kocak	permutation	
4672.0	0.04314692181529356	Kocak	permutation	
4673.0	-0.15440190374478968	Kocak	permutation	
4674.0	0.1501513441365505	Kocak	permutation	
4675.0	-0.06247809024164086	Kocak	permutation	
4676.0	0.226769872448215	Kocak	permutation	
4677.0	-0.19001337348223046	Kocak	permutation	
4678.0	-0.014528600607430331	Kocak	permutation	
4679.0	0.16150721660641443	Kocak	permutation	
4680.0	-0.2146638837624386	Kocak	permutation	
4681.0	-0.12897932604725604	Kocak	permutation	
4682.0	-0.004736273564473148	Kocak	permutation	
4683.0	0.18886659960943053	Kocak	permutation	
4684.0	-0.09249375346786692	Kocak	permutation	
4685.0	-0.1333230150524125	Kocak	permutation	
4686.0	-0.05058607182566588	Kocak	permutation	
4687.0	-0.0837665255724449	Kocak	permutation	
4688.0	0.08913539596971631	Kocak	permutation	
4689.0	-0.00793329162945744	Kocak	permutation	
4690.0	-0.1835798238459887	Kocak	permutation	
4691.0	-0.041840725764538345	Kocak	permutation	
4692.0	-0.00010160308088202896	Kocak	permutation	
4693.0	-0.009019417165675225	Kocak	permutation	
4694.0	0.18443473959794776	Kocak	permutation	
4695.0	0.009268729655998342	Kocak	permutation	
4696.0	0.09134190793845232	Kocak	permutation	
4697.0	-0.09480871908674393	Kocak	permutation	
4698.0	0.06552338797233048	Kocak	permutation	
4699.0	0.03068108457351082	Kocak	permutation	
4700.0	0.09060942456921905	Kocak	permutation	
4701.0	-0.04572121969023479	Kocak	permutation	
4702.0	0.1600696650575486	Kocak	permutation	
4703.0	0.054881603057796546	Kocak	permutation	
4704.0	-0.07386125429147761	Kocak	permutation	
4705.0	-0.03301493036148573	Kocak	permutation	
4706.0	-0.09919022185596704	Kocak	permutation	
4707.0	0.06284696194691186	Kocak	permutation	
4708.0	0.1569654112423593	Kocak	permutation	
4709.0	0.17117009019808682	Kocak	permutation	
4710.0	0.15798914982225076	Kocak	permutation	
4711.0	-0.12409688419284626	Kocak	permutation	
4712.0	-0.05505970451711306	Kocak	permutation	
4713.0	0.01605615405794314	Kocak	permutation	
4714.0	0.0398954624763026	Kocak	permutation	
4715.0	0.11620517204269198	Kocak	permutation	
4716.0	-0.05947743629477564	Kocak	permutation	
4717.0	0.2126156027275079	Kocak	permutation	
4718.0	-0.021706053044333373	Kocak	permutation	
4719.0	0.18695175147084875	Kocak	permutation	
4720.0	0.044794754865227215	Kocak	permutation	
4721.0	0.12593074169032725	Kocak	permutation	
4722.0	-0.04176245832096148	Kocak	permutation	
4723.0	0.08535083339689997	Kocak	permutation	
4724.0	0.016516516401152703	Kocak	permutation	
4725.0	0.008929283732445281	Kocak	permutation	
4726.0	0.23086957017988263	Kocak	permutation	
4727.0	-0.08062235785880123	Kocak	permutation	
4728.0	0.1473267086305765	Kocak	permutation	
4729.0	0.13193688693479277	Kocak	permutation	
4730.0	-0.06681719054869406	Kocak	permutation	
4731.0	0.06015278535922697	Kocak	permutation	
4732.0	-0.04305238880888673	Kocak	permutation	
4733.0	0.007362395982308811	Kocak	permutation	
4734.0	0.02579974940594898	Kocak	permutation	
4735.0	-0.04811650105013454	Kocak	permutation	
4736.0	0.11129484588009131	Kocak	permutation	
4737.0	-0.07541991452105146	Kocak	permutation	
4738.0	0.0052063590451298936	Kocak	permutation	
4739.0	-0.07362467119026173	Kocak	permutation	
4740.0	-0.07546235938597157	Kocak	permutation	
4741.0	0.07078804883077794	Kocak	permutation	
4742.0	0.2313145804070671	Kocak	permutation	
4743.0	0.0605487407596641	Kocak	permutation	
4744.0	0.05042583996057992	Kocak	permutation	
4745.0	-0.06364799843514479	Kocak	permutation	
4746.0	0.019245455876020667	Kocak	permutation	
4747.0	0.10666650395517552	Kocak	permutation	
4748.0	-0.08525524278554197	Kocak	permutation	
4749.0	-0.033189626260392124	Kocak	permutation	
4750.0	0.09129409079249884	Kocak	permutation	
4751.0	0.04127836263840967	Kocak	permutation	
4752.0	-0.11525319713841631	Kocak	permutation	
4753.0	-0.05485842997471435	Kocak	permutation	
4754.0	-0.07528462999194119	Kocak	permutation	
4755.0	-0.08276838931322938	Kocak	permutation	
4756.0	0.05966775128524349	Kocak	permutation	
4757.0	0.004381091886994426	Kocak	permutation	
4758.0	0.03188214756431984	Kocak	permutation	
4759.0	0.01073687204781093	Kocak	permutation	
4760.0	-0.013625421128822701	Kocak	permutation	
4761.0	-0.07023152837729318	Kocak	permutation	
4762.0	0.050763108019515446	Kocak	permutation	
4763.0	0.0948156099853521	Kocak	permutation	
4764.0	0.06436740258862317	Kocak	permutation	
4765.0	0.18118108441085212	Kocak	permutation	
4766.0	0.02396870393778716	Kocak	permutation	
4767.0	0.07275942223540666	Kocak	permutation	
4768.0	-0.009525838618798854	Kocak	permutation	
4769.0	-0.0625106743995314	Kocak	permutation	
4770.0	0.024829535638848377	Kocak	permutation	
4771.0	0.08015962400211718	Kocak	permutation	
4772.0	0.05463749322741229	Kocak	permutation	
4773.0	0.12622933793904423	Kocak	permutation	
4774.0	0.251883793374442	Kocak	permutation	
4775.0	-0.020643350156915208	Kocak	permutation	
4776.0	-0.0545769964064422	Kocak	permutation	
4777.0	0.046831382259305165	Kocak	permutation	
4778.0	-0.05000037372975985	Kocak	permutation	
4779.0	0.004858307509147952	Kocak	permutation	
4780.0	0.020535454031254563	Kocak	permutation	
4781.0	0.13898251281114593	Kocak	permutation	
4782.0	0.2359064851363093	Kocak	permutation	
4783.0	-0.06428249932462027	Kocak	permutation	
4784.0	0.07825694271779815	Kocak	permutation	
4785.0	-0.07291597998681842	Kocak	permutation	
4786.0	0.1435868825021145	Kocak	permutation	
4787.0	0.024522717719494658	Kocak	permutation	
4788.0	0.021728425066041	Kocak	permutation	
4789.0	-0.09089862642471713	Kocak	permutation	
4790.0	-0.01681613532189674	Kocak	permutation	
4791.0	0.005131059920806091	Kocak	permutation	
4792.0	0.04014251279093273	Kocak	permutation	
4793.0	0.07596071070269206	Kocak	permutation	
4794.0	0.11897983174222215	Kocak	permutation	
4795.0	0.09114768185781763	Kocak	permutation	
4796.0	0.027840782746727744	Kocak	permutation	
4797.0	-0.04278119120279111	Kocak	permutation	
4798.0	-0.12663073746428655	Kocak	permutation	
4799.0	-0.07252159649782053	Kocak	permutation	
4800.0	0.05526197632027996	Kocak	permutation	
4801.0	0.006864260345194051	Kocak	permutation	
4802.0	0.007571531038212509	Kocak	permutation	
4803.0	-0.05050976822639086	Kocak	permutation	
4804.0	0.16730334274944214	Kocak	permutation	
4805.0	0.14075188939065253	Kocak	permutation	
4806.0	-0.04619860279312915	Kocak	permutation	
4807.0	-0.2034255835494987	Kocak	permutation	
4808.0	0.009288887003349178	Kocak	permutation	
4809.0	0.0704798417107999	Kocak	permutation	
4810.0	0.14237108091042616	Kocak	permutation	
4811.0	-0.07942115674414651	Kocak	permutation	
4812.0	-0.06944063810983048	Kocak	permutation	
4813.0	0.04950622075330546	Kocak	permutation	
4814.0	0.01017503912286477	Kocak	permutation	
4815.0	0.043556968792705764	Kocak	permutation	
4816.0	0.07031153043352889	Kocak	permutation	
4817.0	0.00424906385106727	Kocak	permutation	
4818.0	-0.06999917080112139	Kocak	permutation	
4819.0	0.14638019514995992	Kocak	permutation	
4820.0	-0.13511514681970205	Kocak	permutation	
4821.0	-0.00042368452578100957	Kocak	permutation	
4822.0	0.07255546524013345	Kocak	permutation	
4823.0	-0.05209964121305122	Kocak	permutation	
4824.0	0.015535009505207142	Kocak	permutation	
4825.0	-0.030406300762921834	Kocak	permutation	
4826.0	0.12202139889910324	Kocak	permutation	
4827.0	0.10038998864383064	Kocak	permutation	
4828.0	-0.10084369033048413	Kocak	permutation	
4829.0	-0.13071617633228927	Kocak	permutation	
4830.0	-0.08858053010478928	Kocak	permutation	
4831.0	-0.11204676216481468	Kocak	permutation	
4832.0	0.14496182072253605	Kocak	permutation	
4833.0	-0.03354086911182241	Kocak	permutation	
4834.0	0.12064688295854475	Kocak	permutation	
4835.0	0.07291758951423688	Kocak	permutation	
4836.0	0.132333119686741	Kocak	permutation	
4837.0	-0.016115762805957612	Kocak	permutation	
4838.0	0.17342739305476806	Kocak	permutation	
4839.0	0.011920269328666855	Kocak	permutation	
4840.0	0.03331189737714357	Kocak	permutation	
4841.0	0.25577166554990516	Kocak	permutation	
4842.0	0.023782521807184764	Kocak	permutation	
4843.0	-0.13934018407319426	Kocak	permutation	
4844.0	-0.05367458356170607	Kocak	permutation	
4845.0	-0.046667898289162846	Kocak	permutation	
4846.0	-0.00997783363410365	Kocak	permutation	
4847.0	-0.06778834422774693	Kocak	permutation	
4848.0	-0.06291322884961126	Kocak	permutation	
4849.0	-0.013149523050313139	Kocak	permutation	
4850.0	-0.12973652858818685	Kocak	permutation	
4851.0	0.07813995257935158	Kocak	permutation	
4852.0	0.02464215423527838	Kocak	permutation	
4853.0	0.13345082599079072	Kocak	permutation	
4854.0	-0.020930543369103383	Kocak	permutation	
4855.0	0.05185854154705005	Kocak	permutation	
4856.0	-0.08632846809962968	Kocak	permutation	
4857.0	0.03018632198320015	Kocak	permutation	
4858.0	0.0516493816655883	Kocak	permutation	
4859.0	-0.05882984444757078	Kocak	permutation	
4860.0	0.028999687677425445	Kocak	permutation	
4861.0	0.04892692809486032	Kocak	permutation	
4862.0	-0.1839877874969189	Kocak	permutation	
4863.0	0.039715196996379376	Kocak	permutation	
4864.0	-0.09075550696990264	Kocak	permutation	
4865.0	-0.053344912441167125	Kocak	permutation	
4866.0	0.05714830965148199	Kocak	permutation	
4867.0	-0.029835182590963516	Kocak	permutation	
4868.0	0.041379053163322244	Kocak	permutation	
4869.0	-0.03853750754124263	Kocak	permutation	
4870.0	0.01489626068626615	Kocak	permutation	
4871.0	-0.08126658269243547	Kocak	permutation	
4872.0	-0.10121237417527595	Kocak	permutation	
4873.0	0.043135344523175245	Kocak	permutation	
4874.0	-0.03701807807518076	Kocak	permutation	
4875.0	0.2857746500515268	Kocak	permutation	
4876.0	0.04080492994773621	Kocak	permutation	
4877.0	0.012806348963599223	Kocak	permutation	
4878.0	0.17825810598781278	Kocak	permutation	
4879.0	0.15829189910015184	Kocak	permutation	
4880.0	0.06770888731077118	Kocak	permutation	
4881.0	0.02724507735820847	Kocak	permutation	
4882.0	0.03643926297598421	Kocak	permutation	
4883.0	0.08283040552130183	Kocak	permutation	
4884.0	-0.07900992429215359	Kocak	permutation	
4885.0	-0.05752894687520893	Kocak	permutation	
4886.0	0.13746673010256538	Kocak	permutation	
4887.0	-0.019772903795894692	Kocak	permutation	
4888.0	0.052697990366998404	Kocak	permutation	
4889.0	0.09242202537316269	Kocak	permutation	
4890.0	0.16214971711736226	Kocak	permutation	
4891.0	-0.06652581832507654	Kocak	permutation	
4892.0	-0.06028558744707313	Kocak	permutation	
4893.0	-0.06002097788119842	Kocak	permutation	
4894.0	-0.08751445325173046	Kocak	permutation	
4895.0	-0.06235569194319446	Kocak	permutation	
4896.0	-0.015101015291203002	Kocak	permutation	
4897.0	0.064529998216865	Kocak	permutation	
4898.0	0.03429665389323677	Kocak	permutation	
4899.0	-0.006381128609084463	Kocak	permutation	
4900.0	0.09951134154037478	Kocak	permutation	
4901.0	-0.019579728993983192	Kocak	permutation	
4902.0	0.13080150502126697	Kocak	permutation	
4903.0	0.14165450191056106	Kocak	permutation	
4904.0	-0.04154451511260193	Kocak	permutation	
4905.0	0.051427042745008755	Kocak	permutation	
4906.0	0.13830504457781645	Kocak	permutation	
4907.0	0.023671168155575018	Kocak	permutation	
4908.0	-0.13670682931471	Kocak	permutation	
4909.0	0.17171359084689453	Kocak	permutation	
4910.0	0.11292501732714566	Kocak	permutation	
4911.0	0.07560280251400009	Kocak	permutation	
4912.0	0.11641169301274612	Kocak	permutation	
4913.0	-0.05571406841193394	Kocak	permutation	
4914.0	-0.05776773520984424	Kocak	permutation	
4915.0	0.20188062784942895	Kocak	permutation	
4916.0	0.06914631112082859	Kocak	permutation	
4917.0	0.06276207026714475	Kocak	permutation	
4918.0	-0.05509365731912386	Kocak	permutation	
4919.0	0.2426794260552767	Kocak	permutation	
4920.0	-0.003952035218138139	Kocak	permutation	
4921.0	0.05016453805503884	Kocak	permutation	
4922.0	0.007170348636925006	Kocak	permutation	
4923.0	-0.004448440434086098	Kocak	permutation	
4924.0	0.00761069588663732	Kocak	permutation	
4925.0	0.1107824976107663	Kocak	permutation	
4926.0	-0.008639489546153012	Kocak	permutation	
4927.0	0.05862123705025235	Kocak	permutation	
4928.0	-0.05104793806575403	Kocak	permutation	
4929.0	0.016235911441987216	Kocak	permutation	
4930.0	-0.18286174378363373	Kocak	permutation	
4931.0	-0.10817306997238818	Kocak	permutation	
4932.0	-0.05889896515062709	Kocak	permutation	
4933.0	-0.049637902257493316	Kocak	permutation	
4934.0	-0.10325325376141326	Kocak	permutation	
4935.0	0.08623268001424922	Kocak	permutation	
4936.0	0.0038263485532468167	Kocak	permutation	
4937.0	0.05116413561613253	Kocak	permutation	
4938.0	-0.009434667193230606	Kocak	permutation	
4939.0	-0.04384475511683039	Kocak	permutation	
4940.0	0.17984442423747238	Kocak	permutation	
4941.0	-0.07841569787784719	Kocak	permutation	
4942.0	-0.08617506092288885	Kocak	permutation	
4943.0	0.06127786109865596	Kocak	permutation	
4944.0	0.11342501077659106	Kocak	permutation	
4945.0	0.047170804420315626	Kocak	permutation	
4946.0	0.026989015785890302	Kocak	permutation	
4947.0	-0.08057102501955882	Kocak	permutation	
4948.0	-0.02437979831767345	Kocak	permutation	
4949.0	-0.03868493133141371	Kocak	permutation	
4950.0	0.178741340819784	Kocak	permutation	
4951.0	0.025408465241008926	Kocak	permutation	
4952.0	-0.10535463867875672	Kocak	permutation	
4953.0	0.11481324629022494	Kocak	permutation	
4954.0	-0.130335321759798	Kocak	permutation	
4955.0	0.1434571314118691	Kocak	permutation	
4956.0	0.0796351418818162	Kocak	permutation	
4957.0	0.04488120775465898	Kocak	permutation	
4958.0	-0.027262503438199914	Kocak	permutation	
4959.0	-0.08833313973165247	Kocak	permutation	
4960.0	0.03132167094313543	Kocak	permutation	
4961.0	-0.028675406935034786	Kocak	permutation	
4962.0	-0.04148417633972601	Kocak	permutation	
4963.0	-0.08264149242344487	Kocak	permutation	
4964.0	0.028255236856671306	Kocak	permutation	
4965.0	-0.16513557639387555	Kocak	permutation	
4966.0	0.20648727942071066	Kocak	permutation	
4967.0	-0.022012309540598185	Kocak	permutation	
4968.0	0.07996984080697755	Kocak	permutation	
4969.0	-0.15220726099364112	Kocak	permutation	
4970.0	0.03162236395634155	Kocak	permutation	
4971.0	-0.08197921090768068	Kocak	permutation	
4972.0	-0.028876037375790364	Kocak	permutation	
4973.0	0.2109502127163605	Kocak	permutation	
4974.0	0.1654644866458117	Kocak	permutation	
4975.0	0.011233585836115001	Kocak	permutation	
4976.0	0.11521286761850247	Kocak	permutation	
4977.0	0.0027515659205339382	Kocak	permutation	
4978.0	-0.12799085426225076	Kocak	permutation	
4979.0	0.000797047718141819	Kocak	permutation	
4980.0	-0.03801362766610694	Kocak	permutation	
4981.0	0.05464923592874582	Kocak	permutation	
4982.0	-0.053744063270718456	Kocak	permutation	
4983.0	-0.016996343583365547	Kocak	permutation	
4984.0	-0.022332451396770203	Kocak	permutation	
4985.0	0.13682634269662675	Kocak	permutation	
4986.0	-0.05321545217060919	Kocak	permutation	
4987.0	0.08147398186778299	Kocak	permutation	
4988.0	-0.043071002110480094	Kocak	permutation	
4989.0	-0.03160997056644943	Kocak	permutation	
4990.0	0.004727816857373668	Kocak	permutation	
4991.0	0.06264923220739016	Kocak	permutation	
4992.0	-0.0004769480088651079	Kocak	permutation	
4993.0	0.16886637549908867	Kocak	permutation	
4994.0	-0.1490916967843008	Kocak	permutation	
4995.0	0.08842599476546642	Kocak	permutation	
4996.0	0.12265110373690336	Kocak	permutation	
4997.0	-0.053597207272500835	Kocak	permutation	
4998.0	-0.16146894343966567	Kocak	permutation	
4999.0	0.021582840181670893	Kocak	permutation	
5000.0	0.07904421706479692	Kocak	permutation	
	0.47615914161012984	Kocak	bootstrap	1.0
	0.47474542847147383	Kocak	bootstrap	2.0
	0.47817395183099354	Kocak	bootstrap	3.0
	0.48153352914899594	Kocak	bootstrap	4.0
	0.5773297175886851	Kocak	bootstrap	5.0
	0.4128441348246108	Kocak	bootstrap	6.0
	0.330253456898145	Kocak	bootstrap	7.0
	0.48119300978115476	Kocak	bootstrap	8.0
	0.5258691167592016	Kocak	bootstrap	9.0
	0.3349333606538778	Kocak	bootstrap	10.0
	0.4923913399371562	Kocak	bootstrap	11.0
	0.45545361007178986	Kocak	bootstrap	12.0
	0.5033956747979755	Kocak	bootstrap	13.0
	0.5797114624658155	Kocak	bootstrap	14.0
	0.5546693115732775	Kocak	bootstrap	15.0
	0.4450727657480744	Kocak	bootstrap	16.0
	0.5746712514520929	Kocak	bootstrap	17.0
	0.5083235336394747	Kocak	bootstrap	18.0
	0.5255935391356967	Kocak	bootstrap	19.0
	0.5125444435391824	Kocak	bootstrap	20.0
	0.48213988096696303	Kocak	bootstrap	21.0
	0.5165459988644998	Kocak	bootstrap	22.0
	0.6294728199223583	Kocak	bootstrap	23.0
	0.6036900221755843	Kocak	bootstrap	24.0
	0.3300076692884928	Kocak	bootstrap	25.0
	0.383202114136556	Kocak	bootstrap	26.0
	0.6460635770364274	Kocak	bootstrap	27.0
	0.41078893216480994	Kocak	bootstrap	28.0
	0.5543227654391725	Kocak	bootstrap	29.0
	0.6102635584197302	Kocak	bootstrap	30.0
	0.509671802886078	Kocak	bootstrap	31.0
	0.573298266668608	Kocak	bootstrap	32.0
	0.6708024155427732	Kocak	bootstrap	33.0
	0.4269313060703408	Kocak	bootstrap	34.0
	0.3117275417159915	Kocak	bootstrap	35.0
	0.590249413443023	Kocak	bootstrap	36.0
	0.3545346811466419	Kocak	bootstrap	37.0
	0.49820432523866565	Kocak	bootstrap	38.0
	0.39282142071115667	Kocak	bootstrap	39.0
	0.569918799885635	Kocak	bootstrap	40.0
	0.49847896592485386	Kocak	bootstrap	41.0
	0.6026443792935359	Kocak	bootstrap	42.0
	0.6387920214005569	Kocak	bootstrap	43.0
	0.6723883021034585	Kocak	bootstrap	44.0
	0.5013404687925491	Kocak	bootstrap	45.0
	0.5947990589481762	Kocak	bootstrap	46.0
	0.43600391067349653	Kocak	bootstrap	47.0
	0.5414616070300031	Kocak	bootstrap	48.0
	0.3179363556044863	Kocak	bootstrap	49.0
	0.5290446513567986	Kocak	bootstrap	50.0
	0.588837730942267	Kocak	bootstrap	51.0
	0.6576781491089436	Kocak	bootstrap	52.0
	0.5364912580963814	Kocak	bootstrap	53.0
	0.3063334895270726	Kocak	bootstrap	54.0
	0.6597765840640744	Kocak	bootstrap	55.0
	0.6283463461938892	Kocak	bootstrap	56.0
	0.37270195414131724	Kocak	bootstrap	57.0
	0.4729413461055647	Kocak	bootstrap	58.0
	0.5281624099711957	Kocak	bootstrap	59.0
	0.4326431766072951	Kocak	bootstrap	60.0
	0.5006840777922879	Kocak	bootstrap	61.0
	0.6361854595767804	Kocak	bootstrap	62.0
	0.4047776485341812	Kocak	bootstrap	63.0
	0.5137723941525931	Kocak	bootstrap	64.0
	0.6289977776612079	Kocak	bootstrap	65.0
	0.31265445285894167	Kocak	bootstrap	66.0
	0.41200617090898684	Kocak	bootstrap	67.0
	0.6287064388090959	Kocak	bootstrap	68.0
	0.5626456529672561	Kocak	bootstrap	69.0
	0.43935760745338737	Kocak	bootstrap	70.0
	0.44793872787346967	Kocak	bootstrap	71.0
	0.4562087855753596	Kocak	bootstrap	72.0
	0.5853674792429455	Kocak	bootstrap	73.0
	0.6290768306082213	Kocak	bootstrap	74.0
	0.509018667905802	Kocak	bootstrap	75.0
	0.504734490383596	Kocak	bootstrap	76.0
	0.5868505772254946	Kocak	bootstrap	77.0
	0.4252053555401072	Kocak	bootstrap	78.0
	0.4157653556244929	Kocak	bootstrap	79.0
	0.566989746001457	Kocak	bootstrap	80.0
	0.528171087778567	Kocak	bootstrap	81.0
	0.5882353281646124	Kocak	bootstrap	82.0
	0.4162248526990826	Kocak	bootstrap	83.0
	0.5038251994473315	Kocak	bootstrap	84.0
	0.5332380956266958	Kocak	bootstrap	85.0
	0.47526057697082846	Kocak	bootstrap	86.0
	0.3492004199381378	Kocak	bootstrap	87.0
	0.4831120123149457	Kocak	bootstrap	88.0
	0.42407424166287466	Kocak	bootstrap	89.0
	0.43161571727155934	Kocak	bootstrap	90.0
	0.4599727127993751	Kocak	bootstrap	91.0
	0.48140619600038814	Kocak	bootstrap	92.0
	0.5489862635195473	Kocak	bootstrap	93.0
	0.459818261797726	Kocak	bootstrap	94.0
	0.5052067299269263	Kocak	bootstrap	95.0
	0.49812044057607885	Kocak	bootstrap	96.0
	0.4510531603800376	Kocak	bootstrap	97.0
	0.5204139070650364	Kocak	bootstrap	98.0
	0.4630347246255404	Kocak	bootstrap	99.0
	0.5846717754464481	Kocak	bootstrap	100.0
	0.5196696770337992	Kocak	bootstrap	101.0
	0.5083352367045482	Kocak	bootstrap	102.0
	0.46512772324380247	Kocak	bootstrap	103.0
	0.4527147399128544	Kocak	bootstrap	104.0
	0.43134915629067994	Kocak	bootstrap	105.0
	0.6670197335639796	Kocak	bootstrap	106.0
	0.6978308331890584	Kocak	bootstrap	107.0
	0.544014113636607	Kocak	bootstrap	108.0
	0.5242807882095457	Kocak	bootstrap	109.0
	0.597458751197701	Kocak	bootstrap	110.0
	0.5546617682394319	Kocak	bootstrap	111.0
	0.43123834251553683	Kocak	bootstrap	112.0
	0.4526832267140457	Kocak	bootstrap	113.0
	0.6986203112733826	Kocak	bootstrap	114.0
	0.4974375747325954	Kocak	bootstrap	115.0
	0.5172080024099563	Kocak	bootstrap	116.0
	0.5558982870931737	Kocak	bootstrap	117.0
	0.6029374358782276	Kocak	bootstrap	118.0
	0.28781423591637756	Kocak	bootstrap	119.0
	0.5111054573112854	Kocak	bootstrap	120.0
	0.5877957028880099	Kocak	bootstrap	121.0
	0.5212922093824592	Kocak	bootstrap	122.0
	0.6633288571504417	Kocak	bootstrap	123.0
	0.4162378101004105	Kocak	bootstrap	124.0
	0.460465327379759	Kocak	bootstrap	125.0
	0.402478520724344	Kocak	bootstrap	126.0
	0.4753502488554857	Kocak	bootstrap	127.0
	0.5624855797661903	Kocak	bootstrap	128.0
	0.4132011103750113	Kocak	bootstrap	129.0
	0.3792128158927457	Kocak	bootstrap	130.0
	0.45582174499663175	Kocak	bootstrap	131.0
	0.5061084223857133	Kocak	bootstrap	132.0
	0.5288140576866263	Kocak	bootstrap	133.0
	0.41249488176577653	Kocak	bootstrap	134.0
	0.34683695355724176	Kocak	bootstrap	135.0
	0.4795556958797582	Kocak	bootstrap	136.0
	0.43482631064018795	Kocak	bootstrap	137.0
	0.530075328273528	Kocak	bootstrap	138.0
	0.5616137259816041	Kocak	bootstrap	139.0
	0.5618535182269113	Kocak	bootstrap	140.0
	0.48340793780541125	Kocak	bootstrap	141.0
	0.49691543470633004	Kocak	bootstrap	142.0
	0.44892173055917217	Kocak	bootstrap	143.0
	0.514284990392444	Kocak	bootstrap	144.0
	0.4560221886655711	Kocak	bootstrap	145.0
	0.697896003631612	Kocak	bootstrap	146.0
	0.6311584656602172	Kocak	bootstrap	147.0
	0.43553619904708274	Kocak	bootstrap	148.0
	0.4124281853848921	Kocak	bootstrap	149.0
	0.40212948478419364	Kocak	bootstrap	150.0
	0.3557980471333866	Kocak	bootstrap	151.0
	0.4994912867691821	Kocak	bootstrap	152.0
	0.6022423191676705	Kocak	bootstrap	153.0
	0.6271134192118892	Kocak	bootstrap	154.0
	0.5001028375690986	Kocak	bootstrap	155.0
	0.7310974705771733	Kocak	bootstrap	156.0
	0.3910233375878329	Kocak	bootstrap	157.0
	0.5478378442263598	Kocak	bootstrap	158.0
	0.6335794996150623	Kocak	bootstrap	159.0
	0.3312258259637306	Kocak	bootstrap	160.0
	0.4210368050325961	Kocak	bootstrap	161.0
	0.31747894109862473	Kocak	bootstrap	162.0
	0.48061727833892887	Kocak	bootstrap	163.0
	0.38441727730957753	Kocak	bootstrap	164.0
	0.4259158191591137	Kocak	bootstrap	165.0
	0.6025322749519768	Kocak	bootstrap	166.0
	0.6381601192216961	Kocak	bootstrap	167.0
	0.6614262556740407	Kocak	bootstrap	168.0
	0.5598383660442914	Kocak	bootstrap	169.0
	0.5175088072468128	Kocak	bootstrap	170.0
	0.5527928086363203	Kocak	bootstrap	171.0
	0.37760196165957316	Kocak	bootstrap	172.0
	0.5130635835291089	Kocak	bootstrap	173.0
	0.5955208360560729	Kocak	bootstrap	174.0
	0.664113052777874	Kocak	bootstrap	175.0
	0.37169542514175236	Kocak	bootstrap	176.0
	0.5275316197538436	Kocak	bootstrap	177.0
	0.5490735002934488	Kocak	bootstrap	178.0
	0.6556091665031105	Kocak	bootstrap	179.0
	0.474951685610582	Kocak	bootstrap	180.0
	0.4280950472289682	Kocak	bootstrap	181.0
	0.6325248395812162	Kocak	bootstrap	182.0
	0.3623130669239254	Kocak	bootstrap	183.0
	0.515531323183446	Kocak	bootstrap	184.0
	0.5382998594162625	Kocak	bootstrap	185.0
	0.4479454157197007	Kocak	bootstrap	186.0
	0.5312333365094735	Kocak	bootstrap	187.0
	0.5491615454724164	Kocak	bootstrap	188.0
	0.6691213067024364	Kocak	bootstrap	189.0
	0.587272169147615	Kocak	bootstrap	190.0
	0.6019577969551815	Kocak	bootstrap	191.0
	0.4709846578573105	Kocak	bootstrap	192.0
	0.37868164185595576	Kocak	bootstrap	193.0
	0.35407496501805147	Kocak	bootstrap	194.0
	0.3831570228786316	Kocak	bootstrap	195.0
	0.5426421265441115	Kocak	bootstrap	196.0
	0.6198879518495937	Kocak	bootstrap	197.0
	0.30108985223845863	Kocak	bootstrap	198.0
	0.413146204020447	Kocak	bootstrap	199.0
	0.5338059256035677	Kocak	bootstrap	200.0
	0.33853238332605784	Kocak	bootstrap	201.0
	0.5007926392343767	Kocak	bootstrap	202.0
	0.6541747622888945	Kocak	bootstrap	203.0
	0.3280411943071746	Kocak	bootstrap	204.0
	0.4264393705519862	Kocak	bootstrap	205.0
	0.42973363693537525	Kocak	bootstrap	206.0
	0.3809014321390536	Kocak	bootstrap	207.0
	0.3448939456529154	Kocak	bootstrap	208.0
	0.6232521049475506	Kocak	bootstrap	209.0
	0.4443503032266394	Kocak	bootstrap	210.0
	0.46841833456003545	Kocak	bootstrap	211.0
	0.6305196230978876	Kocak	bootstrap	212.0
	0.29511404969976107	Kocak	bootstrap	213.0
	0.5281871485377025	Kocak	bootstrap	214.0
	0.5270203601267087	Kocak	bootstrap	215.0
	0.5583669453077182	Kocak	bootstrap	216.0
	0.33447442407132844	Kocak	bootstrap	217.0
	0.6811883181821159	Kocak	bootstrap	218.0
	0.48397892163987244	Kocak	bootstrap	219.0
	0.459281605305883	Kocak	bootstrap	220.0
	0.4295848318788411	Kocak	bootstrap	221.0
	0.5219806250829544	Kocak	bootstrap	222.0
	0.4894673595567802	Kocak	bootstrap	223.0
	0.5369205034937967	Kocak	bootstrap	224.0
	0.36735990037158883	Kocak	bootstrap	225.0
	0.6071185206449434	Kocak	bootstrap	226.0
	0.5567212258554695	Kocak	bootstrap	227.0
	0.6404498099920586	Kocak	bootstrap	228.0
	0.5344380830562989	Kocak	bootstrap	229.0
	0.3403843262030306	Kocak	bootstrap	230.0
	0.5676866171949504	Kocak	bootstrap	231.0
	0.5168862243913894	Kocak	bootstrap	232.0
	0.49871582990474117	Kocak	bootstrap	233.0
	0.5334874768013247	Kocak	bootstrap	234.0
	0.6484085271227107	Kocak	bootstrap	235.0
	0.5734370624217191	Kocak	bootstrap	236.0
	0.6128402598810969	Kocak	bootstrap	237.0
	0.4021295873805171	Kocak	bootstrap	238.0
	0.5737104688570276	Kocak	bootstrap	239.0
	0.46420140013712974	Kocak	bootstrap	240.0
	0.5029647774875974	Kocak	bootstrap	241.0
	0.4722273849911418	Kocak	bootstrap	242.0
	0.4998690424523078	Kocak	bootstrap	243.0
	0.3402184759816578	Kocak	bootstrap	244.0
	0.4076675711840765	Kocak	bootstrap	245.0
	0.6715618968295458	Kocak	bootstrap	246.0
	0.40409138743486617	Kocak	bootstrap	247.0
	0.5330485172951147	Kocak	bootstrap	248.0
	0.37782966120815864	Kocak	bootstrap	249.0
	0.49055354321671274	Kocak	bootstrap	250.0
	0.49041459554047995	Kocak	bootstrap	251.0
	0.6347650121354618	Kocak	bootstrap	252.0
	0.5052997062772482	Kocak	bootstrap	253.0
	0.6311054614790983	Kocak	bootstrap	254.0
	0.3608570167948204	Kocak	bootstrap	255.0
	0.5169131587378528	Kocak	bootstrap	256.0
	0.42269228192618735	Kocak	bootstrap	257.0
	0.562622108785241	Kocak	bootstrap	258.0
	0.703805589085329	Kocak	bootstrap	259.0
	0.5203570535381332	Kocak	bootstrap	260.0
	0.5620394907615829	Kocak	bootstrap	261.0
	0.38085295647231954	Kocak	bootstrap	262.0
	0.3904924188858905	Kocak	bootstrap	263.0
	0.4624936668811239	Kocak	bootstrap	264.0
	0.4378668280077078	Kocak	bootstrap	265.0
	0.5362412535871934	Kocak	bootstrap	266.0
	0.7470567803415138	Kocak	bootstrap	267.0
	0.6968078727024043	Kocak	bootstrap	268.0
	0.487217392709284	Kocak	bootstrap	269.0
	0.4852107012167757	Kocak	bootstrap	270.0
	0.6815787290111004	Kocak	bootstrap	271.0
	0.5911625487048564	Kocak	bootstrap	272.0
	0.5968741465893359	Kocak	bootstrap	273.0
	0.3920192894794696	Kocak	bootstrap	274.0
	0.45609875231227104	Kocak	bootstrap	275.0
	0.38903296374335206	Kocak	bootstrap	276.0
	0.5690290691601501	Kocak	bootstrap	277.0
	0.43502893960032374	Kocak	bootstrap	278.0
	0.39859456360306567	Kocak	bootstrap	279.0
	0.4868350570072817	Kocak	bootstrap	280.0
	0.5181616136465053	Kocak	bootstrap	281.0
	0.551821763101092	Kocak	bootstrap	282.0
	0.4702707161124322	Kocak	bootstrap	283.0
	0.5069654481351344	Kocak	bootstrap	284.0
	0.557974755616486	Kocak	bootstrap	285.0
	0.5811128607414586	Kocak	bootstrap	286.0
	0.567382179743237	Kocak	bootstrap	287.0
	0.5216779767070614	Kocak	bootstrap	288.0
	0.6022097886576314	Kocak	bootstrap	289.0
	0.45436384548746034	Kocak	bootstrap	290.0
	0.5759482906826361	Kocak	bootstrap	291.0
	0.4777000919278507	Kocak	bootstrap	292.0
	0.584206618521455	Kocak	bootstrap	293.0
	0.49454735915574144	Kocak	bootstrap	294.0
	0.6432236102013023	Kocak	bootstrap	295.0
	0.4412551865380223	Kocak	bootstrap	296.0
	0.6011917162460372	Kocak	bootstrap	297.0
	0.3340148136893002	Kocak	bootstrap	298.0
	0.5199503199070175	Kocak	bootstrap	299.0
	0.4942871521858283	Kocak	bootstrap	300.0
	0.5322228527185513	Kocak	bootstrap	301.0
	0.6150544251305035	Kocak	bootstrap	302.0
	0.6828273041576933	Kocak	bootstrap	303.0
	0.4794755536082378	Kocak	bootstrap	304.0
	0.3914565456075736	Kocak	bootstrap	305.0
	0.5115929336066647	Kocak	bootstrap	306.0
	0.6857151911238439	Kocak	bootstrap	307.0
	0.4025948439594358	Kocak	bootstrap	308.0
	0.5806945705099849	Kocak	bootstrap	309.0
	0.48579218898180754	Kocak	bootstrap	310.0
	0.6281018990982172	Kocak	bootstrap	311.0
	0.5940928688329716	Kocak	bootstrap	312.0
	0.4892732450493682	Kocak	bootstrap	313.0
	0.575065235630968	Kocak	bootstrap	314.0
	0.5101105063874956	Kocak	bootstrap	315.0
	0.3980755038105097	Kocak	bootstrap	316.0
	0.6478031363931462	Kocak	bootstrap	317.0
	0.4598861587953298	Kocak	bootstrap	318.0
	0.5594881188302674	Kocak	bootstrap	319.0
	0.4225889605797559	Kocak	bootstrap	320.0
	0.6232015842105221	Kocak	bootstrap	321.0
	0.4354907824552945	Kocak	bootstrap	322.0
	0.4479003413354956	Kocak	bootstrap	323.0
	0.5610923318157854	Kocak	bootstrap	324.0
	0.487450531949726	Kocak	bootstrap	325.0
	0.43944320154425576	Kocak	bootstrap	326.0
	0.6661490798252574	Kocak	bootstrap	327.0
	0.4543041523831084	Kocak	bootstrap	328.0
	0.3713865593888097	Kocak	bootstrap	329.0
	0.5280612118726156	Kocak	bootstrap	330.0
	0.42189043688275607	Kocak	bootstrap	331.0
	0.6656536229962389	Kocak	bootstrap	332.0
	0.694015058103147	Kocak	bootstrap	333.0
	0.27946127766687257	Kocak	bootstrap	334.0
	0.40815868919665954	Kocak	bootstrap	335.0
	0.517400174639624	Kocak	bootstrap	336.0
	0.6073204450907324	Kocak	bootstrap	337.0
	0.36241181826926727	Kocak	bootstrap	338.0
	0.5547800046565512	Kocak	bootstrap	339.0
	0.47333837588894934	Kocak	bootstrap	340.0
	0.32669052033504586	Kocak	bootstrap	341.0
	0.34320227685212945	Kocak	bootstrap	342.0
	0.38001460912756313	Kocak	bootstrap	343.0
	0.4929409742193993	Kocak	bootstrap	344.0
	0.42271342929797173	Kocak	bootstrap	345.0
	0.5842077549957874	Kocak	bootstrap	346.0
	0.5670877084970174	Kocak	bootstrap	347.0
	0.4247113147176007	Kocak	bootstrap	348.0
	0.4193970066596542	Kocak	bootstrap	349.0
	0.3467530280532891	Kocak	bootstrap	350.0
	0.4201753182724186	Kocak	bootstrap	351.0
	0.6615722588443891	Kocak	bootstrap	352.0
	0.4787386710081165	Kocak	bootstrap	353.0
	0.40367976040567344	Kocak	bootstrap	354.0
	0.41637638031994184	Kocak	bootstrap	355.0
	0.5651389639032152	Kocak	bootstrap	356.0
	0.45365308043249053	Kocak	bootstrap	357.0
	0.42214122885741157	Kocak	bootstrap	358.0
	0.647514257222618	Kocak	bootstrap	359.0
	0.532424749550025	Kocak	bootstrap	360.0
	0.5992598666388118	Kocak	bootstrap	361.0
	0.5008842998376339	Kocak	bootstrap	362.0
	0.67095453068079	Kocak	bootstrap	363.0
	0.45889418161168605	Kocak	bootstrap	364.0
	0.4093001850933873	Kocak	bootstrap	365.0
	0.3201969520153316	Kocak	bootstrap	366.0
	0.4615856000263143	Kocak	bootstrap	367.0
	0.6709505025106588	Kocak	bootstrap	368.0
	0.2963693842878272	Kocak	bootstrap	369.0
	0.491884522532438	Kocak	bootstrap	370.0
	0.6024368895568286	Kocak	bootstrap	371.0
	0.5063156285175832	Kocak	bootstrap	372.0
	0.4611762265238628	Kocak	bootstrap	373.0
	0.4803786359649478	Kocak	bootstrap	374.0
	0.40341266704089884	Kocak	bootstrap	375.0
	0.41993095348858	Kocak	bootstrap	376.0
	0.6614537854036473	Kocak	bootstrap	377.0
	0.6378164851505095	Kocak	bootstrap	378.0
	0.4083356459159586	Kocak	bootstrap	379.0
	0.2767674690199686	Kocak	bootstrap	380.0
	0.35987265777192246	Kocak	bootstrap	381.0
	0.5700983758807845	Kocak	bootstrap	382.0
	0.3088759740377456	Kocak	bootstrap	383.0
	0.4504332317125712	Kocak	bootstrap	384.0
	0.5597815130998014	Kocak	bootstrap	385.0
	0.5529176207591568	Kocak	bootstrap	386.0
	0.45778899733430256	Kocak	bootstrap	387.0
	0.48247286362089525	Kocak	bootstrap	388.0
	0.5382056439890937	Kocak	bootstrap	389.0
	0.48914270799622583	Kocak	bootstrap	390.0
	0.59908596948216	Kocak	bootstrap	391.0
	0.5065465948029453	Kocak	bootstrap	392.0
	0.515530163471746	Kocak	bootstrap	393.0
	0.48050865116274144	Kocak	bootstrap	394.0
	0.5435483566462755	Kocak	bootstrap	395.0
	0.3686804101976979	Kocak	bootstrap	396.0
	0.38122624060923727	Kocak	bootstrap	397.0
	0.5482551090256083	Kocak	bootstrap	398.0
	0.503698927313974	Kocak	bootstrap	399.0
	0.64667468278174	Kocak	bootstrap	400.0
	0.38862345672856335	Kocak	bootstrap	401.0
	0.3839304960455112	Kocak	bootstrap	402.0
	0.5723030788783618	Kocak	bootstrap	403.0
	0.37943967824856983	Kocak	bootstrap	404.0
	0.5609913315496544	Kocak	bootstrap	405.0
	0.5723322366477865	Kocak	bootstrap	406.0
	0.4901519771080265	Kocak	bootstrap	407.0
	0.4217673722309798	Kocak	bootstrap	408.0
	0.5026638311777769	Kocak	bootstrap	409.0
	0.5308460272003561	Kocak	bootstrap	410.0
	0.4676821314875039	Kocak	bootstrap	411.0
	0.5818744256032709	Kocak	bootstrap	412.0
	0.44767128642286513	Kocak	bootstrap	413.0
	0.3982086977524366	Kocak	bootstrap	414.0
	0.38435977760762663	Kocak	bootstrap	415.0
	0.48417028845731425	Kocak	bootstrap	416.0
	0.4029584202647336	Kocak	bootstrap	417.0
	0.6205177005572557	Kocak	bootstrap	418.0
	0.3980545138856657	Kocak	bootstrap	419.0
	0.49080397288335487	Kocak	bootstrap	420.0
	0.6053758617277039	Kocak	bootstrap	421.0
	0.6493107845856718	Kocak	bootstrap	422.0
	0.6478142352119742	Kocak	bootstrap	423.0
	0.5744382733316726	Kocak	bootstrap	424.0
	0.5399071723525468	Kocak	bootstrap	425.0
	0.49589925879877805	Kocak	bootstrap	426.0
	0.5343274369350519	Kocak	bootstrap	427.0
	0.604584481091309	Kocak	bootstrap	428.0
	0.5301314097159717	Kocak	bootstrap	429.0
	0.39315345487848186	Kocak	bootstrap	430.0
	0.5170882355600228	Kocak	bootstrap	431.0
	0.6388980178199297	Kocak	bootstrap	432.0
	0.4419748074187817	Kocak	bootstrap	433.0
	0.5617214664753036	Kocak	bootstrap	434.0
	0.42074102627429033	Kocak	bootstrap	435.0
	0.6184187761380473	Kocak	bootstrap	436.0
	0.3321700039825042	Kocak	bootstrap	437.0
	0.52151061241721	Kocak	bootstrap	438.0
	0.33202722496389825	Kocak	bootstrap	439.0
	0.46409302119168583	Kocak	bootstrap	440.0
	0.3890556158690228	Kocak	bootstrap	441.0
	0.35502035989368785	Kocak	bootstrap	442.0
	0.500745581226937	Kocak	bootstrap	443.0
	0.4820542531384189	Kocak	bootstrap	444.0
	0.6023455169470422	Kocak	bootstrap	445.0
	0.38649794546561056	Kocak	bootstrap	446.0
	0.3991984996595668	Kocak	bootstrap	447.0
	0.4224635922333668	Kocak	bootstrap	448.0
	0.5023315397797679	Kocak	bootstrap	449.0
	0.635757453592726	Kocak	bootstrap	450.0
	0.5074804797160155	Kocak	bootstrap	451.0
	0.4724651842293994	Kocak	bootstrap	452.0
	0.45932772249309384	Kocak	bootstrap	453.0
	0.5199566105597149	Kocak	bootstrap	454.0
	0.477446989880832	Kocak	bootstrap	455.0
	0.3454878083469404	Kocak	bootstrap	456.0
	0.3791181656889604	Kocak	bootstrap	457.0
	0.5988192871560432	Kocak	bootstrap	458.0
	0.6338033428770333	Kocak	bootstrap	459.0
	0.5484382614648275	Kocak	bootstrap	460.0
	0.6378512094323008	Kocak	bootstrap	461.0
	0.5012045626292747	Kocak	bootstrap	462.0
	0.3187678459986296	Kocak	bootstrap	463.0
	0.5029768638673935	Kocak	bootstrap	464.0
	0.6337438877695871	Kocak	bootstrap	465.0
	0.4134693200737698	Kocak	bootstrap	466.0
	0.4247513361845696	Kocak	bootstrap	467.0
	0.381599542115294	Kocak	bootstrap	468.0
	0.3575775205775713	Kocak	bootstrap	469.0
	0.5566989342302686	Kocak	bootstrap	470.0
	0.4978632923905808	Kocak	bootstrap	471.0
	0.5304746845857737	Kocak	bootstrap	472.0
	0.49755624381854613	Kocak	bootstrap	473.0
	0.3800308794815739	Kocak	bootstrap	474.0
	0.5657918108821383	Kocak	bootstrap	475.0
	0.4396895394942444	Kocak	bootstrap	476.0
	0.3298512434712215	Kocak	bootstrap	477.0
	0.5514522776511797	Kocak	bootstrap	478.0
	0.5236666926945159	Kocak	bootstrap	479.0
	0.1861352832234	Kocak	bootstrap	480.0
	0.4208732428133013	Kocak	bootstrap	481.0
	0.5153590733381379	Kocak	bootstrap	482.0
	0.4602484423869777	Kocak	bootstrap	483.0
	0.47218902699383225	Kocak	bootstrap	484.0
	0.4493890604611481	Kocak	bootstrap	485.0
	0.502482896499195	Kocak	bootstrap	486.0
	0.41692781930285205	Kocak	bootstrap	487.0
	0.5773356234653488	Kocak	bootstrap	488.0
	0.5782831518522387	Kocak	bootstrap	489.0
	0.4162706522344797	Kocak	bootstrap	490.0
	0.6385767487340384	Kocak	bootstrap	491.0
	0.44516678308675406	Kocak	bootstrap	492.0
	0.4631279578415999	Kocak	bootstrap	493.0
	0.619741200484027	Kocak	bootstrap	494.0
	0.5126401209165126	Kocak	bootstrap	495.0
	0.5342036588711441	Kocak	bootstrap	496.0
	0.5341939498729236	Kocak	bootstrap	497.0
	0.33511037941611566	Kocak	bootstrap	498.0
	0.43651716945133723	Kocak	bootstrap	499.0
	0.6316346393795733	Kocak	bootstrap	500.0
	0.38218789191153935	Kocak	bootstrap	501.0
	0.49591394627456387	Kocak	bootstrap	502.0
	0.5670602396163025	Kocak	bootstrap	503.0
	0.39439092700155376	Kocak	bootstrap	504.0
	0.5392824952434236	Kocak	bootstrap	505.0
	0.3469957506666743	Kocak	bootstrap	506.0
	0.5274661369810691	Kocak	bootstrap	507.0
	0.4300344612491971	Kocak	bootstrap	508.0
	0.3871772942288412	Kocak	bootstrap	509.0
	0.7522976472501397	Kocak	bootstrap	510.0
	0.6172082608638307	Kocak	bootstrap	511.0
	0.4245569662948001	Kocak	bootstrap	512.0
	0.21115358136860607	Kocak	bootstrap	513.0
	0.6196918179045499	Kocak	bootstrap	514.0
	0.5042785057587991	Kocak	bootstrap	515.0
	0.4396959924962678	Kocak	bootstrap	516.0
	0.4054216028630049	Kocak	bootstrap	517.0
	0.4789326954301365	Kocak	bootstrap	518.0
	0.3684834333515945	Kocak	bootstrap	519.0
	0.5815120813553354	Kocak	bootstrap	520.0
	0.44053351909170724	Kocak	bootstrap	521.0
	0.33438714240303113	Kocak	bootstrap	522.0
	0.4751556141231452	Kocak	bootstrap	523.0
	0.4082608127297207	Kocak	bootstrap	524.0
	0.4678369933229303	Kocak	bootstrap	525.0
	0.5506932574781169	Kocak	bootstrap	526.0
	0.4990643199648428	Kocak	bootstrap	527.0
	0.4978207468860325	Kocak	bootstrap	528.0
	0.33427177537144237	Kocak	bootstrap	529.0
	0.4829742331172242	Kocak	bootstrap	530.0
	0.5123320339347415	Kocak	bootstrap	531.0
	0.5829478879386585	Kocak	bootstrap	532.0
	0.4003891346438566	Kocak	bootstrap	533.0
	0.5077884888863093	Kocak	bootstrap	534.0
	0.49578000490505403	Kocak	bootstrap	535.0
	0.5179832718743813	Kocak	bootstrap	536.0
	0.45369401379026897	Kocak	bootstrap	537.0
	0.56256515545018	Kocak	bootstrap	538.0
	0.658955562004961	Kocak	bootstrap	539.0
	0.5616535978786863	Kocak	bootstrap	540.0
	0.6421726472914382	Kocak	bootstrap	541.0
	0.40761154370415076	Kocak	bootstrap	542.0
	0.4558606795821385	Kocak	bootstrap	543.0
	0.5564252456478425	Kocak	bootstrap	544.0
	0.52378708747794	Kocak	bootstrap	545.0
	0.4384964831367961	Kocak	bootstrap	546.0
	0.4926043740033603	Kocak	bootstrap	547.0
	0.4571598267635162	Kocak	bootstrap	548.0
	0.6004878595859813	Kocak	bootstrap	549.0
	0.4737012367616593	Kocak	bootstrap	550.0
	0.41507647159673455	Kocak	bootstrap	551.0
	0.45477794046328146	Kocak	bootstrap	552.0
	0.4702164763086265	Kocak	bootstrap	553.0
	0.5155897427271636	Kocak	bootstrap	554.0
	0.5398165713135223	Kocak	bootstrap	555.0
	0.45587379942711337	Kocak	bootstrap	556.0
	0.6327388616042975	Kocak	bootstrap	557.0
	0.5270364690399458	Kocak	bootstrap	558.0
	0.4387244308644269	Kocak	bootstrap	559.0
	0.5485007405824578	Kocak	bootstrap	560.0
	0.47501258750254527	Kocak	bootstrap	561.0
	0.5572081641043076	Kocak	bootstrap	562.0
	0.48708984259438326	Kocak	bootstrap	563.0
	0.6031511497929203	Kocak	bootstrap	564.0
	0.3911854566005166	Kocak	bootstrap	565.0
	0.5414946126697076	Kocak	bootstrap	566.0
	0.5958859173311861	Kocak	bootstrap	567.0
	0.3650759945227815	Kocak	bootstrap	568.0
	0.4616017687231162	Kocak	bootstrap	569.0
	0.43772986669164204	Kocak	bootstrap	570.0
	0.41425420858272544	Kocak	bootstrap	571.0
	0.4417019448236905	Kocak	bootstrap	572.0
	0.3474405089500725	Kocak	bootstrap	573.0
	0.351933677559912	Kocak	bootstrap	574.0
	0.5828051704985007	Kocak	bootstrap	575.0
	0.49374512417731875	Kocak	bootstrap	576.0
	0.4737838316827112	Kocak	bootstrap	577.0
	0.5936122345356787	Kocak	bootstrap	578.0
	0.4535855588273927	Kocak	bootstrap	579.0
	0.44320854295050527	Kocak	bootstrap	580.0
	0.4767432605157369	Kocak	bootstrap	581.0
	0.4047831232991683	Kocak	bootstrap	582.0
	0.396755023528518	Kocak	bootstrap	583.0
	0.4436507793181246	Kocak	bootstrap	584.0
	0.6405815449363601	Kocak	bootstrap	585.0
	0.5500070192000033	Kocak	bootstrap	586.0
	0.5440203508535939	Kocak	bootstrap	587.0
	0.4783196710164228	Kocak	bootstrap	588.0
	0.47807134648370697	Kocak	bootstrap	589.0
	0.4617513571655989	Kocak	bootstrap	590.0
	0.5389143493722517	Kocak	bootstrap	591.0
	0.6597355829556415	Kocak	bootstrap	592.0
	0.6179164579247685	Kocak	bootstrap	593.0
	0.4598176556984601	Kocak	bootstrap	594.0
	0.5377846259086878	Kocak	bootstrap	595.0
	0.6155077598148986	Kocak	bootstrap	596.0
	0.6186169597319178	Kocak	bootstrap	597.0
	0.36402719010351303	Kocak	bootstrap	598.0
	0.35597175303567186	Kocak	bootstrap	599.0
	0.3299390593358966	Kocak	bootstrap	600.0
	0.5441931866870968	Kocak	bootstrap	601.0
	0.4749550779531688	Kocak	bootstrap	602.0
	0.45373568292109256	Kocak	bootstrap	603.0
	0.4646000725591177	Kocak	bootstrap	604.0
	0.5002548418021213	Kocak	bootstrap	605.0
	0.5881558166238543	Kocak	bootstrap	606.0
	0.49620813144060794	Kocak	bootstrap	607.0
	0.4866152437907414	Kocak	bootstrap	608.0
	0.5983611385722143	Kocak	bootstrap	609.0
	0.2602911173320006	Kocak	bootstrap	610.0
	0.5144093336820643	Kocak	bootstrap	611.0
	0.42513767974616457	Kocak	bootstrap	612.0
	0.3337167887753134	Kocak	bootstrap	613.0
	0.5340682316872432	Kocak	bootstrap	614.0
	0.48797141900876717	Kocak	bootstrap	615.0
	0.49337408544721084	Kocak	bootstrap	616.0
	0.3908151168759404	Kocak	bootstrap	617.0
	0.5679147949171721	Kocak	bootstrap	618.0
	0.528173251921586	Kocak	bootstrap	619.0
	0.5087540561413211	Kocak	bootstrap	620.0
	0.5413330753820098	Kocak	bootstrap	621.0
	0.5547769816637107	Kocak	bootstrap	622.0
	0.6023328441752751	Kocak	bootstrap	623.0
	0.5021190588567874	Kocak	bootstrap	624.0
	0.3714173363264086	Kocak	bootstrap	625.0
	0.5831259190658242	Kocak	bootstrap	626.0
	0.45124247128827655	Kocak	bootstrap	627.0
	0.4228381465406681	Kocak	bootstrap	628.0
	0.4565566984991194	Kocak	bootstrap	629.0
	0.4865977997951685	Kocak	bootstrap	630.0
	0.44370048400491013	Kocak	bootstrap	631.0
	0.5740402797604038	Kocak	bootstrap	632.0
	0.46228526145725457	Kocak	bootstrap	633.0
	0.5872020938025564	Kocak	bootstrap	634.0
	0.5007768396449452	Kocak	bootstrap	635.0
	0.5569010097292018	Kocak	bootstrap	636.0
	0.37798944976259063	Kocak	bootstrap	637.0
	0.49229214772819097	Kocak	bootstrap	638.0
	0.42728895111184384	Kocak	bootstrap	639.0
	0.3444048962641184	Kocak	bootstrap	640.0
	0.5872395274025086	Kocak	bootstrap	641.0
	0.39772128761622705	Kocak	bootstrap	642.0
	0.5348733743070837	Kocak	bootstrap	643.0
	0.33932902711512636	Kocak	bootstrap	644.0
	0.6743860908358417	Kocak	bootstrap	645.0
	0.4314509627747749	Kocak	bootstrap	646.0
	0.4026791834568475	Kocak	bootstrap	647.0
	0.6177840381879514	Kocak	bootstrap	648.0
	0.3868900281293626	Kocak	bootstrap	649.0
	0.3717251748901784	Kocak	bootstrap	650.0
	0.36627505317582765	Kocak	bootstrap	651.0
	0.4651085915458104	Kocak	bootstrap	652.0
	0.4387976067442598	Kocak	bootstrap	653.0
	0.5123045691211532	Kocak	bootstrap	654.0
	0.5277543217599461	Kocak	bootstrap	655.0
	0.40336743401448594	Kocak	bootstrap	656.0
	0.4949498386964364	Kocak	bootstrap	657.0
	0.42762492115682704	Kocak	bootstrap	658.0
	0.46523429087813506	Kocak	bootstrap	659.0
	0.3575178985367975	Kocak	bootstrap	660.0
	0.41067166487493845	Kocak	bootstrap	661.0
	0.48346416199024533	Kocak	bootstrap	662.0
	0.36788152164580845	Kocak	bootstrap	663.0
	0.4871841846457392	Kocak	bootstrap	664.0
	0.4491812145695864	Kocak	bootstrap	665.0
	0.4811611840168961	Kocak	bootstrap	666.0
	0.3902226982892407	Kocak	bootstrap	667.0
	0.4429217628334001	Kocak	bootstrap	668.0
	0.42305211838445267	Kocak	bootstrap	669.0
	0.5960692030862731	Kocak	bootstrap	670.0
	0.6683153896240794	Kocak	bootstrap	671.0
	0.6243181950927532	Kocak	bootstrap	672.0
	0.5161511517138528	Kocak	bootstrap	673.0
	0.37150797393050494	Kocak	bootstrap	674.0
	0.4535120729706539	Kocak	bootstrap	675.0
	0.3907880818284153	Kocak	bootstrap	676.0
	0.4511454280257796	Kocak	bootstrap	677.0
	0.5597573249395089	Kocak	bootstrap	678.0
	0.39211925459519303	Kocak	bootstrap	679.0
	0.4981638361278389	Kocak	bootstrap	680.0
	0.5461358819885493	Kocak	bootstrap	681.0
	0.6118434514079998	Kocak	bootstrap	682.0
	0.5438896483327853	Kocak	bootstrap	683.0
	0.5276322268014608	Kocak	bootstrap	684.0
	0.5067766002725773	Kocak	bootstrap	685.0
	0.4320680047124119	Kocak	bootstrap	686.0
	0.40958504223981107	Kocak	bootstrap	687.0
	0.3814425020363559	Kocak	bootstrap	688.0
	0.5133450588025514	Kocak	bootstrap	689.0
	0.4093277743682995	Kocak	bootstrap	690.0
	0.47084753312100114	Kocak	bootstrap	691.0
	0.4510108450939567	Kocak	bootstrap	692.0
	0.5188545028054121	Kocak	bootstrap	693.0
	0.26098298940154496	Kocak	bootstrap	694.0
	0.41490157319318355	Kocak	bootstrap	695.0
	0.36820833105292117	Kocak	bootstrap	696.0
	0.41885870345816256	Kocak	bootstrap	697.0
	0.474454015057884	Kocak	bootstrap	698.0
	0.5521876328002553	Kocak	bootstrap	699.0
	0.4790267898900984	Kocak	bootstrap	700.0
	0.5945698896625475	Kocak	bootstrap	701.0
	0.8009729453969823	Kocak	bootstrap	702.0
	0.4815709217308384	Kocak	bootstrap	703.0
	0.525076620920494	Kocak	bootstrap	704.0
	0.38451954129989874	Kocak	bootstrap	705.0
	0.4625002988025644	Kocak	bootstrap	706.0
	0.37582499479333276	Kocak	bootstrap	707.0
	0.5551331091881724	Kocak	bootstrap	708.0
	0.39733868035426445	Kocak	bootstrap	709.0
	0.3581314671468028	Kocak	bootstrap	710.0
	0.4908554860803944	Kocak	bootstrap	711.0
	0.7264012583242851	Kocak	bootstrap	712.0
	0.5055673967097767	Kocak	bootstrap	713.0
	0.3152695155129033	Kocak	bootstrap	714.0
	0.630910019643061	Kocak	bootstrap	715.0
	0.48562672585672306	Kocak	bootstrap	716.0
	0.501350340030037	Kocak	bootstrap	717.0
	0.43970714753883566	Kocak	bootstrap	718.0
	0.5020225201187696	Kocak	bootstrap	719.0
	0.441952580887659	Kocak	bootstrap	720.0
	0.5564773693190843	Kocak	bootstrap	721.0
	0.40424821677388323	Kocak	bootstrap	722.0
	0.545685157666953	Kocak	bootstrap	723.0
	0.545296368951504	Kocak	bootstrap	724.0
	0.6206573139892688	Kocak	bootstrap	725.0
	0.38832629532454543	Kocak	bootstrap	726.0
	0.4634732596711024	Kocak	bootstrap	727.0
	0.4575961350985849	Kocak	bootstrap	728.0
	0.555345264668532	Kocak	bootstrap	729.0
	0.3583987240472588	Kocak	bootstrap	730.0
	0.5259589660522868	Kocak	bootstrap	731.0
	0.3862339714898293	Kocak	bootstrap	732.0
	0.6822920796312753	Kocak	bootstrap	733.0
	0.5725557684909788	Kocak	bootstrap	734.0
	0.4538762010039563	Kocak	bootstrap	735.0
	0.3719018831944396	Kocak	bootstrap	736.0
	0.662801459763867	Kocak	bootstrap	737.0
	0.25949775489660487	Kocak	bootstrap	738.0
	0.5037759784158395	Kocak	bootstrap	739.0
	0.5333908898374418	Kocak	bootstrap	740.0
	0.5556473549958936	Kocak	bootstrap	741.0
	0.558198089127111	Kocak	bootstrap	742.0
	0.38138877463901233	Kocak	bootstrap	743.0
	0.5428975803335354	Kocak	bootstrap	744.0
	0.43213896077557834	Kocak	bootstrap	745.0
	0.587992629679186	Kocak	bootstrap	746.0
	0.5257455013811021	Kocak	bootstrap	747.0
	0.3787691804043831	Kocak	bootstrap	748.0
	0.5758041940229659	Kocak	bootstrap	749.0
	0.4154488327573347	Kocak	bootstrap	750.0
	0.3387278662189086	Kocak	bootstrap	751.0
	0.6166512846897385	Kocak	bootstrap	752.0
	0.56906551937261	Kocak	bootstrap	753.0
	0.5364880665944236	Kocak	bootstrap	754.0
	0.39356623342084296	Kocak	bootstrap	755.0
	0.5726581244586679	Kocak	bootstrap	756.0
	0.4837049158336715	Kocak	bootstrap	757.0
	0.30778342098616696	Kocak	bootstrap	758.0
	0.4772216205876978	Kocak	bootstrap	759.0
	0.44718031311059914	Kocak	bootstrap	760.0
	0.47061713030189356	Kocak	bootstrap	761.0
	0.5269936308839887	Kocak	bootstrap	762.0
	0.5271621575386587	Kocak	bootstrap	763.0
	0.4871550015549633	Kocak	bootstrap	764.0
	0.480869140142389	Kocak	bootstrap	765.0
	0.3137400519007496	Kocak	bootstrap	766.0
	0.5829360287757352	Kocak	bootstrap	767.0
	0.36139289294115695	Kocak	bootstrap	768.0
	0.5486111445840498	Kocak	bootstrap	769.0
	0.4897436517375029	Kocak	bootstrap	770.0
	0.5184028486392664	Kocak	bootstrap	771.0
	0.5487908040785285	Kocak	bootstrap	772.0
	0.45476891619309123	Kocak	bootstrap	773.0
	0.49364192030921084	Kocak	bootstrap	774.0
	0.5017806808565575	Kocak	bootstrap	775.0
	0.44879378908939715	Kocak	bootstrap	776.0
	0.5554753300750637	Kocak	bootstrap	777.0
	0.49809194999078876	Kocak	bootstrap	778.0
	0.3393846188733005	Kocak	bootstrap	779.0
	0.4287648245751403	Kocak	bootstrap	780.0
	0.6180808877554829	Kocak	bootstrap	781.0
	0.4971474615172382	Kocak	bootstrap	782.0
	0.3907165009623328	Kocak	bootstrap	783.0
	0.4730161456262403	Kocak	bootstrap	784.0
	0.39624246405448194	Kocak	bootstrap	785.0
	0.38040848776881253	Kocak	bootstrap	786.0
	0.5172341328421828	Kocak	bootstrap	787.0
	0.3743375448948987	Kocak	bootstrap	788.0
	0.46129354208762363	Kocak	bootstrap	789.0
	0.37119650968914986	Kocak	bootstrap	790.0
	0.4622508877588034	Kocak	bootstrap	791.0
	0.43360542648891665	Kocak	bootstrap	792.0
	0.49227408442535125	Kocak	bootstrap	793.0
	0.47333411638335	Kocak	bootstrap	794.0
	0.5611450223337946	Kocak	bootstrap	795.0
	0.44504586687276326	Kocak	bootstrap	796.0
	0.4484566276505255	Kocak	bootstrap	797.0
	0.5357950503296927	Kocak	bootstrap	798.0
	0.5334681682780844	Kocak	bootstrap	799.0
	0.3314595742253217	Kocak	bootstrap	800.0
	0.44013539407353	Kocak	bootstrap	801.0
	0.6043991433687941	Kocak	bootstrap	802.0
	0.5808190746329456	Kocak	bootstrap	803.0
	0.6129669012431598	Kocak	bootstrap	804.0
	0.5356963684331868	Kocak	bootstrap	805.0
	0.2061697039112813	Kocak	bootstrap	806.0
	0.48164049111096663	Kocak	bootstrap	807.0
	0.42142636640421305	Kocak	bootstrap	808.0
	0.5799781683929708	Kocak	bootstrap	809.0
	0.5010713735480459	Kocak	bootstrap	810.0
	0.5746772137657681	Kocak	bootstrap	811.0
	0.33869747970750375	Kocak	bootstrap	812.0
	0.45737671585469375	Kocak	bootstrap	813.0
	0.6619174478603544	Kocak	bootstrap	814.0
	0.6727540747200473	Kocak	bootstrap	815.0
	0.4511330481943707	Kocak	bootstrap	816.0
	0.46356918823118587	Kocak	bootstrap	817.0
	0.3006490632198342	Kocak	bootstrap	818.0
	0.5181109088200997	Kocak	bootstrap	819.0
	0.361508672300638	Kocak	bootstrap	820.0
	0.3761563803163184	Kocak	bootstrap	821.0
	0.5158176875538438	Kocak	bootstrap	822.0
	0.5116576392287362	Kocak	bootstrap	823.0
	0.4767629523911041	Kocak	bootstrap	824.0
	0.6913157229779103	Kocak	bootstrap	825.0
	0.48521364076090334	Kocak	bootstrap	826.0
	0.6464854508065172	Kocak	bootstrap	827.0
	0.333492573540739	Kocak	bootstrap	828.0
	0.32735277577118005	Kocak	bootstrap	829.0
	0.5178436991308462	Kocak	bootstrap	830.0
	0.5016973425149689	Kocak	bootstrap	831.0
	0.4116736324616088	Kocak	bootstrap	832.0
	0.5939932147523632	Kocak	bootstrap	833.0
	0.4533960564870827	Kocak	bootstrap	834.0
	0.5330339101145287	Kocak	bootstrap	835.0
	0.44271813848856434	Kocak	bootstrap	836.0
	0.5074061243704655	Kocak	bootstrap	837.0
	0.4603869098262505	Kocak	bootstrap	838.0
	0.4398415252832302	Kocak	bootstrap	839.0
	0.4618664135042603	Kocak	bootstrap	840.0
	0.5232648283104409	Kocak	bootstrap	841.0
	0.3410327539478777	Kocak	bootstrap	842.0
	0.470568495943422	Kocak	bootstrap	843.0
	0.3448378770305718	Kocak	bootstrap	844.0
	0.3841521485781283	Kocak	bootstrap	845.0
	0.5596217972901671	Kocak	bootstrap	846.0
	0.47909031609957475	Kocak	bootstrap	847.0
	0.37789604397942345	Kocak	bootstrap	848.0
	0.5577513771001779	Kocak	bootstrap	849.0
	0.38484453676669617	Kocak	bootstrap	850.0
	0.5626060472368142	Kocak	bootstrap	851.0
	0.7641506705036232	Kocak	bootstrap	852.0
	0.34736314237897226	Kocak	bootstrap	853.0
	0.44908725462584664	Kocak	bootstrap	854.0
	0.44092196665454253	Kocak	bootstrap	855.0
	0.45415554464983643	Kocak	bootstrap	856.0
	0.4735358195868238	Kocak	bootstrap	857.0
	0.5135308377130587	Kocak	bootstrap	858.0
	0.4614804498341365	Kocak	bootstrap	859.0
	0.6255155248278026	Kocak	bootstrap	860.0
	0.3566024235884524	Kocak	bootstrap	861.0
	0.5652370765955195	Kocak	bootstrap	862.0
	0.5607226959536384	Kocak	bootstrap	863.0
	0.6864237717665449	Kocak	bootstrap	864.0
	0.5637033547716919	Kocak	bootstrap	865.0
	0.4750879657837057	Kocak	bootstrap	866.0
	0.4964191584215425	Kocak	bootstrap	867.0
	0.42882305261279585	Kocak	bootstrap	868.0
	0.41201339404403603	Kocak	bootstrap	869.0
	0.3978873031667458	Kocak	bootstrap	870.0
	0.41585557313745536	Kocak	bootstrap	871.0
	0.35693534198761734	Kocak	bootstrap	872.0
	0.545495676998788	Kocak	bootstrap	873.0
	0.416770618349533	Kocak	bootstrap	874.0
	0.4504761716247887	Kocak	bootstrap	875.0
	0.32306504987009843	Kocak	bootstrap	876.0
	0.5153317931474763	Kocak	bootstrap	877.0
	0.5707164334453765	Kocak	bootstrap	878.0
	0.3542030597269745	Kocak	bootstrap	879.0
	0.5988343299976644	Kocak	bootstrap	880.0
	0.6869120730661527	Kocak	bootstrap	881.0
	0.35135932904553613	Kocak	bootstrap	882.0
	0.41213542848848705	Kocak	bootstrap	883.0
	0.5445265386273248	Kocak	bootstrap	884.0
	0.5535990744912191	Kocak	bootstrap	885.0
	0.5710961190256865	Kocak	bootstrap	886.0
	0.5992070953199038	Kocak	bootstrap	887.0
	0.29380158916249544	Kocak	bootstrap	888.0
	0.49846092264371444	Kocak	bootstrap	889.0
	0.5946615771611543	Kocak	bootstrap	890.0
	0.5496259144910982	Kocak	bootstrap	891.0
	0.6423717262460356	Kocak	bootstrap	892.0
	0.5597374415082643	Kocak	bootstrap	893.0
	0.3088386075358587	Kocak	bootstrap	894.0
	0.28634589475151984	Kocak	bootstrap	895.0
	0.5521007940944291	Kocak	bootstrap	896.0
	0.4829861105123787	Kocak	bootstrap	897.0
	0.3978751497985873	Kocak	bootstrap	898.0
	0.3568964601692515	Kocak	bootstrap	899.0
	0.5761978332163786	Kocak	bootstrap	900.0
	0.41527995799908	Kocak	bootstrap	901.0
	0.5443518360333344	Kocak	bootstrap	902.0
	0.3912519861038941	Kocak	bootstrap	903.0
	0.48824746742965663	Kocak	bootstrap	904.0
	0.5261976126592227	Kocak	bootstrap	905.0
	0.4399738863770706	Kocak	bootstrap	906.0
	0.3485523139188538	Kocak	bootstrap	907.0
	0.4497928388569057	Kocak	bootstrap	908.0
	0.5716057804901058	Kocak	bootstrap	909.0
	0.45678515399796815	Kocak	bootstrap	910.0
	0.42176926329736064	Kocak	bootstrap	911.0
	0.5120454080726757	Kocak	bootstrap	912.0
	0.4904271252037593	Kocak	bootstrap	913.0
	0.5857138173904297	Kocak	bootstrap	914.0
	0.6141768538418635	Kocak	bootstrap	915.0
	0.5210010004707826	Kocak	bootstrap	916.0
	0.4833365264994467	Kocak	bootstrap	917.0
	0.5417818700442423	Kocak	bootstrap	918.0
	0.3816923970905899	Kocak	bootstrap	919.0
	0.3777619280959317	Kocak	bootstrap	920.0
	0.4840552389449062	Kocak	bootstrap	921.0
	0.4017522161485374	Kocak	bootstrap	922.0
	0.4315541500316069	Kocak	bootstrap	923.0
	0.5518332228283982	Kocak	bootstrap	924.0
	0.46007918194823594	Kocak	bootstrap	925.0
	0.6848507136480086	Kocak	bootstrap	926.0
	0.43698018505077263	Kocak	bootstrap	927.0
	0.6825066529828123	Kocak	bootstrap	928.0
	0.573142354512703	Kocak	bootstrap	929.0
	0.5015098712642265	Kocak	bootstrap	930.0
	0.3986061087779693	Kocak	bootstrap	931.0
	0.49037025758081176	Kocak	bootstrap	932.0
	0.5790916013071148	Kocak	bootstrap	933.0
	0.42972665419543254	Kocak	bootstrap	934.0
	0.5770155434313593	Kocak	bootstrap	935.0
	0.5138041956667618	Kocak	bootstrap	936.0
	0.45806650193904375	Kocak	bootstrap	937.0
	0.474036198706687	Kocak	bootstrap	938.0
	0.5878307503099798	Kocak	bootstrap	939.0
	0.469615233374177	Kocak	bootstrap	940.0
	0.4869076510010317	Kocak	bootstrap	941.0
	0.5915432344526561	Kocak	bootstrap	942.0
	0.5076290101447443	Kocak	bootstrap	943.0
	0.5636699920676347	Kocak	bootstrap	944.0
	0.4934544003723498	Kocak	bootstrap	945.0
	0.4580077005628538	Kocak	bootstrap	946.0
	0.4224451395198545	Kocak	bootstrap	947.0
	0.47691638606537134	Kocak	bootstrap	948.0
	0.4890604479254512	Kocak	bootstrap	949.0
	0.44628443637312465	Kocak	bootstrap	950.0
	0.5753574479879262	Kocak	bootstrap	951.0
	0.41795248663037654	Kocak	bootstrap	952.0
	0.5396398067779868	Kocak	bootstrap	953.0
	0.4356826038178929	Kocak	bootstrap	954.0
	0.5006762329783769	Kocak	bootstrap	955.0
	0.5308616433557649	Kocak	bootstrap	956.0
	0.3595909267062911	Kocak	bootstrap	957.0
	0.35454553219905893	Kocak	bootstrap	958.0
	0.5162015403918336	Kocak	bootstrap	959.0
	0.42039730881737114	Kocak	bootstrap	960.0
	0.39242055414315224	Kocak	bootstrap	961.0
	0.44628600919712813	Kocak	bootstrap	962.0
	0.4690581241412821	Kocak	bootstrap	963.0
	0.35088289628089964	Kocak	bootstrap	964.0
	0.38307890078494644	Kocak	bootstrap	965.0
	0.5594272165743281	Kocak	bootstrap	966.0
	0.349140236882556	Kocak	bootstrap	967.0
	0.5434281897563689	Kocak	bootstrap	968.0
	0.5936295989677856	Kocak	bootstrap	969.0
	0.4362780052918458	Kocak	bootstrap	970.0
	0.48803726889180865	Kocak	bootstrap	971.0
	0.5390282083301416	Kocak	bootstrap	972.0
	0.44539819455318863	Kocak	bootstrap	973.0
	0.5379933273663897	Kocak	bootstrap	974.0
	0.468461528714224	Kocak	bootstrap	975.0
	0.33215284018161295	Kocak	bootstrap	976.0
	0.6274887727577001	Kocak	bootstrap	977.0
	0.4575756213745845	Kocak	bootstrap	978.0
	0.406572402871785	Kocak	bootstrap	979.0
	0.5018354798165863	Kocak	bootstrap	980.0
	0.48623535799314554	Kocak	bootstrap	981.0
	0.412951113695764	Kocak	bootstrap	982.0
	0.46458574695652644	Kocak	bootstrap	983.0
	0.4505394363895019	Kocak	bootstrap	984.0
	0.5604184508297676	Kocak	bootstrap	985.0
	0.39434493737233467	Kocak	bootstrap	986.0
	0.34625101002832537	Kocak	bootstrap	987.0
	0.49106436735647874	Kocak	bootstrap	988.0
	0.5952446322205938	Kocak	bootstrap	989.0
	0.29982681526548705	Kocak	bootstrap	990.0
	0.4179780438754279	Kocak	bootstrap	991.0
	0.413345326304031	Kocak	bootstrap	992.0
	0.3549336443222324	Kocak	bootstrap	993.0
	0.6355846966180461	Kocak	bootstrap	994.0
	0.5469625826028279	Kocak	bootstrap	995.0
	0.5424273534948623	Kocak	bootstrap	996.0
	0.6000531826989604	Kocak	bootstrap	997.0
	0.43919867710944516	Kocak	bootstrap	998.0
	0.5221621798782894	Kocak	bootstrap	999.0
	0.4305625797078907	Kocak	bootstrap	1000.0
	0.5131116095395272	Kocak	bootstrap	1001.0
	0.5153878082370213	Kocak	bootstrap	1002.0
	0.5961855353121628	Kocak	bootstrap	1003.0
	0.4592753473774862	Kocak	bootstrap	1004.0
	0.5294077722982946	Kocak	bootstrap	1005.0
	0.6359699607346525	Kocak	bootstrap	1006.0
	0.524648032652181	Kocak	bootstrap	1007.0
	0.47921034571764	Kocak	bootstrap	1008.0
	0.5655310147771759	Kocak	bootstrap	1009.0
	0.5643221578740092	Kocak	bootstrap	1010.0
	0.389197070593017	Kocak	bootstrap	1011.0
	0.3274662716675536	Kocak	bootstrap	1012.0
	0.4983029047096261	Kocak	bootstrap	1013.0
	0.4940976623553106	Kocak	bootstrap	1014.0
	0.39636277014321575	Kocak	bootstrap	1015.0
	0.5044620582691302	Kocak	bootstrap	1016.0
	0.5764246163329894	Kocak	bootstrap	1017.0
	0.4966990858535656	Kocak	bootstrap	1018.0
	0.3410032942822929	Kocak	bootstrap	1019.0
	0.36152487757952656	Kocak	bootstrap	1020.0
	0.4080520571064419	Kocak	bootstrap	1021.0
	0.5476628519581586	Kocak	bootstrap	1022.0
	0.5064737675853657	Kocak	bootstrap	1023.0
	0.5238160889712598	Kocak	bootstrap	1024.0
	0.5498791952620126	Kocak	bootstrap	1025.0
	0.5381923100917412	Kocak	bootstrap	1026.0
	0.5488385725136671	Kocak	bootstrap	1027.0
	0.4917204976231133	Kocak	bootstrap	1028.0
	0.4860241931622076	Kocak	bootstrap	1029.0
	0.47348004822823864	Kocak	bootstrap	1030.0
	0.5480458552278114	Kocak	bootstrap	1031.0
	0.6289569499559384	Kocak	bootstrap	1032.0
	0.37131927076283144	Kocak	bootstrap	1033.0
	0.4370166515433982	Kocak	bootstrap	1034.0
	0.4426515637207191	Kocak	bootstrap	1035.0
	0.4455612497012811	Kocak	bootstrap	1036.0
	0.5157574978614248	Kocak	bootstrap	1037.0
	0.39720917260096833	Kocak	bootstrap	1038.0
	0.4426014662213058	Kocak	bootstrap	1039.0
	0.39861422571180194	Kocak	bootstrap	1040.0
	0.27057872434894614	Kocak	bootstrap	1041.0
	0.539142735378976	Kocak	bootstrap	1042.0
	0.19685448980892817	Kocak	bootstrap	1043.0
	0.44650658276490685	Kocak	bootstrap	1044.0
	0.46932689994265564	Kocak	bootstrap	1045.0
	0.5635542562489606	Kocak	bootstrap	1046.0
	0.4790575379286257	Kocak	bootstrap	1047.0
	0.37256466661138354	Kocak	bootstrap	1048.0
	0.5474687450409803	Kocak	bootstrap	1049.0
	0.51287282585987	Kocak	bootstrap	1050.0
	0.5098733972820755	Kocak	bootstrap	1051.0
	0.4385137671122692	Kocak	bootstrap	1052.0
	0.3386624071094051	Kocak	bootstrap	1053.0
	0.43831096771890765	Kocak	bootstrap	1054.0
	0.6340758702201703	Kocak	bootstrap	1055.0
	0.7354937455437023	Kocak	bootstrap	1056.0
	0.5726736410524946	Kocak	bootstrap	1057.0
	0.44430084214235555	Kocak	bootstrap	1058.0
	0.46112162510644694	Kocak	bootstrap	1059.0
	0.37867396499756856	Kocak	bootstrap	1060.0
	0.37067846134848237	Kocak	bootstrap	1061.0
	0.5012149942265989	Kocak	bootstrap	1062.0
	0.45815425682603905	Kocak	bootstrap	1063.0
	0.667055829618012	Kocak	bootstrap	1064.0
	0.3894382883289489	Kocak	bootstrap	1065.0
	0.3205166355341702	Kocak	bootstrap	1066.0
	0.5811455879948357	Kocak	bootstrap	1067.0
	0.45512139570386667	Kocak	bootstrap	1068.0
	0.35084674338010036	Kocak	bootstrap	1069.0
	0.513472309017875	Kocak	bootstrap	1070.0
	0.4415621890379824	Kocak	bootstrap	1071.0
	0.4054745899539185	Kocak	bootstrap	1072.0
	0.4663722944895343	Kocak	bootstrap	1073.0
	0.5540397118356832	Kocak	bootstrap	1074.0
	0.47988746361437995	Kocak	bootstrap	1075.0
	0.7148526648782236	Kocak	bootstrap	1076.0
	0.5514557561199886	Kocak	bootstrap	1077.0
	0.6124984907155993	Kocak	bootstrap	1078.0
	0.44386763432065957	Kocak	bootstrap	1079.0
	0.47175894104600813	Kocak	bootstrap	1080.0
	0.5396067306396839	Kocak	bootstrap	1081.0
	0.5234587387206537	Kocak	bootstrap	1082.0
	0.40866233457356493	Kocak	bootstrap	1083.0
	0.4806667413832768	Kocak	bootstrap	1084.0
	0.3611632646716547	Kocak	bootstrap	1085.0
	0.6409659041501188	Kocak	bootstrap	1086.0
	0.6743700583918648	Kocak	bootstrap	1087.0
	0.7147833420968168	Kocak	bootstrap	1088.0
	0.6915760945747991	Kocak	bootstrap	1089.0
	0.4335986752433909	Kocak	bootstrap	1090.0
	0.49690887890610114	Kocak	bootstrap	1091.0
	0.5354416080101316	Kocak	bootstrap	1092.0
	0.5086522420420829	Kocak	bootstrap	1093.0
	0.5024725565378305	Kocak	bootstrap	1094.0
	0.46142472326126427	Kocak	bootstrap	1095.0
	0.4964020145015695	Kocak	bootstrap	1096.0
	0.532758700264587	Kocak	bootstrap	1097.0
	0.246801499183102	Kocak	bootstrap	1098.0
	0.488185481459956	Kocak	bootstrap	1099.0
	0.5525749129748392	Kocak	bootstrap	1100.0
	0.568288077640009	Kocak	bootstrap	1101.0
	0.4308125385530741	Kocak	bootstrap	1102.0
	0.6125087969093808	Kocak	bootstrap	1103.0
	0.39600192126405487	Kocak	bootstrap	1104.0
	0.4005282513549946	Kocak	bootstrap	1105.0
	0.451371097393396	Kocak	bootstrap	1106.0
	0.4435036898375184	Kocak	bootstrap	1107.0
	0.38199408508676314	Kocak	bootstrap	1108.0
	0.6997882694656061	Kocak	bootstrap	1109.0
	0.569028162146139	Kocak	bootstrap	1110.0
	0.33640785504102055	Kocak	bootstrap	1111.0
	0.3983359908290094	Kocak	bootstrap	1112.0
	0.4549727185748895	Kocak	bootstrap	1113.0
	0.5040820469790885	Kocak	bootstrap	1114.0
	0.42349294392227677	Kocak	bootstrap	1115.0
	0.3874365617635851	Kocak	bootstrap	1116.0
	0.46720090816909154	Kocak	bootstrap	1117.0
	0.5513829643791355	Kocak	bootstrap	1118.0
	0.6439157648957345	Kocak	bootstrap	1119.0
	0.44492222302241125	Kocak	bootstrap	1120.0
	0.6152661957428487	Kocak	bootstrap	1121.0
	0.4154017006164854	Kocak	bootstrap	1122.0
	0.5322814305081929	Kocak	bootstrap	1123.0
	0.47356110846943844	Kocak	bootstrap	1124.0
	0.5866252555838853	Kocak	bootstrap	1125.0
	0.41393806044517545	Kocak	bootstrap	1126.0
	0.44042710892875503	Kocak	bootstrap	1127.0
	0.3935841405182132	Kocak	bootstrap	1128.0
	0.5859030296905905	Kocak	bootstrap	1129.0
	0.5215960871295828	Kocak	bootstrap	1130.0
	0.4650264699949189	Kocak	bootstrap	1131.0
	0.4592624790582036	Kocak	bootstrap	1132.0
	0.47492562740354893	Kocak	bootstrap	1133.0
	0.5249173403888112	Kocak	bootstrap	1134.0
	0.43419988824429234	Kocak	bootstrap	1135.0
	0.37336510831213676	Kocak	bootstrap	1136.0
	0.6265302145321794	Kocak	bootstrap	1137.0
	0.5095309803534072	Kocak	bootstrap	1138.0
	0.47473216374034655	Kocak	bootstrap	1139.0
	0.49906989390899836	Kocak	bootstrap	1140.0
	0.45891701912181215	Kocak	bootstrap	1141.0
	0.5806521481655751	Kocak	bootstrap	1142.0
	0.4729138903054939	Kocak	bootstrap	1143.0
	0.45040627083719365	Kocak	bootstrap	1144.0
	0.45509993674740334	Kocak	bootstrap	1145.0
	0.424420609060181	Kocak	bootstrap	1146.0
	0.5568503217408232	Kocak	bootstrap	1147.0
	0.5422692241336873	Kocak	bootstrap	1148.0
	0.4584396397562176	Kocak	bootstrap	1149.0
	0.5118839014576073	Kocak	bootstrap	1150.0
	0.35004752677062356	Kocak	bootstrap	1151.0
	0.4606833436955804	Kocak	bootstrap	1152.0
	0.4447754586287065	Kocak	bootstrap	1153.0
	0.43904672424371416	Kocak	bootstrap	1154.0
	0.4345626793465134	Kocak	bootstrap	1155.0
	0.5153721674522687	Kocak	bootstrap	1156.0
	0.5038473742218912	Kocak	bootstrap	1157.0
	0.3911127315095322	Kocak	bootstrap	1158.0
	0.5433603491667451	Kocak	bootstrap	1159.0
	0.38800824768481057	Kocak	bootstrap	1160.0
	0.368827077524855	Kocak	bootstrap	1161.0
	0.43789662240982263	Kocak	bootstrap	1162.0
	0.2725488460948058	Kocak	bootstrap	1163.0
	0.615042338711258	Kocak	bootstrap	1164.0
	0.5749743365373612	Kocak	bootstrap	1165.0
	0.4776159212270623	Kocak	bootstrap	1166.0
	0.43653469397067646	Kocak	bootstrap	1167.0
	0.506544977891485	Kocak	bootstrap	1168.0
	0.6668182968419671	Kocak	bootstrap	1169.0
	0.5754908626528965	Kocak	bootstrap	1170.0
	0.5567771103674679	Kocak	bootstrap	1171.0
	0.5947229186299636	Kocak	bootstrap	1172.0
	0.5460360580056132	Kocak	bootstrap	1173.0
	0.45009572934398845	Kocak	bootstrap	1174.0
	0.5640259394972298	Kocak	bootstrap	1175.0
	0.578329372894931	Kocak	bootstrap	1176.0
	0.4641406883653434	Kocak	bootstrap	1177.0
	0.4948506858016759	Kocak	bootstrap	1178.0
	0.4107195900313152	Kocak	bootstrap	1179.0
	0.6071240147096821	Kocak	bootstrap	1180.0
	0.3887400987764278	Kocak	bootstrap	1181.0
	0.5005823372197122	Kocak	bootstrap	1182.0
	0.4439919747238714	Kocak	bootstrap	1183.0
	0.55031835667172	Kocak	bootstrap	1184.0
	0.4202923250338819	Kocak	bootstrap	1185.0
	0.39150307355321967	Kocak	bootstrap	1186.0
	0.526655600943843	Kocak	bootstrap	1187.0
	0.5863820933817041	Kocak	bootstrap	1188.0
	0.4945803808953606	Kocak	bootstrap	1189.0
	0.43980732771818065	Kocak	bootstrap	1190.0
	0.44356235474775296	Kocak	bootstrap	1191.0
	0.6167763593516193	Kocak	bootstrap	1192.0
	0.5249561988402456	Kocak	bootstrap	1193.0
	0.47116947332016457	Kocak	bootstrap	1194.0
	0.47289323528573934	Kocak	bootstrap	1195.0
	0.4842776264032871	Kocak	bootstrap	1196.0
	0.34281357202098706	Kocak	bootstrap	1197.0
	0.4291994564100503	Kocak	bootstrap	1198.0
	0.6294714725909665	Kocak	bootstrap	1199.0
	0.3135367789363386	Kocak	bootstrap	1200.0
	0.4842073835079588	Kocak	bootstrap	1201.0
	0.43319398258863595	Kocak	bootstrap	1202.0
	0.46117367995672476	Kocak	bootstrap	1203.0
	0.6753791185215916	Kocak	bootstrap	1204.0
	0.30402351433353747	Kocak	bootstrap	1205.0
	0.6040338828894307	Kocak	bootstrap	1206.0
	0.6083322039936472	Kocak	bootstrap	1207.0
	0.43741950187320056	Kocak	bootstrap	1208.0
	0.636381580924589	Kocak	bootstrap	1209.0
	0.45880630193674454	Kocak	bootstrap	1210.0
	0.6074618878062581	Kocak	bootstrap	1211.0
	0.5517801767042605	Kocak	bootstrap	1212.0
	0.41488224239816773	Kocak	bootstrap	1213.0
	0.3600977290405627	Kocak	bootstrap	1214.0
	0.4999441691160178	Kocak	bootstrap	1215.0
	0.6968569267880178	Kocak	bootstrap	1216.0
	0.5388765923173082	Kocak	bootstrap	1217.0
	0.5937162322500851	Kocak	bootstrap	1218.0
	0.3384032335407259	Kocak	bootstrap	1219.0
	0.5566890601938703	Kocak	bootstrap	1220.0
	0.4469019939599943	Kocak	bootstrap	1221.0
	0.468761377171075	Kocak	bootstrap	1222.0
	0.47304363022892515	Kocak	bootstrap	1223.0
	0.5985551936260785	Kocak	bootstrap	1224.0
	0.49100815456500113	Kocak	bootstrap	1225.0
	0.4108547826555715	Kocak	bootstrap	1226.0
	0.4513018507230959	Kocak	bootstrap	1227.0
	0.5981513171362285	Kocak	bootstrap	1228.0
	0.6464351028798578	Kocak	bootstrap	1229.0
	0.4121792936205071	Kocak	bootstrap	1230.0
	0.40759309783910025	Kocak	bootstrap	1231.0
	0.40440864516062014	Kocak	bootstrap	1232.0
	0.5479770058792997	Kocak	bootstrap	1233.0
	0.5943937000594888	Kocak	bootstrap	1234.0
	0.4300651676010383	Kocak	bootstrap	1235.0
	0.3330228703915252	Kocak	bootstrap	1236.0
	0.4635899790671232	Kocak	bootstrap	1237.0
	0.5488980604443996	Kocak	bootstrap	1238.0
	0.5490626634160929	Kocak	bootstrap	1239.0
	0.4792354366824636	Kocak	bootstrap	1240.0
	0.5004071633190761	Kocak	bootstrap	1241.0
	0.4940538841101363	Kocak	bootstrap	1242.0
	0.43059599164875584	Kocak	bootstrap	1243.0
	0.5148162245383876	Kocak	bootstrap	1244.0
	0.47188741217012575	Kocak	bootstrap	1245.0
	0.6341463562278147	Kocak	bootstrap	1246.0
	0.5957000498779785	Kocak	bootstrap	1247.0
	0.6416463860691053	Kocak	bootstrap	1248.0
	0.6473336688750808	Kocak	bootstrap	1249.0
	0.3397146262243562	Kocak	bootstrap	1250.0
	0.5111897431964656	Kocak	bootstrap	1251.0
	0.49797667410411117	Kocak	bootstrap	1252.0
	0.5344672003067954	Kocak	bootstrap	1253.0
	0.38283165852322076	Kocak	bootstrap	1254.0
	0.4128002308746903	Kocak	bootstrap	1255.0
	0.5138056133033042	Kocak	bootstrap	1256.0
	0.5344847175894833	Kocak	bootstrap	1257.0
	0.37771494812661244	Kocak	bootstrap	1258.0
	0.44240007521156466	Kocak	bootstrap	1259.0
	0.3332927907906815	Kocak	bootstrap	1260.0
	0.4711601441449762	Kocak	bootstrap	1261.0
	0.45473405085473395	Kocak	bootstrap	1262.0
	0.5465376549946166	Kocak	bootstrap	1263.0
	0.5071408436207268	Kocak	bootstrap	1264.0
	0.4574792311225595	Kocak	bootstrap	1265.0
	0.6085528078248288	Kocak	bootstrap	1266.0
	0.3679928271025772	Kocak	bootstrap	1267.0
	0.6226578809737116	Kocak	bootstrap	1268.0
	0.5589722512871913	Kocak	bootstrap	1269.0
	0.5202068429565458	Kocak	bootstrap	1270.0
	0.6268839607198364	Kocak	bootstrap	1271.0
	0.4519916462989024	Kocak	bootstrap	1272.0
	0.5401719929668323	Kocak	bootstrap	1273.0
	0.2906259418401982	Kocak	bootstrap	1274.0
	0.5933246478091125	Kocak	bootstrap	1275.0
	0.5424483133651656	Kocak	bootstrap	1276.0
	0.3222864471270732	Kocak	bootstrap	1277.0
	0.4010197476260102	Kocak	bootstrap	1278.0
	0.5152368344723683	Kocak	bootstrap	1279.0
	0.6946932380593163	Kocak	bootstrap	1280.0
	0.5582990676988988	Kocak	bootstrap	1281.0
	0.5847428936123613	Kocak	bootstrap	1282.0
	0.49917431034138504	Kocak	bootstrap	1283.0
	0.580059904170271	Kocak	bootstrap	1284.0
	0.4937926752264201	Kocak	bootstrap	1285.0
	0.269608332872449	Kocak	bootstrap	1286.0
	0.45670749766000407	Kocak	bootstrap	1287.0
	0.5613054479497723	Kocak	bootstrap	1288.0
	0.5117066045803282	Kocak	bootstrap	1289.0
	0.4922793352130794	Kocak	bootstrap	1290.0
	0.529918573703748	Kocak	bootstrap	1291.0
	0.5968798201539336	Kocak	bootstrap	1292.0
	0.29802974142246264	Kocak	bootstrap	1293.0
	0.5138711917907757	Kocak	bootstrap	1294.0
	0.5063167899101653	Kocak	bootstrap	1295.0
	0.5349995098178169	Kocak	bootstrap	1296.0
	0.3689013031513917	Kocak	bootstrap	1297.0
	0.6173893563024984	Kocak	bootstrap	1298.0
	0.5368029720463352	Kocak	bootstrap	1299.0
	0.5213035385743616	Kocak	bootstrap	1300.0
	0.5607659296527374	Kocak	bootstrap	1301.0
	0.6131809565727724	Kocak	bootstrap	1302.0
	0.3317057578834701	Kocak	bootstrap	1303.0
	0.39917692847103314	Kocak	bootstrap	1304.0
	0.6134612738873666	Kocak	bootstrap	1305.0
	0.4680893616683943	Kocak	bootstrap	1306.0
	0.4080363171843744	Kocak	bootstrap	1307.0
	0.6471567916001741	Kocak	bootstrap	1308.0
	0.4247731314979011	Kocak	bootstrap	1309.0
	0.35634355751992075	Kocak	bootstrap	1310.0
	0.5198095356128336	Kocak	bootstrap	1311.0
	0.554887784172093	Kocak	bootstrap	1312.0
	0.4781899184240914	Kocak	bootstrap	1313.0
	0.361587330468522	Kocak	bootstrap	1314.0
	0.5378248830769059	Kocak	bootstrap	1315.0
	0.4591752873852224	Kocak	bootstrap	1316.0
	0.5189558801152168	Kocak	bootstrap	1317.0
	0.6083197842636161	Kocak	bootstrap	1318.0
	0.6001900293093052	Kocak	bootstrap	1319.0
	0.37291861535562054	Kocak	bootstrap	1320.0
	0.3166064673032949	Kocak	bootstrap	1321.0
	0.6172796370425457	Kocak	bootstrap	1322.0
	0.47215613975298076	Kocak	bootstrap	1323.0
	0.4263228214353001	Kocak	bootstrap	1324.0
	0.622419716611819	Kocak	bootstrap	1325.0
	0.442127508893674	Kocak	bootstrap	1326.0
	0.5292142026375108	Kocak	bootstrap	1327.0
	0.36981310244728594	Kocak	bootstrap	1328.0
	0.37918956158683104	Kocak	bootstrap	1329.0
	0.47198092059554053	Kocak	bootstrap	1330.0
	0.47243511464157484	Kocak	bootstrap	1331.0
	0.5102075502197163	Kocak	bootstrap	1332.0
	0.3853226083395387	Kocak	bootstrap	1333.0
	0.5430941443594675	Kocak	bootstrap	1334.0
	0.5285437151241417	Kocak	bootstrap	1335.0
	0.5230025855918417	Kocak	bootstrap	1336.0
	0.26268523468309146	Kocak	bootstrap	1337.0
	0.46380574186043777	Kocak	bootstrap	1338.0
	0.41924737105478416	Kocak	bootstrap	1339.0
	0.36003653124427437	Kocak	bootstrap	1340.0
	0.497437679459269	Kocak	bootstrap	1341.0
	0.34067555187415977	Kocak	bootstrap	1342.0
	0.38261216497412764	Kocak	bootstrap	1343.0
	0.5930552709136321	Kocak	bootstrap	1344.0
	0.597575939570024	Kocak	bootstrap	1345.0
	0.5418891087051931	Kocak	bootstrap	1346.0
	0.6780794166126496	Kocak	bootstrap	1347.0
	0.4195832980960579	Kocak	bootstrap	1348.0
	0.5638073286132093	Kocak	bootstrap	1349.0
	0.41750280477374657	Kocak	bootstrap	1350.0
	0.3910562535281543	Kocak	bootstrap	1351.0
	0.5601848958758753	Kocak	bootstrap	1352.0
	0.4374280977880569	Kocak	bootstrap	1353.0
	0.4592287402193227	Kocak	bootstrap	1354.0
	0.581762857662306	Kocak	bootstrap	1355.0
	0.6696283697290171	Kocak	bootstrap	1356.0
	0.42818115325260386	Kocak	bootstrap	1357.0
	0.39617781549684405	Kocak	bootstrap	1358.0
	0.6857431625077557	Kocak	bootstrap	1359.0
	0.38230682192863563	Kocak	bootstrap	1360.0
	0.3731851646240676	Kocak	bootstrap	1361.0
	0.5766662013546799	Kocak	bootstrap	1362.0
	0.5153352813003576	Kocak	bootstrap	1363.0
	0.751345021173655	Kocak	bootstrap	1364.0
	0.5852058494625783	Kocak	bootstrap	1365.0
	0.46472250541512006	Kocak	bootstrap	1366.0
	0.4539803766603221	Kocak	bootstrap	1367.0
	0.556746600125384	Kocak	bootstrap	1368.0
	0.47384181780144985	Kocak	bootstrap	1369.0
	0.43700050861103135	Kocak	bootstrap	1370.0
	0.5555024703502789	Kocak	bootstrap	1371.0
	0.45767430693059064	Kocak	bootstrap	1372.0
	0.4924556511581786	Kocak	bootstrap	1373.0
	0.41813611451838595	Kocak	bootstrap	1374.0
	0.6264471695050973	Kocak	bootstrap	1375.0
	0.6533083523687098	Kocak	bootstrap	1376.0
	0.5497940679010371	Kocak	bootstrap	1377.0
	0.5348823363489634	Kocak	bootstrap	1378.0
	0.5115414981831647	Kocak	bootstrap	1379.0
	0.3497073035934366	Kocak	bootstrap	1380.0
	0.4693935070109383	Kocak	bootstrap	1381.0
	0.43707570745246604	Kocak	bootstrap	1382.0
	0.4694318742921726	Kocak	bootstrap	1383.0
	0.4605628767644139	Kocak	bootstrap	1384.0
	0.3485980191589282	Kocak	bootstrap	1385.0
	0.6252148754482754	Kocak	bootstrap	1386.0
	0.44695540535019873	Kocak	bootstrap	1387.0
	0.44121435633970485	Kocak	bootstrap	1388.0
	0.4629504647471263	Kocak	bootstrap	1389.0
	0.40629126370327917	Kocak	bootstrap	1390.0
	0.4098958300164486	Kocak	bootstrap	1391.0
	0.5442271626486637	Kocak	bootstrap	1392.0
	0.45113125393767683	Kocak	bootstrap	1393.0
	0.6846006092710137	Kocak	bootstrap	1394.0
	0.4611126836918462	Kocak	bootstrap	1395.0
	0.5189948805539353	Kocak	bootstrap	1396.0
	0.4745856359020104	Kocak	bootstrap	1397.0
	0.3576101821004678	Kocak	bootstrap	1398.0
	0.40507302004575463	Kocak	bootstrap	1399.0
	0.458808507486419	Kocak	bootstrap	1400.0
	0.41975978365177413	Kocak	bootstrap	1401.0
	0.6003723653957853	Kocak	bootstrap	1402.0
	0.4770851665211331	Kocak	bootstrap	1403.0
	0.6415497444810532	Kocak	bootstrap	1404.0
	0.45100097791060856	Kocak	bootstrap	1405.0
	0.4941528295516555	Kocak	bootstrap	1406.0
	0.570985582505056	Kocak	bootstrap	1407.0
	0.3577290040064738	Kocak	bootstrap	1408.0
	0.47158749290982405	Kocak	bootstrap	1409.0
	0.5154157821770826	Kocak	bootstrap	1410.0
	0.5275712535974773	Kocak	bootstrap	1411.0
	0.44476116616799644	Kocak	bootstrap	1412.0
	0.5281170273776685	Kocak	bootstrap	1413.0
	0.38447297415416415	Kocak	bootstrap	1414.0
	0.5107272331775858	Kocak	bootstrap	1415.0
	0.43930566665282456	Kocak	bootstrap	1416.0
	0.5074792509049595	Kocak	bootstrap	1417.0
	0.378116657999338	Kocak	bootstrap	1418.0
	0.4036871490570193	Kocak	bootstrap	1419.0
	0.4127385675758699	Kocak	bootstrap	1420.0
	0.45822232980645294	Kocak	bootstrap	1421.0
	0.38743204832060485	Kocak	bootstrap	1422.0
	0.5250828984004596	Kocak	bootstrap	1423.0
	0.5534306489176206	Kocak	bootstrap	1424.0
	0.357584261669333	Kocak	bootstrap	1425.0
	0.5118458051023396	Kocak	bootstrap	1426.0
	0.4968251547062419	Kocak	bootstrap	1427.0
	0.5431582288671204	Kocak	bootstrap	1428.0
	0.6294654611853505	Kocak	bootstrap	1429.0
	0.5853299690368581	Kocak	bootstrap	1430.0
	0.5174141854992174	Kocak	bootstrap	1431.0
	0.6287530123111864	Kocak	bootstrap	1432.0
	0.42676397624960316	Kocak	bootstrap	1433.0
	0.28308492121467443	Kocak	bootstrap	1434.0
	0.41673899311180396	Kocak	bootstrap	1435.0
	0.4958542670111523	Kocak	bootstrap	1436.0
	0.6241710939218517	Kocak	bootstrap	1437.0
	0.4678945949585369	Kocak	bootstrap	1438.0
	0.474933328520148	Kocak	bootstrap	1439.0
	0.36685990800068025	Kocak	bootstrap	1440.0
	0.4123109543762884	Kocak	bootstrap	1441.0
	0.44965077766599393	Kocak	bootstrap	1442.0
	0.48116678280515	Kocak	bootstrap	1443.0
	0.6275252733894323	Kocak	bootstrap	1444.0
	0.6063766753295576	Kocak	bootstrap	1445.0
	0.4354979870517175	Kocak	bootstrap	1446.0
	0.4649610619172182	Kocak	bootstrap	1447.0
	0.5759052744191964	Kocak	bootstrap	1448.0
	0.5044102128453911	Kocak	bootstrap	1449.0
	0.35895982667654547	Kocak	bootstrap	1450.0
	0.4889776964034964	Kocak	bootstrap	1451.0
	0.5746705129720655	Kocak	bootstrap	1452.0
	0.5890318746436995	Kocak	bootstrap	1453.0
	0.6565191234869343	Kocak	bootstrap	1454.0
	0.5134400126006633	Kocak	bootstrap	1455.0
	0.49458115353040677	Kocak	bootstrap	1456.0
	0.5547011232945653	Kocak	bootstrap	1457.0
	0.3802560193448308	Kocak	bootstrap	1458.0
	0.5549774586524525	Kocak	bootstrap	1459.0
	0.512418274030126	Kocak	bootstrap	1460.0
	0.540917394235668	Kocak	bootstrap	1461.0
	0.4578795865400136	Kocak	bootstrap	1462.0
	0.40059967321664836	Kocak	bootstrap	1463.0
	0.597260863177091	Kocak	bootstrap	1464.0
	0.21589482013015804	Kocak	bootstrap	1465.0
	0.4401791943024609	Kocak	bootstrap	1466.0
	0.6150942463163598	Kocak	bootstrap	1467.0
	0.35893576295996565	Kocak	bootstrap	1468.0
	0.5096075494727672	Kocak	bootstrap	1469.0
	0.423704898313328	Kocak	bootstrap	1470.0
	0.5114151925302051	Kocak	bootstrap	1471.0
	0.43037925735336424	Kocak	bootstrap	1472.0
	0.5613860532704771	Kocak	bootstrap	1473.0
	0.6165088445999101	Kocak	bootstrap	1474.0
	0.517326112954887	Kocak	bootstrap	1475.0
	0.4853370216515631	Kocak	bootstrap	1476.0
	0.6389022419188182	Kocak	bootstrap	1477.0
	0.750573336303543	Kocak	bootstrap	1478.0
	0.7648714104770318	Kocak	bootstrap	1479.0
	0.6618791745165948	Kocak	bootstrap	1480.0
	0.6891327572823513	Kocak	bootstrap	1481.0
	0.491373884751511	Kocak	bootstrap	1482.0
	0.42299560677395753	Kocak	bootstrap	1483.0
	0.5334105107693943	Kocak	bootstrap	1484.0
	0.3724897997962642	Kocak	bootstrap	1485.0
	0.41993602572132316	Kocak	bootstrap	1486.0
	0.5027132704438975	Kocak	bootstrap	1487.0
	0.6380777944235363	Kocak	bootstrap	1488.0
	0.40410030760356763	Kocak	bootstrap	1489.0
	0.4152109137555957	Kocak	bootstrap	1490.0
	0.546538247189146	Kocak	bootstrap	1491.0
	0.5726825764741417	Kocak	bootstrap	1492.0
	0.30201945477932446	Kocak	bootstrap	1493.0
	0.4280674701472229	Kocak	bootstrap	1494.0
	0.47363067300106776	Kocak	bootstrap	1495.0
	0.5264785040226081	Kocak	bootstrap	1496.0
	0.49176649475491274	Kocak	bootstrap	1497.0
	0.6224510133070478	Kocak	bootstrap	1498.0
	0.513416429128176	Kocak	bootstrap	1499.0
	0.5126582378367135	Kocak	bootstrap	1500.0
	0.4938568407089976	Kocak	bootstrap	1501.0
	0.6917462224064188	Kocak	bootstrap	1502.0
	0.5455025120166419	Kocak	bootstrap	1503.0
	0.4924976236748235	Kocak	bootstrap	1504.0
	0.47452574406875225	Kocak	bootstrap	1505.0
	0.6045368491206711	Kocak	bootstrap	1506.0
	0.32716077153553424	Kocak	bootstrap	1507.0
	0.7059410823683105	Kocak	bootstrap	1508.0
	0.6059721152263111	Kocak	bootstrap	1509.0
	0.45216187549285136	Kocak	bootstrap	1510.0
	0.3071562497413005	Kocak	bootstrap	1511.0
	0.4459343129567377	Kocak	bootstrap	1512.0
	0.49527826542188924	Kocak	bootstrap	1513.0
	0.4714583532099965	Kocak	bootstrap	1514.0
	0.5067572769996915	Kocak	bootstrap	1515.0
	0.507352951117495	Kocak	bootstrap	1516.0
	0.43537777188608473	Kocak	bootstrap	1517.0
	0.7327530919869978	Kocak	bootstrap	1518.0
	0.4786705636812725	Kocak	bootstrap	1519.0
	0.5912044876402747	Kocak	bootstrap	1520.0
	0.4683963744190094	Kocak	bootstrap	1521.0
	0.5780226488945668	Kocak	bootstrap	1522.0
	0.4668455986996576	Kocak	bootstrap	1523.0
	0.407357243239971	Kocak	bootstrap	1524.0
	0.5147962367961907	Kocak	bootstrap	1525.0
	0.657341504070831	Kocak	bootstrap	1526.0
	0.3403665311896864	Kocak	bootstrap	1527.0
	0.5516890712483757	Kocak	bootstrap	1528.0
	0.47685970252876286	Kocak	bootstrap	1529.0
	0.46526182889834367	Kocak	bootstrap	1530.0
	0.3714410151552663	Kocak	bootstrap	1531.0
	0.4733959531681222	Kocak	bootstrap	1532.0
	0.42343783998992235	Kocak	bootstrap	1533.0
	0.4510219151009598	Kocak	bootstrap	1534.0
	0.37253564911126746	Kocak	bootstrap	1535.0
	0.44463993904269694	Kocak	bootstrap	1536.0
	0.5670415159666056	Kocak	bootstrap	1537.0
	0.4913587427096444	Kocak	bootstrap	1538.0
	0.4085615617928795	Kocak	bootstrap	1539.0
	0.510693687783621	Kocak	bootstrap	1540.0
	0.4516309977963733	Kocak	bootstrap	1541.0
	0.5965793679658487	Kocak	bootstrap	1542.0
	0.502310320274197	Kocak	bootstrap	1543.0
	0.39593680833245015	Kocak	bootstrap	1544.0
	0.2676425311886206	Kocak	bootstrap	1545.0
	0.4663881713542066	Kocak	bootstrap	1546.0
	0.5006382622632932	Kocak	bootstrap	1547.0
	0.47274674830546637	Kocak	bootstrap	1548.0
	0.5161434169223118	Kocak	bootstrap	1549.0
	0.4860374717451337	Kocak	bootstrap	1550.0
	0.6110460403725129	Kocak	bootstrap	1551.0
	0.4769093003017608	Kocak	bootstrap	1552.0
	0.6379668316342686	Kocak	bootstrap	1553.0
	0.4823162715200029	Kocak	bootstrap	1554.0
	0.501381972545567	Kocak	bootstrap	1555.0
	0.5106173660573736	Kocak	bootstrap	1556.0
	0.26785347610692023	Kocak	bootstrap	1557.0
	0.41521118519464606	Kocak	bootstrap	1558.0
	0.5848103437170349	Kocak	bootstrap	1559.0
	0.5385157940825223	Kocak	bootstrap	1560.0
	0.3934233670444707	Kocak	bootstrap	1561.0
	0.4098306954917059	Kocak	bootstrap	1562.0
	0.5156389315395185	Kocak	bootstrap	1563.0
	0.3597382688757169	Kocak	bootstrap	1564.0
	0.559230062397186	Kocak	bootstrap	1565.0
	0.5032352924702601	Kocak	bootstrap	1566.0
	0.4736777101720646	Kocak	bootstrap	1567.0
	0.5651885095644875	Kocak	bootstrap	1568.0
	0.3877278859979012	Kocak	bootstrap	1569.0
	0.540208990011747	Kocak	bootstrap	1570.0
	0.49240536789061906	Kocak	bootstrap	1571.0
	0.5353043083875746	Kocak	bootstrap	1572.0
	0.3477081265261517	Kocak	bootstrap	1573.0
	0.39442945940955765	Kocak	bootstrap	1574.0
	0.6368769442457061	Kocak	bootstrap	1575.0
	0.39151557843978235	Kocak	bootstrap	1576.0
	0.46501539179211626	Kocak	bootstrap	1577.0
	0.3807466842916343	Kocak	bootstrap	1578.0
	0.3263693620763255	Kocak	bootstrap	1579.0
	0.5353679832942184	Kocak	bootstrap	1580.0
	0.4337073622813894	Kocak	bootstrap	1581.0
	0.4283029150496773	Kocak	bootstrap	1582.0
	0.32954084892760704	Kocak	bootstrap	1583.0
	0.4202530907218516	Kocak	bootstrap	1584.0
	0.5887787382710958	Kocak	bootstrap	1585.0
	0.5672474236031162	Kocak	bootstrap	1586.0
	0.5625923961490069	Kocak	bootstrap	1587.0
	0.41503888762455965	Kocak	bootstrap	1588.0
	0.4589303035221026	Kocak	bootstrap	1589.0
	0.5003768618672204	Kocak	bootstrap	1590.0
	0.43470644099819955	Kocak	bootstrap	1591.0
	0.4970615638738338	Kocak	bootstrap	1592.0
	0.4245979308909278	Kocak	bootstrap	1593.0
	0.5028938882661151	Kocak	bootstrap	1594.0
	0.5509009976958046	Kocak	bootstrap	1595.0
	0.49589410591688887	Kocak	bootstrap	1596.0
	0.6817190581055836	Kocak	bootstrap	1597.0
	0.3429989257266324	Kocak	bootstrap	1598.0
	0.5400353607035719	Kocak	bootstrap	1599.0
	0.552562499207029	Kocak	bootstrap	1600.0
	0.5164098261907153	Kocak	bootstrap	1601.0
	0.35310674835520084	Kocak	bootstrap	1602.0
	0.408850886391674	Kocak	bootstrap	1603.0
	0.3224675348064352	Kocak	bootstrap	1604.0
	0.449061709488515	Kocak	bootstrap	1605.0
	0.42427192863124175	Kocak	bootstrap	1606.0
	0.49677752351372106	Kocak	bootstrap	1607.0
	0.5358215882859629	Kocak	bootstrap	1608.0
	0.47665509689295504	Kocak	bootstrap	1609.0
	0.4984007354794433	Kocak	bootstrap	1610.0
	0.43014038725876524	Kocak	bootstrap	1611.0
	0.39918450244615356	Kocak	bootstrap	1612.0
	0.3721503077953483	Kocak	bootstrap	1613.0
	0.3925534784599378	Kocak	bootstrap	1614.0
	0.554445223784036	Kocak	bootstrap	1615.0
	0.67123180984655	Kocak	bootstrap	1616.0
	0.381552582262775	Kocak	bootstrap	1617.0
	0.43614106282343545	Kocak	bootstrap	1618.0
	0.3435471062155431	Kocak	bootstrap	1619.0
	0.4526586968066133	Kocak	bootstrap	1620.0
	0.44654127510384	Kocak	bootstrap	1621.0
	0.4259306883204106	Kocak	bootstrap	1622.0
	0.5446951801723956	Kocak	bootstrap	1623.0
	0.27224386013525903	Kocak	bootstrap	1624.0
	0.5523339558579288	Kocak	bootstrap	1625.0
	0.46981131656544495	Kocak	bootstrap	1626.0
	0.5821733188206708	Kocak	bootstrap	1627.0
	0.6604139398562223	Kocak	bootstrap	1628.0
	0.3127338207486412	Kocak	bootstrap	1629.0
	0.48363750673743544	Kocak	bootstrap	1630.0
	0.3690011676823426	Kocak	bootstrap	1631.0
	0.6593314469825677	Kocak	bootstrap	1632.0
	0.40847962432191043	Kocak	bootstrap	1633.0
	0.6346691516421386	Kocak	bootstrap	1634.0
	0.5643741848770882	Kocak	bootstrap	1635.0
	0.43285200106692745	Kocak	bootstrap	1636.0
	0.5666992913361546	Kocak	bootstrap	1637.0
	0.488414779399271	Kocak	bootstrap	1638.0
	0.3261500056071016	Kocak	bootstrap	1639.0
	0.6121265731773828	Kocak	bootstrap	1640.0
	0.48352967810051206	Kocak	bootstrap	1641.0
	0.5120329075553327	Kocak	bootstrap	1642.0
	0.4943574511449773	Kocak	bootstrap	1643.0
	0.6420270290597281	Kocak	bootstrap	1644.0
	0.45536430729055066	Kocak	bootstrap	1645.0
	0.5180199785057313	Kocak	bootstrap	1646.0
	0.6031047349488263	Kocak	bootstrap	1647.0
	0.4669746628187297	Kocak	bootstrap	1648.0
	0.43093451834446617	Kocak	bootstrap	1649.0
	0.5308587295004612	Kocak	bootstrap	1650.0
	0.5247454293348328	Kocak	bootstrap	1651.0
	0.3532590416308392	Kocak	bootstrap	1652.0
	0.6149325394453848	Kocak	bootstrap	1653.0
	0.3361865792557608	Kocak	bootstrap	1654.0
	0.36468360741679584	Kocak	bootstrap	1655.0
	0.45989062729784624	Kocak	bootstrap	1656.0
	0.5312266377053936	Kocak	bootstrap	1657.0
	0.548174355710425	Kocak	bootstrap	1658.0
	0.3767835518116862	Kocak	bootstrap	1659.0
	0.3245556707972095	Kocak	bootstrap	1660.0
	0.21933931466814194	Kocak	bootstrap	1661.0
	0.44308345098607615	Kocak	bootstrap	1662.0
	0.3942885736785344	Kocak	bootstrap	1663.0
	0.44193043621488215	Kocak	bootstrap	1664.0
	0.4428496616712301	Kocak	bootstrap	1665.0
	0.49289832345889417	Kocak	bootstrap	1666.0
	0.4574726742337405	Kocak	bootstrap	1667.0
	0.3963084352392796	Kocak	bootstrap	1668.0
	0.48247153832317924	Kocak	bootstrap	1669.0
	0.4167760542798211	Kocak	bootstrap	1670.0
	0.420900096780525	Kocak	bootstrap	1671.0
	0.555660137641449	Kocak	bootstrap	1672.0
	0.4391678717989054	Kocak	bootstrap	1673.0
	0.45217851685474475	Kocak	bootstrap	1674.0
	0.5998853904525117	Kocak	bootstrap	1675.0
	0.5315267213448549	Kocak	bootstrap	1676.0
	0.4465640026909301	Kocak	bootstrap	1677.0
	0.7015620498651507	Kocak	bootstrap	1678.0
	0.4401724719587987	Kocak	bootstrap	1679.0
	0.41824713287364723	Kocak	bootstrap	1680.0
	0.5019284444501131	Kocak	bootstrap	1681.0
	0.3911134886870773	Kocak	bootstrap	1682.0
	0.4637763100146137	Kocak	bootstrap	1683.0
	0.4169687165507625	Kocak	bootstrap	1684.0
	0.6047839771770849	Kocak	bootstrap	1685.0
	0.5399767789512175	Kocak	bootstrap	1686.0
	0.4771286220742774	Kocak	bootstrap	1687.0
	0.48572141399307567	Kocak	bootstrap	1688.0
	0.5017274724991627	Kocak	bootstrap	1689.0
	0.6441816682299475	Kocak	bootstrap	1690.0
	0.3565608085807028	Kocak	bootstrap	1691.0
	0.5679451698939402	Kocak	bootstrap	1692.0
	0.5611556263547572	Kocak	bootstrap	1693.0
	0.5726889955526122	Kocak	bootstrap	1694.0
	0.5261253516061655	Kocak	bootstrap	1695.0
	0.4277850154239742	Kocak	bootstrap	1696.0
	0.522853114622523	Kocak	bootstrap	1697.0
	0.3688099300665564	Kocak	bootstrap	1698.0
	0.3938284547984803	Kocak	bootstrap	1699.0
	0.5422784868833568	Kocak	bootstrap	1700.0
	0.5809685611694873	Kocak	bootstrap	1701.0
	0.5774888762845887	Kocak	bootstrap	1702.0
	0.3793376726892719	Kocak	bootstrap	1703.0
	0.3701408759873859	Kocak	bootstrap	1704.0
	0.3080680898077097	Kocak	bootstrap	1705.0
	0.5067898067047643	Kocak	bootstrap	1706.0
	0.4795174752369591	Kocak	bootstrap	1707.0
	0.5659659440543279	Kocak	bootstrap	1708.0
	0.4654811886072938	Kocak	bootstrap	1709.0
	0.46908855906217406	Kocak	bootstrap	1710.0
	0.575939534134513	Kocak	bootstrap	1711.0
	0.46797569957536744	Kocak	bootstrap	1712.0
	0.49888769172926883	Kocak	bootstrap	1713.0
	0.5273853404705666	Kocak	bootstrap	1714.0
	0.5378736357733778	Kocak	bootstrap	1715.0
	0.6015682315385074	Kocak	bootstrap	1716.0
	0.43199862768380326	Kocak	bootstrap	1717.0
	0.4406876376197584	Kocak	bootstrap	1718.0
	0.5537794968123824	Kocak	bootstrap	1719.0
	0.6381776271542399	Kocak	bootstrap	1720.0
	0.33968792751303845	Kocak	bootstrap	1721.0
	0.28664318485157025	Kocak	bootstrap	1722.0
	0.38795558698831156	Kocak	bootstrap	1723.0
	0.488496852139638	Kocak	bootstrap	1724.0
	0.4180713498876898	Kocak	bootstrap	1725.0
	0.4577277041023513	Kocak	bootstrap	1726.0
	0.4580908338844072	Kocak	bootstrap	1727.0
	0.26772922600438775	Kocak	bootstrap	1728.0
	0.5935719317156725	Kocak	bootstrap	1729.0
	0.6907189595281653	Kocak	bootstrap	1730.0
	0.5467460471865078	Kocak	bootstrap	1731.0
	0.6384699740201825	Kocak	bootstrap	1732.0
	0.4291439023894328	Kocak	bootstrap	1733.0
	0.4435167898929899	Kocak	bootstrap	1734.0
	0.3485308278271688	Kocak	bootstrap	1735.0
	0.596299513583403	Kocak	bootstrap	1736.0
	0.6008589135440654	Kocak	bootstrap	1737.0
	0.5218206719585257	Kocak	bootstrap	1738.0
	0.5395759834347484	Kocak	bootstrap	1739.0
	0.47658774154184114	Kocak	bootstrap	1740.0
	0.537628024489397	Kocak	bootstrap	1741.0
	0.36940633627120567	Kocak	bootstrap	1742.0
	0.5043509783177709	Kocak	bootstrap	1743.0
	0.4213954673755267	Kocak	bootstrap	1744.0
	0.47048461625021076	Kocak	bootstrap	1745.0
	0.41055927701480277	Kocak	bootstrap	1746.0
	0.49896702571263196	Kocak	bootstrap	1747.0
	0.5886747035416988	Kocak	bootstrap	1748.0
	0.5158933057238255	Kocak	bootstrap	1749.0
	0.5940885334198387	Kocak	bootstrap	1750.0
	0.41801330166524764	Kocak	bootstrap	1751.0
	0.6016402438925619	Kocak	bootstrap	1752.0
	0.5518909630458624	Kocak	bootstrap	1753.0
	0.4720503547383452	Kocak	bootstrap	1754.0
	0.4161933539105771	Kocak	bootstrap	1755.0
	0.5385949728202761	Kocak	bootstrap	1756.0
	0.42952789563070937	Kocak	bootstrap	1757.0
	0.46281629435048544	Kocak	bootstrap	1758.0
	0.5412503423623898	Kocak	bootstrap	1759.0
	0.46564248647690754	Kocak	bootstrap	1760.0
	0.638782637662604	Kocak	bootstrap	1761.0
	0.5477915945663656	Kocak	bootstrap	1762.0
	0.4719786200710656	Kocak	bootstrap	1763.0
	0.4580959481738973	Kocak	bootstrap	1764.0
	0.4973539285671573	Kocak	bootstrap	1765.0
	0.6020169163375906	Kocak	bootstrap	1766.0
	0.458606057158351	Kocak	bootstrap	1767.0
	0.3636454739227646	Kocak	bootstrap	1768.0
	0.3445574194994667	Kocak	bootstrap	1769.0
	0.5448934680093607	Kocak	bootstrap	1770.0
	0.41128314965111157	Kocak	bootstrap	1771.0
	0.4354467621623641	Kocak	bootstrap	1772.0
	0.4349275234303698	Kocak	bootstrap	1773.0
	0.45290792587714046	Kocak	bootstrap	1774.0
	0.650213421486018	Kocak	bootstrap	1775.0
	0.4068641344585604	Kocak	bootstrap	1776.0
	0.5002658428030862	Kocak	bootstrap	1777.0
	0.444178999284631	Kocak	bootstrap	1778.0
	0.6699872657310149	Kocak	bootstrap	1779.0
	0.3814675404182397	Kocak	bootstrap	1780.0
	0.5593898376808095	Kocak	bootstrap	1781.0
	0.5336544064087319	Kocak	bootstrap	1782.0
	0.3215915321531502	Kocak	bootstrap	1783.0
	0.48981300618663326	Kocak	bootstrap	1784.0
	0.6701405943792866	Kocak	bootstrap	1785.0
	0.5210678031621501	Kocak	bootstrap	1786.0
	0.4320843547468809	Kocak	bootstrap	1787.0
	0.5607195116956452	Kocak	bootstrap	1788.0
	0.3678642215528818	Kocak	bootstrap	1789.0
	0.5138960186898527	Kocak	bootstrap	1790.0
	0.40576319234825764	Kocak	bootstrap	1791.0
	0.4799190736904233	Kocak	bootstrap	1792.0
	0.5233847167722123	Kocak	bootstrap	1793.0
	0.5609299460856336	Kocak	bootstrap	1794.0
	0.3459111890970896	Kocak	bootstrap	1795.0
	0.6032727027055507	Kocak	bootstrap	1796.0
	0.5562704578255988	Kocak	bootstrap	1797.0
	0.5482749131666664	Kocak	bootstrap	1798.0
	0.3713196399583385	Kocak	bootstrap	1799.0
	0.6840815541433121	Kocak	bootstrap	1800.0
	0.49759883916741376	Kocak	bootstrap	1801.0
	0.578916718667077	Kocak	bootstrap	1802.0
	0.3161968513113811	Kocak	bootstrap	1803.0
	0.562749952249324	Kocak	bootstrap	1804.0
	0.357380992560715	Kocak	bootstrap	1805.0
	0.39673179551434234	Kocak	bootstrap	1806.0
	0.4859854271594055	Kocak	bootstrap	1807.0
	0.31209484807379484	Kocak	bootstrap	1808.0
	0.5565561805979646	Kocak	bootstrap	1809.0
	0.4624096025557969	Kocak	bootstrap	1810.0
	0.3566276783420834	Kocak	bootstrap	1811.0
	0.4861153842118511	Kocak	bootstrap	1812.0
	0.535879713131036	Kocak	bootstrap	1813.0
	0.643059898791817	Kocak	bootstrap	1814.0
	0.5197299519411	Kocak	bootstrap	1815.0
	0.3628105240740829	Kocak	bootstrap	1816.0
	0.6093024359201773	Kocak	bootstrap	1817.0
	0.5641834239369086	Kocak	bootstrap	1818.0
	0.3103016234383875	Kocak	bootstrap	1819.0
	0.5639837495684472	Kocak	bootstrap	1820.0
	0.3830908662931063	Kocak	bootstrap	1821.0
	0.5012583713085732	Kocak	bootstrap	1822.0
	0.36345721898983907	Kocak	bootstrap	1823.0
	0.4104737728731731	Kocak	bootstrap	1824.0
	0.551678206906101	Kocak	bootstrap	1825.0
	0.5267711312884074	Kocak	bootstrap	1826.0
	0.4971084109975541	Kocak	bootstrap	1827.0
	0.3107863734495284	Kocak	bootstrap	1828.0
	0.4931608499835751	Kocak	bootstrap	1829.0
	0.3494338405275781	Kocak	bootstrap	1830.0
	0.580192568124061	Kocak	bootstrap	1831.0
	0.6833347484524928	Kocak	bootstrap	1832.0
	0.4060401555316959	Kocak	bootstrap	1833.0
	0.4230199938447812	Kocak	bootstrap	1834.0
	0.3519787567237316	Kocak	bootstrap	1835.0
	0.5221795953401549	Kocak	bootstrap	1836.0
	0.7018171266312363	Kocak	bootstrap	1837.0
	0.5103173198359414	Kocak	bootstrap	1838.0
	0.6183200881056159	Kocak	bootstrap	1839.0
	0.48330242660661016	Kocak	bootstrap	1840.0
	0.42543578262507875	Kocak	bootstrap	1841.0
	0.4560876053831171	Kocak	bootstrap	1842.0
	0.602528797328123	Kocak	bootstrap	1843.0
	0.5092559743160998	Kocak	bootstrap	1844.0
	0.5290661835432773	Kocak	bootstrap	1845.0
	0.461571613277433	Kocak	bootstrap	1846.0
	0.46604935020152727	Kocak	bootstrap	1847.0
	0.5368777593613818	Kocak	bootstrap	1848.0
	0.42075655940882406	Kocak	bootstrap	1849.0
	0.5992025423290315	Kocak	bootstrap	1850.0
	0.47912674267007294	Kocak	bootstrap	1851.0
	0.5232416075030328	Kocak	bootstrap	1852.0
	0.41532035312679083	Kocak	bootstrap	1853.0
	0.6366142866271809	Kocak	bootstrap	1854.0
	0.45619744233808834	Kocak	bootstrap	1855.0
	0.2128729298741887	Kocak	bootstrap	1856.0
	0.3681154390749848	Kocak	bootstrap	1857.0
	0.5148687982237585	Kocak	bootstrap	1858.0
	0.3687325802833499	Kocak	bootstrap	1859.0
	0.49708156422429495	Kocak	bootstrap	1860.0
	0.27584627325108046	Kocak	bootstrap	1861.0
	0.5139128351591871	Kocak	bootstrap	1862.0
	0.47066880235497566	Kocak	bootstrap	1863.0
	0.6063197613157221	Kocak	bootstrap	1864.0
	0.346870256393887	Kocak	bootstrap	1865.0
	0.4224131095849435	Kocak	bootstrap	1866.0
	0.6005055228647675	Kocak	bootstrap	1867.0
	0.2762831848567031	Kocak	bootstrap	1868.0
	0.4021994896416321	Kocak	bootstrap	1869.0
	0.381895325141524	Kocak	bootstrap	1870.0
	0.4489244514828732	Kocak	bootstrap	1871.0
	0.524000525197557	Kocak	bootstrap	1872.0
	0.38139814072351497	Kocak	bootstrap	1873.0
	0.30081521636422437	Kocak	bootstrap	1874.0
	0.4648750451963277	Kocak	bootstrap	1875.0
	0.5831783781234816	Kocak	bootstrap	1876.0
	0.5068432602702457	Kocak	bootstrap	1877.0
	0.565037967265396	Kocak	bootstrap	1878.0
	0.38703435337248404	Kocak	bootstrap	1879.0
	0.5449433364789127	Kocak	bootstrap	1880.0
	0.6423555341417013	Kocak	bootstrap	1881.0
	0.5823802309443789	Kocak	bootstrap	1882.0
	0.4855028788063409	Kocak	bootstrap	1883.0
	0.42653355559682105	Kocak	bootstrap	1884.0
	0.4662015257910639	Kocak	bootstrap	1885.0
	0.5904232325876473	Kocak	bootstrap	1886.0
	0.4963823792838009	Kocak	bootstrap	1887.0
	0.6590358374502729	Kocak	bootstrap	1888.0
	0.4173900641120194	Kocak	bootstrap	1889.0
	0.5003689314636004	Kocak	bootstrap	1890.0
	0.6023720270947583	Kocak	bootstrap	1891.0
	0.5212810982034144	Kocak	bootstrap	1892.0
	0.41000543867110606	Kocak	bootstrap	1893.0
	0.66759206609541	Kocak	bootstrap	1894.0
	0.5909811097203246	Kocak	bootstrap	1895.0
	0.46074636951570547	Kocak	bootstrap	1896.0
	0.38898070653611994	Kocak	bootstrap	1897.0
	0.5187284837526169	Kocak	bootstrap	1898.0
	0.5200679867121725	Kocak	bootstrap	1899.0
	0.5036691529633548	Kocak	bootstrap	1900.0
	0.4897733380179905	Kocak	bootstrap	1901.0
	0.5896821110249593	Kocak	bootstrap	1902.0
	0.43654774087934545	Kocak	bootstrap	1903.0
	0.5203918860526602	Kocak	bootstrap	1904.0
	0.3608610107036032	Kocak	bootstrap	1905.0
	0.549574517944762	Kocak	bootstrap	1906.0
	0.48233905921932774	Kocak	bootstrap	1907.0
	0.48237154006510696	Kocak	bootstrap	1908.0
	0.4986659130230775	Kocak	bootstrap	1909.0
	0.3937561046734346	Kocak	bootstrap	1910.0
	0.5378616641603244	Kocak	bootstrap	1911.0
	0.42740084480856	Kocak	bootstrap	1912.0
	0.6527319811260686	Kocak	bootstrap	1913.0
	0.3646564211284198	Kocak	bootstrap	1914.0
	0.44918573798451655	Kocak	bootstrap	1915.0
	0.4586363439956487	Kocak	bootstrap	1916.0
	0.45095460601040926	Kocak	bootstrap	1917.0
	0.41609747641396444	Kocak	bootstrap	1918.0
	0.5507077248979031	Kocak	bootstrap	1919.0
	0.4255252479718572	Kocak	bootstrap	1920.0
	0.4987266107575308	Kocak	bootstrap	1921.0
	0.4771598254370151	Kocak	bootstrap	1922.0
	0.3542543118701307	Kocak	bootstrap	1923.0
	0.4387835637393551	Kocak	bootstrap	1924.0
	0.5191172750755291	Kocak	bootstrap	1925.0
	0.6703101146601713	Kocak	bootstrap	1926.0
	0.4977044000700057	Kocak	bootstrap	1927.0
	0.6092736575765323	Kocak	bootstrap	1928.0
	0.49562795374983226	Kocak	bootstrap	1929.0
	0.429480754629755	Kocak	bootstrap	1930.0
	0.5307919415523985	Kocak	bootstrap	1931.0
	0.5772822903360963	Kocak	bootstrap	1932.0
	0.4504294252483514	Kocak	bootstrap	1933.0
	0.5800142847559489	Kocak	bootstrap	1934.0
	0.6725514343802872	Kocak	bootstrap	1935.0
	0.36669737321092866	Kocak	bootstrap	1936.0
	0.5553717714326369	Kocak	bootstrap	1937.0
	0.6084689456498911	Kocak	bootstrap	1938.0
	0.6402051796100832	Kocak	bootstrap	1939.0
	0.31993088955413285	Kocak	bootstrap	1940.0
	0.37188389824709933	Kocak	bootstrap	1941.0
	0.5610975578420785	Kocak	bootstrap	1942.0
	0.49372978958374514	Kocak	bootstrap	1943.0
	0.5090859945409125	Kocak	bootstrap	1944.0
	0.5136343894786841	Kocak	bootstrap	1945.0
	0.47859194759225243	Kocak	bootstrap	1946.0
	0.4992517254290605	Kocak	bootstrap	1947.0
	0.5000137321715217	Kocak	bootstrap	1948.0
	0.5199687670868309	Kocak	bootstrap	1949.0
	0.6072698872358298	Kocak	bootstrap	1950.0
	0.569035989364151	Kocak	bootstrap	1951.0
	0.48079835937199045	Kocak	bootstrap	1952.0
	0.5915513807049755	Kocak	bootstrap	1953.0
	0.5551201547755102	Kocak	bootstrap	1954.0
	0.4183491837964479	Kocak	bootstrap	1955.0
	0.45786486811734095	Kocak	bootstrap	1956.0
	0.4892469769559482	Kocak	bootstrap	1957.0
	0.41483968751294364	Kocak	bootstrap	1958.0
	0.4299108862541243	Kocak	bootstrap	1959.0
	0.4414972730336979	Kocak	bootstrap	1960.0
	0.507844626870686	Kocak	bootstrap	1961.0
	0.47809204702416963	Kocak	bootstrap	1962.0
	0.49846065067149903	Kocak	bootstrap	1963.0
	0.415529989031727	Kocak	bootstrap	1964.0
	0.45965367995141637	Kocak	bootstrap	1965.0
	0.41547740889112195	Kocak	bootstrap	1966.0
	0.45691441589897996	Kocak	bootstrap	1967.0
	0.46266923908306756	Kocak	bootstrap	1968.0
	0.31329600461828244	Kocak	bootstrap	1969.0
	0.49919311264704946	Kocak	bootstrap	1970.0
	0.39350716359611804	Kocak	bootstrap	1971.0
	0.30610851703400854	Kocak	bootstrap	1972.0
	0.6216895769362498	Kocak	bootstrap	1973.0
	0.5768644793550415	Kocak	bootstrap	1974.0
	0.6614504219092692	Kocak	bootstrap	1975.0
	0.48467450561584124	Kocak	bootstrap	1976.0
	0.4094063632533804	Kocak	bootstrap	1977.0
	0.4872884260381589	Kocak	bootstrap	1978.0
	0.38315349854928726	Kocak	bootstrap	1979.0
	0.7825323611045429	Kocak	bootstrap	1980.0
	0.4219128603349849	Kocak	bootstrap	1981.0
	0.5277447953933398	Kocak	bootstrap	1982.0
	0.39152787151357415	Kocak	bootstrap	1983.0
	0.5203589932741495	Kocak	bootstrap	1984.0
	0.46381818980548495	Kocak	bootstrap	1985.0
	0.6880761592884519	Kocak	bootstrap	1986.0
	0.5367066107037077	Kocak	bootstrap	1987.0
	0.5831863309472323	Kocak	bootstrap	1988.0
	0.5250552460553175	Kocak	bootstrap	1989.0
	0.6400630798483764	Kocak	bootstrap	1990.0
	0.5098121393840844	Kocak	bootstrap	1991.0
	0.5666305524596527	Kocak	bootstrap	1992.0
	0.5569806924247471	Kocak	bootstrap	1993.0
	0.3691796034356023	Kocak	bootstrap	1994.0
	0.5035255697007912	Kocak	bootstrap	1995.0
	0.46969134341867047	Kocak	bootstrap	1996.0
	0.40829431650637726	Kocak	bootstrap	1997.0
	0.4045944823921195	Kocak	bootstrap	1998.0
	0.6142178831282132	Kocak	bootstrap	1999.0
	0.454066722585841	Kocak	bootstrap	2000.0
